{
    "phase_name": "ZnO",
    "total_entries": 8,
    "phase_parameters": {
        "ESU": {
            "min": 0.02633,
            "max": 0.15611,
            "avg": 0.12108550884130274,
            "std": 0.032678595409131025,
            "range": [
                0.0720676157276062,
                0.15611
            ]
        },
        "SF": {
            "min": 0.002446709,
            "max": 0.122042554,
            "avg": 0.0701451583336808,
            "std": 0.04159258068373029,
            "range": [
                0.007756287308085363,
                0.122042554
            ]
        },
        "A": {
            "min": 3.24957,
            "max": 3.25025,
            "avg": 3.2500125042600576,
            "std": 0.00010379369146851647,
            "range": [
                3.2498568137228547,
                3.2501681947972605
            ]
        },
        "B": {
            "min": 3.24957,
            "max": 3.25025,
            "avg": 3.2500125042600576,
            "std": 0.00010379369146851647,
            "range": [
                3.2498568137228547,
                3.2501681947972605
            ]
        },
        "C": {
            "min": 5.20636,
            "max": 5.2082,
            "avg": 5.207088627049732,
            "std": 0.00021839522093969018,
            "range": [
                5.206761034218323,
                5.207416219881141
            ]
        },
        "Alpha": {
            "min": 90.0,
            "max": 90.0,
            "avg": 90.0,
            "std": 0.0,
            "range": [
                90.0,
                90.0
            ]
        },
        "Beta": {
            "min": 90.0,
            "max": 90.0,
            "avg": 90.0,
            "std": 0.0,
            "range": [
                90.0,
                90.0
            ]
        },
        "Gamma": {
            "min": 120.0,
            "max": 120.0,
            "avg": 120.0,
            "std": 0.0,
            "range": [
                120.0,
                120.0
            ]
        },
        "NA": {
            "min": 122.4089,
            "max": 184.8596,
            "avg": 150.1633916706735,
            "std": 6.307687038025002,
            "range": [
                140.701861113636,
                159.62492222771098
            ]
        },
        "NB": {
            "min": 0.0,
            "max": 0.0,
            "avg": 0.0,
            "std": 0.0,
            "range": [
                0.0,
                0.0
            ]
        },
        "NC": {
            "min": 1001.0,
            "max": 1001.0,
            "avg": 1001.0,
            "std": 0.0,
            "range": [
                1001.0,
                1001.0
            ]
        },
        "P1": {
            "min": 17.0,
            "max": 17.0,
            "avg": 17.0,
            "std": 0.0,
            "range": [
                17.0,
                17.0
            ]
        },
        "P2": {
            "min": 0.0,
            "max": 0.0,
            "avg": 0.0,
            "std": 0.0,
            "range": [
                0.0,
                0.0
            ]
        },
        "P3": {
            "min": 0.0,
            "max": 0.0,
            "avg": 0.0,
            "std": 0.0,
            "range": [
                0.0,
                0.0
            ]
        },
        "U": {
            "min": 0.0,
            "max": 0.0,
            "avg": 0.0,
            "std": 0.0,
            "range": [
                0.0,
                0.0
            ]
        },
        "V": {
            "min": 0.0,
            "max": 0.0,
            "avg": 0.0,
            "std": 0.0,
            "range": [
                0.0,
                0.0
            ]
        },
        "W": {
            "min": 0.001,
            "max": 0.0134,
            "avg": 0.002081050724498313,
            "std": 0.0016356828467742894,
            "range": [
                0.001,
                0.004534574994659747
            ]
        },
        "Z": {
            "min": 0.0,
            "max": 0.0,
            "avg": 0.0,
            "std": 0.0,
            "range": [
                0.0,
                0.0
            ]
        },
        "hh": {
            "min": 1.0,
            "max": 1.0,
            "avg": 1.0,
            "std": 0.0,
            "range": [
                1.0,
                1.0
            ]
        },
        "kk": {
            "min": 1.0,
            "max": 1.0,
            "avg": 1.0,
            "std": 0.0,
            "range": [
                1.0,
                1.0
            ]
        },
        "ll": {
            "min": 1.0,
            "max": 1.0,
            "avg": 1.0,
            "std": 0.0,
            "range": [
                1.0,
                1.0
            ]
        },
        "hk": {
            "min": 0.0,
            "max": 0.0,
            "avg": 0.0,
            "std": 0.0,
            "range": [
                0.0,
                0.0
            ]
        },
        "hl": {
            "min": 0.0,
            "max": 0.0,
            "avg": 0.0,
            "std": 0.0,
            "range": [
                0.0,
                0.0
            ]
        },
        "kl": {
            "min": 0.0,
            "max": 0.0,
            "avg": 0.0,
            "std": 0.0,
            "range": [
                0.0,
                0.0
            ]
        },
        "s1": {
            "min": 0.0,
            "max": 0.0,
            "avg": 0.0,
            "std": 0.0,
            "range": [
                0.0,
                0.0
            ]
        },
        "s2": {
            "min": 0.0,
            "max": 0.0,
            "avg": 0.0,
            "std": 0.0,
            "range": [
                0.0,
                0.0
            ]
        },
        "s3": {
            "min": 0.0,
            "max": 0.0,
            "avg": 0.0,
            "std": 0.0,
            "range": [
                0.0,
                0.0
            ]
        },
        "s4": {
            "min": 0.0,
            "max": 0.0,
            "avg": 0.0,
            "std": 0.0,
            "range": [
                0.0,
                0.0
            ]
        },
        "s5": {
            "min": 0.0,
            "max": 0.0,
            "avg": 0.0,
            "std": 0.0,
            "range": [
                0.0,
                0.0
            ]
        },
        "s6": {
            "min": 0.0,
            "max": 0.0,
            "avg": 0.0,
            "std": 0.0,
            "range": [
                0.0,
                0.0
            ]
        }
    },
    "atom_parameters": {
        "Zn (Zn)": {
            "X": {
                "min": 0.33333,
                "max": 0.33333,
                "avg": 0.33333,
                "std": 0.0,
                "range": [
                    0.33333,
                    0.33333
                ]
            },
            "Y": {
                "min": 0.66667,
                "max": 0.66667,
                "avg": 0.66667,
                "std": 0.0,
                "range": [
                    0.66667,
                    0.66667
                ]
            },
            "Z": {
                "min": 0.5,
                "max": 0.5,
                "avg": 0.5,
                "std": 0.0,
                "range": [
                    0.5,
                    0.5
                ]
            },
            "B": {
                "min": 1.0,
                "max": 1.0,
                "avg": 1.0,
                "std": 0.0,