Time;Epoch;Train Loss;Test Loss;Exp_Diff;Train_1;Train_2;Train_3;Train_4;Train_5;Train_6;Train_7;Train_8;Train_9;Train_10;Train_11;Train_12;Test_1;Test_2;Test_3;Test_4;Test_5;Test_6;Test_7;Test_8;Test_9;Test_10;Test_11;Test_12;Exp_1;Exp_2;Exp_3;Exp_4;Exp_5;Exp_6;Exp_7;Exp_8;Exp_9;Exp_10;Exp_11;Exp_12
00:02:45;1;0.0037509384052431083;0.003788454537692515;0.004152126777023067;0.0023137816808064763;0.004666659823917805;0.009711808335189497;0.0034272412885911763;0.0038934055565650024;0.0025066561649344458;0.0038034182527388275;0.00257550896425197;0.004131596348253714;0.0027863953749725956;0.002693315619663653;0.002501472215292531;0.0022542256791191766;0.004656081229354007;0.009691302122288867;0.003512793286892149;0.004001196273425712;0.0025842438726037553;0.004247006538760247;0.002552770932876988;0.004102658987328221;0.002688558119396337;0.0026798135574459085;0.0024908026326683503;0.0007881369024136166;0.00025654020928984693;0.011687932282730558;0.02478547663717088;0.0011459638455817492;0.0062956043605382865;0.0005520281749388348;0.0006784660546573204;0.0005530396751981042;0.0005444376213223945;0.001928845620231124;0.0006090499402040929
00:05:32;2;0.0009814597862549074;0.0009867635126744362;0.0005008616055543324;0.00048029378029406706;0.0008875969156179053;0.0033081462018096567;0.0005778522394476485;0.0013160899558732292;0.000334251682778069;0.0009857016301049787;0.00047554489819131874;0.0014520751737191777;0.0005913245749979978;0.0008426487141315937;0.0005259912988383968;0.0004912315878156526;0.000886437036259147;0.003370476406232654;0.0005924236740404151;0.0013320712244456422;0.00032666459888856434;0.0010129467649031667;0.0004772275709841825;0.0014529545980069456;0.0005462925853148763;0.0008106220449480122;0.000541813665694451;0.00018983599025048522;8.514710309183592e-05;0.0018394854040841033;0.0006865005179789185;0.0005164893698774148;0.001213345371760141;0.0005613755058796045;0.00020971190385482916;2.392276422122969e-05;0.000221562609362873;0.00019891700763151077;0.0002640457186590428
00:08:18;3;0.00040175547552611204;0.00040265485420351544;0.0005674185314223874;0.0003094971376123629;0.0004229779023138359;0.000392983205735866;0.0005474937904430342;0.0002185290241889313;0.0003639526476862639;0.00032181017914726084;0.0004467114849417571;0.000331362967864896;0.0005985544346665185;0.00031937693467460286;0.0005478158904307664;0.0003286512129088345;0.00044177860224949597;0.00038389992495686337;0.0005388754792806185;0.0002181899788733454;0.00036226552314290043;0.0003328362006039795;0.00045313436097371143;0.00032564494268868497;0.00057688911513225;0.00031141760056142847;0.0005582752390735181;0.0001435288101631932;7.170338732360373e-05;0.0031379951557357244;0.0012696696647519793;0.00011047716028934285;0.001278160302990712;0.0001963575508130698;0.00016500704803027233;0.0001712136440611779;0.00010276276959087275;0.00012128139817981747;4.0865485138882215e-05
00:11:05;4;0.0002243613216705853;0.00022724260007992057;0.00013154755217847526;0.00015653212548469045;0.00030172031000058104;0.00025593550377710596;0.00026516963360088334;0.000222023116014663;0.00013929529196006612;0.0004132608465542117;0.00020957971229439533;0.00015353345192827626;0.00012765249178673085;0.0002738679071088964;0.0001737654121246702;0.00016254034562734887;0.0003130740863330002;0.00025005404276720285;0.0002644879365291246;0.00022077559761679436;0.00013967646345572807;0.00043108333451113414;0.00021663249880694372;0.00015534993835439009;0.00012959951009524725;0.0002724350199082725;0.0001712023347610301;6.463933989159981e-05;4.551635133432694e-05;0.00019526413802905846;0.0004593000716111455;3.9199104362617264e-05;0.00025244910227719265;9.50868419397018e-05;4.2387468828681524e-05;9.35828571915172e-05;3.7980790558151066e-05;0.0002053995280291899;4.776503208852072e-05
00:13:51;5;0.00017874279852879806;0.0001798785043676985;0.00041423678925431653;0.00013794243133443987;0.00017892165338005063;0.0001515586106031399;0.00024211629970109655;0.0002202369844326313;0.00031213395401540436;8.345995807055509e-05;0.00018668066703949907;0.00015215818828809543;0.00015365164577732767;0.00015651901216270662;0.00016953411731761165;0.00013820517465952618;0.0001817034437546589;0.00014844474944881387;0.00024358914314792787;0.00023132076455999306;0.0003168188157797897;8.654613504657828e-05;0.00018225356426585136;0.00015497439468347267;0.00014732685382183217;0.0001573392280850477;0.00017001973763491394;4.749952943064821e-05;4.428333617981306e-05;0.00189301648974686;0.001260179377119323;5.5713149153905915e-05;0.001292208049929642;4.739228763065088e-05;9.440441303199592e-05;3.324202967434647e-05;4.506704498721074e-05;9.311933411577198e-05;6.471643005163103e-05
00:16:37;6;0.00018315756853388103;0.0001863445412467788;0.00010289185433446845;0.0002873473041518082;0.00017357254834719655;0.00017727094848396519;0.00011115802559205886;0.0001706817443246936;0.0002847471480849477;0.0002449347517251061;0.0002327479868943721;9.901619310684592e-05;8.050633974479834e-05;0.00013177758748125515;0.0002041301844635448;0.00029193225027138625;0.00017972157798748747;0.0001842885742721419;0.00011243725711659564;0.0001798636067984331;0.00028698961747827925;0.00025422809957939237;0.00023228903813140255;0.00010141843049035443;7.974217520382763e-05;0.00012896530493383614;0.00020425850591810916;1.5577556788437777e-05;5.001969484169293e-05;0.0002565133011236744;8.242565874130068e-05;0.0001033942224005768;0.0004694004990568888;5.930877742252825e-05;2.2772764901123246e-05;4.4964933947845945e-05;4.323975847125138e-05;6.148807505491628e-05;2.5597009263385044e-05
00:19:22;7;0.00011774916291332457;0.00012043604713457907;0.00027723381292464036;0.00012216094626699652;0.00011357246281497943;0.00011780819317085512;8.903721091387111e-05;0.0002041895219235812;0.00017348911294654747;8.72216701488717e-05;0.00014020346115599253;9.404150142700018e-05;9.162666379903716e-05;0.00010967997039560115;6.995920305350658e-05;0.00012754793116775682;0.00011833786509991506;0.00012057168710213508;9.204457667612035e-05;0.0002113399126226542;0.00017543989355245582;9.13550155226265e-05;0.00014112536588026494;9.705291099808048e-05;9.001343379525138e-05;0.00010879732116900644;7.160661827376455e-05;2.793149777502466e-05;3.31828680135138e-05;0.001685180635487888;0.0001678736870982303;0.00021031947431093663;0.0008954078330674082;7.963721535263122e-05;7.447575016087356e-05;3.549779544529163e-05;2.8657778533289523e-05;5.112565607235665e-05;3.751556377823904e-05
00:22:08;8;0.00011143807319058396;0.00011241439909709595;9.83227038639862e-05;7.732887041294651e-05;0.00013921890729307052;0.00011598769255918093;0.0001303794451297852;0.0002108711997524634;7.472632879832666e-05;9.544723490183638e-05;0.00015085208382391681;9.069744238972403e-05;6.098236806647864e-05;8.584437751902773e-05;0.00010492089546170808;7.721339730041903e-05;0.0001451147661641641;0.00011160396552210691;0.00012701952819273323;0.00021871635498761942;7.825066067301963e-05;9.731533365210672e-05;0.00015107803041177295;9.210970193071032e-05;5.7757285215797584e-05;8.652315863159108e-05;0.00010627058320465097;7.622488443421561e-05;4.5841651220556684e-05;6.608522079126274e-05;0.000500757153105186;0.00014459567335617024;9.736169247910748e-05;3.282652071676175e-05;2.262175518725145e-05;7.350217990354549e-05;2.398287568630817e-05;4.548302435895083e-05;5.0589815128518014e-05
00:24:54;9;9.22084580514076e-05;9.262084955779859e-05;0.00020737466655332653;0.00010932689099780129;0.00010479925727095592;0.00010871109996783575;8.492521777208657e-05;6.956807480016572e-05;7.339370569587283e-05;7.31674550241802e-05;8.4577318670075e-05;8.765940008391804e-05;0.00016129179605493184;8.59960408299478e-05;6.308521107650284e-05;0.00010891638567621077;0.00010377905387549271;0.00011065096697177668;8.552782443835389e-05;7.154148652607316e-05;7.555766997835304e-05;7.67653604086689e-05;8.18045637636634e-05;8.981013875027318e-05;0.00015827348784402107;8.752079759952849e-05;6.130242701734068e-05;1.7155809161573646e-05;2.5229428747596927e-05;0.0009517779638313999;0.0011582712635801414;6.40192453897738e-05;5.079182067110646e-05;4.493908402195367e-05;4.302757744286148e-05;1.053815225539978e-05;5.8922811767926814e-05;2.9957242518476616e-05;3.3865599251708634e-05
00:27:40;10;8.78347347721005e-05;8.822410441846646e-05;0.0001859157686586785;6.47050378109849e-05;0.00011424207318875482;0.00012477580989670142;0.0001748954625523683;6.993452587845572e-05;6.698819660496983e-05;4.2135558521233015e-05;7.072328960269012e-05;6.572868292923059e-05;6.603692062609215e-05;0.00014457788827051198;4.9273339956554e-05;6.571978782274159e-05;0.00011418983710508298;0.0001222522935021044;0.00017829948940087416;7.083322022101382e-05;6.848759157141034e-05;4.3150379750369224e-05;7.090029087325829e-05;6.735890924516488e-05;6.577518475359847e-05;0.0001435895357207289;4.813269098824232e-05;1.3383462226442711e-05;3.0397772907345233e-05;0.0007394891219060812;0.0011437721376425433;5.356723896879658e-05;3.607780249001427e-05;1.4887724046823855e-05;5.903409637598438e-05;2.441965925119569e-05;2.0355603640645608e-05;7.028082391566751e-05;2.5323780532601932e-05
00:30:25;11;7.239867364784335e-05;7.322579445435276e-05;8.30898008893529e-05;5.82240256118315e-05;8.218292813146697e-05;0.0001172733796114368;7.738664939696801e-05;6.896802367154206e-05;5.003037970461512e-05;4.540558444432463e-05;6.855157194381304e-05;4.944786069090283e-05;4.743665484015351e-05;0.00014202567805651515;6.18513196699992e-05;5.9790959370085275e-05;8.340355846404594e-05;0.00011750973388626346;7.626208928200015e-05;7.179503789970274e-05;5.198247738836828e-05;4.623638530194765e-05;6.804490144934823e-05;5.074942600913346e-05;4.812582805634865e-05;0.0001445015100504366;6.0307606285669297e-05;2.7068257438717465e-05;2.645098487354837e-05;0.0003472443325865415;0.0002475561754117386;0.00011283041821098525;7.226706488346856e-05;3.133207733370255e-05;3.626510271405689e-05;2.4800322876336307e-05;2.4350283264229075e-05;3.052797293242316e-05;1.63846181464876e-05
00:33:11;12;7.144742888117021e-05;7.222398456673821e-05;0.00028557569519364597;5.481870004008339e-05;6.864566533563861e-05;5.735613163696226e-05;0.00019088165798951775;4.133107702066561e-05;4.729008704823007e-05;4.141328616924511e-05;7.5726083051367e-05;6.057010739885465e-05;6.86373053895295e-05;4.5676141240846846e-05;0.0001050228750562548;5.580358491080247e-05;7.287582098521127e-05;5.90944579891607e-05;0.00019312225758537203;4.2617389974825356e-05;4.907058121981335e-05;3.9363927406824746e-05;7.464326142637012e-05;6.256939239484623e-05;6.76287214170045e-05;4.5997775360555803e-05;0.0001039006154867452;1.3773286865739195e-05;3.517599715561462e-05;0.001137230124269723;0.00198835932828246;5.68738996654495e-05;5.0559059641034775e-05;2.4597974325266286e-05;3.054217820147852e-05;3.20154122679149e-05;2.1048982079117328e-05;2.044168344916388e-05;1.6290416120789903e-05
00:35:57;13;7.603285582097834e-05;7.671557015575811e-05;6.0803649311343164e-05;6.757746163802122e-05;9.935366103325742e-05;8.825191099504082e-05;6.594921348385634e-05;6.320512837667344e-05;6.680071269019291e-05;2.956954185151517e-05;7.671674738028081e-05;4.5999514136176664e-05;4.914918749353671e-05;0.00019762114291924345;6.220002085332122e-05;6.768298656804947e-05;0.00010224858174930162;8.714171431338284e-05;6.651605867715906e-05;6.496798149656351e-05;6.849673266089345e-05;3.1644939542585934e-05;7.722205776224632e-05;4.766756593440571e-05;4.7030319353636304e-05;0.00019728818457408608;6.26796936327842e-05;1.073384762326475e-05;3.338401105156211e-05;4.8098137712030153e-05;0.0003549408732789823;0.000101521238995533;3.81481511255967e-05;1.9172030598062575e-05;3.976785956559372e-05;2.982747996477794e-05;1.546653070471319e-05;1.5303525056620112e-05;2.3280106059381503e-05
00:38:43;14;5.718237263801546e-05;5.789755702113049e-05;0.00011536471439458377;8.204104780030651e-05;5.9744510436261905e-05;5.4906659882321534e-05;9.453324704819269e-05;4.6812327236073706e-05;3.642673134798067e-05;3.670876208161644e-05;5.437978877993869e-05;6.45589677116153e-05;4.387810458762363e-05;5.410519242910926e-05;5.809311572203445e-05;8.1961809595254e-05;6.116686862800565e-05;5.517613036444564e-05;9.504275893257588e-05;4.8163439231170227e-05;3.848719922033628e-05;3.789816428597757e-05;5.60005987781436e-05;6.62979294282172e-05;4.415151661190446e-05;5.4084722769057636e-05;5.633953597807013e-05;9.623895620472726e-06;2.0326221668003646e-05;0.0001596267503395732;0.0009088613942186057;5.0978560568960403e-05;2.9435292914012905e-05;1.2483358766126135e-05;0.00010940486900965694;3.320356872426267e-05;1.4172098845644525e-05;1.9430688772564457e-05;1.6829873287121722e-05
00:41:28;15;4.9947831624566874e-05;5.0561663475848405e-05;4.117623369412515e-05;6.919347750185393e-05;6.450836056873496e-05;5.786432356816559e-05;6.289878407725072e-05;4.615517179796701e-05;3.303376437005764e-05;5.158207339274089e-05;5.6222709986286645e-05;3.767909351960373e-05;3.1732160452561814e-05;4.147835497809121e-05;4.702569004228446e-05;7.010830588022813e-05;6.667633439249158e-05;5.716224809993601e-05;6.457485828314366e-05;4.731774521432375e-05;3.387273159493321e-05;5.0624339104316176e-05;5.8218175409025735e-05;3.899807229515053e-05;3.121962993335026e-05;4.337770265528543e-05;4.458980385860269e-05;1.326300258311022e-05;4.5067569170022786e-05;6.12129509877649e-05;0.00011425168470702036;0.00010336622926258477;2.6047959209689955e-05;2.6174648909654506e-05;3.776105966531198e-05;1.5263131092744237e-05;1.6523324764970173e-05;1.2861387410841465e-05;2.232185656578658e-05
00:44:14;16;5.3860019239560977e-05;5.4710214833074686e-05;5.0062984271191504e-05;4.304098886171398e-05;5.326350687214058e-05;6.25499594739474e-05;9.775485941335401e-05;3.5883000694267054e-05;5.8899964748413616e-05;3.0783995521749766e-05;4.590153389213728e-05;7.330308917827014e-05;4.0610147093192694e-05;6.957124149535461e-05;3.47579278018822e-05;4.449797613889604e-05;5.4536950382141726e-05;6.306643811086948e-05;9.792656718776856e-05;3.796385851584793e-05;6.166999400527027e-05;3.164103396510988e-05;4.577961954055354e-05;7.551447215749399e-05;3.999225301885406e-05;6.937387596839403e-05;3.455952565109098e-05;1.0999867830537043e-05;1.910577774221723e-05;0.00016930181976506837;0.00018507621721374976;4.55366148421882e-05;5.7606287788311747e-05;9.856158056373667e-06;3.1682839782280925e-05;8.35401807132395e-06;1.4026856801459504e-05;2.40942647548285e-05;2.5115088605958917e-05
00:47:00;17;5.338180520456345e-05;5.484258269197072e-05;4.468803023704504e-05;5.284866822628167e-05;4.8506867699416034e-05;6.722329771946534e-05;4.642036457560359e-05;5.661229242935985e-05;8.072027275767886e-05;2.9532403578452264e-05;4.6962869584438686e-05;9.287763453419922e-05;3.838061608844741e-05;4.627057559373911e-05;3.42257856402739e-05;5.3217202099703274e-05;5.050711288161817e-05;6.79719137857503e-05;4.829353192575052e-05;5.858959752625691e-05;8.25259447520705e-05;3.2302541075284664e-05;4.968934921681132e-05;9.255464225779051e-05;3.9080362915263296e-05;4.935359105775781e-05;3.402518754389544e-05;9.264320684792662e-06;1.529921502765168e-05;0.00013065904766316076;0.00010765832555651918;3.5960209217835766e-05;0.0001423131647232232;9.251716439021192e-06;3.173951184758319e-05;1.0723081855299523e-05;1.2233900406589194e-05;1.1505057414804027e-05;1.9648812008060098e-05
00:49:46;18;5.1126019911862386e-05;5.189582193049284e-05;9.162574994287874e-05;4.444339824710203e-05;0.00015466772195147561;5.370557100677202e-05;4.601614721557532e-05;3.554528517342574e-05;2.8095949736759643e-05;3.299098199766542e-05;4.069157680222898e-05;4.089863948696472e-05;4.580205249350332e-05;4.350349345310695e-05;4.715140677676159e-05;4.491842022777942e-05;0.00015667122683732452;5.367573704703157e-05;4.751899421857552e-05;3.645616395916949e-05;2.936307066215992e-05;3.348638402494083e-05;4.225191473260911e-05;4.168308755018913e-05;4.726237846948088e-05;4.296718893611002e-05;4.649528687601744e-05;7.176684523205655e-06;6.093592335775931e-05;0.0004185749630769267;0.0004336572519944474;5.07593947070507e-05;2.3094726253821204e-05;9.126947958347956e-06;2.1566679876278055e-05;8.290722042462268e-06;1.463501542020399e-05;1.4777199425100836e-05;3.691349067894108e-05
00:52:32;19;3.709270563170073e-05;3.826034160830446e-05;0.00012284668150922814;4.348908341646827e-05;3.6698698463314116e-05;3.578937582915387e-05;3.8064467022732885e-05;3.389292250104022e-05;2.5991045917676686e-05;4.8021918065511606e-05;4.632577785783228e-05;3.1869899709652764e-05;4.149369329359781e-05;3.2201190567672135e-05;3.127438125716253e-05;4.4608918328834346e-05;3.8535824375996316e-05;3.620045243200987e-05;4.003855652235525e-05;3.540739909354509e-05;2.78310129298133e-05;5.028809513694082e-05;4.7851904876356285e-05;3.316926663904303e-05;3.976626483770677e-05;3.405683533464635e-05;3.136955774031857e-05;8.49276337561433e-06;1.9105490295458924e-05;0.0007471759615805392;0.0004694205983700997;9.331221826297475e-05;4.7961890320866636e-05;1.521193085302232e-05;2.5443264475408333e-05;9.112991728838923e-06;1.2148521163688539e-05;1.2612797745531108e-05;1.4161749938694314e-05
00:55:17;20;4.156742376050136e-05;4.2207382418232956e-05;7.752349455466096e-05;2.8808492882862165e-05;3.7540430642221423e-05;5.3024063204661203e-05;5.5491073342492115e-05;6.495835022364686e-05;5.989819598798104e-05;2.061061920890304e-05;5.057959629859645e-05;3.0243200476640844e-05;3.7314011391034995e-05;3.400104809905067e-05;2.6339991238315136e-05;2.9003048151520765e-05;3.929230787653529e-05;5.3741288612872255e-05;5.6399096253319185e-05;6.55355911533926e-05;6.0618909905131176e-05;2.040200489099783e-05;5.2135424096066555e-05;3.105420931010312e-05;3.712891364419285e-05;3.5167190790046716e-05;2.6010593685470346e-05;1.121724506482314e-05;1.7727985608861204e-05;0.0002758720129484581;0.0004041387979146613;3.265195634728249e-05;8.479580785610306e-05;7.431528270988299e-06;3.4591186025541706e-05;1.7842622152754238e-05;1.5598575538686535e-05;1.3143583076671985e-05;1.5270633851099908e-05
00:58:03;21;3.924605475317962e-05;3.9836118267436476e-05;0.0001263781776931416;2.930450257953122e-05;3.752263596755835e-05;3.6061381538584925e-05;0.00011664134423096006;3.3447833549809566e-05;2.1439299035560825e-05;2.1589686342208964e-05;5.2035134842753905e-05;3.9702102952787754e-05;2.1578530745035675e-05;3.2058439392750934e-05;2.9571752169100694e-05;2.9908301891011917e-05;3.897932912900903e-05;3.711924619904183e-05;0.00011628948073227053;3.440266993516449e-05;2.2576955888314244e-05;2.1753528892100183e-05;5.196957177367604e-05;4.1013354670604147e-05;2.1486900723060367e-05;3.2906805141534234e-05;2.9627259531871806e-05;1.3048491837793298e-05;1.6977113823177e-05;0.0004858852658781944;0.0008124696634904191;5.8519643744115224e-05;2.7831127912253558e-05;1.1173382132861258e-05;3.514169878305457e-05;6.837947740219324e-06;1.3739847458822625e-05;1.4682973055603121e-05;2.0230976461186185e-05
01:00:49;22;3.119534414446951e-05;3.242871516013571e-05;5.080087502791439e-05;2.6774357071314046e-05;3.3202821131536354e-05;3.061384347027094e-05;3.5166056020133595e-05;3.144193395728094e-05;2.3471154857578437e-05;3.0283843846684082e-05;5.2153793236894586e-05;2.586476113399592e-05;1.8668344953777126e-05;4.4860917455480376e-05;2.184229060601824e-05;2.723325078362375e-05;3.481233791636798e-05;3.1840451385183375e-05;3.73192215423082e-05;3.2185283768590526e-05;2.3637045252385925e-05;3.1522205281822906e-05;5.493503220672601e-05;2.817743147198034e-05;1.9041579348652968e-05;4.6430069704899636e-05;2.2010658925910896e-05;7.210269206185563e-06;1.6231140911221623e-05;0.00022788264708086304;0.00012403622743293753;0.00010040183118645825;2.117911067079644e-05;1.1554606824541403e-05;4.39738697065808e-05;1.504905033264418e-05;1.3373468738634679e-05;1.077767429577576e-05;1.794060394833331e-05
01:03:35;23;3.1045048979711446e-05;3.237668430370786e-05;6.850599366426439e-05;1.952478237140812e-05;3.207553126313459e-05;3.1836743703066034e-05;3.0248024082559574e-05;2.4678203278550757e-05;4.3860804760759656e-05;4.884140654646465e-05;4.360337823589527e-05;2.8351465222055015e-05;1.8915235199559984e-05;2.4925580753822693e-05;2.5679421321972935e-05;2.0038594190242016e-05;3.404246336121784e-05;3.208460583652906e-05;3.25025912273684e-05;2.6017824559777538e-05;4.5400532040799545e-05;5.1067499561777596e-05;4.643620973816908e-05;3.0125320082805943e-05;1.9145618180233745e-05;2.6563509476822034e-05;2.50954286296096e-05;9.016363054004472e-06;1.5762902029327974e-05;0.0003723011470162512;0.00017837627619228318;5.923165003791224e-05;6.747452135823023e-05;1.4477702522226277e-05;4.906140838541942e-05;1.3989863498908098e-05;1.1468886585256246e-05;1.1801409209689726e-05;1.9109794081663854e-05
01:06:20;24;2.7718975466293408e-05;2.856889703344919e-05;8.00871755851608e-05;3.0335748624049135e-05;2.9464189568980974e-05;3.256096011289794e-05;3.474489541459165e-05;2.6042458122271288e-05;1.9116691173725155e-05;3.6738744180359554e-05;3.429144789958048e-05;2.295955270752033e-05;1.6693765021810496e-05;2.2606850565280595e-05;2.707239579148212e-05;3.0943365506768886e-05;3.0589324293792234e-05;3.363241244820713e-05;3.58634281181804e-05;2.7281361786962512e-05;1.992929572201941e-05;3.721721194882706e-05;3.587100059409255e-05;2.4699833467153277e-05;1.694194972653257e-05;2.3459672256994735e-05;2.6397901866069253e-05;6.605524845575149e-06;1.9088239078648867e-05;0.000344391334779456;0.00039811605294000834;7.972170218081118e-05;2.318780437353952e-05;1.1055985856023683e-05;3.3730220716879944e-05;5.494944665174674e-06;1.1874504363200036e-05;1.3087099605675806e-05;1.4692693616936422e-05
01:09:06;25;2.9899324808659664e-05;3.0843362281625044e-05;5.130367605290753e-05;2.200268508674567e-05;3.138041958291896e-05;5.6030372702893644e-05;3.17357160885091e-05;3.4439399159551115e-05;1.973367311078081e-05;2.9413149856726374e-05;3.532922617017159e-05;2.4896518102547237e-05;1.5895089508045533e-05;2.2473456702052566e-05;3.546218059372305e-05;2.2341608937610166e-05;3.2727251454150376e-05;5.583175020028993e-05;3.300370401949651e-05;3.606562283574574e-05;2.007938777912582e-05;2.9884697717453847e-05;3.737409296942893e-05;2.657480646017644e-05;1.640371365744003e-05;2.389999297266985e-05;3.5933704911937486e-05;9.269531338367744e-06;1.5052336067739097e-05;0.00010324799778079093;0.0002835923799315151;8.266538412852353e-05;2.6310214303548063e-05;8.522861117796802e-06;2.2768158150043875e-05;1.172169254115824e-05;1.0215544253628676e-05;1.286930518016296e-05;2.9408707841615038e-05
01:11:52;26;2.8507156095904726e-05;2.9281690918259864e-05;9.79975817074295e-05;1.99980761808857e-05;3.317455710058229e-05;3.0217686029035658e-05;4.5985000804710744e-05;2.2634009498161007e-05;1.9069549482124288e-05;4.241560351271222e-05;3.3278017939024224e-05;2.1558175004346676e-05;2.5645994424197934e-05;2.2127885034447818e-05;2.5981309805315917e-05;2.0590908598369195e-05;3.4001121139802225e-05;3.060473504832126e-05;4.7108470713697624e-05;2.389967393574358e-05;1.983814421737982e-05;4.3366559388048216e-05;3.452494627110147e-05;2.2985423255923258e-05;2.5700167785958634e-05;2.3185538304483378e-05;2.5574594600803272e-05;9.814457113223793e-06;1.4819289862520457e-05;0.00042344017370879813;0.0005662068274218248;5.283475210220347e-05;2.3878933645355056e-05;8.274398949889706e-06;2.364709901630713e-05;9.969212890011903e-06;1.2499620245415573e-05;1.3070050096354162e-05;1.7516165437249762e-05
01:14:38;27;2.4722845627035316e-05;2.5783367992873905e-05;5.870153047042766e-05;1.7888925776012663e-05;2.6560143523242502e-05;2.727246121025928e-05;2.6550955758673147e-05;2.3162783589017717e-05;2.1873839177611774e-05;3.781428303671998e-05;2.5470498035867255e-05;2.3672858410670663e-05;1.6461585836034168e-05;2.9508323688208872e-05;2.0437481534362302e-05;1.851931063333435e-05;2.7696152502830033e-05;2.8558632407169435e-05;2.7645641861039898e-05;2.412037710074182e-05;2.3024087556533935e-05;3.855582474011787e-05;2.723962111476679e-05;2.5839646557961956e-05;1.6823941108139225e-05;3.1169931815706544e-05;2.0207240457331196e-05;1.0345133814362147e-05;1.3800797071308446e-05;0.0002413028777411963;0.00024059166230583457;6.835971242241236e-05;4.406889410701866e-05;1.3177007868602731e-05;2.2082783707388322e-05;8.940315506284279e-06;1.2329827532049818e-05;1.149613665836169e-05;1.792321691031257e-05
01:17:24;28;2.39804201049248e-05;2.4941884015489345e-05;5.46183293839106e-05;2.1560446502245544e-05;2.5900039945141046e-05;3.292900642164072e-05;2.696226510517425e-05;2.2996900925291314e-05;2.0208533094680867e-05;2.90650971780079e-05;2.7422940395250738e-05;2.215715304420097e-05;1.6299529140052403e-05;2.2610898510451577e-05;1.965222377526226e-05;2.210507656993194e-05;2.738968861551625e-05;3.364161496887667e-05;2.8337456143749996e-05;2.41091826485243e-05;2.0778565480605158e-05;2.9667644020828676e-05;2.937514769264108e-05;2.367718169105363e-05;1.663824684639414e-05;2.384575365587945e-05;1.9737041044738616e-05;7.0413137274059085e-06;1.4966435197015793e-05;0.00021952342981821203;0.0002305262245221886;7.145491267279889e-05;2.9435286321889133e-05;8.858553217588007e-06;2.3195367507468272e-05;8.423310338514908e-06;1.2312238011410036e-05;1.232360794840577e-05;1.7359273324029894e-05
01:20:10;29;2.436925691995384e-05;2.5370600085323852e-05;6.495347571780143e-05;2.1514061611004433e-05;2.728382424586264e-05;2.939950346620373e-05;3.4588648103098507e-05;2.000305037018858e-05;2.4308872442898892e-05;2.5979699634087243e-05;2.6495670903676167e-05;2.4019794479231265e-05;1.610779107543501e-05;2.1368005820673634e-05;2.1362153652469054e-05;2.2090237242865222e-05;2.844708037225211e-05;3.0243220713094196e-05;3.547951500071507e-05;2.148141343068461e-05;2.532446715237331e-05;2.6949879956870823e-05;2.822387515279152e-05;2.553269801358545e-05;1.6292495999976703e-05;2.273669149043242e-05;2.1645621824132787e-05;7.349976878892966e-06;1.561385580801787e-05;0.00026664759143263335;0.00030988482588569237;6.695556083441158e-05;2.911787578629948e-05;9.128495015501486e-06;2.4039478356375488e-05;7.870757157532436e-06;1.1604205805937714e-05;1.2309113351140804e-05;1.891997230118188e-05
01:22:56;30;2.321223661025132e-05;2.4096685247289465e-05;7.783513923670217e-05;1.978890531843676e-05;2.5912366370758637e-05;2.8119936700932158e-05;3.367787360017164e-05;2.119426680477235e-05;2.015321107442312e-05;2.570829736534754e-05;2.7371865803099187e-05;2.0870630706326665e-05;1.6270566022895267e-05;2.0381157889139764e-05;1.9097754084575833e-05;2.0314827694003528e-05;2.7311609784779257e-05;2.883024132608648e-05;3.44400708209959e-05;2.2198297681572073e-05;2.1064447687019275e-05;2.6462603871757756e-05;2.880897029425324e-05;2.2607273307055693e-05;1.653131320254724e-05;2.1539402525054875e-05;1.9051157254626226e-05;6.9980681687226314e-06;1.516985393822133e-05;0.0003714111525188753;0.00035507856679824234;6.832340226463176e-05;3.235485974166841e-05;9.066915274620286e-06;2.4875204561540384e-05;9.142989845387457e-06;1.1579573287634802e-05;1.2274732786710765e-05;1.7746351654170948e-05
01:25:41;31;8.72253956458735e-05;8.6201089979562e-05;7.988359227215677e-05;6.008509319082639e-05;7.438960572740557e-05;0.00032674877543699535;5.758502628209912e-05;9.354768109336543e-05;6.559966502870587e-05;4.886832522030008e-05;5.367180168811749e-05;5.5811383038996034e-05;8.086135368433712e-05;8.954442642499833e-05;3.999157833980214e-05;5.991678011048839e-05;7.655756808507928e-05;0.00032035896371861427;5.635427492685451e-05;9.146885170168067e-05;6.545986036167338e-05;4.8847488800720963e-05;5.251110264850203e-05;5.62069511068307e-05;7.877141643238926e-05;8.92597595741825e-05;3.870003474961017e-05;1.0295981470355358e-05;1.9789827527277852e-05;0.000504032821766665;0.0001229130273998189;0.0001106962866294514;6.629347252994018e-05;1.4642749477847818e-05;1.8641421868584567e-05;4.0000834864141025e-05;1.9631265309910816e-05;1.6417358140826056e-05;1.5248060281062475e-05
01:28:27;32;6.989615234364133e-05;7.098639368070761e-05;4.684039508110006e-05;7.294774573810255e-05;9.887154382940108e-05;4.7309960478969515e-05;9.11343705638501e-05;6.722726001581495e-05;7.5999850072218e-05;6.451566928366115e-05;8.9299863108491e-05;5.523162583771905e-05;4.7821993477596564e-05;6.112265984887182e-05;6.727125591768609e-05;7.513841005157138e-05;9.993250228323137e-05;4.76504803050893e-05;9.703808029394455e-05;6.814174697796307e-05;7.798465327440784e-05;6.431033725215158e-05;8.990026843185902e-05;5.6055514666891385e-05;4.76914153491807e-05;6.186105084349106e-05;6.61322387426066e-05;8.674840720368917e-06;4.083989620791751e-05;9.429527175614714e-05;0.0002078764221795649;3.569122912689311e-05;7.203828753076495e-05;1.84861059962419e-05;2.190591774141433e-05;1.3093378532520978e-05;1.813403377023639e-05;1.6212942606780702e-05;1.4836414804350009e-05
01:31:13;33;7.165221290444441e-05;7.339966193481078e-05;8.000511770647471e-05;6.006249297353282e-05;8.636375785768409e-05;7.565376800109583e-05;7.329063089400734e-05;3.8194807558511457e-05;3.328944611460181e-05;4.477908113900949e-05;0.00021056865457260508;7.972561190234211e-05;5.296478026004727e-05;7.774868860947622e-05;2.7184804927380604e-05;6.398667507330427e-05;9.0244098828407e-05;7.809469301535017e-05;7.709593760237228e-05;3.854783988319031e-05;3.400589227993218e-05;4.6608511183876544e-05;0.00021415533935592238;7.991157289774193e-05;5.337459973632093e-05;7.761850420023091e-05;2.7152247915907964e-05;7.90221354332039e-06;1.4890393312312718e-05;0.0004692717815458463;0.0001177702588969973;5.1668421194422426e-05;6.201536432626552e-05;1.1094226399780805e-05;0.0001719100600393343;5.844476788963804e-06;2.3244110000884442e-05;9.754420453441779e-06;1.469568597612674e-05
01:33:58;34;5.26415277280731e-05;5.365222649386483e-05;9.60997385776541e-05;5.841583057469341e-05;6.22191167125989e-05;4.5568283001981314e-05;4.153145008248512e-05;2.9545156911064456e-05;7.65986258567285e-05;4.482508224544869e-05;4.6324176049045654e-05;3.25503768889038e-05;5.222919839101533e-05;3.570377553397851e-05;0.0001061872444112892;5.819381278596194e-05;6.39808526493998e-05;4.69696800953184e-05;4.294419016367078e-05;2.9424412234589056e-05;7.496322304396477e-05;4.717986913316123e-05;4.71492570381364e-05;3.3888711808271456e-05;5.371398951923121e-05;3.5952778765747524e-05;0.00010946592972893857;1.2416182101107645e-05;2.0738839890952692e-05;0.00024789896330253906;0.0006242771414394443;8.880254895405666e-05;5.392345556303915e-05;1.0555669488664784e-05;2.6465863417844676e-05;1.8523781718469004e-05;2.447295063373802e-05;1.4536342523174508e-05;1.0585123898819048e-05
01:36:44;35;3.837276353186264e-05;3.9306225148663276e-05;3.301376814016005e-05;2.8703745256693352e-05;4.0440356196375596e-05;4.2321226635005423e-05;4.0426137342241084e-05;3.469219719094822e-05;2.7789646275457677e-05;2.16023106221738e-05;3.775492082912603e-05;2.91077084362066e-05;8.814804355820756e-05;4.069738889969895e-05;2.878946637772308e-05;2.9237188812922923e-05;4.2410844349732644e-05;4.363313624546922e-05;4.180128034701589e-05;3.4444947899989726e-05;2.9271193461336453e-05;2.3894035413970322e-05;3.739055735630107e-05;3.061193412485167e-05;8.78161465405793e-05;4.138998513012724e-05;2.977343629487522e-05;7.513882483695692e-06;1.4721604850338325e-05;9.288791438853515e-05;7.315801215881213e-05;8.352959276547494e-05;2.1879939269127846e-05;8.879203133692293e-06;3.190367926124397e-05;1.9177366693339867e-05;1.3912879483828243e-05;1.0575256366112214e-05;1.8025886827720045e-05
01:39:30;36;3.991854514527983e-05;4.0913268808080944e-05;3.6449109862782645e-05;2.8541554622114003e-05;4.199154957198268e-05;4.06430773203035e-05;4.1599865873174416e-05;3.5096604477757865e-05;4.736240830476907e-05;4.9233331617932144e-05;5.548722036637214e-05;3.3360648527294955e-05;3.481417920945453e-05;3.1195239511238135e-05;3.969684699582517e-05;3.0488281251414668e-05;4.4369457123426814e-05;4.086201710079773e-05;4.341110777400163e-05;3.600963031249769e-05;4.804389778033925e-05;5.047076689451491e-05;5.721748440712101e-05;3.4442918391344195e-05;3.4087540175105574e-05;3.152307330817132e-05;4.003303754732862e-05;1.2656309377387892e-05;3.498813366111715e-05;7.280228488529125e-05;0.00010101347471512339;3.434572314512374e-05;0.00011092823368213375;9.34323351121736e-06;2.213028668293702e-05;4.496341675687425e-06;1.0503635384111882e-05;1.2115502542483157e-05;1.2066159090777892e-05
01:42:15;37;4.390194861385184e-05;4.540012737322021e-05;3.373714014606512e-05;3.5610217790607834e-05;3.9588184540145285e-05;4.7512382141431687e-05;3.150143958082067e-05;4.624811223731161e-05;7.88170003560977e-05;3.823456733636538e-05;5.056378980002178e-05;4.271197097306288e-05;3.3678719476752534e-05;3.103224409270214e-05;5.1324741801553586e-05;3.595816972076044e-05;4.087935702022772e-05;4.668103460223588e-05;3.427051139820096e-05;4.8041009040964954e-05;8.332737117506198e-05;4.197075393193113e-05;5.316833147257448e-05;4.361379129316251e-05;3.313800065186541e-05;3.221263432351407e-05;5.154055186353559e-05;6.910148749222506e-06;2.154287411372942e-05;0.00010730071646400822;6.730903984550644e-05;2.6495656693540166e-05;4.7282366850916194e-05;1.1907762979126522e-05;7.270852760166804e-05;1.3855686849987675e-05;9.028108100713165e-06;1.1124468872156054e-05;9.380324632207104e-06
01:45:01;38;5.836922673035422e-05;5.9492134616586465e-05;0.00013737314806964003;7.882370133219493e-05;4.8664915885348655e-05;5.381659640978466e-05;5.597187436540646e-05;4.8748520005016296e-05;7.090304548931023e-05;3.946889037432687e-05;0.00014605324834478367;5.138129174817798e-05;3.1100432509715986e-05;4.286994689292359e-05;3.2628237991358134e-05;8.264230039262484e-05;5.03307798416118e-05;5.589075286318607e-05;5.700640261388395e-05;4.9094473737729656e-05;7.095426102566733e-05;4.127290838691288e-05;0.00015138995412241997;5.1622275396432914e-05;2.9965576824814647e-05;4.227037183388543e-05;3.146553800560687e-05;1.0801608755390315e-05;1.614367635741516e-05;0.0005785261700600173;0.0006864928235109271;4.079649419287191e-05;0.00010673044405582136;1.0817125266058497e-05;0.00014402630063090825;3.906530139717982e-06;1.4656205861302238e-05;1.1152759966086901e-05;2.4427638039163314e-05
01:47:46;39;3.4127287937673664e-05;3.5372848656209766e-05;3.184882500122731e-05;1.8318350143431417e-05;4.3896937892317176e-05;2.5601615601803214e-05;3.498949522974147e-05;4.796401451947283e-05;5.240114382910509e-05;4.241884510944064e-05;3.5041836437957585e-05;2.771908748916923e-05;3.320931647527397e-05;2.4501228740415502e-05;2.346556931213813e-05;1.9093609497056468e-05;4.537974055443855e-05;2.5952006638627736e-05;3.712485428152405e-05;4.83582937508627e-05;5.4952529365126094e-05;4.407982002784236e-05;3.6310301179064825e-05;2.9683267827369745e-05;3.332924790834401e-05;2.704004942597173e-05;2.317045381678787e-05;5.618840515131124e-06;1.7594420902103476e-05;0.00012430478491067386;9.447707394841587e-05;3.357307819224453e-05;3.3361990219077106e-05;7.579623556102454e-06;1.8644458756900753e-05;7.189670891565722e-06;1.6791855105727077e-05;1.257885506579356e-05;1.0471247950992319e-05
01:50:32;40;6.164071426052364e-05;6.147356700377622e-05;9.611247210403495e-05;4.12389574493814e-05;5.277168362609204e-05;9.352349378456314e-05;0.00020270913196120753;3.844740660952084e-05;3.331054559070749e-05;4.818759704376548e-05;4.204952201999649e-05;6.553866902239943e-05;3.393614958791989e-05;4.629112935752098e-05;4.1684261217059514e-05;4.3913051648573105e-05;5.6706239107209315e-05;9.134332549940984e-05;0.00019671727149434906;3.983707362830144e-05;3.435439819302793e-05;4.947898046742046e-05;4.107840760309644e-05;6.458297908074764e-05;3.2316705545770076e-05;4.65654313670769e-05;4.0788920942540696e-05;9.072509006907482e-06;2.2475058094758083e-05;0.00010128474908319235;0.0007938327928265301;6.475791953997668e-05;3.786290844294273e-05;5.876332640602321e-06;5.4863907536659734e-05;2.3494060093894425e-05;1.55889368393e-05;1.759335460109308e-05;6.64713654256246e-06
01:53:17;41;3.144212316318441e-05;3.201176373813378e-05;4.150709695890354e-05;2.78749505959943e-05;3.4332626344476836e-05;4.0827834913608804e-05;2.8178141948584116e-05;2.9100862654083606e-05;1.908048275951883e-05;2.363251947847609e-05;3.0364670542646557e-05;2.6576076539764802e-05;5.723957478794132e-05;3.8797586626060365e-05;2.1300138360981112e-05;2.871713099287988e-05;3.5325394952750786e-05;4.18115277044089e-05;2.9297701593914327e-05;2.992353003281994e-05;1.9987117342726045e-05;2.405266557708515e-05;3.1337628236461925e-05;2.7273764996457834e-05;5.4503001408619054e-05;4.104516363763132e-05;2.0866528780349158e-05;7.720633318502776e-06;1.5470674148403164e-05;6.31029734311075e-05;0.00023787359218510704;6.756050812555025e-05;2.2399662399858933e-05;5.800426743710683e-06;2.787063356173857e-05;1.7081167849821097e-05;9.62236408121211e-06;1.3768569939142177e-05;9.813957722688226e-06
01:56:03;42;3.374708800989042e-05;3.43432369661485e-05;8.745343943815315e-05;2.258375107415263e-05;5.9248344484785775e-05;2.479839192336509e-05;3.477029153228531e-05;1.9824879353016264e-05;5.416617148574171e-05;2.4330856068646963e-05;3.8355329342659225e-05;2.5109760271520415e-05;3.456531491058906e-05;4.2626588062624e-05;2.45853639662321e-05;2.2817236606011027e-05;6.050918068179766e-05;2.5719167084228305e-05;3.5974593422135424e-05;2.0464240301004758e-05;5.49183352655124e-05;2.440096554143761e-05;3.9909477925880024e-05;2.6084364573670186e-05;3.342281338461097e-05;4.299500558979933e-05;2.4903445499816533e-05;6.342969956969826e-06;2.4219470955447288e-05;0.0004791078200862349;0.00037969339736589877;5.4380740491341846e-05;3.443119880414172e-05;5.981585427737655e-06;2.1083533099004646e-05;7.1731723434943805e-06;1.5170542398837044e-05;1.3351882703984264e-05;8.504959624745239e-06
01:58:48;43;2.810306285348154e-05;2.868687415339312e-05;5.727350865586257e-05;3.000192774167813e-05;2.614712332677465e-05;3.185943023450736e-05;2.7625176595723712e-05;3.3161289050812314e-05;2.0394658440119944e-05;2.8247686918286323e-05;2.20241749608683e-05;3.991472655426068e-05;1.697725685351708e-05;2.8225019558579913e-05;3.265827570880281e-05;3.0038539782391943e-05;2.769045931927394e-05;3.3028376423363294e-05;2.8871461548573556e-05;3.3452445412750205e-05;2.0912648485332455e-05;2.8834827804254203e-05;2.2654418265844896e-05;4.1381354647087334e-05;1.685205718129947e-05;2.8404384845745442e-05;3.212150836531427e-05;7.427132615031386e-06;1.0699916394030152e-05;0.0001512285875232049;0.0003905987330467371;2.6566249146020546e-05;3.619778430738534e-05;5.417115205570727e-06;1.906426664112275e-05;4.1891507818977555e-06;8.28884869772466e-06;1.2384731545154396e-05;1.52195879664712e-05
02:01:34;44;3.200302300725029e-05;3.254171092003507e-05;5.66467408735575e-05;2.2246026291709725e-05;4.698516795025915e-05;2.4947052068569064e-05;4.364505212544662e-05;1.992057839185112e-05;2.416022302559833e-05;3.997001812453246e-05;3.318223799779348e-05;3.8806025636197525e-05;3.8371997238651936e-05;3.0284305332563896e-05;2.151757872003269e-05;2.2478890715791736e-05;4.916193317017766e-05;2.5494079648213508e-05;4.57650282522634e-05;2.0019842366631956e-05;2.329953561376344e-05;4.162539756444984e-05;3.4602607862509586e-05;3.814800503634983e-05;3.760152395455096e-05;3.060652868699907e-05;2.169714695545609e-05;6.116153138089034e-06;1.051439728306125e-05;0.0003262691307989981;0.00011860206965070991;9.557514487984981e-05;2.5894243187514895e-05;8.211610299793808e-06;4.502032931814301e-05;8.575967738973785e-06;1.1983562341292144e-05;1.1205504576760557e-05;1.1792777269503777e-05
02:04:19;45;3.397397552165867e-05;3.46396420723125e-05;4.0252598363290686e-05;2.0007249578280938e-05;2.805545924967522e-05;6.813421339819053e-05;4.5346743560644015e-05;4.538806872615582e-05;3.610054362855987e-05;2.3183256026661844e-05;2.1992138898822717e-05;2.6479454122223118e-05;2.0668865832104448e-05;5.469042461279307e-05;1.7641274445943303e-05;2.108511274210413e-05;2.9627563164951104e-05;6.879642207906405e-05;4.714010471236432e-05;4.558545027331219e-05;3.513992503686967e-05;2.396529007570809e-05;2.2939036527900555e-05;2.786027945620833e-05;2.060818176779563e-05;5.4867927016708054e-05;1.8060396530328738e-05;5.781485037510203e-06;3.920948766876663e-05;8.815080619480121e-05;0.00023406869690436848;2.2979891188739624e-05;1.9571923804842976e-05;5.66697311043044e-06;3.374260828310999e-05;6.22967294447966e-06;1.0066206413647183e-05;9.324505408239381e-06;8.238923400552333e-06
02:07:05;46;2.603504664090327e-05;2.7080614386307652e-05;5.8119554860817025e-05;5.961126802586395e-05;3.3046759597255004e-05;2.29578292370227e-05;2.452141121978002e-05;2.576087787918947e-05;1.976439459641907e-05;2.448699053755635e-05;2.005285515400084e-05;2.249955006112197e-05;1.9952631850566665e-05;2.4296747160302733e-05;1.546923770299393e-05;6.137828645075353e-05;3.5014588285798995e-05;2.379171055969281e-05;2.5561887152342692e-05;2.659228053583124e-05;2.0557172849547426e-05;2.5648742722077707e-05;2.133015560859717e-05;2.344515032055375e-05;2.0548554523803788e-05;2.5495622968621688e-05;1.560321264530759e-05;8.702209445921121e-06;2.2656551959619752e-05;8.81935740561477e-05;0.000384417366796959;5.823861557625408e-05;8.068863750843105e-05;4.174774184383813e-06;1.824783887396764e-05;4.45929840049395e-06;1.0778068448035642e-05;1.0609746194478463e-05;6.267976885112078e-06
02:09:50;47;2.8818085703299154e-05;2.9615355213283253e-05;6.439799739808475e-05;1.8619181649238602e-05;2.8600932211020336e-05;4.381876940390777e-05;2.6258950511377904e-05;3.159763377880154e-05;3.0378199701369173e-05;4.042017091618081e-05;3.476391523287764e-05;1.8887126931200658e-05;1.6988516211892023e-05;2.3976132728814097e-05;3.150748913650535e-05;1.9370364987457544e-05;3.089986216476558e-05;4.5987525009889084e-05;2.7174178596189586e-05;3.22870911549205e-05;3.149157331606574e-05;4.179460315926802e-05;3.456667731877098e-05;1.9872729676017462e-05;1.6420308625877427e-05;2.43136614872013e-05;3.1205676603786755e-05;5.996310476484807e-06;1.3430583298744253e-05;0.00038027198932119745;0.00015549013945462094;8.84470680881038e-05;5.071465091277082e-05;3.3993461351273666e-06;3.8234485263086184e-05;5.1489589721627786e-06;1.0171085928167828e-05;1.0991061930229754e-05;1.0480288996321158e-05
02:12:36;48;2.015108216565667e-05;2.1016944249166484e-05;3.336442639390364e-05;2.43555695143207e-05;2.2415831166840277e-05;1.6982249888997103e-05;1.9160024149559003e-05;2.0415952709578793e-05;2.3649140115625496e-05;1.7181087196666507e-05;2.2325817502116312e-05;2.2904132074266023e-05;2.0925009348037417e-05;1.5779656704043273e-05;1.5718507834802413e-05;2.5141468655949466e-05;2.4263671859236774e-05;1.805053863238213e-05;2.0484953052754797e-05;2.0899653337218745e-05;2.3539619120773623e-05;1.7592461183914012e-05;2.304625254107088e-05;2.422862352535889e-05;2.177458296915298e-05;1.7116196512331584e-05;1.6065302450534787e-05;5.315732764579687e-06;1.1921391894212289e-05;0.00011627712991669677;0.00013125767466740825;5.0941595167341455e-05;2.520529414794334e-05;3.394673415086725e-06;2.5786704465243535e-05;4.172031965101788e-06;6.715631019445352e-06;1.033749289487734e-05;9.047764408907156e-06
02:15:21;49;2.6189377856346916e-05;2.69342004754389e-05;2.7549061466858784e-05;2.6774720513923388e-05;3.144569552143201e-05;2.5454677560271026e-05;2.1889613330989217e-05;4.0021175498788416e-05;1.7310025639134935e-05;2.1223016325031743e-05;3.996855891521343e-05;2.4502589649376784e-05;2.5452304379830988e-05;1.7276838571495485e-05;2.2953310845382063e-05;2.7407265302896077e-05;3.2645856306403345e-05;2.559800977215224e-05;2.299420268886761e-05;4.080259021042987e-05;1.777361299163998e-05;2.214636354242257e-05;4.090423517712374e-05;2.548130949066887e-05;2.5802491281750386e-05;1.8487099922925993e-05;2.316736368765639e-05;6.349138675988064e-06;1.1754804649661018e-05;5.8378973513270176e-05;0.00014189972416517947;2.5421546845514772e-05;1.7683865690033184e-05;5.607246118701726e-06;2.5869347788393834e-05;8.130010043185562e-06;9.218852481640645e-06;1.0899256860409841e-05;9.375970770327098e-06
02:18:06;50;1.916427563680207e-05;1.9893048466897946e-05;2.619338786887661e-05;2.7280340412196644e-05;2.5846454089549876e-05;3.244432809620693e-05;1.7325828249102994e-05;1.7371889984215986e-05;1.27921989710506e-05;2.2300752869403535e-05;1.8927260245246462e-05;1.682424096507227e-05;1.2293608210453302e-05;1.2985629970268581e-05;1.3578767351418719e-05;2.8117366093306662e-05;2.7586425835291762e-05;3.2561237011451124e-05;1.868753962655687e-05;1.8257040026099597e-05;1.3158434521295632e-05;2.2860027145932554e-05;1.962204141473424e-05;1.7524670384554604e-05;1.2360405463955949e-05;1.3921646256411677e-05;1.4059740656596694e-05;5.990236083307727e-06;1.3882510352562987e-05;8.397269910759175e-05;8.913262725875053e-05;4.221821328228404e-05;1.9344103132397567e-05;4.6240272276627955e-06;2.5459378336525528e-05;5.640820150107019e-06;5.845051717024188e-06;1.0370055940816836e-05;7.840931837488337e-06
02:20:52;51;1.926605295145898e-05;2.0000865978418695e-05;5.83966669620927e-05;3.2526513352463965e-05;2.566555843424629e-05;1.6257028493979224e-05;2.0508842629334883e-05;2.5678544788702723e-05;1.3031519152016038e-05;8.587868860972362e-06;2.380308223140756e-05;2.4637544664136097e-05;1.459369926302336e-05;1.4305501685705416e-05;1.1596924343331755e-05;3.352937864856588e-05;2.6724486631308858e-05;1.7239782739378354e-05;2.1948811944973465e-05;2.6320922073334914e-05;1.3130290806404009e-05;9.094985222263052e-06;2.4891324709976368e-05;2.486752101170088e-05;1.5240088999499803e-05;1.5011696091335845e-05;1.2011095862627499e-05;5.383649226289046e-06;1.2983664142959096e-05;0.00019894197186986947;0.00035116393470287764;2.539986370675409e-05;3.281438067599998e-05;3.919601281813997e-06;3.721308641693353e-05;4.470425171268024e-06;8.70613682468928e-06;1.1538301031163539e-05;8.224988494494691e-06
02:23:37;52;1.747932174887203e-05;1.822302275988615e-05;3.492170884985461e-05;1.5173036420502616e-05;1.6645182101497497e-05;2.0419000764801158e-05;2.5263477786035598e-05;1.3557845513580766e-05;1.4813117923557167e-05;1.6060464303600177e-05;2.955012573899942e-05;1.590225171810289e-05;1.4110100567873731e-05;1.2173452244145334e-05;1.608379877831629e-05;1.5993181097909185e-05;1.815586647698862e-05;2.0925540353990855e-05;2.6972545163493743e-05;1.4572915645232247e-05;1.533358127871216e-05;1.5970471613860653e-05;2.9680682191495558e-05;1.7248204809980456e-05;1.4151567898530814e-05;1.3049385127982809e-05;1.662232033929366e-05;5.6643983661892514e-06;1.2921104041586063e-05;8.813372362712669e-05;0.00017179881754975188;3.605125389424587e-05;4.382137597082504e-05;2.962501070026182e-06;2.6226320943967812e-05;4.2551902379384875e-06;7.683782179853347e-06;1.0844573455485991e-05;8.697464861258748e-06
02:26:23;53;1.5828611256293616e-05;1.6618578424813563e-05;3.5016107509692946e-05;1.0736947200743172e-05;1.738879486558951e-05;1.5332419277637076e-05;1.7297895856865413e-05;2.179437958008376e-05;1.7284223001855604e-05;1.5094172936032505e-05;1.629528636406328e-05;1.4914676829004168e-05;1.9495623734852334e-05;1.2129655524197666e-05;1.2179253401840965e-05;1.1491352721994972e-05;1.8739463001433642e-05;1.6045866272455712e-05;1.8569752970921123e-05;2.3429021272436963e-05;1.7436320054520928e-05;1.5248211834832431e-05;1.7421647141959454e-05;1.5928472196178575e-05;1.9765898540282264e-05;1.2873564651560133e-05;1.247336444112655e-05;5.293495809829473e-06;1.2724149122441714e-05;0.00012189523654842397;0.0001060489399075767;8.507156210261334e-05;1.4388604877223935e-05;2.9101796693770397e-06;3.954516761478723e-05;6.323207866187066e-06;8.46061714672799e-06;1.098419392239434e-05;6.54793552873266e-06
02:29:08;54;1.596936096668535e-05;1.683752062386771e-05;4.6861777145803714e-05;1.1103797309498408e-05;1.593240730166847e-05;1.5253206868237612e-05;2.4935689641448665e-05;1.1578263232210743e-05;1.2276020604738072e-05;1.4876433559927385e-05;2.1382830336268523e-05;2.2396775480356982e-05;1.5079296899629794e-05;1.1185469885271521e-05;1.5632133747606698e-05;1.1674679776257982e-05;1.7314264000503235e-05;1.6315828948399593e-05;2.6273790181336684e-05;1.241803093313437e-05;1.2797546609178852e-05;1.54720863502928e-05;2.2481240412622654e-05;2.3413535375225422e-05;1.547215216777647e-05;1.2005014929244784e-05;1.6412069570937022e-05;5.890375483204382e-06;1.2306470720032736e-05;0.0001838772688447702;0.0002282893585469366;4.3644288816895324e-05;1.8218205326356585e-05;3.044672242410384e-06;3.606066236015696e-05;3.2814141268105756e-06;7.168746574369525e-06;9.74722366200338e-06;1.0812639045697892e-05
02:31:53;55;1.3660400435872527e-05;1.449053445556481e-05;2.5312258707920247e-05;1.0831910340801766e-05;1.549173201583058e-05;1.768951829655469e-05;1.4971099395986378e-05;1.1181419102451235e-05;1.7361328296126224e-05;1.3748043880535864e-05;1.6154617342904615e-05;1.6699604348569995e-05;8.211149364001358e-06;1.0729147963285289e-05;1.0855231359130357e-05;1.1280430355120327e-05;1.6990720976974457e-05;1.8552261430665532e-05;1.6309640205356948e-05;1.2021547735446203e-05;1.7545075519868803e-05;1.4556396481451355e-05;1.7429806552794203e-05;1.7608788663052065e-05;8.58940523392425e-06;1.1574966662655115e-05;1.1427369746700065e-05;5.261351885710577e-06;1.6106352080462734e-05;6.950577753574216e-05;8.337993046076607e-05;4.886698624556077e-05;1.4503368098237094e-05;3.0849792278866244e-06;3.328961529417174e-05;4.7383810135241455e-06;7.041051736566351e-06;1.0277835010663744e-05;7.691475905750978e-06
02:34:39;56;1.262359785543636e-05;1.3460731921279862e-05;4.372693693326421e-05;9.343454906420654e-06;1.4937647430263661e-05;1.4554512924808643e-05;1.81359095434304e-05;1.0285264269524221e-05;1.0144673761400016e-05;1.3905767203745903e-05;1.403119670003021e-05;1.3340068306888497e-05;1.1020002732726136e-05;1.146262930133575e-05;1.0322043783746308e-05;9.97327741728602e-06;1.631880349111581e-05;1.5203299524359806e-05;1.9510050727068475e-05;1.1255511869617467e-05;1.0766078750886571e-05;1.446107196759932e-05;1.5178556076292968e-05;1.438846469728226e-05;1.1113675169280548e-05;1.2577440314469388e-05;1.078254857745804e-05;5.301427531321781e-06;1.396446500111725e-05;0.00012775517367176633;0.0002336383677137044;5.273733261170272e-05;2.979466933706095e-05;3.5968116520517905e-06;2.6368787594119106e-05;5.0208912289026724e-06;7.669583380985122e-06;1.1095189857749207e-05;7.780543618689093e-06
02:37:34;57;1.291018670263549e-05;1.370091140876256e-05;3.750138617530686e-05;1.1310481370556277e-05;1.4619544678205123e-05;1.8148243963299716e-05;2.0535747271889125e-05;1.2728502063907854e-05;1.0025927100410957e-05;1.2102705372673096e-05;1.3846759742364156e-05;1.1634460525494267e-05;1.0225163176936679e-05;1.0273568233546113e-05;9.471133399007282e-06;1.2010210578904939e-05;1.606604090266967e-05;1.8754937443616976e-05;2.147691495476373e-05;1.3725552912834661e-05;1.051092142835289e-05;1.2704897788445365e-05;1.4858823271447651e-05;1.2639784104009512e-05;1.0494087395203724e-05;1.1263863333497974e-05;9.904899251281837e-06;5.211076813015126e-06;1.2769246528032966e-05;9.275641479532777e-05;0.0002066666852764718;4.6749846951772695e-05;2.582264275381411e-05;2.909539194135707e-06;2.5856474540570272e-05;5.73530716587411e-06;7.529354668627904e-06;1.0283181848330337e-05;7.726863567709609e-06
02:40:24;58;1.2267808863632787e-05;1.3088174720123099e-05;4.406411862220094e-05;1.1221832673930459e-05;1.3772681069471302e-05;1.6171251632809717e-05;1.6397193739046337e-05;1.0794420711461457e-05;1.0777283132509554e-05;1.2442103917981678e-05;1.3508085404820038e-05;1.2979337959961867e-05;8.343494802044336e-06;9.580486914341112e-06;1.1225530918388607e-05;1.1739402907551266e-05;1.514430252565852e-05;1.6883042054026112e-05;1.757081721320268e-05;1.1689919534270487e-05;1.1212046231350219e-05;1.3321829895555968e-05;1.4620780129456463e-05;1.3997162142591669e-05;8.63027207166932e-06;1.0518032997677875e-05;1.173048617544472e-05;6.080415375346002e-06;1.1257195172561568e-05;0.0001926947549155201;0.000199499521345466;4.08384256067258e-05;1.7635838909731565e-05;2.92849877325464e-06;2.7565667134864856e-05;4.754097144871342e-06;7.394560971394509e-06;9.918388977438825e-06;8.202059139236023e-06
02:43:15;59;1.2050391905983236e-05;1.2894795366299127e-05;3.702259963014341e-05;1.1734525815851073e-05;1.3792164224923908e-05;1.572610513278505e-05;1.6194503717511825e-05;1.0497005671471594e-05;8.74510225333903e-06;1.266004800532466e-05;1.4988907267365903e-05;1.1116927182606354e-05;9.26852957212015e-06;9.899614370438444e-06;9.981265807565167e-06;1.24548370382123e-05;1.5116513859078324e-05;1.670434208283985e-05;1.7369736523033693e-05;1.1437343962111473e-05;9.063718901220281e-06;1.3384702101517822e-05;1.6224428702715365e-05;1.2014712307132822e-05;9.694048757513815e-06;1.0898928031807212e-05;1.0374226757782789e-05;5.721796466504441e-06;1.0864515435760615e-05;0.0001185306170262969;0.00018134463800741844;4.292000203292431e-05;2.4640865337197688e-05;3.0403086544438857e-06;2.702356435271529e-05;5.1747656381882565e-06;7.227518517037628e-06;1.0157669547714551e-05;7.624934545518891e-06
02:46:01;60;1.2124256215884088e-05;1.2919495814837976e-05;3.8023312688055886e-05;1.2493385617837951e-05;1.3874602551957402e-05;1.4739800164420558e-05;1.580261949708405e-05;1.097587754049879e-05;1.0475138944214409e-05;1.2358657029794399e-05;1.4186547740667844e-05;1.166530225886349e-05;8.902813358443753e-06;9.260630649392128e-06;1.0755695624001502e-05;1.3117469463879065e-05;1.524943941091541e-05;1.558882411677299e-05;1.7163637597990645e-05;1.202570160497584e-05;1.0811676238978479e-05;1.2908530917931923e-05;1.5120152540153476e-05;1.2591207174593848e-05;9.173083112094716e-06;1.0150083509663229e-05;1.1134140469396157e-05;5.80375444799526e-06;1.0762669839261096e-05;0.00013703420909185634;0.0001775984148066574;4.9412760097525665e-05;1.8637047362968675e-05;3.0512163470222247e-06;2.3773226036284095e-05;4.812425604658754e-06;6.994430403263975e-06;1.011801782542489e-05;8.281580393752285e-06
02:48:46;61;3.771003822676407e-05;3.8544464529612797e-05;5.273823409063732e-05;6.146696790665374e-05;4.981601965555042e-05;2.4429767886534716e-05;5.751407383058904e-05;2.7527763510771695e-05;3.9693267404252516e-05;1.5898067056758176e-05;4.374534544963767e-05;4.009065591503713e-05;2.1866071334515752e-05;2.6807868745880693e-05;4.366457651950771e-05;6.233636221496235e-05;5.042074061046013e-05;2.5317159742360075e-05;6.175816051376088e-05;2.765243993099496e-05;3.937772312901525e-05;1.735701933492099e-05;4.434061322425333e-05;4.0743514361991726e-05;2.174781799066629e-05;2.725366555497675e-05;4.4228342964823795e-05;1.031457195862212e-05;1.139770261932135e-05;0.0001268986316448934;0.00025298005408312267;8.61090394376772e-05;5.55490192393349e-05;5.81738345647878e-06;5.055243205985091e-05;6.5424343876982115e-06;8.524368632223783e-06;1.245802979780052e-05;5.715141770623893e-06
02:51:32;62;3.2881687166702086e-05;3.42041783806974e-05;2.963076355113474e-05;2.637729817872076e-05;2.409727683398573e-05;4.765397065139868e-05;2.954002714132416e-05;7.556344976674981e-05;2.0570029611442145e-05;2.4195363295120842e-05;3.4409531947817e-05;3.6809101319787175e-05;2.0164325542799073e-05;2.747631014766615e-05;2.7723547917317276e-05;2.7595615001355556e-05;2.5384523159797787e-05;4.863480142698272e-05;3.108216855874656e-05;7.781698458748457e-05;2.1212162486151527e-05;2.5244081209880106e-05;3.735185455758555e-05;3.8424498079966496e-05;2.06960316570041e-05;2.8088747081088927e-05;2.8918658221922256e-05;1.2352786691899886e-05;1.2813502519677347e-05;7.70637957055439e-05;7.493240061887308e-05;7.23849367312316e-05;2.310843708632319e-05;4.254629722749375e-06;4.2355237682469596e-05;3.6336970431458337e-06;9.960088458949582e-06;1.003318844990146e-05;1.2676461902852103e-05
02:54:17;63;3.582141937386041e-05;3.670989882047701e-05;5.201364730143197e-05;2.2078494602985963e-05;9.30032245078523e-05;3.025774702533371e-05;4.0183857808270574e-05;4.8564386270816776e-05;1.8297209783988613e-05;2.557943512923347e-05;2.9640955775986104e-05;3.614902907532848e-05;2.2251192919239575e-05;3.17368849080553e-05;3.211459963123079e-05;2.328145274077542e-05;9.87910495001139e-05;3.0505751631527702e-05;4.1347908083042954e-05;4.9285514343196906e-05;1.843834016205009e-05;2.6202225658207795e-05;3.0384638343600237e-05;3.740844186734337e-05;2.2677525187565508e-05;3.114093232386351e-05;3.1054989840758706e-05;6.062665866484682e-06;2.4177269447179957e-05;0.00013421352360846396;0.00025297598693325486;7.050034889040956e-05;2.5671740779057926e-05;6.290861360567116e-06;3.355576632881998e-05;4.1912187996890056e-05;1.059062334092448e-05;1.132214927099612e-05;6.890643794135028e-06
02:57:02;64;4.1087635759657296e-05;4.244624496890008e-05;0.00013730783537545038;5.028384502607382e-05;3.958793935122561e-05;3.05618854667955e-05;7.570499481992307e-05;4.265332572117586e-05;2.6357072037151077e-05;5.415691240335202e-05;7.003691411000545e-05;3.67553874954493e-05;2.2842957283780212e-05;2.2326821712164762e-05;2.1783557767466018e-05;5.015150351557421e-05;4.17977615465525e-05;3.131585525565403e-05;7.802408155056801e-05;4.520817287524136e-05;2.790555652010673e-05;5.5630563145291203e-05;7.29439656701104e-05;3.784370788776823e-05;2.33743846215878e-05;2.35137214433421e-05;2.1645650191157408e-05;1.4611706609065601e-05;2.7049213837824517e-05;0.0006592227393279439;0.0006772508415192993;7.264920503706143e-05;5.008057799116383e-05;1.610229549976214e-05;9.950515458277291e-05;2.3019562005029555e-06;9.56553697563236e-06;1.0791185866994681e-05;8.563611057380154e-06
02:59:48;65;3.238151020406638e-05;3.327018797030684e-05;3.292233508435832e-05;6.454353059449535e-05;3.16701095047475e-05;3.935422542414554e-05;2.1699249976656823e-05;2.2803786971533928e-05;3.679678764259816e-05;4.611305119924096e-05;2.3167821898988965e-05;2.076701439209087e-05;2.095437647850221e-05;1.8400276605813236e-05;4.2307878242230466e-05;6.574582640277634e-05;3.342890996936137e-05;4.0558480082560166e-05;2.2596766306194212e-05;2.306125500155436e-05;3.692506730727427e-05;4.741238826912344e-05;2.444565831830937e-05;2.154042046836539e-05;2.0512331675375586e-05;1.983427257902251e-05;4.3180866404200753e-05;6.612490810172877e-06;2.2516594544918596e-05;0.00010961726463444731;0.00011865787684255046;5.311951633295558e-05;1.770594755232868e-05;4.003276696165421e-06;2.0423987911077773e-05;1.4458506708098307e-05;7.171900618119594e-06;1.1014825535954707e-05;9.76583282551044e-06
03:02:33;66;3.7345465376471445e-05;3.809562009866821e-05;3.730010495375176e-05;1.748951296643885e-05;6.796256162095398e-05;4.339618841568567e-05;3.608819678581974e-05;1.7724216377246194e-05;2.0402201517232367e-05;2.3181837982313233e-05;5.246208771516401e-05;6.34052315821133e-05;2.4514640470969923e-05;4.923645479948391e-05;3.228243965674499e-05;1.8788271126705014e-05;6.902721600719033e-05;4.4900528786157236e-05;3.5655652856250895e-05;1.884310748647306e-05;2.0100795718693157e-05;2.5458728694364346e-05;5.3872639702742074e-05;6.552287204267716e-05;2.3173859759320097e-05;4.952821258991173e-05;3.227554227607148e-05;6.1079904520643596e-06;4.321767279942112e-05;0.000162169751152125;7.354306304713659e-05;3.909013686077544e-05;3.234172996443115e-05;4.916146475074397e-06;3.947625155057222e-05;8.067840598549558e-06;1.082306282554321e-05;1.06166265322213e-05;1.723098718710671e-05
03:05:19;67;2.297312716140451e-05;2.3771925826403724e-05;0.00019015740137507658;1.833078737108322e-05;2.147791096263063e-05;2.2163509084097395e-05;6.113499680085707e-05;2.6420605912200948e-05;1.8100392373619137e-05;1.173813564489282e-05;2.348743321983255e-05;2.2688661962371786e-05;1.178777638182799e-05;1.82260965779981e-05;2.0121212735737323e-05;1.842494451391505e-05;2.3083628985671255e-05;2.2888780751853558e-05;6.269066395787698e-05;2.7180729237535402e-05;1.921826499054515e-05;1.2749407348185085e-05;2.3789637786729698e-05;2.4027634014911903e-05;1.1905515794417543e-05;1.9068707221281962e-05;2.0235188343047157e-05;8.448753697630273e-06;9.628071201085577e-06;0.000994404863552027;0.001065213773192182;0.00010906248986908653;2.7669657559849282e-05;5.249642307792587e-06;2.254512835476933e-05;1.0245601820265878e-05;8.017352962881722e-06;9.548128809336433e-06;1.1855353174013127e-05
03:08:03;68;2.1982050709952588e-05;2.270865544129334e-05;6.610182228654162e-05;2.363770420805105e-05;2.6608910572308147e-05;2.1076219335275876e-05;3.838660894540556e-05;4.181837226724383e-05;1.5376962201168514e-05;1.2440926247010834e-05;1.857391606821776e-05;1.5794601241933297e-05;1.2421006904875496e-05;1.5759552240979247e-05;2.1889820759084117e-05;2.44179817728545e-05;2.817099038445202e-05;2.2773359001181647e-05;3.869850675246083e-05;4.266284453985429e-05;1.648678497514095e-05;1.2719542011629666e-05;1.879205334676677e-05;1.6356306378504917e-05;1.3012000975702651e-05;1.6056825867813535e-05;2.2356664758953678e-05;6.874651152488053e-06;1.1888697810187228e-05;0.0002663387178969977;0.00034561520710076066;8.551599236547428e-05;1.8799690646966823e-05;2.8456001712900218e-06;1.9217787035169576e-05;5.020108770050589e-06;8.165740314622424e-06;1.2266114752203458e-05;1.0673559422288533e-05
03:10:48;69;2.381295388173302e-05;2.420055237432936e-05;7.946330056337717e-05;3.063603700907565e-05;4.105504760073845e-05;2.069718340955908e-05;2.619072340983373e-05;2.4070777748554725e-05;1.7262820105915207e-05;1.4330125570051099e-05;2.4756863443154874e-05;2.2106008572109204e-05;1.2266610830444982e-05;2.994601289236181e-05;2.243722889778093e-05;3.0217491292182496e-05;4.228868919533023e-05;2.1669614962095842e-05;2.7013809559793104e-05;2.439932230325074e-05;1.744766035975588e-05;1.4521203940856577e-05;2.419491539524332e-05;2.226789469135884e-05;1.275231472068817e-05;3.106834221306357e-05;2.2565363342206943e-05;7.443473643811218e-06;1.0232244908466592e-05;0.00039448826383132416;0.00041394483819267203;5.054302114607167e-05;1.5320751691423393e-05;3.506580813606228e-06;3.174394604389256e-05;3.7445307663944255e-06;6.255862411126016e-06;1.1630503809766408e-05;4.705589501971616e-06
03:13:32;70;3.1180711268709935e-05;3.160922739270167e-05;7.554872965247034e-05;2.2749557711098202e-05;3.474747340316174e-05;3.5388473489464644e-05;2.6466640061461145e-05;3.9565704683623565e-05;1.858122204949227e-05;4.409969576293158e-05;3.2038657397234516e-05;5.446596805375686e-05;2.4699066924230547e-05;1.702814566070546e-05;2.4337917500490263e-05;2.315798490921616e-05;3.575284440730569e-05;3.6512093163166145e-05;2.7224373228864927e-05;4.044757223468129e-05;1.9030628232318536e-05;4.3336178155013955e-05;3.209464381442662e-05;5.452018220101401e-05;2.4080863838633698e-05;1.7470369049435618e-05;2.5682983315290804e-05;6.957965244820825e-06;9.121607906879588e-06;0.0004950298826811967;0.00019200983753000895;0.00010458487931409715;1.8526385818874284e-05;7.551001355250127e-06;4.045360468238914e-05;6.5320434501272914e-06;9.319105562400743e-06;1.0703175739524528e-05;5.795266544074825e-06
03:16:17;71;2.4542293575987887e-05;2.496251902271127e-05;2.6686888900928807e-05;2.2103610345683673e-05;3.581145200955275e-05;1.8517749786248963e-05;2.7056850861775025e-05;2.411521617256602e-05;1.9036710010699277e-05;1.4319238741481142e-05;2.3151406420073396e-05;2.2505927653717414e-05;1.3088568509415795e-05;4.460177828749775e-05;3.0199006940537483e-05;2.239884577624874e-05;3.612635792487248e-05;1.8911935973236828e-05;2.816384426584096e-05;2.5936612381641843e-05;1.883354781068791e-05;1.4960566060628618e-05;2.3105829405963797e-05;2.256798440232413e-05;1.3153850788880903e-05;4.468013489540796e-05;3.071071098273461e-05;1.0535666150667785e-05;1.1757705868283626e-05;0.00011378279185098528;6.355542609265352e-05;3.2536132761043697e-05;2.668012434489591e-05;3.356197421077917e-06;3.244318624179853e-05;5.238125237907639e-06;5.687030228004925e-06;1.1122777908449197e-05;3.5475027053777156e-06
03:19:01;72;3.4538991878269535e-05;3.52974052878415e-05;0.00017389225456939118;2.097435868945881e-05;3.084726494442045e-05;4.3170690309518086e-05;4.1470218354272056e-05;1.8015503613355577e-05;3.1512137956662464e-05;1.562635116220628e-05;2.7442210466688266e-05;5.0817713395707124e-05;1.8821924904634876e-05;9.583273127718299e-05;1.9936783794285226e-05;2.2191184086031044e-05;3.2151176635090476e-05;4.5413521052702165e-05;4.177857003406079e-05;1.902310547928762e-05;3.186968689665782e-05;1.689449218938074e-05;2.833224922901939e-05;5.04737554020042e-05;1.879593023486565e-05;9.622239921082849e-05;2.0422778935783213e-05;6.06281912781718e-06;8.342142718604603e-06;0.0010480517615031823;0.000878419565432239;5.235913649243021e-05;2.8822602948754177e-05;5.724181019089293e-06;2.6121630314945023e-05;4.33826920147919e-06;7.269410410046492e-06;1.1386705457284471e-05;9.80883020682279e-06
03:21:46;73;1.8016643690802166e-05;1.8812074180275402e-05;5.833570500326276e-05;1.7072970342207388e-05;3.3951087774849754e-05;1.3986237439150335e-05;2.1375367794007616e-05;1.1851718097427073e-05;1.3808734927713637e-05;1.379163287396068e-05;3.64056988024169e-05;1.3646649866865863e-05;1.6309333066611874e-05;1.134859950143023e-05;1.2651686389440123e-05;1.7270056778676306e-05;3.575549759906481e-05;1.4723174761549004e-05;2.2145967290547376e-05;1.2515228482249157e-05;1.4297169319790924e-05;1.4579470557749384e-05;3.8233980330339447e-05;1.4280742993545158e-05;1.670415291945447e-05;1.220435862268448e-05;1.3035082011362036e-05;5.658696773731021e-06;1.1046787773708363e-05;0.00017387149396469627;0.000319676237160308;6.037706506202331e-05;6.889549241598197e-05;3.7385397974865663e-06;2.499094288203257e-05;2.725479712873197e-06;7.98652512736322e-06;1.1452744314467268e-05;9.60845505448137e-06
03:24:30;74;1.930728892189522e-05;1.991009594348725e-05;1.9996487351235885e-05;2.478465476940528e-05;2.0522035148412048e-05;4.26049386703653e-05;1.7037779655156143e-05;1.4873927980829649e-05;1.4264186182282918e-05;2.3267158355948098e-05;1.5493727268924637e-05;1.3496299049816942e-05;1.2143443125399823e-05;1.8629686522331212e-05;1.4569622784031047e-05;2.4759480086836043e-05;2.1527401005659145e-05;4.3233359675365206e-05;1.7543809261479522e-05;1.5799235117373415e-05;1.478377019143236e-05;2.4189445037889158e-05;1.605074054237729e-05;1.4401407699114305e-05;1.2635789482397119e-05;1.8746237436039047e-05;1.5250468268162347e-05;6.309680330632909e-06;1.1540866666846385e-05;4.7700415405541366e-05;7.191626323882667e-05;2.6005515741832578e-05;2.0306004025240385e-05;2.699032778095456e-06;2.0348788053892398e-05;8.596893665313519e-06;5.983284018658308e-06;1.0793920361048827e-05;7.757183928901837e-06
03:27:15;75;1.7941156126643033e-05;1.8599134531127042e-05;4.391054717363204e-05;1.502721277029712e-05;1.9700294724988122e-05;1.8934253275078433e-05;1.5424871995926217e-05;2.6391641999235947e-05;3.796243417882165e-05;1.1287055030415807e-05;1.4562038041338548e-05;1.700199407201291e-05;1.4518730335634121e-05;1.3906016329718279e-05;1.0577323672448943e-05;1.5198490444485678e-05;2.029000653594635e-05;1.921630622677231e-05;1.6113660514079876e-05;2.730081663846445e-05;3.887109718723164e-05;1.2550331011649938e-05;1.522799329559578e-05;1.8227893069476373e-05;1.4823643440753517e-05;1.4578909756408716e-05;1.0790460617246498e-05;8.303502002348172e-06;1.7869284339593657e-05;0.00020958058695052606;0.00013654780102063978;6.739805633222108e-05;2.9540618201697687e-05;2.5029575698656805e-06;1.9644677090137284e-05;9.512265542820823e-06;7.1054102960920325e-06;1.086467978661433e-05;8.056726951028056e-06
03:29:59;76;2.079777034034371e-05;2.1197532250765485e-05;2.9887650157692058e-05;4.566137271085195e-05;1.9259430817183702e-05;5.655435741532115e-05;2.095368203408105e-05;1.1954447884286104e-05;1.0635279560941315e-05;1.6512002612888534e-05;1.4301165946180431e-05;1.6374424920296736e-05;1.271692362985794e-05;1.0476756231205606e-05;1.4173394419003671e-05;4.481976416000295e-05;2.0060806261276815e-05;5.611431565221555e-05;2.1912960734500557e-05;1.2699429100416925e-05;1.122540855053385e-05;1.7047263249475656e-05;1.5096400464336753e-05;1.6890003073196475e-05;1.2566166977977226e-05;1.1270328280871478e-05;1.4667533119054382e-05;7.256755397022073e-06;2.355563312813174e-05;5.731916841487506e-05;0.0001401600383127068;3.667802104619162e-05;1.8774339585042913e-05;3.9223611658411016e-06;4.295599839785755e-05;5.154871069787472e-06;5.4372338593152186e-06;9.341171472061137e-06;8.09621004347207e-06
03:32:44;77;1.868504032968717e-05;1.9195520116791387e-05;4.0679786634358524e-05;1.8298505023298358e-05;2.0881878482855015e-05;1.8654446321875184e-05;2.1127663388979684e-05;1.7010821674096572e-05;1.8356915010609885e-05;1.0673335609758603e-05;1.2867698332156992e-05;4.694514463856401e-05;1.1806262138753192e-05;1.5240666659689271e-05;1.2357139261418773e-05;1.8448508422185527e-05;2.156839598430014e-05;1.881959407818371e-05;2.2521765585443524e-05;1.773571511876071e-05;1.8910031779146094e-05;1.183047358228831e-05;1.3912121981844347e-05;4.621410887552826e-05;1.1828040050768553e-05;1.5910131728963314e-05;1.264734848657007e-05;6.612256092353549e-06;2.6550500525528317e-05;0.00014305585895096944;0.0001997393018770823;5.082096726811416e-05;1.6201151406887322e-05;2.680790222602178e-06;1.6527167455408727e-05;2.9746389365902728e-06;5.2882765935602995e-06;9.571131791043065e-06;8.135398492162617e-06
03:35:28;78;1.4165228854132941e-05;1.5095419591569779e-05;2.528821749455895e-05;7.99824462337607e-06;1.5168007594339047e-05;1.3825514151542187e-05;1.1912625278786106e-05;1.0348286856107983e-05;2.0843755006115895e-05;1.0470118416544045e-05;2.4870338208415887e-05;1.9124110092537773e-05;1.7451397558881414e-05;9.911729211932073e-06;8.058615027163217e-06;8.64883013837013e-06;1.633953656258925e-05;1.4681704036590844e-05;1.3120696362593548e-05;1.117499495413091e-05;2.1460356935987668e-05;1.1318500606027061e-05;2.6192310715371983e-05;2.0232602534484107e-05;1.8556646047059823e-05;1.1094534933869874e-05;8.324317132985615e-06;5.577211993332124e-06;1.3724385118055857e-05;9.713161559162665e-05;5.4473403489755074e-05;4.8089848905373215e-05;2.7914581923756812e-05;2.4088946898989138e-06;3.229362673611862e-05;3.7293685440100154e-06;4.428297330769138e-06;8.617069086455348e-06;5.070306525555714e-06
03:38:13;79;1.3325047995429237e-05;1.3995444026511882e-05;2.7766991175733484e-05;1.1070316139177356e-05;1.8141107239764345e-05;1.3789825589779783e-05;1.607452453294462e-05;1.059345715891492e-05;1.3954039807438015e-05;8.836973513837165e-06;1.0624397343793714e-05;2.186009151149516e-05;9.234019922194586e-06;9.340183278926485e-06;1.6381636440082108e-05;1.1515698473356426e-05;1.9303517903977138e-05;1.4329021044581675e-05;1.712444825414745e-05;1.1389731476995195e-05;1.44515071687111e-05;9.32481312886495e-06;1.117909448998656e-05;2.2304421541269256e-05;9.669621646670621e-06;1.0214910864444299e-05;1.7138538485688756e-05;8.097267061323411e-06;3.572856924706449e-05;7.549757621849955e-05;9.231102055095484e-05;6.224735694119744e-05;1.3344269162704194e-05;2.9270130652610297e-06;2.0674256116473802e-05;3.201152387919863e-06;4.7813214006729295e-06;9.595101628004093e-06;4.79899032872615e-06
03:40:57;80;1.2178680072658857e-05;1.2826319533227825e-05;3.1712880040952794e-05;1.5377892322925906e-05;1.6073607430267987e-05;1.2047736499906394e-05;1.5637706721608165e-05;1.0392727256074027e-05;6.858775108107486e-06;1.3839796494607981e-05;1.4574134385466921e-05;1.2718019481186813e-05;8.10151566164243e-06;1.1341723545786987e-05;9.180522372208667e-06;1.5573109026896603e-05;1.7211437116662936e-05;1.2696496797397679e-05;1.6667647218174018e-05;1.1304742691185933e-05;7.264645814124194e-06;1.4633904546700031e-05;1.5358145337583515e-05;1.3194077929498074e-05;8.503438177193615e-06;1.1924939769149987e-05;9.583246151987048e-06;8.09165796274802e-06;1.5466153792019874e-05;0.00012527722195220474;0.00011494676200942658;4.184562422460136e-05;2.2310870520878572e-05;2.3151644191910903e-06;3.076121727131083e-05;2.989513541460131e-06;4.016433678304677e-06;9.069380781355014e-06;3.4645603379326102e-06
03:43:42;81;1.069260447650322e-05;1.1438987839247154e-05;5.301270705514851e-05;1.1446173310503127e-05;1.4852323867583808e-05;1.1212288972020898e-05;1.3656593241958861e-05;8.790662668254548e-06;8.53674717598613e-06;1.0427132799861738e-05;1.324986964913354e-05;8.367371348844637e-06;7.443508287963141e-06;9.716214918853439e-06;1.0612363524842294e-05;1.1668205152551608e-05;1.615591593725162e-05;1.2135368280401572e-05;1.4700089483499774e-05;9.73234256567202e-06;8.914958873936462e-06;1.1276473293336597e-05;1.4106672304340556e-05;8.982054554554118e-06;7.773821530060524e-06;1.0768105951257571e-05;1.1053841700243228e-05;8.76679220779176e-06;1.6909008724323486e-05;0.00026569896316621755;0.0002334110483199882;4.123847878987124e-05;2.0175504916925493e-05;3.390295739277126e-06;2.2573626886823978e-05;3.69390865930411e-06;4.711645215047585e-06;9.42842966569272e-06;6.1547823705186655e-06
03:46:26;82;1.149606804837979e-05;1.2153553960828664e-05;3.098387420482461e-05;1.3248825921281918e-05;1.6249019983599116e-05;1.0836831937023238e-05;1.7828311745853913e-05;7.808200019806835e-06;9.265628880231445e-06;1.1727928030583454e-05;1.4209490623655215e-05;1.1518263447514569e-05;6.262474298327189e-06;1.0127181162999932e-05;8.870656604255021e-06;1.3240083521677776e-05;1.7139075565335334e-05;1.187472186952791e-05;1.8656919967759655e-05;8.629955820790109e-06;9.590470964914996e-06;1.2784626793705407e-05;1.476932675935051e-05;1.2087081744585369e-05;6.668815313799003e-06;1.1122107975373908e-05;9.279457100103772e-06;7.007978668871845e-06;2.3516658606487235e-05;0.00010419370643109061;0.00013585809231167958;4.1638802182412466e-05;1.3072470783230611e-05;2.0313837247640525e-06;2.142002307063951e-05;4.209946387721244e-06;4.980298401523068e-06;9.276118717474513e-06;4.601011172000612e-06
03:49:11;83;1.0100480476570407e-05;1.0767618536929263e-05;2.4533617126954777e-05;7.594597752296812e-06;1.181828270285285e-05;1.3425048891235747e-05;9.793088137593548e-06;8.677419299632758e-06;9.741490675775243e-06;1.0920698984632923e-05;1.4887982600762164e-05;7.75606145450328e-06;9.271598470144744e-06;8.44279125415555e-06;8.876701976134882e-06;7.779822606354646e-06;1.3172328768241296e-05;1.3821670592411074e-05;1.0897287153701527e-05;9.577325082445206e-06;1.03846336854456e-05;1.1709729485890513e-05;1.5680968847189872e-05;8.183344026649507e-06;9.571692495412691e-06;9.282068656576957e-06;9.150548291322996e-06;7.889831694682625e-06;1.3240859607329516e-05;0.00010116343191399417;6.559333245827911e-05;4.005749464440656e-05;1.5961456252977675e-05;2.3165103077095358e-06;2.682528288207835e-05;3.63392837964602e-06;4.702926401034446e-06;8.757352247157398e-06;4.260998734161981e-06
03:51:55;84;9.551972236853214e-06;1.0207201279327716e-05;3.840209866341402e-05;9.035005093819977e-06;1.1848605590165045e-05;1.4373183542592084e-05;1.151320616799012e-05;7.789371445067093e-06;6.015313820222962e-06;9.539356813480605e-06;1.1449159618915804e-05;7.843871182315484e-06;9.718792622560489e-06;6.883041796160424e-06;8.614755515168326e-06;9.269271571081592e-06;1.2941605815239534e-05;1.4735408869823971e-05;1.2726863933264063e-05;8.763287289322669e-06;6.191166661826369e-06;9.751003434055608e-06;1.2373769538809732e-05;8.593793039306294e-06;1.039541894563546e-05;7.702867329683187e-06;9.041955688845991e-06;6.654157538486824e-06;1.913364808432996e-05;0.00014506450618830306;0.00016504191036504956;5.5922345770719996e-05;1.873390344672379e-05;2.1663872840863742e-06;2.330400474894783e-05;4.422156452952023e-06;5.211098277247538e-06;8.921948970603085e-06;6.24911683351817e-06
03:54:40;85;1.0377780835245755e-05;1.1094750127223868e-05;2.1733251546128033e-05;1.5616015518431098e-05;1.0730589337981655e-05;1.1742350619928485e-05;1.0261300815918936e-05;9.061164653510126e-06;6.078799833437126e-06;1.137380784980864e-05;1.357335187890385e-05;1.121981284639291e-05;7.344719808021306e-06;9.617561057692372e-06;7.913892193042473e-06;1.589315746094121e-05;1.1706888598601387e-05;1.273113062043079e-05;1.1493930506281985e-05;1.0094200281199374e-05;6.466458242794954e-06;1.189461891965637e-05;1.4397177714088201e-05;1.1853580826361476e-05;7.893153745303434e-06;1.0353165093932414e-05;8.359536152540063e-06;7.222478440193178e-06;1.3184405793942458e-05;5.361101184585859e-05;6.878786656625871e-05;5.340631363658526e-05;1.9298593375678976e-05;2.261421822704331e-06;2.1626959088559222e-05;2.9397482837342432e-06;4.644361356202003e-06;9.010677187869846e-06;4.8051811559495905e-06
03:57:24;86;8.599135213671616e-06;9.308147404042273e-06;3.585312629669499e-05;7.856717981011032e-06;9.950190414155134e-06;1.0020567452655046e-05;9.63159465460318e-06;7.187573339577242e-06;9.258885451789535e-06;7.890603683658913e-06;1.164350675253445e-05;8.827615998670394e-06;7.585252794358026e-06;6.216556252395962e-06;7.120554150348695e-06;8.162969722054438e-06;1.0999538672773338e-05;1.076403573797161e-05;1.0958216448728574e-05;8.060259351392993e-06;9.672179122746825e-06;8.149750556185609e-06;1.2573351531373881e-05;9.673602677669149e-06;8.106839508216097e-06;7.014130506497997e-06;7.562891467018687e-06;6.9076852479884115e-06;1.454949114499763e-05;0.0001462489975859472;0.0001482655075349453;4.6671320427484745e-05;1.7428169899786568e-05;2.2601696169038404e-06;2.507974724571848e-05;3.7640016734318474e-06;4.432122945285573e-06;8.94525135363335e-06;5.685050884216954e-06
04:00:09;87;8.97737133569039e-06;9.708093220748957e-06;3.458259901779079e-05;8.060627089114611e-06;1.064091740749456e-05;8.967524452300909e-06;1.041851097547599e-05;7.507252525003465e-06;8.72901821870962e-06;1.3713782661542693e-05;1.2403267063441284e-05;7.09964276911602e-06;6.007626179315263e-06;6.801064289034415e-06;7.3792186447783274e-06;8.4827022103035e-06;1.1721033267430001e-05;9.63019777983287e-06;1.1674266238227159e-05;8.48386637503436e-06;9.118527273879213e-06;1.438455890682327e-05;1.319658871626082e-05;7.794137552162836e-06;6.5934335032556815e-06;7.611598448420409e-06;7.806205902150257e-06;7.60219190059844e-06;1.077287167693448e-05;0.00016042456375237212;0.00012906246364763604;4.12866990211069e-05;1.4773861794344392e-05;2.7434708784810708e-06;2.535001187052555e-05;4.1496385706447725e-06;4.303154567634644e-06;9.097738365515195e-06;5.424522167695966e-06
04:02:53;88;8.329788322214426e-06;9.045182691173793e-06;2.8028879189714222e-05;7.046157980477636e-06;9.768149373004773e-06;1.0422650844206641e-05;1.1462124512397828e-05;9.207595907541458e-06;6.947464898326478e-06;7.335270368971888e-06;1.0082074986428324e-05;8.014857769467199e-06;5.656127898651613e-06;6.730193243113676e-06;7.284788684361584e-06;7.4035995716764735e-06;1.0879949709478637e-05;1.1092032487979424e-05;1.2667246572831733e-05;1.020580462357464e-05;7.381823833602999e-06;7.770985144194543e-06;1.0773807400854118e-05;8.830193933193452e-06;6.2567474581360154e-06;7.560606643638966e-06;7.71939163959233e-06;7.105624827735838e-06;1.4773370522880885e-05;9.169433597959144e-05;0.0001103332540560271;4.847413394911912e-05;1.592065706672769e-05;1.9464060522142007e-06;2.310311043562597e-05;4.088246614816696e-06;4.191097656249212e-06;8.874086992166609e-06;5.842226123416002e-06
04:05:38;89;8.364319249665186e-06;9.095839945812373e-06;3.0636133940390784e-05;7.812470472727414e-06;9.569801994240896e-06;1.0175988380338326e-05;1.0639422293159193e-05;7.5232926119187224e-06;6.8757448038974705e-06;9.095488427393859e-06;1.0522215174804925e-05;7.991724726511249e-06;6.440715036859501e-06;6.81889968328681e-06;6.906063843943726e-06;8.3066372697638e-06;1.06403298605649e-05;1.0851073367823257e-05;1.1892240867313422e-05;8.518121842515236e-06;7.319701316065002e-06;9.655149122270906e-06;1.138000727476975e-05;8.726654333615812e-06;7.005346675743821e-06;7.6024080447530625e-06;7.252405454512226e-06;6.856442537636266e-06;1.574231676608452e-05;0.00010392737000344746;0.00013079034762004076;4.634786576946407e-05;1.614422245728565e-05;1.888763279093792e-06;2.3234125250374916e-05;4.023790598950021e-06;4.220161910718296e-06;9.024233391822406e-06;5.433967699771248e-06
04:08:23;90;8.035563824519572e-06;8.775064940626962e-06;3.0315165360092244e-05;8.947036116586043e-06;9.380830447143621e-06;9.256460565800559e-06;1.0029028217026983e-05;7.117641160257128e-06;6.929949871644939e-06;8.184402207430965e-06;9.856438078967047e-06;7.184998297175711e-06;6.421509364170933e-06;6.296116316791127e-06;6.822351964010729e-06;9.200086429999932e-06;1.0417553082184388e-05;1.0102868088059822e-05;1.1216948620775711e-05;8.149375504747039e-06;7.411594916574577e-06;8.8581902926745e-06;1.0689136558274968e-05;8.042517072658196e-06;6.902498107938069e-06;7.122694603799285e-06;7.187312112824956e-06;7.331416601980027e-06;1.430590973223924e-05;0.00010911974047863809;0.00011820198183797177;4.775684478975386e-05;1.785190806647884e-05;1.9457944713866316e-06;2.437324394720089e-05;3.99467626894978e-06;4.395693834805274e-06;9.038860025578716e-06;5.465914266123776e-06
04:11:07;91;2.6173541057646204e-05;2.6936907384948382e-05;0.00014962694512028727;1.4956275255687244e-05;2.6596309073635315e-05;3.813016506238785e-05;6.160670073479031e-05;1.4471882240937619e-05;1.7738346971637757e-05;1.9831126953756044e-05;1.7295827247339318e-05;2.2961828106944765e-05;1.7794614455562456e-05;1.6751597729322302e-05;4.5947810933326267e-05;1.576144052394946e-05;2.7992670639614055e-05;4.033552238380955e-05;6.145248150886213e-05;1.5237000413055537e-05;1.91322565287804e-05;2.008663843206463e-05;1.7998294217388228e-05;2.3881522447712236e-05;1.731910512567486e-05;1.713087217640235e-05;4.6915075944514085e-05;1.1199997495020984e-05;9.03092609449436e-06;0.0009627445541806317;0.0006836804730856249;5.950042167887609e-05;1.834177226369854e-05;7.179942264391602e-06;1.822846585272527e-05;5.010957064434035e-06;5.368140028982367e-06;1.119934737596775e-05;4.038344058599612e-06
04:13:52;92;2.089933065266533e-05;2.173949749565601e-05;3.468396887219487e-05;1.362724943021476e-05;3.184166283435016e-05;5.789007348704961e-05;2.4608724492674643e-05;1.5453526705238634e-05;1.3812424314287661e-05;1.785418572033202e-05;1.651653271944104e-05;1.7074990447502554e-05;1.6367363232658054e-05;1.1251680579572497e-05;1.4493546448012363e-05;1.3753994550560365e-05;3.3243937052040705e-05;5.7892515991325934e-05;2.518381430329814e-05;1.6633233009329908e-05;1.5076617722725938e-05;1.8742236350106717e-05;1.7077359637979393e-05;1.8116968516827726e-05;1.876921294153155e-05;1.1442921570764892e-05;1.4941151215380966e-05;5.150543042570236e-06;3.220374359882562e-05;0.00011965819144336028;0.0001209629917175458;2.4990310945380358e-05;5.0571726007541765e-05;7.048318623644329e-06;2.9518745354122827e-05;5.066183694581201e-06;5.981006445619918e-06;9.835101089278338e-06;5.220764503867703e-06
04:16:36;93;2.2235638304189045e-05;2.3090989814107482e-05;4.340493986112813e-05;1.357731652262828e-05;2.431842840296254e-05;2.133831687377675e-05;1.9071093059349923e-05;4.485750416578908e-05;1.2636830739154448e-05;1.3402758034560106e-05;1.3570177472388423e-05;1.528057089604896e-05;2.9612067484146625e-05;2.0006940714396975e-05;3.915564899288752e-05;1.3774229011710592e-05;2.5336008317786258e-05;2.1711573176214153e-05;2.0122431619078086e-05;4.572429619817936e-05;1.3591945562323797e-05;1.4821193682236518e-05;1.4624292056902924e-05;1.6348697557342475e-05;3.121452147429927e-05;1.9653538551717212e-05;4.016914220911427e-05;6.3266419719787885e-06;9.099983875511731e-06;9.936200929360208e-05;0.0002103013914412727;4.210381575605419e-05;9.833754483333184e-05;2.560786731669723e-06;2.4932214267427373e-05;7.4472466636730515e-06;7.081925911165991e-06;1.048369974974977e-05;2.82201783810033e-06
04:19:21;94;2.0367062482116374e-05;2.099979992866033e-05;5.352349794667514e-05;1.1560112109262635e-05;2.4726866819626345e-05;2.450809362063534e-05;5.0007552679496506e-05;2.4685062333612056e-05;1.2307456372504724e-05;9.52653787064409e-06;1.5051763844036776e-05;1.556076591281329e-05;2.9482450549587405e-05;1.5336965183430287e-05;1.1651114295251443e-05;1.2272295085103561e-05;2.5285931597069597e-05;2.5195003390648177e-05;5.030496483609741e-05;2.5329966809271975e-05;1.2678951861744281e-05;1.0189873154547368e-05;1.566079359529599e-05;1.6699581476730807e-05;3.12573166998454e-05;1.5300512661523028e-05;1.1822401954961169e-05;6.864233293059132e-06;6.462148633131644e-06;0.00012197630567317835;0.0003305942304953197;2.405421480787692e-05;9.436390339999643e-05;3.2605561137174366e-06;3.078611906350013e-05;4.228084472479512e-06;5.60806432945923e-06;9.15994855944581e-06;4.9241665189374115e-06
04:22:05;95;2.4103213829365895e-05;2.443730830501535e-05;3.0020929763192286e-05;3.279060511183409e-05;1.6688509791539342e-05;4.212617433422979e-05;4.0595836599715604e-05;2.0683246989702557e-05;1.434777611047428e-05;1.3140877569448797e-05;1.8138412129205378e-05;3.725949362505658e-05;2.103612648082534e-05;1.7756720163736812e-05;1.467477952262057e-05;3.37468623865213e-05;1.7752480283589543e-05;4.136410678233627e-05;4.2442203105369855e-05;2.130815748755652e-05;1.4707127993921248e-05;1.312290805799421e-05;1.8482035557099152e-05;3.700600846750143e-05;2.059063572693348e-05;1.77758377653442e-05;1.4949329080899346e-05;7.724355294794798e-06;7.3001331165505825e-06;4.190384254104476e-05;0.00016779167311624477;2.1916179643368857e-05;3.022696041187251e-05;2.9752458812426053e-06;4.4891718990298404e-05;1.575846512427423e-05;5.035982865871604e-06;9.758492630913256e-06;4.968107541831061e-06
04:24:50;96;1.924544890321365e-05;1.993237492570188e-05;0.00010733121023039739;1.2029708911272378e-05;6.783501116429265e-05;2.108733611872925e-05;1.7738428915301732e-05;1.4383090807257304e-05;1.4520838576650228e-05;1.194615486290538e-05;1.5091099435628827e-05;1.0795054717117512e-05;1.3118895492683889e-05;1.9930572783912545e-05;1.2469187311771954e-05;1.2747080325402461e-05;6.948481967799436e-05;2.2317090733389406e-05;1.841091069982673e-05;1.4797705849168434e-05;1.4588247365822951e-05;1.3429363057587615e-05;1.5373539663644955e-05;1.1641324518574106e-05;1.271949205274032e-05;2.0843969708304157e-05;1.2834946896355522e-05;8.41735868250857e-06;7.736747772492339e-06;0.0007948019917260141;0.00029684646613405515;7.834718633423157e-05;3.2166546553203056e-05;6.044994293713128e-06;3.816301838070256e-05;4.502559553706448e-06;5.33156001691499e-06;1.0495612168802065e-05;5.1204811484242925e-06
04:27:34;97;2.362848883049909e-05;2.3810503621404414e-05;2.471938889478609e-05;3.197530636937658e-05;1.9886921628333518e-05;3.4700174938703555e-05;2.5859517778185776e-05;2.126885421722074e-05;1.3158264616079537e-05;9.565145041599202e-06;4.8544602035152906e-05;1.935958452877044e-05;3.034597906228307e-05;1.2383807136922604e-05;1.6493700998280886e-05;3.123361317262561e-05;2.154926470568539e-05;3.3127107610797094e-05;2.68931025972581e-05;2.1814544301309114e-05;1.4661730600420026e-05;1.0408051637085332e-05;4.718516045821023e-05;2.0199306704795808e-05;2.8024847963508043e-05;1.2832250653261752e-05;1.7797056702702435e-05;9.996721790553373e-06;1.4307044410181457e-05;8.151624863799822e-05;4.001016055352077e-05;5.812639631840656e-05;3.647465825859784e-05;3.4655712750144754e-06;2.7994501600402737e-05;8.266329061051924e-06;2.8590775865746154e-06;7.861439316146807e-06;5.754517928984287e-06
04:30:19;98;2.099838592719359e-05;2.1652393691430363e-05;7.712006872211221e-05;2.5819540755120133e-05;3.936561732457862e-05;1.222550646931805e-05;1.4103228670075458e-05;1.4779852432024075e-05;1.495226452680692e-05;2.261620188516066e-05;1.6350170073761465e-05;1.7704308184172326e-05;2.9524941869464204e-05;2.2746726987644582e-05;2.179226457986839e-05;2.518448076720049e-05;3.98730522946711e-05;1.3394672937983724e-05;1.4794131454402327e-05;1.5249460766772014e-05;1.5165097972350872e-05;2.5292668638778908e-05;1.6951326755058945e-05;1.851081548080355e-05;2.983643196186469e-05;2.3097633316013607e-05;2.247894643673296e-05;7.131173347667033e-06;1.7108896420777342e-05;0.0004445491948053147;0.00032509198974206886;5.150155927968615e-05;1.5544745271554884e-05;4.687288628103524e-06;2.8301847498165202e-05;3.696783830345895e-06;1.1823815799693666e-05;8.681814166401488e-06;7.321715875567425e-06
04:33:03;99;2.1079768277910592e-05;2.176954934194454e-05;3.781991097160793e-05;2.6148234508386022e-05;3.407709438234137e-05;1.397096818323007e-05;4.46341093746386e-05;1.620039673933992e-05;1.6031972902200405e-05;1.7249096514278378e-05;1.785964089862091e-05;1.5337835534978694e-05;1.5628688173437283e-05;1.9374948436734485e-05;1.6444227061252935e-05;2.7141113167988208e-05;3.568998243603737e-05;1.4655904423410834e-05;4.5176119979432655e-05;1.689089345699692e-05;1.6441834005387206e-05;1.8144185905609298e-05;1.8763306475711596e-05;1.6281269427629843e-05;1.567468473384204e-05;1.9850404816127053e-05;1.652488500912102e-05;7.69438367889156e-06;7.969760635457837e-06;0.00022196124543425125;8.915715504454693e-05;5.400670383153081e-05;2.6029529280356126e-05;3.760415225894121e-06;2.060554079102804e-05;2.937664159553632e-06;5.5343679277493016e-06;9.572166566125126e-06;4.609999083910424e-06
04:35:48;100;1.787561595149741e-05;1.832591914523929e-05;2.5161164227827228e-05;1.1793777141313264e-05;1.5900144213467435e-05;2.588462318571642e-05;2.186516171966766e-05;1.3408220888648389e-05;1.689071443680942e-05;2.1439877717067578e-05;2.1068440843082087e-05;1.687768596654719e-05;1.587150816559105e-05;1.632923130562796e-05;1.7177998258107024e-05;1.1964767284702755e-05;1.6790428692073404e-05;2.602025694003818e-05;2.2474949103905347e-05;1.4090370037777149e-05;1.6895647765718594e-05;2.3006499379588133e-05;2.1080955706611924e-05;1.7745736944492863e-05;1.578103334234388e-05;1.6526020288760656e-05;1.753435611170039e-05;6.7828660694319075e-06;8.455279023928902e-06;9.880205136639556e-05;6.681173193036024e-05;4.647626236570882e-05;2.146798921397063e-05;4.563322262259886e-06;2.0783012444079662e-05;4.4719116970742245e-06;6.185954335601066e-06;9.082451574465503e-06;8.051138450650177e-06
04:38:32;101;1.6656571808291368e-05;1.7178230463505776e-05;4.270584532674868e-05;1.9338529621780832e-05;1.9678031636968544e-05;2.45043997673313e-05;2.887878757333469e-05;1.332603712905273e-05;1.1584951751847877e-05;1.3598556932301811e-05;1.140378739576549e-05;1.5038934044107258e-05;1.0429685974987603e-05;1.717035034041394e-05;1.4926802388066045e-05;1.9903649341427764e-05;2.0607233279947593e-05;2.4171654170263365e-05;2.964794975348094e-05;1.3871550885297335e-05;1.1701750911959585e-05;1.425586386959148e-05;1.201721225479099e-05;1.596987300517061e-05;1.04397019606063e-05;1.7958335095649596e-05;1.5593984255845705e-05;1.007607951746234e-05;1.874275480311037e-05;0.00018673759462404493;0.00017895699017657425;4.58181888864872e-05;2.4135548233476898e-05;3.5550256432669274e-06;1.7229112816135364e-05;5.393220607300725e-06;6.216780957459595e-06;9.341983551231452e-06;6.266864104434235e-06
04:41:17;102;1.7066077886469927e-05;1.7785704297734177e-05;2.1144116678464744e-05;8.317446228483567e-06;1.5535510667322424e-05;1.8687762532594704e-05;2.0673668594575e-05;1.3996240980418406e-05;4.981023711665826e-05;1.1782643584529689e-05;1.0170041262307967e-05;1.4315880498181535e-05;8.33808707961287e-06;1.7944975667205654e-05;1.5220432840382356e-05;8.41561507778478e-06;1.6448608382429655e-05;1.9617153525417316e-05;2.2188634093139095e-05;1.519596071951047e-05;5.040255790028155e-05;1.2966136194025446e-05;1.0756013194576887e-05;1.5044459198893318e-05;8.486576525338254e-06;1.8466803397396816e-05;1.543992763074613e-05;6.123686451029484e-06;1.9909165438355017e-05;6.963737959810769e-05;4.882490643334812e-05;4.7419278702975596e-05;1.2909465370889673e-05;4.1089827293896185e-06;2.2638900946345007e-05;3.795647806866559e-06;3.734487945857153e-06;9.463109171961507e-06;5.16438954645153e-06
04:44:01;103;1.3566635122298397e-05;1.4154093876157599e-05;5.7498165226050985e-05;1.813820681723593e-05;1.3696158650201472e-05;1.0119591388372969e-05;1.3697096388976991e-05;2.30766810899881e-05;8.359742856421029e-06;1.5872150932884985e-05;1.3904327532414259e-05;1.0027474682513828e-05;1.3067920789922027e-05;9.689631196801491e-06;1.3150634972899669e-05;1.7897734277873576e-05;1.456719308154351e-05;1.075906583295525e-05;1.48127479244781e-05;2.392208679788083e-05;8.76826849970355e-06;1.6426890811723027e-05;1.4322149869672736e-05;1.0547086230296454e-05;1.3725049490248342e-05;1.0140694692243507e-05;1.3960155810528256e-05;6.594965096435088e-06;1.9255617453051068e-05;0.0002710207378675275;0.00027419621314210297;4.676944205554893e-05;1.6024413060012776e-05;5.837216966212076e-06;2.6647247931458415e-05;2.7820695487206265e-06;4.83464797409392e-06;8.50180700990439e-06;7.5136046075440465e-06
04:46:46;104;1.55665657282291e-05;1.6157866331370684e-05;3.209300313894326e-05;2.8857787304497666e-05;1.2708413870334631e-05;1.3626612499706425e-05;1.3967118000188996e-05;1.055361453629964e-05;1.3869600271670441e-05;8.583528488708742e-06;3.11124302124261e-05;1.5930807806667374e-05;8.166088939276506e-06;1.2224346932043773e-05;1.7198433579582424e-05;2.8872443284784866e-05;1.3278610787915856e-05;1.4225045681915973e-05;1.4943288585493087e-05;1.1198435332298225e-05;1.4294201270176121e-05;9.836976701829176e-06;3.1626012796665764e-05;1.637198268246168e-05;8.582427124312307e-06;1.2944169991643793e-05;1.7720796366327568e-05;1.1486970736984638e-05;1.3417735005738827e-05;0.0001556456469514732;7.765026139249103e-05;4.510316360970769e-05;1.5907609215997435e-05;2.934959228503852e-06;4.11463143539227e-05;3.395354198315938e-06;4.677694892318273e-06;8.785064413760954e-06;4.965263668104566e-06
04:49:30;105;1.537924867084877e-05;1.609566148729329e-05;6.35126837131299e-05;1.2433400881790972e-05;3.727604185531742e-05;1.0882216328540876e-05;1.2667017903760842e-05;1.5287801270408803e-05;2.1031118651845563e-05;1.7382281700148187e-05;1.2642266571948436e-05;1.0158895433159449e-05;1.0201214164143577e-05;9.678122889443909e-06;1.4910601131325826e-05;1.3094954191487137e-05;3.823614105949903e-05;1.1766390171148107e-05;1.3932835476156516e-05;1.659509782740902e-05;2.1362742412333595e-05;1.826818594123278e-05;1.297614064725754e-05;1.074127299092007e-05;1.07706997380463e-05;1.0284408468762678e-05;1.5119063074870368e-05;5.51283193360457e-06;1.213597705289916e-05;0.000418715439397286;0.00014996357173741612;7.561353014644203e-05;4.7182256016362214e-05;2.4716833368434675e-06;2.9513336752855053e-05;2.7697373983399726e-06;4.457735945740199e-06;9.10616582773788e-06;4.709939012032391e-06
04:52:15;106;1.4845956243902947e-05;1.5677836961890245e-05;3.30604227225479e-05;1.4269364307040178e-05;1.9506529262323305e-05;1.3853449391118291e-05;1.1899852151099243e-05;8.094041344073524e-06;7.966586606238996e-06;2.3009354560020835e-05;1.0256322095937197e-05;4.031264618282132e-05;7.67807821492025e-06;1.0202137631345273e-05;1.1103108529394747e-05;1.4322231206129293e-05;2.041737966867948e-05;1.4635342970133841e-05;1.315903131099627e-05;8.850137045199148e-06;8.421082315226734e-06;2.5178950083868643e-05;1.1002465133152569e-05;4.1505244748977815e-05;8.128617836622584e-06;1.1013266332524893e-05;1.150028848441471e-05;8.491416349119642e-06;3.4988585530493026e-05;6.885005427442699e-05;0.0001601851967339582;4.360789517262284e-05;3.4919768797326814e-05;2.6482758349300895e-06;2.5368731767291966e-05;1.6611649765585906e-06;3.112806461059519e-06;7.907695402403746e-06;4.9834813703833635e-06
04:54:59;107;1.1224389089131199e-05;1.168813334423916e-05;2.2090243369031457e-05;1.5102323346964527e-05;1.9258000846052298e-05;9.561335636928705e-06;9.715532444493585e-06;1.0635138048604114e-05;7.705169114625608e-06;5.561487586902558e-06;1.5543326897086857e-05;1.162090702099373e-05;9.946700361302357e-06;1.2713295339624024e-05;7.32944895854747e-06;1.4739590553773855e-05;1.97659955338628e-05;1.0127994318270194e-05;1.0674343788126908e-05;1.1454529814290243e-05;8.095133925732476e-06;6.028600715074424e-06;1.5846750136892917e-05;1.2731468883384302e-05;1.0004077000614209e-05;1.3143816869171732e-05;7.645294772373745e-06;7.91373643887845e-06;2.434659079228654e-05;6.264070296407e-05;4.3622668533914395e-05;6.386569391639495e-05;1.7972135684294207e-05;1.7567784250374541e-06;2.2053127058034972e-05;4.205246023698232e-06;3.2450147991999327e-06;9.102510495952048e-06;4.358715296616353e-06
04:57:44;108;9.290796540349014e-06;9.874460616468045e-06;3.990610715210385e-05;1.1632743752830844e-05;1.1530570015400537e-05;1.0573447192867166e-05;1.0619084349627883e-05;9.287093726778101e-06;7.313501519945476e-06;9.2402879177717e-06;9.815857486666408e-06;7.826640809066083e-06;6.64385152243147e-06;1.0723611229547135e-05;6.282865466354017e-06;1.179954530545982e-05;1.2253062984971713e-05;1.1494460281189472e-05;1.155263435987452e-05;1.0153933584937292e-05;7.6276869146533525e-06;9.667208699663863e-06;1.0386203631598988e-05;8.516781684803287e-06;7.044307650072438e-06;1.1396820452860026e-05;6.600878954993243e-06;7.463442738915283e-06;8.48243139320698e-06;0.00019720577747315502;0.00017011149682533415;3.4230386602157184e-05;1.8255401164180434e-05;1.9736590126351276e-06;2.2145603244718957e-05;2.2690883584515417e-06;3.525081824396067e-06;8.81054310111939e-06;4.40037408697604e-06
05:00:28;109;1.180908187011069e-05;1.2398905606529251e-05;4.0059943620851186e-05;8.527860176405449e-06;2.3412584539528325e-05;8.471878565139626e-06;1.091704556960787e-05;1.2831075796849621e-05;6.508870786348098e-06;1.4047318717690484e-05;1.162331326815485e-05;7.103279781584991e-06;6.1415645815026725e-06;2.318710085221069e-05;8.937086255529762e-06;8.70928549455682e-06;2.3994099759460645e-05;9.185449724537659e-06;1.232650332365412e-05;1.3549601549763068e-05;7.070332225040044e-06;1.496770712521216e-05;1.1894778512951348e-05;7.602988026070606e-06;6.470778420338366e-06;2.3746231208055108e-05;9.26910654959988e-06;6.550410409306288e-06;2.43280371870293e-05;0.0001581458150752231;0.0001734976833779839;5.231365099186314e-05;1.9681371551740712e-05;2.8247527496565425e-06;2.190753918156188e-05;3.3563507352895733e-06;4.1860907259018256e-06;8.845003157862376e-06;5.082618306795669e-06
05:03:13;110;9.620258177795387e-06;1.0413900528436887e-05;3.74209846718949e-05;1.2374289977659911e-05;9.220711903749775e-06;8.41178982501457e-06;7.86290678110969e-06;7.753703111487456e-06;7.595007321402715e-06;1.0538432102888153e-05;2.0747418323646176e-05;7.098631303780291e-06;6.846066810339835e-06;8.309312160680417e-06;8.684825134769818e-06;1.2824204313341098e-05;1.0153418816692384e-05;9.403010913450124e-06;9.182613073882081e-06;8.705962367849115e-06;8.29901676332133e-06;1.1189554663383493e-05;2.179870533595183e-05;7.67888394864114e-06;7.122283057446733e-06;9.129019417741802e-06;9.480129381101299e-06;6.956651546340674e-06;8.721895732523502e-06;0.0001999240017173667;0.00013941888354278677;3.6130862341760636e-05;1.3183149923130336e-05;1.8448540938211696e-06;2.2652392217073624e-05;2.462689550294785e-06;3.538402019372121e-06;8.428005712935648e-06;5.790027665332776e-06
05:05:57;111;8.852822270326174e-06;9.49301607484997e-06;2.942450056114757e-05;9.783041282932201e-06;1.2152803139093232e-05;1.09629843420707e-05;1.0928684983727264e-05;7.227506849328723e-06;5.57452231058681e-06;1.3642004228325339e-05;8.280955879317018e-06;6.010532026514491e-06;6.3037791471613635e-06;6.360201129883659e-06;9.006848200437451e-06;1.0048397920791448e-05;1.3102873812316876e-05;1.1572307864264098e-05;1.2275510246731353e-05;8.027381492083115e-06;6.0334162822936715e-06;1.4395871771797185e-05;8.86968908023938e-06;6.744320412681075e-06;6.58510638850548e-06;6.842977746842573e-06;9.418336543880102e-06;6.5506509596422715e-06;2.9215816961910435e-05;7.874082293973905e-05;0.00013137469679653664;4.9254711041810656e-05;1.4791551462313807e-05;1.7701395071647406e-06;2.222698796667943e-05;2.7082728291694362e-06;3.486532102095319e-06;8.64545641413621e-06;4.328367752572932e-06
05:08:42;112;8.54090171613238e-06;9.123675537714145e-06;2.0880999323744747e-05;1.053913836944854e-05;8.971618776534093e-06;1.3030712925011688e-05;8.565833260315065e-06;7.112935330672537e-06;7.075721169061663e-06;7.80100985086175e-06;1.1291946289692202e-05;1.0615813001183225e-05;4.7118440313909105e-06;6.15064901797847e-06;6.623595093008754e-06;1.0740680276676703e-05;9.791402428877345e-06;1.3516192908193975e-05;9.631966994548528e-06;7.951131833636548e-06;7.48789927709805e-06;8.526899208949476e-06;1.1823162873917703e-05;1.1157146932246292e-05;5.059133679389584e-06;6.75533909065674e-06;7.043146490127871e-06;6.653454557848251e-06;2.0253691256576953e-05;5.405217188821462e-05;5.26563338067391e-05;4.695085487507272e-05;2.4835815622999985e-05;1.482969520416354e-06;2.4415453576990924e-05;2.331326654670256e-06;3.383563246551483e-06;8.167012976931206e-06;5.38934390192524e-06
05:11:27;113;9.020285191432073e-06;9.695758768729423e-06;2.9963607285781193e-05;6.603193136682379e-06;1.1294064270311372e-05;1.2609271339866526e-05;8.56268584408843e-06;7.95078606911788e-06;4.685594783766915e-06;1.1457765931507682e-05;1.0131890453573595e-05;7.89697671747676e-06;1.237616633692989e-05;7.084132157331169e-06;7.590891722551098e-06;6.978996369278182e-06;1.210935034244277e-05;1.3314487729030013e-05;9.730984356217131e-06;8.78447765242964e-06;5.042650593191244e-06;1.212634728451317e-05;1.105799458544632e-05;8.546804663269483e-06;1.2881059572901915e-05;7.799517869541518e-06;7.976431431957223e-06;6.388095533184438e-06;2.9969331677516514e-05;7.094969072437956e-05;0.0001307112120692897;5.0744935983225354e-05;2.6486967902529135e-05;1.6951830161053735e-06;2.33846746657097e-05;2.7410899265778277e-06;3.040452119386786e-06;8.603348864453873e-06;4.848304947016059e-06
05:14:11;114;6.947303134552385e-06;7.592716405891719e-06;3.089356212616283e-05;1.142537414593066e-05;8.880529445062537e-06;7.1049815856967635e-06;7.427142993389101e-06;6.556679242531903e-06;4.2434409993125595e-06;5.139125981979863e-06;9.797636554832355e-06;6.682762733331319e-06;4.833357884269741e-06;5.4705621104615565e-06;5.806041922149709e-06;1.177857675544676e-05;9.731787509114344e-06;7.84085363239349e-06;8.53445573992286e-06;7.3936977186568135e-06;4.6281579929937036e-06;5.904402078618959e-06;1.0353781023315858e-05;7.280946198378946e-06;5.234258755012025e-06;6.138676349397843e-06;6.292999652159088e-06;8.657638836793072e-06;2.1988626158866182e-05;0.0001107674727267202;0.00011649905706287797;5.0589442366506916e-05;1.9199326601258093e-05;1.5126314457217781e-06;2.4846952335927405e-05;2.668441311639017e-06;2.791714887668554e-06;7.789403729954737e-06;3.412038050019939e-06
05:16:56;115;7.4954196171781655e-06;8.11245499329444e-06;3.078317733440671e-05;1.085485809617446e-05;7.765689284026807e-06;7.385869496607194e-06;7.666371901264442e-06;6.805471242382117e-06;4.638857261793109e-06;7.3993669954833505e-06;1.075730196152914e-05;1.0435176568664287e-05;4.4731542171338e-06;5.1178987761282064e-06;6.645017056686439e-06;1.1084125755495492e-05;8.618892099801524e-06;8.264132150002354e-06;8.866659921790692e-06;7.481632778014696e-06;4.955230402813442e-06;8.298154942259558e-06;1.1407059377280014e-05;1.0857039710629844e-05;4.8224276270047994e-06;5.8623671244461125e-06;6.831735028086607e-06;7.270004515005022e-06;1.9625510495299288e-05;9.190353096813542e-05;0.00012340275186031483;5.567087126863007e-05;2.8881450898624936e-05;1.5904659505704822e-06;2.330653117403176e-05;2.2427826132564603e-06;3.0510352208611496e-06;7.546128599174454e-06;4.907064448976569e-06
05:19:40;116;6.750972861947378e-06;7.4387655930175106e-06;2.4467421991566505e-05;9.151439918107165e-06;1.0340260405169746e-05;7.435366232367745e-06;8.087572762282104e-06;5.637254118214101e-06;4.976621448352344e-06;6.351548248643852e-06;6.910656374259361e-06;8.40057921956052e-06;3.874834559718982e-06;4.927472758385999e-06;4.91806620672719e-06;9.494864260184702e-06;1.1155412002027114e-05;8.267469097575751e-06;9.372299372662844e-06;6.569225125888265e-06;5.4505628639485105e-06;7.277608283747892e-06;7.43760241836949e-06;8.96727806320996e-06;4.309120249327183e-06;5.666895849341777e-06;5.296847143942119e-06;7.420335618361838e-06;1.835792269806466e-05;6.57992788834741e-05;0.00010313535351706833;3.8416170677967656e-05;1.8774377137759915e-05;1.6894289132062945e-06;2.242392951931005e-05;2.7401536221535215e-06;2.6610929142047445e-06;7.76865938787613e-06;4.4223610093508086e-06
05:22:25;117;6.557344192324101e-06;7.214945952322914e-06;2.4121365418554158e-05;7.268031487357844e-06;7.147389654510954e-06;7.9593900782594e-06;7.067256757667647e-06;5.922134181188002e-06;4.994166657597403e-06;7.895636819910123e-06;9.359942040341387e-06;5.63314162281937e-06;5.137794792437427e-06;4.56275249469875e-06;5.740491794884147e-06;7.4827389020172145e-06;8.01901415809569e-06;8.750683039729263e-06;8.25214157908082e-06;6.742970595905142e-06;5.2462495993575986e-06;8.800086930080663e-06;1.008004247074795e-05;6.262625712351328e-06;5.560252354451775e-06;5.3121691910780984e-06;6.0703753465359225e-06;7.490732248739622e-06;1.4592886076457406e-05;8.168548830255994e-05;7.79863657202447e-05;4.5081384144850286e-05;1.8747263663035803e-05;1.6072960070611501e-06;2.426191071728409e-05;3.1039234450147713e-06;2.707700234290754e-06;8.116191841661694e-06;4.0752426214496854e-06
05:25:09;118;6.140277348394689e-06;6.824030140107217e-06;3.509064842524612e-05;6.510308985564382e-06;7.3607881486995295e-06;6.580375041148107e-06;8.29708392883917e-06;5.776568883998255e-06;4.930065918658371e-06;6.626675982410936e-06;7.810311093304666e-06;6.109777666422773e-06;4.508332230686434e-06;4.2479645394812655e-06;4.925074059126576e-06;6.778245428501543e-06;8.24196308425184e-06;7.469525860846883e-06;9.491714564906551e-06;6.652795514416044e-06;5.224091790043093e-06;7.577970946737038e-06;8.464097753616603e-06;6.810653562579434e-06;4.86688672417931e-06;4.99000609262929e-06;5.32040865471549e-06;7.25868930909678e-06;1.8853815078945066e-05;0.00014945961112572775;0.00014210056516278613;4.552901108680122e-05;1.542419986999461e-05;1.7300596167297661e-06;2.3080921849488413e-05;2.8151178129406773e-06;2.7468335068033183e-06;7.879110698414103e-06;4.209845985225742e-06
05:27:54;119;6.036126735089263e-06;6.733126317353881e-06;3.154566510815805e-05;6.27426769674664e-06;7.34302731589506e-06;6.686014496634388e-06;7.442108044001956e-06;5.594780684958778e-06;4.61259711799626e-06;6.539399587330246e-06;7.86444126790994e-06;5.832609994820876e-06;5.14508127092871e-06;4.205975255835235e-06;4.8932161853733964e-06;6.480005860011479e-06;8.218982622588843e-06;7.556418788940219e-06;8.765775344474168e-06;6.47098364954471e-06;4.994301201505447e-06;7.36653578314872e-06;8.553286062135757e-06;6.596961220220922e-06;5.57235172799423e-06;4.960625571434724e-06;5.261285765829852e-06;7.383412979015327e-06;1.955104108157715e-05;0.00011778532752833972;0.00012672592668557867;4.7637367375374274e-05;1.7320430807242344e-05;1.5474826566184882e-06;2.286198221863406e-05;2.742271341246476e-06;2.8017567245597653e-06;7.907586113144586e-06;4.283395786565719e-06
05:30:38;120;5.934081343639264e-06;6.614184839454998e-06;3.2776264524733877e-05;6.928624176535695e-06;7.093380477582204e-06;6.308829543141573e-06;7.556867028700832e-06;5.608342305149253e-06;4.8836739620386735e-06;5.2901345154959305e-06;8.191085183542865e-06;5.46312042553671e-06;4.500944669739614e-06;4.2791176013488235e-06;5.1048544836941225e-06;7.101635230954551e-06;7.898957668473912e-06;7.224045118705305e-06;8.807464607194054e-06;6.4756896168960975e-06;5.287176374530404e-06;6.106780211908538e-06;8.839682213644515e-06;6.231895054906424e-06;4.902475208687468e-06;5.070360522282338e-06;5.4240550249417115e-06;7.433571079332142e-06;1.7938511636405992e-05;0.0001277299177890438;0.00013225214579051277;4.759153264317067e-05;1.7839694193163358e-05;1.5173414339514614e-06;2.3182142137446313e-05;2.6347286283094525e-06;2.8008418691069723e-06;7.91569037353155e-06;4.4790567228319155e-06
05:33:23;121;2.1396901155929466e-05;2.207126044019868e-05;5.3570048037147296e-05;1.2282410458071395e-05;2.513769651489962e-05;2.3305939222950656e-05;1.7156695845828423e-05;1.9015440164532098e-05;1.107352486813666e-05;1.9585214062735965e-05;1.1062047446133958e-05;1.9108183265488648e-05;4.0878246274835625e-05;2.4127615466279e-05;3.4029792071909135e-05;1.2790653928749623e-05;2.5863990922056174e-05;2.3578802973110834e-05;1.8361977029748737e-05;2.0346610331734718e-05;1.1515980992343533e-05;2.117517680192036e-05;1.188414454547824e-05;2.015172912585593e-05;4.101659051460196e-05;2.4123137129346922e-05;3.404632251992633e-05;6.0408078583162365e-06;1.7495013091541056e-05;0.00020614081790589053;0.0002755078877892383;3.8343857580140204e-05;2.7787556789651484e-05;2.1229320765393706e-06;4.1058559873146005e-05;5.812820953761576e-06;8.06596541314137e-06;9.48561455654648e-06;4.978742557855072e-06
05:36:07;122;1.5024073317962658e-05;1.5722877844980964e-05;6.064962216444884e-05;1.3244738230288146e-05;1.422919025887123e-05;1.3760873710824937e-05;1.6522274871084104e-05;1.0053731154419603e-05;1.0593385445128495e-05;3.474072697945923e-05;2.067092854025015e-05;1.280431176036762e-05;8.50862639432328e-06;1.2687832224209863e-05;1.2472255167882519e-05;1.3888027884213098e-05;1.4852071148243915e-05;1.4123765531967134e-05;1.7675398800137478e-05;1.0805481566951383e-05;1.0894011493407181e-05;3.684654116632028e-05;2.0921697623749955e-05;1.3556185508547704e-05;9.242709697728174e-06;1.2869900389507418e-05;1.2998738211651091e-05;7.606202488406318e-06;6.498608193100348e-06;0.00024241882725418748;0.0002963553786046632;6.84861704166047e-05;6.0853412420696215e-05;2.9959693819728334e-06;2.162873475600115e-05;2.6403458812414703e-06;3.748382446760317e-06;8.666298002371572e-06;5.897136127380516e-06
05:38:52;123;1.559385226683348e-05;1.624995342975621e-05;8.48609297895332e-05;8.95299057839855e-06;1.388016408492893e-05;2.079466873603699e-05;1.2823206781511296e-05;1.9097652095855334e-05;2.5014383450897267e-05;1.752918028072062e-05;1.0618711203588562e-05;1.5963398647562084e-05;2.0534574326027474e-05;1.3341812105367849e-05;8.575478313394507e-06;9.055153809698179e-06;1.4677120194806499e-05;2.1988788738539532e-05;1.3995301811473261e-05;2.0083320710518473e-05;2.5354181242262343e-05;1.883338758995671e-05;1.1076829524208272e-05;1.6691557016489655e-05;2.04009121964329e-05;1.3902028490232209e-05;8.940854525151942e-06;1.0327335545024101e-05;3.138175490253381e-05;0.0005272457759200366;0.0002932954468042107;5.134748520298679e-05;3.5357101601983026e-05;7.333171635095465e-06;3.741878527771019e-05;5.074139537467092e-06;4.180259792848869e-06;9.168992006851464e-06;6.200909247650382e-06
05:41:36;124;1.7501190746636233e-05;1.7963458118128408e-05;2.232713990813368e-05;1.7076673450653537e-05;1.252824046686514e-05;6.326224104213907e-05;1.2833528362353842e-05;1.757950310832257e-05;1.1060262212031995e-05;1.3415980337650911e-05;1.2032080071833207e-05;1.327534960376459e-05;1.100736393572726e-05;1.2600401724682797e-05;1.3342657481339096e-05;1.763428488491719e-05;1.3203999964090041e-05;6.286474525017806e-05;1.3785321853798519e-05;1.8116163372252244e-05;1.1400553773190823e-05;1.4407089145583708e-05;1.2132235911573119e-05;1.3673805162536063e-05;1.0838699416103449e-05;1.3052613672997826e-05;1.4451977872513338e-05;9.036582285248518e-06;1.0804204888896619e-05;5.5779059353352815e-05;6.832738180415888e-05;4.042533219242146e-05;3.3831421419955954e-05;1.9741188005589823e-06;2.607684937162372e-05;4.231181713073894e-06;3.764032739683118e-06;9.056001879496929e-06;4.6195124491332935e-06
05:44:21;125;2.1375114667679636e-05;2.1851355880624142e-05;5.3855482637930386e-05;2.4391953811108248e-05;2.088705405159627e-05;4.6415478209382854e-05;2.442926938396216e-05;1.598021015716065e-05;1.834707664468996e-05;1.2867541090987412e-05;1.3419632803778438e-05;1.4552870613794187e-05;1.7367527749198334e-05;2.6994269214758955e-05;2.0848484684744438e-05;2.4055186477659234e-05;2.147051272223058e-05;4.735577307586982e-05;2.5936817363327476e-05;1.6635456666312786e-05;1.9023609880444185e-05;1.4586256930911826e-05;1.3504216923725444e-05;1.4962661697597778e-05;1.639672285519633e-05;2.6972533386112986e-05;2.131651896739134e-05;1.244318374681921e-05;1.4803473827161836e-05;0.0003096694811953142;0.00016241890295108055;7.799373010940166e-05;1.561058133165587e-05;3.182569632889632e-06;2.8386153461202586e-05;2.2985065288551616e-06;5.255292892771596e-06;8.812340437201543e-06;5.391575540810701e-06
05:47:05;126;1.8518652426151178e-05;1.8731435547918787e-05;5.984617167827681e-05;3.2381001620830254e-05;2.4179769818550252e-05;2.262676808971843e-05;1.9981467527362508e-05;1.4632077232916304e-05;8.440153050318342e-06;8.503614343104779e-06;1.4491070368711172e-05;2.0479605751688723e-05;1.6283479449829098e-05;1.3592849251024704e-05;2.6631966157062628e-05;3.2237115848619383e-05;2.503529015749463e-05;2.2420707691823358e-05;2.0944722529771132e-05;1.530540223167826e-05;8.371126994783872e-06;8.594867094986132e-06;1.4768565443209578e-05;2.0493421081620817e-05;1.6056940349020046e-05;1.398208605908771e-05;2.6566974076006232e-05;1.1090251937495967e-05;2.12191396575845e-05;0.0002702985671446176;0.0002694172681384941;6.847383796683044e-05;2.8825371053801328e-05;1.9571346597833876e-06;2.347677898048932e-05;6.062424957773955e-06;4.861243631636377e-06;8.178559966831581e-06;4.2934820439832645e-06
05:49:50;127;1.484890623001692e-05;1.5330217299574714e-05;2.278951359990133e-05;7.470486662891124e-06;1.5521292571530797e-05;2.056809426356019e-05;2.790233259795307e-05;1.1357846099584053e-05;1.3162684755808517e-05;9.538945256146938e-06;1.3982086481431368e-05;1.2888121173918163e-05;1.3502390924135067e-05;1.0911051808322595e-05;2.13815376316585e-05;7.938151300757316e-06;1.5952100661303995e-05;2.0500060139666752e-05;2.8986236475823637e-05;1.2543867526375511e-05;1.3011847783408357e-05;1.0659827089914905e-05;1.4333760905001441e-05;1.3057815044415787e-05;1.3745703205430903e-05;1.1612667532074428e-05;2.162056303468144e-05;1.0854907320180627e-05;2.8019703886614987e-05;5.566966951847321e-05;8.235946574069067e-05;2.991496271466917e-05;1.9991035884124887e-05;3.4054217317121504e-06;2.3314470454747842e-05;3.235992416098748e-06;3.2778750392128926e-06;8.7326590484988e-06;4.697999443791985e-06
05:52:35;128;1.6167929102679906e-05;1.6927570695885683e-05;3.444294074605083e-05;2.050513681436686e-05;2.6530244892600503e-05;2.0217547884726628e-05;2.0984249915882586e-05;1.1000758592868722e-05;1.4232043949649862e-05;8.754393879554941e-06;1.1577179639681907e-05;2.207899822017432e-05;1.5372524525244817e-05;1.041601918026138e-05;1.2346044940159118e-05;2.087019589752448e-05;2.6920361914896682e-05;2.161103956599549e-05;2.2335869577050922e-05;1.2276457882647644e-05;1.4542364797192402e-05;9.697235074344451e-06;1.2179586634904152e-05;2.2726653109594173e-05;1.6382107994875788e-05;1.1186899393601667e-05;1.2402070164562592e-05;1.0753728397522301e-05;1.122722176585097e-05;0.0001938944256313866;6.433870799393039e-05;6.590459838602844e-05;1.803011823302662e-05;2.9837152623351417e-06;2.817985364937517e-05;1.939393779693444e-06;4.634433102538315e-06;8.471555360311269e-06;2.957537390611237e-06
05:55:19;129;1.629703766974961e-05;1.6538584336385726e-05;2.4631481010623153e-05;1.767825141159433e-05;1.7576525308982127e-05;2.865654640386724e-05;9.855907085858979e-06;3.613216227904559e-05;1.1588736360837712e-05;7.993548607678555e-06;1.4493990285948463e-05;1.4669503302271055e-05;7.151354121245649e-06;9.846043322557886e-06;1.9921876611564667e-05;1.726872069642163e-05;1.8541369379680056e-05;2.8587489073806518e-05;1.0873772283313101e-05;3.5697785301923845e-05;1.1945388963150563e-05;8.266178012283628e-06;1.5311428796849214e-05;1.494706126161677e-05;7.219379738994057e-06;1.0061920512512937e-05;1.9742510239321065e-05;6.798593683393911e-06;2.837206570647494e-05;6.552888690447377e-05;7.322733359464202e-05;5.854092653279648e-05;1.87337344575659e-05;2.542418934401353e-06;2.066324799370382e-05;5.0234168127341155e-06;2.6245002913045277e-06;7.604094437876709e-06;5.9185527781103176e-06
05:58:04;130;1.3048703411041887e-05;1.3641746671608047e-05;6.0279813259102934e-05;1.2792950944887336e-05;1.2596074323699792e-05;1.589510547975434e-05;1.548266952640502e-05;1.0292069214495376e-05;8.122263404883059e-06;9.966893496870068e-06;1.685381935410326e-05;1.762515806676261e-05;1.8702977406157764e-05;7.724628439766754e-06;1.0529827446506799e-05;1.316773698276905e-05;1.3262009286082975e-05;1.627506441729588e-05;1.6792303137628573e-05;1.1143953583363143e-05;8.304601440705724e-06;1.0589020296754803e-05;1.759909868776014e-05;1.799267372433273e-05;1.889026918456981e-05;8.452575526416119e-06;1.1231651834477126e-05;8.972259251623407e-06;1.4090181214434757e-05;0.00024571168635860056;0.0002660531909477009;7.979891014946038e-05;5.4632431622133544e-05;4.7415355056131635e-06;2.7442736185861498e-05;5.802720381990607e-06;4.873137805543913e-06;7.79222332348047e-06;3.446746362792293e-06
06:00:48;131;1.51114400585522e-05;1.5460906346377186e-05;2.72306091734205e-05;2.661350178166024e-05;1.1776475861712367e-05;2.797135405527032e-05;9.789458986311026e-06;1.365171409485232e-05;6.739897504750368e-06;8.081503662150556e-06;2.41970841521131e-05;1.1134758655631769e-05;9.495617394928889e-06;9.164264071805725e-06;2.2721644941467193e-05;2.629290429467801e-05;1.2660320914585122e-05;2.795818293438797e-05;1.0465968138812024e-05;1.4452661576520952e-05;7.169458772123223e-06;8.998049688210514e-06;2.3906989588772087e-05;1.124837509635228e-05;9.548898416844306e-06;9.504012942221678e-06;2.3325048920313853e-05;8.373859866008529e-06;2.6253196774299397e-05;0.00010944560739352352;8.319923192162328e-05;3.306356497563616e-05;2.1313196493703664e-05;2.3210722411378615e-06;2.2707975035906193e-05;3.690641981287264e-06;3.3380904375570777e-06;8.472620579535445e-06;4.588252380827696e-06
06:03:33;132;1.1128055669990482e-05;1.1763135043560097e-05;2.185441630356883e-05;5.695140366735917e-06;1.749527907758296e-05;1.3491064249587287e-05;1.206824845664559e-05;8.575343511810471e-06;8.59032835297636e-06;6.898714784723965e-06;9.065763651702499e-06;8.413688863516779e-06;1.8722164543047175e-05;1.3574697305138919e-05;1.0946231118938696e-05;5.808256731407836e-06;1.8631313478296383e-05;1.4488231096913318e-05;1.3130201077268495e-05;9.440566476700088e-06;9.317189243476974e-06;7.404014779033016e-06;9.750989279324775e-06;8.668521832653742e-06;1.9433564605755742e-05;1.3727225571448245e-05;1.1357543089501103e-05;6.608095776311278e-06;4.229130482204136e-05;4.838451581634323e-05;4.6832123110820564e-05;5.1831303970746684e-05;1.682137598368178e-05;2.2031325985181567e-06;2.739497840087693e-05;2.5685161748764462e-06;3.876224173783213e-06;8.085135359332094e-06;5.356289455494284e-06
06:06:17;133;1.0979479995398833e-05;1.1524810856193469e-05;6.60546396852914e-05;7.344699119600633e-06;1.244001918171927e-05;1.0053400117080649e-05;1.680938876156481e-05;9.096169393465267e-06;7.0203616130920015e-06;8.081895253233348e-06;2.362873722461245e-05;8.33950254049269e-06;8.416223133684236e-06;1.0088782140371677e-05;1.0434577786549488e-05;7.776571436219847e-06;1.3165861673769541e-05;1.0568905791048184e-05;1.792605243154648e-05;9.519943179401696e-06;7.344752559012843e-06;8.655857067124895e-06;2.3691544845837308e-05;9.030769387543013e-06;9.28172316947249e-06;1.0725020251523841e-05;1.0610724461049024e-05;9.005434816015988e-06;6.377490627516161e-06;0.000434220615232689;0.00023637353202029613;3.304800652255044e-05;1.7502826458709147e-05;3.3890984588556854e-06;3.479541366320161e-05;1.9587838988548973e-06;3.469763541057572e-06;8.274282933445318e-06;4.240428050305116e-06
06:09:02;134;9.699044189853174e-06;1.024483577865898e-05;5.5194891715679216e-05;1.0227189137103984e-05;1.780597660880093e-05;8.661239097565696e-06;8.879604711156928e-06;9.613831750243662e-06;6.628409215765756e-06;1.1239883256373353e-05;1.0369115645144946e-05;1.024849792165903e-05;5.859554725550321e-06;8.357040585852102e-06;8.498183855852982e-06;1.0294969273718955e-05;1.8497694615194356e-05;9.371824150168575e-06;1.0353602215506231e-05;1.0524379325068344e-05;6.705328268011888e-06;1.2491439583409604e-05;1.0905737188387562e-05;1.0433576680722431e-05;5.947635243132879e-06;8.708263297343872e-06;8.703576176104215e-06;8.232270695407745e-06;1.0243624137609124e-05;0.0002941014781982819;0.00023277247456431874;5.0885524113108184e-05;2.1735194110143057e-05;2.172653328650073e-06;2.530375697442296e-05;2.1411849668244153e-06;3.146873493336597e-06;7.89653141700559e-06;3.707134589041937e-06
06:11:46;135;1.0327333632951444e-05;1.0902113289479462e-05;4.8714835226640015e-05;4.903388494106118e-06;1.2971040406610387e-05;9.488375782366761e-06;1.1420145508690315e-05;1.1040578221675126e-05;6.8632747058927634e-06;7.358971717249832e-06;9.774462558776907e-06;1.1967313505904672e-05;5.996791731955785e-06;2.606269998879766e-05;6.080957005332783e-06;5.140459901253329e-06;1.3757243162021777e-05;1.0486115973470056e-05;1.2255073739606239e-05;1.169431869682371e-05;7.489724443006754e-06;8.060014426772323e-06;1.0298628067290867e-05;1.2506169569641764e-05;6.418149409967819e-06;2.6280281636451335e-05;6.439177166359076e-06;8.220873384907805e-06;1.3093811536340358e-05;0.00020674440354928128;0.00021789234573338723;6.4669672492308e-05;3.2968323658838554e-05;2.8010143092726494e-06;1.982367561846614e-05;2.422779429020418e-06;4.101736299427521e-06;7.793878956933764e-06;4.045507751496354e-06
06:14:31;136;9.59493052412406e-06;1.025112632754527e-05;2.3277075415120252e-05;1.1506476904540621e-05;1.0561011370152135e-05;8.099287774272893e-06;1.054032855049317e-05;6.203318191082148e-06;7.5788700684142896e-06;1.68637326835737e-05;9.720015436895126e-06;7.055398962760054e-06;8.486358901584687e-06;8.088786776221985e-06;1.0435576834827936e-05;1.1809458210566995e-05;1.1611091993679882e-05;9.12899140185121e-06;1.164052319617889e-05;7.043749358476644e-06;8.001637438668051e-06;1.8558817195114415e-05;1.0073935806723989e-05;7.298197090941484e-06;8.685721862588529e-06;8.60655649076658e-06;1.0554830871253124e-05;9.32667545267446e-06;4.188189425612299e-05;7.105622190351514e-05;5.650156724552579e-05;4.306100040200294e-05;1.2206974861308979e-05;2.8923726808774063e-06;2.3306797621168322e-05;2.9423095249637177e-06;3.822067420130718e-06;8.552961937373583e-06;3.7740616757790636e-06
06:17:15;137;9.814446957276148e-06;1.03585344628369e-05;4.2809858177841354e-05;1.2973886738750066e-05;1.0529334146398965e-05;1.3042422053708627e-05;1.1284912618107642e-05;6.958996575757613e-06;6.5799114491550306e-06;4.9212032890786554e-06;8.118709905085614e-06;1.7868529971048535e-05;4.738200145288312e-06;1.3614910641799518e-05;7.142342128800423e-06;1.3364828306823509e-05;1.1290543556288533e-05;1.3951997844523697e-05;1.2129865762624003e-05;7.938252738198042e-06;6.923004433172283e-06;5.4293473573424414e-06;8.472521349637035e-06;1.8367728536091655e-05;4.859674235480201e-06;1.3960721550770532e-05;7.613924101204685e-06;9.169837346363217e-06;1.949208713906068e-05;0.00023638113556018057;0.00015203259202053248;3.6765421536188216e-05;2.020816468033688e-05;1.8158840917822354e-06;2.2244904669957205e-05;1.6508724547694896e-06;3.0832524390530125e-06;7.458840537414541e-06;3.4153056584576334e-06
06:20:00;138;8.400698761916333e-06;9.096744144722212e-06;3.363218135836164e-05;1.2841244118791648e-05;7.9991900786457e-06;9.384028020581974e-06;8.769232030141955e-06;8.138948974011452e-06;1.1115577347776583e-05;4.419965169139511e-06;1.2116546582386821e-05;9.0693510411587e-06;6.2281923686281395e-06;5.430030085048801e-06;5.296075809982622e-06;1.3480530331527248e-05;8.750468721332197e-06;1.0529265781067668e-05;9.963707944285787e-06;9.091631644751723e-06;1.176980433942672e-05;5.1496154447946375e-06;1.2698920969180822e-05;9.287521111851859e-06;6.849877006717651e-06;6.012146542748787e-06;5.577435774595662e-06;1.1214867233516163e-05;1.3392103186134445e-05;0.0001819059884860088;8.894806550838847e-05;4.0533015036583394e-05;1.7912003662611505e-05;1.3828276036126056e-06;3.241495598966882e-05;1.7636342614573682e-06;3.226702775671021e-06;7.519181461349945e-06;3.372831095337349e-06
06:22:44;139;7.976660359464528e-06;8.626152313947294e-06;3.1678342566570546e-05;6.779856929933265e-06;1.1142679705306529e-05;6.930061246957951e-06;9.403053332655212e-06;8.540776189714837e-06;6.294765877677057e-06;9.768883441487539e-06;8.151613937069545e-06;7.886858269821253e-06;6.506831656271185e-06;7.835632626619248e-06;6.4789077388706e-06;6.912291017307567e-06;1.210271678741541e-05;7.896322160054815e-06;1.0774626492933795e-05;9.381421679353469e-06;6.610318082436342e-06;1.0905315723937725e-05;8.715277982457937e-06;8.287046506366902e-06;6.94881144894841e-06;8.333891285854154e-06;6.645785232868098e-06;8.116847223412585e-06;1.9772214931236257e-05;9.497500029598255e-05;0.00016084410959957802;3.8316247515355126e-05;1.592216601876261e-05;1.2042569644584854e-06;2.2852533979690926e-05;3.1634626296361774e-06;2.5802209776660564e-06;8.060255802260403e-06;4.332794860807422e-06
06:25:29;140;6.821293701038527e-06;7.460259358951957e-06;3.8674827531535846e-05;1.1417451152598543e-05;7.665306806746809e-06;6.178280268639727e-06;8.5672349789754e-06;6.2654646665226785e-06;6.276104582783856e-06;3.840921870819485e-06;6.823313045407014e-06;5.093926810866895e-06;9.82200004528977e-06;5.02466323837325e-06;4.8808549822416065e-06;1.2035820476095196e-05;8.644115283298365e-06;7.079790722417772e-06;9.414182668594169e-06;7.0955426468295815e-06;6.398848291851957e-06;4.311584873477519e-06;7.417194635159324e-06;5.724703332586465e-06;1.0587770950361936e-05;5.774899752591582e-06;5.038656391788427e-06;7.752763482650044e-06;1.9844442263335016e-05;0.00014975658143655645;0.00019821279668178306;2.6853337458399906e-05;1.615149019527337e-05;1.7356504327943174e-06;2.571573112035956e-05;2.973282197100672e-06;2.084898326194341e-06;8.097526282556005e-06;4.919430501427485e-06
06:28:14;141;6.889306668902216e-06;7.505364413225811e-06;3.488220874804156e-05;1.7473996079915693e-05;6.699782083139573e-06;6.90106722603642e-06;6.4928722913748516e-06;5.663367546886051e-06;4.006695583314013e-06;7.656334828838721e-06;6.5616145803269115e-06;6.080291353395172e-06;3.2756099463556025e-06;4.837458605648366e-06;7.02258789818767e-06;1.7719986421001567e-05;7.629755082580001e-06;7.757598412561354e-06;7.721639098857435e-06;6.600034578385228e-06;4.3357738665195665e-06;8.16081662574279e-06;7.191763985776814e-06;6.547136282751115e-06;3.6115461596959387e-06;5.420522852603691e-06;7.367796892531605e-06;1.0227426304678084e-05;1.4685584377590008e-05;0.00018012459322398546;0.00010759241504902986;4.3608038536499194e-05;1.4591586007465927e-05;2.406455339548596e-06;2.8675870922534133e-05;2.0859668880230043e-06;1.9917815340615343e-06;7.5819287482826e-06;5.014858044800248e-06
06:30:58;142;6.377354444127419e-06;6.947625203067702e-06;2.205072775213913e-05;6.827317125706662e-06;7.279275355255198e-06;7.844448988562776e-06;7.309261815438814e-06;5.647929711149015e-06;3.877995533101015e-06;3.608411678225242e-06;7.792802677577335e-06;6.476100210761615e-06;5.329980636242288e-06;7.30079023596049e-06;7.233937755560501e-06;6.976221195859407e-06;8.175790235672818e-06;8.618692983781088e-06;8.388955025053936e-06;6.456258748999695e-06;4.230849480670339e-06;3.993085159246347e-06;8.223138852199669e-06;6.9569150985478674e-06;6.03437229649818e-06;7.875055592228796e-06;7.442166314589647e-06;7.58087542830022e-06;1.5701512278124086e-05;6.611427987759335e-05;6.30628530950313e-05;4.980401798442947e-05;1.7010152398899945e-05;1.6178862945961764e-06;2.8178002394166683e-05;2.2089109644969675e-06;2.343160765815827e-06;7.658506512557142e-06;3.328575031658479e-06
06:33:43;143;6.372810408353499e-06;6.96424555676861e-06;3.4918049273237576e-05;6.27371702483453e-06;6.859875522412619e-06;8.264991750712108e-06;8.669573413752376e-06;7.21749588837962e-06;5.537460713805393e-06;4.991380998863416e-06;8.720115843630083e-06;6.047481792266622e-06;3.9954517138017884e-06;5.182226865165583e-06;4.7139515211695615e-06;6.396529748092723e-06;7.704104795081974e-06;8.788947674981465e-06;9.773566005928324e-06;8.085543281077097e-06;6.0403855099415335e-06;5.772694746006385e-06;9.070552389662052e-06;6.66465187730611e-06;4.322721423117791e-06;5.879126423609751e-06;5.0721218998015626e-06;7.495890680128763e-06;2.5392290813353186e-05;0.00014109204298994767;0.0001481947264088878;4.539599419226061e-05;1.3683088699217509e-05;1.2096620414789375e-06;2.047886646768316e-05;2.819499517272243e-06;1.9197319172916466e-06;7.643868127789503e-06;3.690929423539806e-06
06:36:27;144;5.481902597637145e-06;6.061020577604561e-06;3.165403451794205e-05;5.5451088627478384e-06;6.030853992523465e-06;7.81303722551353e-06;7.268259061277149e-06;4.893019881793944e-06;5.177989233828839e-06;4.109262640545291e-06;6.242326567086241e-06;5.226522356400148e-06;3.829434797870073e-06;4.402231584195575e-06;5.244783101881529e-06;5.745241498769684e-06;6.912958143183909e-06;8.373703650836951e-06;8.27672013230445e-06;5.7099923565204604e-06;5.560545787375304e-06;4.796984981860792e-06;6.719233296499175e-06;5.8120161421483535e-06;4.235436548858356e-06;5.004135631034968e-06;5.585276482369282e-06;7.091395769669234e-06;1.772865807033322e-05;0.0001287035776522838;0.0001260151880160023;4.4286688110999756e-05;1.6339782664753872e-05;1.2714044872398561e-06;2.2687445390759208e-05;2.061487523934769e-06;2.289481048502477e-06;7.750133693284808e-06;3.6231717875412605e-06
06:39:12;145;5.683834595386501e-06;6.290969170699606e-06;2.9063072406219454e-05;7.079936702842298e-06;6.292187065846313e-06;5.560161004260842e-06;7.337593379604228e-06;5.1857859356180764e-06;6.870091129681813e-06;4.452814861237315e-06;6.877898738625018e-06;4.512429405487885e-06;4.458963967834961e-06;4.224819280680818e-06;5.353331832289789e-06;7.246234924388796e-06;7.166492984732583e-06;6.398163828013326e-06;8.233946861269665e-06;5.979182442618516e-06;7.431394616232174e-06;5.182126487046775e-06;7.375651593859782e-06;5.088265528615057e-06;4.905239226405407e-06;4.8921905361083515e-06;5.592739663497232e-06;8.267200792146479e-06;2.4783721060278126e-05;0.00012123528176342249;0.00010416524127664842;3.6278947673798024e-05;1.4152245186029004e-05;1.1463010817064267e-06;2.1972968479931318e-05;2.917904055974333e-06;2.479443965280978e-06;7.683577802074154e-06;3.6740357373438363e-06
06:41:56;146;5.227852249848039e-06;5.834393545504824e-06;2.868466026545539e-05;8.31212059893005e-06;7.023664643345352e-06;5.7260848697767e-06;5.670872333173417e-06;5.406625924499829e-06;4.612255200633151e-06;4.007316833436065e-06;5.274261690340671e-06;4.416377943592599e-06;3.991384914702291e-06;4.159124110972553e-06;4.134136017600295e-06;8.572680627954078e-06;7.894244045249401e-06;6.452627139533664e-06;6.800147557557086e-06;6.243616573694361e-06;5.008704146682329e-06;4.6038652513582555e-06;5.804233443443449e-06;4.942521613135991e-06;4.398064764337747e-06;4.840154617018534e-06;4.451861588930552e-06;7.959683899344421e-06;2.6831818427562176e-05;0.00010243682566556349;0.00010463668972101712;5.035129368604104e-05;1.2010335392108756e-05;1.3852660283757907e-06;2.2560593804415646e-05;2.3154629674110313e-06;2.2429162796300977e-06;7.9699771491394e-06;3.5150601648557217e-06
06:44:41;147;5.45587633124259e-06;6.05800724896872e-06;3.2826828340282265e-05;8.24705659529069e-06;6.012237185033924e-06;5.689151560194329e-06;7.296607855457958e-06;4.406088288727068e-06;3.3203250531244066e-06;4.248224617662479e-06;9.226839442791599e-06;4.40371019585293e-06;3.87677510134536e-06;3.897334953509554e-06;4.846163650091222e-06;8.445460123398277e-06;6.9349375908016935e-06;6.447503627769729e-06;8.278241198873914e-06;5.234296930764317e-06;3.7020504034352355e-06;5.006532270456347e-06;9.721947467196629e-06;4.910741988825538e-06;4.3007284827431655e-06;4.594208104220032e-06;5.119436899562222e-06;7.343604912883321e-06;2.2404149400448174e-05;0.00011857490259220697;0.00014424616789139946;4.3856950150599063e-05;1.6515910602073695e-05;1.2496492636831983e-06;2.3140649939527604e-05;2.8734310632992428e-06;2.153265132979049e-06;7.693246545048763e-06;3.870012589238658e-06
06:47:26;148;4.712643385832135e-06;5.335074495667845e-06;2.8524904861078105e-05;5.6440015796319836e-06;5.6894779331431975e-06;5.219284848837188e-06;5.747078771504861e-06;4.353194217220459e-06;3.970445969256079e-06;3.8571787632174e-06;5.966606012334936e-06;4.889713877596271e-06;3.591937367663046e-06;3.5322940780831273e-06;4.0905052862492335e-06;5.973611401898353e-06;6.5622302769687725e-06;5.9754316634432225e-06;6.7736728230061726e-06;5.150259582904577e-06;4.341763620180279e-06;4.590755875315038e-06;6.545897225736599e-06;5.4770591788515565e-06;4.022013943632615e-06;4.190770138698502e-06;4.41742634658239e-06;7.669917934821159e-06;2.481741548820583e-05;0.00010214377249909594;0.0001103539940174647;4.268574900797549e-05;1.4628648118109409e-05;1.3571188738136421e-06;2.29647717549078e-05;2.4238383651619e-06;2.09077337132634e-06;7.611649165875844e-06;3.551209736179163e-06
06:50:10;149;4.855796435327358e-06;5.46930442408355e-06;3.172757000504349e-05;7.166762648709706e-06;5.778473283545406e-06;4.91679673072812e-06;6.030785455186043e-06;4.3097817177665964e-06;3.4890539918240973e-06;4.429877448137114e-06;6.3650257331460125e-06;4.959697139771503e-06;3.4460182708978042e-06;3.481780450378189e-06;3.895502493507634e-06;7.5123279363847535e-06;6.593893673037005e-06;5.72090394149499e-06;7.05829521808206e-06;5.0471130836303006e-06;3.853997156246679e-06;5.133038597175729e-06;6.892988034151937e-06;5.546707267127157e-06;3.884303479728398e-06;4.158474629421798e-06;4.229608434855701e-06;7.479445570832335e-06;2.4336389647006774e-05;0.00011541322122828213;0.0001331673288700646;4.399053046392358e-05;1.5765339336070764e-05;1.2649163997502754e-06;2.3556751954229744e-05;2.6281379132512847e-06;2.0144339163726343e-06;7.556077766030543e-06;3.5582669947070733e-06
06:52:55;150;4.759821771797719e-06;5.386533861314138e-06;2.859616457885549e-05;6.736954506178253e-06;5.776731551453519e-06;5.013990444976716e-06;5.342334518523082e-06;4.307387139332067e-06;3.822021089596526e-06;4.048171941015901e-06;6.71497337508113e-06;4.478929930940012e-06;3.4217400478294993e-06;3.438632279281509e-06;4.015992676510326e-06;6.946331136014468e-06;6.598988817776318e-06;5.8285636787101644e-06;6.417170114425833e-06;5.095621501615962e-06;4.255470391594999e-06;4.7496235834796035e-06;7.323738044979569e-06;5.034668864810337e-06;3.886404662888351e-06;4.132637948576395e-06;4.369186183483387e-06;7.701146287497503e-06;2.3842270333761568e-05;0.0001100082397940505;0.00010362012777462126;4.406401584570476e-05;1.3330529312899187e-05;1.273231149930629e-06;2.3710706321484592e-05;2.4822412087547954e-06;2.0320488406093635e-06;7.535840637058814e-06;3.5535774398930092e-06
06:55:39;151;1.7367516784877974e-05;1.7869054133796774e-05;4.543932246507709e-05;1.3629300398902574e-05;1.8827518166569295e-05;1.2106533547621852e-05;1.3772349061918538e-05;3.852654162466768e-05;1.817327739931071e-05;9.788835238308282e-06;1.8042370504128318e-05;1.460797725562977e-05;9.555977540739749e-06;2.9624068010941134e-05;1.175544586699702e-05;1.3652633380751226e-05;1.995683539427796e-05;1.3120474555255931e-05;1.5055554780977943e-05;3.8689863444394375e-05;1.8529941129761225e-05;1.0691348823548893e-05;1.8253151187931094e-05;1.531490867324188e-05;1.0033121708159032e-05;2.938968804922792e-05;1.1741120459514086e-05;6.832997896605619e-06;8.652028018564127e-06;0.0002601198984803643;0.00010520185467868046;7.297330160025473e-05;3.9385278032801524e-05;3.966220586080811e-06;1.8130630228196372e-05;1.2625088567405373e-05;3.689952973920753e-06;7.3961452407443344e-06;6.29847327730663e-06
06:58:24;152;1.2821171418925752e-05;1.3432087512286027e-05;5.0668824341573975e-05;8.589999748923303e-06;1.8875681194882336e-05;1.092680937892448e-05;1.8555327347836613e-05;1.1629017196474416e-05;6.009197128584922e-06;8.642642909380397e-06;1.4673519314359593e-05;1.0385580957006368e-05;1.8565495804781758e-05;9.513258912751223e-06;1.7487523417065116e-05;8.96163180785359e-06;2.0490235144705687e-05;1.1486994619098127e-05;1.9816754099303602e-05;1.2422454110952757e-05;6.410255968770384e-06;9.455969471742673e-06;1.525936058206304e-05;1.0882715229589721e-05;1.856772687000258e-05;9.650448249241108e-06;1.7780500192075814e-05;6.731996667720645e-06;2.9687026122838185e-05;9.920548093122114e-05;0.0003511372949167797;3.466237174935002e-05;3.6843263733939526e-05;2.021611237371863e-06;2.382205418684232e-05;5.816456285489694e-06;4.990411188196898e-06;8.037074195128634e-06;5.070850884008922e-06
07:01:08;153;1.416678094947408e-05;1.4867272419664165e-05;5.643563596166419e-05;2.5778495203677597e-05;2.3617480563716114e-05;1.404267265379324e-05;1.7690376234275558e-05;1.5491362984479647e-05;1.261423085646191e-05;8.922174384519042e-06;9.172387551876165e-06;1.1596836858080389e-05;1.1436032947125858e-05;9.46147116500449e-06;1.0177845454832509e-05;2.6019731528402743e-05;2.4976214907711218e-05;1.4237921127863081e-05;1.9250230643938038e-05;1.6652218411902048e-05;1.3522980294464439e-05;9.518001488801549e-06;9.893783930859666e-06;1.2148753567204569e-05;1.2229440184041145e-05;9.661424353654656e-06;1.0296563600662277e-05;1.0623690644453667e-05;4.4304841652732116e-05;0.00017325171157358545;0.00028405687408578556;6.942500953343308e-05;5.555645951737317e-05;1.5552277645562445e-06;2.4090905098810243e-05;2.966067494731363e-06;2.7440427804371733e-06;5.984993052722136e-06;2.667808341349866e-06
07:03:53;154;1.587411925253367e-05;1.6504323935759537e-05;4.0154470957633415e-05;1.0128369051575316e-05;1.5142922222821653e-05;1.2275422069375384e-05;1.3640626720762777e-05;1.4517051660980293e-05;6.350938826474558e-06;8.018332129660683e-06;2.6908020181146888e-05;1.4973831174426199e-05;4.428521359820727e-05;1.1791527362767987e-05;1.2457170193158618e-05;1.0636237076843965e-05;1.5901369645493843e-05;1.3306333049870232e-05;1.4653791149152013e-05;1.4906162585800843e-05;6.7109757696062506e-06;9.083535423651714e-06;2.6793497350878125e-05;1.578777391841868e-05;4.495853145387248e-05;1.2675997420012231e-05;1.263767591255969e-05;7.315995088261846e-06;2.3894087633076724e-05;0.00017549555850499435;0.00018280523614548657;3.591929593641198e-05;1.2422751128687376e-05;2.1305694210264163e-06;1.91361163466424e-05;3.3157676564020265e-06;6.267079986241932e-06;8.04904206837122e-06;5.102151575998436e-06
07:06:37;155;9.854106453004038e-06;1.0278463009796458e-05;4.528042826671065e-05;1.050832228667208e-05;2.1672979484450977e-05;1.0427185167507311e-05;9.528117629351776e-06;7.787723394805177e-06;7.805057470474965e-06;7.178098621678104e-06;1.1191709478840618e-05;7.398020874208297e-06;6.416924539045319e-06;9.505662428017041e-06;8.829472367143477e-06;1.067652689200742e-05;2.194995812703693e-05;1.0982966769812333e-05;1.0789870147958407e-05;8.398521527805649e-06;7.976556982520137e-06;7.679441209860026e-06;1.1555684206449527e-05;7.570542689054376e-06;6.6343613865153855e-06;9.853112651744365e-06;9.274010861628096e-06;9.299509024615276e-06;8.513431737356979e-06;0.00024401247867570895;0.00014489034008864228;5.259607133669815e-05;3.0768874283177255e-05;4.972264219113299e-06;2.6742470873645274e-05;2.7772410678365423e-06;4.885736235053152e-06;9.084668050314516e-06;4.822053608365999e-06
07:09:22;156;1.255134977058829e-05;1.3129041264297093e-05;3.4067810204020964e-05;1.5620979532762e-05;2.7934961433505702e-05;1.0284189412795348e-05;1.0963945106306545e-05;8.928988509379368e-06;6.125193826084734e-06;1.0660293692152125e-05;1.3236482320554511e-05;1.4696916453131466e-05;1.1261055731055917e-05;1.0846815530772925e-05;1.0056371854199659e-05;1.5924024824649862e-05;2.9414464849271353e-05;1.1250398736454464e-05;1.201950772156124e-05;9.765755127278404e-06;6.386380667934162e-06;1.1302555626974061e-05;1.3872471167297026e-05;1.4774115283493117e-05;1.121324824948082e-05;1.13167375160099e-05;1.0308830888224972e-05;1.0474721183348705e-05;7.431949499590592e-06;0.0002104313122720767;7.82661807701988e-05;5.028274378597608e-05;1.5571652242967353e-05;3.3286538556736593e-06;1.7316826338419543e-05;1.9854734581444076e-06;2.464288561365443e-06;8.124971533040232e-06;3.1349489474500786e-06
07:12:06;157;1.3013992640057124e-05;1.346259335760702e-05;2.697713648995899e-05;8.00110598898517e-06;1.4376138552889147e-05;8.978702495519222e-06;1.0942700289976157e-05;1.1040897862554546e-05;1.3628465024143308e-05;1.5690505335896887e-05;2.8205224393476865e-05;1.1980019524122037e-05;1.0633171870272855e-05;9.292137948141937e-06;1.3398838544534639e-05;8.136699917382498e-06;1.5563794615353558e-05;9.152840333097376e-06;1.1853214984995834e-05;1.2096847219450129e-05;1.3897192660852518e-05;1.659714606704037e-05;2.8765747951575014e-05;1.2192867254984603e-05;1.0387263817484623e-05;9.620107160612228e-06;1.3287395251862545e-05;7.481968405677344e-06;3.220097155245477e-05;8.903226986879042e-05;9.306178873159037e-05;3.5128353768681646e-05;2.0698421066184602e-05;2.2043540996277434e-06;2.6526976069182466e-05;2.132880256235447e-06;2.34020153274137e-06;8.070351806670366e-06;4.847100721671407e-06
07:14:51;158;1.2207371324538228e-05;1.2771530559285001e-05;7.367367953716094e-05;1.2697908883555185e-05;1.1215780494405243e-05;1.5684043807534014e-05;1.8528841842815133e-05;1.0683431502849833e-05;6.862569515804622e-06;7.716227187224625e-06;1.8663713622014587e-05;1.132484875331453e-05;1.641921065113779e-05;8.906855717456933e-06;7.785019982846238e-06;1.2584805540715439e-05;1.2156572665844578e-05;1.642079760016184e-05;1.9969606196527706e-05;1.1699609860696438e-05;6.991479719395505e-06;8.313256652791442e-06;1.9623370739097908e-05;1.2198089067008173e-05;1.58669894793818e-05;9.371985671822574e-06;8.061800110249639e-06;1.0442205898311939e-05;1.629114377370055e-05;0.00042169576366790743;0.00033007377272177476;2.830809388411171e-05;1.4625587816671574e-05;4.937506575103292e-06;3.589164804016846e-05;4.562869015709828e-06;4.58136079908174e-06;7.645655668816779e-06;5.0285465845728185e-06
07:17:35;159;1.0081321778185073e-05;1.0423289219218106e-05;3.954460520601589e-05;9.508067795397066e-06;1.4882703556974196e-05;1.0146651849719422e-05;8.779198682614977e-06;1.5410115672409574e-05;8.027309983111246e-06;6.054059383909692e-06;9.258816321794876e-06;8.836455836945913e-06;9.261327351401343e-06;1.1394554372853607e-05;9.41659700130644e-06;9.31917384150438e-06;1.5366674728560426e-05;1.0476383804531526e-05;9.875247231528054e-06;1.5555474005217363e-05;8.259323058615636e-06;6.643601587895802e-06;9.817830140249659e-06;9.412494042016643e-06;9.422518291149238e-06;1.1497211070940167e-05;9.433533302364617e-06;9.626029337420753e-06;2.2976721361073012e-05;0.00021260840341433485;0.00011413253297454671;5.842445380519397e-05;1.7840404632640916e-05;2.6962505376894145e-06;1.983624696840926e-05;2.085884808433668e-06;2.7274276730536805e-06;7.99574004003302e-06;3.585166919361453e-06
07:20:20;160;1.0047305750049418e-05;1.065845098989335e-05;3.698561004937561e-05;1.8587655697450085e-05;1.2031373923481294e-05;9.531081097045238e-06;9.735526651349408e-06;7.407566187434998e-06;6.140526284458371e-06;9.951038030273843e-06;1.162100793356496e-05;7.822862048488911e-06;5.4685026972963025e-06;7.948636570760796e-06;1.432188798521462e-05;1.8629720342906246e-05;1.2886605596761484e-05;9.874903574925582e-06;1.0720765767703746e-05;8.40078531192502e-06;6.419858287193199e-06;1.0575319196551057e-05;1.2314599465569216e-05;8.454763361971598e-06;6.049129435176596e-06;8.373826973713474e-06;1.520113128899078e-05;1.218596757823766e-05;3.816369992203472e-05;0.00013546395704104795;0.00014851475617179945;4.3176287393014275e-05;1.795790711967318e-05;1.8821186057725205e-06;3.054850348133123e-05;1.9763644381952333e-06;1.5248977257863506e-06;7.18538928318391e-06;5.247471832430972e-06
07:23:04;161;1.023138042910432e-05;1.0799679940542842e-05;2.699061677397878e-05;6.14798906604299e-06;1.490854474442668e-05;1.0354003268017467e-05;1.244802586729644e-05;8.15132739197886e-06;7.644778724563201e-06;4.991650163917298e-06;1.724900787342614e-05;7.54583380571913e-06;1.2058305996860822e-05;1.406772148920316e-05;7.209373464434066e-06;6.533873757585821e-06;1.589397309348724e-05;1.110100247157639e-05;1.3446434768181312e-05;9.16284651897444e-06;7.886323463118302e-06;5.4357774359554634e-06;1.8051524110185573e-05;8.046214571561594e-06;1.1964841356714288e-05;1.4625195662914319e-05;7.448149287334166e-06;8.417986704029764e-06;1.316405318168893e-05;0.00014689172117637964;3.0600805063943094e-05;5.188980335940586e-05;1.3926306620839486e-05;1.6905368118788578e-06;4.155133229967512e-05;1.4931581819088295e-06;2.240999855505533e-06;8.807372612482693e-06;3.2133254200076653e-06
07:25:49;162;8.892861618970858e-06;9.49493053817202e-06;3.6156044120488876e-05;7.319398025855279e-06;1.1919907101607599e-05;8.482601797058207e-06;7.227377064499375e-06;8.23010005681433e-06;5.9246052188655085e-06;1.637742208128078e-05;1.3380961806707216e-05;5.891621836375614e-06;8.750779885763842e-06;6.364341518602404e-06;6.845219479730118e-06;8.049532270082568e-06;1.2781674487559019e-05;9.083009249307111e-06;8.009627084833529e-06;9.066542059119019e-06;6.237001418665823e-06;1.7012662525142135e-05;1.4040697328422124e-05;6.467987497694882e-06;9.484453832694179e-06;6.719370523707674e-06;6.986604206114079e-06;7.834683257988865e-06;2.0677645667948085e-05;0.00011967227283683296;0.00018401050262165227;3.8258979427997146e-05;2.3471234747991207e-05;2.154851721410172e-06;2.022273791987269e-05;3.1929099133683943e-06;2.540328592306422e-06;7.304493306228119e-06;4.531889432270137e-06
07:28:33;163;1.2691050544204204e-05;1.3231914279090176e-05;3.29635890283152e-05;8.723892392481503e-06;2.358233695593464e-05;1.8795966394949655e-05;1.3359922246148802e-05;1.1261672997617014e-05;6.534099319953736e-06;6.106145377125151e-06;2.179348943410663e-05;2.0566868913233932e-05;5.596028104419433e-06;6.830536608891759e-06;9.14164392572626e-06;9.500383494244638e-06;2.4846815040867034e-05;1.9270452481532054e-05;1.4029632882140297e-05;1.1974636597383497e-05;6.846778456125735e-06;6.645043298174388e-06;2.1440700188174525e-05;2.1283479534620802e-05;5.908378809664688e-06;7.299376930065211e-06;9.73728985995934e-06;7.86139200341946e-06;6.209088929351476e-05;5.470455989382013e-05;0.00016496187566700734;3.983003638879628e-05;2.6462514959525612e-05;1.7511887424647717e-06;2.2641501118984215e-05;2.5410185573763844e-06;1.9202361160132366e-06;7.134166904396537e-06;3.663688694463624e-06
07:31:18;164;7.902470562855383e-06;8.466749333612963e-06;2.8969576046545964e-05;6.621045002930259e-06;1.0062662539021197e-05;8.457911513785762e-06;7.511169261352858e-06;6.752831555187103e-06;5.657858760085591e-06;7.944649453215582e-06;1.4605161739082591e-05;9.334637325573361e-06;4.810719125523312e-06;7.37789812823373e-06;5.693099382142464e-06;7.241353916723238e-06;1.0825876864756434e-05;9.230243288388746e-06;8.718839005349408e-06;7.228663446456474e-06;6.038329997230719e-06;8.411730435955754e-06;1.5079593485776819e-05;9.570914445720507e-06;5.305117979390426e-06;7.958106201656363e-06;5.992219355534814e-06;8.723841517981011e-06;9.051493031768725e-06;0.00010608675578257364;0.00010951610749747116;4.464908326507926e-05;3.117185601849764e-05;1.552136529968363e-06;2.0282610734045557e-05;2.1221723182176967e-06;2.8718930576601645e-06;7.543651688986535e-06;4.0633111163017654e-06
07:34:02;165;6.7212794974125245e-06;7.352741174801412e-06;2.1681511284192435e-05;6.790365303740745e-06;1.0692382902794344e-05;8.247330483677409e-06;7.203856118823379e-06;6.895027972252489e-06;6.189367235782067e-06;5.6150865574977615e-06;7.815154202975547e-06;5.547270890557146e-06;3.952405334411486e-06;6.61265588516616e-06;5.094449255176931e-06;7.357571417696242e-06;1.1499968348035981e-05;8.968950140437692e-06;8.16125352282108e-06;7.726906201414635e-06;6.6263605270861156e-06;6.130252301508209e-06;8.428375904374281e-06;6.22959925427103e-06;4.440866681577489e-06;7.178864328850494e-06;5.48392287057624e-06;9.39016100025714e-06;1.5810506236471402e-05;8.083183826947547e-05;5.949265852822749e-05;4.1780593286120166e-05;1.1111968676933133e-05;2.3077375276566917e-06;2.2324846131753135e-05;2.6347988951567143e-06;2.3826172082625493e-06;6.887834678048045e-06;5.222574971947367e-06
07:36:47;166;7.176115296012788e-06;7.757678597758795e-06;2.5273013116994507e-05;7.4513289760602675e-06;7.014008415689494e-06;9.857132454271778e-06;6.5521590373924194e-06;6.424666884638245e-06;5.916430646573707e-06;1.2704269270035308e-05;8.618319501930603e-06;5.443640331554372e-06;5.301119479706916e-06;6.471728871753674e-06;4.358577506994007e-06;7.793498396126722e-06;7.751328966254664e-06;1.035109590138515e-05;7.649770769960383e-06;7.580389563694944e-06;6.191897527163677e-06;1.3809392103097178e-05;9.026699364214806e-06;6.0526657693163205e-06;5.506601946993364e-06;6.7340271891248735e-06;4.644772901238993e-06;8.099586613990171e-06;3.0092731181433413e-05;5.719528920794959e-05;0.00011204461289466407;3.4823110034317787e-05;2.247415812552635e-05;1.4163386162152323e-06;2.1832014669291705e-05;3.7555949160336643e-06;1.699273342855486e-06;6.752148078017686e-06;3.09129972363885e-06
07:39:31;167;7.544912659408386e-06;8.184295300544605e-06;2.4083083898477917e-05;8.806833880018159e-06;9.068312128848985e-06;7.5079410467279475e-06;7.267593787219084e-06;1.0774979643392932e-05;5.1000457407145525e-06;5.479290926757585e-06;1.0568937635210576e-05;1.117951469612163e-05;3.907694771886451e-06;5.273572519761481e-06;5.604232451681603e-06;9.27323909205439e-06;9.98807208701162e-06;8.40438941493262e-06;8.227729791496465e-06;1.1570613400802853e-05;5.509808390711499e-06;6.288162950700616e-06;1.117106269622484e-05;1.1828162481419262e-05;4.265341341941834e-06;5.713418253251319e-06;5.971539820488424e-06;1.021464892236184e-05;4.099654374343304e-05;5.3799768709830414e-05;8.57401129129895e-05;4.542181252446932e-05;1.6619436374411284e-05;1.61668807461304e-06;2.0670292081701968e-05;2.0075629847257446e-06;1.788978030025761e-06;6.811894145503356e-06;3.309268277669817e-06
07:42:16;168;6.538465608617695e-06;7.1197622144356065e-06;3.878162410324705e-05;5.102533549138467e-06;8.760999353863884e-06;6.677109195410677e-06;8.065145504655323e-06;5.806608590639619e-06;3.609927168019505e-06;4.125300970966609e-06;1.1381150858111058e-05;4.86931411684695e-06;4.556114224966863e-06;1.052803783352374e-05;4.979344166726336e-06;5.335737603649871e-06;9.826741852866459e-06;7.1778695488733956e-06;9.227877865358302e-06;6.594222901484603e-06;3.935939857220097e-06;4.6236943887114525e-06;1.2188509002424073e-05;5.454541353542539e-06;4.973665057415145e-06;1.1030005709149527e-05;5.0683386752662276e-06;8.568984007425054e-06;2.0120827540953153e-05;0.00019676135227037947;0.00013331654745913618;5.161550101889306e-05;1.603927389755405e-05;2.649268471898669e-06;2.315569212359018e-05;1.6907474413809613e-06;1.4903899313191279e-06;7.4590151036546585e-06;2.5118899727799785e-06
07:45:00;169;6.46527944457954e-06;6.999643090561613e-06;4.034761609243204e-05;6.872570646072001e-06;6.955036097105511e-06;5.92404308912881e-06;8.426765276035233e-06;5.617698761607347e-06;4.727520698950953e-06;3.932740663873088e-06;1.1978994688955812e-05;5.63192816374877e-06;6.150328845806867e-06;6.864059939589011e-06;4.501664837745651e-06;7.1166356306842125e-06;7.744978160466232e-06;6.663294623396286e-06;9.621980788773427e-06;6.37322000329732e-06;4.956300008876796e-06;4.426218253419266e-06;1.248533029451486e-05;6.033241213198023e-06;6.32596272191245e-06;7.459655086067063e-06;4.78889900121062e-06;7.027727601544538e-06;2.3919527853140933e-05;0.0001577591385210153;0.0002051891944534054;3.791103433620422e-05;1.7371245883245354e-05;1.3835106564962604e-06;1.9768046380566266e-05;2.0192272375753155e-06;1.9108355655472474e-06;6.7753123542693885e-06;3.1365922661742455e-06
07:47:45;170;5.724056543825058e-06;6.322239768669993e-06;2.6015514652005085e-05;6.331161836731718e-06;6.76993352432088e-06;5.303151234350232e-06;6.10963958148535e-06;6.74846735422689e-06;4.271289008786735e-06;6.3860933843655365e-06;5.850422524776956e-06;6.494676747595659e-06;3.384813243265874e-06;6.564237822717897e-06;4.474790469802511e-06;6.5551141486576866e-06;7.542465315469322e-06;6.1131376489494775e-06;7.13175902518155e-06;7.66635777744099e-06;4.5958570382613805e-06;7.4652695234996105e-06;6.241023342388157e-06;7.106513363350466e-06;3.636923891094681e-06;7.149776693731377e-06;4.662677605366195e-06;7.706746834879655e-06;2.439169976661906e-05;7.884450531294096e-05;0.00010829291007911108;4.7092618180377414e-05;1.0605108686665005e-05;1.2152936499894719e-06;1.9421029601043133e-05;2.4297798700284515e-06;2.5522837347544634e-06;6.702778161938987e-06;2.9314219457133143e-06
07:50:29;171;5.731328815014339e-06;6.262630731841075e-06;2.678287107414078e-05;8.797962366393428e-06;8.184951345216715e-06;5.067354364482216e-06;5.6536782095535765e-06;7.219814336358675e-06;7.414524394536412e-06;3.125951786066914e-06;5.458302825964913e-06;5.486142512076888e-06;3.285313677992008e-06;4.4380858965227654e-06;4.643862229223507e-06;8.952074644691458e-06;8.82721514808739e-06;5.838311994057797e-06;6.817612670659665e-06;7.898128646784358e-06;7.670218162240439e-06;3.838468858161889e-06;5.917874803551829e-06;5.914483551085924e-06;3.5002827137794135e-06;4.935010297864394e-06;5.041886053524788e-06;8.430180407667398e-06;3.2665525642368716e-05;7.89989585068617e-05;0.0001045555091753629;4.2810502224601335e-05;1.6858935394371118e-05;2.223138734907164e-06;2.1222156048779202e-05;1.8324817670661004e-06;1.7261924250299551e-06;7.060184131643788e-06;3.0106884310300636e-06
07:53:14;172;5.2586486657704965e-06;5.862198018872686e-06;2.9030776566628925e-05;6.449759923557704e-06;7.2571439133639615e-06;5.639122199015261e-06;5.9444583141948275e-06;4.2399097879488386e-06;5.059349588004187e-06;6.235980034897569e-06;4.768991051920776e-06;5.408963807760549e-06;3.1214405814045616e-06;3.881341395516426e-06;5.097321551840071e-06;6.723807945479477e-06;7.938955645207713e-06;6.4155327649293405e-06;7.05386612854811e-06;5.276802033256876e-06;5.331006173324982e-06;7.016386145459123e-06;5.391508604496934e-06;5.9482246590188785e-06;3.413342975490414e-06;4.474670020821968e-06;5.362271915860047e-06;7.659325994431267e-06;1.0587958278193797e-05;0.00016181243770018;7.521031366642483e-05;3.927772965212175e-05;1.560110879730094e-05;1.7844290565302974e-06;2.1600578339702337e-05;1.6216433243700895e-06;2.5169423383014e-06;7.264814423390864e-06;3.432037228599515e-06
07:55:58;173;5.1426280355764735e-06;5.7426134303626255e-06;2.828053482042583e-05;6.250333760701468e-06;7.950990919234549e-06;5.022476681013834e-06;5.503982455740635e-06;4.004249270908841e-06;5.730451861554994e-06;4.327453629054451e-06;6.174961146531256e-06;5.956461835603994e-06;3.355993385896609e-06;4.013285317486489e-06;3.420894601772902e-06;6.554460434950048e-06;8.563651999217736e-06;5.832442650588044e-06;6.6064220143605874e-06;4.805379304240047e-06;5.976384782231055e-06;5.010504900141475e-06;6.723358188836859e-06;6.579247556031458e-06;3.707186832326454e-06;4.693450341331795e-06;3.858870087829537e-06;8.304364008287084e-06;3.156474412229971e-05;0.00011988918535942073;8.475156040648813e-05;4.272053471852449e-05;1.1577043117063716e-05;1.4500063448086001e-06;2.4366860748907544e-05;1.8806472416304672e-06;1.9623866955538894e-06;7.70596579583258e-06;3.1931192862930372e-06
07:58:43;174;4.67305342640016e-06;5.3001360149348235e-06;3.5453998766604287e-05;3.5432943854955696e-06;5.113528596596821e-06;4.649734124355249e-06;6.15968949026844e-06;4.669925661847753e-06;4.2866587377106536e-06;5.93481285965874e-06;4.609184999085611e-06;4.465085536702935e-06;4.544269890968425e-06;3.7723964622800437e-06;4.328058572220718e-06;3.875247312873997e-06;5.898429870147176e-06;5.441680652346562e-06;7.250951920802516e-06;5.507746430949634e-06;4.668185640553077e-06;6.868682951018762e-06;5.155668014030877e-06;5.053970987399778e-06;4.842928780207434e-06;4.340326158047832e-06;4.6978119584470925e-06;8.243406679744145e-06;2.073096433688665e-05;0.00015801032556823577;0.00014672589832112707;4.189412821599045e-05;1.320329532720714e-05;1.3932260167022564e-06;2.071636228628877e-05;2.2080118852967047e-06;2.367670891439876e-06;7.071488304785216e-06;2.8832073655473626e-06
08:01:27;175;4.993805620498196e-06;5.599030868601219e-06;2.9954456439628557e-05;8.773507964576766e-06;6.2389308613898144e-06;4.44055056289275e-06;4.89827681752915e-06;3.7621519588526553e-06;2.627193931010135e-06;4.173267916291417e-06;9.036927749470827e-06;4.146786537262415e-06;4.333939978289953e-06;3.6231479818773304e-06;3.870983218493248e-06;9.010771320183405e-06;7.057622474061231e-06;5.22238128954236e-06;5.960304394958959e-06;4.651943843874747e-06;2.880212297343319e-06;4.860960698466972e-06;9.714023218305246e-06;4.745373696061529e-06;4.672053784838969e-06;4.2528634142549485e-06;4.1598575074814e-06;7.896122220999489e-06;3.229063373499896e-05;9.256010381483755e-05;0.0001304242452855146;3.940656847630642e-05;1.9706629769011802e-05;1.1122027521837233e-06;2.1550363643384185e-05;2.2036751772891294e-06;2.1020043668659035e-06;7.122816102912416e-06;3.0781119312386083e-06
08:04:12;176;4.256669271285318e-06;4.864266193641315e-06;2.5016324741262542e-05;5.134872662828436e-06;5.433931817965355e-06;5.198363893364124e-06;4.93387593536454e-06;3.506909547726619e-06;3.2361646348536253e-06;3.0435771432024694e-06;5.553987652653157e-06;4.614770264184513e-06;3.1563795075002914e-06;3.5270067303113963e-06;3.740189783420853e-06;5.552455837759329e-06;6.280477775155443e-06;5.935406062246928e-06;6.038118021645955e-06;4.416998075313028e-06;3.5411995248045683e-06;3.6317414737189936e-06;6.116467294661929e-06;5.231952428990162e-06;3.4719402411967534e-06;4.1036608631139075e-06;4.050774468620908e-06;8.126873558929506e-06;2.757222023165435e-05;7.398241813830244e-05;9.666964068107738e-05;4.0236800407122436e-05;1.6848921312174055e-05;1.5125146650468827e-06;2.1793410654456792e-05;2.0124458543149642e-06;1.5532859938349535e-06;7.00304262893766e-06;2.884322769299066e-06
08:06:56;177;4.272751323500498e-06;4.87348632281904e-06;2.796250948008398e-05;5.969477718924633e-06;5.193613201726066e-06;4.409544726771938e-06;4.5968842421473255e-06;3.6602586949253566e-06;3.2011653250598537e-06;3.5611878939079133e-06;7.422091730869727e-06;3.8984116508670885e-06;2.9414323621650014e-06;3.177446615316109e-06;3.2414998698145197e-06;6.313489186279092e-06;6.016494474271342e-06;5.247249341261488e-06;5.7303416557675245e-06;4.439755799996673e-06;3.5458659377708718e-06;4.125699085387721e-06;7.992740329773138e-06;4.489073432258793e-06;3.2243005788114728e-06;3.810318670315886e-06;3.5465050880506908e-06;8.313435897382044e-06;2.7127558432231253e-05;0.00011161492619316581;9.403998960310755e-05;4.251926003823574e-05;1.3230926980228736e-05;1.336333588864543e-06;2.334774077004533e-05;1.7635576991374812e-06;1.7874508854037601e-06;7.438775233316827e-06;3.0301584398886654e-06
08:09:41;178;4.086040525082395e-06;4.7088279942830854e-06;2.8493141557790178e-05;5.31726258562964e-06;5.179185061750373e-06;4.2545816618464665e-06;5.3608761589885034e-06;3.5396210495974856e-06;2.9591394018782777e-06;3.8073539579257116e-06;5.373115067057328e-06;4.0607682750119656e-06;2.68432793875723e-06;3.0218556962583163e-06;3.4743977973438302e-06;5.6377681417709745e-06;5.9412363319822784e-06;5.090529007650764e-06;6.4772457738434215e-06;4.4287914326698134e-06;3.2832156625484954e-06;4.536933141635824e-06;6.030374149154744e-06;4.620128711855004e-06;2.9798603849531568e-06;3.6540265072393527e-06;3.8258251577967196e-06;7.888768779949844e-06;2.729876168208225e-05;0.00010128609722745739;0.00011432758682858547;4.033227885874444e-05;1.444937082004042e-05;1.259257162870848e-06;2.0815988114763057e-05;2.132982905503977e-06;1.600180083255375e-06;7.5024241935308105e-06;3.024002036698168e-06
08:12:25;179;3.90220196131643e-06;4.507689833259018e-06;3.062143327001096e-05;5.758352676950422e-06;4.82662666198311e-06;4.102820019563131e-06;4.485073642903424e-06;3.424746165527701e-06;3.3449630976178923e-06;3.559739442528873e-06;4.819438010046766e-06;3.8058569774467412e-06;2.6881594639149853e-06;2.9798938857471637e-06;3.0307519366087634e-06;5.995706015721824e-06;5.602704139256517e-06;4.934363497467748e-06;5.645293200198271e-06;4.306195089870753e-06;3.6689274022045295e-06;4.1474671330503e-06;5.512326594461102e-06;4.359141513892218e-06;2.9752905626266993e-06;3.5842351361323014e-06;3.3606257585245346e-06;8.029805073552493e-06;2.626964422483513e-05;0.00012489463758449541;0.00011547244800905587;4.303843973646153e-05;1.3272502184643617e-05;1.2662334099239747e-06;2.1270948191739563e-05;1.9839820191042398e-06;1.715930011917001e-06;7.318797692211558e-06;2.9238311021910854e-06
08:15:10;180;3.866287962107538e-06;4.482296355513714e-06;2.9088424373265105e-05;5.115275714602645e-06;4.781678247538097e-06;4.134312154685011e-06;4.629348058671212e-06;3.4639774857807155e-06;2.950940178598154e-06;2.9798209627461927e-06;5.702263291208386e-06;3.855659805974586e-06;2.7952816568896113e-06;2.869680833486851e-06;3.117215735799887e-06;5.354130173974584e-06;5.615810614126761e-06;5.00313398667539e-06;5.749505420036384e-06;4.332837522580823e-06;3.2537672458475536e-06;3.508431466832894e-06;6.32706876532683e-06;4.549399513559331e-06;3.1182073224597476e-06;3.4862343708010498e-06;3.4890280996386293e-06;7.886338365096349e-06;2.5636912988115166e-05;0.00011460959142235987;0.00010686842202927472;4.261228645728221e-05;1.4078901378193043e-05;1.2818916015737379e-06;2.2017741619667942e-05;1.9784947553494573e-06;1.7055101975984407e-06;7.339626942676585e-06;3.0453747219937456e-06
08:17:54;181;1.2092755616260382e-05;1.2766236528777075e-05;4.880622357229317e-05;8.967699892407795e-06;1.803799344331351e-05;9.881674084898474e-06;9.11135420654897e-06;1.3206688546641875e-05;1.0198208059687307e-05;1.537903296040936e-05;1.6577017349432438e-05;6.8055020637881505e-06;1.0595125878219072e-05;1.9015750401701386e-05;7.337016946642259e-06;9.503431280065826e-06;1.8727191062784116e-05;1.0394818074721254e-05;9.976169011782917e-06;1.4374759423764218e-05;1.0784985781494378e-05;1.6841088134104304e-05;1.6893726659631446e-05;7.491387678564473e-06;1.0984286797758636e-05;1.9532661202833014e-05;7.690329116312683e-06;6.972959287208121e-06;1.7939290933604308e-05;0.00017931063113531818;0.0002698983763860763;2.9529329523030466e-05;3.506097113964227e-05;1.1468301498729788e-06;2.6755589283621073e-05;3.803111087649039e-06;2.36436279325343e-06;8.205198813570994e-06;4.6880323346708124e-06
08:20:39;182;1.0932431132976655e-05;1.1448099606160569e-05;2.036708990665813e-05;1.0345109386507415e-05;1.2204558228357985e-05;1.6317732567343185e-05;1.3880610225669443e-05;1.2950727901800912e-05;6.686778572305808e-06;1.103925952799562e-05;8.786805895898521e-06;1.1640736075755534e-05;6.958625167318257e-06;1.3541138072009124e-05;6.837088559954261e-06;1.0648853282263293e-05;1.3238676176483807e-05;1.610945778511335e-05;1.494939958400762e-05;1.3629851758806477e-05;7.080989482485073e-06;1.2487750834075489e-05;9.328764140782023e-06;1.1871134960575212e-05;6.94327239596279e-06;1.3865648851824978e-05;7.223391669787263e-06;9.352787289514758e-06;6.844302922672672e-06;7.712734862017234e-05;4.550614612182378e-05;5.150486211446984e-05;1.4978140690775378e-05;2.250030896031582e-06;2.1195646921519043e-05;2.1200546470038707e-06;2.4540788980208517e-06;6.589312698981074e-06;4.482367058912398e-06
08:23:23;183;1.1996600137691034e-05;1.2486254030291899e-05;2.3944183220629735e-05;5.722804378261902e-06;3.0571030361091864e-05;1.0694356489502546e-05;1.3110936170593588e-05;1.1477773584415859e-05;7.697854519312324e-06;8.044696361831814e-06;1.2392855387071739e-05;9.469690301567756e-06;9.13903878861013e-06;8.626434650564493e-06;1.7011726988223266e-05;6.014597711558203e-06;3.145417175099145e-05;1.1306258122342023e-05;1.3903259163202211e-05;1.2499412484511239e-05;7.900042471157598e-06;8.577304746538601e-06;1.2709737278829046e-05;1.0042555246239121e-05;9.0883797924959e-06;8.932580103531489e-06;1.7406745704463418e-05;7.139272121302282e-06;3.788260434503409e-06;0.00012627796390460424;4.195346652103907e-05;3.7965848233970313e-05;1.6828139762073184e-05;3.044631605114058e-06;2.907162483038954e-05;1.8436069192949936e-06;7.2969614875409884e-06;7.827229895038996e-06;4.293192932685693e-06
08:26:08;184;1.046232774048018e-05;1.1010366184172763e-05;3.886206789671341e-05;8.375572260955654e-06;1.4766143340626638e-05;1.0040212730705827e-05;1.1980428935616642e-05;7.133011843246157e-06;5.4095293212955395e-06;6.710949953646729e-06;1.5000476749869243e-05;1.571728345275212e-05;6.246788909823987e-06;1.7896842953229513e-05;6.270688330932796e-06;8.847508398284383e-06;1.582820724378726e-05;1.0619901107169933e-05;1.2884446059155081e-05;8.171616193205317e-06;5.423657780105529e-06;7.587383169254592e-06;1.552089911513841e-05;1.586972564238542e-05;6.5315574530255685e-06;1.82548830845825e-05;6.584605268437395e-06;7.740920999865355e-06;1.2745658917479321e-05;0.00021777136750689244;0.00013633305669851338;3.384529151271749e-05;1.8513312978319118e-05;2.0119326922541312e-06;2.245284487052551e-05;2.244762929051484e-06;2.1366723785704968e-06;7.737089044007997e-06;2.8119042323639894e-06
08:28:52;185;1.0894424911291686e-05;1.148421302740978e-05;4.067301901851402e-05;1.0542656479050162e-05;1.0646287741813218e-05;8.443623133044556e-06;9.595173401841997e-06;7.634439769012921e-06;1.3406064027776665e-05;2.5370874020971066e-05;1.0933266023274966e-05;6.443234865891802e-06;7.574416662366317e-06;9.36165242716346e-06;1.0781406915198618e-05;1.1224181993315188e-05;1.1260501449652122e-05;9.087168259208703e-06;1.0578219454272804e-05;8.388412856842063e-06;1.3675205554124969e-05;2.6844292204006267e-05;1.1472871737848287e-05;6.949869625886889e-06;7.639313561055673e-06;9.812479957078342e-06;1.0878035988718715e-05;6.543101843376568e-06;2.7202733620443506e-05;0.00015425607243112644;0.00021700749997228703;2.8128636603576663e-05;1.6432082415758325e-05;1.4040320308809475e-06;2.1992414799495454e-05;1.7301313495926741e-06;2.276147281750692e-06;8.040305172690162e-06;3.0630707011897797e-06
08:31:37;186;1.1026389893748439e-05;1.1549961608223015e-05;3.4638699743919095e-05;8.616341484988446e-06;2.7177749811616277e-05;1.3522446853254554e-05;7.327706942238489e-06;1.3868817961534576e-05;6.877490515351652e-06;7.185877333494194e-06;7.98910228832545e-06;1.4411816270477505e-05;6.120072974301717e-06;9.323604902921158e-06;9.89564761575614e-06;8.78814018759368e-06;2.7966357944783744e-05;1.417700732878374e-05;8.355855916767113e-06;1.4610409391623968e-05;6.650195159694059e-06;8.125246218880904e-06;8.563933853352704e-06;1.4918365529491537e-05;6.282275448996453e-06;9.967909608337632e-06;1.0193837831910152e-05;1.29591553857969e-05;2.2041833454172737e-05;0.00018002823465025638;9.809443894095982e-05;5.057177491854225e-05;1.3729264605174482e-05;2.4757525620256542e-06;1.9135232949942694e-05;1.4760164780238238e-06;3.5286813093396005e-06;8.480132280055136e-06;3.143879392739677e-06
08:34:21;187;9.663915604237031e-06;1.0273117184140897e-05;4.1383099677192756e-05;1.3551046859819591e-05;1.1278936161767723e-05;8.420788383034505e-06;8.959617317636706e-06;1.0208303084947477e-05;5.923720683915173e-06;5.07855845684317e-06;9.118200769623028e-06;1.1050538558715123e-05;1.1749815656840342e-05;1.3513296789436811e-05;7.114160857342582e-06;1.4450056403779566e-05;1.2375860248389874e-05;9.098629009172385e-06;1.007026217342207e-05;1.1127237139820103e-05;6.1933795775616944e-06;5.575131690650928e-06;9.599001495638432e-06;1.1493525798408583e-05;1.1307666837534339e-05;1.4397346661363499e-05;7.589306100087441e-06;7.162248750735524e-06;1.3185740096720533e-05;0.00022586637051047402;0.00013045526359532503;3.803662243876104e-05;2.0313541734419524e-05;1.0951938533158634e-06;4.3342181385124964e-05;1.8137022095069553e-06;1.9633925554264878e-06;8.797700277588101e-06;4.565238718915094e-06
08:37:06;188;9.392831876973354e-06;9.999407355487936e-06;2.4934087112419724e-05;1.2496004846954376e-05;1.1219149974615242e-05;7.465041868215394e-06;2.0345036942744215e-05;6.660322526709127e-06;7.632169754856477e-06;5.2461434188315214e-06;6.4770586883417476e-06;8.638444037180967e-06;4.916447846170513e-06;6.2498366766305935e-06;1.5368322148777803e-05;1.2907665015656583e-05;1.2239824368580115e-05;7.995490831709055e-06;2.1498472834318357e-05;7.382294456817098e-06;7.9233487046127e-06;6.148973861394252e-06;6.977454231788745e-06;9.141924675543723e-06;5.1553452499032155e-06;7.033552872345826e-06;1.558853790224412e-05;8.896782854511005e-06;1.8835354532888004e-05;0.00010578296721751916;6.012088838634934e-05;4.7858133576244183e-05;1.6419507273756187e-05;1.5771614974279019e-06;2.083630823028032e-05;3.283607218884654e-06;2.332611953497446e-06;6.590027111576689e-06;6.6756954961018244e-06
08:39:50;189;1.0951004748511133e-05;1.1552479423422667e-05;2.2841160909948066e-05;6.209273323711593e-06;1.1213450925140478e-05;8.478824560918177e-06;1.2139414705943222e-05;6.549094395841786e-06;4.6409598468890385e-06;1.8745437015158213e-05;1.6646325509451675e-05;1.5467567492195982e-05;1.2923331579822223e-05;7.182300105445062e-06;1.121607406805548e-05;6.693675211725441e-06;1.1875989647579225e-05;9.105741534042437e-06;1.3153016385054982e-05;7.4481174204818304e-06;4.809004429239106e-06;1.9427068752831267e-05;1.6937861052806683e-05;1.625737514828709e-05;1.3428180737500491e-05;7.752210295402158e-06;1.1741508169046639e-05;7.781047017966315e-06;2.794164696604413e-05;7.454623701004752e-05;6.056213056336345e-05;4.21068306144195e-05;1.792025550182079e-05;3.050138224528088e-06;2.4421907652919125e-05;2.9715224119647594e-06;3.3229036441901785e-06;7.453324821382869e-06;2.0159864907300617e-06
08:42:35;190;8.12728671400526e-06;8.669857500455138e-06;3.532181989369782e-05;6.21801448439576e-06;8.038218155093091e-06;7.81189494796825e-06;9.41444728849464e-06;7.175422750355603e-06;1.4707293768300257e-05;9.899331576367455e-06;8.309376540373911e-06;6.8197043196443534e-06;6.633605034006058e-06;6.658811716161753e-06;5.841316715821614e-06;6.482458772978456e-06;8.725926680291437e-06;8.598149323213736e-06;1.0531066805072707e-05;7.791047296392851e-06;1.4900279271801715e-05;1.0833330122030802e-05;8.695496184879595e-06;7.537052906742776e-06;6.610390329702177e-06;7.166437298329134e-06;6.166651807769638e-06;6.9551623974752505e-06;4.609493088619491e-05;0.00010553226032222633;0.0001577507335510016;4.700141261779926e-05;2.23604440002625e-05;1.3176019137671598e-06;2.0349717287926806e-05;2.619670197024281e-06;2.6653785719571928e-06;7.502665582571773e-06;3.711861396166835e-06
08:45:19;191;6.63280369392086e-06;7.21603534277418e-06;4.8903567343511244e-05;4.913993355741426e-06;8.387310314555469e-06;7.802555440538196e-06;7.363033937870321e-06;7.2115852896620876e-06;3.873841766154452e-06;6.1434035665477245e-06;1.2654430947314019e-05;7.675472300082799e-06;3.7989770195100516e-06;4.811159580307069e-06;4.957878967492103e-06;5.0557849141413605e-06;9.626527680896438e-06;8.481813328896201e-06;8.320239517103535e-06;7.912963587553844e-06;4.186178966271735e-06;7.267491723781214e-06;1.3135897990904123e-05;8.0581539862843e-06;4.110067775515365e-06;5.244775112731975e-06;5.192527315914417e-06;6.4884339798360555e-06;9.585381481806699e-06;0.00031306654278401595;0.00015181578714570685;4.945614647429119e-05;2.3266662371838077e-05;1.6031472856541992e-06;1.680594330587724e-05;1.8059370731035359e-06;1.8202157062879935e-06;7.169613926338766e-06;3.958996587378359e-06
08:48:04;192;7.438678871096727e-06;7.992664559654408e-06;4.3587762300046343e-05;6.612299960744911e-06;1.5786830663893685e-05;6.6951227773095274e-06;8.081230597347464e-06;6.984065371927851e-06;9.194394274138837e-06;5.154124847967461e-06;6.978050091209877e-06;5.444920155316492e-06;4.291356775225226e-06;7.879099121507496e-06;6.162649572225766e-06;6.998653007721708e-06;1.650909420093256e-05;7.420741791134741e-06;9.188698215116865e-06;7.712794838512252e-06;9.615672645769693e-06;5.508200375297287e-06;7.5147938643360385e-06;6.116465633970654e-06;4.660200475663709e-06;8.133949668723588e-06;6.532706881639742e-06;7.6012983121773545e-06;1.2778691408210994e-05;0.00016582284053177706;0.00022633176174848937;3.2680351781524394e-05;4.343049216107582e-05;1.8469501714988993e-06;1.8427221964242642e-05;2.021938887726582e-06;1.100033054735417e-06;8.045941374192953e-06;2.965626204904807e-06
08:50:48;193;8.447486393301709e-06;9.112568984130143e-06;2.5067057276458962e-05;1.604148043942256e-05;7.747941158956193e-06;7.0118129009699715e-06;8.959330789340667e-06;8.167598112022874e-06;5.238951670866692e-06;6.318126753900412e-06;1.1302856471218092e-05;8.684056012307131e-06;8.957215722592661e-06;6.530835780696717e-06;6.409627311334341e-06;1.6280684029638158e-05;8.575832257347543e-06;7.836727111024157e-06;1.0091623210693015e-05;9.5596196785399e-06;5.693420321164657e-06;7.2634337195981796e-06;1.2024308909554126e-05;9.257426881958963e-06;9.100753157073558e-06;6.8303707112021055e-06;6.836624477359635e-06;7.635692635924849e-06;4.393024547286915e-05;8.065134505237132e-05;6.96615080146621e-05;4.942749270567769e-05;9.548139065952719e-06;1.7440541453318946e-06;2.0367346151941668e-05;3.3799051858937774e-06;2.4582702229124332e-06;7.896614128947566e-06;4.104074535022327e-06
08:53:33;194;7.699500546142314e-06;8.28572099267091e-06;4.249042839024093e-05;3.666725219695557e-06;7.390207662312647e-06;7.4652554392752215e-06;8.070678422778986e-06;8.241489545600768e-06;5.116488643349984e-06;5.699995401251747e-06;1.5319625444734893e-05;5.890450346803598e-06;5.058131835963567e-06;7.27541032380879e-06;1.3199545423054298e-05;4.127965825364875e-06;8.045636161712743e-06;8.019864996145494e-06;8.972067019074736e-06;8.848100479335238e-06;5.45197022065507e-06;6.3151893196914855e-06;1.6112521297134065e-05;6.5485018746550875e-06;5.547400382678047e-06;7.808134940412718e-06;1.363129541471297e-05;6.667615849378557e-06;1.81223540798278e-05;0.0002167210642858718;0.00016302546477065942;4.235671216953402e-05;1.6329006103613887e-05;2.5936187033214844e-06;2.8059593246127546e-05;3.2098455179571273e-06;2.0454803342043448e-06;7.2349630531810185e-06;3.5194225692142063e-06
08:56:17;195;7.492932693702931e-06;8.067581238489616e-06;3.2472568696785034e-05;6.294576118519175e-06;9.330960064088147e-06;5.3308465339796385e-06;1.595774138510561e-05;4.997340372948532e-06;4.9087256321911354e-06;7.948157517680762e-06;6.634631377460726e-06;7.234893462669913e-06;4.860719457801886e-06;4.787533627395843e-06;1.1629064049016465e-05;6.775128584402271e-06;1.0001816595440342e-05;6.045143548742745e-06;1.6962460743147686e-05;5.6076742601339616e-06;5.1278720743712145e-06;8.872079307147481e-06;7.15818779571225e-06;7.623710782262364e-06;5.234252299326531e-06;5.3158335912819065e-06;1.2086812326927003e-05;7.192834788374084e-06;1.0175018107835535e-05;0.00011063003827473019;0.00014198467200870438;4.02261690894618e-05;4.2138992343203326e-05;1.6778680236067824e-06;2.0344701716647097e-05;1.974039638396614e-06;2.291252764472632e-06;7.3298262702646964e-06;3.70541133572326e-06
08:59:02;196;6.256895902884645e-06;6.8579791481676655e-06;2.2357184764392228e-05;6.616133893673619e-06;1.4307875685207447e-05;6.013867836688033e-06;9.2531632967569e-06;5.118409696726965e-06;5.247533500739689e-06;3.6373499187967373e-06;5.025520402248483e-06;4.901980265905402e-06;3.852118208898374e-06;6.2039533536309674e-06;4.904842949571275e-06;6.7238181254882115e-06;1.5078166672791195e-05;6.6599440449149545e-06;1.0466424486413082e-05;5.821104573039486e-06;5.634301703450339e-06;4.2327640677527435e-06;5.744594943015601e-06;5.495453660266401e-06;4.184957670307235e-06;6.8771633069917685e-06;5.377054008079805e-06;8.134249850365019e-06;1.446412071779978e-05;8.527685899157195e-05;7.133040307957715e-05;3.8850389808868556e-05;1.2435675885354761e-05;1.66524430614411e-06;2.17364525184259e-05;2.9141111516174448e-06;1.4627768876133767e-06;7.221151362336132e-06;2.7947826130326458e-06
09:01:46;197;6.450217689746296e-06;7.049921500362836e-06;3.497832590155408e-05;3.61912772300405e-06;1.0057869916641431e-05;1.1989313749955437e-05;6.7640566893022545e-06;4.515366383179236e-06;9.57707145878637e-06;3.3917564800392794e-06;6.1743109482522e-06;5.501451522863218e-06;5.413459038291793e-06;5.216420014164669e-06;5.1824063353416765e-06;3.958696876757534e-06;1.0797364205855853e-05;1.2726303264318193e-05;7.868744588346158e-06;5.601044279766155e-06;1.0099951892594686e-05;3.910503141060538e-06;6.705106454917976e-06;6.005615636862371e-06;5.724512082543939e-06;5.662698611881233e-06;5.5385149878446425e-06;8.570121388076048e-06;2.968220195451136e-05;0.00017811207412242867;0.00011704846598257874;3.5231188442567366e-05;1.31787960772391e-05;1.9681999803711186e-06;2.088718049029767e-05;1.5568605135382211e-06;2.6683020628207868e-06;7.846183970526539e-06;2.990335833693459e-06
09:04:31;198;6.827495743715934e-06;7.462902080009417e-06;2.818210998325023e-05;8.158354392213079e-06;9.49072977104751e-06;6.7699365777168e-06;1.1955955916934355e-05;8.01029023216932e-06;7.624375252842955e-06;4.341217411895183e-06;4.832583397209398e-06;6.173570095055228e-06;3.6603888732984884e-06;4.574504493345702e-06;6.338040785697723e-06;8.327540629729408e-06;1.0456936597390118e-05;7.511246610503596e-06;1.2944058733962806e-05;9.232362865791228e-06;7.99479874077878e-06;4.752174290152203e-06;5.510732612895515e-06;6.811107233503046e-06;3.803097683885426e-06;5.377088971819163e-06;6.833677449736293e-06;1.0423229390102955e-05;1.721319862231266e-05;0.00013433855828503852;9.164117378650348e-05;3.657023392067152e-05;1.213176005042554e-05;1.3110104500572258e-06;1.9182162727843723e-05;2.709418719159744e-06;1.4939317298861267e-06;7.187291213925805e-06;3.983350903075504e-06
09:07:15;199;4.720922824219542e-06;5.338739229736797e-06;2.278484334456826e-05;5.068540412105966e-06;5.272320468208136e-06;4.894270681177204e-06;5.1511529561439185e-06;4.518541268342088e-06;3.1075611940681567e-06;3.404071831040896e-06;7.93072330328538e-06;4.635712133191109e-06;4.569478727360505e-06;4.3289886765375165e-06;3.769710508033148e-06;5.568217757978415e-06;6.21315954463804e-06;5.63954979871953e-06;6.169327817484442e-06;5.416383483182621e-06;3.499697983518016e-06;4.02126492869534e-06;8.376616129174216e-06;5.155617539953077e-06;4.907614530117216e-06;4.9566548758649115e-06;4.140764600332993e-06;8.545915615639487e-06;2.183672783278424e-05;8.280887564865994e-05;6.80601823845488e-05;4.368098728095228e-05;1.2852952809005414e-05;1.2168439998282896e-06;2.202024543917224e-05;1.4611015388516596e-06;2.0842481310001657e-06;6.348239592245594e-06;2.5017998621310454e-06
09:10:00;200;4.302627424124239e-06;4.931706854809427e-06;2.1512084146670375e-05;4.904500421141413e-06;5.5658312770777805e-06;4.711080017407519e-06;4.847029309796756e-06;4.646234297664168e-06;3.0717263564254567e-06;5.8506113292237804e-06;4.434568106342402e-06;3.32725746332585e-06;2.352840973688072e-06;4.411295949776931e-06;3.508551609566656e-06;5.313076763177147e-06;6.309428148528287e-06;5.752083520919653e-06;5.886515794637616e-06;5.574521278676796e-06;3.3839376072459738e-06;6.444469809599768e-06;5.1135622833257165e-06;3.959776078565621e-06;2.581759626473631e-06;4.887974982115269e-06;3.97337464763248e-06;1.004684848994889e-05;3.9599964275643646e-05;5.776570143053769e-05;6.0956425106768394e-05;4.1083291286373256e-05;1.3650599022686612e-05;1.1734887051183295e-06;2.091090946776981e-05;1.6732941357581882e-06;1.1676778270630241e-06;7.455332691436621e-06;2.6614773209401457e-06
09:12:44;201;4.451711559221911e-06;5.071426539295397e-06;1.7759763025849105e-05;2.962475875440356e-06;5.952838575043725e-06;5.048471400602818e-06;4.529034805048323e-06;3.6181255919390507e-06;2.8752891368035516e-06;6.483780169733419e-06;6.970815518834363e-06;3.7435646647245657e-06;2.8542876631121317e-06;5.039259426873534e-06;3.3425940082891388e-06;3.3083602956358397e-06;6.915605964319253e-06;5.719798514004237e-06;5.445923255172579e-06;4.568453277897788e-06;3.125972188160942e-06;7.484377463213927e-06;7.485848970956587e-06;4.3477917337947436e-06;3.2196927951547335e-06;5.566526362622714e-06;3.6687661899514187e-06;7.747644049644906e-06;2.0311683250920715e-05;3.894681924625545e-05;5.4807870942375964e-05;3.442028828100759e-05;2.1709837443901566e-05;1.1289899484163996e-06;1.9995123990945923e-05;2.880881626993418e-06;1.331558343751897e-06;6.566144014120752e-06;3.2703151718546697e-06
09:15:29;202;4.703635471256265e-06;5.2969272773329e-06;2.2188200517090753e-05;4.6457463595701976e-06;5.334129337988068e-06;4.917638142839823e-06;5.276622419165216e-06;3.748241929199284e-06;3.2011440586772593e-06;5.447131197978582e-06;6.86946222410773e-06;6.0550514304354275e-06;3.071598579848259e-06;3.94788343979516e-06;3.928974753945753e-06;5.080401395596571e-06;6.181118270790107e-06;5.607634832387381e-06;6.2841584656757446e-06;4.620763550669432e-06;3.573321720655776e-06;6.079451297778235e-06;7.315719369815477e-06;6.657347921070221e-06;3.388748497475061e-06;4.533844224204563e-06;4.240616299630116e-06;7.613999421775173e-06;3.0003812364110064e-05;5.045936866871964e-05;8.647566491482092e-05;4.4327744984290245e-05;1.4244458433750228e-05;1.300569166967952e-06;1.8252859961537603e-05;2.0646076050376456e-06;1.2708424576585647e-06;6.6999970834900474e-06;3.54448114293095e-06
09:18:13;203;3.964640181082628e-06;4.536123797842714e-06;2.5411412587585886e-05;6.27813101126342e-06;5.028661208489831e-06;3.8646001892769535e-06;4.340064014194602e-06;3.419922635184879e-06;2.99991150983074e-06;2.2599937310665363e-06;3.6481688638900778e-06;4.939548874977556e-06;2.393902047582618e-06;5.566744864505711e-06;2.8360315986539964e-06;6.613672224064638e-06;5.8610633609129725e-06;4.671489843439062e-06;5.28804215016724e-06;4.1843978907090325e-06;3.289825596616941e-06;2.8146536541372152e-06;4.3153569653372e-06;5.433992483527687e-06;2.6892189625753797e-06;6.045492745779714e-06;3.2262777569738754e-06;7.549014689343538e-06;2.784604423924821e-05;8.282560001112887e-05;0.00010282202974436642;3.795324737160852e-05;1.29493224463066e-05;1.0783974333439685e-06;1.8771379618902306e-05;1.7178371427519966e-06;1.530075301756671e-06;7.179969177045197e-06;2.7140338752283956e-06
09:20:58;204;3.933652400175705e-06;4.535092974820836e-06;2.1603111915978824e-05;4.730480283851338e-06;4.636932025580233e-06;4.3807129660354924e-06;4.5918023490995354e-06;4.066523757082698e-06;2.6596630053887793e-06;2.305095182367464e-06;6.071846146356434e-06;5.134286535156786e-06;2.4732253549395655e-06;2.946952771668262e-06;3.2063068495993074e-06;5.028472270180517e-06;5.500976293418878e-06;5.1264238019156655e-06;5.591083847804517e-06;4.919088597270724e-06;2.946991424876246e-06;2.794682521923704e-06;6.746115208374295e-06;5.7772526528009894e-06;2.8709644444070018e-06;3.541033329038558e-06;3.5780293400639955e-06;7.907473168850253e-06;2.6969265676125826e-05;6.955063431672283e-05;6.32455529377874e-05;4.480673166412793e-05;1.2171888807019622e-05;1.1087917601806493e-06;1.9796827722409332e-05;2.2873384400457108e-06;1.408909687188819e-06;7.185544627373099e-06;2.7983841839144022e-06
09:23:42;205;3.869925407684605e-06;4.497615843976309e-06;3.1367384292110564e-05;5.648592107831973e-06;4.646450312668032e-06;4.3078572411885e-06;4.552925043684168e-06;3.0177428249218834e-06;2.1709937161127546e-06;2.099123089652463e-06;4.448845167814852e-06;5.14632283777804e-06;4.422603922193957e-06;2.7677710649436964e-06;3.2098761347495755e-06;6.0149639760115686e-06;5.502174926847676e-06;5.1189972941468604e-06;5.683864366824597e-06;3.871362351570566e-06;2.4607200910832957e-06;2.6440071031151715e-06;5.12364270239059e-06;5.709487851750573e-06;4.825504815983814e-06;3.3376058748712517e-06;3.679057338363064e-06;8.89732014095434e-06;2.563012869069272e-05;0.00013182944130872966;0.00011987664882103192;3.821600639839238e-05;1.597748731362115e-05;1.1251602389974207e-06;2.1063127807955735e-05;1.4832538345948766e-06;2.1715349777131298e-06;7.354681162630408e-06;2.7838208100129933e-06
09:26:27;206;3.4396568357211974e-06;4.049951246399152e-06;2.4824126803982914e-05;4.477847084804022e-06;4.505814876280696e-06;3.89375723486296e-06;4.106533016180368e-06;3.6120681082123114e-06;2.1044248317281244e-06;2.2943785439624973e-06;4.575000614954144e-06;3.6940280927085083e-06;2.4912494769324667e-06;2.712087442059318e-06;2.8086918081013126e-06;4.863348602709807e-06;5.326734475302952e-06;4.62313839963389e-06;5.179130907948357e-06;4.4367353335543115e-06;2.4409071174080896e-06;2.8077179194951896e-06;5.233401435373397e-06;4.314597427891604e-06;2.8725446900122584e-06;3.327187002895111e-06;3.1739698932119323e-06;7.322750444189472e-06;2.650128044129334e-05;7.607851618475196e-05;9.743547948426595e-05;4.255232658232591e-05;1.4596155793968172e-05;1.2092645449531439e-06;1.9163663529654726e-05;1.9270621417107677e-06;1.4339258518785326e-06;6.932267434382115e-06;2.7368292144209077e-06
09:29:11;207;3.124441642137816e-06;3.745682574211785e-06;2.4095059970916046e-05;3.0303138306532094e-06;3.946814256750031e-06;3.6357670677747675e-06;4.205198392009441e-06;3.120241750955508e-06;2.2958596950026977e-06;3.0418896101800574e-06;4.032717739541815e-06;3.077942957477572e-06;2.0410530489168752e-06;2.4728031200864238e-06;2.592697295320725e-06;3.373555736737827e-06;4.807058150871381e-06;4.432166596289571e-06;5.310512722045834e-06;4.01696975937808e-06;2.643150157635756e-06;3.577522613364014e-06;4.671141043586488e-06;3.6547358066152674e-06;2.374527802019173e-06;3.0645468069462965e-06;3.022302769727215e-06;7.848023486225514e-06;2.611889809505097e-05;8.179839204402735e-05;8.355695697315499e-05;4.277868692356678e-05;1.3082336022828456e-05;1.0938844153998816e-06;1.9523685969875804e-05;1.7990037950004106e-06;1.4664725782899626e-06;7.383744210459836e-06;2.690635137112657e-06
09:31:56;208;3.3002798725786677e-06;3.924432561850349e-06;2.7712644028881625e-05;4.277481870283075e-06;4.080802321837496e-06;3.58763429905454e-06;3.931407577020061e-06;2.943013558914293e-06;2.374846219636724e-06;2.540323417480036e-06;5.016790589900728e-06;3.4484379122739544e-06;2.2442056032513267e-06;2.6256829592987496e-06;2.5327311909961736e-06;4.638993381883631e-06;4.960564278399378e-06;4.4218215747075845e-06;4.979836905730263e-06;3.804359332921022e-06;2.6829815615661872e-06;3.098850671921343e-06;5.698629978770107e-06;4.0167284554673305e-06;2.6238160228475163e-06;3.2297902658061917e-06;2.9368165075849693e-06;7.944988539563985e-06;2.6601762933529468e-05;0.0001053016890083269;0.00010675716563382767;3.7168731902694884e-05;1.4242734733614905e-05;1.1746095905039238e-06;2.0237616601781118e-05;1.6134801057380668e-06;1.5497927261509689e-06;7.331045653423932e-06;2.6281109174236956e-06
09:34:40;209;3.268947644453523e-06;3.886461733680887e-06;2.479778375554687e-05;3.998274177196105e-06;4.075062067505025e-06;3.589788047910567e-06;4.049431403207006e-06;2.8797090982509004e-06;2.270623428431277e-06;2.782865462917657e-06;4.747224629074832e-06;3.277187959550464e-06;2.5698329852794832e-06;2.422360734625913e-06;2.565010912679678e-06;4.337756593750909e-06;4.931584343570579e-06;4.375299449978378e-06;5.168618133522406e-06;3.708806432285523e-06;2.601880615208146e-06;3.347541495759863e-06;5.406291447913265e-06;3.889210019443004e-06;2.8577269994215547e-06;3.0615812095134116e-06;2.951242673658225e-06;7.773474271486413e-06;2.656326728116737e-05;8.639017693521937e-05;9.277832284388181e-05;3.737156783977053e-05;1.2791293760096104e-05;1.1651357285136286e-06;1.9488221559664035e-05;1.813766127467886e-06;1.5711263528155373e-06;7.158233757162481e-06;2.708818609317301e-06
09:37:25;210;3.2733662694345806e-06;3.8797955318231395e-06;2.4608716075881268e-05;4.6453776434418614e-06;4.080522697594543e-06;3.5493254599636903e-06;3.822900867140271e-06;2.940172081234881e-06;2.3597341528872304e-06;2.5077742093835487e-06;4.734180605032117e-06;3.412123994098434e-06;2.197109605846363e-06;2.466083148275092e-06;2.5650897351232e-06;4.9245712500722425e-06;4.926475193764118e-06;4.329914461294133e-06;4.896025593207245e-06;3.8248784083499475e-06;2.6707918544771826e-06;3.0566953478516057e-06;5.432532027872542e-06;3.992204466169513e-06;2.5185589849938934e-06;3.0585329344070996e-06;2.926364660669594e-06;7.873811073152502e-06;2.6915501426161242e-05;8.589050535655526e-05;8.981685343579866e-05;3.780592405954698e-05;1.2889621824734924e-05;1.2159937311431984e-06;1.9710669942782185e-05;1.8408904071476292e-06;1.5295063444141424e-06;7.115674281688443e-06;2.6996410274500674e-06
09:40:09;211;1.3599759880507504e-05;1.4142806413716083e-05;2.916435111936349e-05;9.026558299364172e-06;1.689636837780158e-05;9.467735624985545e-06;9.54969056075263e-06;2.4369280404037205e-05;7.157312574693461e-06;1.4480674779675114e-05;1.2905186055304926e-05;2.8435858851594276e-05;7.973557789465634e-06;1.3912150414150595e-05;9.022740573269319e-06;9.18123509155187e-06;1.7615193209616037e-05;9.951242358096628e-06;1.034208021855757e-05;2.4711835780917796e-05;7.345890279321804e-06;1.6254272689170476e-05;1.3311522603613366e-05;2.891949942393326e-05;7.834765279145773e-06;1.4847868229319633e-05;9.398269228284657e-06;6.904688784678622e-06;2.2181336902221493e-05;9.705332249223602e-05;0.00012170281980165936;4.881015252321954e-05;1.0502198384036074e-05;1.5551354438772041e-06;2.727130375774406e-05;1.3733574183008883e-06;1.4113753733713537e-06;7.164979245735356e-06;4.041543305281847e-06
09:42:54;212;9.62829856247667e-06;1.0438464587308243e-05;6.574939807659694e-05;6.474548024341815e-06;9.840774011913503e-06;1.1994306990200956e-05;1.1000634295690112e-05;1.1254977872193257e-05;1.3818944826740873e-05;1.0849168035711251e-05;9.928069717607906e-06;7.313370302080619e-06;6.464203079885196e-06;7.2474920445648134e-06;9.3530898617189e-06;6.868172243840387e-06;1.0827186922798791e-05;1.2841907765862202e-05;1.2220062107868976e-05;1.2988056668395006e-05;1.4490645241229559e-05;1.2467791938307308e-05;1.0553590947916124e-05;7.5773076545535524e-06;6.63936581779264e-06;7.844290906442566e-06;9.94319434309396e-06;1.1025300110746123e-05;2.547372560032086e-05;0.000381063354099175;0.0002911697856708885;3.264865737616682e-05;1.1851195635845972e-05;1.4184231497987994e-06;1.9765362106161748e-05;1.318585371122381e-06;3.15774702657418e-06;7.055401918729046e-06;3.0452388536339096e-06
09:45:41;213;1.258413291664469e-05;1.3225247360573628e-05;4.408006579869046e-05;7.863274454678049e-06;1.2025532503204515e-05;1.0196914426527117e-05;1.8919642661268714e-05;2.176423871637987e-05;4.977793871965084e-06;7.21087347021022e-06;9.951284930955559e-06;9.77205296237571e-06;8.244408616000307e-06;9.46615889222099e-06;3.0617416053308425e-05;8.261613903080534e-06;1.2526249957784475e-05;1.094855589961966e-05;1.995840968931266e-05;2.2381934896553573e-05;4.958538727207062e-06;8.227903050237153e-06;1.0611071951344353e-05;1.0491933418178852e-05;9.204557192235739e-06;9.86041755201273e-06;3.127177794190578e-05;1.076143212345721e-05;2.3042688769378934e-05;0.00024740611179621105;0.0001388236010509297;5.554642604678009e-05;1.0859512670537586e-05;1.091559736348529e-06;2.510444434845719e-05;1.4758562655237874e-06;2.345467249470153e-06;7.151022839307904e-06;5.352666687883386e-06
09:48:29;214;8.519885297950871e-06;9.013783077350553e-06;4.4818991313278606e-05;4.589757025350784e-06;8.799100192065493e-06;6.9839533099721765e-06;1.9033451282139552e-05;8.023902473362135e-06;5.361770121226073e-06;1.7804111600774128e-05;6.6345403462781345e-06;5.656127550485673e-06;5.428846240430506e-06;6.667499642015235e-06;7.255560397500073e-06;4.923621973611711e-06;9.436918694921622e-06;7.534620457406589e-06;1.9936419632842123e-05;8.657814754470461e-06;5.6500038215146355e-06;1.8500525135395142e-05;7.2730071212701455e-06;6.198372214189303e-06;5.455840074560749e-06;6.9628294447364724e-06;7.63541948465819e-06;7.840527452034617e-06;3.1582985209697864e-05;0.00019471776149445803;0.00020964437217537853;3.634446691434765e-05;1.7839950226354788e-05;5.015923491095395e-06;1.6594098003697684e-05;1.9135424691104757e-06;3.44362313213745e-06;7.79952684786834e-06;5.0911183431623275e-06
09:51:15;215;8.98269912012624e-06;9.457412903153638e-06;2.9233563808932277e-05;1.1459900388966947e-05;9.830843951745424e-06;9.235665076025931e-06;1.4194684998807878e-05;8.344050275287497e-06;7.212032753626958e-06;8.177297084960793e-06;1.4136830382033788e-05;5.530905726141617e-06;5.324349596688452e-06;8.320187815965854e-06;6.025637543028882e-06;1.1716525270596229e-05;1.068425780419913e-05;9.846449653265108e-06;1.4647365258244026e-05;9.307955650323884e-06;7.478404319344112e-06;8.914023032669814e-06;1.4794944266363525e-05;5.891599749138319e-06;5.2798138940373445e-06;8.71031238315067e-06;6.217299616327171e-06;7.065515762339642e-06;1.116754229691059e-05;0.00017507160525679198;7.363534995547379e-05;2.6936190652484184e-05;2.2764790696740065e-05;1.1993921755111134e-06;2.1387632729439596e-05;1.477787473035288e-06;2.183390668658103e-06;6.1327087326637e-06;1.7808593071393277e-06
09:54:01;216;1.0612228684501382e-05;1.123252484002121e-05;3.862020460935084e-05;4.584623073743511e-06;2.195535049183532e-05;6.342008989564234e-06;1.2293496641678882e-05;8.48159764514507e-06;1.5350605000786675e-05;5.387786319553036e-06;7.601765289486841e-06;8.827393435369272e-06;5.554285003161009e-06;1.1726496651285537e-05;1.9241332136811128e-05;5.098077482688484e-06;2.2842767411700002e-05;6.810813518521034e-06;1.3195546325962973e-05;9.466582572644302e-06;1.5664345402358236e-05;6.257992967957877e-06;8.161814928572784e-06;9.50279650457065e-06;5.847959453350558e-06;1.2343006024429652e-05;1.9598590876705225e-05;1.049474539898544e-05;5.140759584706405e-05;0.00016678748407250935;0.000148589334936608;3.264595911771041e-05;2.1955689632449544e-05;2.7320919570803174e-06;1.5965344893702838e-05;1.4183631795688965e-06;1.3732477865800312e-06;8.321964294833188e-06;1.750634195118052e-06
09:56:48;217;9.774695623899664e-06;1.0274046273272827e-05;1.943526993519481e-05;8.388072993041492e-06;1.8170875636966148e-05;1.5477940777295565e-05;9.979807908874507e-06;8.000451678278544e-06;5.628682644501478e-06;6.212495369533661e-06;8.66092802195598e-06;1.4636272901213943e-05;8.019404716851465e-06;5.39279904449524e-06;8.728612105425203e-06;8.744072869652698e-06;1.9111504703295958e-05;1.5182062575552698e-05;1.0789967930151438e-05;9.38853825665561e-06;5.824717840069649e-06;7.300044533714086e-06;9.524206435816257e-06;1.4848092339175483e-05;7.834675040578099e-06;5.8556799696724495e-06;8.88498994708577e-06;8.936422408642422e-06;3.2519967535101406e-05;5.7314863971233234e-05;6.453245247317455e-05;2.9186845719575657e-05;1.3026597518377963e-05;9.334151445800394e-07;1.3669428120736286e-05;1.3926003278553125e-06;1.1066453034487172e-06;7.524183718761572e-06;3.07981698085062e-06
09:59:33;218;9.27401830934245e-06;9.75645698302667e-06;2.586308966201954e-05;1.2218328927686302e-05;6.991011110296148e-06;8.553974111500587e-06;1.3203195208497867e-05;1.0174928496359763e-05;5.905985003031653e-06;9.164877488194117e-06;5.2692849640772526e-06;7.96361140683902e-06;1.725524473592734e-05;7.615621540421361e-06;6.972152658849237e-06;1.2533339998563988e-05;7.659248959625294e-06;9.529488015456842e-06;1.413726992803829e-05;1.0822540274073364e-05;6.127373071534219e-06;1.0106173203318657e-05;5.88003769412871e-06;8.425069476680055e-06;1.6749887482213046e-05;8.092375934856009e-06;7.014676289663494e-06;9.06637235550361e-06;8.521452960266189e-06;0.00014542174204758867;3.543455705799599e-05;5.641922009583367e-05;2.120478163525026e-05;1.4718394695093145e-06;1.6652913483352717e-05;2.1508655649907376e-06;3.2985398373794985e-06;7.776262037425888e-06;2.938529399137982e-06
10:02:18;219;7.513093480197726e-06;8.153458761798787e-06;2.7845724382894816e-05;6.90917076795472e-06;7.457634239280899e-06;8.720537533303162e-06;7.253932320917432e-06;6.679673771194737e-06;9.288893122319761e-06;6.596306817450361e-06;6.083391411948469e-06;1.4516036739823077e-05;4.610264604177804e-06;6.382429991059656e-06;5.658847869163062e-06;7.020022443427905e-06;8.432250023694987e-06;9.62656734177299e-06;8.182517572267783e-06;7.69337974286574e-06;9.475043938598187e-06;7.752312250909487e-06;6.5883277899576825e-06;1.5051949613055662e-05;4.790389573804244e-06;7.187937755957194e-06;6.040803635739935e-06;1.0595695275042302e-05;1.916788730666188e-05;0.0001176249463863581;0.000109859523467163;3.035075143253034e-05;1.430304118765641e-05;1.784848681225039e-06;1.707197526605537e-05;1.7280424510586237e-06;1.6358351897549676e-06;7.637354172870663e-06;2.388791778361013e-06
10:05:03;220;6.491654127542419e-06;7.1158259040974466e-06;2.661538976124414e-05;4.950901199472148e-06;7.255740282697719e-06;7.569729722883329e-06;5.803636005713935e-06;5.048218697693714e-06;5.534848933437657e-06;7.089675810463674e-06;9.786294974389875e-06;5.182668092180103e-06;5.871041110403687e-06;6.770638385298546e-06;7.036454432936394e-06;5.152932418022368e-06;8.179652151646891e-06;8.378095405037762e-06;6.794436391333598e-06;5.898739104102074e-06;5.83679560735664e-06;7.877900592391114e-06;1.0192519386945133e-05;5.727649485252877e-06;6.371208083012938e-06;7.169215557122341e-06;7.810764542872548e-06;7.034034491722417e-06;3.695892002892604e-05;5.6673332902834854e-05;0.00011595751726050011;4.153661349444727e-05;2.3348334710437905e-05;2.535597943062192e-06;2.0415015889874225e-05;2.576875239591856e-06;1.8206869519155283e-06;7.433918893978473e-06;3.0938293276387968e-06
10:07:48;221;9.06014395757831e-06;9.616443313012795e-06;1.536442262991368e-05;2.9746238655289662e-05;6.618301200169506e-06;7.70558123264209e-06;6.7859040910889235e-06;6.560990630142462e-06;7.213531486562695e-06;4.256537905013922e-06;7.407399208600199e-06;1.0678312030811618e-05;9.168369070328646e-06;6.555570748386944e-06;6.0249873873823905e-06;3.060437141161683e-05;7.516358586651188e-06;8.474418434702727e-06;7.592702222379408e-06;7.223286631783651e-06;7.665379736771442e-06;5.0057720911837935e-06;8.153524987979445e-06;1.0874415111865795e-05;9.022454735172744e-06;6.797946312711051e-06;6.466685751743343e-06;8.87465191815979e-06;3.1515151026100967e-05;3.125696402008969e-05;3.023137278795639e-05;3.6086876667006594e-05;8.510477705147339e-06;1.823749929939194e-06;2.2794345038639183e-05;2.1318965741001154e-06;1.0137037724453562e-06;7.035757503214989e-06;3.0981246161646136e-06
10:10:33;222;8.598435608126403e-06;9.24576116182224e-06;4.680145972089472e-05;6.62474033577806e-06;8.840244899100856e-06;1.4517618852365063e-05;6.538792147575185e-06;4.760172554796327e-06;4.430839478915387e-06;1.663712712679006e-05;7.889087311822736e-06;1.8102398481222405e-05;4.1849911324670135e-06;4.8206869828507335e-06;5.834524300625659e-06;7.280786832457643e-06;9.587847003624834e-06;1.5524504110371823e-05;7.5405513874827616e-06;5.697441885118517e-06;4.691180642618713e-06;1.7839804530910754e-05;8.620173848382215e-06;1.8427633705546732e-05;4.325613285282433e-06;5.2310592159704395e-06;6.182533968368963e-06;1.0318573495767267e-05;2.8337995804960416e-05;0.00023517874860907423;0.0001963789192967174;4.18220454779454e-05;1.2382511333121469e-05;1.986440158503311e-06;2.0241522023695644e-05;1.2825996148419104e-06;1.6460863860487393e-06;8.134923671731436e-06;3.907150778329417e-06
10:13:18;223;5.341632842714716e-06;5.878464907243453e-06;3.051947207401209e-05;4.028933055299046e-06;8.274991511246878e-06;6.9723083316572145e-06;5.529747058959216e-06;5.374905925105043e-06;4.10920081476847e-06;4.0834775166910155e-06;6.6336406476998695e-06;5.351228629344653e-06;4.842893423012191e-06;3.953974993723105e-06;4.9442903860804934e-06;4.355498970342731e-06;9.097665802476548e-06;7.6111222934062575e-06;6.548960127589982e-06;5.975785776356617e-06;4.521952782449227e-06;4.628401081356083e-06;7.113570345724458e-06;5.967123527199552e-06;5.003206340432693e-06;4.387669170820935e-06;5.330621097297658e-06;7.39285456315913e-06;2.0581834517793666e-05;0.0001215757369198936;0.00011573352981124715;4.827781605173022e-05;1.8257641035216284e-05;9.497265090723114e-07;1.8959510533310227e-05;1.9109237855600323e-06;2.7459388690902333e-06;6.724198894570657e-06;3.1239533975015434e-06
10:16:03;224;5.607267619919557e-06;6.168550308884042e-06;3.3156296366918175e-05;6.6257759702249466e-06;5.825943638949514e-06;6.046763821775482e-06;8.542229102979284e-06;4.6410172212771075e-06;3.819797476626005e-06;4.004307060641437e-06;9.85235223473844e-06;4.942507032655964e-06;3.5809488211862632e-06;5.2907632566762626e-06;4.114803849249298e-06;7.244687476716685e-06;6.596369962320336e-06;6.66670415210066e-06;9.389301224853372e-06;5.452510955549343e-06;4.104691300463982e-06;4.633686301853622e-06;1.0346800294589425e-05;5.233143714507651e-06;3.9175262044628204e-06;5.778782969737452e-06;4.658397373635966e-06;7.721393011406711e-06;1.3536266074061528e-05;0.00013564329746207842;0.00013699996315977257;3.827236384206736e-05;3.1446912362306984e-05;1.5468061254401038e-06;2.054865677604798e-05;1.5554289780640703e-06;1.4879927194913896e-06;6.965830438797835e-06;2.150645453483194e-06
10:18:48;225;7.838828970818668e-06;8.475896271492378e-06;3.969956801952296e-05;3.9993521246243935e-06;8.761445094116674e-06;5.736143584042256e-06;1.062207344143024e-05;1.3229071073665596e-05;8.394664940877563e-06;3.400851480347714e-06;1.5258863920115058e-05;7.292877734760788e-06;8.647058045919596e-06;4.600979188428379e-06;4.122564042383849e-06;4.476530636877007e-06;9.549361211496414e-06;6.507850777112092e-06;1.1654325307857487e-05;1.4429698527652086e-05;8.583948415377297e-06;3.870024833120141e-06;1.603266469206988e-05;8.082379192181847e-06;8.96228947901444e-06;5.03816947250154e-06;4.523509022862838e-06;8.453462950675691e-06;2.414627180651366e-05;0.00018584615840977606;0.00017772551141513748;2.9809579238187632e-05;1.3597188804810682e-05;8.84452768346888e-07;2.2565958318536303e-05;1.741402762630381e-06;1.5835693757581753e-06;7.0585927609438e-06;2.9826676229588103e-06
10:21:33;226;7.3018732587632424e-06;7.901385081051466e-06;2.741837933231534e-05;4.479273792283451e-06;8.538829035196407e-06;8.393666132568775e-06;1.0048928844112611e-05;4.741055389894717e-06;7.030427558421789e-06;4.811161677377061e-06;8.181888835940237e-06;1.252436772603005e-05;4.176276039335004e-06;3.779251356467677e-06;1.091735056232582e-05;4.906686845521408e-06;9.459618778939468e-06;9.017816525176639e-06;1.1189261149871826e-05;5.4335932095973134e-06;7.411093002137701e-06;5.581380523663144e-06;8.795424739357166e-06;1.2870502826134022e-05;4.442260637627937e-06;4.2935804616764134e-06;1.141539912134272e-05;8.051608313960764e-06;5.671378734659031e-05;6.049631834556799e-05;0.00012287604273620732;3.8881238060868594e-05;8.273256521780509e-06;1.8720528357411364e-06;1.9076156725901542e-05;1.74646936129608e-06;1.1918337821400585e-06;6.63068645311043e-06;3.2111015046192446e-06
10:24:18;227;5.197857141390407e-06;5.824183615545678e-06;3.0700228105511904e-05;3.5051800557830215e-06;4.781954707443571e-06;7.677842898668917e-06;6.715979374728352e-06;1.1932810884538661e-05;3.0111946592758056e-06;3.0189160832608506e-06;6.412301709249587e-06;4.030065561266838e-06;3.3691720505208362e-06;3.935215139447027e-06;3.983650647334323e-06;3.802026935197399e-06;5.7600272807749095e-06;8.733112989358244e-06;7.833914274163397e-06;1.2662997954676836e-05;3.3539687609834202e-06;3.555199841569827e-06;7.224731274894836e-06;4.543887699364399e-06;3.603393616121818e-06;4.410272888694463e-06;4.406667165289658e-06;7.878322102594872e-06;1.3667667258792226e-05;0.00017636553237926139;7.637889167980114e-05;4.613545367441137e-05;1.1092502897279365e-05;9.309644473513707e-07;2.2494176100903565e-05;1.3772703791874297e-06;2.306682800600109e-06;7.374283026917864e-06;2.4009905190422458e-06
10:27:03;228;6.275483014209468e-06;6.830591614801316e-06;2.1482424304478117e-05;8.352752495000004e-06;6.359160520345726e-06;6.48976053535028e-06;5.288020643428643e-06;1.0154889537907572e-05;1.1238427844582269e-05;2.193543363272387e-06;8.17879295893094e-06;4.370380875296963e-06;2.8870599052443038e-06;3.998382806907392e-06;5.7946228867355e-06;8.711166916742237e-06;7.395319986658884e-06;7.139008682281224e-06;6.293388282698933e-06;1.089952348029098e-05;1.1245808977198262e-05;2.628688822035575e-06;8.964411577674387e-06;4.926604675876914e-06;2.9993924312569832e-06;4.552651233420356e-06;6.211132718426252e-06;7.3908209382201625e-06;2.3061246511520908e-05;6.870900270593874e-05;4.769237763921062e-05;5.1421203066170705e-05;2.341702632026819e-05;8.933574075384664e-07;2.2875837930102295e-05;1.8592093899657876e-06;1.4159587565293195e-06;6.214741754821356e-06;2.8383092334508705e-06
10:29:48;229;4.532230132525683e-06;5.11227423735766e-06;2.907732693888571e-05;9.846090536184834e-06;5.380924180090315e-06;3.890885443008136e-06;5.415924044430395e-06;3.768303694942884e-06;2.89963731506501e-06;2.5552027075225294e-06;3.5776847798662072e-06;5.517621846125436e-06;3.1491077365976916e-06;5.5758731698900154e-06;2.809504227647091e-06;9.994003523641805e-06;6.227560777316987e-06;4.769206679490788e-06;6.5311105112114895e-06;4.662042654304002e-06;3.256902478433058e-06;3.1946251582770787e-06;4.2844384540641635e-06;6.010709567023316e-06;3.2521974004293376e-06;6.0299522702516236e-06;3.1345400599738113e-06;7.3110520430741475e-06;3.0621281439920296e-05;9.40979486259544e-05;0.00014092711534708827;2.5722517491315108e-05;1.7029024612881543e-05;1.115790035584168e-06;1.948842421098655e-05;1.630580340978665e-06;1.1937140774450127e-06;7.74348560459084e-06;2.0469894368095757e-06
10:32:33;230;4.127752149943572e-06;4.734481207597588e-06;2.6161342883434982e-05;3.404461567768635e-06;4.282911037540254e-06;6.4727791346606205e-06;4.945402194907316e-06;3.3949360633429975e-06;2.5708693207413735e-06;2.510773522827621e-06;9.990384009354743e-06;3.543189317379746e-06;2.1556941318062233e-06;3.3768738622344783e-06;2.8847498744513897e-06;3.7695740559948846e-06;5.148679899977214e-06;7.386582292613788e-06;5.875733513330718e-06;4.358864437482582e-06;2.799383741770311e-06;3.1768420875536484e-06;1.0636689199324067e-05;4.129318908838551e-06;2.3935361031351333e-06;3.982341917136079e-06;3.1562263480921074e-06;8.929386976101684e-06;2.1810768677423362e-05;0.00011440358821608116;9.048186471891112e-05;3.145053714702169e-05;1.2482974049137236e-05;1.3302578305647399e-06;2.0725940116175648e-05;1.3238175086355573e-06;1.0636575537833464e-06;7.073444332172397e-06;2.8598774752117943e-06
10:35:18;231;4.089470727305669e-06;4.68015039448893e-06;2.1392508033847668e-05;3.3860690834653826e-06;4.625748077428811e-06;4.7934787177956135e-06;5.355916384336917e-06;4.339884332955018e-06;2.37847800089629e-06;2.597223186578452e-06;8.35680303042223e-06;3.858944979643039e-06;2.4283007096024467e-06;3.132621555773147e-06;3.820179082484029e-06;3.7781103775516752e-06;5.52689551954291e-06;5.388029853460052e-06;6.469170508537474e-06;5.103332960406757e-06;2.7307128623795485e-06;3.2094871507576465e-06;9.148024126929319e-06;4.4832108092641305e-06;2.6699558691090506e-06;3.6710554830946583e-06;3.983817529117488e-06;7.697399130037517e-06;3.072107709949243e-05;5.4822034354208935e-05;8.500450633121871e-05;3.6625070807704334e-05;1.1123924304933912e-05;1.6955924866030584e-06;1.6730963422311358e-05;1.9324277670974566e-06;1.1201469907223324e-06;6.915479775821868e-06;2.3214739360200895e-06
10:38:03;232;4.020193404195218e-06;4.679516407606248e-06;1.9122952431887417e-05;6.231967037125101e-06;4.825412976507757e-06;4.089695502655517e-06;4.334449890241e-06;3.1887139438812153e-06;4.835142007987191e-06;2.9269792467736333e-06;4.591731460511607e-06;3.3951701774852112e-06;2.5316760733059853e-06;3.9712617561284764e-06;3.3201192329554177e-06;6.5802438959646585e-06;5.7411162006131615e-06;5.054856492739718e-06;5.4364892105384775e-06;4.1783564829299244e-06;5.152934982452049e-06;3.696099842952058e-06;5.376607800193412e-06;3.956281356686649e-06;2.7702517543937438e-06;4.551748758521045e-06;3.659208353302704e-06;7.396793925443976e-06;1.7347903880560316e-05;6.426200156080505e-05;5.977122562222246e-05;3.5896594112407494e-05;1.384215121791909e-05;1.179195002529983e-06;1.8374655228593016e-05;1.3890834820481788e-06;1.1981447284353608e-06;6.645623203696421e-06;2.172057217987676e-06
10:40:48;233;3.6696058652358427e-06;4.2986611178197495e-06;2.0065949823422877e-05;4.859205465314951e-06;4.494185637456254e-06;4.056958442400958e-06;3.996843522974752e-06;3.237484783369382e-06;2.2644983397929703e-06;1.93353262435313e-06;4.804497161488412e-06;3.918336524577626e-06;2.8255350597432156e-06;3.950514993921285e-06;3.693676661178167e-06;5.247773236113039e-06;5.462465000901035e-06;5.048335130791374e-06;5.07609732992449e-06;4.081775617273303e-06;2.525400158090265e-06;2.406708421392379e-06;5.454331283291612e-06;4.598763429316069e-06;3.169522576368026e-06;4.4789820273038036e-06;4.033777730899002e-06;7.800449835976423e-06;2.3702839934382457e-05;5.6129621795269927e-05;6.984941483200252e-05;3.29045031265396e-05;1.7870097492430527e-05;1.0183770075778236e-06;1.8706250048634112e-05;1.65979531987137e-06;1.1885000624284985e-06;7.0853023147317715e-06;2.8762461112294538e-06
10:43:33;234;3.2243368321163954e-06;3.826922601305503e-06;2.2639391938790974e-05;3.8828287145520335e-06;4.50239340307493e-06;3.3339201237290372e-06;3.895757202085096e-06;3.6902002371810094e-06;2.444540916357596e-06;2.171927442582635e-06;4.759204595669334e-06;2.5723081504028498e-06;2.2435438316844882e-06;2.1836193556365204e-06;3.01179717916837e-06;4.225209669486871e-06;5.367416613669867e-06;4.108153864797691e-06;4.998361571525965e-06;4.4839187386416965e-06;2.7612697473343842e-06;2.6396201410304307e-06;5.455939353390632e-06;3.1754651859679327e-06;2.562876802527816e-06;2.7919432346906535e-06;3.3528946477406264e-06;7.3673444444763235e-06;2.9523424696460493e-05;7.538785805961091e-05;7.982464698673598e-05;3.6598114326011736e-05;1.1583634411192536e-05;9.053545764294897e-07;1.8232341710361397e-05;1.5117854542399217e-06;1.2355955020290084e-06;7.095672234371671e-06;2.4069308635721636e-06
10:46:18;235;3.1549967532255736e-06;3.782214127015691e-06;2.051546365674141e-05;5.500677101689565e-06;4.102895874844783e-06;3.269249489305666e-06;3.865660608100412e-06;2.5338856961745004e-06;2.395498093221704e-06;2.0315105580789608e-06;4.488603635040405e-06;3.0019644643240118e-06;1.917327803918118e-06;2.4452776921696735e-06;2.3074092222362776e-06;5.788336520824107e-06;5.037956754354645e-06;4.07968775993762e-06;4.951890136735644e-06;3.430864183693429e-06;2.795899740991859e-06;2.5914059647278274e-06;5.223822012616253e-06;3.6162348984546525e-06;2.1190032753168717e-06;3.090497649523807e-06;2.6609693174543303e-06;8.059644630376419e-06;2.5442280063648218e-05;6.448672035208311e-05;6.737449159548545e-05;3.463307697019502e-05;1.3384661279385745e-05;9.316152106525247e-07;1.9939655455876156e-05;2.1908725967841054e-06;9.484305354489543e-07;6.4159474681754905e-06;2.3781677227857725e-06
10:49:03;236;3.1353938474219167e-06;3.7565234891454694e-06;2.371568925092516e-05;3.758405414283123e-06;3.6784801855043785e-06;3.369021383486432e-06;3.7079333875634677e-06;2.863722407168852e-06;2.211599136875913e-06;2.318878269523917e-06;5.029653552797568e-06;3.604892052260828e-06;2.1334262374494983e-06;2.647735151613388e-06;2.3009781905291118e-06;4.098933545662211e-06;4.622679093296904e-06;4.222072730159727e-06;4.78915037288234e-06;3.742138872013716e-06;2.58063908582883e-06;2.938790246360763e-06;5.68130409606689e-06;4.165405830981054e-06;2.402735798902621e-06;3.2011171357755554e-06;2.633313680304081e-06;7.670902928202206e-06;2.7123582029475706e-05;7.771353126482638e-05;9.022234245821252e-05;3.597365333791154e-05;1.3837221977585428e-05;8.31375421504321e-07;1.9259211971690664e-05;1.871578000546324e-06;1.3586138236155931e-06;6.5224137096470435e-06;2.203844087884234e-06
10:51:49;237;2.95795044538946e-06;3.5741061857393853e-06;2.3488114305353105e-05;3.5405296049294646e-06;3.712411835398267e-06;3.260545969784413e-06;3.515903833769843e-06;2.881611256358693e-06;1.928211291160861e-06;2.2988534431207923e-06;5.00649727767795e-06;3.2252558117562558e-06;1.6695205686610073e-06;2.33492199506393e-06;2.1211416019184526e-06;3.854461899404841e-06;4.591125369050225e-06;4.085711990930715e-06;4.603342683332835e-06;3.71439051964962e-06;2.2004900373862188e-06;2.93670933111755e-06;5.7468051648045935e-06;3.7812396955434703e-06;1.953177050531446e-06;2.900297592728011e-06;2.521521891358594e-06;7.85059415860302e-06;2.6514022330025714e-05;8.543641644611727e-05;7.690778950752193e-05;3.7906620392384064e-05;1.3686954083795613e-05;9.088155608119557e-07;2.09871979468444e-05;1.4931522517371525e-06;1.2155411742308594e-06;6.770103597066769e-06;2.1801642150986707e-06
10:54:34;238;2.8203415518972137e-06;3.435487827383567e-06;2.5387104282993444e-05;3.3515574616222405e-06;3.6344504123839916e-06;3.1709679875808145e-06;3.415052755493455e-06;2.508848101066199e-06;2.1350685465261097e-06;1.7358458936103913e-06;4.125840763500512e-06;3.4063786920057737e-06;2.049721166292267e-06;2.1667817276173973e-06;2.143584298508472e-06;3.715433537383686e-06;4.527108961190583e-06;4.0300946515160344e-06;4.512287239753899e-06;3.4420523831348745e-06;2.4197989067125734e-06;2.2568246011567544e-06;4.806511276887871e-06;3.974934885793372e-06;2.2985899937638453e-06;2.748477694280431e-06;2.4937389522925006e-06;7.829936150738659e-06;2.8869886714592385e-05;8.990175141906898e-05;9.761717534684709e-05;3.4640954794306905e-05;1.3362917447626513e-05;8.985073847494337e-07;1.978191181485307e-05;1.6970473896606788e-06;1.1597226135895187e-06;6.629129655213339e-06;2.2563106646747524e-06
10:57:19;239;2.846133459981233e-06;3.4623855230211697e-06;2.4147024430745432e-05;3.922913250162e-06;3.6025733303998466e-06;3.2544213268501854e-06;3.4746772111692405e-06;2.6258251568252304e-06;1.9590788146476e-06;1.9424839412125876e-06;4.063246590261955e-06;3.0878289383196034e-06;1.929871405146535e-06;2.1251768777894786e-06;2.1655037410927105e-06;4.260519586704838e-06;4.497801910474664e-06;4.093324116206819e-06;4.57941232640753e-06;3.4977166896042727e-06;2.2707589133587352e-06;2.461456544344539e-06;4.7713810625834955e-06;3.6638799469350304e-06;2.2032458408703642e-06;2.746639769542572e-06;2.5024886208714783e-06;7.697232538488656e-06;2.899797930840982e-05;8.264400174317099e-05;8.699922307990174e-05;3.775049848368893e-05;1.3432278273066802e-05;9.106102708906927e-07;1.9459719061163126e-05;1.6799189975154723e-06;1.1858022334125371e-06;6.595925848946123e-06;2.411103330290253e-06
11:00:04;240;2.8260540335364484e-06;3.4402215861300186e-06;2.3013811322842637e-05;3.7431087850269376e-06;3.5608443353525714e-06;3.164060862365597e-06;3.4998436462465388e-06;2.5238709947023548e-06;2.078223577228755e-06;1.7452051139989841e-06;4.443206368811368e-06;2.996892505148129e-06;1.844229210073484e-06;2.1423720249138323e-06;2.170790139966915e-06;4.07323778756707e-06;4.479732317260549e-06;3.9802708998431165e-06;4.593617539953063e-06;3.4161501567907663e-06;2.394327753514701e-06;2.298155953247237e-06;5.105107715556912e-06;3.5999616925494857e-06;2.092127620535048e-06;2.7386144314663444e-06;2.5113542975143704e-06;7.84802034496093e-06;2.913134079244188e-05;7.601176168500122e-05;8.160753109573996e-05;3.608297902342407e-05;1.3368091673317017e-05;9.412082648483701e-07;1.9335899409255156e-05;1.6518685975382034e-06;1.1477644744158675e-06;6.610461940322838e-06;2.4288085728461496e-06
11:02:49;241;1.164049384333959e-05;1.2101235934326873e-05;3.0824343044798685e-05;9.375567098275765e-06;1.7506676553192722e-05;8.39025330311539e-06;8.911735235337595e-06;1.2418991738498294e-05;1.5461019242738157e-05;5.789844261401682e-06;1.5559120121431327e-05;9.750488295878768e-06;7.794587419466966e-06;1.3155529925060447e-05;1.557210904676057e-05;1.0245657581953874e-05;1.853930601250392e-05;9.137108077947566e-06;1.001541500908722e-05;1.275373135078691e-05;1.5480339536938856e-05;6.183551597961371e-06;1.582667491790364e-05;1.0257698059958094e-05;7.72125893582839e-06;1.34843459035656e-05;1.5569740672974518e-05;8.239962939669175e-06;1.3845628648960496e-05;0.00017332134373775364;5.8287268368023414e-05;4.3817650024830075e-05;1.7653041197797698e-05;7.014040449780916e-07;3.9815666308502294e-05;1.314782668726985e-06;1.4657432373950937e-06;7.631071893942006e-06;3.7985534670052743e-06
11:05:34;242;9.359920855186745e-06;9.891157810958663e-06;2.4255105563696484e-05;7.213767331522418e-06;7.2030822773880034e-06;1.550772944628162e-05;1.0133100772045303e-05;1.1411101519213803e-05;7.009161193591043e-06;9.08317737049267e-06;1.330828945485378e-05;7.2898898731662856e-06;5.7069851748601445e-06;1.080316281458367e-05;7.64959968693998e-06;7.779126509042645e-06;7.813124998219906e-06;1.6273551536178736e-05;1.1392956907854303e-05;1.2051689069105837e-05;7.63167905530235e-06;9.477475607956323e-06;1.3352458775938707e-05;7.538817303439034e-06;5.938179557705542e-06;1.1355903126646417e-05;8.088928587289669e-06;7.81058807122893e-06;2.366379433614635e-05;0.00011869798078638659;5.714674619653898e-05;2.6468192375106416e-05;2.524885016862392e-05;1.1011605303635528e-06;1.8304330021238452e-05;1.801417297509485e-06;1.6396367470247377e-06;6.383584029569527e-06;2.7949862046208183e-06
11:08:18;243;8.411746267452971e-06;9.101999302966081e-06;3.9115582758114904e-05;5.8933808223829684e-06;1.2952745192700894e-05;6.114390630332619e-06;1.0685098522019002e-05;6.316290088777392e-06;5.628610686223758e-06;2.0671368466325518e-05;7.672707014385402e-06;1.0362526560150151e-05;4.102346225791238e-06;5.1404515740604104e-06;5.40103602343255e-06;6.133149502637002e-06;1.3636861798590008e-05;6.873151200631548e-06;1.1931918673130721e-05;7.405824909497662e-06;6.099338671573824e-06;2.2171692670539577e-05;8.361288403452645e-06;1.1123050724195252e-05;4.212825687422013e-06;5.562377124032871e-06;5.7125090262172905e-06;8.300796821430723e-06;3.8087165063766925e-05;0.00010644160096461174;0.000224495579915656;4.3916573734806284e-05;1.3866614546830825e-05;6.752221972760713e-07;2.0058093007352366e-05;2.105461067667435e-06;1.7119917570264142e-06;6.97731973203272e-06;2.7505742889213286e-06
11:11:03;244;7.824913816214327e-06;8.297262693419345e-06;2.1967986699241726e-05;7.495275969014094e-06;7.5694470114936765e-06;6.623594818480879e-06;6.923359954669195e-06;5.062173213135876e-06;1.5502216841928824e-05;9.641650994041129e-06;6.115321191011637e-06;5.358562511694552e-06;7.090154923778352e-06;9.92369250564128e-06;6.593512685978712e-06;8.04303983064137e-06;8.306198386763534e-06;7.238942250492246e-06;7.753215177678002e-06;5.881012137113522e-06;1.5643654795077296e-05;9.942411178933152e-06;6.610482588729599e-06;6.187776623938831e-06;7.093931712973509e-06;1.0045861167379336e-05;6.820622326778926e-06;7.461088745874426e-06;2.4894046759560585e-05;5.42559788581422e-05;0.00010564094512238336;2.7007273728957226e-05;1.1026579070234157e-05;2.1908411167143113e-06;1.6272309724867267e-05;2.9637504076611678e-06;1.3613326528807466e-06;6.954474721906323e-06;3.5872194817189645e-06
11:13:48;245;1.0163185508686597e-05;1.0788741217512797e-05;2.883151081956729e-05;1.647782263670582e-05;9.608144676643736e-06;2.1789419676565558e-05;1.2454075699446838e-05;1.1426459042628391e-05;5.462945977282888e-06;5.081935613175532e-06;1.4227006071171838e-05;8.216206379010124e-06;4.97348881852004e-06;7.822799428357609e-06;4.417918646026919e-06;1.6686396221199245e-05;1.0689784930140308e-05;2.248632837926138e-05;1.376853376740068e-05;1.2361112705456193e-05;5.683479739788329e-06;5.810648768670898e-06;1.4844334859672131e-05;8.903210948142547e-06;5.148822397074317e-06;8.16067886607695e-06;4.9215600742909484e-06;1.646944991553527e-05;3.8531512024989743e-05;0.00013190141143809203;6.045419692136173e-05;4.102984130308558e-05;1.1813064147649029e-05;1.389735863136618e-06;3.1082021188986395e-05;1.6370347460593152e-06;1.4522458350396765e-06;8.003926342821152e-06;2.2136901080509585e-06
11:16:33;246;1.0239137978373947e-05;1.0840745318678792e-05;4.626683618552251e-05;1.254019435815611e-05;8.395235827730506e-06;8.748333922493533e-06;9.780688133337828e-06;7.070905734384393e-06;5.72746093913617e-06;2.309085550290423e-05;7.416758785309825e-06;9.701257719737813e-06;6.185470405610389e-06;1.2391805458119878e-05;1.1820685122772415e-05;1.3091944955577454e-05;9.316618529795316e-06;9.59655228972581e-06;1.0925014084011619e-05;7.994384932202063e-06;5.827157493409755e-06;2.349438276539757e-05;8.294143212936699e-06;1.0090931689636001e-05;6.255161040342822e-06;1.2638535149044746e-05;1.2564114173603482e-05;7.409423126806658e-06;1.5379386494904663e-05;0.00025251553494624234;0.00019567937424458325;3.23116972184774e-05;1.7051679116943883e-05;1.3100376033530623e-06;2.0548784964390895e-05;1.3976078300000087e-06;9.497000636167744e-07;9.155589971884017e-06;1.4932186450672611e-06
11:19:18;247;7.671778515895188e-06;8.246162837213554e-06;1.9018239475133808e-05;8.424276291986065e-06;1.2416903534141387e-05;9.552714336729712e-06;6.089125208900854e-06;9.925712903550862e-06;3.6653263651683945e-06;5.6378434039252374e-06;1.313467624829524e-05;7.3038235238439855e-06;4.29774127817175e-06;5.916909187417022e-06;5.696287286063105e-06;8.820688136334934e-06;1.3323326060390748e-05;1.0088713915587206e-05;7.069581914936263e-06;1.0687895178595187e-05;3.977738826299312e-06;6.345095808004011e-06;1.372518156269415e-05;7.76473728399628e-06;4.4334745187462675e-06;6.3490907116748885e-06;6.368428071427728e-06;8.307788765255976e-06;3.192706877064068e-05;6.194418673075842e-05;3.478928311718521e-05;3.023785606591919e-05;2.4933345895487728e-05;1.8222061618724699e-06;2.0715587048061168e-05;1.4931752476515647e-06;1.6894039659437029e-06;7.796850320530013e-06;2.562121612299549e-06
11:22:03;248;9.306091903547234e-06;9.84445454424197e-06;2.1282494014855106e-05;4.870965474362327e-06;1.7471092990914176e-05;8.684208333937187e-06;7.372323352683452e-06;6.4765131381508665e-06;4.7141871477988806e-06;4.219443205176855e-06;9.576278173349031e-06;5.395712279724049e-06;1.5084378281409789e-05;1.598931170576634e-05;1.1818685435891687e-05;5.246715439090069e-06;1.7919379112029248e-05;9.33162663720476e-06;8.216481253125667e-06;7.051568198083352e-06;5.1450099248011355e-06;4.917219787128925e-06;1.0161769129313776e-05;5.955796081528931e-06;1.5752738812508037e-05;1.6556404158178294e-05;1.1878742544134103e-05;8.454379351012077e-06;1.501064093675774e-05;8.51320503367676e-05;6.546358521778223e-05;3.4177983574633545e-05;1.0056308205782596e-05;1.4396137792762997e-06;1.8325298425604905e-05;1.4119398960018873e-06;2.2037923855517905e-06;8.243276550109651e-06;5.471059518980921e-06
11:24:48;249;8.046034907429409e-06;8.532905109019293e-06;2.900635996337061e-05;3.59302540544413e-06;1.1013845786904271e-05;8.145112509794217e-06;8.302603805273892e-06;6.774770685134192e-06;1.0376785465963808e-05;4.414076973349975e-06;6.126564567665582e-06;1.277409567408809e-05;5.913549221374255e-06;1.2202297941531594e-05;6.915687434110913e-06;3.949623933179662e-06;1.1724198867352842e-05;8.819257685370505e-06;9.385698019827884e-06;7.77071173742334e-06;1.0498927069788863e-05;4.776044122507623e-06;6.5133886730823e-06;1.3070977798587926e-05;6.167494535198969e-06;1.2502101278958527e-05;7.21643333305064e-06;8.34428101259851e-06;2.007609863552101e-05;0.00014042557938513518;8.351098858344661e-05;4.196188040777593e-05;1.9075524205768263e-05;2.1175597486904898e-06;1.7667039959870704e-05;1.3708619970428334e-06;1.2185853424351293e-06;7.702100622880566e-06;4.6058196592820165e-06
11:27:32;250;6.4259524234247776e-06;6.9538594266017335e-06;3.897689167100928e-05;9.992524018090618e-06;9.597178875124387e-06;5.093117588278966e-06;1.4067814490849948e-05;5.033929068335138e-06;3.2281360162755846e-06;4.544262893252887e-06;5.937376852151808e-06;5.352659964395136e-06;4.884433172107223e-06;5.079306553700359e-06;4.3006876624800005e-06;1.0521318622119872e-05;1.0381542335979454e-05;5.915353068314888e-06;1.4455851686750376e-05;5.915610325798839e-06;3.482643466979218e-06;5.024992739165583e-06;6.483472790495387e-06;5.853287169700223e-06;5.131521876609429e-06;5.588559024314996e-06;4.692158478939769e-06;7.3689981396718515e-06;4.1972100014092e-05;0.00011452152542504452;0.00022149664157601568;3.3231054844138116e-05;1.866163449548102e-05;1.3594647986833824e-06;1.5428651709081668e-05;2.226963986472832e-06;2.277140590521862e-06;6.432335321580763e-06;2.7461891513275428e-06
11:30:17;251;5.244127110741332e-06;5.821501780459746e-06;5.4340594746521785e-05;3.7016507196018336e-06;5.737545907955812e-06;9.585825627570186e-06;1.0491095718056055e-05;5.110262907625053e-06;3.6783396701878246e-06;3.8268969953362974e-06;4.343666529652265e-06;4.712962674669928e-06;4.499796865140772e-06;3.687898683647394e-06;3.553581375179895e-06;4.147998122536155e-06;6.598382420818354e-06;1.0502383656209612e-05;1.1495459965530405e-05;5.995733228609183e-06;3.969283846955374e-06;4.195772797036717e-06;5.101944421030451e-06;5.1250887816975224e-06;4.528415954005544e-06;4.235014733274488e-06;3.962540962606045e-06;8.319684026467846e-06;3.40005399089748e-05;0.00023213287432999376;0.00027057457784219037;3.952551261728327e-05;3.104533963676402e-05;1.0641692501546186e-06;2.2479177531121337e-05;1.3053074104761776e-06;1.6282092843194711e-06;7.59854972734518e-06;2.413195393170709e-06
11:33:02;252;6.208633409569715e-06;6.781310368083562e-06;2.1752095076879246e-05;5.259155648186141e-06;8.064722968790441e-06;4.716299814850283e-06;5.22839759753424e-06;6.30034782260354e-06;6.953705282858829e-06;3.4217774029989623e-06;1.3904980858373248e-05;6.532527012578529e-06;3.500179321976175e-06;4.686302336732627e-06;5.935203195018733e-06;5.517679117566573e-06;8.768353738928511e-06;5.382185938426027e-06;6.417597953973027e-06;7.337028983219849e-06;7.325919836424689e-06;3.952473241929223e-06;1.4605863437777138e-05;7.058334706269744e-06;3.6739616266286363e-06;5.224235631235215e-06;6.112088572714313e-06;8.633645526669094e-06;4.813565276403775e-05;7.09031285205589e-05;5.087297917237036e-05;2.8409680227002504e-05;1.1895685114991549e-05;1.0398078764178295e-06;2.9762739323513445e-05;1.5977737176408463e-06;1.2046485616866684e-06;7.024687004578592e-06;1.5447131130833563e-06
11:35:47;253;7.039288407446003e-06;7.627558934933704e-06;4.364394873011744e-05;4.1249879487927705e-06;6.23307420707678e-06;7.493060592041316e-06;5.8174233766356504e-06;1.7830612639551706e-05;3.826341768683764e-06;4.077801085890862e-06;1.1066643254635396e-05;8.62208924830425e-06;3.1861158984660487e-06;4.339180567182087e-06;7.854128434817396e-06;4.593989189420945e-06;7.043099541781114e-06;8.331956243775402e-06;6.838238151212403e-06;1.875238962660476e-05;4.15314307362298e-06;4.594034951970812e-06;1.1580889677824864e-05;9.347279242492618e-06;3.4118720261084247e-06;4.7207654633778855e-06;8.163048283976526e-06;7.52681926582116e-06;4.831416844910606e-05;0.00016510041523057866;0.00019487173255462037;6.37985426921598e-05;1.0691779069635728e-05;8.199483938630788e-07;1.7721154035102092e-05;4.158395679515431e-06;1.0715717950311802e-06;7.627912390508863e-06;2.024945205466878e-06
11:38:32;254;4.632295055015137e-06;5.217322579275926e-06;3.7961666510261815e-05;3.396095978335335e-06;4.7680375119667095e-06;5.631317220695047e-06;6.498394265848488e-06;5.033563510569262e-06;2.641454238530824e-06;1.9870286300390076e-06;1.0342008131012584e-05;3.7656747919485993e-06;4.518534437119632e-06;3.4865798448761738e-06;3.5188502416551937e-06;3.68621680294543e-06;5.604082645409626e-06;6.246223346685918e-06;7.834501099716385e-06;5.926151956534536e-06;2.8521779017001458e-06;2.4089402163381352e-06;1.1274364319030575e-05;4.266129701159404e-06;4.620109000859861e-06;3.993834726787998e-06;3.8951374957418284e-06;7.797349732079434e-06;2.063220858944666e-05;0.00023529241756064972;9.48016053521939e-05;3.978596359200589e-05;1.5374581775244426e-05;1.1348945466852855e-06;2.6918435878529365e-05;1.7602818679250875e-06;2.446400385080776e-06;7.377581680456524e-06;2.2182771628446638e-06
11:41:16;255;5.198027824090704e-06;5.736564605596661e-06;2.3167559478334816e-05;3.520710555255329e-06;4.7202037158911025e-06;7.841198597253134e-06;5.627518561045587e-06;5.21506968324688e-06;5.547578120838765e-06;3.1526513763227824e-06;6.420692734174984e-06;5.451205242999115e-06;6.998076103896396e-06;4.127475554389031e-06;3.7539517663276456e-06;3.7640384985197555e-06;5.620770120395154e-06;8.068947757157177e-06;6.7668699695694825e-06;6.09477100785821e-06;5.894522370068398e-06;3.943970318399392e-06;6.98248798275754e-06;6.008537017310751e-06;7.010578722460932e-06;4.539993487693969e-06;4.1432865341621325e-06;7.772969108026127e-06;1.1209009323944763e-05;0.00012772697081375292;5.09359773869356e-05;3.3276398634999425e-05;1.3142205310743655e-05;7.35082827546848e-07;2.169261569440957e-05;1.8123958872781542e-06;8.946074570538794e-07;6.884550671813363e-06;1.9279306235134616e-06
11:44:01;256;5.101261550712686e-06;5.696489402401346e-06;2.110405034771944e-05;2.704369013173391e-06;4.566801537012307e-06;6.6580752831865455e-06;6.05723805174369e-06;1.4460165063083382e-05;3.872532130279958e-06;2.6144912726909877e-06;6.3341897047890105e-06;4.511371586604892e-06;3.00760615636684e-06;3.05128725324783e-06;3.3770098622134337e-06;3.0382233161836218e-06;5.508390157484439e-06;7.285853860571191e-06;7.135637219959525e-06;1.5332818627110654e-05;4.081982394923159e-06;3.18482556872656e-06;7.017102458881203e-06;5.192806667499882e-06;3.2519845513267187e-06;3.658928513871189e-06;3.66931810357171e-06;6.9191437970971e-06;2.6059602152376253e-05;5.520292316855618e-05;7.220586596524608e-05;3.946658075020566e-05;1.659612362549851e-05;1.023485839292058e-06;2.2426199071376362e-05;3.855234820444188e-06;9.742502280999804e-07;6.197591085186568e-06;2.3216036692544152e-06
11:46:46;257;4.251103579377968e-06;4.859497805020648e-06;2.5236092704721975e-05;8.703070223764991e-06;4.676302182492588e-06;4.056732293765787e-06;5.1761147319821665e-06;3.6186879141682353e-06;2.474765319055388e-06;2.2149588190245595e-06;5.7247104220695375e-06;4.8351535019848635e-06;2.7656651835754205e-06;3.5427734436604457e-06;3.224307139342903e-06;9.107517558455768e-06;5.543817707480748e-06;4.84174846906747e-06;6.262199424125793e-06;4.45830002280661e-06;2.8029938831319737e-06;2.7217925556134464e-06;6.378577134317403e-06;5.356931121206822e-06;3.1537524922827335e-06;4.003024102956582e-06;3.6833169683114084e-06;6.955823508252119e-06;2.9184559815016098e-05;9.401575844204541e-05;9.04634215146223e-05;3.5588710071532936e-05;1.3712180543571624e-05;8.217646682310499e-07;1.9454280329106293e-05;1.3284369686730256e-06;1.2097802385044275e-06;7.165518395827626e-06;2.932877961280767e-06
11:49:31;258;3.637061328796356e-06;4.201460126440205e-06;2.6697608668045102e-05;4.7647481528785685e-06;4.307861650752122e-06;3.7095607920372746e-06;4.63045524315672e-06;4.1530400581150806e-06;2.581370269054291e-06;2.160925587721155e-06;3.1450430549155457e-06;3.887036852551711e-06;2.6228351731302526e-06;3.057183332831993e-06;4.6246746401705385e-06;5.007615921880919e-06;5.189813723345766e-06;4.631343745707374e-06;5.703331663437583e-06;4.918210500283196e-06;2.8637205507982777e-06;2.6184766370476344e-06;3.728969676546823e-06;4.401353241024204e-06;2.83335666436075e-06;3.5690102092153612e-06;4.952316712775957e-06;8.509381580277786e-06;2.633596136590982e-05;6.567681328929309e-05;0.00011815474934666581;3.8484171675685345e-05;3.164692779443651e-05;1.2475156646394332e-06;1.7958950534938988e-05;1.6081487621980846e-06;1.051266419017166e-06;6.716322047851574e-06;2.981095535627648e-06
11:52:16;259;4.523715778374666e-06;5.104772546612274e-06;1.9055710421840343e-05;3.0507602411169254e-06;5.418530882973403e-06;4.0372913710355496e-06;4.350117590428743e-06;1.1318257637459407e-05;4.579038040216946e-06;4.90662811229599e-06;3.223648479307299e-06;4.254037362533774e-06;3.2309346994194046e-06;3.1843279468610963e-06;2.731015014134641e-06;3.2946713412157703e-06;6.346982439636928e-06;4.973917649421528e-06;5.3451604954612844e-06;1.1868603232409142e-05;4.830127977584198e-06;5.593305225294346e-06;3.93514324923096e-06;4.738210095580788e-06;3.426896007942007e-06;3.8002526678932947e-06;3.1039980593602737e-06;7.218158955068856e-06;4.6086487931121165e-05;5.0932228392840874e-05;4.4189402593837465e-05;3.9552229021449114e-05;1.1298885094112794e-05;1.1226911412206917e-06;1.68998855904022e-05;1.810993908079172e-06;8.611327435158203e-07;6.914796935729107e-06;1.7816327547068708e-06
11:55:01;260;4.071164539709571e-06;4.683097779002598e-06;3.0174963994770818e-05;6.2213944263786205e-06;5.805681303301795e-06;3.835793435123171e-06;6.883793361112112e-06;3.096400196285613e-06;2.0703320367167843e-06;2.22317692368599e-06;5.300361733356402e-06;4.164611365098381e-06;2.6654329302095387e-06;3.2457659076809167e-06;3.3412292003860826e-06;6.564349675926091e-06;6.768237463929145e-06;4.628371735761212e-06;7.910403452069083e-06;3.896834263160381e-06;2.392918298638402e-06;2.810708669061615e-06;6.002062238184397e-06;4.7913376299301135e-06;2.8531679831009766e-06;3.8010016554881653e-06;3.777778155830375e-06;8.970021707300308e-06;3.462153628221178e-05;0.00010321843558686157;0.00013079405627070836;4.0342048920299914e-05;1.2511527127990049e-05;1.5747285882154135e-06;1.8386634062074756e-05;1.6442595727517777e-06;1.3295797597321083e-06;6.7646119049772935e-06;1.9421281541265694e-06
11:57:46;261;3.334190573088914e-06;3.925209034317545e-06;2.407642333028564e-05;5.3042998415393905e-06;4.242374339017116e-06;3.620756193614935e-06;4.168961382656665e-06;3.0225218074649134e-06;2.7023201685238973e-06;1.6623093463346612e-06;2.8198982943453386e-06;4.919916327268807e-06;2.295947295878746e-06;2.601967567951068e-06;2.649013355015096e-06;5.7311561888611e-06;5.062988820203758e-06;4.400819312949455e-06;5.349358717248373e-06;3.950720688811123e-06;2.9283795296163867e-06;2.148049709750369e-06;3.501544453476665e-06;5.389226014559899e-06;2.5295203029231688e-06;3.11834777607192e-06;2.992395020785957e-06;7.320172419250037e-06;1.4049327273470592e-05;0.00010566149018125808;8.285780825016616e-05;3.68388501833113e-05;1.1925296790239236e-05;1.0457632732030913e-06;1.7069997930969222e-05;1.5552425115573099e-06;1.4839486181981713e-06;7.010804074137529e-06;2.098378457667024e-06
12:00:31;262;3.6303070926764618e-06;4.242965360390372e-06;2.2318137161672308e-05;4.217790306106715e-06;4.421503845719599e-06;4.223209422736897e-06;4.65219982908655e-06;3.6089221797652726e-06;2.0057812383940514e-06;1.8988329867656004e-06;4.979827667803895e-06;4.434636098176787e-06;2.225710547421045e-06;4.428389077175283e-06;2.4668809499382083e-06;4.608248172523498e-06;5.327659417023916e-06;5.094478583372091e-06;5.787528477953799e-06;4.536109078994914e-06;2.320173716207482e-06;2.460328546418813e-06;5.663699470506465e-06;4.911347018663301e-06;2.4442641472576934e-06;4.908411077665249e-06;2.8533349041602297e-06;7.79762109552285e-06;2.1658738400516277e-05;8.434183472800088e-05;7.879003124696187e-05;3.176271087768528e-05;1.2097040495176146e-05;9.477912356494354e-07;1.8463936191025587e-05;1.4622714309970224e-06;1.1626848172792166e-06;7.240647339119497e-06;2.092338082133645e-06
12:03:15;263;3.0515078024832705e-06;3.6620354686546525e-06;2.2662605861993642e-05;3.44798468936021e-06;4.520012959313197e-06;4.241873348899038e-06;3.533578215808575e-06;2.6571593875504815e-06;3.6351856797461384e-06;1.3220390529382216e-06;3.353032905873864e-06;2.9079470761866393e-06;2.2807276024136316e-06;2.5182625870650615e-06;2.2002891198721644e-06;3.82398669340615e-06;5.361403665016111e-06;5.164523352366906e-06;4.662598341176046e-06;3.4494193319523783e-06;3.982578002964883e-06;1.7056702794250186e-06;4.078785970037482e-06;3.5117484659639545e-06;2.4685568946494376e-06;3.160580887841989e-06;2.574572774875965e-06;9.459645020211114e-06;2.8811016495070334e-05;9.585764480064757e-05;6.198575228092067e-05;3.529821435473799e-05;9.980033156905853e-06;1.6165394546764427e-06;1.7131992644847822e-05;1.4283571607083239e-06;1.493981806536601e-06;7.0539392548242704e-06;1.8341539138366665e-06
12:06:00;264;2.9611456155784954e-06;3.5531706538377773e-06;1.9113120957296772e-05;6.198563236187676e-06;3.7538170474249455e-06;3.3197000558583443e-06;3.459872949595034e-06;2.6254718775608024e-06;1.6706349528822722e-06;1.4970918016388168e-06;3.7452568479262087e-06;3.017328047860701e-06;1.719422594768296e-06;2.2685501751854273e-06;2.25803684937954e-06;6.488801574637882e-06;4.649088511161862e-06;4.1030341867266125e-06;4.532591861512813e-06;3.498673941412332e-06;1.971166481573302e-06;2.0576347605462696e-06;4.451197844877864e-06;3.541184546923467e-06;1.9646868556460675e-06;2.7840317820443454e-06;2.595954068551058e-06;7.743997883722106e-06;2.7909375402594718e-05;5.8911679839280485e-05;5.8304207495147315e-05;3.532676455924745e-05;1.0524526833964398e-05;1.449789251761324e-06;1.8483284287790993e-05;1.5613901049546115e-06;9.474828963446947e-07;6.264349247648623e-06;1.9306036851046225e-06
12:08:45;265;2.860425123429877e-06;3.473012404494419e-06;2.4346560006804794e-05;4.326949229300164e-06;3.802946772036752e-06;3.0835374757807377e-06;3.641546567481865e-06;2.3199933988461328e-06;1.7708797920593353e-06;1.4903251150338355e-06;4.183433170949642e-06;3.5279726433982845e-06;1.713242820984688e-06;2.226957769383117e-06;2.2373158671161843e-06;4.673423578838716e-06;4.721262928198277e-06;3.932174123188885e-06;4.7204699984820166e-06;3.147127062266584e-06;2.05434611692724e-06;1.9808370120987507e-06;4.873476588923213e-06;4.142787955498545e-06;1.9747395178536504e-06;2.8119837403394313e-06;2.6435188008782704e-06;7.73773841021251e-06;3.428022768101766e-05;8.558990477089853e-05;8.231269902588502e-05;3.751966202141319e-05;1.2729938619825343e-05;1.4177231833329023e-06;1.903809619649552e-05;1.5516837913346935e-06;1.123034146525856e-06;6.631621571038848e-06;2.226390663677429e-06
12:11:30;266;2.6276135639849683e-06;3.227707286931013e-06;2.0766435614486154e-05;2.7905410410705205e-06;3.3817380446650573e-06;2.890748725160496e-06;3.367737426949382e-06;2.522631850157805e-06;1.7493017680049083e-06;1.264812047177796e-06;4.756106781785134e-06;2.21756759395801e-06;1.9204405067408845e-06;2.163232230920833e-06;2.5065038742737173e-06;3.1362280332117897e-06;4.305873586371824e-06;3.721754502535826e-06;4.450875601694953e-06;3.3988304937649236e-06;2.020640069151594e-06;1.6966657724453076e-06;5.488624514949647e-06;2.8036239845151395e-06;2.140823813199778e-06;2.7335522084205326e-06;2.83499374331135e-06;7.476466653262477e-06;2.5319141451424022e-05;7.012278056664671e-05;6.577133417019395e-05;3.7230232969048534e-05;1.3069132674335542e-05;1.1611417393030302e-06;1.7332212029716585e-05;1.7450802018557024e-06;1.104854788143463e-06;6.709711124995624e-06;2.155139004908177e-06
12:14:15;267;2.527498211370791e-06;3.1336199995915e-06;2.2908813793893236e-05;3.764267046593969e-06;3.1870329383242404e-06;2.8716661234798577e-06;3.2341457961008886e-06;2.507897756778086e-06;2.097155002868011e-06;1.3338118286218306e-06;3.3603090818184516e-06;2.5011042822275056e-06;1.5762172544145612e-06;1.9964658681007306e-06;1.8999046051152133e-06;4.1082501906479405e-06;4.062583520517595e-06;3.7431339973685497e-06;4.379248766666404e-06;3.2909355946063857e-06;2.405474922081247e-06;1.7941155250165265e-06;4.124755196819853e-06;3.065683571710192e-06;1.8028938340441666e-06;2.579602189915114e-06;2.2467615848124954e-06;7.667841122260419e-06;2.858319282567889e-05;8.52027995540874e-05;7.716885790801973e-05;3.682610422873324e-05;1.0400325334137316e-05;1.0219606344480546e-06;1.7054633163082382e-05;1.6922254826608875e-06;9.476126833735756e-07;6.377524588738759e-06;1.962688001498176e-06
12:17:00;268;2.4948630332553212e-06;3.1110330239036694e-06;2.1327077067063198e-05;4.212232973734651e-06;3.2684848763670455e-06;2.8419560248561413e-06;3.0292513754788657e-06;2.347865936901495e-06;1.6739379808748047e-06;1.4719233700171748e-06;3.1513116528391163e-06;2.5408332128374798e-06;1.6149720665416887e-06;1.9619878536370936e-06;1.8235982408172773e-06;4.551087915641329e-06;4.125593166670886e-06;3.7045968130331845e-06;4.1797105420957015e-06;3.159733486300647e-06;1.975402084743892e-06;2.01131271601701e-06;3.90148008154017e-06;3.1553602673716055e-06;1.8839280102516177e-06;2.521453259046384e-06;2.1627368561917424e-06;7.918015810633301e-06;3.0516219334095327e-05;7.2832317581609e-05;6.601702451163576e-05;3.717403399371467e-05;1.1105834644190856e-05;1.0403210045254636e-06;1.792060143002136e-05;1.7024836487996836e-06;1.0936487887409437e-06;6.554745504535609e-06;2.0496785522563534e-06
12:19:45;269;2.6515837538583624e-06;3.270589861384434e-06;2.191611162537062e-05;4.29765765052149e-06;3.2758185452311492e-06;2.8623064566604937e-06;3.2458844704566756e-06;2.275482892858091e-06;1.6898054711460149e-06;1.5600350550764637e-06;3.8450191349232394e-06;3.2763468704127323e-06;1.4770449122377984e-06;1.9576017417997282e-06;2.0560009404071233e-06;4.661002802532505e-06;4.1612308962877374e-06;3.719293807057223e-06;4.41725913483021e-06;3.1298456757282064e-06;2.012565110368386e-06;2.0997739993675433e-06;4.578417569455614e-06;3.848941047825848e-06;1.7456044893554497e-06;2.5088504960163107e-06;2.3642926378992735e-06;7.771006548731254e-06;3.0287500970689774e-05;7.374505816579612e-05;7.351322609592372e-05;3.656670896357112e-05;1.137678163377445e-05;1.0902560687594411e-06;1.7489198950100377e-05;1.521731832460061e-06;9.308647229677655e-07;6.626215487974262e-06;2.0747900636990966e-06
12:22:29;270;2.5302775241507125e-06;3.138656893497682e-06;2.0653700830374728e-05;3.641658572271147e-06;3.2438770861373003e-06;2.7915212258927173e-06;3.026070947113753e-06;2.2394029885413662e-06;1.8284743262920633e-06;1.510585035562945e-06;3.673701332958372e-06;2.9914937030962494e-06;1.571765213658306e-06;1.9112722809663554e-06;1.933506747517103e-06;3.9739539900012135e-06;4.124412855530921e-06;3.639187856537365e-06;4.158179322824058e-06;3.1036469728192807e-06;2.1569232854698718e-06;2.016639789100644e-06;4.358981448581002e-06;3.5367483627552144e-06;1.867744506139561e-06;2.4700301825265064e-06;2.257433346683315e-06;7.679994037292223e-06;3.177783848731792e-05;6.642283878757921e-05;6.592085327399574e-05;3.591497439077202e-05;1.049657870782576e-05;1.0447599472843956e-06;1.7481135150429826e-05;1.5877213649143984e-06;9.600163331816733e-07;6.539552578241437e-06;2.018146905662167e-06
12:25:14;271;7.918528220200601e-06;8.476349263173113e-06;4.831880671426524e-05;5.069176948101596e-06;1.156217976924526e-05;1.7248071747582632e-05;7.654010541490276e-06;9.152058693925627e-06;5.273103102609866e-06;3.9318398935057015e-06;6.012838988570221e-06;6.9388577124129824e-06;4.713267127052425e-06;4.853723309010278e-06;1.2613207745330742e-05;5.327676654251033e-06;1.2454845148832774e-05;1.8062429826616757e-05;8.927125397545015e-06;1.002132148066347e-05;5.417460785413167e-06;4.454130378148932e-06;6.670063744940872e-06;7.312609473564972e-06;4.756730562158863e-06;5.053735068503545e-06;1.325805950025686e-05;8.044896263957563e-06;7.2132014433612325e-06;0.00025675839776885;0.00020521100517787344;3.899505524252777e-05;2.6616129135665547e-05;1.5593334942467814e-06;2.2579209598003506e-05;1.6864088080944506e-06;1.9923704632424863e-06;7.184939865637271e-06;1.9847333097227616e-06
12:27:59;272;1.082914334786396e-05;1.1375452381395882e-05;3.145631843837355e-05;1.3177871748320575e-05;2.1139043388467886e-05;9.488877798896118e-06;2.615753566782463e-05;9.446237401339824e-06;4.56457856401471e-06;5.1874531353296955e-06;8.972799697269032e-06;1.16699990761824e-05;7.523105363883463e-06;5.98818046462022e-06;6.63403403290307e-06;1.3718795712578223e-05;2.230993634873789e-05;9.805207758325174e-06;2.7196822032502623e-05;9.958238761215927e-06;4.7616105336912164e-06;6.2190863042780646e-06;9.337686088092365e-06;1.2361914649531333e-05;7.464680691877611e-06;6.305547317366935e-06;7.0658994629895136e-06;9.328748673367224e-06;6.687787548697231e-05;4.6862054511504224e-05;0.00014357095491949773;4.414582710784381e-05;3.653361524701536e-05;1.130545507259693e-06;1.7204351566416153e-05;1.8001315890574575e-06;8.904085693445627e-07;6.295858196136856e-06;2.8354498860672683e-06
12:30:44;273;1.2614870144034285e-05;1.3010837311769506e-05;1.9158635843738605e-05;7.452593838699138e-06;1.2172393855213283e-05;1.542289674783991e-05;7.232668333175112e-06;6.608968008172476e-06;8.684138351291246e-06;5.484208524561299e-06;3.1168433441631684e-05;1.6315418073211482e-05;9.620383251403423e-06;1.780889637876209e-05;1.3407439701170047e-05;7.428710904593883e-06;1.2942399999828232e-05;1.607738962360876e-05;8.08247914737646e-06;7.613539160450307e-06;8.936520184243254e-06;6.133356093207251e-06;3.128762898397119e-05;1.728501052938658e-05;9.24071510677164e-06;1.767063544251915e-05;1.3431657470955773e-05;8.42976921595468e-06;3.39986067863013e-05;7.048109824913187e-05;2.8623693546975062e-05;2.2656401017479814e-05;1.742511684568981e-05;1.2836366612860646e-06;3.2787483481951804e-05;2.6509487538331916e-06;1.0894673478533505e-06;8.441780861235972e-06;2.0356273571703774e-06
12:33:29;274;6.472022900151263e-06;7.000326737006272e-06;1.9676939438531547e-05;5.878790501027837e-06;6.138932135322441e-06;8.583367565635895e-06;1.160500359017905e-05;8.731561242763581e-06;3.269180172470566e-06;5.462588188332905e-06;7.654836876854047e-06;5.234472054512067e-06;6.2176200614771915e-06;4.264004474275783e-06;4.623916370279217e-06;6.243472787187047e-06;7.152719343691929e-06;9.214178595656552e-06;1.2129723714517954e-05;9.59233558447361e-06;3.5422708174625273e-06;6.177786286582576e-06;8.11454824715723e-06;5.693832860478197e-06;6.64752048543983e-06;4.52057912021885e-06;4.9749511347301125e-06;7.778670920603863e-06;4.741299013957782e-05;4.988087090280522e-05;3.516025290092849e-05;4.346372035841139e-05;1.3252418034454772e-05;1.2825513854469094e-06;2.3223788778985275e-05;3.121762322713428e-06;1.7589265414863833e-06;7.148673336270597e-06;2.6386476406944277e-06
12:36:14;275;8.225683275368697e-06;8.813585362629596e-06;3.130963836645391e-05;4.335452813238176e-06;1.2618773700461878e-05;2.0089018846647377e-05;1.5239268197898458e-05;4.463973585444592e-06;8.406546841270442e-06;4.193132554710453e-06;6.880008839971197e-06;5.895609945773892e-06;3.408758626316006e-06;7.94071898401295e-06;5.236933239222646e-06;4.615673301659511e-06;1.3443172053795727e-05;2.075544009268832e-05;1.6435521375351066e-05;5.594088467165144e-06;8.674224514097545e-06;4.833381517873701e-06;7.476796165778806e-06;6.320977706620189e-06;3.822089448603256e-06;8.165067983894385e-06;5.626588316300524e-06;7.959506423829398e-06;8.208913793060663e-05;4.585945703806311e-05;0.0001409664632485762;3.3016219331302134e-05;3.010124787020359e-05;2.8686472524450237e-06;2.0883045436241493e-05;2.8374733997566504e-06;7.729839697942181e-07;6.156351865707386e-06;2.2051266309211175e-06
12:38:58;276;7.397979649810664e-06;7.91840929069403e-06;2.311933700033856e-05;5.596886179404237e-06;1.0779785926925714e-05;9.219662209277017e-06;6.4282690113967336e-06;1.4863856042717833e-05;6.852324841524003e-06;6.6477627239759265e-06;5.050214911312361e-06;4.623726370505727e-06;4.934010700452518e-06;5.699693210655968e-06;8.079561095800356e-06;5.848276038094913e-06;1.1875905778352614e-05;9.648166044975876e-06;7.460004343545135e-06;1.5191882671906224e-05;7.200904747151071e-06;7.099779404137435e-06;5.626205459325147e-06;5.507524073885789e-06;5.2503407195091095e-06;5.950547445167956e-06;8.361372284191849e-06;7.742583910510965e-06;3.345163526195843e-05;9.277585893415117e-05;6.334115960685725e-05;3.426995052761002e-05;1.4883387061937512e-05;1.1758567249164892e-06;1.730433319787367e-05;1.4125249603659927e-06;9.822019809511334e-07;7.1231175699090105e-06;2.969434267021121e-06
12:41:43;277;6.575817484391874e-06;7.182401750930084e-06;1.8070344260014774e-05;6.039896905204759e-06;9.02908388346966e-06;1.0283418629600503e-05;6.269914276657573e-06;4.7998543877270095e-06;6.8715085261446385e-06;8.935770028725445e-06;5.624351661091189e-06;7.920552131421035e-06;4.1700164795150325e-06;4.5070393355217675e-06;4.458401947424952e-06;6.41640168925986e-06;9.67829295911508e-06;1.0960966259909018e-05;7.262476133924977e-06;5.633262700732441e-06;7.198215025940194e-06;1.0109412011808694e-05;6.404079434830663e-06;8.313329320266855e-06;4.430572916929503e-06;4.8714260036014155e-06;4.910384338668509e-06;7.248758421024533e-06;2.638858396612123e-05;3.828607780209761e-05;4.519234037424359e-05;3.406792345890229e-05;3.415556193719856e-05;1.0683083152407649e-06;1.6594848430544025e-05;4.132698508840032e-06;1.1767130638302703e-06;6.396943485931333e-06;2.1353733562030556e-06
12:44:31;278;7.794351027066362e-06;8.328029632795296e-06;4.3294111026459764e-05;1.0973855085245015e-05;7.09323964672008e-06;1.422675925187956e-05;8.71254315884781e-06;8.872281128446957e-06;1.2248382953055687e-05;5.1495058861080034e-06;5.279919456313564e-06;8.030395813692207e-06;3.5359717405405244e-06;4.6000323479233884e-06;4.80932287125959e-06;1.138471385228847e-05;7.904428659020585e-06;1.4821019508244832e-05;9.597469204292586e-06;9.660558457135612e-06;1.2486244946857472e-05;5.728841858710231e-06;5.9793219090259965e-06;8.308464686384077e-06;3.7747238797859195e-06;5.022908076573947e-06;5.267657291404225e-06;1.0092930527483762e-05;2.8599833551843253e-05;0.00025167087652713316;0.00011672976479622852;5.426642161896143e-05;2.0730473266292583e-05;1.9807050864368365e-06;2.281448072004996e-05;1.4100906692211633e-06;1.4817369469116975e-06;7.266268176332004e-06;2.485750430622572e-06
12:47:21;279;5.642950773805793e-06;6.188668049628776e-06;1.794230405592945e-05;6.125053678635533e-06;6.840630465309129e-06;6.845295730977858e-06;6.591021591294645e-06;4.921381614312023e-06;4.098951456557839e-06;4.797341752132473e-06;5.624077958414504e-06;8.345934617182138e-06;3.848959648616363e-06;4.1948621371675055e-06;5.481896834166636e-06;6.724150085298063e-06;7.5663283956900266e-06;7.5741533139448676e-06;7.663451095693376e-06;5.572945984924813e-06;4.390143520232655e-06;5.300629484886082e-06;6.05557736981851e-06;8.830179588504863e-06;3.999269092904037e-06;4.695191001943224e-06;5.891995868618715e-06;1.0218771017280138e-05;1.1218637167701538e-05;6.2348653109812e-05;3.2373493017919645e-05;4.568994565993102e-05;1.515150798935019e-05;1.3526929295695632e-06;2.163672554330285e-05;2.9049915765079916e-06;1.1164531049017622e-06;6.456412540053859e-06;4.839365014822909e-06
12:50:15;280;5.698111186931825e-06;6.239189645649402e-06;2.0316086257039207e-05;9.27440799617071e-06;6.270337196215533e-06;7.500175632396184e-06;4.704024911655386e-06;5.899012245306907e-06;3.4991631192582417e-06;3.5340437261055513e-06;9.047179188764238e-06;6.113206933636403e-06;4.498696162096911e-06;3.8254663249662455e-06;4.211619058674449e-06;9.606453808880325e-06;7.0793490476141496e-06;7.908649485780419e-06;5.7168260982392365e-06;6.6939342651736135e-06;3.890400729330936e-06;4.269295257910028e-06;9.633302898358043e-06;6.580147063560398e-06;4.547697043090932e-06;4.206651651714575e-06;4.737566990725906e-06;9.278556394089593e-06;4.83508475399621e-05;4.0071591888224356e-05;3.221048647708211e-05;4.8753424159212716e-05;2.7319772010665065e-05;1.971862266390857e-06;2.3570399007913715e-05;1.3883457817122144e-06;7.919619014788049e-07;6.857881358917457e-06;3.2279062988215345e-06
12:53:13;281;5.881609907796494e-06;6.429848153972291e-06;2.4866981387926886e-05;5.175264474905299e-06;7.72280170221765e-06;5.045341888761228e-06;5.45336253019648e-06;4.486844072685998e-06;7.367036784893861e-06;3.2489218686684107e-06;5.077311423013436e-06;4.520053786129872e-06;2.5030982116127443e-06;4.509689803326595e-06;1.5469590673495244e-05;5.363745406646535e-06;8.732336355714772e-06;5.723119882163644e-06;6.42195763697301e-06;5.3720271473968196e-06;7.514889027414581e-06;3.639624388090886e-06;5.845760226086124e-06;5.149895341789108e-06;2.7742610559989425e-06;4.8249397808877465e-06;1.579561977232055e-05;1.1020136057410853e-05;1.3838303164020228e-05;0.00014352193824232256;4.1554384673592515e-05;3.830539947442402e-05;1.7966415847878753e-05;6.892900100075725e-07;1.8916432615867862e-05;1.4380776549685412e-06;7.557683799649217e-07;6.472523012981829e-06;3.925107521682933e-06
12:56:13;282;5.152047558515898e-06;5.781429984991415e-06;2.538508497524916e-05;3.5662493254242444e-06;7.118095932154037e-06;4.753889017388763e-06;5.673005547828842e-06;4.28464415107173e-06;6.99116269877529e-06;2.9565784377506463e-06;7.637144542953097e-06;3.919079637300498e-06;3.243911156984454e-06;7.293939516857377e-06;4.386868873173068e-06;3.9107900233196955e-06;8.035457402094167e-06;5.548634575622796e-06;6.820812313314571e-06;5.302730092416478e-06;7.188027936961911e-06;3.4820894350421534e-06;8.458041284490108e-06;4.5435458041883745e-06;3.4955408501687836e-06;7.916447936588178e-06;4.6750401394737186e-06;9.13571817740922e-06;3.15217394862392e-05;0.0001232110680742364;4.99075730669425e-05;3.432435233468797e-05;1.4233737947370126e-05;1.0116103026695267e-06;2.5840633767725854e-05;2.63899149757694e-06;2.3506796726444194e-06;7.018428320603216e-06;3.4264870548846056e-06
12:59:14;283;4.474980471836819e-06;5.0709372196332525e-06;1.587302675363934e-05;3.5418434013546505e-06;6.4210460644693e-06;5.4193453219139345e-06;4.47469737029461e-06;3.857407499197052e-06;2.80034861812404e-06;3.9733246215625036e-06;5.627756560564669e-06;7.694958626170877e-06;2.677305923141789e-06;3.278470155717886e-06;3.933259680460372e-06;3.898630467706944e-06;7.347648562832155e-06;6.336117771349529e-06;5.617725903477227e-06;4.734840673865873e-06;3.068565016418907e-06;4.641183753087313e-06;6.076436912862155e-06;8.160847508268581e-06;2.837772004982704e-06;3.818725466587665e-06;4.31275013190454e-06;7.747109328057357e-06;1.6340863755068303e-05;5.414974834632437e-05;3.242768216706453e-05;3.9603704687013386e-05;1.0366273097296173e-05;6.8047704647094e-07;1.9375530964299356e-05;1.6192325107696517e-06;9.223023391567143e-07;5.613496845719916e-06;1.6298999564314486e-06
13:02:14;284;4.8003859005001974e-06;5.401217716593514e-06;3.599506049429935e-05;5.980389230780309e-06;5.44628313163416e-06;3.873910269579607e-06;7.598303522048479e-06;3.288768099064431e-06;3.7710447604992354e-06;3.4402133990015087e-06;3.32871184418402e-06;4.196401228930633e-06;8.116850517774827e-06;4.2127619598824655e-06;4.350990967274336e-06;6.3474862363824585e-06;6.379192125424669e-06;4.76681088624486e-06;8.813426373745653e-06;4.093315671721202e-06;4.130566928405285e-06;3.969235661005067e-06;4.072310005114237e-06;4.784815050525255e-06;8.106969655181032e-06;4.653392145111774e-06;4.697089871460545e-06;9.25183826341785e-06;2.8328382679438628e-05;0.00016674228159335199;0.00015190362254338042;3.1933705962988345e-05;1.3838538692757021e-05;6.274248593212819e-07;1.6717759309617528e-05;1.9041625932945742e-06;9.89402141380094e-07;6.856954070728062e-06;2.846653221916276e-06
13:05:14;285;4.786884147087924e-06;5.30493829662387e-06;1.7460703421021465e-05;6.8462516690136575e-06;4.9268427556693375e-06;6.078050466000335e-06;5.983306726358768e-06;4.1856851005015665e-06;3.727831158913246e-06;3.0851023772013066e-06;7.296479315693267e-06;3.028075211181596e-06;2.612234042490255e-06;4.896146639636485e-06;4.776602451269954e-06;7.0146691345880865e-06;5.749116559244716e-06;6.751199928462311e-06;7.082846480708339e-06;4.831133416781638e-06;3.972057106405868e-06;3.7158925300025636e-06;8.071374044378945e-06;3.597966753337068e-06;2.79245505427315e-06;5.304872303573184e-06;4.7756742718821105e-06;6.227160283187261e-06;3.4509315561530436e-05;4.047308537956417e-05;3.9804285544946046e-05;3.508306037421012e-05;1.6918712562834248e-05;7.293678174597843e-07;2.238638084787633e-05;2.9361461718970545e-06;8.022971124341367e-07;7.4853800955977866e-06;2.1732493007202443e-06
13:08:15;286;5.613744995969228e-06;6.208536738488908e-06;5.868029914329142e-05;5.073945903756215e-06;4.155621745383087e-06;1.221458887876927e-05;1.190455140751758e-05;3.393743106983038e-06;2.554367081812488e-06;2.2460592185327952e-06;9.356650617126599e-06;4.469112331600462e-06;4.2215967545964554e-06;3.837369533243873e-06;3.937331756470092e-06;5.447635364557927e-06;5.1729197556470136e-06;1.334531186871515e-05;1.2791164586999486e-05;4.272495090522689e-06;2.8802060373718747e-06;2.7912599537707646e-06;1.0041556212359588e-05;5.000699128329502e-06;4.292579531097487e-06;4.277292591608255e-06;4.189319192443656e-06;8.84730043976527e-06;2.5834783225031808e-05;0.0003288954754174212;0.0002407602206928861;3.7755854268047774e-05;2.0194744958329155e-05;8.580750808624385e-07;3.047722684090577e-05;1.3137191474147466e-06;7.779582777736401e-07;6.4309623934331085e-06;2.0172689776260257e-06
13:11:16;287;4.119585334194653e-06;4.683987564148302e-06;1.8477463012062484e-05;3.072960624224534e-06;4.520199335318735e-06;3.740529793945639e-06;4.097880642009696e-06;5.5178429331125365e-06;2.261218767300606e-06;2.7905104672240357e-06;3.5076732661888275e-06;7.4334304859359115e-06;5.9729567951840386e-06;3.003328344968798e-06;3.5164906015759034e-06;3.3864780302965185e-06;5.382501515818655e-06;4.490050756269543e-06;5.177379039829432e-06;6.296175354380674e-06;2.6053929024230823e-06;3.3437547872266275e-06;4.228999436052135e-06;7.964487936020949e-06;6.168432201211314e-06;3.502482767072263e-06;3.661713378013574e-06;7.603008385716785e-06;3.270615090799627e-05;4.4766068574319974e-05;5.6206857141492254e-05;3.914533658211554e-05;9.952892190932557e-06;1.0829997790302435e-06;1.8542665710575044e-05;1.856471246704162e-06;6.741504460839002e-07;6.61503816312429e-06;2.577917016658739e-06
13:14:16;288;3.5128617845714416e-06;4.151959567738968e-06;2.7015388641934127e-05;3.4569717164019536e-06;4.258400416613416e-06;4.2343471998213484e-06;3.5355990419816408e-06;3.052672904599066e-06;2.4299639226848573e-06;5.603777084866641e-06;3.470937694513313e-06;3.5316566330772563e-06;2.3102572354554756e-06;3.3487470256171097e-06;2.9210097054679163e-06;3.865604769457662e-06;5.127697488804395e-06;5.171324098999413e-06;4.690331747318666e-06;4.099280715044061e-06;2.735286673818843e-06;6.435677833687345e-06;4.189044726514066e-06;3.999412312416236e-06;2.5018514119023444e-06;3.7171816394462277e-06;3.2908200830229648e-06;8.40883693994297e-06;3.7088554330537894e-05;0.00012349624290729363;7.077194964239794e-05;4.0128129131554787e-05;1.4117148544302066e-05;6.117498428974505e-07;1.8417849139812992e-05;1.5484135537853687e-06;8.809476649550346e-07;6.8194630936807455e-06;1.8953789120486267e-06
13:17:16;289;3.5793195471776262e-06;4.128186400855237e-06;1.6626866715738e-05;4.037931744769387e-06;5.629240709933728e-06;5.652747364657464e-06;3.6866010249396326e-06;3.3506102299957714e-06;3.3765600297189477e-06;2.377072718379674e-06;3.782799988724409e-06;2.655175222314328e-06;2.0258700913186347e-06;3.935740018011881e-06;2.4414843766090204e-06;4.339169456354192e-06;6.423521265591999e-06;6.1483711139276874e-06;4.769525817152234e-06;4.128205186525865e-06;3.8070456679910238e-06;2.9342683005837253e-06;4.406922241137584e-06;3.216787787050059e-06;2.3083775684864135e-06;4.287155511922754e-06;2.768885015547876e-06;8.167084883812725e-06;2.6478138143967497e-05;5.0739873395840754e-05;3.6972036097560946e-05;3.302861612509744e-05;1.3062152365520157e-05;1.5686741605733595e-06;1.8299346534310994e-05;1.6692576030737585e-06;6.591015112332435e-07;6.9901075035509915e-06;1.8880122643140934e-06
13:20:14;290;3.4112617713204103e-06;3.9612626131178954e-06;1.9155195900853257e-05;4.361112312006361e-06;3.5855282637891666e-06;3.708200571010552e-06;3.6845011491108566e-06;4.498520620899171e-06;2.163126886016316e-06;1.6064951879486826e-06;4.9234788183386255e-06;4.8727040645634254e-06;2.1752273939251214e-06;2.86330719619214e-06;2.4929378632521093e-06;4.574734754862243e-06;4.4878194923420535e-06;4.405852649464969e-06;4.7727537232184416e-06;5.300705459353306e-06;2.3813287601955427e-06;2.056320920617716e-06;5.651508574742423e-06;5.303500230080386e-06;2.3749208202953244e-06;3.416797616283256e-06;2.808907049279984e-06;7.817145830818175e-06;2.8446032398231177e-05;6.152316673784463e-05;5.7105111679435776e-05;2.9021598203439633e-05;1.127702567569478e-05;1.3555150587729197e-06;2.224427291027105e-05;2.015307026990512e-06;9.69812197341429e-07;6.0076468658271175e-06;2.0797162255718943e-06
13:23:14;291;2.7796639475819904e-06;3.3733930926061902e-06;2.373176683026691e-05;2.515216158339616e-06;3.519217552846757e-06;3.269195534727487e-06;3.41753532915525e-06;2.7972536224299658e-06;1.6736174900086356e-06;1.285166391085113e-06;6.3565397435380335e-06;2.4714711518537444e-06;1.974065679245417e-06;2.1217895539135414e-06;1.9548982344019805e-06;2.9385797659737756e-06;4.448130266034321e-06;4.022148476894783e-06;4.544384228786759e-06;3.6007301479360107e-06;1.925629182747061e-06;1.78409147879335e-06;7.031711534124687e-06;3.067396472586183e-06;2.225944527547458e-06;2.6306854449644506e-06;2.261284550191312e-06;7.517341862665662e-06;3.287502597491767e-05;7.407061923887968e-05;8.062300478229045e-05;3.88136383468077e-05;1.816324151965381e-05;8.515149186696232e-07;2.1150051557687314e-05;1.5443501484603452e-06;8.518903537857342e-07;6.456349061310828e-06;1.8641741980742235e-06
13:26:15;292;3.0473848256142655e-06;3.6517138089982815e-06;2.0824023875209148e-05;4.2903436730574125e-06;3.663769156180375e-06;3.080490852301988e-06;3.8004535969158515e-06;3.472871378433369e-06;1.8673125596083393e-06;2.0985780792318307e-06;3.774505958695975e-06;3.3487546271324864e-06;1.9582846686461153e-06;3.0259389959364955e-06;2.187313361061301e-06;4.650361265530707e-06;4.513909435802275e-06;3.902376687896137e-06;4.823235805148054e-06;4.3816606228551505e-06;2.1310732629703864e-06;2.6947641747972717e-06;4.4893236843310225e-06;3.917707372353636e-06;2.2661778403525653e-06;3.464655676481603e-06;2.585318663443127e-06;6.930056785357497e-06;2.5608261754615507e-05;4.912373145082626e-05;8.576797978052548e-05;3.333149079264049e-05;1.8359185167534604e-05;1.1413701758756984e-06;1.8396562714497616e-05;1.8508285905960097e-06;6.334914754661584e-07;6.670479985964477e-06;2.0748478286099763e-06
13:29:16;293;2.7842688529682906e-06;3.3858277617317853e-06;2.018741587711317e-05;4.348464273107311e-06;4.351234753518053e-06;2.8838866128275886e-06;3.2571082871610004e-06;2.8507667321713885e-06;1.7795817043006226e-06;1.834126232305974e-06;2.885263301489648e-06;3.2454482550292596e-06;1.5293324093981007e-06;1.951488679258711e-06;2.494524094681145e-06;4.769048746887085e-06;5.2000989197477806e-06;3.6889872015170207e-06;4.367186460789341e-06;3.655159363478549e-06;2.124254761763697e-06;2.4611898609265743e-06;3.556212907858912e-06;3.773253221096857e-06;1.8196046364175368e-06;2.426047608769065e-06;2.7888885326803254e-06;6.806291507982462e-06;4.3816214082444326e-05;5.2050194594330014e-05;5.774119702763723e-05;3.721896299336235e-05;1.3522105569056091e-05;7.312262362448246e-07;1.884895258022633e-05;1.71670352238287e-06;7.970740450708111e-07;6.617841199732134e-06;2.3822271668886175e-06
13:32:16;294;2.673777122132812e-06;3.2812028039879345e-06;2.1343760665092667e-05;4.017597804823419e-06;3.3742952600138407e-06;3.243229967415056e-06;3.235709077968481e-06;2.598411044471308e-06;1.710918101820043e-06;1.5873716984900326e-06;2.704531652852893e-06;3.4942100122427955e-06;1.8488503843046415e-06;2.1672656217542783e-06;2.1029339415693213e-06;4.432647566444976e-06;4.277095533463488e-06;4.1213240676163105e-06;4.361045250357453e-06;3.4687527659116313e-06;2.0353488218484303e-06;2.0243406462340535e-06;3.399512816261599e-06;3.985432411792328e-06;2.126305658644993e-06;2.7223765735332657e-06;2.4202508046971473e-06;8.264299719448358e-06;2.6777925692029775e-05;8.45541913239588e-05;5.598470356324395e-05;3.770972092691623e-05;1.2438857732733133e-05;1.065737333720791e-06;1.8362103609157384e-05;1.358561568244913e-06;9.363640428153887e-07;6.83098434617148e-06;1.8416781226717415e-06
13:35:16;295;2.6330669736683956e-06;3.221491659109855e-06;1.8160834571914627e-05;3.888748737004087e-06;3.1799718349454698e-06;2.81065153793427e-06;3.16941395439585e-06;2.107780674523693e-06;1.653551564925496e-06;1.5790171525864594e-06;3.861623135037462e-06;4.073746512809541e-06;1.433920989703872e-06;1.9601496976662247e-06;1.8782270063284883e-06;4.264543692063197e-06;4.029773228605244e-06;3.6342059942560096e-06;4.224553359689926e-06;3.0058377122466345e-06;1.952355670324277e-06;2.0688473940233825e-06;4.528556588941027e-06;4.597098855419627e-06;1.6797807226874836e-06;2.4476688190876717e-06;2.2246767034457777e-06;7.88925426102906e-06;3.2006220071731934e-05;4.9548309329906694e-05;5.020124492093406e-05;3.530027696613295e-05;1.2928816408172664e-05;7.919870524284891e-07;1.837225139570319e-05;1.7657998684190683e-06;5.698178690665902e-07;6.541945740068483e-06;2.0140909793823387e-06
13:38:16;296;2.655914911028648e-06;3.273008892795622e-06;2.0558745536352518e-05;4.230395795768903e-06;3.136593663426042e-06;3.042862982673775e-06;2.991533072815855e-06;2.1554985988426654e-06;2.0817501198422406e-06;1.4394687844123475e-06;5.067614900156059e-06;2.4168794858780984e-06;1.4481952492156387e-06;1.929804275814139e-06;1.9303811417227155e-06;4.6340341519174255e-06;3.9978276445368994e-06;3.9099739878329735e-06;4.127712752707811e-06;3.0508023215427587e-06;2.391809103652191e-06;1.9830508179012802e-06;5.781471922482869e-06;2.9584521115206764e-06;1.6846573814717298e-06;2.505969904678416e-06;2.250343658476906e-06;7.795719302145628e-06;3.215611626459672e-05;7.036198731651096e-05;5.580741574445303e-05;3.7776332113529934e-05;1.1498819992159267e-05;7.508153037190858e-07;1.9725216059898327e-05;1.78405254816074e-06;6.583896846101075e-07;6.300373202559909e-06;2.0897089038864495e-06
13:41:17;297;2.3987829584500147e-06;3.000211177958924e-06;1.9025396582441235e-05;2.893724147574e-06;2.8673785818449975e-06;2.7384851811650503e-06;2.9329030137859036e-06;2.1410400334270268e-06;1.5603423552819478e-06;1.190083889374643e-06;4.126774489001471e-06;3.219736849660845e-06;1.3880964672646263e-06;2.0418031558025715e-06;1.6850264057601614e-06;3.2621386380233623e-06;3.740903493272077e-06;3.604842069900677e-06;4.073684202680104e-06;2.993840098497458e-06;1.8393282306521853e-06;1.6939962105010912e-06;4.789424453140126e-06;3.7536573691346647e-06;1.6328158827042288e-06;2.58691988498948e-06;2.0309825349383423e-06;7.130201506932683e-06;2.744146977326114e-05;5.8329791512906944e-05;5.37601903229896e-05;3.797980322421726e-05;1.2482465968528231e-05;9.349422765759928e-07;1.932964141856878e-05;2.1855722641586544e-06;6.596243098453522e-07;6.201969594643533e-06;1.8690868166666732e-06
13:44:18;298;2.277415805839279e-06;2.876620193333859e-06;1.7701087407269243e-05;2.72951001130521e-06;2.8280367429674285e-06;2.572141748884023e-06;2.770969158208655e-06;1.9670635415474695e-06;1.712400748148985e-06;1.4256185137446147e-06;3.090806402897525e-06;2.9681656691270644e-06;1.707702813743853e-06;1.7308107323931277e-06;1.8257626437771664e-06;3.078524020819242e-06;3.7215249817621308e-06;3.435000801605211e-06;3.914795541599624e-06;2.7951658579165926e-06;2.0120426236506413e-06;1.9350409764205947e-06;3.7693225893442877e-06;3.4962333066238287e-06;1.963943854598601e-06;2.254924223489991e-06;2.142922788820376e-06;7.457360431414831e-06;3.0427075477052392e-05;5.405165089738866e-05;4.31372928703019e-05;3.632772947197272e-05;1.107291608132086e-05;1.0135587753131366e-06;1.8324588972527724e-05;1.7710373870822345e-06;7.677014589263278e-07;6.299369108064865e-06;1.7627679558652897e-06
13:47:14;299;2.1675562284041337e-06;2.778122354610315e-06;1.995779214198547e-05;2.865178336848699e-06;2.7794395816016504e-06;2.62295475698822e-06;2.764436586149605e-06;1.9772301951674494e-06;1.443079297755193e-06;1.3375854333636477e-06;3.1888466270789775e-06;2.2349081452559134e-06;1.334841379086914e-06;1.7693624567110595e-06;1.6928110283228905e-06;3.2293450480026394e-06;3.7028674088577633e-06;3.512434558834235e-06;3.909002676272958e-06;2.82227986650768e-06;1.7424424101268933e-06;1.813911242037118e-06;3.895789433632281e-06;2.803027610706856e-06;1.5948446069827856e-06;2.291684822173206e-06;2.019837625717812e-06;7.510682386727012e-06;2.9701969187670707e-05;6.640306140195331e-05;5.656713960505814e-05;3.697615072143852e-05;1.213884791972666e-05;8.545952371404193e-07;1.8645515676286884e-05;1.8201511758461025e-06;7.144517560978316e-07;6.299462385567743e-06;1.8614782503122699e-06
13:50:02;300;2.2109461595673254e-06;2.815201178582126e-06;1.9367103620154174e-05;2.8487644127298237e-06;2.7957987548500216e-06;2.6000015997143775e-06;2.7600257927221348e-06;2.0140250832735194e-06;1.5278976038308139e-06;1.3040705884037607e-06;3.450804018776601e-06;2.407251413155171e-06;1.4149950867580297e-06;1.7308801462819061e-06;1.676838474618979e-06;3.216634787591668e-06;3.691421530283715e-06;3.449878554823079e-06;3.893879345094872e-06;2.8487727851963333e-06;1.8219677792353938e-06;1.8054461107463863e-06;4.169524437443963e-06;2.9662502917825446e-06;1.650688222059527e-06;2.2554081768455808e-06;2.0125408792421383e-06;7.601200736057653e-06;3.082352124533572e-05;6.147667543988427e-05;5.3429015743724005e-05;3.709234021812582e-05;1.1788789367576583e-05;9.106198236921964e-07;1.8625441728521174e-05;1.767890120031748e-06;7.283961311376904e-07;6.257550927664774e-06;1.9038019600983922e-06
13:52:47;301;1.1120901361168349e-05;1.1626728682810459e-05;5.988603300669038e-05;6.739346425568081e-06;1.2475226375324217e-05;1.6099758689527086e-05;2.7021818944852136e-05;1.795264102290937e-05;4.5578118268643015e-06;1.0314776060030537e-05;9.103089665012993e-06;1.1115764728877117e-05;4.449063107743583e-06;7.249311194809397e-06;6.372205043383226e-06;7.1313462239565605e-06;1.354214547766016e-05;1.667079691345217e-05;2.81208824761259e-05;1.8828019521975023e-05;4.589397471585171e-06;1.0873852986577144e-05;9.643811205898623e-06;1.1318398218797565e-05;4.515123268729555e-06;7.6036997315780734e-06;6.683267535744205e-06;6.8501830451742324e-06;5.271399413034027e-05;0.00025348216691614244;0.0002790801578457139;6.532201822694424e-05;2.216917864677913e-05;1.602658414730512e-06;2.4305582494323672e-05;1.5597974853041182e-06;8.905736258946665e-07;7.477056081895824e-06;3.1790291670415626e-06
13:55:32;302;7.392939781812981e-06;7.956753978748876e-06;2.5211891596339066e-05;4.234090615895525e-06;8.884226958307615e-06;7.919893266458447e-06;9.798621028587398e-06;6.086570918868843e-06;4.541955168817098e-06;5.0118199284425335e-06;1.1189733881296474e-05;1.7060491717043906e-05;3.4609842442472942e-06;5.5851064075795875e-06;4.941780923866707e-06;4.610273850354318e-06;9.502910836113475e-06;8.80949900293453e-06;1.0875703255690876e-05;6.799045198171877e-06;4.893146130103283e-06;5.581970578497954e-06;1.1937303140798519e-05;1.773239755839083e-05;3.602723885521726e-06;5.869736167116134e-06;5.266334848691926e-06;1.0003545553409759e-05;4.4753972586213975e-05;7.388920280544763e-05;4.927978070388037e-05;4.5524558143139115e-05;2.9897754964417586e-05;1.6143367191268115e-06;3.54674691973597e-05;1.4557744847703228e-06;1.0745369243292467e-06;6.955687706392148e-06;2.6260793675821394e-06
13:58:17;303;6.846158310803606e-06;7.3730994193318085e-06;3.020721165785149e-05;6.549110780957273e-06;7.3934310368496305e-06;6.3096589532175464e-06;9.595426180004035e-06;5.312629745901631e-06;5.735482060680914e-06;4.1309334214322355e-06;4.727300744633567e-06;1.1417731092871525e-05;5.978587095773429e-06;7.334297633705815e-06;7.66930899748724e-06;7.172635332032849e-06;8.291572796708028e-06;6.968351211566464e-06;1.0857209878239804e-05;5.878953895918602e-06;5.974994161953896e-06;4.536769262778785e-06;5.311187895223398e-06;1.1772828438091593e-05;6.016148906578737e-06;7.794733144553994e-06;7.901806516719826e-06;9.07394661024438e-06;3.960086565822239e-05;0.00012183018201107352;0.00011005773720647301;3.8409775867934784e-05;1.2171271544654186e-05;1.1055026199228415e-06;1.6418571105777423e-05;1.318057992986986e-06;1.4756420045379604e-06;6.96772056112148e-06;4.057266711268895e-06
14:01:02;304;5.348579614276745e-06;5.8769416935757376e-06;2.0525648406876484e-05;4.4712269645944245e-06;6.977103898913645e-06;5.7108618362762664e-06;7.19720842761779e-06;5.590753084887141e-06;4.155566530721961e-06;3.416022949600326e-06;6.270401620802411e-06;4.296035205958953e-06;4.8695147421411056e-06;5.679878216565984e-06;5.548379967993097e-06;4.674303788386721e-06;7.655423411926699e-06;6.510188656268182e-06;8.337214976678826e-06;6.459354162410519e-06;4.2583081848752506e-06;3.886346124240442e-06;6.949861414531243e-06;4.815789199273229e-06;4.886204313934977e-06;6.074113064676544e-06;6.016191629804538e-06;7.347493559711186e-06;2.3519384610825924e-05;9.675880919798047e-05;4.1274808192017255e-05;3.0147337739742905e-05;1.2726690561662659e-05;9.639463742269916e-07;2.0671697687682718e-05;1.9234981676509187e-06;2.3385714693073303e-06;7.265141171637899e-06;1.370402150071524e-06
14:03:46;305;5.459031790812994e-06;5.950773011366586e-06;2.0599609400819114e-05;4.3099058137324224e-06;1.0182532117203829e-05;5.384311624435544e-06;6.401547470860888e-06;4.166124864727036e-06;3.168030418524123e-06;4.555995961910949e-06;9.215976308238085e-06;5.285573878536938e-06;3.834457239968649e-06;4.1336693877140496e-06;4.870254293752975e-06;4.531144512942705e-06;1.0927148443581153e-05;6.0548641504053044e-06;7.404098412251509e-06;4.812110267301227e-06;3.40507429865295e-06;5.044658032199516e-06;9.709175012890054e-06;5.772494625512369e-06;3.9973053815951454e-06;4.472076985229815e-06;5.279123685415724e-06;8.217872892263387e-06;4.2784102396056324e-05;7.074935229133283e-05;2.9173793352832702e-05;3.6573861149055585e-05;2.352830481338539e-05;1.6377313350333319e-06;2.1823686247415363e-05;1.380241050154999e-06;9.638277697711138e-07;8.25022333693853e-06;2.1123161755897873e-06
14:06:30;306;6.737954937431244e-06;7.281093622865067e-06;1.6145508368965643e-05;9.681520126036958e-06;7.146542487326067e-06;8.350398370670188e-06;5.623820437702679e-06;5.407804381589316e-06;6.006572893694924e-06;4.852584765205589e-06;9.061259578143934e-06;6.627768992214814e-06;3.919973913468766e-06;9.708486029002085e-06;4.468725318996679e-06;1.012168064058826e-05;7.854139542509581e-06;9.263112444179707e-06;6.478589891886731e-06;6.083081206258923e-06;6.325891542439445e-06;5.638713126913151e-06;9.95550165417983e-06;7.028427043672919e-06;4.1363555024135965e-06;9.74066093085294e-06;4.746967527963431e-06;6.789127854204572e-06;3.0513666481388786e-05;3.930473659232878e-05;4.653329904154397e-05;2.2901713700201158e-05;1.069397244136172e-05;8.113339589966644e-07;2.465311145993384e-05;1.7437529633014659e-06;9.113874293615526e-07;6.035608322395994e-06;2.854390182569253e-06
14:09:14;307;6.265809037519045e-06;6.778755499609257e-06;1.4784514571833156e-05;6.201654384212092e-06;5.755986219859531e-06;1.425845103659123e-05;6.196560483638016e-06;4.4226656980713e-06;3.3780526146836625e-06;4.483708963221034e-06;1.1094500154291092e-05;5.946677175410803e-06;2.9993015675118655e-06;5.9700597851986e-06;4.482088450365816e-06;6.515376894697775e-06;6.6375515888455395e-06;1.469482892585065e-05;7.2819003734470175e-06;5.116204883500969e-06;3.725283034016891e-06;5.059345087979233e-06;1.1696781084653214e-05;6.38983522238257e-06;3.062542712345758e-06;6.410199824741436e-06;4.755214918019837e-06;7.141763556635611e-06;1.8625578741197346e-05;2.6329593682262156e-05;4.0433721103527365e-05;3.124178499858337e-05;2.141818726066494e-05;3.100123856997229e-06;1.732562478391904e-05;2.992168333302844e-06;9.803932921574164e-07;6.0779084229515595e-06;1.7473268297989854e-06
14:11:59;308;7.3938138753378136e-06;7.915851233231973e-06;1.605200066339654e-05;1.5031648229327486e-05;5.8455191139278835e-06;6.973420484128341e-06;1.036178163037572e-05;4.749674051396369e-06;3.407360466667342e-06;8.267002648019364e-06;1.1834335855357123e-05;9.21018604768423e-06;2.8056404383585747e-06;5.6867015361722846e-06;4.552493647028396e-06;1.5084211968947969e-05;6.473465372771069e-06;7.609538819958254e-06;1.1445227778782697e-05;5.3955149171456525e-06;3.565632314233351e-06;9.288402204991236e-06;1.2317337551175563e-05;9.75467995701791e-06;2.960205450373123e-06;6.10368389188116e-06;4.992311385396096e-06;7.326090117902266e-06;3.896851922507821e-05;3.617206258988519e-05;3.8999155753560145e-05;2.7813383157831854e-05;1.0811166299813359e-05;4.93890579740944e-07;2.209767399967312e-05;2.049045343140015e-06;6.107737528621199e-07;5.736300766481607e-06;1.5459463747897042e-06
14:14:43;309;6.04686130274827e-06;6.659480168079277e-06;2.8865422186584916e-05;4.769805111043917e-06;5.084513462866818e-06;9.63208753226106e-06;5.544283845117868e-06;5.3530803521601395e-06;6.909208656677182e-06;3.0493668135213947e-06;1.202105475525431e-05;6.257140850219788e-06;6.137745491811715e-06;3.6979235999788007e-06;4.106123196446664e-06;5.09831195099823e-06;6.059082927923912e-06;1.0798574409438768e-05;6.3608235674869726e-06;6.239498272315117e-06;7.30369769762892e-06;3.699799962409019e-06;1.2870632256440157e-05;6.8921935732610515e-06;6.153663121097717e-06;3.962284070646863e-06;4.475198132160033e-06;8.481204309050034e-06;4.121169864232728e-05;0.00012884006334341026;8.80975656678963e-05;2.5423211636967554e-05;2.0835944189477003e-05;8.177207141239809e-07;2.0707642208543943e-05;1.6936860712619574e-06;8.591631740354877e-07;7.426814589693776e-06;1.9903516922313795e-06
14:17:27;310;5.514083247378081e-06;6.148316590295945e-06;2.9715247812919734e-05;4.309027914282317e-06;8.25039395638524e-06;6.7863383176426275e-06;7.470986274879269e-06;3.5800663242016837e-06;3.6476370959674527e-06;2.8352578623466487e-06;5.627466870353456e-06;8.197809488050014e-06;6.388528771853172e-06;5.303449210458666e-06;3.7720350424566815e-06;4.687081466531536e-06;9.15355759055193e-06;7.63865925444959e-06;8.68225361966923e-06;4.395646265383899e-06;3.879192588642524e-06;3.2436445237664564e-06;6.35553101634701e-06;8.971138183219811e-06;6.926480153519542e-06;5.69424552643024e-06;4.152366701890958e-06;9.060461311171257e-06;5.4846847673942395e-05;9.643936199095956e-05;0.00011623900632159842;3.19070422673012e-05;1.8238069749919996e-05;8.092788797863963e-07;1.864220129851039e-05;1.3614134149144686e-06;9.345468856486095e-07;6.051504496825683e-06;2.0532394644585405e-06
14:20:12;311;5.649714510850985e-06;6.25632943019464e-06;2.4363629285062346e-05;4.4295118041371886e-06;6.669745280357182e-06;6.073214373907893e-06;5.381684805107832e-06;5.602045011634325e-06;3.631888081914977e-06;1.1278991294716434e-05;6.850248773559997e-06;3.5068139748840497e-06;4.834821466656339e-06;5.537452611034413e-06;4.000154671501832e-06;4.552811347660086e-06;7.6170661809037825e-06;7.07399295272727e-06;6.502183715625345e-06;6.910029055055745e-06;3.887332618030052e-06;1.1643850052966133e-05;7.426197918926224e-06;4.045574611108684e-06;4.99999270422323e-06;6.01784911770112e-06;4.3990709273893565e-06;7.098894697335614e-06;1.874905522885024e-05;0.00010457425738689144;8.178806865090665e-05;3.374612842004643e-05;1.3545701315667708e-05;1.2591682972006753e-06;1.9159341510591678e-05;1.874548232422137e-06;1.13039181663856e-06;7.211413032770733e-06;2.226582831426311e-06
14:22:56;312;4.814690299781432e-06;5.427257971710281e-06;4.5654089008945946e-05;3.920944703462613e-06;5.074069168710015e-06;9.131237260620848e-06;5.071136135176795e-06;4.020692359738766e-06;4.8043641485342255e-06;3.0499081191883515e-06;4.884414571067324e-06;4.76775156114813e-06;3.3342516033808454e-06;3.823551380964897e-06;5.893960732482707e-06;4.289022799524371e-06;5.9083123302070245e-06;1.0013545882349164e-05;6.301706371577663e-06;4.869735480324495e-06;5.167733448454587e-06;3.4792197878612317e-06;5.4447863033290765e-06;5.447864571613513e-06;3.6311890794480215e-06;4.248010195106307e-06;6.3259678018433e-06;1.0708837113838593e-05;4.3842360878793995e-05;0.0002663303582349335;0.00014053843369188845;4.1345759660727726e-05;1.2495140294260128e-05;1.130086725880782e-06;1.884750934886413e-05;1.3071197281588182e-06;1.9947539440126705e-06;7.418866587417075e-06;1.88984189857536e-06
14:25:40;313;5.010882982245138e-06;5.534647911351581e-06;1.8471018118404072e-05;2.731952139905564e-06;6.078637067151828e-06;4.605216456096431e-06;6.012000781006257e-06;4.735205013872701e-06;6.065361335445956e-06;2.9131566455282094e-06;6.121961060433602e-06;4.919330787409783e-06;6.265958684278675e-06;4.770788993756593e-06;4.91102475857536e-06;2.9696743234736357e-06;7.047793720239152e-06;5.2551274822252695e-06;7.220770200973087e-06;5.863993450636567e-06;6.128854514643052e-06;3.37378923942899e-06;6.710452804396436e-06;5.260363362635239e-06;6.168916987790689e-06;5.227377817425781e-06;5.1886589960615106e-06;1.003384059349934e-05;2.8788853896517645e-05;6.856380511207057e-05;2.4403559515100413e-05;3.752999176376505e-05;1.5052559733270085e-05;6.267159057461815e-07;2.5576507807540328e-05;1.7205652631299297e-06;1.1501359142978317e-06;6.686360885477413e-06;1.5193210304340983e-06
14:28:24;314;3.858849016324939e-06;4.453165007085957e-06;1.9987226177076105e-05;2.9473363431458726e-06;5.698982620766008e-06;4.848737506532333e-06;4.933345120538103e-06;3.568745458179282e-06;4.119147322386012e-06;2.0196478492031455e-06;3.883732095033565e-06;6.079195537270462e-06;2.8331493749014025e-06;2.8235679580293747e-06;2.5505996135357445e-06;3.1696175408543714e-06;6.774744311378182e-06;5.591319723528533e-06;6.000934176939419e-06;4.489674930609217e-06;4.48269250089744e-06;2.574694405401588e-06;4.4470133633683274e-06;6.550940068774264e-06;3.125012593540581e-06;3.2948861877529555e-06;2.9364488429127037e-06;9.038488870120759e-06;4.130519192789145e-05;6.70503788801794e-05;4.73312467560033e-05;3.309653238015462e-05;1.2075769800812803e-05;5.144511329163071e-07;1.8021536037337634e-05;1.313112577901938e-06;8.973745608397016e-07;7.118826655820158e-06;2.0838045449351534e-06
14:31:09;315;3.6540526867735355e-06;4.205142748197673e-06;2.603268785462754e-05;3.861754370827374e-06;4.351399200882869e-06;3.6100287665874475e-06;4.380905593848183e-06;3.1494945105237093e-06;3.0353962373911e-06;2.428582461597919e-06;4.998362874950792e-06;3.077430349662791e-06;3.925343078944624e-06;3.97811507436462e-06;3.0518185552805024e-06;4.018692057406607e-06;5.202655325153005e-06;4.5066552542542734e-06;5.7485858805988226e-06;3.8983340587785996e-06;3.407638026066154e-06;2.859404381075664e-06;5.781471398659971e-06;3.5476904791215054e-06;3.921197345288753e-06;4.338260019215375e-06;3.231126650266388e-06;7.590570410125128e-06;3.0152371969418092e-05;0.00011422281857336472;7.656787551686711e-05;4.176451977722277e-05;1.2193755331196591e-05;1.1156617782054544e-06;1.7708335805994123e-05;1.9573880565374013e-06;7.438600684256424e-07;6.588775314014416e-06;1.7863216541590693e-06
14:33:53;316;3.572304855804408e-06;4.135275932202592e-06;1.8172455810331317e-05;3.4193618055799004e-06;4.706314854274751e-06;3.2607528142653503e-06;3.874327932090244e-06;3.132532980484629e-06;2.7062574820294314e-06;1.9522140200158655e-06;7.430806384434163e-06;2.8705577166993574e-06;2.4988070064841334e-06;3.612255027460068e-06;3.4034692045669215e-06;3.7628216190730396e-06;5.532397948097897e-06;4.01769214281385e-06;4.959098886720773e-06;4.114576771066419e-06;2.9547679528322872e-06;2.290052981451585e-06;8.113915728129921e-06;3.3941885450548385e-06;2.797967285799512e-06;4.03935129287663e-06;3.646478461045654e-06;8.299457531296081e-06;3.6212682492091364e-05;5.356982223793879e-05;3.523584735573615e-05;3.465687379893424e-05;1.693284817829845e-05;7.444346154655072e-07;1.9000324851560136e-05;2.4820151910699377e-06;1.2324538417457609e-06;7.171299213720232e-06;2.531410416119158e-06
14:36:37;317;4.711896391285109e-06;5.324608911353066e-06;5.001101958287925e-05;2.825768037985974e-06;6.394640158966715e-06;1.2827094102683326e-05;4.7633798423227995e-06;3.0978211835730463e-06;2.2844452711723306e-06;1.77302215002713e-06;4.191752540869877e-06;1.0234959452565755e-05;2.1193595909352325e-06;2.7048475737181188e-06;3.325664967170703e-06;3.09377536625475e-06;7.259247629204028e-06;1.3963738051125237e-05;5.906026033215634e-06;3.909293610964205e-06;2.5202370271829208e-06;2.344007381757768e-06;4.843353833707567e-06;1.0884922239365781e-05;2.373753260789145e-06;3.233235444688173e-06;3.5637150965238657e-06;8.380685852063074e-06;1.565009989418541e-05;0.0003050214064528319;0.00018542188286345228;4.0061060557467035e-05;1.4556462575450333e-05;6.391824279090525e-07;1.9871434803105548e-05;1.2959302491474397e-06;9.009957372096449e-07;6.722671877841439e-06;1.610421703887754e-06
14:39:22;318;3.48365298854312e-06;4.081840977131476e-06;2.7604921567346888e-05;2.2899266986862377e-06;3.746079846807375e-06;8.017932902827273e-06;3.7862560744046774e-06;4.7568037153666864e-06;1.8989359785625093e-06;3.4677494269239806e-06;2.5978094671782772e-06;4.0800848136835945e-06;2.1668691902605857e-06;2.7080574671600743e-06;2.2873293079393098e-06;2.6020699354525785e-06;4.715673260105614e-06;8.967442416961384e-06;4.929025883167832e-06;5.4767118267073216e-06;2.1461395938705568e-06;4.106783739810948e-06;3.229998148664798e-06;4.62973720390483e-06;2.3516394885749073e-06;3.2204933908176344e-06;2.606374556607183e-06;7.739454176487528e-06;2.7918452400659804e-05;0.00013549578394261817;7.767475991171513e-05;4.219380317392813e-05;1.260069997129722e-05;5.154982106317012e-07;1.6319594813492003e-05;1.525956096859798e-06;9.435700159499051e-07;6.9865566696761606e-06;1.3449294248471e-06
14:42:06;319;3.0262032311156872e-06;3.608913376882799e-06;1.711355976542648e-05;2.3608559992606035e-06;3.964779638982401e-06;3.0054865066181886e-06;4.120531940543515e-06;2.5054805186512525e-06;3.4852510950791138e-06;3.1541070792749015e-06;3.146218006930016e-06;2.3108179741432817e-06;2.887429330784967e-06;2.483487280713348e-06;2.8899924071623673e-06;2.6895017852070795e-06;4.7754913684681774e-06;3.81550775492093e-06;5.234490520740996e-06;3.301572163925098e-06;3.809049732371011e-06;3.683205158026046e-06;3.7536435712941573e-06;2.9121834652673726e-06;3.070943830031946e-06;3.0282944287217657e-06;3.2330756657526613e-06;7.835527423993636e-06;2.6418776147749352e-05;5.7219523563734084e-05;3.772201790237641e-05;3.7058293371851426e-05;8.784808981633724e-06;1.3406371972563614e-06;1.7498329295510192e-05;1.816078311008087e-06;7.694971067687447e-07;6.807650533478388e-06;2.091577349757348e-06
14:44:50;320;2.760738601766248e-06;3.3350220723772095e-06;1.680874880878142e-05;4.283196524245238e-06;3.349072321609273e-06;2.924542536223126e-06;3.831065021906645e-06;3.643870899400719e-06;1.7387598026436473e-06;1.5549635371637682e-06;2.4514785724637602e-06;2.1147550172432004e-06;2.3709057062665746e-06;2.277690364074012e-06;2.5885619642128756e-06;4.637839365501879e-06;4.210412749049697e-06;3.7835862868529216e-06;4.8825716251635235e-06;4.562384821285745e-06;1.969271342135517e-06;1.967675061649383e-06;3.1251683991930676e-06;2.725852161485726e-06;2.577843732276822e-06;2.6989301699635506e-06;2.878728256706105e-06;7.277313856822447e-06;2.5178981568093633e-05;5.677683143274657e-05;3.812224891933993e-05;3.5819732904574626e-05;9.226462292101231e-06;8.228182572791354e-07;1.7357877545693376e-05;2.2852281096643067e-06;8.086928928766631e-07;5.98246365742707e-06;2.046334268758074e-06
14:47:35;321;2.4523212848686686e-06;3.0282198530343684e-06;2.1067702899119548e-05;2.674924694513369e-06;2.9392941417360032e-06;2.881743099985618e-06;3.491987057977688e-06;2.0839792199790383e-06;1.4789156151838834e-06;1.247780442445193e-06;2.4393638751780084e-06;2.679234821879494e-06;3.0281244020551927e-06;2.3385736148381655e-06;2.143933470512913e-06;2.949739424262658e-06;3.790222167423698e-06;3.7365811858993006e-06;4.5855794631947154e-06;2.8720410026363437e-06;1.7264223452348002e-06;1.613908100180312e-06;3.1741225213892583e-06;3.3152810754219464e-06;3.163512780725174e-06;2.8648497028612675e-06;2.5463773108870704e-06;8.466925216690549e-06;3.258907879635017e-05;7.199234850042283e-05;5.981273684154973e-05;3.838725481621407e-05;1.303662448070322e-05;8.953905139498512e-07;1.7433316464886208e-05;1.689175747395694e-06;1.0722088772103746e-06;6.042472789892163e-06;1.394901744169766e-06
14:50:19;322;2.7057654625133925e-06;3.264430933074747e-06;1.9933151800539814e-05;2.8116725962428806e-06;4.084998893331844e-06;2.6025568263709045e-06;3.0836033702221566e-06;3.0125806949660667e-06;1.6208433999409522e-06;1.9061704089102187e-06;5.01092447664901e-06;2.3122497597424543e-06;1.7811270288154384e-06;2.1948092266461057e-06;2.0476479624614346e-06;3.229370637614644e-06;4.9207648708379335e-06;3.3965088444842245e-06;4.0968161355050155e-06;3.850274784390077e-06;1.8650865913399155e-06;2.3556790308789404e-06;5.575358764999001e-06;2.8923864638733293e-06;1.9592780330916683e-06;2.689838436397829e-06;2.3418074407126817e-06;7.628351664804553e-06;3.4463340061155354e-05;6.178986585343352e-05;5.917699992369433e-05;3.33120653793815e-05;1.2049253929439558e-05;8.028619036657694e-07;1.834256715343726e-05;2.2273536988083037e-06;7.408501357500077e-07;6.443274025351829e-06;2.2210378775557655e-06
14:53:03;323;2.684642231026208e-06;3.3078048620408007e-06;1.983420406715232e-05;3.7368425230126108e-06;3.260365715427518e-06;3.162893862454749e-06;2.888017233683048e-06;2.613962873386878e-06;1.44814708241176e-06;1.554756963577249e-06;4.9073496542332995e-06;2.2139743916162824e-06;2.1299189614445235e-06;2.4089200988700297e-06;1.890556559948984e-06;4.085286805035784e-06;4.178259687941585e-06;4.014401639911348e-06;4.054667367855945e-06;3.707604491864913e-06;1.709320976767196e-06;2.103441309378767e-06;5.575572749530923e-06;2.813803187368476e-06;2.3626405335781335e-06;2.9031378568981403e-06;2.1855206741632553e-06;7.724569005448632e-06;2.562169958765027e-05;6.919992595397379e-05;5.938737373938821e-05;3.422364740376463e-05;1.1426332192906589e-05;9.820385022036434e-07;1.894223059125851e-05;2.2824964618960545e-06;6.751895284543165e-07;6.007019422542067e-06;1.5379264163411622e-06
14:55:48;324;2.3088502184071498e-06;2.9179134948714784e-06;1.6449266358925477e-05;2.406703594072145e-06;2.929882536019012e-06;2.714298865184746e-06;2.918729403621579e-06;2.193283875649079e-06;1.7359853922856288e-06;1.3143676048150093e-06;3.3851713379107196e-06;2.8258434843825793e-06;1.7348206586831338e-06;1.8490561148483535e-06;1.6980588090379198e-06;2.742284931904394e-06;3.806045682883646e-06;3.5186160806040768e-06;4.0573091477590766e-06;3.121049398423911e-06;2.0171466258897786e-06;1.8685504558768887e-06;4.120346473059669e-06;3.3527052814458295e-06;1.9482981338402583e-06;2.3934534412915183e-06;2.0691554493767608e-06;7.066473880071215e-06;2.725056143808105e-05;4.551731103572283e-05;4.502984660817883e-05;3.1658842157310204e-05;1.1745899583272947e-05;9.030008636563848e-07;1.8075398096084068e-05;2.0054645878394678e-06;6.730898012059575e-07;5.992071801182625e-06;1.4732364545002081e-06
14:58:32;325;2.2692685133824337e-06;2.8799562083873705e-06;1.874963989048422e-05;2.816843417912713e-06;2.677784660837739e-06;2.50458491150725e-06;2.9055767500290646e-06;1.8465054117652615e-06;1.51865879056084e-06;1.30782846871372e-06;2.760650135965906e-06;3.538730235871671e-06;1.5453131666408704e-06;1.98985402167683e-06;1.8188912857491408e-06;3.20356972638998e-06;3.5679624943441013e-06;3.3093770157335447e-06;4.052253134317123e-06;2.713146540648993e-06;1.821647400372714e-06;1.8088472079168092e-06;3.4836898981965635e-06;4.098320102998457e-06;1.802409286351058e-06;2.5299962291245707e-06;2.168254485684285e-06;7.826667106979123e-06;3.331091771956203e-05;5.228462540817698e-05;5.865200457589397e-05;3.3527795229538354e-05;1.1236516518426683e-05;8.614165244597068e-07;1.73355604290224e-05;1.941296156696592e-06;6.245353699824514e-07;5.927881424026116e-06;1.4664622230462022e-06
15:01:16;326;2.2769279882146005e-06;2.8804093324629035e-06;2.4601947657768583e-05;3.108744336541039e-06;2.810784467561172e-06;2.8596369102987493e-06;2.6960643372769315e-06;2.0297127737736984e-06;1.4911604394899056e-06;1.16558140440436e-06;3.648747958157566e-06;2.566255978467521e-06;1.432473909349338e-06;1.6972823723452022e-06;1.816690079420818e-06;3.513805771760843e-06;3.69262164020233e-06;3.676014258313513e-06;3.820635906259103e-06;2.9058238883235505e-06;1.7601096303650006e-06;1.6520865212349904e-06;4.370589859038923e-06;3.110915176703317e-06;1.6890921330419197e-06;2.2033125102857813e-06;2.169903346332865e-06;8.38914126752875e-06;3.2866307765484294e-05;9.11784757695677e-05;8.494246882857816e-05;3.652008108777029e-05;1.2362043730067825e-05;7.65460252953883e-07;1.7494303184218056e-05;1.781389269976942e-06;6.955695157165719e-07;6.331626451727056e-06;1.896504769633448e-06
15:04:01;327;2.064276796205759e-06;2.6655546990477426e-06;2.0498579779699462e-05;1.7297709275448432e-06;2.6085529424594e-06;2.493460048537021e-06;2.708905046621236e-06;1.88226471177121e-06;1.490410763047769e-06;1.5156931762208812e-06;3.0110812028800122e-06;2.774167701376355e-06;1.2467047907158892e-06;1.7186757994962094e-06;1.5916335581229129e-06;2.071706330177302e-06;3.499310423649149e-06;3.328311519701085e-06;3.818747447002341e-06;2.7774691273096532e-06;1.7749805004924278e-06;2.0157775586223485e-06;3.7213826429631556e-06;3.357448683426453e-06;1.503278152580882e-06;2.188445501193615e-06;1.929797391208991e-06;7.518440985246512e-06;3.093771535422602e-05;6.733651600721544e-05;6.707599897384155e-05;3.1656899392208885e-05;1.2207382911189332e-05;8.184225655200781e-07;1.782164891721016e-05;1.7490328109920938e-06;6.093623110656404e-07;6.310723383345729e-06;1.9408137443320894e-06
15:06:45;328;2.061126477573535e-06;2.664864781119049e-06;1.9424460193431314e-05;2.6045124776885586e-06;2.701571964923811e-06;2.42610338719761e-06;2.5404487518895538e-06;1.8302699503051785e-06;1.3502393093712717e-06;1.2171042884645544e-06;2.9728063448495523e-06;2.454934489713103e-06;1.318916820203242e-06;1.6842873261747504e-06;1.6323217586489136e-06;2.95472095267887e-06;3.5845274091622707e-06;3.249719499383244e-06;3.6789320036612344e-06;2.7485054813582737e-06;1.615440317413853e-06;1.7242867653306036e-06;3.6711732108518777e-06;3.0260278743851446e-06;1.5681569643272235e-06;2.1784579412499774e-06;1.97842809162075e-06;7.67095002615339e-06;3.183454683288939e-05;6.382262877379991e-05;5.3346661161369855e-05;3.6271411857130105e-05;1.1150377835513776e-05;8.210682912651718e-07;1.7663219248397734e-05;1.835097961060503e-06;7.047655374218922e-07;6.2073272524258806e-06;1.7654675437481342e-06
15:09:29;329;2.0925377540624948e-06;2.696068128288165e-06;2.1268972013551097e-05;2.9208741050077625e-06;2.5930648012655926e-06;2.52965682308441e-06;2.628048465877245e-06;1.8356875008345759e-06;1.272323768200775e-06;1.2748097175865134e-06;2.9287005271847666e-06;2.7609999594088466e-06;1.2314559905135525e-06;1.599236260671236e-06;1.5355942943884315e-06;3.222507020721803e-06;3.4741074994346055e-06;3.374608489806794e-06;3.78067802500217e-06;2.7248331849201533e-06;1.5229858551225059e-06;1.759980865630542e-06;3.6415066650861955e-06;3.3374128576459824e-06;1.4978636787832963e-06;2.101768006779614e-06;1.9145644270643462e-06;7.701745033368654e-06;3.291726162130365e-05;7.065571707028464e-05;7.001053355839082e-05;3.378723654069667e-05;1.1882857634394808e-05;8.478624085441239e-07;1.731400139786661e-05;1.6804397696661457e-06;6.163559455479132e-07;6.137402785198132e-06;1.6762503973508977e-06
15:12:14;330;2.0378157651828648e-06;2.6381920069749718e-06;1.9821732627612543e-05;2.635441614919707e-06;2.580792753968033e-06;2.3361182874220337e-06;2.503218167375239e-06;1.7821419907481195e-06;1.297273924242988e-06;1.2139534730579917e-06;3.1527794443839885e-06;2.5511946924309954e-06;1.276282225762512e-06;1.572765205989671e-06;1.551826550735572e-06;2.9929089961011482e-06;3.439719228458383e-06;3.164927498294708e-06;3.6527893699494137e-06;2.6735733454303574e-06;1.5810720452475523e-06;1.718297221055142e-06;3.8177023915396385e-06;3.118432249709569e-06;1.5269950056249457e-06;2.0699320599950496e-06;1.9019535893906472e-06;7.725718847068145e-06;3.226605586865642e-05;6.379434764204813e-05;5.889036174501215e-05;3.476096178086593e-05;1.1734601971839297e-05;8.490815171384052e-07;1.760419010739054e-05;1.7710198072666373e-06;6.284336106008395e-07;6.156435245988963e-06;1.6795833874749917e-06
15:14:58;331;5.7689460675192095e-06;6.313800101072301e-06;2.458610064620853e-05;1.4516071403973415e-05;6.8678659869450795e-06;5.271794399161226e-06;8.045115870784643e-06;5.812215538434564e-06;3.9780566325475775e-06;3.083522195559205e-06;4.435718923965417e-06;4.43068314126549e-06;4.273338881139404e-06;4.815554275016222e-06;3.6974139481832875e-06;1.4857263056311943e-05;7.747830485514677e-06;6.100600284632572e-06;9.228800921892464e-06;6.524492144170018e-06;4.077386493699572e-06;3.444033405063652e-06;5.096399027485249e-06;4.9406503508122755e-06;4.257410394161468e-06;5.357751433621161e-06;4.132981987972523e-06;7.964817935554469e-06;3.294750143147435e-05;0.00011543836145062372;5.0277144279859205e-05;4.7426834697844334e-05;1.3901210529939186e-05;7.148384206538649e-07;1.4792624412285124e-05;1.660055106131696e-06;1.4936274386548632e-06;6.028796114590203e-06;2.387395936891292e-06
15:17:42;332;6.638449795688799e-06;7.120777814933821e-06;2.7601773945148338e-05;2.845720671632276e-06;6.775460688986228e-06;6.311611543387905e-06;1.2618981303608672e-05;8.116600242661063e-06;4.147870840656961e-06;6.2551796324457465e-06;9.186302665785785e-06;8.584456504029896e-06;3.3746816282845513e-06;5.292564961158839e-06;6.151964895970898e-06;3.268995065303023e-06;7.431218732620701e-06;7.105791345439465e-06;1.3843225052726125e-05;8.532804655905111e-06;4.3794213634330994e-06;6.6735738793012606e-06;9.52779790951135e-06;9.153597032689251e-06;3.526607460853599e-06;5.591813449634945e-06;6.414485824279836e-06;7.770051393337814e-06;3.357089178533519e-05;0.00011112752599840638;0.00010570817731518369;2.4266288351095383e-05;1.233925565423465e-05;3.043951061568578e-06;2.1481293626086224e-05;1.8199813019517071e-06;1.3726923773711275e-06;7.0429881653892585e-06;1.6781903118200827e-06
15:20:27;333;6.4544105455865974e-06;7.023736992478813e-06;3.1336551203201103e-05;6.919251783249985e-06;9.373437002579976e-06;6.443426019328316e-06;8.189946863720623e-06;5.303349897254541e-06;6.761957178595552e-06;3.1939037770908643e-06;9.610415819917183e-06;4.52522555508236e-06;4.776050086651264e-06;8.129052487956558e-06;4.226908247417782e-06;7.418755518025321e-06;1.0091936226534109e-05;7.185009634886688e-06;9.148436605801756e-06;6.154446973135846e-06;7.197236740628082e-06;3.7665399572055138e-06;9.954486088219387e-06;5.175120807657146e-06;4.8895943547006625e-06;8.530820714095401e-06;4.77245807987741e-06;7.376377377792908e-06;2.2039431125187996e-05;0.00016640354610485998;9.0150240730455e-05;3.142176377785776e-05;2.493693385193303e-05;1.2494673592482153e-06;1.9737719823394122e-05;2.3552073961992565e-06;1.1098935501560987e-06;7.390821695347354e-06;1.8672116459815614e-06
15:23:11;334;5.929449613326844e-06;6.512669147647287e-06;1.817916905320846e-05;4.203621200298874e-06;7.919894676562803e-06;7.290575849855879e-06;5.9218302328063866e-06;8.065290141765693e-06;4.883001560268047e-06;2.8641279328021274e-06;4.994607248353201e-06;1.2293694442565663e-05;3.48304792095113e-06;3.1586703135905676e-06;6.075031875047381e-06;4.633908051628284e-06;8.745755103863982e-06;8.189846453263537e-06;6.9516549841335035e-06;8.897951392088854e-06;5.433307291517665e-06;3.384168095077326e-06;5.377866396953277e-06;1.2865434851109853e-05;3.4987323390309995e-06;3.671792893340042e-06;6.501609389868209e-06;6.8744531426581044e-06;2.8244115158975816e-05;5.5496793250789584e-05;5.03283491283183e-05;3.209801310319511e-05;1.5578443052547496e-05;4.6315641638439493e-07;1.631136482729296e-05;2.4016418380899663e-06;6.800672545531964e-07;7.119194226065061e-06;2.554437239631569e-06
15:25:55;335;6.842638162590282e-06;7.362262864792027e-06;1.880488838880853e-05;4.00316370726986e-06;1.393151492123934e-05;4.449504556318247e-06;5.398362117729634e-06;5.833629672738735e-06;1.161729823257412e-05;1.0651990564915856e-05;6.515743941807014e-06;6.529761526960246e-06;4.216448534483613e-06;4.853597446376832e-06;4.1106408063288056e-06;4.150742498334498e-06;1.4878089466118225e-05;5.165527676282078e-06;6.209849795561263e-06;6.444015965987287e-06;1.1739596923493818e-05;1.1692559624700866e-05;7.16102019822169e-06;7.036749518848882e-06;4.11572981175607e-06;5.283804089058437e-06;4.469466415961321e-06;6.780053679323345e-06;4.961862379895747e-05;4.365428033629178e-05;5.862246743076912e-05;2.4520791098588458e-05;1.2399718422193166e-05;8.29880188826187e-07;1.70418271018076e-05;1.5991791897777923e-06;6.706041000335714e-07;7.952359848877146e-06;1.9688754702566557e-06
15:28:40;336;5.793497061161319e-06;6.3509362318447666e-06;1.8335414520539103e-05;4.4400171623367024e-06;8.761162462178618e-06;4.4493010433138185e-06;8.491866960401818e-06;7.821071331580821e-06;3.338368802729974e-06;5.609838607544372e-06;4.778474389349247e-06;5.9848442642941215e-06;4.297947936942654e-06;5.0146602128946105e-06;6.534409841986065e-06;4.761306342251247e-06;9.381359315647145e-06;5.163748808258731e-06;9.780898743642116e-06;8.6701662623938e-06;3.592939291121195e-06;6.046235535283318e-06;5.390099158255078e-06;6.577701265374758e-06;4.469718556098501e-06;5.439105325997763e-06;6.937954240820085e-06;7.675426876431264e-06;3.924985327280341e-05;5.11135287371134e-05;2.918947635075799e-05;4.739466780049114e-05;1.4935621324648732e-05;9.16136512916242e-07;1.951074265997625e-05;1.991156244591896e-06;9.460178685540969e-07;5.789453166340161e-06;1.3128934318446745e-06
15:31:24;337;5.054734336469706e-06;5.586919006775501e-06;3.089053245465047e-05;8.162928134809858e-06;6.405545574688693e-06;5.558434129940534e-06;6.661943614780987e-06;2.976608081149059e-06;6.714676821350064e-06;4.030009356690491e-06;4.416496220536394e-06;4.534313842376812e-06;2.5914628770157773e-06;4.037561852369849e-06;4.566829799172596e-06;8.153370137872024e-06;7.097513648486826e-06;6.315893190880667e-06;7.578827184192097e-06;3.8070737299319804e-06;7.16999356076416e-06;4.491942925458808e-06;5.109845405853246e-06;5.033570111744309e-06;2.7815181329636208e-06;4.617357461351667e-06;4.8861204648553985e-06;7.233195709306692e-06;4.762814231236753e-05;0.00010800184719899212;0.00012433230326415516;3.8915274847195624e-05;1.552623832073999e-05;1.2379455754906858e-06;1.567394475827208e-05;1.90251117919132e-06;8.247254239215352e-07;6.641559979882211e-06;2.768700886290666e-06
15:34:08;338;7.406528909696548e-06;7.935720071755792e-06;3.6956819962630695e-05;4.003817676592999e-06;6.364745774140539e-06;1.0757150451855647e-05;6.911250354397163e-06;3.4723786054190566e-06;5.729680996647733e-06;2.790671660222379e-06;6.445028871320863e-06;1.224074636367463e-05;4.901354963428937e-06;1.7457953143724065e-05;7.803565935660117e-06;4.4140928930804116e-06;7.239732221472578e-06;1.1653807264280393e-05;7.986727726497118e-06;4.282078793085596e-06;6.0405357348654545e-06;3.435437163348012e-06;7.078172216154863e-06;1.2645168577433605e-05;5.117883307044579e-06;1.7197036879823124e-05;8.137964863336389e-06;7.213484770991183e-06;4.5083598947856307e-05;0.0001466520982451754;0.00015850572194021323;2.8233684553682344e-05;2.402098274236472e-05;8.129528653936656e-07;2.0206488235252275e-05;1.2958568404169982e-06;7.235147317141618e-07;6.8430778759885316e-06;3.890377802519432e-06
15:36:53;339;5.759302029223983e-06;6.3738857764441995e-06;2.1699971554301108e-05;4.593145384358298e-06;5.5814044214679885e-06;4.242476395239175e-06;5.379023720179661e-06;6.738630925504842e-06;2.6316213959502606e-06;1.5008921673659808e-05;9.185240644688458e-06;5.263146142908681e-06;2.484988289485169e-06;4.309788451450913e-06;3.693234846996967e-06;4.899576116615576e-06;6.348083026083098e-06;4.989805266989065e-06;6.423381151601266e-06;7.493399167126686e-06;2.907132825327343e-06;1.641673778850199e-05;9.752896973243221e-06;5.691855768660228e-06;2.7242811820772808e-06;4.826832540097309e-06;4.012646456166168e-06;6.363627021010209e-06;4.2986348237397345e-05;6.635317929893907e-05;5.562803533865905e-05;3.3904508124781935e-05;2.46184137678e-05;1.3303840361836142e-06;1.7255657417730053e-05;2.2117368289431908e-06;1.617091500034204e-06;6.075395608434744e-06;2.055281471699885e-06
15:39:37;340;5.749849059100143e-06;6.239772959862087e-06;1.9901955204646372e-05;6.475288893364512e-06;7.161685382909995e-06;7.206641124019535e-06;5.9719044742869505e-06;3.9202499375208655e-06;4.591419736047183e-06;3.4150572088200515e-06;1.3575229920222268e-05;4.248698488786638e-06;3.754945039508522e-06;3.3562229378699984e-06;5.3208434871847165e-06;6.644918766475792e-06;7.93430511098277e-06;7.787591003543178e-06;6.964670918230557e-06;4.682985752856151e-06;4.840464763346281e-06;3.8088351722095305e-06;1.3783146123732646e-05;4.81884583827702e-06;3.9770701577357545e-06;3.878638781200987e-06;5.755802156940424e-06;6.999883398658833e-06;5.3097517497798435e-05;3.9077252858880656e-05;5.625115500405404e-05;3.4088362665116426e-05;1.121335270688246e-05;1.1379404895805932e-06;2.3508460052752e-05;3.8459981212087965e-06;6.499832356826816e-07;6.3669845827479245e-06;2.5865718423936294e-06
15:42:21;341;5.355048539389497e-06;5.97945620052375e-06;3.5843132586813574e-05;3.329273921760422e-06;6.0183158487477195e-06;1.5850015340778224e-05;3.7490801089874863e-06;3.7430808978394286e-06;7.946996739863463e-06;2.6498494723722645e-06;4.025818348261303e-06;4.706762386710104e-06;5.0888516829933845e-06;2.86101127080294e-06;4.2915243215252925e-06;3.598454258327031e-06;6.817098581657636e-06;1.7041992624065563e-05;4.898971003311527e-06;4.60238814849629e-06;8.434389869014208e-06;3.2964060584520124e-06;4.608625992740242e-06;5.203819792089384e-06;5.359749714363163e-06;3.28181013634393e-06;4.609765952248185e-06;7.08315339859534e-06;3.0212040857543526e-05;0.0001839318716421662;0.00012639664298174088;3.8883492295315766e-05;1.5901164089579966e-05;8.875554871650652e-07;1.6590020678145132e-05;1.4555066164319012e-06;8.742397149272826e-07;6.560910487450367e-06;1.3409927927014134e-06
15:45:05;342;5.886806557694771e-06;6.45312772426626e-06;2.9251229997886803e-05;1.1954183315636287e-05;6.2129795847066695e-06;5.230902760318528e-06;4.181977568280941e-06;8.482307452469099e-06;8.593337401986322e-06;2.7581374083237877e-06;9.936817585169551e-06;4.244071414144008e-06;2.511803203249356e-06;3.805252851566107e-06;2.729906491810203e-06;1.273048834448247e-05;7.083318335769692e-06;5.969562394805312e-06;5.311192652801696e-06;9.241752840226362e-06;8.765994020386988e-06;3.0839572702139383e-06;1.0525367963078057e-05;4.754509731517114e-06;2.7318406818601115e-06;4.228696559925705e-06;3.010850141896598e-06;9.657548074117694e-06;1.733486081857039e-05;0.0001080624196182996;8.91282172472379e-05;4.310933724273796e-05;4.895263160336235e-05;8.107544315621148e-07;2.2729897987474953e-05;1.3987693543574933e-06;6.050152113411829e-07;7.332389104279523e-06;1.892919281300441e-06
15:47:50;343;3.98344684365332e-06;4.51669186503163e-06;2.3722534785474406e-05;7.765109882611073e-06;3.9257440520982944e-06;3.3611437218119344e-06;5.60091469510708e-06;3.944640141316892e-06;3.7807310655905853e-06;1.9136680227531273e-06;3.7886838355079404e-06;4.6107672033522045e-06;2.3112544875141854e-06;3.7183574125198118e-06;3.080346055158016e-06;7.834430147617056e-06;4.9013660223357e-06;4.180911860836389e-06;6.86450121238407e-06;4.799446474586332e-06;3.937368120792207e-06;2.352701215708685e-06;4.434355217579397e-06;4.909072504808966e-06;2.428658052838129e-06;4.076868093232152e-06;3.48062161708496e-06;7.968601785713286e-06;2.671871663992327e-05;8.057398286437626e-05;8.064406242368587e-05;4.379622947100926e-05;1.3468966894986951e-05;1.0377632065353161e-06;2.0029072554293202e-05;1.6801456378163139e-06;7.175387467140352e-07;6.111881971417395e-06;1.923455229221745e-06
15:50:34;344;3.870190383927572e-06;4.450980530328948e-06;1.9366570491125668e-05;2.7993398981478053e-06;8.177608523593252e-06;3.6953305256175057e-06;4.002384886867751e-06;3.266048371550958e-06;4.221201923115814e-06;2.422090415909007e-06;3.791912432857006e-06;2.810017029246255e-06;2.2672877928251656e-06;2.120181053590706e-06;6.868880244713761e-06;3.0514230559939407e-06;8.904338387707601e-06;4.48013468232165e-06;4.970359380917493e-06;4.091050546384959e-06;4.496832390561648e-06;3.0158198612724256e-06;4.415495241809816e-06;3.3776066146269324e-06;2.525306481575056e-06;2.612541227134426e-06;7.470856635797035e-06;7.362591850634234e-06;4.5855452100356074e-05;5.041704918527665e-05;4.8324389636479995e-05;3.512796354290178e-05;1.3485019802439159e-05;1.0522516869676442e-06;1.8833794163551318e-05;3.1790580128712364e-06;1.1637121004852658e-06;6.326018246248285e-06;1.2715455652963866e-06
15:53:19;345;4.1250454801461895e-06;4.686672628516055e-06;2.014173583365901e-05;2.3776754850243522e-06;4.91106104147124e-06;4.372701159383041e-06;4.824717773743714e-06;4.241638589777804e-06;2.37029738866826e-06;2.019822712155546e-06;4.3487767242631685e-06;8.865633049026655e-06;5.098271611103655e-06;2.9926238697635714e-06;3.0773246102455687e-06;2.6899911178208892e-06;5.707272288119281e-06;5.263373151149297e-06;6.033245245483078e-06;5.159603766008365e-06;2.648401972910966e-06;2.446125642586882e-06;4.9547851763754465e-06;9.382835465842192e-06;5.121251373151885e-06;3.437626334364066e-06;3.395557679958742e-06;8.11617196472405e-06;5.1844604467480065e-05;5.257746660604178e-05;6.355904400639444e-05;2.5811848294957168e-05;1.172740531604589e-05;9.735876312824874e-07;1.591586256737806e-05;1.7736313846333945e-06;1.0871881781126808e-06;6.3446916621390795e-06;1.969327924719043e-06
15:56:03;346;3.2013801281038923e-06;3.7965309752795706e-06;1.7798519982296788e-05;2.1950059978918675e-06;4.743780485680108e-06;3.839879229613788e-06;3.42858993139895e-06;2.4059283376878038e-06;4.919959134238897e-06;2.4436209442187233e-06;2.5402457801895006e-06;3.6787794785391785e-06;2.503913896748341e-06;3.0429353072039786e-06;2.673922140675441e-06;2.4709374423465203e-06;5.5667720470744e-06;4.8442440390628485e-06;4.5895707835715936e-06;3.1137495205234414e-06;5.330509213619527e-06;2.9782094880150148e-06;3.2259460187814037e-06;4.349844417286281e-06;2.6009960754867903e-06;3.5247466159858105e-06;2.962845142180033e-06;7.660429076642809e-06;3.4874146508917166e-05;4.35543633261465e-05;5.471704655593174e-05;3.094432071790539e-05;1.2012777553973442e-05;8.38391074589916e-07;1.7685991856948673e-05;2.2037332079371035e-06;6.284575065723727e-07;5.994311992180507e-06;2.4682704098158315e-06
15:58:47;347;3.5748815011257564e-06;4.116587620679823e-06;1.774988557034305e-05;3.199362868693873e-06;3.59059655834089e-06;5.517624596248797e-06;3.52665728054934e-06;3.0998364273025136e-06;2.2285626378636505e-06;2.4607938140519536e-06;6.992582939669877e-06;4.108396677082737e-06;1.8671333142221287e-06;3.185771571232656e-06;3.1212583407577457e-06;3.5133641516420287e-06;4.5108623263458175e-06;6.150239895288007e-06;4.512209981632761e-06;3.8891840614280825e-06;2.463948899448836e-06;2.9018355151700098e-06;7.72839467583852e-06;4.7439405281255846e-06;2.047863375405023e-06;3.6014934586333604e-06;3.335712732868033e-06;7.133290836147372e-06;2.8421790839375097e-05;4.4495184972784296e-05;3.581404678931009e-05;3.938230916927228e-05;2.3898657426265585e-05;1.1880812468180602e-06;2.2209754443017787e-05;2.176649282087867e-06;5.697940331027875e-07;6.194735545985556e-06;1.5143322599498207e-06
16:01:32;348;3.3550848964513205e-06;3.962304689697634e-06;1.9008246394717968e-05;2.114278256147951e-06;3.487599658443101e-06;3.500105048136571e-06;6.377069664412457e-06;2.1385642932485056e-06;2.6107421252742245e-06;2.631161282144619e-06;4.39129154340311e-06;2.6166178418339894e-06;3.011175941480815e-06;2.4370770810703974e-06;4.9453350436126895e-06;2.4367635876243885e-06;4.428599347964429e-06;4.301405420225324e-06;7.52165213938658e-06;3.0767197272383138e-06;2.8367617894990056e-06;3.331365356828002e-06;4.950808370497875e-06;3.257601261056946e-06;3.206991462758208e-06;2.917183409512221e-06;5.281803002122338e-06;7.020485411526463e-06;2.1826786234783853e-05;7.792932232225521e-05;4.503841218556288e-05;3.324603435041278e-05;1.2909658101860399e-05;9.981842225289869e-07;1.9130079136941088e-05;1.9969712790232076e-06;6.100450342173745e-07;5.73304570359712e-06;1.659932753906228e-06
16:04:16;349;3.0622428216598894e-06;3.643077299116906e-06;2.341415189380238e-05;5.077209391014424e-06;5.528333306611702e-06;2.7660102303948198e-06;2.91701171419654e-06;2.6461045553493148e-06;2.4712299033780027e-06;1.89506590856067e-06;4.015009843140081e-06;2.484079009076626e-06;1.74810877837863e-06;3.0121378441999074e-06;2.1866124324532166e-06;5.504194160505593e-06;6.401236607669926e-06;3.608665496404349e-06;3.980611940209247e-06;3.497420341117032e-06;2.699242056131638e-06;2.4074026817265517e-06;4.595289214240104e-06;3.074476868692451e-06;1.9697448938649922e-06;3.413740531166557e-06;2.564901811189274e-06;7.946325409838224e-06;3.964718652435494e-05;7.956784976431601e-05;7.205728141716205e-05;3.866178617212258e-05;1.3608176671328953e-05;7.756624892369499e-07;1.763717687710395e-05;2.1164747648558814e-06;5.410005747832362e-07;6.487111358141069e-06;1.923790702384693e-06
16:07:00;350;3.2571728276955336e-06;3.857217723036021e-06;2.2766281485033628e-05;3.7465139656492594e-06;3.888165550333414e-06;4.130196179245744e-06;2.9774093010879388e-06;2.561249736097373e-06;3.5227590089448313e-06;3.719836642349347e-06;4.5647796363048405e-06;3.2584269633999114e-06;2.1180479705471744e-06;2.2760590855274256e-06;2.322629080902578e-06;4.088548575388894e-06;4.712363643423636e-06;5.156128247131452e-06;4.0463933175165556e-06;3.2985830361949526e-06;3.818429172785232e-06;4.386229696863182e-06;5.323835737243238e-06;3.7406190113881764e-06;2.273645743081966e-06;2.783751564136396e-06;2.6580832720263727e-06;7.054209685802965e-06;3.301643751307676e-05;9.871419388611377e-05;5.311947248277683e-05;3.623713684572656e-05;1.4165811369005508e-05;7.37116674734039e-07;2.014396615759259e-05;1.5079723284462909e-06;5.996596223497234e-07;6.418961139692726e-06;1.4804401150857866e-06
16:09:45;351;2.540337059416102e-06;3.1250098880816582e-06;1.8910573603631583e-05;1.860281431282312e-06;3.081631490915852e-06;3.1167179211618903e-06;2.784390585733573e-06;2.387331996978048e-06;1.4685680763581e-06;1.7525139648972237e-06;2.4948611891546917e-06;5.00502706366681e-06;2.50461749602819e-06;1.938669384057593e-06;2.089433146097845e-06;2.1996466566173396e-06;3.941706997661813e-06;4.0507220748185306e-06;3.855117731429253e-06;3.245427632740573e-06;1.7403491641790091e-06;2.2273827854877696e-06;3.243747469356624e-06;5.553237847782873e-06;2.6817146613499477e-06;2.3665661544753995e-06;2.3944983168699832e-06;7.789161599881125e-06;4.2491490955725723e-05;4.859276037944801e-05;5.250665627597056e-05;3.6415858155766645e-05;1.0624714228797565e-05;1.3274246398199498e-06;1.7442690774407798e-05;1.5237127014677764e-06;5.312372651483831e-07;6.004154266083423e-06;1.677022001061954e-06
16:12:29;352;2.7989342412256106e-06;3.383519326027592e-06;2.792054955948871e-05;2.3639629843136785e-06;2.6899021520098256e-06;3.5197387979544392e-06;5.431635694593111e-06;3.486935731832442e-06;1.661819183030776e-06;2.2811734739553398e-06;3.820304073087755e-06;2.120268816761175e-06;1.5050103287253789e-06;1.9716236858096696e-06;2.734834974724911e-06;2.7271928933881595e-06;3.54994592524673e-06;4.239216846317389e-06;6.4783941893495735e-06;4.4103067616158076e-06;1.9386017043019175e-06;2.809386567409829e-06;4.509646521887301e-06;2.7129246671139773e-06;1.6797017276041539e-06;2.4621234399690575e-06;3.0847900809850575e-06;8.14004044013274e-06;3.550732536901587e-05;0.0001225364076519649;9.345602524678e-05;3.4188762797532494e-05;1.2186247386912443e-05;6.995669420888034e-07;1.8635444180394346e-05;1.6325249175685945e-06;5.61400861368855e-07;6.344594777311668e-06;1.1582541427937805e-06
16:15:13;353;2.570492951098851e-06;3.1301263368709156e-06;1.8102752459184788e-05;4.18768104056126e-06;3.237266111581634e-06;2.800703011567924e-06;3.073651137890982e-06;2.2683259014141557e-06;2.088203911848103e-06;1.349702864704806e-06;2.7939064539078178e-06;3.233909345726457e-06;1.4983175248385228e-06;2.5954607533084197e-06;1.7187865186876004e-06;4.43449431558396e-06;4.092587175099526e-06;3.615221519886532e-06;4.22568451206563e-06;3.0709375283273586e-06;2.374847610289053e-06;1.7871792097081842e-06;3.486490125891854e-06;3.7193423671667433e-06;1.7477121505065423e-06;2.976369144193938e-06;2.0306497303921143e-06;7.411182103142282e-06;2.6689696312954783e-05;6.597218564178573e-05;3.335303285897744e-05;4.142284975249534e-05;1.35188237076142e-05;1.0638850438956166e-06;1.8005483724810642e-05;1.441743717648938e-06;8.060944851708136e-07;6.273549253471779e-06;1.2745029082498643e-06
16:17:58;354;2.0407816524358293e-06;2.6599399076030173e-06;1.918322154791296e-05;3.098389378922403e-06;2.6464448210235374e-06;2.466581734820879e-06;2.746149455067449e-06;1.8711291856538475e-06;1.8871683960177486e-06;9.862111764811423e-07;2.3057195007422395e-06;1.8803181629904615e-06;1.6037415957661303e-06;1.5655886114790911e-06;1.431937026407194e-06;3.4463718008472696e-06;3.5719182839865067e-06;3.344055245708913e-06;3.9188283073046845e-06;2.785104074858662e-06;2.1623243168782026e-06;1.4158726752945849e-06;3.012391666340556e-06;2.495806242384074e-06;1.8336622499099335e-06;2.1243354081843214e-06;1.8086076496026951e-06;7.322550637548622e-06;2.9907699074346425e-05;6.382461855046353e-05;5.223691344235241e-05;3.6121438920260606e-05;1.1048115366316282e-05;1.490703785299299e-06;1.747594280711158e-05;2.1373369033495163e-06;5.025726626882059e-07;6.3397176544809575e-06;1.7910487707380606e-06
16:20:42;355;2.0071946369235794e-06;2.614473550802589e-06;2.1275191125111694e-05;2.599890060815049e-06;2.900398084451891e-06;2.3131691820181417e-06;2.599705850511472e-06;1.848479312888623e-06;1.3740472390595797e-06;1.1035186249230833e-06;2.7840199022092933e-06;1.945502607579964e-06;1.3154698624940797e-06;1.7659621671258079e-06;1.5361719762100021e-06;2.9599542859280437e-06;3.810661224587754e-06;3.1433281244833873e-06;3.7051044002993556e-06;2.7094274613934627e-06;1.6419404415454998e-06;1.578991352341256e-06;3.5094004355806083e-06;2.5585372262682967e-06;1.5945957580076043e-06;2.220813352715031e-06;1.9409275628737604e-06;7.561798165990468e-06;3.899319828404928e-05;6.678664551247944e-05;6.726699601065255e-05;3.418550603061737e-05;1.1288261910940904e-05;9.858183629823266e-07;1.7821346675968586e-05;2.011455755774578e-06;6.56725556988872e-07;6.172277518902312e-06;1.5722637159935749e-06
16:23:26;356;2.1629395255861152e-06;2.7577648468857524e-06;1.9752246475600475e-05;3.0585544405038365e-06;3.089300819360894e-06;2.5731087408654605e-06;2.602509079513931e-06;1.7740840064884755e-06;1.2633362238354742e-06;1.0696353030980144e-06;2.6990394959821886e-06;2.994469192042392e-06;1.2361955045069417e-06;1.9575203415394586e-06;1.6375202632252177e-06;3.4075894055155303e-06;3.947358145869427e-06;3.4400268017220065e-06;3.711217750260633e-06;2.6229429151291834e-06;1.528262209485777e-06;1.5540925821507607e-06;3.3980081148404713e-06;3.5543760336449965e-06;1.4931538273714655e-06;2.41138739459564e-06;2.0247617998439304e-06;7.691974475097615e-06;3.390050344580356e-05;6.288583725330856e-05;5.403893602812128e-05;3.698860808162098e-05;1.2786320961797273e-05;1.016382613766628e-06;1.7333514887675547e-05;1.810051783581132e-06;5.278926407492603e-07;6.4926774275221095e-06;1.554258108161779e-06
16:26:11;357;2.0351875097513914e-06;2.6261098246092693e-06;1.9223449375966985e-05;2.4718547540138824e-06;3.0941000982341973e-06;2.2596913566985677e-06;2.4272506592123735e-06;1.7355336715238225e-06;1.2665420108248782e-06;1.1237339599048177e-06;3.092375272214812e-06;2.5872260332510617e-06;1.2393473780166047e-06;1.6390295710554492e-06;1.485564521336807e-06;2.7662286132148946e-06;3.960548662655151e-06;3.057949125152995e-06;3.5741116916361086e-06;2.597857419344489e-06;1.5308573231006357e-06;1.6087422156050696e-06;3.8197676496588715e-06;3.1447884333529953e-06;1.4722479734907981e-06;2.133583872727044e-06;1.8466342102259706e-06;7.726227816109005e-06;3.718076195603338e-05;6.183865509689023e-05;4.6489484467995785e-05;3.7026671103679106e-05;1.1947553178867504e-05;1.0398503201941332e-06;1.755954545505133e-05;1.6414619831717642e-06;5.228544327004718e-07;6.1664025101730894e-06;1.541924190738062e-06
16:28:55;358;1.872862559825318e-06;2.4740029258984714e-06;1.8690614819224102e-05;1.960692845738198e-06;2.3935862584907723e-06;2.539576577476055e-06;2.3866865996263247e-06;1.7291920320678338e-06;1.1893075855857143e-06;1.032378030982076e-06;2.582246978668288e-06;2.3616131523079336e-06;1.1669229507531171e-06;1.549616855924605e-06;1.582530243980009e-06;2.2818431267595872e-06;3.2928948764458276e-06;3.4016546460637223e-06;3.5128494812541458e-06;2.5861953156004633e-06;1.453274472779309e-06;1.5196376489544905e-06;3.282144453356822e-06;2.9187855189671677e-06;1.4257172956258959e-06;2.0598655610919644e-06;1.9531719749178178e-06;7.88798645499589e-06;3.352542803534609e-05;6.0669490145092236e-05;4.502490771519525e-05;3.699105938371674e-05;1.1457272625288012e-05;1.161068594429013e-06;1.745291226638106e-05;1.6972950429840084e-06;5.866005545519976e-07;6.247035061661247e-06;1.5863219510476192e-06
16:31:39;359;1.940312527052997e-06;2.5322895603091604e-06;1.8869489266663024e-05;2.568390687362022e-06;2.46888283699837e-06;2.1953908924323495e-06;2.42476555327316e-06;1.6560748654435222e-06;1.193951597952295e-06;1.2007780468130265e-06;3.060108244054308e-06;2.2306518127573387e-06;1.1796387164056652e-06;1.566785211954363e-06;1.5383311825994446e-06;2.9283074866990447e-06;3.3235016843131627e-06;3.0239702505529254e-06;3.5207224214048702e-06;2.5197686388505815e-06;1.4507215456156884e-06;1.7040911965914693e-06;3.745603180504986e-06;2.801076520076025e-06;1.424204674261586e-06;2.052660123854942e-06;1.8928461368207685e-06;7.649074998408992e-06;3.5466599933144154e-05;5.699459832411917e-05;4.9897690396732615e-05;3.6112813976532873e-05;1.1600236209750938e-05;1.0170729231804012e-06;1.7755452078138903e-05;1.768776158061191e-06;5.186173056152016e-07;6.081979312338713e-06;1.5709595839331657e-06
16:34:24;360;1.8804064427577962e-06;2.4803524969615e-06;1.8846021327566746e-05;2.479326592111616e-06;2.3519346475224396e-06;2.1766366777662616e-06;2.378374262948765e-06;1.68153565189238e-06;1.220800310458065e-06;1.0279144433007885e-06;2.937533821684662e-06;2.254880291051687e-06;1.144738349526361e-06;1.4909369760603268e-06;1.4202646576386904e-06;2.8039332083965204e-06;3.23747053698753e-06;3.0429433461651134e-06;3.4843166494157013e-06;2.5212398127280986e-06;1.497516391397387e-06;1.5191593849775455e-06;3.6143880457023477e-06;2.858407076962953e-06;1.409298023720365e-06;1.986268412283492e-06;1.7892884984518522e-06;7.603438833984024e-06;3.42709869207415e-05;5.831161780239561e-05;4.900596155678561e-05;3.637649435369259e-05;1.1699783381712024e-05;1.1316317613027772e-06;1.7793524713152923e-05;1.7532642889881733e-06;5.28432871315024e-07;6.100790788147153e-06;1.5763286585834783e-06
16:37:08;361;7.367891520004832e-06;7.803290050623783e-06;2.531173449087619e-05;1.804176055357361e-05;6.820486979884001e-06;6.9525810834585915e-06;5.939520000194679e-06;5.9885615755206345e-06;4.52253504884032e-06;7.4134443217779085e-06;5.514544259455079e-06;5.860563250208046e-06;5.334889489525742e-06;5.9606572080574756e-06;1.006515226849429e-05;1.8031001753668165e-05;7.65611355722907e-06;7.637731471996758e-06;6.703885158953475e-06;6.704718391373245e-06;4.737527914113354e-06;7.906928301595087e-06;6.17884158393419e-06;6.273447340816669e-06;5.220242388255613e-06;6.456248013508437e-06;1.0132791672570224e-05;7.831713860555378e-06;4.928586790576764e-05;6.291956503802437e-05;0.00010672202739930014;2.6184409855458547e-05;1.4572186296762397e-05;2.608807275553046e-06;2.1744685343053586e-05;2.0641290329687767e-06;7.391687211479922e-07;7.120978238524315e-06;1.947274923398048e-06
16:39:52;362;5.344903724139013e-06;5.932088352213363e-06;2.440003793884084e-05;2.7957634507267604e-06;6.02805410274889e-06;5.4597548022818705e-06;5.731468228666679e-06;9.345526560945348e-06;3.6560775675618307e-06;6.491301676060278e-06;6.80522372772688e-06;6.919382747257301e-06;2.8760270318819248e-06;3.830332951825323e-06;4.199930206283398e-06;3.142898638635657e-06;6.77242147917874e-06;6.136485474518297e-06;6.7489927287284974e-06;1.0727284786839789e-05;3.848752359334856e-06;7.188894161589804e-06;7.5461188794467e-06;7.333770629228166e-06;3.0765999660696803e-06;4.154130573325243e-06;4.508708320539467e-06;7.913547102372543e-06;3.095909779561031e-05;0.00010653846319200864;7.053340818020707e-05;3.293714005736249e-05;1.3892746332493774e-05;1.0052046428355796e-06;1.88408665101526e-05;1.576260354432736e-06;5.882654850755548e-07;5.913734449796555e-06;2.1017211637423735e-06
16:42:36;363;8.077407686228485e-06;8.535128150078545e-06;3.7352639874691635e-05;6.561273233335834e-06;8.22887338294074e-06;8.719446841806446e-06;6.6312022898206244e-06;3.856196745033458e-06;5.759658017109618e-06;3.7229084011158875e-06;1.5637692164525355e-05;3.2519535896436866e-06;6.5227714232724505e-06;2.1264704402183682e-05;6.772208499841978e-06;7.03364748569814e-06;9.002003255922825e-06;9.566293832719992e-06;7.680818276939238e-06;4.529497478478898e-06;5.832292146483787e-06;4.287958880681051e-06;1.634849541926686e-05;3.822940793207071e-06;6.359680018928735e-06;2.0976722836063415e-05;6.981183059330841e-06;9.459735740126386e-06;1.907493414356787e-05;0.00020268612978378595;0.00014343806394999378;2.611624904905143e-05;1.4981117974594696e-05;1.1565324395722757e-06;1.8932311266885403e-05;1.4710519264440457e-06;1.6299922660675633e-06;7.456787930051454e-06;1.8287720261588036e-06
16:45:21;364;9.0732399248788e-06;9.806922184619492e-06;2.3310164687684885e-05;1.401218768457759e-05;7.236076883223384e-06;8.524108711650445e-06;4.594393293447493e-06;4.660796267718194e-06;6.454605833412912e-06;1.0158142856007338e-05;1.0208881770975866e-05;1.4482020890615e-05;3.776149308879181e-06;1.4739048629828424e-05;1.0032463306815357e-05;1.4615728323866577e-05;7.982761515081563e-06;9.639224370840577e-06;5.637928034393323e-06;5.6271909860570996e-06;6.7969942127875366e-06;1.1925100030175254e-05;1.089218180305015e-05;1.4838801505419137e-05;3.9497828054986196e-06;1.4939292824134168e-05;1.0838075393368417e-05;6.610849665250767e-06;5.387256005124623e-05;8.217351401730943e-05;3.310147669945402e-05;3.093870213325548e-05;3.941190465442944e-05;9.438488684160368e-07;2.172600411758944e-05;1.712014218388441e-06;6.37950610606086e-07;6.4396033987232475e-06;2.153547817550185e-06
16:48:05;365;6.966128454683423e-06;7.467463029006236e-06;2.5824364646295545e-05;1.1401432869979027e-05;1.0023060574000779e-05;1.411576260517739e-05;5.137761961971808e-06;1.081870052776036e-05;3.632497174327847e-06;5.514154242224446e-06;5.452093847098509e-06;5.170913575305101e-06;3.1845324696436448e-06;4.306447681366101e-06;4.836181819779416e-06;1.173914363824201e-05;1.0840902056851163e-05;1.4902507407182557e-05;6.4301825141574e-06;1.1419673193836676e-05;3.885096597243802e-06;5.858946791174932e-06;5.911653097082538e-06;5.5255172695449545e-06;3.2922484257441386e-06;4.794749184850533e-06;5.008933713506389e-06;7.911960461025034e-06;2.256264684262665e-05;0.00013068739246103182;6.692797569862251e-05;3.765194925250465e-05;1.530882778239043e-05;6.782982525667586e-07;1.6901554354276675e-05;1.374403762058533e-06;1.725730351646342e-06;6.591673471268866e-06;1.5699630655282955e-06
16:50:49;366;6.481353577472956e-06;7.036128782958626e-06;3.098500713328368e-05;8.467190641877922e-06;1.0736938511451461e-05;3.985712206338638e-06;4.679885873896823e-06;5.987792288987169e-06;3.2253318092271983e-06;4.234668337685124e-06;6.2649720320641995e-06;6.885709344120724e-06;2.939955423028354e-06;1.4754666127911067e-05;5.61341851046393e-06;9.04689030777044e-06;1.149842061254909e-05;4.739559345361607e-06;5.637318894560515e-06;6.7992389205433545e-06;3.4764480610244357e-06;4.78515051016282e-06;6.630776987307561e-06;7.40570610531317e-06;3.0678316758744987e-06;1.4965252243592094e-05;6.380950360006507e-06;8.855335233809195e-06;6.147859525029511e-05;0.00012120465801963947;9.576108682686537e-05;4.079814774403702e-05;1.1590482905905316e-05;8.089155278116038e-07;1.9378313367771957e-05;1.751363407291848e-06;6.782669342709845e-07;7.347959956233046e-06;2.166960425473198e-06
16:53:34;367;5.377232520748459e-06;5.924804076752066e-06;1.6804698956954144e-05;3.2791070515065197e-06;4.58319283615858e-06;5.174297805413372e-06;5.407421411004779e-06;1.1815392507618196e-05;2.8275399508650234e-06;4.926661821775207e-06;9.584664634329245e-06;5.9729154018710195e-06;2.6192071230274845e-06;4.835893656589136e-06;3.5004942613235035e-06;3.497390169493745e-06;5.4610422979104566e-06;5.677218286098052e-06;6.245985177078113e-06;1.3042708446788954e-05;3.132012372727239e-06;5.5782314586993585e-06;1.0260391229190024e-05;6.518151011836311e-06;2.6077815722532297e-06;5.2644612377996136e-06;3.8122733586314546e-06;7.713690002843674e-06;2.3183424662600764e-05;5.7766066287759125e-05;4.0641457588541093e-05;3.1536955290931636e-05;1.0833514389103646e-05;5.404171009840712e-07;1.9294410161953157e-05;1.3682504388191597e-06;1.0335484366569878e-06;5.990801971346315e-06;1.7538511519100573e-06
16:56:18;368;5.328983857178958e-06;5.840979052732973e-06;2.7320466378072272e-05;6.9397341668775425e-06;8.009440629114744e-06;6.413009447925333e-06;4.544574512266308e-06;7.86172918119312e-06;3.667511328812752e-06;5.405438654742573e-06;6.579666225354169e-06;3.5122486218791043e-06;3.555878142239263e-06;4.2841118860921634e-06;3.1744617481747768e-06;7.197792421743831e-06;8.73687448675591e-06;6.940227186083875e-06;5.291595309958948e-06;8.96841522515825e-06;3.862692843724773e-06;6.11650444291546e-06;7.350379792690466e-06;4.00200827796284e-06;3.6584717748420317e-06;4.5322635511943596e-06;3.434520930902262e-06;7.893972333546754e-06;2.640955291736345e-05;0.00012939175167129947;8.313979957979261e-05;3.30208439977503e-05;1.4667676509150433e-05;9.173452719760004e-07;2.092536332556945e-05;1.615557672646126e-06;6.737933306282462e-07;6.396043352021332e-06;2.793896575123013e-06
16:59:02;369;6.081279167992968e-06;6.636860067788526e-06;2.3191416612679266e-05;1.0510937158869638e-05;5.271004119642632e-06;5.4214707364249906e-06;8.31999552210825e-06;1.7344890391190017e-05;3.1437128318727177e-06;4.28673537055214e-06;4.503192389325829e-06;4.657848323445664e-06;2.1955940769722493e-06;4.117120194344827e-06;3.202846785687153e-06;1.0918965092313084e-05;6.182259145549047e-06;5.966563715941724e-06;9.285643483065232e-06;1.832567926888985e-05;3.329707681851814e-06;4.9946620262594884e-06;5.2443907015567905e-06;5.070937763603185e-06;2.3345219362822773e-06;4.443809132945843e-06;3.5451790591662445e-06;7.378564282833516e-06;3.326487095351899e-05;6.904521503960053e-05;9.79260532994685e-05;2.8714599065761207e-05;1.1451416518494456e-05;8.965549762397077e-07;1.923380327989067e-05;1.4322039863292935e-06;7.016003730619794e-07;6.3108966492559e-06;1.9412209276964537e-06
17:01:47;370;4.779449919955038e-06;5.3492510601302725e-06;1.9230861011003536e-05;4.740825780593448e-06;9.2623581706293e-06;3.924041769662071e-06;3.913449271147391e-06;3.167736920772768e-06;7.659809842731523e-06;2.627471752493126e-06;3.592959570268435e-06;5.943611333688895e-06;5.4742152102640125e-06;3.4372982931074603e-06;3.6096192682128443e-06;4.967424902018518e-06;9.88652220280816e-06;4.617008529104295e-06;5.076591444580854e-06;4.021785718025426e-06;8.173241785468086e-06;3.164245914042941e-06;4.411305723541646e-06;6.426837185417638e-06;5.615256749122268e-06;3.869461553694225e-06;3.961330189149866e-06;8.502784073361778e-06;2.4023674970676807e-05;8.277572716982241e-05;2.6055545407642335e-05;3.84229565446175e-05;2.1741360268077087e-05;7.461252376792814e-07;1.7444582526896956e-05;1.9225040308357156e-06;6.950277167928293e-07;6.369931653949316e-06;2.070112531690388e-06
17:04:31;371;5.077742386561113e-06;5.628920467942511e-06;1.5735150224196175e-05;7.928334165993336e-06;4.5399748820138734e-06;6.000093947991755e-06;5.467380191248594e-06;8.232324160543799e-06;4.777578504124656e-06;2.6873318435992712e-06;4.6364802269817e-06;5.0075349862636775e-06;2.0561371832625044e-06;3.517406232460148e-06;6.082330271278186e-06;8.273489917963715e-06;5.360196051766206e-06;6.519402188731172e-06;6.699301104186194e-06;9.06203181732997e-06;5.048467309728649e-06;3.108902603079387e-06;5.155926667416507e-06;5.491973170828254e-06;2.259168397784701e-06;3.926963311446171e-06;6.641221204253144e-06;6.662837952284523e-06;4.6635870575365124e-05;2.302712952283827e-05;3.830427986465872e-05;3.3209857573592725e-05;7.797441442764479e-06;2.5256658222250746e-06;1.9134251002738834e-05;3.1658103328827295e-06;7.766957972754402e-07;6.14248292707166e-06;1.4394798766565348e-06
17:07:15;372;4.111150366722685e-06;4.6965113781454095e-06;2.190340856001558e-05;4.724988695737796e-06;5.009741809916787e-06;5.968311684382983e-06;8.814467831347821e-06;3.537195174662212e-06;2.8277073731430846e-06;1.8275417643855782e-06;5.825671756069668e-06;3.3246395724520736e-06;2.2789012955503165e-06;2.5061770724154155e-06;2.688458616294621e-06;4.9316726393884935e-06;5.757512291916388e-06;6.704144054103519e-06;1.0494973398463231e-05;4.462886987381307e-06;3.067571107081515e-06;2.1322834924566322e-06;6.534485479117197e-06;3.873775805131336e-06;2.430795739546508e-06;3.0017265270878024e-06;2.9663073280373073e-06;1.0913310449740619e-05;2.4983882111611675e-05;9.923390737233534e-05;2.959110918707156e-05;4.473456893639057e-05;1.0992141508298473e-05;5.762566189403492e-07;3.238030111283802e-05;1.408652691217936e-06;6.827229259948122e-07;5.81840386468059e-06;1.5256459410669926e-06
17:09:59;373;4.872055603884333e-06;5.509371194305839e-06;4.2399594304341896e-05;6.576639202681246e-06;4.420081656000073e-06;3.911103007681049e-06;1.4386441793331786e-05;3.5012377041257734e-06;1.965518471213169e-06;2.4148360407074487e-06;3.3570815281597728e-06;3.180842528361826e-06;3.3855783130511763e-06;5.665509314215197e-06;5.699795867932587e-06;6.841031698726672e-06;5.286963823316081e-06;4.806335770313759e-06;1.5458984261719786e-05;4.282429955897505e-06;2.3296606410509365e-06;3.089185676074095e-06;4.227459578055747e-06;3.820871396311315e-06;3.539785499429578e-06;6.21447835224968e-06;6.2152653098092755e-06;7.701715921223178e-06;2.2809407229018872e-05;0.00019031073512347513;0.00019709033086009718;3.881001483866929e-05;2.1502116829448536e-05;8.556248362794513e-07;2.019943656596243e-05;1.7660689920286726e-06;6.13495669046191e-07;5.877140094120935e-06;1.2590446927328451e-06
17:12:44;374;4.101856497452548e-06;4.653589735713881e-06;1.8293402010957552e-05;5.740738148770933e-06;4.369501452378637e-06;4.529486292945896e-06;4.135293400315215e-06;3.404773627803014e-06;2.597301902117589e-06;3.316348536715323e-06;3.5825711767694717e-06;2.9003875388672835e-06;2.2833158478296025e-06;5.740667974278453e-06;6.62189035564738e-06;5.948510202939314e-06;5.290494346475418e-06;5.0756247754732245e-06;5.211387418322501e-06;4.268976580752229e-06;2.852359225010942e-06;3.916856391835516e-06;4.2403784178370905e-06;3.429017312233163e-06;2.5130500892408214e-06;6.2020440687958885e-06;6.89437553451689e-06;6.564558464418719e-06;2.450568506050961e-05;4.771859612577236e-05;7.239651475115478e-05;2.635247146790823e-05;1.3460690605189041e-05;1.40181158071884e-06;1.7503070319136885e-05;1.427367450039465e-06;6.621166118130943e-07;6.4017468150346014e-06;1.1261948797950284e-06
17:15:28;375;3.744316184459897e-06;4.2705526890200375e-06;2.383084044514068e-05;3.756758752486307e-06;3.9621113007047946e-06;3.965594969331092e-06;3.506714322234281e-06;6.191465366420991e-06;2.023440764679792e-06;4.429689735019338e-06;3.4282449822791765e-06;3.182392736404567e-06;2.9035614362142455e-06;3.554537543496136e-06;4.027281098343978e-06;3.927082498424319e-06;4.689122873440029e-06;4.7766438594316e-06;4.603127228067392e-06;7.017674985795969e-06;2.231477239973496e-06;4.778976626997214e-06;4.116215329384984e-06;3.7243289956608398e-06;3.068477838761409e-06;3.92089817333853e-06;4.392604693483791e-06;9.79107547918953e-06;3.196289279220097e-05;9.22461106673005e-05;7.0890730487707e-05;3.4894429906800875e-05;1.4826254905664275e-05;5.853372514568331e-07;1.9813346938044162e-05;1.4482340909647224e-06;7.379916995078383e-07;5.8145690165331365e-06;2.959112106318352e-06
17:18:12;376;3.4470369220814105e-06;4.042921094118862e-06;2.387790494154687e-05;4.959409951962615e-06;3.613935337977058e-06;3.730093889360701e-06;3.773876857076692e-06;3.190192927241239e-06;2.065230690946733e-06;4.10340284482593e-06;2.8313324071534267e-06;2.943482468027851e-06;2.4942304231697934e-06;2.9194204216118824e-06;4.739833917839902e-06;5.178565700163423e-06;4.497239658547509e-06;4.650998225540057e-06;4.957578165529044e-06;4.0514354957020815e-06;2.3974373792193145e-06;4.641803841394316e-06;3.411681740245409e-06;3.4001133331636267e-06;2.647779913072727e-06;3.4169929072452794e-06;5.263425245624303e-06;9.03558810038492e-06;2.6642814433553763e-05;0.0001052301715728892;7.195758506597391e-05;3.640484867478756e-05;1.0579125824070735e-05;9.490013283710698e-07;1.6148889260667404e-05;1.3233748600574172e-06;4.7155516913710204e-07;6.4516908915098025e-06;1.3402141171595145e-06
17:20:57;377;3.253532687223655e-06;3.863053078458517e-06;1.6657911705758547e-05;3.477056682334798e-06;3.692977334036517e-06;2.634963901697192e-06;4.862966657400007e-06;2.4334989976247035e-06;3.0310319324332693e-06;1.8804811250787297e-06;4.357693931276365e-06;4.385970435808159e-06;1.7188640893647547e-06;2.3034784508914963e-06;4.263407752734917e-06;3.850607023380263e-06;4.67861917669221e-06;3.5252646941006775e-06;6.016722625046688e-06;3.311687007076619e-06;3.2254640959590803e-06;2.398367793738302e-06;5.07020383303848e-06;4.821995265887427e-06;1.8913206004877861e-06;2.8264813967256534e-06;4.739902101103821e-06;8.077065657832496e-06;2.3409914710446763e-05;5.8668128690626394e-05;3.636028160853898e-05;3.188267789194401e-05;1.1195925426285996e-05;7.744864772475065e-07;1.932856521257486e-05;1.3099597317947063e-06;5.642094189471781e-07;6.897159023350456e-06;1.4265666195132198e-06
17:23:41;378;2.5918842441993464e-06;3.1650753717718843e-06;1.530557278937027e-05;4.2535027472726226e-06;3.033935797702725e-06;3.5520691191625144e-06;3.3444902453151246e-06;2.4190597200531143e-06;1.5273256484992326e-06;1.4872414549187014e-06;2.7064688079357002e-06;2.4205856721047003e-06;2.1609789904175614e-06;2.046272949388336e-06;2.150678888151509e-06;4.52478848907233e-06;3.864093641132518e-06;4.2307632686314245e-06;4.492476335466954e-06;3.351783656790194e-06;1.8687955481496669e-06;1.9009713084898654e-06;3.4332929691474786e-06;2.932922778004295e-06;2.383024541848476e-06;2.5148530329704356e-06;2.4831380619328724e-06;8.020179304798867e-06;2.5038476815616924e-05;3.596948287244319e-05;3.1153657978472e-05;4.2134914207230494e-05;1.1070460439662574e-05;1.6272184641724035e-06;1.7876740710264384e-05;2.7537840866217072e-06;5.135329276505386e-07;6.129728270799749e-06;1.3786973947104058e-06
17:26:25;379;3.2986208412017444e-06;3.901115071959241e-06;1.867234818291186e-05;2.869675030290544e-06;4.154585819290705e-06;5.021600457475663e-06;4.076523754357388e-06;2.902195626768906e-06;1.4652910392114067e-06;2.039081810794647e-06;6.703816245396348e-06;3.950601515579809e-06;2.045556788520354e-06;1.9582293867256597e-06;2.3962917985252053e-06;3.235475715779172e-06;5.035942275396879e-06;6.07798908357479e-06;5.2171771119303025e-06;3.6348653707194254e-06;1.7516375677748525e-06;2.6170613431290056e-06;7.392316547338851e-06;4.498320834764981e-06;2.262662932584066e-06;2.43370581175222e-06;2.6562248908530934e-06;7.978040133245814e-06;4.139038238717713e-05;5.0820080663204026e-05;4.27197836048954e-05;3.7781668368141725e-05;1.0875989753832816e-05;7.626376701744132e-07;2.126050876187281e-05;1.8753526768193718e-06;5.729330262459305e-07;6.617301241147828e-06;1.413499908185013e-06
17:29:10;380;2.1678358707336285e-06;2.7677719365012214e-06;1.6564760133248123e-05;2.294277249959009e-06;3.35223849842495e-06;2.599606910826744e-06;2.77532601910092e-06;2.561302236646735e-06;1.3594516910166796e-06;1.0799135433165412e-06;2.751349762807432e-06;2.1439934918341597e-06;1.4657421044975392e-06;1.6418099341467238e-06;1.989018205250659e-06;2.5747910694342035e-06;4.241412196716749e-06;3.443717574394018e-06;3.927632676521493e-06;3.339166855594273e-06;1.6761124916689667e-06;1.5376814841849548e-06;3.467456430877939e-06;2.755975263518181e-06;1.7472213003893096e-06;2.159137781308334e-06;2.3429575082756646e-06;6.795626223906162e-06;2.746341178482112e-05;4.733413034223579e-05;4.273393463207408e-05;3.5238892767778463e-05;1.185092933643811e-05;9.547721254125024e-07;1.6495329594509827e-05;1.4695650150787551e-06;4.905085071899705e-07;6.252447627034464e-06;1.6975736424982717e-06
17:31:54;381;2.59906056208272e-06;3.1854587511669347e-06;2.1833006367534313e-05;3.384092353090037e-06;2.9425790691368032e-06;2.8457444480070846e-06;4.32957421962628e-06;2.2939068196463226e-06;1.61545621057968e-06;1.480012870480607e-06;2.398217249838746e-06;4.17901736553135e-06;1.3497993245953859e-06;2.330242141791349e-06;2.0400836640212883e-06;3.6266334535855406e-06;3.834395240027092e-06;3.673270010592746e-06;5.494943663990531e-06;3.122423489498309e-06;1.8414470180030986e-06;1.9116104573485348e-06;3.080348129008633e-06;4.852571674757799e-06;1.5601907980914192e-06;2.8742638220782155e-06;2.3534066079989743e-06;8.610796417775662e-06;2.4771778594319e-05;7.342699199585803e-05;7.71317463844578e-05;3.7562023735785544e-05;1.3959210833042381e-05;7.51338902381693e-07;1.6481900048169235e-05;1.6267669159901025e-06;5.02437458911236e-07;5.720996363290423e-06;1.4500887604306095e-06
17:34:39;382;2.3346681685283825e-06;2.9595519669173075e-06;1.972660270186677e-05;2.7812242550207986e-06;2.4517657158637265e-06;2.591651725871522e-06;2.7406423525762462e-06;3.0778460278213515e-06;1.9496811005255537e-06;2.4941156336989354e-06;3.0742251194805124e-06;1.8112627393081353e-06;1.3575342534947894e-06;1.7606032376640066e-06;1.9254649609672985e-06;3.0489768476722413e-06;3.3075158441959822e-06;3.475586431359491e-06;3.865436535963017e-06;4.1437935198954145e-06;2.242630762770826e-06;3.055386442507439e-06;3.852993741826209e-06;2.4109866484926713e-06;1.5938538139599138e-06;2.2679253854935098e-06;2.2495366618133195e-06;8.529847514323338e-06;3.7573859429785064e-05;6.62737964724648e-05;5.0410721815286416e-05;3.409401395551067e-05;1.0342828015313458e-05;6.905372888321082e-07;1.845893163465269e-05;1.5914885697443629e-06;5.015051770733455e-07;6.4477880973005085e-06;1.8039144521145128e-06
17:37:23;383;2.002352660083902e-06;2.5853748089111486e-06;1.908755687449889e-05;2.296817091911924e-06;2.3522633059966127e-06;2.272370335696585e-06;2.602096700695969e-06;2.0410666430527935e-06;1.5934181529786429e-06;1.2666197262751149e-06;3.356032133245373e-06;1.9466543207290567e-06;1.201973690599025e-06;1.6235488199905552e-06;1.4753701807731803e-06;2.5920297456984453e-06;3.253575201436238e-06;3.063971240707464e-06;3.755340012042935e-06;2.868397841724155e-06;1.8231517549770327e-06;1.7320532168912307e-06;4.005557106142124e-06;2.538965838562323e-06;1.4644173183678734e-06;2.100426719394657e-06;1.82661090870561e-06;7.490333096076937e-06;3.122875640892786e-05;6.309977857284752e-05;5.4030241522314575e-05;3.2315328294179905e-05;1.281593189493695e-05;8.35644408058618e-07;1.700943201632408e-05;1.8605449842246343e-06;5.079257140922938e-07;6.025097103819595e-06;1.8316684781837473e-06
17:40:07;384;1.9688453237036314e-06;2.544951283635794e-06;2.1469190614826217e-05;2.814312215997978e-06;2.5883825555633226e-06;2.523759554310087e-06;2.475759296965469e-06;1.8513686264043372e-06;1.2010849126588916e-06;1.027937640139178e-06;2.3191355951594645e-06;1.9489749497513356e-06;1.2048813550920427e-06;2.1452226346822685e-06;1.5253237377812277e-06;3.1265838319823276e-06;3.4320265985104327e-06;3.3614639528710955e-06;3.5562224748221674e-06;2.66761756830431e-06;1.45518593491275e-06;1.443385355563621e-06;3.0852413544115606e-06;2.5245383111251626e-06;1.4752387698271251e-06;2.52181551136173e-06;1.8900947858312548e-06;7.375438444765e-06;3.5908451085356014e-05;6.76289230716632e-05;6.71000844026766e-05;3.6779022116049126e-05;1.3321594891125988e-05;7.946702610186526e-07;1.8289507345109613e-05;2.052917958311652e-06;4.851276475763869e-07;6.156699014138256e-06;1.737851140124152e-06
17:42:52;385;2.0264635020533266e-06;2.644291737540905e-06;2.9506885347154542e-05;1.5491627961853025e-06;2.311674316372732e-06;2.6759670728182527e-06;3.0698771096899176e-06;1.9320384844302327e-06;1.140350837677576e-06;1.4021489564167409e-06;3.3985886728709662e-06;2.528586217500426e-06;1.1125227389834953e-06;1.662387877455661e-06;1.5342561266703827e-06;1.8376843952496471e-06;3.2109084161134034e-06;3.557921459853592e-06;4.268621906600016e-06;2.8390556660926014e-06;1.376965056069706e-06;1.912277122001693e-06;4.170022239007647e-06;3.0790745097563768e-06;1.392577909099819e-06;2.1650510323617043e-06;1.921340843274507e-06;8.20004180374314e-06;4.00597590632412e-05;0.00012073477689315269;0.0001080467209732026;3.428174753043018e-05;1.2451709410063172e-05;1.00123870255366e-06;1.984219620232785e-05;1.5807623148025278e-06;5.27643472056853e-07;5.781891152916319e-06;1.5741366473642955e-06
17:45:36;386;1.853812959302042e-06;2.4545815213520044e-06;1.8749251943116187e-05;2.2125072516713957e-06;2.3416409399795217e-06;2.0373106392216043e-06;2.3498616876984424e-06;1.7079641883425851e-06;1.2371087036394164e-06;1.1549246196164054e-06;2.658776077524294e-06;2.3654757415866614e-06;1.0659341828594455e-06;1.500786310660761e-06;1.6134645878745408e-06;2.507324510692273e-06;3.207765521898481e-06;2.9043363205162195e-06;3.513741335788111e-06;2.5730799803522465e-06;1.4890024344880013e-06;1.6692763841127066e-06;3.4239621147461074e-06;2.9371616320428143e-06;1.321901524096563e-06;1.9728498310668546e-06;1.9345755554586273e-06;7.530812404931609e-06;3.987474126395727e-05;4.84862114080675e-05;5.463324472717858e-05;3.559884634070066e-05;1.0059857711870517e-05;1.0802553542415764e-06;1.7564988963760765e-05;2.05969721403501e-06;4.781066916148917e-07;6.043517219092518e-06;1.5807440179432881e-06
17:48:20;387;1.9538055522551967e-06;2.559914445889343e-06;1.9072531382892074e-05;2.3416544593469655e-06;2.3444953687536762e-06;2.2259388790372854e-06;2.2783127449279372e-06;1.5791016268322395e-06;1.1594145614488773e-06;1.4569941294663058e-06;3.190552301226355e-06;2.2915692690487917e-06;1.37298751349975e-06;1.4676001977323692e-06;1.737044850019293e-06;2.69383515905811e-06;3.2191027762967713e-06;3.069105889464274e-06;3.4287521873322266e-06;2.446296450584726e-06;1.4037957793668365e-06;1.999391522847965e-06;3.8737892029093005e-06;2.8630364179466426e-06;1.6907238492836493e-06;1.9634084039836714e-06;2.0677350014149758e-06;7.729191305473699e-06;3.523759498910199e-05;5.5927512778267013e-05;5.342274307006027e-05;3.5964307038869444e-05;1.1557535285531496e-05;1.0583737310418491e-06;1.793550093022424e-05;1.756582526778016e-06;5.035309928007081e-07;6.069818757330012e-06;1.7076851892261433e-06
17:51:05;388;1.7652608872835303e-06;2.366938064415656e-06;1.944636843798829e-05;2.3526752562281157e-06;2.296895044586542e-06;2.146194375027025e-06;2.233911961272125e-06;1.5290493319174525e-06;1.1062424534393565e-06;1.0265117323836714e-06;2.3793522263559908e-06;2.1917082716785528e-06;1.1186929447439617e-06;1.4528529984726324e-06;1.3490434770895894e-06;2.639892064116448e-06;3.1703414151706966e-06;3.0408786291376647e-06;3.378570946678556e-06;2.3917125806488173e-06;1.3607179254639833e-06;1.5411728451068437e-06;3.085497785867096e-06;2.781897419596664e-06;1.3873117469774105e-06;1.941522771032189e-06;1.683739591948025e-06;7.856290165000672e-06;3.620572877270486e-05;5.543919042909752e-05;5.7940240920156415e-05;3.5468033415711834e-05;1.2205295613779543e-05;1.0648894612636254e-06;1.7284096082161957e-05;1.7545618158482239e-06;4.848360001383381e-07;5.9254933091776936e-06;1.7277652708187802e-06
17:53:49;389;1.749445185727051e-06;2.3518251003259117e-06;1.9738144561630315e-05;2.0870173463355908e-06;2.224939577708731e-06;2.1810648464666698e-06;2.2333287757318616e-06;1.535632244556692e-06;1.0800395916600214e-06;1.1202729080152871e-06;2.5966044498398393e-06;2.029152463349378e-06;1.0200449554919155e-06;1.399693033557722e-06;1.485551606011432e-06;2.4156051964221464e-06;3.102476509261981e-06;3.0433627772035373e-06;3.3637606183899002e-06;2.407895555181681e-06;1.341077110357472e-06;1.6322227417754509e-06;3.3006002882481154e-06;2.604251295175529e-06;1.3017761548211109e-06;1.895804557592138e-06;1.813067407240425e-06;7.793230182645161e-06;3.560989189836865e-05;6.0032026193597994e-05;5.834211687662722e-05;3.507823049806191e-05;1.153272070084666e-05;9.747037143053144e-07;1.751836425603805e-05;1.761260821236192e-06;4.843094409812877e-07;6.034388815676251e-06;1.6964913411791576e-06
17:56:33;390;1.7427745060416555e-06;2.345298183552333e-06;1.939902580451159e-05;2.1612405098701193e-06;2.215236329887334e-06;2.062568804074193e-06;2.2185975479386983e-06;1.5403718189462139e-06;1.054098593946471e-06;1.115360028982402e-06;2.647985355511392e-06;2.072836371557297e-06;1.0422788042742004e-06;1.3875515967724668e-06;1.3951678287811702e-06;2.472482570231512e-06;3.078000231020085e-06;2.9367539021142324e-06;3.350974206505616e-06;2.3970779719530596e-06;1.3069831242365248e-06;1.6300030019517146e-06;3.3624216335231756e-06;2.6827889587942e-06;1.3106509005076906e-06;1.8878383999907772e-06;1.7276026132025483e-06;7.705484404796223e-06;3.620255481963099e-05;5.8692821801500677e-05;5.5023049044375526e-05;3.5100227726257217e-05;1.15919035099652e-05;9.449451484472654e-07;1.7624771589072907e-05;1.7339703619485517e-06;4.910862369422506e-07;6.042460381587515e-06;1.6350346296147623e-06
17:59:18;391;5.951879057487407e-06;6.5223495962700215e-06;2.9658390703869197e-05;1.1400907109372259e-05;6.2403737679517235e-06;4.800940536917799e-06;7.065490139139414e-06;5.846477372854637e-06;4.7105156087664826e-06;2.918462639717683e-06;8.600467277181616e-06;4.037390151655597e-06;5.382973589782771e-06;5.072264659198502e-06;5.34628414072813e-06;1.1431302591748285e-05;7.087328148246124e-06;5.520607866073297e-06;8.327675240701566e-06;6.721437053968231e-06;4.850186084545788e-06;3.5799382759032135e-06;9.301483668757182e-06;4.52805850531886e-06;5.335421839177636e-06;5.746997813626946e-06;5.837755343006243e-06;7.34321156735182e-06;3.2322179980306395e-05;9.599313059647531e-05;0.00011117012384381345;4.142495369892754e-05;3.306985255331004e-05;8.023442163371801e-07;2.2478257079856467e-05;1.9255572620186504e-06;7.267839217863344e-07;6.209864936007663e-06;2.43442879023955e-06
18:02:02;392;5.6592070594971036e-06;6.195176249807273e-06;2.202367244923975e-05;5.856198220819599e-06;1.2753157694657023e-05;1.0129429539838178e-05;4.777360504768715e-06;5.1174544417811125e-06;4.18115388453347e-06;1.930553711156206e-06;7.512020217022424e-06;4.0754208447553575e-06;2.622616796863688e-06;5.067808512070439e-06;3.8873085931615234e-06;6.266425592727927e-06;1.3832288183223256e-05;1.0557928656257727e-05;5.849920459200526e-06;5.843113320201777e-06;4.487279790702837e-06;2.374031671939819e-06;8.113697201880786e-06;4.817639836789878e-06;2.7535865030263783e-06;5.2523799447815785e-06;4.193821896363641e-06;9.18452079094821e-06;3.455642311323362e-05;6.398001982290525e-05;6.347784329050627e-05;3.925107947966113e-05;1.9246046238973318e-05;7.932619165755519e-07;2.268279283655152e-05;2.2788278335942946e-06;6.330576365932853e-07;6.608335674863897e-06;1.5918607564706845e-06
18:04:46;393;7.063174652831673e-06;7.711177774201385e-06;2.3748310611149503e-05;5.047988309056254e-06;5.57349703585301e-06;5.06175148309105e-06;9.824704370942072e-06;3.881597143424125e-06;4.738326906435346e-06;8.154114685768574e-06;1.5011909393468738e-05;9.721561858875496e-06;5.055909418804173e-06;4.811114296772572e-06;7.875618810518601e-06;5.383170008815197e-06;6.556987149382667e-06;5.802095270328094e-06;1.0989194926210824e-05;4.551769740218436e-06;5.22033625616765e-06;9.080145710994876e-06;1.535534841112374e-05;1.0242248605853874e-05;5.724940500598839e-06;5.481097427428157e-06;8.146796574957207e-06;7.35510248342101e-06;4.176055734659837e-05;4.3362523009768783e-05;9.445913092027736e-05;3.640710373884189e-05;2.6395426346367428e-05;1.8211343054547327e-06;2.166981316194146e-05;1.499810925768342e-06;6.218771739430703e-07;6.884253605533123e-06;2.742994315878433e-06
18:07:31;394;3.850862226913292e-06;4.413687249808978e-06;1.6779453641634212e-05;5.038871805140843e-06;5.546664333812921e-06;3.4325934742699102e-06;3.88353957993879e-06;2.929050246145628e-06;2.6677533174858e-06;3.6143055024821664e-06;3.236829486300249e-06;5.614440511695048e-06;2.215935570956421e-06;3.1437199196979937e-06;4.886641685560149e-06;5.4538548577315676e-06;6.2053343788624884e-06;4.245663077095811e-06;4.979647713563408e-06;3.7558641529761223e-06;2.992505138720418e-06;4.2480205478039096e-06;3.848963554941569e-06;6.014073195026729e-06;2.446047788689151e-06;3.6683132414429014e-06;5.105957554889434e-06;9.097543639902663e-06;1.5586538381148703e-05;6.199969841258373e-05;4.0584297510650525e-05;3.6443863514205714e-05;1.206854773472598e-05;5.896732285620513e-07;1.4425241435315057e-05;1.9618046111309804e-06;5.700607215699975e-07;6.5742143684631865e-06;1.4519601413519398e-06
18:10:15;395;6.3858190841870055e-06;6.930780480477644e-06;1.631169206587681e-05;3.1173630626374855e-06;9.658388383374215e-06;5.910530216691644e-06;5.8214634024848655e-06;1.0059980403941505e-05;5.714958071223464e-06;3.843027546776315e-06;4.023707594184729e-06;1.2811975429501258e-05;7.593408280180049e-06;3.7074098050931585e-06;4.36761492362724e-06;3.435428402266138e-06;1.0577231449455603e-05;6.720804920612725e-06;6.952786289051041e-06;1.0670131474928237e-05;6.111859806015339e-06;4.386916375436538e-06;4.617750460919858e-06;1.3155226687432113e-05;7.765707608351604e-06;4.125035873792374e-06;4.650484358155408e-06;6.966103568598064e-06;5.741832216288779e-05;2.113880414770818e-05;2.9177905101097022e-05;3.396618009267451e-05;1.5962342586944104e-05;1.7044676391047472e-06;1.640607077008299e-05;1.5010924641333337e-06;5.087278872310126e-07;6.551396784310756e-06;4.438891585749297e-06
18:12:59;396;6.06948130607324e-06;6.590824940056198e-06;1.824005328331789e-05;8.373461644788966e-06;1.1331905541438077e-05;1.0361048531783787e-05;4.947174948972071e-06;5.2102772401176685e-06;2.8515378086266e-06;2.7566053712811045e-06;4.042847797142651e-06;1.1687697336009768e-05;2.998294001279398e-06;3.750948719465958e-06;4.521974709348342e-06;8.596458981260127e-06;1.2439063671599452e-05;1.1189154157605866e-05;6.087605435846232e-06;5.8616897293384545e-06;2.9996777305348566e-06;3.2235988014748083e-06;4.545927255623864e-06;1.1939763162790538e-05;3.2542780321749935e-06;4.115850291022577e-06;4.836829878548064e-06;6.80396793589881e-06;2.7552178126577788e-05;4.378096565195045e-05;6.343125563873724e-05;3.928225263537646e-05;1.0391334364565687e-05;4.2788193582027525e-07;1.687627396974779e-05;1.2875974009627233e-06;6.433348984493792e-07;6.201108252999146e-06;2.202488588728938e-06
18:15:44;397;4.369710029614928e-06;4.920398554577908e-06;1.9295133514939018e-05;6.906322106203788e-06;5.6691430765971e-06;3.7787098744569323e-06;4.939954865531862e-06;3.022666860888731e-06;2.467379147704078e-06;2.3836355665032083e-06;5.691875095369493e-06;7.33620223704954e-06;2.1913529386226442e-06;5.496203128982105e-06;2.553073699764561e-06;7.111911893648367e-06;6.470798976069885e-06;4.616915746253975e-06;6.021849855377569e-06;3.93659452935095e-06;2.7631363916699703e-06;3.183543109243365e-06;6.193907234152407e-06;7.771929625660856e-06;2.3229552287467657e-06;5.845617694451247e-06;2.805620285091462e-06;9.430351063884626e-06;4.735356684349581e-05;4.9733360708852984e-05;5.60902447626857e-05;3.215199940132021e-05;1.1199802912488678e-05;9.794803097409393e-07;1.4860680238632273e-05;1.560997904691212e-06;8.56238137130772e-07;5.5716468086936155e-06;1.7532330876514285e-06
18:18:28;398;4.998724117461444e-06;5.581369460063037e-06;2.341730062919237e-05;3.1810892321909083e-06;9.827615227467588e-06;3.895125659751515e-06;4.631619771670743e-06;2.890531420521566e-06;5.289519288353972e-06;2.5483577809575824e-06;1.1151825990328813e-05;6.2937054737104025e-06;3.93691046227864e-06;2.8393362692921444e-06;3.4990510363092593e-06;3.6138374675426314e-06;1.0514902367250688e-05;4.726233716806009e-06;5.911606399134639e-06;3.7665026319458937e-06;5.597734625668256e-06;2.9051779571275375e-06;1.19104200546391e-05;6.87113458608812e-06;4.163556134618732e-06;3.2927398853091657e-06;3.7025859029786778e-06;6.087081363986503e-06;7.970876532856902e-05;5.628777709346607e-05;5.2578189336360884e-05;3.725779577022995e-05;1.893641736508484e-05;5.640105216853548e-07;1.8568557079604972e-05;1.5428725347861944e-06;5.716466718865034e-07;6.925934483114781e-06;1.978560001533403e-06
18:21:12;399;4.204875977429558e-06;4.757931964365836e-06;2.0258667602470347e-05;2.8894638240860684e-06;4.881587814057039e-06;3.5794469355401115e-06;8.732424613552583e-06;4.400048614431026e-06;3.529523908373345e-06;2.309335094142672e-06;6.842143425571252e-06;3.1084687528639487e-06;2.376882898341199e-06;4.46961731787548e-06;3.3395668785503445e-06;3.2951505931169444e-06;5.5958233196743325e-06;4.307025527609019e-06;1.0021388282473686e-05;5.350147833418811e-06;3.7690400847479186e-06;2.7030793178917383e-06;7.588038477456106e-06;3.554157193677752e-06;2.488287658350232e-06;4.801604504043294e-06;3.6214387882519307e-06;6.629205807353549e-06;2.330957388426094e-05;5.442685204063218e-05;6.208982047505047e-05;4.295177785385135e-05;1.1156729693528631e-05;7.524506123294201e-07;3.06541685953783e-05;2.8610881384343394e-06;5.772577516508309e-07;6.6196849741521545e-06;1.0754014030219648e-06
18:23:57;400;5.237309105025774e-06;5.740912099640752e-06;2.964378180480401e-05;5.0909685947301986e-06;8.45781752448457e-06;5.8880953300967e-06;5.832999498845869e-06;4.426928734702074e-06;6.1733972490752755e-06;5.35738024448113e-06;4.844497568192517e-06;3.82125756330383e-06;5.150513506438611e-06;5.016341865691422e-06;2.7875094727004455e-06;5.276674695364185e-06;9.409393044999106e-06;6.670333447535869e-06;7.257066275237373e-06;5.185010667434964e-06;6.374240629041576e-06;5.7451461630022736e-06;5.22159414202501e-06;4.1309145079231955e-06;4.931341453800398e-06;5.579039323124504e-06;3.1101887595434185e-06;1.0391036973638106e-05;4.306805375847811e-05;0.00015551090996983495;5.027078413845195e-05;4.5942146155775174e-05;2.201904786649137e-05;7.736025488451226e-07;1.643962800298891e-05;1.5304508070780413e-06;6.813346993280388e-07;7.468689116177409e-06;1.629697620560877e-06
18:26:41;401;3.4802986012297508e-06;4.087024092458003e-06;1.645484467676673e-05;2.263788508084407e-06;5.593220604732158e-06;4.165261004309493e-06;5.869913082147026e-06;3.2524770585886453e-06;2.758238659048764e-06;2.0301614085192132e-06;2.7786983686116753e-06;3.035294997324265e-06;3.13175503001291e-06;3.7721593409271876e-06;3.1126141326609513e-06;2.5633606839297107e-06;6.534761951115797e-06;5.034989392617165e-06;7.1308691018847516e-06;4.29950835242852e-06;3.0283896551195595e-06;2.354582783240564e-06;3.500901909860601e-06;3.6328576928248875e-06;3.383134252878416e-06;4.1050842323957e-06;3.4758473009189192e-06;7.304126008008769e-06;2.944113142746178e-05;5.718288219338578e-05;3.1248310543680035e-05;3.4089656545749616e-05;9.448694667322058e-06;8.176435700853751e-07;1.7276360348625276e-05;1.5564492246744405e-06;5.267288327137427e-07;7.122815166356432e-06;1.4433375931373687e-06
18:29:25;402;3.6431806278032623e-06;4.166419218183618e-06;1.6865573866790858e-05;2.849297737548475e-06;4.830350988850217e-06;3.255623173876126e-06;5.160530002838599e-06;4.830216740843567e-06;2.77315151480712e-06;1.923609207678887e-06;3.7474449369896816e-06;5.598184070976231e-06;2.0116048870280876e-06;4.08021082746886e-06;2.6579423575221672e-06;3.2136917087870954e-06;5.573713319272774e-06;3.992214159771271e-06;6.266534188122207e-06;5.6106760761786405e-06;3.063175234251215e-06;2.3725862833883564e-06;4.27681043565596e-06;6.031373010345409e-06;2.278600503284653e-06;4.4273243025899426e-06;2.8903298085378416e-06;7.0608358944366855e-06;3.31916026249029e-05;4.384881128571459e-05;3.0823363670236963e-05;3.981472914380496e-05;1.783536967374923e-05;8.74626712054594e-07;1.7454022662930024e-05;1.3678543846978831e-06;5.501781084173528e-07;7.321267742585578e-06;2.244224497959534e-06
18:32:10;403;3.946489446026259e-06;4.5470730894314466e-06;1.5789355251376338e-05;6.879351073443083e-06;5.179535670988984e-06;3.134535518256598e-06;8.700351222498428e-06;3.435057734015665e-06;2.8936970532875894e-06;3.0073702124155943e-06;3.4276980197231213e-06;3.0839063002668414e-06;1.9757740750944466e-06;3.1640629487774485e-06;2.4765319433971524e-06;7.102651412838619e-06;6.060378975142825e-06;3.940123175957927e-06;9.883106261590508e-06;4.404585271476197e-06;3.1670062750741128e-06;3.7086037013114614e-06;4.129594097183236e-06;3.549610390777322e-06;2.215910600642917e-06;3.517756392249817e-06;2.8855487546278236e-06;7.614887451618835e-06;1.9915544608548388e-05;5.539206159985958e-05;2.805184230285035e-05;4.150398950886473e-05;1.0913066413847946e-05;8.499402613335515e-07;1.534015386697346e-05;1.4709988056064233e-06;5.820371189924551e-07;6.345007604761323e-06;1.4927334732590025e-06
18:34:54;404;3.2715598346752275e-06;3.849822748254409e-06;3.13466412892556e-05;1.965541322267551e-06;3.4051123934246292e-06;3.2500459296743016e-06;5.043793312221499e-06;2.8014461780659614e-06;1.8232169533308449e-06;2.3097877025984364e-06;2.919101819578238e-06;8.750218308312634e-06;1.620922044102842e-06;2.9759682015653963e-06;2.3935629636701545e-06;2.380765961420308e-06;4.3031048513696565e-06;4.0618407626736166e-06;6.099490076538339e-06;3.5544531708839278e-06;2.1504269720417488e-06;2.8615318777017913e-06;3.6460145007436903e-06;9.185750295267709e-06;1.789126863111016e-06;3.3982352122137265e-06;2.767130988818108e-06;7.08996875021443e-06;2.0631318916387855e-05;0.00015492579622915518;0.0001090002940110725;4.180994531604245e-05;1.4924309739216077e-05;9.255697453363692e-07;1.6645304354068024e-05;1.4486480000728578e-06;6.439974865146175e-07;6.515376572034082e-06;1.5991663509527177e-06
18:37:38;405;3.0421854401264556e-06;3.696839240558491e-06;1.8885086245632146e-05;1.6996470600231945e-06;4.2684733452864005e-06;2.8508820104633514e-06;3.574920330348422e-06;2.6893201196481247e-06;1.513496072227192e-06;4.136247341564441e-06;2.9459402213014774e-06;3.07498013476313e-06;3.2199645442109284e-06;4.470651482144851e-06;2.0617017428231126e-06;2.129705532602605e-06;5.174045805066685e-06;3.664134242804905e-06;4.749995670425949e-06;3.4523575236620028e-06;1.8687036920629354e-06;4.787732862070376e-06;3.7396610026272484e-06;3.684949188948538e-06;3.546367383069658e-06;5.121964106158113e-06;2.4424522927825196e-06;8.635413891173522e-06;4.185741220422371e-05;4.792204797588868e-05;4.245960623790778e-05;3.897393870761982e-05;1.5152777587234109e-05;1.3579036945686808e-06;2.084168950442702e-05;1.7118015682818318e-06;5.524703381561806e-07;5.869818973175315e-06;1.2861542649290814e-06
18:40:23;406;2.94537866096789e-06;3.5507739309501122e-06;2.49171193519606e-05;3.1759012242686553e-06;3.46930610558874e-06;3.3047769957373805e-06;3.7154353126244257e-06;2.787947618866259e-06;2.688408887507876e-06;1.6748467779528007e-06;3.4690730512856116e-06;3.845504080017421e-06;1.7174151242148705e-06;2.705370049679604e-06;2.7905577512593087e-06;3.5091983262864694e-06;4.42148215473866e-06;4.2166372271753105e-06;4.83906789461027e-06;3.5678875905478557e-06;3.0505622451620427e-06;2.176816169479405e-06;4.226034727966917e-06;4.293478241379489e-06;1.9670794455135053e-06;3.174703331613365e-06;3.1663387894292975e-06;8.286307672675428e-06;5.3400214466666916e-05;7.714633770230313e-05;8.200335263180229e-05;3.602518138796866e-05;1.2523424964128937e-05;5.825254900251294e-07;1.8552820914225375e-05;1.5648172808583178e-06;5.73166650028042e-07;6.351873079111615e-06;1.995409983733428e-06
18:43:07;407;2.817895626091885e-06;3.386143229754798e-06;2.1909657277349084e-05;2.4401687989823855e-06;3.83406420664559e-06;2.5436454883408612e-06;5.6855844224979925e-06;2.1445955198373667e-06;3.5304821789271625e-06;2.2028577577805985e-06;2.518311503410783e-06;1.9956145867119157e-06;2.046848854287863e-06;2.045163973850673e-06;2.827409414152271e-06;2.7676116970620638e-06;4.786425115180694e-06;3.313931511923018e-06;6.611448051893304e-06;2.8576522769486196e-06;3.7748934775226176e-06;2.6825550200636467e-06;3.2045087652788216e-06;2.6252187299063205e-06;2.3349547046575624e-06;2.5567111767682207e-06;3.117806891513962e-06;7.2861427854924185e-06;3.991822629987601e-05;6.189691572826397e-05;8.635494724086044e-05;2.8848940943424948e-05;9.647928650989641e-06;1.789165841660348e-06;1.6485351128331776e-05;1.6300076157968495e-06;5.411865800672426e-07;6.655250544873402e-06;1.8618239685520328e-06
18:45:51;408;2.2923945949574174e-06;2.8580548794569134e-06;2.5339084434369475e-05;2.28667963110173e-06;2.740429542604581e-06;3.5754890277608164e-06;2.8229836399808827e-06;2.335890001183636e-06;1.814406490749124e-06;1.5445228003230227e-06;2.3625082580348464e-06;1.8675458937684135e-06;1.7291495143209348e-06;2.3163804585961274e-06;2.1127490330159886e-06;2.5534108032578714e-06;3.6420266456567517e-06;4.311825581611675e-06;3.919552892523514e-06;3.2383203561730163e-06;2.026717129986456e-06;1.9521622890133124e-06;3.0567290840609313e-06;2.3970319935421074e-06;1.9218231848673344e-06;2.782886115169334e-06;2.494171622810761e-06;7.3893114161830265e-06;3.352364763057861e-05;0.00011532282356956367;6.7446286004003e-05;3.8447231988971984e-05;1.3426546630377945e-05;7.431982599413514e-07;1.8329374535386744e-05;1.4965519813903608e-06;5.18852853307802e-07;5.9129695902434805e-06;1.5122187524857935e-06
18:48:36;409;2.7834668637054123e-06;3.347204480483418e-06;1.975020125894422e-05;1.9231005455563635e-06;2.6687019942593016e-06;3.368293790308805e-06;2.9568562103838243e-06;2.2416463000173405e-06;2.274701372393586e-06;2.1990318829717186e-06;3.322100035548074e-06;6.052940219027712e-06;1.632024690178081e-06;2.2367138127905988e-06;2.525490686719226e-06;2.238688905522337e-06;3.555829788972086e-06;4.1540983740468375e-06;4.057581858018515e-06;3.0236615591288853e-06;2.517084979018951e-06;2.7379387229532917e-06;4.02892256036616e-06;6.503339516458727e-06;1.8140699733268337e-06;2.739591276265487e-06;2.795645655226773e-06;6.65811459357325e-06;3.0219329723322155e-05;7.062771747979006e-05;5.0190067666487e-05;3.635746770743474e-05;1.2844823585100479e-05;7.338322798294802e-07;1.888600533442516e-05;1.9656505409565317e-06;4.546517142094242e-07;6.304084741027065e-06;1.76066974117529e-06
18:51:20;410;2.208520285600974e-06;2.8220399599376833e-06;2.2756158980865863e-05;2.2599277298822202e-06;2.504766919935781e-06;2.9075884093934046e-06;3.2993905010931197e-06;2.0955508880472382e-06;1.241636272666178e-06;2.0130614062161745e-06;2.2513190225998354e-06;2.5050583855349116e-06;1.5287615836679824e-06;1.8462238580758077e-06;2.0489576283725084e-06;2.5852642880359965e-06;3.4279365087358303e-06;3.7415043497955444e-06;4.433580279164974e-06;3.020900287163938e-06;1.5083220792411903e-06;2.6614664109936575e-06;2.979845041547286e-06;3.0755951643819755e-06;1.730682539300112e-06;2.259414230460998e-06;2.4399670798019645e-06;8.347481467657257e-06;3.708532272844267e-05;7.424854833696245e-05;7.906439961757659e-05;3.20836313802993e-05;1.318584330652327e-05;6.884918502407922e-07;1.822408062259368e-05;1.4915355800492604e-06;5.289995531669988e-07;6.6078956357795916e-06;1.517677691098488e-06
18:54:05;411;2.0100173428713477e-06;2.6085775125120793e-06;1.8849269379162475e-05;1.733242570881285e-06;2.9539205459046385e-06;2.8095595056111153e-06;2.8262251574191892e-06;1.8631944577084492e-06;2.127000617171213e-06;1.5053172814108704e-06;2.117226198159663e-06;1.6962497428481398e-06;1.2197893102048531e-06;1.7389670824934973e-06;1.529514838257998e-06;2.0237102354500004e-06;3.862766737291144e-06;3.6859924916192356e-06;3.926139090507132e-06;2.680175243710172e-06;2.4429850624027828e-06;1.996490483709093e-06;2.7862209933544684e-06;2.2823673151822134e-06;1.4705035425057632e-06;2.229707887106744e-06;1.9158697476754404e-06;7.441999952933503e-06;3.415467871245881e-05;5.720573240491582e-05;5.539088649660618e-05;3.25468007000711e-05;1.1740641047227167e-05;6.537755222042694e-07;1.6878073143889854e-05;1.8466500667186892e-06;5.076540302772973e-07;6.2048330912692906e-06;1.6195073813777287e-06
18:56:49;412;2.1266740149108254e-06;2.6998601167835223e-06;1.7794955052444748e-05;3.3355798286681773e-06;2.920067339121343e-06;2.512273785691057e-06;2.7281136512675115e-06;2.208493944328376e-06;1.3769325231520342e-06;9.067805308243299e-07;2.695756276144772e-06;2.142621127470596e-06;1.4094797822620948e-06;1.604805076786549e-06;1.6791833665763534e-06;3.6661074865392785e-06;3.815010462789406e-06;3.332254431071202e-06;3.8617077400805456e-06;2.9728657806762257e-06;1.6534308911162308e-06;1.2879603489153264e-06;3.357140856885824e-06;2.722060822012696e-06;1.6417423630973414e-06;2.0594124974575355e-06;2.02862700985815e-06;6.938673601009595e-06;4.617825461184709e-05;3.532939073386696e-05;5.2285095130587135e-05;3.487452741204642e-05;9.195699875688854e-06;1.024484984419972e-06;1.7651415719052625e-05;2.371709467533018e-06;5.341311073869211e-07;5.915703459028235e-06;1.2403745268701793e-06
18:59:33;413;2.021455791604994e-06;2.6006574052753652e-06;1.6638036725373992e-05;3.4693888350483864e-06;2.55651084366739e-06;2.485604278522725e-06;2.5397461741763747e-06;1.7362516433876025e-06;1.3312627796095584e-06;1.1161261963543723e-06;2.069622389749332e-06;1.9812677712590956e-06;1.0347222664948545e-06;1.906715237092788e-06;2.0302503116263115e-06;3.7642516181682666e-06;3.423661756998995e-06;3.273815105163936e-06;3.613808026968883e-06;2.6286907575899645e-06;1.6056350032273787e-06;1.5472694082711337e-06;2.7100288043239064e-06;2.5487292454778947e-06;1.2956641216124475e-06;2.4210520493823744e-06;2.375281850836933e-06;7.425171160910054e-06;3.6635447549789726e-05;4.0926347590734076e-05;3.811627872948061e-05;3.441565883466788e-05;1.348134382816454e-05;1.052643994301037e-06;1.750372127796787e-05;1.7722337015933374e-06;5.25913053615172e-07;6.312807600719234e-06;1.488873382544397e-06
19:02:18;414;1.8024196601503077e-06;2.3874388636061125e-06;1.7414170716112545e-05;2.8922074002805815e-06;2.349971347373722e-06;2.157666536914152e-06;2.3614004586068984e-06;1.5849809845198075e-06;1.2737406849665107e-06;7.323312163152387e-07;2.577715304561614e-06;1.6309316315243905e-06;1.0426504022185348e-06;1.5706067500302496e-06;1.4548327040034534e-06;3.2267341477471502e-06;3.2143504534970714e-06;2.9625352750326207e-06;3.515288089826604e-06;2.43163653142145e-06;1.4973305997621456e-06;1.1056635629112078e-06;3.2517135866639155e-06;2.20255826143675e-06;1.3433805021076629e-06;2.0769763554935823e-06;1.8210981116232077e-06;7.485803691829415e-06;3.179838172422716e-05;5.868543269228439e-05;4.032755965262154e-05;3.3382645036120315e-05;9.793991841446342e-06;8.831606083819625e-07;1.673802141647032e-05;1.5282617084163921e-06;4.315600407733653e-07;6.350239610220103e-06;1.5649905705591793e-06
19:05:02;415;1.8782199152734724e-06;2.4692817475360115e-06;1.922663872127645e-05;2.3061651877043232e-06;2.1718775855752237e-06;2.0826252827338916e-06;2.2747355058976897e-06;1.6685801260281479e-06;1.1074071139689905e-06;1.5116455646012705e-06;3.293104375695128e-06;1.9588011049943463e-06;1.1211227065902305e-06;1.4886311604007056e-06;1.553942695732179e-06;2.6532612016321935e-06;3.0856384582185007e-06;2.9129838249221543e-06;3.404345488313164e-06;2.5053548689598594e-06;1.3578236470942712e-06;2.034564333020102e-06;3.9400469453355495e-06;2.500129903925386e-06;1.3428999377710964e-06;1.996001037408445e-06;1.898330447435415e-06;7.241199710217361e-06;4.7617790128653343e-05;4.56933681330693e-05;5.540052317827789e-05;3.396954321169757e-05;1.193609880300287e-05;8.277178644882595e-07;1.8031907697130198e-05;1.842813719177031e-06;5.014393189252633e-07;6.1949423066927464e-06;1.462320583985612e-06
19:07:46;416;1.8108137500986872e-06;2.405341452294688e-06;1.968718498187371e-05;2.25215357248358e-06;2.2720318573603167e-06;2.2391891708909126e-06;2.29330355077712e-06;1.4960593792488133e-06;1.0533822395363368e-06;8.781425285920751e-07;2.7752304257495037e-06;2.823188456992718e-06;9.79350950881429e-07;1.3490319087271596e-06;1.3187005033802022e-06;2.5630268374939825e-06;3.1348150353355606e-06;3.121934706610727e-06;3.428587640744901e-06;2.387204475884504e-06;1.3101038214561505e-06;1.3152263201120632e-06;3.473344675144232e-06;3.396601068973873e-06;1.2213599018339871e-06;1.8480623788192029e-06;1.663829551299513e-06;7.177648055937949e-06;3.5255958116033506e-05;6.330406168850237e-05;5.1612859570680225e-05;3.6961653784924345e-05;1.2016907711139327e-05;9.328839921934737e-07;1.8947428252941467e-05;1.7889937849364492e-06;4.4838557887361237e-07;6.288785657781766e-06;1.5106535885400462e-06
19:10:31;417;1.758648089055338e-06;2.3571174125796068e-06;1.8447479799352807e-05;2.855020869415884e-06;2.2688020202756642e-06;2.2114836249122827e-06;2.0998812127521145e-06;1.4124136257332898e-06;1.168271288517789e-06;1.0536722849381746e-06;2.5233792130566455e-06;1.8353696845966025e-06;9.549443602743033e-07;1.5040770171963076e-06;1.2164613534663844e-06;3.191302788522241e-06;3.1520199955375113e-06;3.1103347132960187e-06;3.226269909703925e-06;2.275652030831121e-06;1.4242021004779244e-06;1.5412345115818643e-06;3.2233348278329882e-06;2.4121066235814315e-06;1.1844507864075643e-06;1.9712899900903585e-06;1.5732098333927165e-06;7.4036514318264895e-06;3.573614841725709e-05;5.856715085938631e-05;4.4979242573373346e-05;3.488621936131483e-05;1.115788181968902e-05;7.239856823084333e-07;1.810632509538435e-05;1.6874462966560712e-06;4.4974798965117106e-07;6.243162673774128e-06;1.4287953916124723e-06
19:13:15;418;1.6766480717739734e-06;2.2656798661000145e-06;1.9078083394856866e-05;2.1620753916903626e-06;2.075786745078548e-06;2.0232991529473505e-06;2.202706520939366e-06;1.5113999307849533e-06;1.0386841424130984e-06;1.0920404055783903e-06;2.2518757375164258e-06;2.1379635839480216e-06;8.90221672943493e-07;1.366451051945913e-06;1.367272049518869e-06;2.5064196886634382e-06;2.957123901000205e-06;2.8837530077067593e-06;3.308632928185287e-06;2.3404972488364527e-06;1.2877790766916531e-06;1.5631979459048804e-06;2.9357825214786697e-06;2.70087116693008e-06;1.1534905772488763e-06;1.8395801362203201e-06;1.7110292337517272e-06;7.418226655613369e-06;3.8166155775875374e-05;5.172171427942884e-05;5.74886295773831e-05;3.381792933482321e-05;1.183567464383417e-05;9.504137673192236e-07;1.7573961739791388e-05;1.6921527597464587e-06;4.679855105879352e-07;6.277512718477322e-06;1.526643975402075e-06
19:15:59;419;1.6471086577883976e-06;2.244151139304357e-06;1.8805101430638127e-05;1.9988024211931528e-06;2.0351593586941488e-06;1.945589946604865e-06;2.0641844889530088e-06;1.3840047326367384e-06;9.522511845716508e-07;1.0484654865114154e-06;2.598036249811354e-06;2.203586099692633e-06;9.71751533785824e-07;1.2974148754129156e-06;1.2660571035186505e-06;2.33796717128814e-06;2.951562153819257e-06;2.8030481779509663e-06;3.2057381301306524e-06;2.2430822283136945e-06;1.2003313194143147e-06;1.5023988402954504e-06;3.2772818312993497e-06;2.788377815428432e-06;1.2200381419622514e-06;1.7908707889811138e-06;1.6091160949179515e-06;7.469448453661053e-06;3.72302098802256e-05;5.515971037353763e-05;5.078052458745596e-05;3.467731621562514e-05;1.1487483392014757e-05;9.587530284902522e-07;1.7921436242493165e-05;1.7758589367875758e-06;4.4475774310857426e-07;6.294563651978305e-06;1.4611546622795265e-06
19:18:44;420;1.630251597717347e-06;2.2223446223184117e-06;2.0320128751224653e-05;2.0404471297232685e-06;2.0810569030451442e-06;2.025082554333515e-06;2.046758375713735e-06;1.4149483602565738e-06;9.846264795014421e-07;9.940452195519613e-07;2.3836762175412995e-06;2.0209133971927815e-06;9.099442131505436e-07;1.3535210844653731e-06;1.3079988086175185e-06;2.3688241189799406e-06;2.9804044844021967e-06;2.8750351930284523e-06;3.1996255702209435e-06;2.283306931139687e-06;1.2340462786550566e-06;1.4251430921900417e-06;3.0537797740663926e-06;2.607650036581986e-06;1.167679037815658e-06;1.8294771639893606e-06;1.6431629448929983e-06;7.526349755396185e-06;3.6174069806878034e-05;6.619655154233154e-05;5.873725768348277e-05;3.4910205055577556e-05;1.1638180721277284e-05;9.354191080252149e-07;1.7840278553284058e-05;1.7279025631721051e-06;4.457405119158086e-07;6.296729603052596e-06;1.412860110302675e-06
19:21:28;421;4.547304613502299e-06;5.039093593950383e-06;2.5841312895038413e-05;3.597361759427093e-06;4.6010397518614354e-06;3.993633832521937e-06;4.42615623506206e-06;3.313289657827764e-06;3.875192377736622e-06;3.2410490887454815e-06;1.1518113402205058e-05;4.508925649495475e-06;2.050904949222534e-06;4.84089724653555e-06;4.601089603701263e-06;3.925043693361428e-06;5.35446341743835e-06;4.687235591345713e-06;5.350302444639965e-06;4.178859796146627e-06;4.235910320766138e-06;3.572317529135403e-06;1.1889424668776042e-05;4.923347712030614e-06;2.258197883471623e-06;5.12456616474359e-06;4.969452093755075e-06;8.689331825779816e-06;2.573896770308324e-05;0.0001152228899661885;6.920640601018835e-05;3.974859564474662e-05;1.862937708877904e-05;6.876299315006684e-07;2.3260460752080197e-05;1.2829514798583947e-06;6.094316247631071e-07;5.984863217482689e-06;1.0348494960103518e-06
19:24:13;422;4.7325092867564225e-06;5.2511843564331415e-06;4.2763992624759675e-05;2.694415625241349e-06;4.4618936857173965e-06;6.739178966148012e-06;5.914435827556665e-06;5.054018088075778e-06;2.9120260439764354e-06;5.269746962193784e-06;3.3962487992831503e-06;3.5729847764090747e-06;8.595891903243311e-06;3.2481700350023797e-06;4.9310989181221165e-06;3.110287908856651e-06;5.38857997399427e-06;7.376492882215217e-06;7.0897426609652815e-06;5.662721625550965e-06;3.2498190271729106e-06;5.632989506944174e-06;4.096109918625384e-06;3.872507952248178e-06;8.597742773325748e-06;3.7786201680399795e-06;5.158595953778072e-06;9.304161502855846e-06;4.074669051599506e-05;0.00020579806119959304;0.00017162802119334816;4.013308279198509e-05;1.4973062294649918e-05;7.318956224517827e-07;1.675710376699925e-05;1.4345582238469054e-06;8.544351286712197e-07;7.5073204998347264e-06;3.2995187568850145e-06
19:26:57;423;4.7962461515928885e-06;5.31423675747186e-06;1.8844924353109556e-05;4.506702033133727e-06;5.3723056813675445e-06;5.435410199988217e-06;7.316546598639723e-06;4.145835061112021e-06;4.440282813595269e-06;4.051774740690658e-06;5.23884754599635e-06;3.8139284293172504e-06;3.879964227076533e-06;4.689050598472022e-06;4.664304004041821e-06;4.739094898652667e-06;6.1590805694610444e-06;6.21836380859453e-06;8.266955572690688e-06;5.053196875013771e-06;4.642461115370771e-06;4.472406651155877e-06;6.06147834413248e-06;4.359724114324251e-06;4.0135824010461345e-06;4.938980656690914e-06;4.845514122510544e-06;7.2296120526389435e-06;2.3541389168262713e-05;7.0513025269384e-05;4.56866568497997e-05;3.546838386395836e-05;1.0393275677975336e-05;8.900460788733416e-07;2.2332431934277515e-05;1.76500607112424e-06;6.410327225159718e-07;5.971775983602558e-06;1.7064565649018263e-06
19:29:41;424;6.2573803205623335e-06;6.844374667385246e-06;1.9628896342750696e-05;4.6368758526553355e-06;5.562516473454273e-06;5.226088076878713e-06;1.2139586826523638e-05;6.1268522696490315e-06;2.7575679461090306e-06;6.8629015903744835e-06;1.2320785761491235e-05;5.833850641517364e-06;3.0660522306905333e-06;5.909497119205298e-06;4.645987131174872e-06;4.906295923975921e-06;6.262224210734564e-06;6.117992488495325e-06;1.3181148529792487e-05;6.922008576767911e-06;3.1150386285280316e-06;8.016372602688086e-06;1.292567596373132e-05;6.2759954830595874e-06;3.320299029676594e-06;6.139382160458636e-06;4.950060670874141e-06;6.819274958084246e-06;3.5273764305880405e-05;5.05025207356856e-05;4.231313506312328e-05;4.892352692787741e-05;2.0597350574718804e-05;5.012328283131924e-07;1.9134223337310814e-05;1.3251616795553119e-06;4.556261419973505e-07;7.462555601499962e-06;2.238383958961861e-06
19:32:26;425;3.832879354994454e-06;4.4655951776665555e-06;3.8840516636136454e-05;2.4400677751466238e-06;5.636053646249841e-06;3.308616614622844e-06;8.371859643509858e-06;3.4308181919649106e-06;3.6291397880396725e-06;2.9362086383276744e-06;3.07437398964923e-06;3.5756752674713383e-06;2.3692060496087337e-06;4.136196943898602e-06;3.086334386443406e-06;2.6930488505208412e-06;6.450621415901475e-06;4.133775487562046e-06;9.707985290206815e-06;4.194593703353268e-06;4.012969928318185e-06;3.7359547973267846e-06;3.7816822395477256e-06;4.09999170820995e-06;2.6639778280707703e-06;4.689701723645491e-06;3.422837464106262e-06;6.720186699138377e-06;3.249610881097547e-05;0.00020432918430164437;0.00013379290404964025;4.120307247413254e-05;1.5132240799864118e-05;1.0174127916771282e-06;1.976973778218319e-05;1.7974493487143745e-06;6.001604854420085e-07;7.251323176824819e-06;1.9764189134007734e-06
19:35:10;426;4.674269221864464e-06;5.197511528203444e-06;2.137134231398756e-05;2.44807484344795e-06;7.022304781465684e-06;6.99370768037449e-06;3.642678585758962e-06;2.6019800638139983e-06;2.983197346847791e-06;3.604782901269552e-06;4.0525600100755295e-06;7.738965902539327e-06;5.375339858398382e-06;5.993056658775748e-06;3.6345800680237517e-06;2.8719319668854515e-06;8.054207487302961e-06;7.61449126325197e-06;4.712532642505595e-06;3.379964968926403e-06;3.1641841979198713e-06;4.337599426734517e-06;4.579503641402477e-06;7.897854290224384e-06;5.523304373956664e-06;6.4308669722397355e-06;3.803695122608392e-06;6.393435918704435e-06;3.892114152748771e-05;4.4787296994756936e-05;8.595833526225999e-05;3.6406304168435065e-05;1.4038936852507003e-05;9.116082625110331e-07;1.8822459520808934e-05;2.7867627505419735e-06;6.613966469171995e-07;5.553473847081204e-06;1.214956015839286e-06
19:37:54;427;5.53259008998194e-06;6.106753862465517e-06;2.194381846755232e-05;2.3371007175592755e-06;7.918480448474632e-06;3.6749712154201832e-06;5.5015549597990025e-06;7.798376337252545e-06;2.0037699606234582e-06;3.7842397802023697e-06;3.0773632140324025e-06;4.341038754644573e-06;1.0892242983764142e-05;9.26115160253134e-06;5.800789396785562e-06;2.6891720487663957e-06;8.54686757958018e-06;4.583097086628808e-06;6.540722140442407e-06;9.095538180650991e-06;2.314021786114148e-06;4.486517455697589e-06;3.870644279600186e-06;5.071661036386622e-06;1.0462218044635904e-05;9.37314068404346e-06;6.247443790718673e-06;8.685489081721095e-06;4.8001070745447915e-05;6.271931927247576e-05;6.883858420464466e-05;3.2365494521718706e-05;1.1181783603621825e-05;7.57240430653539e-07;1.8780438563777104e-05;1.629549678019084e-06;1.3696423041197668e-06;7.934295082757532e-06;1.0629141216708587e-06
19:40:39;428;4.56743553265617e-06;5.1500140078225074e-06;2.03467586429057e-05;3.6085579356960227e-06;5.179395140815628e-06;3.2665528373534225e-06;5.972476750896889e-06;3.722669757748194e-06;1.1041877226215423e-05;2.4515726907123083e-06;4.394153128311535e-06;3.970265223009826e-06;2.3657284575762105e-06;6.32695394839092e-06;2.5090214680031666e-06;4.033289752453728e-06;5.855267392942988e-06;4.1877833293164015e-06;7.052661422227474e-06;4.647049944985236e-06;1.1657209948749323e-05;2.8385368051215353e-06;5.092346077329734e-06;4.6267948014649885e-06;2.490326798717341e-06;6.4636785737093305e-06;2.8552209687980313e-06;6.95892360602166e-06;3.4558734016304806e-05;7.712207913640286e-05;3.921018191118475e-05;2.612018272859925e-05;2.891969463788435e-05;6.07843989951368e-07;1.822203680470927e-05;2.3666789818079936e-06;6.553449851317304e-07;7.291063707394633e-06;2.1283392094757414e-06
19:43:23;429;4.6343602891402664e-06;5.197837063987427e-06;2.853095395173083e-05;3.1808592661648887e-06;4.924797234260516e-06;7.026217417983492e-06;3.8140923046951643e-06;5.344564502316664e-06;2.64098227472945e-06;1.9283499673021383e-06;6.312821837313591e-06;8.579349220706366e-06;3.796065998267812e-06;5.428448683534012e-06;2.635772821335536e-06;3.6220635693789057e-06;5.861517958600174e-06;8.152650341891118e-06;4.9834332693984535e-06;6.04451155929463e-06;2.83979075798994e-06;2.260075886417464e-06;6.859176204371476e-06;9.219725603842665e-06;3.880004534281236e-06;5.634873257551152e-06;3.0162200216723194e-06;7.333727138072058e-06;4.799462404235043e-05;8.01716732894404e-05;0.00012271587896709997;4.0699025080877145e-05;1.3118145392302119e-05;9.163670799101225e-07;1.8732778710579647e-05;1.6098967596729434e-06;6.018946650934553e-07;6.813027375531961e-06;1.6644089198396972e-06
19:46:07;430;3.3927872884476074e-06;3.9167742653273906e-06;1.6821709100737842e-05;2.2638751477899177e-06;3.609193972858355e-06;3.684799997087525e-06;3.944144670178027e-06;5.737911938878555e-06;2.2059951483299756e-06;2.3813488874550743e-06;4.305530468878322e-06;2.766107259042563e-06;4.2646536333860885e-06;2.1494375406015043e-06;3.4004478649439886e-06;2.5499117368148107e-06;4.4549005388380234e-06;4.513774367204618e-06;4.893124898007034e-06;6.316299320559077e-06;2.467029932194225e-06;2.8583176730581394e-06;4.8744711127451585e-06;3.3632677514106035e-06;4.3394668927812976e-06;2.5783870373570723e-06;3.792338403296595e-06;6.353029097994875e-06;3.9265501661934e-05;3.47336947526538e-05;4.263522736625119e-05;3.894650748269004e-05;1.248599135303529e-05;1.7210028234821814e-06;1.5187159279017073e-05;1.5250130678128118e-06;4.975284429623165e-07;6.6637836872793085e-06;1.8460701937411995e-06
19:48:52;431;4.3799315398793874e-06;4.909028328118531e-06;1.9838938804739337e-05;4.807357436575899e-06;5.130016170731076e-06;7.131061370170176e-06;4.144789547537315e-06;6.49379605958829e-06;2.2879678725344506e-06;4.434573181070918e-06;5.158220123036017e-06;2.5328808763511934e-06;4.414502052957852e-06;2.5082804449218865e-06;3.5157315161753062e-06;5.1215582959541075e-06;5.7992975782810066e-06;7.852567567262e-06;5.335563668544453e-06;7.255372893959697e-06;2.5792774398654775e-06;4.856079454793296e-06;5.704887803116021e-06;3.0848732608952743e-06;4.4089167543841284e-06;3.0038896523054273e-06;3.9060545549534566e-06;7.650246938962091e-06;2.632721091743032e-05;8.270623593155088e-05;4.300190997061705e-05;3.534707555402892e-05;1.3525110773506257e-05;8.605559803062656e-07;1.9207372423954927e-05;1.3762701858697828e-06;4.999685358633656e-07;5.724383641422263e-06;1.8409248033599086e-06
19:51:36;432;3.5771044182488576e-06;4.126437030968594e-06;2.173410021497348e-05;1.6350657757836406e-06;5.992510760095953e-06;4.562497800009169e-06;3.5648309445367556e-06;3.1539596786377513e-06;4.78721017574654e-06;1.7975463884247553e-06;3.230914025048099e-06;2.6083642972387433e-06;3.875485432690663e-06;3.225136973968161e-06;4.4917297802013225e-06;1.9950100465129125e-06;6.835637669851915e-06;5.2266876030478645e-06;4.545128952405678e-06;3.792284223603514e-06;5.197226669282182e-06;2.2290548497638365e-06;3.8034508254239407e-06;3.1842458334906524e-06;4.109272176317029e-06;3.6856815509226975e-06;4.913562265698337e-06;6.971022627378236e-06;2.473772097455906e-05;9.405791609411418e-05;5.864429096931243e-05;2.9638004373302633e-05;1.839301434356188e-05;7.658446869208358e-07;1.6393927204709435e-05;2.5343371195279934e-06;5.401076610340721e-07;6.370017546396284e-06;1.7629989788647503e-06
19:54:20;433;3.65009916627266e-06;4.216176317710005e-06;2.2999946447832583e-05;2.4813482113472674e-06;3.7481058618802554e-06;3.789279327809874e-06;3.4154430600094345e-06;6.317823555625844e-06;3.413985410977654e-06;1.7074925555895313e-06;4.7477789031156385e-06;4.8761045911308285e-06;3.189310284958744e-06;3.568461073138513e-06;2.5460560468815174e-06;2.7699494812392764e-06;4.624338201590691e-06;4.616071594141488e-06;4.519458737872177e-06;7.5109617458260394e-06;3.6394095832868434e-06;2.1135252102829305e-06;5.3794682185934444e-06;5.288584758735725e-06;3.342453855790914e-06;4.107229176353732e-06;2.682663481624055e-06;7.773778228646361e-06;1.6288885338899754e-05;0.00012294019689385366;4.5573042073613865e-05;3.274364776262692e-05;1.3074433433621267e-05;8.176104884045221e-07;2.451506049608886e-05;1.6663826826108189e-06;8.880399820557347e-07;7.2049653393012864e-06;2.513314654267925e-06
19:57:05;434;3.0029307212166922e-06;3.5405847092643174e-06;2.42840720859092e-05;1.8069999801927461e-06;6.687435569832897e-06;4.01646890114581e-06;3.2020481216027914e-06;3.6870551909373717e-06;2.1004389098325502e-06;1.2306648296797365e-06;3.300206968633161e-06;2.9637335804915725e-06;1.8307770664320473e-06;2.557844163707624e-06;2.6514943821160326e-06;2.098822242663153e-06;7.45512165216312e-06;4.7528541892484386e-06;4.293948142178492e-06;4.387351201687493e-06;2.407550990523581e-06;1.5378328243911445e-06;3.868363082686681e-06;3.483016469176561e-06;2.0973547413022163e-06;3.099082184373309e-06;3.005717817244129e-06;6.7713810244401106e-06;4.932223115756191e-05;5.3590955631632204e-05;8.53109475269297e-05;3.957334490053963e-05;2.4948337280873822e-05;9.71541171569134e-07;1.9693288832585357e-05;2.2316885687526813e-06;4.942524147311211e-07;7.235697833789937e-06;1.2651986875047287e-06
19:59:49;435;3.1784903262115964e-06;3.7307019185759656e-06;1.8246044648902683e-05;3.1974698208743617e-06;4.585672423926016e-06;2.8775532607222036e-06;4.57057998527365e-06;2.3156392649845903e-06;1.6937604288003172e-06;2.8729203946718163e-06;2.272331303000318e-06;3.6047511574498583e-06;1.5979176646913567e-06;6.070560390854367e-06;2.4827269591298773e-06;3.518272668644167e-06;5.437832896859618e-06;3.734561261485914e-06;5.650318276429626e-06;3.0876355632371305e-06;1.9150100765900673e-06;3.4357370634696263e-06;2.9672482952851686e-06;4.120713900284741e-06;1.8301474601454934e-06;6.2696300764274165e-06;2.801314460871081e-06;7.280875429424198e-06;4.593406892354348e-05;4.123249083180096e-05;5.066984220968082e-05;3.4141142739254455e-05;9.780467409521802e-06;1.0229115421216466e-06;1.7444302456545033e-05;2.0755067970205328e-06;8.204857199347556e-07;6.93921405520578e-06;1.6112276727787322e-06
20:02:33;436;3.1507917374152714e-06;3.735262407069139e-06;2.7916777563824158e-05;5.555003278539578e-06;2.8641935443183475e-06;3.84127030337502e-06;2.813742205211931e-06;3.525327854929246e-06;2.0280602190745545e-06;1.1616490468132925e-06;4.894628670694022e-06;3.7261411976110348e-06;1.6220123779866278e-06;3.7069966750377406e-06;2.070474657500654e-06;5.763014622614351e-06;3.7968518887582025e-06;4.76441401369351e-06;3.993147151671605e-06;4.285919643895991e-06;2.3396302744510615e-06;1.5907713860323832e-06;5.521987494704044e-06;4.253527417340937e-06;1.8162709584200307e-06;4.240319044526322e-06;2.4572939770522783e-06;8.751469316541055e-06;3.3465080585845884e-05;0.00013476741697863572;7.418133389448857e-05;3.780430739221283e-05;1.3189558095077178e-05;1.1127075925860369e-06;2.1123768516260173e-05;1.4047506297229003e-06;4.974170363634743e-07;6.728927249054948e-06;1.974593479101115e-06
20:05:18;437;2.9009832716233386e-06;3.4398215322215934e-06;2.0895781075668945e-05;2.528842829847959e-06;3.702795215332344e-06;3.2745457461528944e-06;3.046962570413763e-06;2.5974261246892123e-06;1.8998711366145151e-06;3.613436524299826e-06;2.229296279536315e-06;5.369930420652157e-06;1.872927229549439e-06;2.603977563999458e-06;2.0717867106738326e-06;2.903265075347699e-06;4.491023247870153e-06;4.0660455754191445e-06;4.197526334481361e-06;3.2714979285249025e-06;2.077917665600799e-06;4.1242662167791465e-06;2.8662784499622058e-06;5.876318396133948e-06;2.065299442240101e-06;3.003705781833836e-06;2.3347136396330804e-06;7.158404116006244e-06;3.227970537176468e-05;7.30964611992918e-05;6.639262980041299e-05;3.187077945243936e-05;1.1917908663814085e-05;9.68815605046424e-07;1.687659835336978e-05;1.3582613770582006e-06;5.384166632686964e-07;6.777766732375188e-06;1.513625573179901e-06
20:08:02;438;2.2967970423337647e-06;2.8944400784456762e-06;2.157621209286574e-05;1.456479938998324e-06;2.300416633909725e-06;2.7917392210499967e-06;2.651951750077718e-06;2.0019802707725955e-06;1.316402783709107e-06;2.4897573572117566e-06;3.0027211020663716e-06;3.31647661704954e-06;1.8424127744251253e-06;1.9718637991126475e-06;2.419361384039834e-06;1.747863107199539e-06;3.2236564867518977e-06;3.627165870632699e-06;3.826573835990702e-06;2.9003447742047397e-06;1.5352266939460813e-06;3.01001586470918e-06;3.7222308072136625e-06;3.868555737265328e-06;2.110458640949725e-06;2.4340438703572395e-06;2.7271444699906596e-06;7.461107142329435e-06;2.72416535942109e-05;7.951832085724525e-05;7.071992096500632e-05;3.307244416362888e-05;1.2009126791711028e-05;1.149513088173924e-06;1.7740928536269286e-05;1.365102525958676e-06;4.850050985031471e-07;6.668602189435923e-06;1.4828201619160064e-06
20:10:46;439;2.3433628061039515e-06;2.9228497744872033e-06;2.160166592536024e-05;2.864959953961168e-06;2.7801816969809e-06;4.9061979293764e-06;2.6605043151177328e-06;2.680821146648007e-06;1.4353023400914822e-06;1.2456382426539003e-06;2.7214280878111325e-06;1.8888006888640907e-06;1.322241858791141e-06;1.90677725568507e-06;1.7074992813609862e-06;3.2113107610274697e-06;3.64141640349334e-06;5.874285197702953e-06;3.863023816329932e-06;3.426298327454627e-06;1.6835363206017156e-06;1.5433881475462242e-06;3.367819470187459e-06;2.4457397376529944e-06;1.5865466248445195e-06;2.3752381303329227e-06;2.0555929938693016e-06;8.514259128481663e-06;3.296053964172274e-05;7.078854156629783e-05;6.376663006509622e-05;3.8055421363217085e-05;1.548253772421433e-05;1.0216368617081639e-06;1.836994011195108e-05;1.6157371696010189e-06;5.240092402644245e-07;6.76463683748635e-06;1.3561013942819644e-06
20:13:31;440;2.239432008075617e-06;2.8531174198005944e-06;1.901339154235503e-05;3.829927974278875e-06;2.4410154247014115e-06;2.407666920783475e-06;2.552204833573445e-06;1.8162876947901518e-06;1.1572559561139946e-06;1.1273786387665619e-06;3.1374546421083305e-06;3.3214720312328567e-06;1.2781248754317238e-06;1.7497904054990117e-06;2.054603791989962e-06;4.273887662184049e-06;3.3661731984328165e-06;3.3372633321119746e-06;3.740454470557146e-06;2.5889553312539e-06;1.4613194973864228e-06;1.5223497614356405e-06;3.792038929140854e-06;3.914680337978017e-06;1.5248717952804154e-06;2.220335883826413e-06;2.495077834984979e-06;6.8827597385747405e-06;3.670163576650459e-05;4.665590916065847e-05;6.647966860019088e-05;3.0039076357713035e-05;1.217819848506283e-05;1.298839866879779e-06;1.843131756339954e-05;1.4018249682186586e-06;4.762654482880799e-07;6.308261984226666e-06;1.3069405685431225e-06
20:16:15;441;2.0708118520153884e-06;2.636811181034744e-06;2.0020857285841062e-05;3.0411794908631733e-06;2.5896986260482375e-06;2.504199741954432e-06;2.6950211991757813e-06;2.150052238066151e-06;1.2944566847911625e-06;9.591359811025122e-07;1.73314535862284e-06;2.96643264925804e-06;1.1841783087844378e-06;2.1692448785935103e-06;1.5629961992144361e-06;3.3042437571221175e-06;3.4869472131768944e-06;3.2760557432187784e-06;3.8136703741530037e-06;2.883454291942961e-06;1.5681587387053363e-06;1.3473490721653319e-06;2.4746174608193127e-06;3.526572835296606e-06;1.4104909634532973e-06;2.603336888914552e-06;1.946835722483689e-06;6.6633983236698535e-06;4.0330179638488345e-05;4.001033763338919e-05;7.333144333646218e-05;3.869003456407102e-05;1.1873488022542372e-05;1.3351033517654985e-06;1.649989864906963e-05;1.9997281005670678e-06;4.814412859300493e-07;6.34570685703829e-06;2.689527667099206e-06
20:18:59;442;2.1528877930488863e-06;2.7610083208533586e-06;2.37457830585733e-05;1.756223522649107e-06;2.1807291003287075e-06;2.73982585742193e-06;2.3564901709960395e-06;1.670012200769768e-06;1.1290591370929157e-06;2.4478637799580323e-06;4.255912842668605e-06;2.5972568792230857e-06;1.0889603829576024e-06;1.9486739762829655e-06;1.663644907894996e-06;2.114510060650152e-06;3.1239028114122204e-06;3.67378213957613e-06;3.5055396262543603e-06;2.4994326495979742e-06;1.3990673768534227e-06;3.1046675136581775e-06;4.8336802696143465e-06;3.1724373802487058e-06;1.3013885812810418e-06;2.3843451655713716e-06;2.019345420712507e-06;7.071802750855675e-06;3.0071297109283964e-05;9.294221880861805e-05;7.560406449769384e-05;3.5743319608500743e-05;1.3761951537059178e-05;7.538023460327248e-07;1.907945952052637e-05;1.6807527700610188e-06;4.4342990122371835e-07;6.189417023436702e-06;1.6078808295876527e-06
20:21:44;443;1.7679549525372418e-06;2.3479209935833785e-06;2.0361584753429503e-05;1.567753963578737e-06;2.3695028822278243e-06;2.1038167867198414e-06;2.3624868153084644e-06;1.5805638650819147e-06;1.3337870645522478e-06;9.351582409454874e-07;2.8078414499335933e-06;2.2604367696420593e-06;1.3113035318600519e-06;1.3908909688644464e-06;1.1919166100165575e-06;1.926729089950353e-06;3.2578462115809456e-06;2.9513376827558606e-06;3.4946581539010875e-06;2.356564213866327e-06;1.5907040071535356e-06;1.3816416166655818e-06;3.404753963682024e-06;2.881314636581493e-06;1.5525806198822948e-06;1.852573495565179e-06;1.5243470995842414e-06;6.953039397418199e-06;4.156415550782002e-05;5.323453693804111e-05;7.260823685859806e-05;3.036297938681026e-05;1.0534216371855121e-05;7.494239215043909e-07;1.7740839395776732e-05;2.0202550346269786e-06;4.730198680894156e-07;6.5801596377742086e-06;1.5181547228395426e-06
20:24:28;444;1.800237787205364e-06;2.4011637286761632e-06;2.2407883633048975e-05;2.0280609902556535e-06;2.321819748180525e-06;2.3245233947800545e-06;2.248592327770315e-06;1.9341864307359007e-06;1.0598438586548944e-06;1.379747977203749e-06;2.443554526720959e-06;1.7978836601302688e-06;1.1561174997545074e-06;1.5061691113709748e-06;1.4023534183590671e-06;2.377980422352266e-06;3.223890750713151e-06;3.200050404981844e-06;3.4288013288276006e-06;2.7502622711099205e-06;1.3347846064892951e-06;1.8935995301403694e-06;3.1433065067153334e-06;2.409533936494156e-06;1.3923878894654736e-06;1.940344945172841e-06;1.7190213867839312e-06;7.291382444329725e-06;3.24345710937557e-05;7.531753749142224e-05;7.722163721901795e-05;3.542521844565413e-05;1.2035391738875094e-05;1.0443530623713239e-06;1.783094489850614e-05;1.9667836305536238e-06;4.4656435737503567e-07;6.31876323026182e-06;1.5614559844648811e-06
20:27:12;445;1.7327793704941479e-06;2.3299977858440324e-06;2.150336154473255e-05;2.2469414755477146e-06;2.290166194866701e-06;2.078289431621401e-06;2.058620705014391e-06;1.5125477120489252e-06;1.0103743847235014e-06;1.2765222668808074e-06;2.102776773068885e-06;2.078501312881413e-06;1.0341226154993293e-06;1.5748824300423145e-06;1.529606637068975e-06;2.564240618614602e-06;3.18248046685859e-06;2.9346174875471763e-06;3.2650548190977594e-06;2.3669288615380965e-06;1.2734473210612928e-06;1.7700983401286803e-06;2.81705361350207e-06;2.634303754509542e-06;1.2978206688232973e-06;2.0218821712464716e-06;1.8320443667660214e-06;7.676342164633059e-06;3.9893582932035723e-05;6.894618390183031e-05;6.247065186518155e-05;3.808943956203041e-05;1.221754407989554e-05;9.90782861775346e-07;1.8167674337617268e-05;1.5469633558806046e-06;4.5385558527031674e-07;6.2761518525757905e-06;1.3111660380647596e-06
20:29:57;446;1.5970553661759368e-06;2.1904357562205038e-06;2.1707843889719996e-05;1.8125269692409967e-06;1.9612938276287135e-06;1.9711830950538714e-06;2.147962171279842e-06;1.5113496752276618e-06;1.0138362283837212e-06;1.244458040051587e-06;2.101499118884414e-06;1.7168852526339151e-06;9.595981753046152e-07;1.459824000591616e-06;1.2642474601743847e-06;2.1263398567970385e-06;2.875262329256703e-06;2.8122641697912432e-06;3.2990106987360574e-06;2.386488696358839e-06;1.2693007476363038e-06;1.6920037069212412e-06;2.7968705488760114e-06;2.3054049282258855e-06;1.19475071316997e-06;1.91047315724915e-06;1.6170587229415888e-06;7.423698866774111e-06;3.3703031060265266e-05;7.628415282047233e-05;6.951527892410125e-05;3.338721633836115e-05;1.171721082631171e-05;8.954309993796236e-07;1.789798861923063e-05;1.7769789881756769e-06;4.5125153361012034e-07;6.0671718130910665e-06;1.3747158868670608e-06
20:32:41;447;1.7686626590770773e-06;2.3641739545969875e-06;1.7705892141697205e-05;2.274241884107782e-06;2.145697655109302e-06;1.9690558439513306e-06;2.1682731984833996e-06;1.519292160200404e-06;9.930876089954537e-07;1.3459421622482894e-06;2.797592245943034e-06;2.382165662143362e-06;9.566973707787374e-07;1.3689140564533309e-06;1.3029914887658316e-06;2.5661550214955485e-06;3.005173191094043e-06;2.833165935262974e-06;3.3083491715946297e-06;2.3947175885593966e-06;1.2498558070362805e-06;1.8582808036315535e-06;3.505434837210533e-06;3.0004154012526153e-06;1.2004603417430006e-06;1.7977710749158788e-06;1.6503073157488145e-06;7.505294333695291e-06;3.5741438471681485e-05;5.296070332963153e-05;4.293745625875038e-05;3.270058056958275e-05;1.067217055971208e-05;1.0162179126660081e-06;1.908028110089694e-05;1.6990460619935422e-06;4.4589054416029293e-07;6.24738447018243e-06;1.4642420874136964e-06
20:35:25;448;1.6552766846897073e-06;2.2530845733025313e-06;2.0161735183419994e-05;2.0471433503517615e-06;2.007544763639079e-06;1.9571812447080363e-06;1.987131880295837e-06;1.4062285505741814e-06;9.619385306081085e-07;1.1415743213353964e-06;2.8343276451504482e-06;1.944377569497068e-06;9.227860002993602e-07;1.34112959396501e-06;1.3119563689171927e-06;2.3910232513013466e-06;2.9018093859052944e-06;2.82552194889083e-06;3.1724949503998836e-06;2.2439335398188103e-06;1.221283120765845e-06;1.5830470496888366e-06;3.548296956667607e-06;2.5301651634482035e-06;1.168886784899435e-06;1.7906604215614274e-06;1.659891402544452e-06;7.138176045485111e-06;3.7721900032649084e-05;6.0299229471394265e-05;6.120987465162252e-05;3.367737072333299e-05;1.1953994941318913e-05;9.953712395209496e-07;1.8693705561872344e-05;1.830344577613079e-06;4.3445685401558706e-07;6.3789284094063785e-06;1.6074696928088153e-06
20:38:10;449;1.569774527900656e-06;2.1630478961843796e-06;2.0804368463382665e-05;1.945432347095665e-06;1.94462930073898e-06;1.8752056022722483e-06;1.96256900395688e-06;1.3919969623026935e-06;9.372576416795524e-07;8.210292796336076e-07;2.3564879833318484e-06;2.136366533213938e-06;8.623998750678652e-07;1.3394976194095163e-06;1.2644217303888055e-06;2.292589693130554e-06;2.838971798305062e-06;2.7371535426499564e-06;3.1592205485577337e-06;2.2230332522759698e-06;1.187027646809136e-06;1.235933842807857e-06;3.0533723405870327e-06;2.7269404294593533e-06;1.09179347657717e-06;1.7965309853658438e-06;1.6140062263120049e-06;7.346148937961482e-06;3.6136201868209365e-05;6.563064143467533e-05;6.555195040425864e-05;3.384994943816487e-05;1.1817980397848875e-05;1.0352325858232673e-06;1.814055999094842e-05;1.7277179108321395e-06;4.434247808501403e-07;6.393943501821956e-06;1.5786703091974711e-06
20:40:54;450;1.5409410419987457e-06;2.1268202095897425e-06;2.0071589427107815e-05;1.9377340021846252e-06;1.9460748876618728e-06;1.8745708116279565e-06;1.91227264132656e-06;1.3836236362701533e-06;9.1325734578747e-07;9.593346177248143e-07;2.2516376231800965e-06;1.9266439955342465e-06;8.541154476207876e-07;1.2691977707197049e-06;1.262829248767487e-06;2.2647512864002434e-06;2.8359717048318354e-06;2.7279891574386355e-06;3.092077649047427e-06;2.196335097185603e-06;1.1787228679248627e-06;1.3696199531134684e-06;2.918335719152333e-06;2.508782773198802e-06;1.0871463241758797e-06;1.7284311722298437e-06;1.6136777929527334e-06;7.3645505744732714e-06;3.586915791250889e-05;6.473414333981291e-05;5.8437765926467184e-05;3.3857919975977774e-05;1.139057862848356e-05;1.012135728655462e-06;1.8167822588431796e-05;1.7104598347106223e-06;4.3485084242082655e-07;6.364248555763908e-06;1.5154392175877047e-06
20:43:38;451;4.8760620756447475e-06;5.35256023357749e-06;1.9433045223805507e-05;3.4599656108272567e-06;4.569335501000441e-06;5.537440908395555e-06;3.957588191867827e-06;5.16689808724183e-06;2.3214862346001364e-06;3.605876433645314e-06;5.8490286530922155e-06;9.124693319635794e-06;3.7800750503888283e-06;6.2600499502513625e-06;4.880305084175131e-06;3.770100063406914e-06;5.356948571416875e-06;6.508785602392569e-06;5.034115915056841e-06;5.776653551947675e-06;2.6418160051791714e-06;4.0578517606447836e-06;6.534808372761509e-06;9.450877872881438e-06;3.831411334696112e-06;6.086078696447473e-06;5.181273320575409e-06;1.0788509726403463e-05;3.28344567867101e-05;6.546973595946864e-05;4.282436006748283e-05;3.808145654343941e-05;1.1145515354755314e-05;2.5454329951270466e-06;1.82871715944412e-05;1.5814456590547098e-06;6.862622731361352e-07;7.07269930735205e-06;1.879496418295146e-06
20:46:23;452;3.835374429040815e-06;4.382929465821148e-06;1.569818772896128e-05;3.0083555796781267e-06;4.982867788847691e-06;3.963878950488916e-06;6.416421740918953e-06;2.797313666036416e-06;6.1143508063501235e-06;2.4690242044817463e-06;3.202963999885097e-06;3.232275313342308e-06;2.342877677722041e-06;5.208308065879857e-06;2.2858538171794347e-06;3.1899754227381464e-06;5.757573202158077e-06;4.747573844333256e-06;7.550838307895303e-06;3.502032597415437e-06;6.500948023165597e-06;2.9350884575780835e-06;3.827694143505532e-06;3.71642945710731e-06;2.6365158139959e-06;5.519559045993285e-06;2.7109234506612285e-06;7.01399745654036e-06;3.66703596184309e-05;3.904886521659156e-05;3.213090732957817e-05;3.3040080289537804e-05;1.1559991037396879e-05;1.0551619290765516e-06;1.6493102265031278e-05;2.151789024766935e-06;4.570797449493168e-07;7.109769476861067e-06;1.6471493587745402e-06
20:49:07;453;4.813181139308075e-06;5.298928729793767e-06;1.769406017123166e-05;4.289459021190499e-06;9.764371583287357e-06;7.910086380811457e-06;4.406673905130922e-06;4.097995269670594e-06;2.6701644522120205e-06;2.0095180275347957e-06;3.56136157106138e-06;3.0477057858423575e-06;4.764016227812559e-06;5.976747081733307e-06;5.2600724332178705e-06;4.575945148402914e-06;1.0647310030930661e-05;8.409187247005182e-06;5.521664822677112e-06;4.78264755484021e-06;2.8525485740368523e-06;2.484890902865751e-06;4.225671212144691e-06;3.5182215210797834e-06;4.7290334149221066e-06;6.460068161801775e-06;5.37995405857491e-06;7.561646588086062e-06;3.423918742137146e-05;4.7198096796077e-05;4.0927461131382566e-05;3.4366291226001e-05;1.675979687739231e-05;1.1089163631118347e-06;1.8562712258801858e-05;1.5044030017314984e-06;5.119439584309252e-07;7.294141222321067e-06;2.2941252100723637e-06
20:51:51;454;5.073152879281844e-06;5.645149456863173e-06;2.193907289190079e-05;3.961094038309263e-06;1.0044244578854101e-05;5.235779803895597e-06;5.291373533434683e-06;3.443956525376021e-06;2.701046692815174e-06;1.0510180412123562e-05;3.460619407843782e-06;3.312527164405827e-06;2.673565164973917e-06;2.763232492597467e-06;7.48021306407054e-06;4.256937187809727e-06;1.0748064728949994e-05;5.94078674515038e-06;6.4335835235443146e-06;4.428134832179941e-06;2.927472128767131e-06;1.1257346072910233e-05;4.118825809430895e-06;3.779817732236874e-06;2.7921324772250955e-06;3.1041248734300674e-06;7.954565771912332e-06;7.1245600370506485e-06;7.972659347259237e-05;2.856370643847518e-05;7.186692772759354e-05;3.248206937216284e-05;1.272218238920378e-05;1.9834874276269937e-06;1.6972090366103302e-05;1.9942339071424372e-06;6.342193156627768e-07;7.134974378071074e-06;2.0638298711245415e-06
20:54:36;455;5.378968506487457e-06;5.817532175707946e-06;2.831136601717923e-05;2.6054352253042494e-06;5.0989452666592365e-06;4.480747503779722e-06;5.874230519060058e-06;4.817766391405278e-06;5.9744217175896415e-06;2.75888052476086e-06;5.6226710561834246e-06;9.3278681334978e-06;7.674311734782371e-06;6.93215729570666e-06;3.38018471766268e-06;2.8829992970713647e-06;5.616255728316993e-06;5.210764874955433e-06;7.10768024505284e-06;5.701458697250375e-06;5.996729939823448e-06;3.0805761301202946e-06;6.022805858069487e-06;9.749205247904292e-06;7.59050577540574e-06;7.184548316724397e-06;3.666853539862477e-06;7.170211653610389e-06;4.8000003480377236e-05;9.024524726983316e-05;0.00010451378589390142;4.043030058307836e-05;1.8273570873382054e-05;1.164716219402068e-06;2.056539787555382e-05;1.4299111388088688e-06;5.513373194744413e-07;6.116948184324496e-06;1.2749617144044831e-06
20:57:20;456;4.165567505638861e-06;4.767540246310874e-06;2.70724586136395e-05;3.1947654986132856e-06;4.369596342131259e-06;4.8519842235285955e-06;6.600769245453235e-06;2.961830638364466e-06;2.8899451176365365e-06;4.144254948909324e-06;6.441631239407673e-06;4.182650619875196e-06;4.249764250891468e-06;2.781080630918289e-06;3.3185356791420872e-06;3.689700084186934e-06;5.3469947994892235e-06;5.642039598028589e-06;7.616138922273848e-06;3.891011741398881e-06;3.0816726526217844e-06;4.752065901984564e-06;7.282940248243696e-06;4.838003477847382e-06;4.197059616913814e-06;3.1307875942039124e-06;3.7420665110610434e-06;9.081684601197353e-06;4.300569240574829e-05;0.00012093654902179071;7.076185774610874e-05;3.895557920507181e-05;1.139431156733953e-05;5.477980521467901e-07;1.979579211301878e-05;1.8734574447632842e-06;6.814178319400422e-07;6.821915996226037e-06;1.013447378322594e-06
21:00:04;457;4.38392243299032e-06;4.984727201178741e-06;1.9762209552324086e-05;9.039924600399859e-06;4.183843347569584e-06;4.968711917221278e-06;5.5310615649582155e-06;4.790734199809001e-06;2.4190352883641193e-06;1.9775132341334514e-06;3.2448342957216236e-06;4.705968444989656e-06;1.939869200465435e-06;3.356522698086647e-06;6.449048678353558e-06;9.438403082375644e-06;5.02600754241686e-06;5.9037687594665635e-06;6.799173436924827e-06;5.566061314380885e-06;2.748745484346221e-06;2.371062935167232e-06;3.893016485021747e-06;5.308109739186726e-06;2.2166871911141717e-06;3.6566891968861822e-06;6.888999635095066e-06;6.196046276608426e-06;2.1826322693708052e-05;7.434934770403934e-05;5.6172636702497444e-05;3.9871083823424186e-05;1.1671272566532879e-05;7.719389469092458e-07;1.5635931994138964e-05;2.3039417811953575e-06;5.171045225897266e-07;5.820333993774788e-06;2.0105536224706987e-06
21:02:49;458;4.716644663525151e-06;5.207562279320893e-06;2.9903584267566306e-05;2.6143984846914816e-06;7.437713510941276e-06;3.206111208277982e-06;6.7090682094317344e-06;3.646778697847191e-06;7.320532791833433e-06;1.7190056197077555e-06;6.382075765481494e-06;4.709869233207345e-06;3.076151799710012e-06;4.9196306144820445e-06;4.858398180893821e-06;2.874303776525842e-06;7.886397327903196e-06;3.942803592116998e-06;7.82444519671439e-06;4.35300281608335e-06;7.449576601117505e-06;2.1599044587190612e-06;6.980488861596383e-06;5.3109499616237116e-06;3.2125917253128875e-06;5.343042843539674e-06;5.153238057170677e-06;6.635022651989176e-06;1.9825937635457948e-05;0.00013691981358529337;0.00011896026220828328;2.490451490838445e-05;1.9097239122738707e-05;1.0476641195459745e-06;1.6510722543796078e-05;5.048834514265804e-06;5.574460077678489e-07;6.946549869536499e-06;2.389004043736531e-06
21:05:33;459;3.954929189637307e-06;4.529043939950083e-06;1.5510551593567702e-05;6.1535633923364745e-06;4.729927603687077e-06;3.39520154019562e-06;4.249626132041778e-06;2.80964959920027e-06;2.6448702513771525e-06;2.5210660728318275e-06;6.9701969678057844e-06;3.5967359025658072e-06;2.105685380565154e-06;3.1339185890418135e-06;5.148707286133975e-06;6.445934878925821e-06;5.608817106424139e-06;4.173193071403171e-06;5.364200654795137e-06;3.6520451960567224e-06;2.9561738316099567e-06;2.9816172596101636e-06;7.570820683593157e-06;4.191223700252499e-06;2.292816722867336e-06;3.495629036617082e-06;5.616053152762912e-06;7.4772664651229004e-06;3.515831167213282e-05;3.873948730036706e-05;2.679226885991692e-05;3.180303109752583e-05;1.090094135031515e-05;8.713278533280665e-07;2.4280399525073518e-05;1.8178873923148373e-06;5.891825710072985e-07;6.3531039353698245e-06;1.34341110033825e-06
21:08:17;460;3.501671717678143e-06;4.084066421444133e-06;2.6822191976789092e-05;2.5803089948342714e-06;3.678974687398357e-06;4.15214051036566e-06;3.846025395856404e-06;3.2208459619779846e-06;2.9648365761661664e-06;2.3734007389722676e-06;6.853917980074377e-06;2.4503706096109825e-06;2.3953511812441714e-06;3.047758439965843e-06;4.456128587419657e-06;2.9268522865417646e-06;4.604475683479421e-06;4.9622300136284544e-06;4.9733348273721165e-06;4.021568489820944e-06;3.1487467831078603e-06;2.903788100998617e-06;7.709483494941598e-06;2.967542489478788e-06;2.6025596825196703e-06;3.3656326275929674e-06;4.822580494068392e-06;8.197911674537203e-06;3.143614374043777e-05;0.00013934568589170154;6.204412518129158e-05;3.2786310916101744e-05;1.2622572541748587e-05;7.226779341127711e-07;2.2276705175001672e-05;1.59285578478065e-06;1.0185233934815636e-06;7.528148185665472e-06;2.2946433026084824e-06
21:11:02;461;3.940631204942107e-06;4.552437807249106e-06;1.6479856888580026e-05;4.3097179231404486e-06;6.4933490697492084e-06;3.679716987195744e-06;7.37893975094101e-06;3.9649585940150125e-06;3.0504086235535768e-06;3.3536208690065905e-06;3.7132759225435374e-06;3.126168234178873e-06;2.5840499648730675e-06;2.2447152618292936e-06;3.388651725928908e-06;4.743494153306621e-06;7.3664455042869775e-06;4.622372849737559e-06;8.597741817780683e-06;4.745551194313912e-06;3.3616579170069877e-06;3.892925791706723e-06;4.46530748376972e-06;3.616848070572515e-06;2.8614357533218867e-06;2.6505745125500136e-06;3.7048967592051633e-06;7.4490337212023155e-06;2.559047167196681e-05;5.45415933235371e-05;2.7530015854908317e-05;3.7181439452514073e-05;1.3824251993282866e-05;1.940581253967931e-06;1.9110905059526545e-05;1.3501942328795531e-06;4.5525202376680176e-07;6.877401093843257e-06;1.9071429815646862e-06
21:13:46;462;3.697561811965112e-06;4.244270715539239e-06;1.7070734819003653e-05;4.093649920378084e-06;3.1424763160133167e-06;3.1939102898609857e-06;4.226990174125624e-06;3.2292525103243137e-06;2.5484416994459025e-06;1.3433324152439303e-06;8.99529433953913e-06;2.7984972107733794e-06;1.561462687553346e-06;3.266468835214844e-06;5.970964144614237e-06;4.446276255328462e-06;4.025092545782195e-06;4.066377900753766e-06;5.316740605020284e-06;4.040455128751656e-06;2.7865496835884302e-06;1.7304044792834685e-06;9.560986326724112e-06;3.3378920822047526e-06;1.841275953850101e-06;3.6185648382400624e-06;6.160630883768354e-06;7.217948545236454e-06;3.1851739547558776e-05;4.792144068173004e-05;3.547646852964453e-05;3.0185193988782086e-05;1.3496020539747174e-05;8.912528442207968e-07;2.5629792959458222e-05;2.1416291120437604e-06;5.05626611494777e-07;7.335623740923207e-06;2.19608072720402e-06
21:16:30;463;5.177101024726611e-06;5.760968328610909e-06;2.2496913419377593e-05;2.929105738725856e-06;1.981957615142123e-05;4.2995369604816665e-06;3.6181001929430128e-06;2.5114757796661604e-06;2.5156042780981704e-06;4.373178583463109e-06;3.21865056256017e-06;6.28433532670866e-06;2.847194808162292e-06;4.7695023407098605e-06;4.938949846433616e-06;3.1752387994971816e-06;2.0878896095060163e-05;5.257898347056802e-06;4.7491891644865606e-06;3.3942264344314257e-06;2.714600848580458e-06;5.164560364627954e-06;3.917147422944714e-06;6.7043821200980035e-06;2.978640208588147e-06;5.142208370279714e-06;5.054629962361577e-06;6.9150258447612065e-06;2.527110287654165e-05;8.573971700076814e-05;7.503494978618381e-05;3.705289157500721e-05;1.2082433763476205e-05;7.693676108676411e-07;1.6643251149239057e-05;2.536797839036883e-06;5.221817937221441e-07;5.130169273073553e-06;2.265072519853638e-06
21:19:15;464;2.8600780110304473e-06;3.4412976766603444e-06;1.5820919436135924e-05;1.8517076122942007e-06;4.774735444034274e-06;3.0014717899782473e-06;3.033883422467263e-06;2.8684505524784694e-06;1.7516779108429537e-06;2.6858751486326002e-06;4.206149450231516e-06;2.762989965629262e-06;3.1136187373835935e-06;2.2874572789468384e-06;1.9829179620310034e-06;2.1178838614669306e-06;5.647610022825125e-06;3.792599782288182e-06;4.190778148583803e-06;3.6042334999411318e-06;2.0161853784930494e-06;3.3714888287203727e-06;5.021040843657138e-06;3.3183280783869353e-06;3.2784739255763684e-06;2.648960195431214e-06;2.287988126273042e-06;5.901737292990256e-06;3.514589425277062e-05;3.713509847434815e-05;3.378607037204674e-05;3.791416781621271e-05;1.14373732959559e-05;9.146887979571946e-07;1.6209545473648475e-05;2.5427713307404495e-06;4.0595243785975867e-07;6.664694092096956e-06;1.7930395970038866e-06
21:21:59;465;3.1309581855638995e-06;3.6983086760347427e-06;2.081621536569499e-05;5.1375546708178694e-06;4.612013970082464e-06;3.5091682335710383e-06;4.154896802852838e-06;3.659103906014397e-06;1.7590821768109777e-06;2.358986380941856e-06;2.1470475755271745e-06;1.9904629561554286e-06;2.279088582342452e-06;3.460823378986788e-06;2.5032686641940867e-06;5.410566211162692e-06;5.470841651452857e-06;4.330598398431718e-06;5.263680830904388e-06;4.42636296381202e-06;1.9803433860079743e-06;2.9191203281433317e-06;2.8680737133544413e-06;2.4760430678610117e-06;2.5702602560838237e-06;3.8141529560711714e-06;2.8496594015013203e-06;6.547362942143143e-06;7.110153650947063e-05;4.1168494513367954e-05;4.6837670071006343e-05;4.2450427207170195e-05;1.380492622642378e-05;6.910797163406485e-07;1.6972130644979636e-05;1.8036194617115921e-06;6.696959807309941e-07;6.6151369527134e-06;1.1325041622815061e-06
21:24:43;466;2.784889526581806e-06;3.367843954590712e-06;2.181005081243314e-05;1.814030996850523e-06;2.697107475378082e-06;4.208112865197481e-06;6.510105406027316e-06;2.2752153255564425e-06;2.0398484423205847e-06;2.125581524933554e-06;3.854723505402159e-06;2.044975498029864e-06;1.1605195735307141e-06;2.2890427252261505e-06;2.399410113666663e-06;2.162351991708281e-06;3.567729600381196e-06;4.851768824066104e-06;7.709401663443622e-06;3.1699156119130646e-06;2.2587034733032275e-06;2.5993704961756867e-06;4.608672089155254e-06;2.618532290352384e-06;1.3543422488809588e-06;2.705096732560251e-06;2.8082415768995483e-06;7.318812832452759e-06;3.923359656787205e-05;3.922596969993047e-05;8.798517593781991e-05;3.143987216246855e-05;2.6814810099167938e-05;1.326793654468788e-06;1.7328104239904896e-05;2.426088514176311e-06;4.261847107057866e-07;6.204232916888151e-06;1.9909684133421007e-06
21:27:28;467;2.5295121045846e-06;3.101591887513413e-06;1.9733751314204747e-05;3.6070045554029404e-06;2.5018605971573815e-06;2.8793851380790803e-06;2.7716269253827166e-06;3.949747103119834e-06;1.933992149457967e-06;1.5311118817251668e-06;3.107256026136828e-06;1.957079093370143e-06;1.5472657113122714e-06;1.8749344412392268e-06;2.692880701780289e-06;3.9468744242047345e-06;3.4302391133126006e-06;3.7035409299784953e-06;3.8181599825005414e-06;4.689362591491346e-06;2.2010316645063066e-06;1.972537044038509e-06;3.7562403686254733e-06;2.547488874588913e-06;1.7816231317588466e-06;2.239297442383183e-06;3.1327065301676285e-06;7.156972708582871e-06;2.950752833166433e-05;7.221913264956819e-05;4.2206551730988345e-05;3.80692732212301e-05;1.61688309141914e-05;7.031063699212276e-07;1.9987969912282854e-05;1.987774472964244e-06;4.444801191094545e-07;6.64126505496823e-06;1.712130284985719e-06
21:30:12;468;2.592054882006261e-06;3.205024445896579e-06;2.495591482885517e-05;2.427453483313322e-06;2.9063517511024823e-06;3.3506046280122477e-06;3.2942765758098798e-06;1.630130875618363e-06;2.2345710810611763e-06;2.2037190145434753e-06;2.6639001427368343e-06;2.9302308101558143e-06;1.9874234665257457e-06;2.623693572703897e-06;2.8523023216047765e-06;2.8706160805938188e-06;3.886574948502371e-06;4.300763682490642e-06;4.558928137007973e-06;2.4558957944418004e-06;2.4425729591286334e-06;2.6794662436616276e-06;3.400445351975508e-06;3.4047097913088102e-06;2.2167221246329777e-06;3.0244131543256544e-06;3.219184190463319e-06;7.130050701862268e-06;3.466972410056046e-05;7.990110679255134e-05;9.949752751186158e-05;3.628121372253273e-05;1.3637834977144197e-05;1.135103457599445e-06;1.704235788982745e-05;1.8693252031333654e-06;4.2568543622649355e-07;6.245996573760653e-06;1.635051579202133e-06
21:32:56;469;2.771152865157298e-06;3.352804745916245e-06;2.7502564860766866e-05;2.9726467726153385e-06;2.8343972518546874e-06;3.967380711471109e-06;2.6737497250583044e-06;2.4869469145856597e-06;1.3373318186182814e-06;3.654946570366943e-06;3.472614771576394e-06;2.2062939271094706e-06;1.4404336862677332e-06;4.4161558676591994e-06;1.7909354414833636e-06;3.287417726662884e-06;3.7886271698719414e-06;4.848629144742264e-06;3.7599526799164744e-06;3.2372693674086445e-06;1.617854217087531e-06;4.188543309996758e-06;4.03901231038617e-06;2.7667826969586196e-06;1.6218140051967543e-06;4.9624609777932656e-06;2.1152921498227605e-06;7.297062480384638e-06;3.8400080490058064e-05;9.423962800326302e-05;0.00010950800121311568;3.925572725446504e-05;1.3083757664832832e-05;1.0006609461527743e-06;1.7203075664661143e-05;1.8746073377892999e-06;4.637909581513551e-07;5.9526782690270284e-06;1.7517080473016106e-06
21:35:41;470;2.044594090639345e-06;2.644291985061615e-06;1.9566457643261915e-05;2.5811340300663232e-06;2.51256244900653e-06;2.119084424540512e-06;2.4026845489350475e-06;1.7163668864354649e-06;1.0680814866083985e-06;1.4261269637943548e-06;2.7972272910080744e-06;1.995706340710254e-06;1.2715604466735768e-06;1.4760980028586088e-06;3.1684954209445304e-06;2.883900453778989e-06;3.3790194484487373e-06;2.916786582007469e-06;3.5895573609759825e-06;2.6441315714945157e-06;1.3603232004461922e-06;1.8993930121101999e-06;3.4898691174481727e-06;2.5376699625932034e-06;1.5356371185405323e-06;1.9695646584940604e-06;3.52565047527421e-06;7.34316637153297e-06;4.316056548032988e-05;4.971870084100033e-05;6.1360085868267e-05;3.17579972353158e-05;1.0889388919670156e-05;9.8638595300842e-07;1.9454532501952235e-05;1.8737195092285916e-06;4.675083672668288e-07;6.292333382890317e-06;1.4931072886804672e-06
21:38:25;471;2.128755743639617e-06;2.732706166804021e-06;2.2789746504614673e-05;1.4081168504340915e-06;2.283281310285061e-06;3.3547463380175073e-06;2.9450955955987657e-06;1.5600710057936142e-06;1.2181114555011938e-06;2.5431677134303175e-06;3.577391030841103e-06;1.9365853698034967e-06;1.4636586086974097e-06;1.5289395074447043e-06;1.72590331303336e-06;1.7484701287155731e-06;3.216121979365405e-06;4.28893753439608e-06;4.094733268877601e-06;2.4003937392368657e-06;1.4413409201241145e-06;3.1590559228213432e-06;4.1693841104702935e-06;2.5077220030491648e-06;1.7360556526748755e-06;1.993633721995829e-06;2.0366244615604358e-06;7.109093187299291e-06;3.512830451945097e-05;8.076608319395938e-05;7.53189518072481e-05;3.4837063496800705e-05;1.1820857949188739e-05;9.403503059654407e-07;1.7404182956866824e-05;2.015802525462889e-06;5.301719377783719e-07;6.29356422377124e-06;1.3125319515840837e-06
21:41:09;472;1.739280779521447e-06;2.309835957631445e-06;2.0326749470851315e-05;1.7487133958256478e-06;2.01943083895499e-06;2.025897682177525e-06;2.0786863322347866e-06;1.438113752689157e-06;1.3220279936635135e-06;1.5793062615252686e-06;1.6373670214423184e-06;2.0945307970456706e-06;9.72510302833417e-07;2.080477906477282e-06;1.874306573541999e-06;2.0365806978842082e-06;2.912286785016753e-06;2.8926618795916904e-06;3.243123499867326e-06;2.273283733970108e-06;1.5687501419523858e-06;1.9840698361999955e-06;2.3434144804347933e-06;2.677261008263681e-06;1.1805146739420649e-06;2.4418113249523713e-06;2.16427240272274e-06;7.123681498435455e-06;3.209948285128315e-05;7.629957649763886e-05;5.519167066106557e-05;3.500684730457242e-05;1.1114515341725242e-05;8.449362284886646e-07;1.6081022373662924e-05;2.1650966486399558e-06;4.4902686620640727e-07;6.192809186471137e-06;1.3523281920259988e-06
21:43:54;473;1.8250276318874306e-06;2.4069158106486394e-06;1.855659986237477e-05;3.371171673452719e-06;2.4123489016470887e-06;1.8773175450545212e-06;2.418976243070212e-06;1.5147453353040161e-06;1.3543561435175826e-06;8.615681520945434e-07;2.3787610074841514e-06;1.691614270882269e-06;1.0816600054429737e-06;1.4631093998573874e-06;1.474702363698813e-06;3.639137224161436e-06;3.304095142521885e-06;2.790086170269988e-06;3.536158152500424e-06;2.3351855134023936e-06;1.6471716895765999e-06;1.2056834489330752e-06;3.0437301281576936e-06;2.2768707263890927e-06;1.381201524123707e-06;1.9064022100355022e-06;1.8172669313893884e-06;6.565671444365204e-06;4.311138117377978e-05;4.28818348182046e-05;5.00575181201185e-05;3.67913645562133e-05;1.2922139711050169e-05;9.798523511155912e-07;1.8707304466995922e-05;1.9015352087616088e-06;4.316980286403205e-07;6.874812183406882e-06;1.4540862858453434e-06
21:46:38;474;1.657663956968556e-06;2.250177212312038e-06;2.4127678529852447e-05;2.2778866440763648e-06;2.1257262721780474e-06;1.8404051142859792e-06;2.6874647884059497e-06;1.4365366110395557e-06;1.1989182792407602e-06;7.355417427054337e-07;2.3611957958151337e-06;1.8389325470864875e-06;9.028884004891324e-07;1.2818316469679045e-06;1.2046392068108183e-06;2.5915168755920053e-06;3.019761693337122e-06;2.755006270306211e-06;3.870350648084459e-06;2.2423954446879444e-06;1.4811804541025168e-06;1.1159541029543636e-06;3.0715010624693536e-06;2.3603996105866596e-06;1.1138287595425522e-06;1.7805792045300786e-06;1.5996515361609766e-06;7.766001140524971e-06;4.286568196060837e-05;7.700680408018538e-05;8.079925855134373e-05;3.797062779429649e-05;1.3912429763822035e-05;1.111052993902059e-06;1.8263113187584547e-05;1.6827810024776445e-06;4.381430899508653e-07;6.424107059616791e-06;1.2921417339165248e-06
21:49:22;475;1.5508038919294491e-06;2.1447256059114875e-06;1.9195894411185775e-05;2.217187716818165e-06;1.961925635285411e-06;1.7768976636745037e-06;1.9359639321950537e-06;1.3516418259388017e-06;1.1412434921127939e-06;1.0297550291663269e-06;1.698543843918866e-06;2.0197246708229177e-06;8.341188338821904e-07;1.384344823905017e-06;1.258298704100789e-06;2.4891019626310583e-06;2.8657613446612923e-06;2.632009718178744e-06;3.1243132784593515e-06;2.1470903324301663e-06;1.4198422275201872e-06;1.4960665856086029e-06;2.4162904085792032e-06;2.5757155161137478e-06;1.0703442075270998e-06;1.88279292200881e-06;1.6173778174308171e-06;6.99007634204284e-06;4.034852769506853e-05;5.350121622469496e-05;5.563181290951763e-05;3.556844426197775e-05;1.0800624642841546e-05;1.110140055184615e-06;1.6604577138446835e-05;1.784712052472952e-06;4.5538088095972656e-07;6.222409575305099e-06;1.332811155716807e-06
21:52:07;476;1.5264956899327133e-06;2.1264129732635065e-06;1.9795174243746865e-05;1.833252260300097e-06;1.8267375533040111e-06;1.761842636712045e-06;2.209856679223001e-06;1.385110018358272e-06;9.836326722023614e-07;7.692825382367051e-07;2.6741885724006083e-06;1.6077936691096604e-06;8.657039069442424e-07;1.2851554483232648e-06;1.1153918801909413e-06;2.1336966831687636e-06;2.7349962341690163e-06;2.665915610146218e-06;3.3663187492447256e-06;2.2396551155653943e-06;1.2513894518311254e-06;1.1711190889175818e-06;3.397414882530501e-06;2.1705372008207496e-06;1.1089118397879396e-06;1.7914263046033647e-06;1.4855733530866123e-06;7.221640151056813e-06;3.945853206467017e-05;6.194950287456444e-05;5.456809790144245e-05;3.3254761391863705e-05;1.135065233732117e-05;9.621069566352776e-07;1.8718871127240675e-05;1.8338018464464493e-06;4.3377153461229175e-07;6.433538923479819e-06;1.3568138156291216e-06
21:54:51;477;1.5213826035743627e-06;2.122874103475578e-06;1.8740974283243292e-05;1.9061337313401467e-06;1.953173679034783e-06;1.7558468310015356e-06;1.9475655843592676e-06;1.3520271061102045e-06;9.277132164697832e-07;8.051374022438101e-07;2.3672920057358415e-06;1.8403158836832745e-06;1.006536902714572e-06;1.1524883900548843e-06;1.2423600310123624e-06;2.259987662553244e-06;2.8559496553774623e-06;2.630836117440353e-06;3.1002996610356916e-06;2.1490556411110814e-06;1.2118243686720373e-06;1.1877613262554463e-06;3.1340711233543183e-06;2.4307385809704643e-06;1.276379747840893e-06;1.6512032745215292e-06;1.5863814443451426e-06;7.265461378099979e-06;3.6557317849571935e-05;5.487596716919893e-05;5.072370573931841e-05;3.450090185553816e-05;1.1556090411083802e-05;1.124180747427868e-06;1.8445484466186684e-05;1.7611536999909045e-06;4.093255360139911e-07;6.337849692955381e-06;1.3342528535334423e-06
21:57:36;478;1.4140812248022236e-06;2.010651392486614e-06;1.974053488117576e-05;1.347160145538272e-06;1.7910622312135935e-06;1.7077746066589001e-06;1.8417261459740593e-06;1.3084499530726454e-06;8.959031940556563e-07;9.561857888504024e-07;2.153725177190712e-06;1.7710493748717744e-06;7.672790714301088e-07;1.1612671139844948e-06;1.2673914548955167e-06;1.6624365105000627e-06;2.694823425786759e-06;2.567950725244396e-06;3.004775048275751e-06;2.1569132637592655e-06;1.1504776177354893e-06;1.3733695349792816e-06;2.8574504439566687e-06;2.339569090785333e-06;1.0262839518412576e-06;1.654891925279082e-06;1.638874209675123e-06;7.055080578369903e-06;3.867507476605727e-05;6.185438713456057e-05;5.5532461747620055e-05;3.3748680648711536e-05;1.1046934305192988e-05;9.848572910732303e-07;1.8172709367544646e-05;1.7529517765934037e-06;4.2133167061033885e-07;6.332919884133389e-06;1.30902940364171e-06
22:00:20;479;1.4278170576370093e-06;2.0197721233913236e-06;1.9426148234305232e-05;1.6575846595918102e-06;1.8188960739190014e-06;1.7095432965806945e-06;1.850895371030054e-06;1.280551721630471e-06;8.694157601528797e-07;7.792823429381651e-07;2.2515825165537637e-06;1.758644089426427e-06;8.032919531573348e-07;1.1939191431054041e-06;1.160197324071274e-06;1.9547709112148253e-06;2.7139232217819027e-06;2.5956380090686748e-06;3.012308243226851e-06;2.104200309330264e-06;1.1350918721521488e-06;1.1745936569264192e-06;2.9625759173575695e-06;2.3193128190311505e-06;1.0632608814663813e-06;1.6830368928845307e-06;1.5185518878475888e-06;7.154222917455945e-06;3.8353532269962735e-05;6.0392381393481664e-05;5.3619488719573656e-05;3.3877972994333515e-05;1.0486316860216256e-05;1.0482240720220255e-06;1.817008746620854e-05;1.8403928037931714e-06;4.066300016836416e-07;6.412388215327244e-06;1.352141097604383e-06
22:03:04;480;1.4395743898761153e-06;2.0334896218421045e-06;1.9894039779844488e-05;1.8239666622318653e-06;1.798127192354958e-06;1.7952980730323083e-06;1.822322216682437e-06;1.247819252450907e-06;8.783269114848674e-07;9.078169252289698e-07;2.0739780968170862e-06;1.741294658847375e-06;8.182320741764474e-07;1.2055296890845957e-06;1.1621804690326536e-06;2.124801308357896e-06;2.6958785490104315e-06;2.6833514179479953e-06;3.011338035436513e-06;2.089912379256308e-06;1.1365488301381919e-06;1.3076846741995136e-06;2.8158652550608833e-06;2.2970157404622887e-06;1.0593276996748697e-06;1.6841765811270445e-06;1.4959742085771216e-06;7.202665376624247e-06;3.7731596058695845e-05;6.460403661498265e-05;5.471476141296174e-05;3.466381129142487e-05;1.081506911313549e-05;9.962314340821514e-07;1.8121971485920295e-05;1.768819351709797e-06;4.127347737046209e-07;6.3907517591566095e-06;1.3060286857355014e-06
22:05:49;481;4.923780345868843e-06;5.4185506651495565e-06;2.053876804553407e-05;2.923339170250601e-06;8.168044332214983e-06;3.8200225092246205e-06;5.090285935306259e-06;3.671095912271095e-06;4.187937596226861e-06;3.1814900541927602e-06;3.879611605710083e-06;6.841240225955144e-06;2.5479154479186987e-06;9.829775895556478e-06;4.944603655652393e-06;3.265758093071275e-06;9.094700999412453e-06;4.5361735149676455e-06;5.994780927215322e-06;4.41147854480387e-06;4.446636469915172e-06;3.747107353785994e-06;4.69741148432909e-06;7.355823210581306e-06;2.6761941263672108e-06;9.620080537745167e-06;5.1764603091514e-06;6.80855360827974e-06;4.1086239527811396e-05;6.27308670600292e-05;4.726195290675963e-05;4.776843504078699e-05;1.0629842442651355e-05;5.081432610920036e-07;1.94877842860999e-05;1.6388006177475761e-06;6.783055332493828e-07;6.435137264554092e-06;1.4311549973475004e-06
22:08:33;482;4.3537607697627125e-06;4.929445223544601e-06;2.315419529405117e-05;4.320825557225692e-06;5.939039271525686e-06;7.158368823277008e-06;4.250029544940824e-06;4.449998353483021e-06;2.93018044333399e-06;2.1195571851994157e-06;3.88943999496405e-06;5.884217003426784e-06;3.847347537121561e-06;4.017356251621735e-06;3.4387673899516358e-06;4.77992205537415e-06;6.611869904893094e-06;8.226206652660593e-06;5.378932169323774e-06;5.3632926509739195e-06;3.1302910791722914e-06;2.6968187146941334e-06;4.483954467968367e-06;6.463818258856043e-06;3.913776038333006e-06;4.374866919050286e-06;3.7295921911324133e-06;8.782601940553066e-06;3.125335480715559e-05;0.00011024412828296446;4.1902530289764573e-05;4.3430811982612416e-05;1.2016165843956157e-05;5.762207430559289e-07;1.7694594751251822e-05;1.5112668858199233e-06;4.92828179382291e-07;6.617955471115626e-06;3.327884350982081e-06
22:11:17;483;3.7762942662182426e-06;4.272685163402768e-06;1.88745596115954e-05;4.43444345033971e-06;5.292967110583711e-06;3.3608968418005505e-06;5.324585650935308e-06;3.5010717008338528e-06;3.0544152931355484e-06;2.4208780940297587e-06;5.232332517964138e-06;4.773472931354015e-06;2.2279287775458814e-06;3.4315325120427462e-06;2.261005094665465e-06;4.705004058347255e-06;6.04247668578162e-06;4.102242203920975e-06;6.28241463334545e-06;4.264129989977949e-06;3.2541724516405236e-06;2.8092268719406037e-06;5.719786575447202e-06;5.270720207648347e-06;2.465199519422099e-06;3.820828281657415e-06;2.5360185936388237e-06;8.698384329647335e-06;4.657757113199874e-05;4.257829024862228e-05;2.6126473688837883e-05;4.087833360793699e-05;1.865127195366921e-05;1.8391958480786371e-06;3.0088423631800572e-05;1.5427193067547574e-06;5.230223210299929e-07;7.400554551021687e-06;1.5904747197466542e-06
22:14:01;484;4.595188799330882e-06;5.155841762056689e-06;1.8590801131198652e-05;7.901901457526863e-06;4.470495993109063e-06;4.325138597171087e-06;6.101192538339588e-06;2.821869470698795e-06;5.356418950729459e-06;3.8097669311812607e-06;2.688130433076646e-06;4.156542382363878e-06;4.621163115362234e-06;3.534361383440331e-06;5.3552823806187044e-06;8.31308642186223e-06;5.339173185348045e-06;5.188429771737038e-06;7.148106046943097e-06;3.5080407640266402e-06;5.529549594893403e-06;4.261173029866584e-06;3.3825878336422566e-06;4.61673396531768e-06;4.647959891556212e-06;4.0474244427439515e-06;5.887834705862577e-06;6.950518225860365e-06;3.857888056636047e-05;4.009801620207362e-05;5.2021912583868013e-05;3.622912289120958e-05;1.8301960649999232e-05;1.2475474042520496e-06;1.880341707237993e-05;2.9284536060627965e-06;5.966469192047423e-07;6.297591268181884e-06;1.0355461849311883e-06
22:16:45;485;4.282386293009598e-06;4.807930140429297e-06;1.5214222576739761e-05;4.507359687589872e-06;8.215662989838082e-06;3.1684514649945394e-06;5.2780073441479916e-06;4.197442415623052e-06;3.7592637134118623e-06;2.8559537164276416e-06;2.986719944818684e-06;2.2551336126174317e-06;2.4770658011228552e-06;5.967697661126501e-06;5.719875415815585e-06;4.915553895040796e-06;9.209895341871143e-06;3.829065189499568e-06;6.2373772558387405e-06;5.005818245161761e-06;3.91190780525984e-06;3.118295976607062e-06;3.6550707481862297e-06;2.739592264909253e-06;2.6109884563279764e-06;6.408548680282584e-06;6.053045598480223e-06;6.370765851719605e-06;2.6696336597135143e-05;4.2571975080719594e-05;3.175492172049692e-05;3.9683681336372696e-05;7.133231764990652e-06;1.1193392539712565e-06;1.7039345478508466e-05;2.1928570686788244e-06;5.989474409553347e-07;5.86192419062953e-06;1.5473451366991527e-06
22:19:30;486;5.170536791932921e-06;5.694642391350913e-06;2.6454719278485488e-05;2.055016121635137e-06;9.773753650612413e-06;5.392231657711219e-06;3.8625875905428195e-06;3.252316915174964e-06;2.0750659199819665e-06;2.794868417991965e-06;7.973095413146583e-06;6.30746657780502e-06;2.874980343650887e-06;1.1672127722693983e-05;4.012929263552678e-06;2.365155267720575e-06;1.0443869633732741e-05;6.212488389354792e-06;5.0280515396583655e-06;4.138438230889917e-06;2.352458157566858e-06;3.4174116403328644e-06;8.611043598003689e-06;6.895577935441146e-06;3.135014433414481e-06;1.1642558547464432e-05;4.093639592864275e-06;6.175759987014606e-06;4.491239258122565e-05;8.197668365319263e-05;0.00010959948768439992;3.2903342752876665e-05;1.0090180394863201e-05;2.139447028502594e-06;1.8554354835226606e-05;1.4068516976760073e-06;6.125410180097865e-07;7.577157859793659e-06;1.5084318490446677e-06
22:22:14;487;4.0990440181525916e-06;4.7184274057766324e-06;2.9496135453389448e-05;5.0603370392562654e-06;5.385395108445127e-06;4.544182327557357e-06;3.7721152766194295e-06;5.012002519516107e-06;3.231351579525598e-06;2.215819657778375e-06;6.41079872306963e-06;2.765932669164654e-06;2.161845835760542e-06;6.4104642706039074e-06;2.2182814389411347e-06;5.427618802220618e-06;6.471140200637474e-06;5.4163753322680785e-06;4.991194497120841e-06;5.92041503664462e-06;3.592046193227384e-06;2.5311952482251733e-06;7.117426827755503e-06;3.4062684810261905e-06;2.3332167279189475e-06;6.861202757159223e-06;2.5530266410424714e-06;8.731153667902011e-06;3.616034899249808e-05;0.00010068030952098486;0.00011090097397613974;3.939325114048941e-05;2.6932320950204096e-05;6.68665241425809e-07;1.9961945853758405e-05;1.7402731857345632e-06;5.07082302138291e-07;6.888630209046975e-06;1.3886704003512005e-06
22:24:58;488;4.738643364729259e-06;5.350246881996871e-06;2.5725294364982668e-05;3.59642302233903e-06;5.489639274067961e-06;4.596469673081381e-06;8.220139743674405e-06;6.574507006847212e-06;2.6147979674817634e-06;2.029233584479393e-06;8.131826398027897e-06;6.305989639152833e-06;2.1877530839860397e-06;4.503443196700697e-06;2.6134959936802655e-06;4.094315099906982e-06;6.26222202909854e-06;5.473263339394456e-06;9.442653611620677e-06;7.559346170326742e-06;2.787439186675651e-06;2.413424691509089e-06;8.757991267136472e-06;6.9655852367080265e-06;2.3637475685144278e-06;5.090992035432844e-06;2.991980695581713e-06;6.114033345963774e-06;2.8911484775017673e-05;9.963215592616522e-05;0.00010514838232642138;2.629364459554369e-05;1.1971235678484337e-05;2.1031341185752753e-06;1.9295559442917174e-05;2.0186673788523094e-06;4.1901622988114205e-07;5.36589842121204e-06;1.430320140758028e-06
22:27:42;489;4.047422192146851e-06;4.6458170213036624e-06;3.298573627436954e-05;4.587571187900349e-06;3.0305386843242457e-06;6.764721112000933e-06;3.746728673415977e-06;3.3531360548783535e-06;2.4684897221243833e-06;1.6707134874752425e-06;7.674066613364259e-06;4.322054076249577e-06;2.27023244453955e-06;6.105441249944348e-06;2.5753715858071886e-06;5.0492107669625405e-06;3.836859746173369e-06;7.88693416578536e-06;4.835917522967387e-06;4.206434682543394e-06;2.7213814294704715e-06;2.1119347868275497e-06;8.347477110482596e-06;4.991716478004111e-06;2.4065994029103733e-06;6.365949801978717e-06;2.9893861993295553e-06;6.79845913958956e-06;4.8263132159228184e-05;0.00016422635449453988;7.188566967342818e-05;5.2268606287250664e-05;1.6352017120500484e-05;1.2505624886640647e-06;2.408607833074721e-05;2.300073846546897e-06;4.7189895972749343e-07;5.781230662219659e-06;2.1447521299922255e-06
22:30:26;490;3.6439212998118364e-06;4.1968367216363326e-06;2.395874414012752e-05;2.029576419976758e-06;4.086437769178598e-06;4.597231918782282e-06;2.8828953414393834e-06;3.6636321664476865e-06;2.1715583666612948e-06;2.2707375932704754e-06;1.0618099378492927e-05;2.998510702118489e-06;1.7764185985636904e-06;3.7321206225662062e-06;2.899835552289625e-06;2.3319122851429297e-06;4.860974585530061e-06;5.5337479721004725e-06;4.029746093427876e-06;4.575496603460515e-06;2.403642356454574e-06;2.5386011340650596e-06;1.124389149757733e-05;3.432383621231243e-06;2.0173419542677235e-06;4.18088571574186e-06;3.2134152454229385e-06;7.184013507778013e-06;4.861197348229944e-05;8.705422426826924e-05;6.478465093495846e-05;3.6021285313830294e-05;9.660256494243018e-06;7.60018918561914e-07;2.2592138658239753e-05;1.8405049707273423e-06;5.984466398160587e-07;6.650087848869396e-06;1.747328643937267e-06
22:33:10;491;3.258663460767056e-06;3.891014885775343e-06;1.8901337893378375e-05;2.0105252000619926e-06;4.299151356367371e-06;2.650216052754476e-06;4.76948856296324e-06;5.303753052420358e-06;3.170717188926243e-06;2.331546825344462e-06;2.867794318946308e-06;3.5139626775239985e-06;2.0933965261866145e-06;3.933646695163485e-06;2.159762022396256e-06;2.358421135818677e-06;5.279831493911083e-06;3.506778880421999e-06;6.156811213247549e-06;6.3837915523792984e-06;3.379701488886929e-06;2.9308561426913437e-06;3.5808040443446805e-06;4.108035250570952e-06;2.3518826604035723e-06;4.168702441313167e-06;2.4865605566930433e-06;8.411905347185216e-06;2.8320241746809396e-05;8.202874012222453e-05;2.558692295537e-05;3.908540176162909e-05;1.1679786304611448e-05;1.870284464164874e-06;1.9224955754215924e-05;1.3782995161675411e-06;5.50467847092409e-07;7.449541143756641e-06;1.2295077573134246e-06
22:35:54;492;2.950531199404209e-06;3.556792137979882e-06;2.329911999178659e-05;5.223177943491919e-06;3.2324964589491856e-06;3.4531993103376575e-06;3.023209074919981e-06;2.8110151182920102e-06;2.8919628686129397e-06;1.9360155524384868e-06;3.6097483676914264e-06;1.991301278213665e-06;2.3178899895206295e-06;2.2086631845461757e-06;2.7076943174881247e-06;5.679630847433007e-06;4.168033438884466e-06;4.246255365373306e-06;4.116638301984264e-06;3.7959460061319065e-06;3.212336209108349e-06;2.3730686494454397e-06;4.404983621521129e-06;2.5618014732675806e-06;2.5235977712822482e-06;2.5502464927452406e-06;3.0489665784409247e-06;6.64943751844621e-06;2.11686907710612e-05;0.00011039330907570098;6.48427487798498e-05;3.228637812050874e-05;1.4975568036584024e-05;1.0202627904991768e-06;1.908463994878348e-05;1.5543765522910411e-06;4.306957912168263e-07;6.178987911745224e-06;1.004344604752251e-06
22:38:38;493;4.691659645834017e-06;5.26314385487113e-06;2.5042100043488286e-05;2.4270626271578006e-06;7.187383818774151e-06;3.4271259879274525e-06;4.539033698397981e-06;2.6689578758782257e-06;2.405295658001385e-06;9.91455204706943e-06;8.015380711480123e-06;4.188569114660368e-06;6.585684453209627e-06;2.607763941594757e-06;2.333103956818728e-06;2.6514496651923512e-06;8.242365121204094e-06;4.274900021887852e-06;5.491143751954306e-06;3.506571599096281e-06;2.5966860563660045e-06;1.0700614283554319e-05;8.617155753533633e-06;4.760167102280251e-06;6.585843959927141e-06;3.057853089995672e-06;2.6729742589677814e-06;6.995326999824584e-06;2.4110761724100948e-05;0.000112026264295789;8.091099608404813e-05;3.1396180513017236e-05;1.3926455185741864e-05;8.697847564917531e-07;2.009213367928885e-05;1.8178390883485103e-06;7.474068158758225e-07;5.978668064678612e-06;1.6333833146541143e-06
22:41:22;494;3.108222512664001e-06;3.6995872154806467e-06;2.427187343090372e-05;3.0532671418241493e-06;5.091120637310744e-06;3.4401912789987095e-06;3.7567565145996635e-06;2.2292202572771203e-06;1.4405327117827937e-06;1.9001805433369803e-06;2.5617897366265137e-06;4.067176826600354e-06;1.6852027012636095e-06;2.8792189390649336e-06;5.1940119231052116e-06;3.3756589921641893e-06;5.8937408147922045e-06;4.371540361590414e-06;5.016645739292299e-06;3.0789857304096334e-06;1.738873582418151e-06;2.334961772668999e-06;3.2392904416420734e-06;4.605358195545659e-06;1.8968331601229957e-06;3.2756694324660523e-06;5.567487350266605e-06;8.089005421386762e-06;4.185290845696493e-05;0.00010371806320800507;5.532852513168136e-05;4.00606169046787e-05;1.162440586981651e-05;9.032731585331191e-07;1.904920162626356e-05;1.4832341100971703e-06;5.980553245350486e-07;7.136068109559022e-06;1.4191238493233723e-06
22:44:06;495;2.483788687935761e-06;3.086885873374199e-06;2.718099204200096e-05;2.3949598139823407e-06;4.1299712123723316e-06;4.10224429003847e-06;2.8069711379494966e-06;2.3972259248368615e-06;1.4702940789716608e-06;1.551403514503265e-06;3.0496580207413486e-06;2.5888654386301884e-06;1.3158973928284468e-06;2.172659476813847e-06;1.825312996023792e-06;2.753354145838036e-06;4.990118680014555e-06;5.116742645268575e-06;3.9945626132423425e-06;3.203436971823147e-06;1.7933130024336802e-06;1.9511796951139583e-06;3.777912945247696e-06;3.185392176730395e-06;1.5744396457965287e-06;2.6282800142406455e-06;2.0738971259077836e-06;8.706342658002542e-06;2.6440961288912696e-05;0.00015593582700443176;4.654159118599883e-05;4.2397985369671824e-05;1.3765449878119591e-05;7.868615811387143e-07;2.1483821520849348e-05;1.7207371946082407e-06;4.969790376355226e-07;6.265819332703259e-06;1.629528451939211e-06
22:46:50;496;3.1702774004377883e-06;3.7653628480049656e-06;1.9422761604794125e-05;2.4121694566629643e-06;3.8160934065248595e-06;3.369123097679056e-06;3.931702960939405e-06;2.7627075757601976e-06;1.956027566020101e-06;2.997683483905369e-06;3.6114029019787806e-06;5.631322339832485e-06;3.198867547091957e-06;1.831839469123121e-06;2.5243879675103513e-06;2.7353647147961803e-06;4.790113838611479e-06;4.31538907395395e-06;5.031092461097073e-06;3.680949625556388e-06;2.1466114064792292e-06;3.62115878044877e-06;4.3343774899468265e-06;6.096053950870233e-06;3.3321740703067456e-06;2.3421799593811958e-06;2.7588874454062235e-06;6.619466868810081e-06;3.4049918783217305e-05;5.5543497834396e-05;6.331171490570709e-05;2.891167660941365e-05;1.2636446689292255e-05;1.1065708109539881e-06;2.0422158532696606e-05;2.5282233727800596e-06;6.029460778338835e-07;5.518754462625607e-06;1.8217643098029566e-06
22:49:35;497;2.361284688264091e-06;2.942421395323148e-06;2.2025637093784754e-05;1.564917218113945e-06;2.713045855206143e-06;2.378832290423299e-06;2.8933970117606123e-06;1.8868495822746665e-06;1.3209789507099985e-06;1.7405077768938393e-06;3.955763728539936e-06;4.151755118768237e-06;2.2531524865663433e-06;1.7585404027510199e-06;1.7176748900802543e-06;1.8463329257152693e-06;3.565353559863553e-06;3.26502640890092e-06;4.019165190365578e-06;2.659327994674813e-06;1.6389484529364507e-06;2.30077944755792e-06;4.604307107485189e-06;4.684985829562375e-06;2.4240860229723164e-06;2.232327665009092e-06;2.06841533223338e-06;6.54176962078433e-06;3.186924545623113e-05;9.162384930925808e-05;5.351269698664941e-05;3.771180462687388e-05;1.114960267306769e-05;9.697331498489477e-07;2.093037716915468e-05;1.5490773621806837e-06;5.914890369207837e-07;6.417218508969436e-06;1.440781225478055e-06
22:52:19;498;1.817134518007761e-06;2.3824968881359105e-06;1.8107372328419426e-05;1.8285608871919252e-06;2.219664452240977e-06;2.760580498902114e-06;2.3624283192317948e-06;1.8735245481076908e-06;1.3043913138701477e-06;9.487930960490458e-07;2.313476710243249e-06;2.074077966989824e-06;1.2420469215548089e-06;1.480265719535432e-06;1.3978032587564309e-06;2.1220233949424242e-06;3.1173830036636845e-06;3.590565235086454e-06;3.5096815644223332e-06;2.6798412303418722e-06;1.5243446013519594e-06;1.3080650358207566e-06;2.9796052342733883e-06;2.649912187424186e-06;1.4423241105195981e-06;1.9388554619581555e-06;1.727360778273532e-06;7.531347379055394e-06;4.606649009104571e-05;5.107849154524736e-05;3.717841557690325e-05;3.612614430743444e-05;8.596453703308359e-06;1.9045016299808256e-06;1.857118364825512e-05;1.8056651158348915e-06;6.110536354455298e-07;6.512197375021954e-06;1.3065239335002886e-06
22:55:03;499;2.178791977866271e-06;2.749252301707858e-06;2.197558414777444e-05;3.6039291479994517e-06;2.911110473811298e-06;3.113339081166218e-06;2.23399537382172e-06;2.051455605470406e-06;1.1863904490331962e-06;1.3147289172495262e-06;3.452563212133245e-06;1.6874661184344704e-06;1.1009288674237248e-06;1.911604345927742e-06;1.5779912279482873e-06;3.822268521202481e-06;3.7987146317644582e-06;4.052196878040411e-06;3.329591509733475e-06;2.9077186924571176e-06;1.428585849110657e-06;1.6668817917739437e-06;4.130289207290544e-06;2.2742421557452445e-06;1.3289893710079231e-06;2.351976627611708e-06;1.899571429930802e-06;8.729465584529994e-06;3.237514330374631e-05;9.929824176763121e-05;4.817536474090565e-05;3.3132179304093526e-05;1.1508182508751932e-05;7.074137145703544e-07;1.993090171718795e-05;1.6176366414905272e-06;4.6907994311418975e-07;6.200758629203841e-06;1.5626419180677464e-06
22:57:47;500;1.994860458315822e-06;2.5912569457478306e-06;1.59901148746543e-05;1.505597426853068e-06;2.387826091359619e-06;2.2644395276862705e-06;3.048620097216444e-06;2.033509952426016e-06;1.1276236226785066e-06;1.8474339864773335e-06;2.5264980759619573e-06;2.193680257889241e-06;1.7464246696877437e-06;1.6951627442358068e-06;1.5615082417400314e-06;1.8502165774614557e-06;3.2824855167481345e-06;3.0878868744677466e-06;4.23780637545492e-06;2.8854826608419647e-06;1.4196293748198836e-06;2.3248516036294893e-06;3.2203350336871316e-06;2.8342285028159068e-06;1.8995205140573156e-06;2.18009976482721e-06;1.8725395334571013e-06;6.831222821714955e-06;3.1834935457897695e-05;4.3648365448615854e-05;3.0217612792331823e-05;3.9521820248475705e-05;1.0453533124025504e-05;1.0690706145867156e-06;1.8564109971276704e-05;1.9599786793354375e-06;4.0915242241577674e-07;6.174442789836229e-06;1.1971341253392703e-06
