Time;Epoch;Train Loss;Test Loss;Exp_Diff;Train_1;Train_2;Train_3;Train_4;Train_5;Train_6;Train_7;Train_8;Train_9;Train_10;Train_11;Train_12;Test_1;Test_2;Test_3;Test_4;Test_5;Test_6;Test_7;Test_8;Test_9;Test_10;Test_11;Test_12;Exp_1;Exp_2;Exp_3;Exp_4;Exp_5;Exp_6;Exp_7;Exp_8;Exp_9;Exp_10;Exp_11;Exp_12
00:00:16;1;0.0003610408622411011;0.0003570476874762179;0.00031955161118710093;0.00028350610463431536;0.0003842814285442066;0.0004321818286867214;0.00041459869209409754;0.00034014118541976626;0.00037283921487456115;0.0002137371861966709;0.0004870750646081102;0.00041666342386551236;0.00025619801583202803;0.00045144271608809174;0.00027982536981984265;0.0002751427299572933;0.0003848585706864354;0.00042784647261605985;0.0004342840070824457;0.0003301251881912091;0.00035588657984486486;0.00021415242031540816;0.0004594115314922661;0.00041306895149364787;0.0002557535971149425;0.00044986398417585165;0.0002841781023550849;4.275660190636857e-05;0.00010216018351979808;0.000997688386452829;0.0011888845084919457;0.0001339233027070603;0.0006375973124700637;7.216116642745956e-05;0.0001889344888375326;0.00017208057703454923;5.3353388753102594e-05;0.0001261100620009869;0.00011896935564351478
00:00:33;2;0.00024253428870741283;0.00024140891939537199;0.00035909633418909083;0.0002464330271281638;0.0002447809318833937;0.0003102015230896623;0.00022293002100261882;0.00023224018080079324;0.0002860327906753148;0.00030258690821938217;0.0002450622234226268;0.0002550859304516383;0.0001289083119734807;0.00028965696099641553;0.00014649258094901927;0.0002436551001642041;0.0002453311247370925;0.00030110599959410635;0.00021992856434021804;0.00022444955023194228;0.0002809166504862966;0.0003114305005579762;0.00024160538940790662;0.00025761435327821563;0.00012768097315794092;0.0002939360968907116;0.00014925261974538075;6.220109328486824e-05;7.625160826340732e-05;0.0018693413312979275;0.001180732458604688;5.109153666977408e-05;0.0005944135043126809;5.244726728197944e-05;0.00010728832392820454;8.796717806127317e-05;3.820549036137372e-05;8.441582640848228e-05;0.00010480039179443197
00:00:50;3;0.00018223194332346213;0.00018193032883573323;0.0005695581069771057;0.00016968979059583944;0.00018070974351758196;0.00027720056410048113;0.00018478144555832512;0.000155658934576505;0.0001969104835304527;0.00010573175088459472;0.00019820357670141675;0.0002718073019009766;0.00015171696832732613;0.00016135856222635167;0.0001330141357956646;0.00016379541515953297;0.0001826760533363028;0.00026859028877902633;0.00018130908427314973;0.00015525493663632534;0.00019412993986153669;0.00011028821959198583;0.00019784665097706493;0.000271838827020359;0.00015361049681123865;0.0001636361772352181;0.00014018781347416894;5.309157141224547e-05;6.41075413042103e-05;0.003091492854599368;0.002710685163850419;7.554916385305931e-05;0.000517640505738935;3.975801285810995e-05;6.387569710107055e-05;4.948191024285771e-05;3.121029023472048e-05;6.831348312615868e-05;6.949108940411592e-05
00:01:07;4;0.0001498905622528665;0.00015214910304108987;0.00012855369139593814;0.00010851894113660488;0.0001447948664318491;0.00017028296065291215;0.0002888788277976511;0.000192288012354683;0.00015416598866770735;9.282516957269267e-05;0.0001560738503588833;0.00017029008236849305;0.00010131652858159545;0.00013162602055093555;8.762543944840218e-05;0.00010539239312631161;0.00014728631789625115;0.00017202083062663485;0.00029376387828961015;0.0001988706245828314;0.00015420173532462126;9.739302996548977e-05;0.0001564936131597025;0.00017597770959041612;0.00010142652130917104;0.00013448865594242146;8.847386616943817e-05;3.754046291990319e-05;6.373335335746329e-05;0.0005602957365551905;0.00034571830400521663;8.047315255355976e-05;0.0001306194866562557;3.327270872804658e-05;7.0994283329262e-05;5.9200637381877904e-05;2.3759810446608187e-05;7.185224202895808e-05;6.518411878891605e-05
00:01:24;5;0.00014257209780184482;0.00014307483540010885;0.0002814418251833633;0.00011281635395541592;0.00022244189891683743;0.00019985516283585721;0.00013455802926190782;0.00011294632115137078;0.00016054477445818932;0.00011314641049218402;0.00014083069887957126;0.00015564611367773813;8.94949859312791e-05;0.00010204446821985998;0.00016653990338578626;0.00011179590189926727;0.00023180898849976166;0.00019508939644592943;0.00013450885418495989;0.00010946766011744054;0.00015740177019048316;0.00011904018726995616;0.00014218209336049075;0.0001569022405177909;8.881997103954642e-05;0.00010442322682253309;0.0001654576779493496;2.9865543631521014e-05;5.124708392145039e-05;0.0020045999784972113;0.0008544926315622697;3.7601943700156276e-05;0.00014164673949857654;2.9610359542619096e-05;6.476866438832521e-05;4.327707161418846e-05;1.1875962236594007e-05;5.3724010155034056e-05;5.459191345241341e-05
00:01:41;6;0.00012120749700402071;0.00012166350440761735;0.0002939076884661646;8.046687030504141e-05;0.00012073546238091446;0.00016868982083906303;9.858641318900978e-05;8.904618325480193e-05;0.00011350969535587038;0.0001326349721156558;0.00017772300536349079;0.00013654910443702565;7.61005851627901e-05;9.511411588453649e-05;0.00016533369463641893;7.849171093836003e-05;0.00012459827922623533;0.00016383557632724648;9.930371347360926e-05;9.055585040279098e-05;0.00011124194097186475;0.00013233305356992833;0.00018172797616541715;0.00013591797029175148;7.784098382712094e-05;9.793943494906107e-05;0.00016617552623008318;3.058706298324189e-05;3.728416629635036e-05;0.002565884305676085;0.000532215300658385;3.318595941413799e-05;8.8038860195692e-05;2.4211331177589447e-05;5.151372459269607e-05;5.314535066891187e-05;1.1552453479752814e-05;4.1283242854853914e-05;5.7990503596278704e-05
00:01:58;7;0.00010182818245787281;0.000102338765171663;0.000343104150407205;0.0001048235938945006;0.00011178416735385161;0.00011181532667850743;9.203240543084493e-05;8.699826435593587e-05;9.520929340954932e-05;0.00013767731937522595;0.0001038591540340018;0.00012036566163880542;0.00010291879460634267;8.93858698677005e-05;6.506830918727825e-05;0.00010335304766239103;0.00011665603666141912;0.00011083188448675991;8.885762508725747e-05;8.783400593114769e-05;9.517499785045092e-05;0.00013885713472322833;0.00010478347394382581;0.00012238704930265918;0.00010315711257089212;9.044850253591409e-05;6.572427229935162e-05;1.954202192664403e-05;5.513445258259439e-05;0.002600115991430874;0.0011351305739656765;3.215801141005433e-05;5.2377451231140055e-05;2.3172984102369217e-05;5.879243261415049e-05;3.03985041439198e-05;8.877692971410878e-06;5.2103708111190505e-05;4.9445980396435474e-05
00:02:15;8;0.00013026039412331804;0.00013038858438287922;0.00014582479241045395;7.548085898179124e-05;0.00023092264994126955;8.798189772237079e-05;7.93704897070959e-05;0.00021326615511828675;8.544575928743308e-05;0.00011750075921409834;0.00011666037291681938;0.00025642471361855064;6.779487679347602e-05;0.00010358194337682521;0.00012869420000201487;7.53661339860881e-05;0.00023674900950038734;9.014723405073974e-05;7.94933934046156e-05;0.0002106500228077079;8.429430191783836e-05;0.00011636602058284621;0.00011734456246456461;0.0002563398714911169;6.871316578280463e-05;0.00010344731681125498;0.00012575193425077544;2.6643381780900373e-05;4.976917022642379e-05;0.001133247146829653;0.00024009964873739295;3.5053973037290605e-05;3.6099691729360126e-05;2.2128643669422936e-05;7.281862614730361e-05;3.175303652806373e-05;1.052865696482772e-05;4.8408839715332656e-05;4.334669355947603e-05
00:02:32;9;9.074476991538012e-05;9.257987845627167e-05;0.00011691714708836455;7.460171255243867e-05;8.125070121939808e-05;7.760302075480881e-05;7.680865535452209e-05;0.00011453224224376093;8.622159434294603e-05;4.6652636748169904e-05;0.0001107341301979597;0.00021046609785974562;4.3286575705988895e-05;6.090533290406793e-05;0.0001058745082787027;7.399726101665911e-05;8.241715173265024e-05;7.955151771436905e-05;7.992525644124415e-05;0.00011924467073669481;8.356176840607077e-05;4.9829360837583974e-05;0.00011155512977812935;0.00021524832818268128;4.381815113769726e-05;6.293791725338567e-05;0.00010887199422990008;1.700214860812692e-05;4.686032009259094e-05;0.0007123740390866591;0.00034064522250895754;3.51408232097327e-05;3.3705611132237626e-05;1.5017492033599908e-05;8.478016912157171e-05;2.5269968499587977e-05;7.72301112953405e-06;3.556541797550584e-05;4.892154166226958e-05
00:02:49;10;0.00010426751711375718;0.00010475322345928938;8.702066930419355e-05;5.052543765900323e-05;9.927220738022284e-05;0.00012536378217605076;9.273124751209913e-05;7.712198673847193e-05;0.00014379776792917585;4.8450589368733496e-05;0.0001512973650609307;0.00011195265301466861;0.00011069224612211573;7.974965101518386e-05;0.0001602552419461228;5.0127032950455674e-05;0.00010306542537387319;0.0001231151481182609;9.591529227622277e-05;7.81099357320986e-05;0.00013781597751599464;4.9110874344846764e-05;0.00014626544651934949;0.00011678733721101374;0.00011174240961149217;8.34462117853934e-05;0.00016153756357048627;2.8632520196082444e-05;2.3878117704423926e-05;0.0005554104446300124;0.00012781189383231773;4.512649231027826e-05;7.124484242561809e-05;1.8262072576338354e-05;4.6512491369485815e-05;4.1205886833769705e-05;5.854833743122219e-06;3.210246585125673e-05;4.820597017761659e-05
00:03:06;11;6.63297334323364e-05;6.772614630525695e-05;0.0001134573654964319;6.174208620409031e-05;6.738267063610692e-05;0.00011180984209989798;5.917944974436812e-05;5.4884379807162986e-05;6.111704756635432e-05;6.521727647685276e-05;7.668099063225368e-05;6.909572937274788e-05;4.674709981471055e-05;5.17974417768776e-05;7.030276136468025e-05;6.232566572836294e-05;7.009176951663604e-05;0.00011105366120088397;6.0036955329462814e-05;5.5972959809786275e-05;6.0594117770316316e-05;6.674009043158952e-05;7.876749257291843e-05;7.205733911891739e-05;4.886709004633211e-05;5.33991329069102e-05;7.280745788343262e-05;2.1575768534862695e-05;5.6564588400134005e-05;0.0008696929381068903;0.00017471164581974239;1.987809340387944e-05;2.785095607736808e-05;1.1137253439049671e-05;5.709781562504359e-05;3.459978708453753e-05;5.6929207036755e-06;3.18216554181851e-05;5.086496334381471e-05
00:03:23;12;6.217782021167295e-05;6.360314350613523e-05;9.17753938246781e-05;6.103727069082446e-05;6.852136742323141e-05;6.523628120062726e-05;6.534177539275664e-05;6.160324353355794e-05;8.609036048441835e-05;3.3621246896845235e-05;6.996544038367409e-05;6.830660624307876e-05;4.1386507994254565e-05;4.658266819164551e-05;7.844105126960957e-05;5.992862728057441e-05;7.03221070395983e-05;6.769113577872844e-05;6.737014410657738e-05;6.20207183716577e-05;8.65127696232764e-05;3.415973478234874e-05;7.027192678614932e-05;7.230650617548005e-05;4.3192520070654526e-05;4.815012282420015e-05;8.131138742952961e-05;1.711351891151312e-05;3.637798171599287e-05;0.000477575706652787;0.000332450553367436;2.180162756970068e-05;5.898762456628009e-05;9.877035108814873e-06;4.896081677751171e-05;2.1364058910708737e-05;4.682330311446427e-06;2.5045593445123305e-05;4.706787855882243e-05
00:03:40;13;6.416155634331682e-05;6.435131180745585e-05;6.772532147953029e-05;3.880245655678168e-05;6.304508418576337e-05;6.350323612671424e-05;6.092039366091161e-05;4.83309575698017e-05;5.31324117839011e-05;0.00014586123033537163;0.00010198572963107918;6.149671337011982e-05;3.082880381813621e-05;5.734424249484701e-05;4.468739022007123e-05;3.8098140665377146e-05;6.57823679197279e-05;6.447070810753746e-05;6.315572886993737e-05;4.9156648200078975e-05;5.173399510072792e-05;0.00014104356274931233;9.941044145652765e-05;6.318593231402633e-05;3.09180462564551e-05;5.9628814263225096e-05;4.5631333290933796e-05;1.931427102929235e-05;3.482156858181655e-05;0.000409084904714533;0.00012679630212194433;2.5292708446913964e-05;1.567259578972874e-05;1.1954893124799241e-05;6.059420708577513e-05;3.442625629276403e-05;3.3161686178423388e-06;2.619446376680268e-05;4.523551818215118e-05
00:03:57;14;5.437816413818423e-05;5.5149560777656146e-05;8.752740850097628e-05;4.0745429280584425e-05;7.864283393969758e-05;5.731038223447368e-05;6.39568827926434e-05;7.83719742426828e-05;4.032535114168406e-05;5.373696260138868e-05;6.687672380807767e-05;5.6472118646152836e-05;3.559963904949241e-05;4.5483664440449836e-05;3.50159906681504e-05;3.982982071889476e-05;8.261972783933558e-05;5.8392720244297335e-05;6.572455776556206e-05;7.770355544760352e-05;3.9298679934567005e-05;5.4101174722331325e-05;6.667895590159983e-05;5.762888855614723e-05;3.687285634787028e-05;4.7458656152667585e-05;3.5485121977988545e-05;1.6500140102922856e-05;3.88486563332753e-05;0.0005195510722338786;0.0002530982911962838;4.718591400877015e-05;2.4711822737771626e-05;8.707651309486625e-06;4.430780358653157e-05;3.5920386406412064e-05;3.6233895091249673e-06;1.811466137545898e-05;3.975911321179911e-05
00:04:14;15;5.1555531296220245e-05;5.227922782621677e-05;0.00010702430357554485;3.7964650578653e-05;5.2304943411937444e-05;5.8029795525271766e-05;5.0875373564064254e-05;0.0001021967360450369;7.285749254813048e-05;3.326859052260095e-05;6.310720001775653e-05;5.155311539407524e-05;2.9377046254033054e-05;3.5346874951032575e-05;3.1784542443347163e-05;3.7442857975765024e-05;5.4140262409994565e-05;5.9433277231078194e-05;5.206478705030683e-05;0.00010253475497099512;7.004116629058777e-05;3.3929328137789144e-05;6.463773365506808e-05;5.287732531116167e-05;3.0975330239154484e-05;3.628962652247894e-05;3.29842716635977e-05;1.804857817500643e-05;3.052418629070378e-05;0.0007740316448575944;0.0002800461914590906;3.326002823673943e-05;1.0273251548102926e-05;8.148045686478245e-06;3.0196266892797536e-05;3.20567682327757e-05;3.467972215092718e-06;2.25961704373227e-05;4.164253887483399e-05
00:04:31;16;4.8839513986174346e-05;4.944989683004863e-05;5.065026890719277e-05;3.1376748890724315e-05;5.48374166814111e-05;7.08681333983143e-05;8.999871006277648e-05;3.9318435832249385e-05;3.7572605347949405e-05;2.777655302824397e-05;5.193550522748906e-05;8.724009423779286e-05;3.0190352307809835e-05;3.308275065514656e-05;3.18768468074185e-05;3.0357080400859514e-05;5.649643203411605e-05;7.095210144776686e-05;9.187569437788716e-05;3.896159683744706e-05;3.6460198270439915e-05;2.7171308783515167e-05;5.3656313371626495e-05;8.748690337988938e-05;3.245688702331272e-05;3.523878780170786e-05;3.228544996597486e-05;1.736922720051193e-05;3.9800133887608145e-05;0.00011598030735813891;0.00025119036159473347;3.4183932637599305e-05;1.6729790897350963e-05;8.171367738657613e-06;3.877945311110217e-05;2.5818143547816475e-05;5.161795012519148e-06;1.869810802254555e-05;3.592060587772946e-05
00:04:48;17;5.139318056990305e-05;5.153943069833272e-05;0.00011487210159031692;3.913933109732749e-05;6.849087495972775e-05;6.656240318327697e-05;4.874251898844374e-05;3.07380881126433e-05;4.271249251143093e-05;2.663820248471893e-05;8.425830624632495e-05;6.189181233263629e-05;7.603457167574975e-05;3.6912505288972334e-05;3.45970464004288e-05;3.945309933292668e-05;7.096884600505751e-05;6.549277315594114e-05;4.9966883044719366e-05;3.117677514165746e-05;4.188889611617049e-05;2.6527510156863828e-05;8.026450339894848e-05;6.088197463939167e-05;7.819306064666768e-05;3.808526627283213e-05;3.5573561634217045e-05;1.856718063680793e-05;3.3393837669235026e-05;0.0008431142638041276;0.0002778797888676329;2.956228977580971e-05;2.1358252931805526e-05;7.795100226539945e-06;4.51911800664168e-05;3.611447297805227e-05;2.5441406201953058e-06;2.0806459585433316e-05;4.2138251921747e-05
00:05:05;18;4.2323733959454494e-05;4.351350854230526e-05;4.575966296485947e-05;2.667898747497268e-05;4.7332821279414105e-05;5.217248479993941e-05;4.6102590134337746e-05;3.783754686475566e-05;4.360957495144e-05;4.131648386295307e-05;4.713285529915497e-05;6.682318494519926e-05;2.584576874782711e-05;3.191616914932638e-05;4.111632456597776e-05;2.61073484027661e-05;4.920938470926949e-05;5.52890288199245e-05;4.935830981559798e-05;3.782540300597225e-05;4.278716933416185e-05;4.105476776353095e-05;4.8673541238678834e-05;6.860814695917011e-05;2.7754174672874704e-05;3.377999421934851e-05;4.171482472469782e-05;1.6302324137052394e-05;3.824562763400531e-05;0.00017303297561315845;0.00014973717300854986;3.267203597766671e-05;2.759022453409406e-05;8.34159979993337e-06;2.8654446197067776e-05;2.245025053887028e-05;4.498354305900476e-06;1.6050251102319558e-05;3.154069272969527e-05
00:05:22;19;4.6952079473654024e-05;4.7900615064014645e-05;7.562632133515432e-05;5.2976116315697006e-05;5.2502220931025725e-05;5.28212375198481e-05;4.630669367987718e-05;3.797455145037144e-05;3.469627302685942e-05;4.1592855578445864e-05;5.9950705132326796e-05;4.6306911653718174e-05;2.4422118970206114e-05;4.025466145662904e-05;7.362059550463196e-05;5.4995942517490234e-05;5.511312213721921e-05;5.4338873764485286e-05;4.811197942228917e-05;3.901674346154691e-05;3.41051864215612e-05;4.059242309256062e-05;5.885062485423434e-05;4.7762628554077704e-05;2.59961510247321e-05;4.184201350630868e-05;7.408168017672657e-05;1.6184823111233743e-05;2.8259218337192647e-05;0.0004902898715065741;0.00018509564704844605;2.7390269776566694e-05;2.9801151618737745e-05;6.6086368475208195e-06;4.70702887488624e-05;2.4858155049457013e-05;2.0270348228452086e-06;1.780364646920892e-05;3.212711268520678e-05
00:05:39;20;3.885742512466095e-05;3.9885863483090634e-05;3.8443515776272885e-05;3.060208002962513e-05;4.011964407688786e-05;4.401067148891839e-05;4.499792626688759e-05;4.800450264497158e-05;3.46067896905631e-05;4.000351447075445e-05;4.4482512627362006e-05;4.537713203169667e-05;2.202062932031946e-05;4.32882284206409e-05;2.8775458050941697e-05;3.188730136836183e-05;4.2542779703603914e-05;4.575563126090395e-05;4.6015448224122185e-05;4.722181376242197e-05;3.39688922855502e-05;4.0770928351292566e-05;4.5988514355923157e-05;4.731092490204256e-05;2.31301851214729e-05;4.50737604031802e-05;2.896417107520024e-05;1.576277886719082e-05;3.071236483967258e-05;0.00015293771037926332;0.00010361971799932766;3.320965451748799e-05;1.340730613084082e-05;5.649655598846827e-06;3.0087868457637542e-05;2.557737707891063e-05;2.6758803198703182e-06;1.529978611063863e-05;3.238208901558746e-05
00:05:56;21;3.835732374826958e-05;3.9028692863442455e-05;3.3848021153802375e-05;2.5079357017303167e-05;5.780140814563724e-05;4.5904277692960186e-05;4.5155144856711225e-05;3.737628375688473e-05;3.627721288911413e-05;3.165513300922901e-05;4.5480105926158515e-05;4.1973870031080715e-05;2.5595895389136043e-05;2.740264046963148e-05;4.058654207287046e-05;2.566017631383884e-05;5.9853958318163225e-05;4.747141498182252e-05;4.5996486779252254e-05;3.723443797419269e-05;3.5518630433723015e-05;3.107967101721995e-05;4.648748207601565e-05;4.241623196609413e-05;2.717542364838595e-05;2.8743722361491853e-05;4.0706658654914775e-05;1.7127934659242008e-05;4.30619761971475e-05;8.504438230180986e-05;9.851260835001661e-05;3.6914261070351514e-05;1.3837547456444259e-05;5.540237868811978e-06;2.9427958250123844e-05;2.418266193138032e-05;2.7477448877920235e-06;1.760251228814924e-05;3.217642858435939e-05
00:06:13;22;3.7454795424516554e-05;3.8428752535005114e-05;4.2772924766816214e-05;3.2050008645579844e-05;3.8784643428677803e-05;4.8473739812235095e-05;4.682121283911494e-05;2.7651384016280645e-05;3.6887985683878554e-05;2.410357851607097e-05;4.2498111957394776e-05;5.764949022270891e-05;2.2061461710233164e-05;2.865073618223009e-05;4.3825177370267326e-05;3.207342416328773e-05;4.007410051933301e-05;5.072318522194754e-05;4.822155628799125e-05;2.7988826596937762e-05;3.693858025720066e-05;2.4889971232196445e-05;4.3449626094956374e-05;5.911848683918154e-05;2.3958091701445747e-05;3.016880818213855e-05;4.354036321538969e-05;1.6914081676277945e-05;2.8814798211036638e-05;0.00019633940035192887;0.00011062645620770201;3.7084377695000166e-05;1.542633429593658e-05;5.336464172266348e-06;3.1616129291876755e-05;2.073196708327265e-05;2.9702094241201836e-06;1.6661458895917765e-05;3.075341989645867e-05
00:06:30;23;3.4078852580292235e-05;3.516451328369506e-05;5.04435222889089e-05;2.578299246765296e-05;3.5567277233316084e-05;3.921899201228288e-05;3.9672413374153784e-05;2.698560246017223e-05;3.486557801321314e-05;3.759933660386526e-05;4.7535354145690114e-05;4.72856486262365e-05;2.815086280866746e-05;2.4865837938198805e-05;2.1416318931115214e-05;2.620287431213162e-05;3.7505992841494234e-05;4.076574773132017e-05;4.1773514625029875e-05;2.702716685948699e-05;3.436573894725393e-05;3.7796821317575055e-05;4.72882317428483e-05;4.9413725074499996e-05;3.0649096838197127e-05;2.6412911890325126e-05;2.2772318850082782e-05;1.855600575073408e-05;3.1953573242130146e-05;0.00026241033161572693;0.00013915544030635962;2.9181844153546093e-05;9.456603363406828e-06;5.415515881956771e-06;3.504468151015596e-05;2.1482184211843518e-05;2.5950413859810054e-06;1.5806420509314013e-05;3.426462553575146e-05
00:06:47;24;3.16454792875282e-05;3.2521332367293866e-05;7.341601315267948e-05;2.231426006460424e-05;4.1826108328409234e-05;4.2487228070471744e-05;3.872254308910008e-05;2.644811037555428e-05;2.5935713949820638e-05;3.070088182901352e-05;4.2185145872508656e-05;4.1709692487240154e-05;1.980339540869574e-05;2.4942964733492605e-05;2.266969472037255e-05;2.240008486492288e-05;4.3980512888497924e-05;4.399900409006926e-05;4.05503008930938e-05;2.6792996207784854e-05;2.5479110079202977e-05;3.012301936053783e-05;4.2778737028866204e-05;4.276654887885516e-05;2.136316651316681e-05;2.6351741026597735e-05;2.367075508636499e-05;1.651196806421623e-05;4.168172230699878e-05;0.0004220300694894197;0.00024218621702575666;3.569337220848091e-05;1.6503940153359427e-05;4.9453873586610484e-06;2.720393398091953e-05;2.2169667698166492e-05;2.4055515205061003e-06;1.4681229704538272e-05;3.4979098321130614e-05
00:07:04;25;3.17252720611288e-05;3.2693747465301283e-05;5.439261748259899e-05;2.1555103403029946e-05;3.53294630935414e-05;4.66365874971912e-05;4.201675199831036e-05;2.6265178153618184e-05;3.0921375732553067e-05;1.938011980293843e-05;4.249821887469807e-05;4.198144211965303e-05;2.2302712984221465e-05;2.827831336431204e-05;2.353798573360357e-05;2.1509771579099214e-05;3.734069989288308e-05;4.7340569317729886e-05;4.408550357535965e-05;2.7249164154857716e-05;3.026210467822561e-05;1.9025376349406854e-05;4.285715955649974e-05;4.367508025305004e-05;2.4070791035147878e-05;3.0678484131673444e-05;2.423025020843967e-05;1.5953930078598598e-05;3.334542973455503e-05;0.0002919043962655652;0.00015979641886855047;3.236945615179386e-05;1.236790125133211e-05;5.007091861556596e-06;3.0320277232452443e-05;2.2335836392551838e-05;2.2819045733566615e-06;1.4983894211974292e-05;3.204487316890075e-05
00:07:21;26;3.12013117293604e-05;3.210478199791764e-05;4.112745035793471e-05;2.1111501932967837e-05;3.6038829428910255e-05;3.8402266072394426e-05;3.878709546515066e-05;3.0063031931345822e-05;2.55048607662254e-05;2.694626844598505e-05;4.270504536986085e-05;3.944129323682236e-05;1.9242962854997874e-05;3.090610910951661e-05;2.5266464677739268e-05;2.1365831965835518e-05;3.8034620933725405e-05;3.999635481693387e-05;4.050240588899041e-05;3.047975300018428e-05;2.5624806502365353e-05;2.6927133897320174e-05;4.3318014567249304e-05;4.0829638813112425e-05;2.070096886626156e-05;3.1803318420373483e-05;2.5674524479228828e-05;1.5628204004168928e-05;3.2181460743118736e-05;0.0001775210513585129;0.00010950075304954139;3.516929642491495e-05;1.6013045517583545e-05;4.827893674623824e-06;3.147662909179525e-05;2.2703196247477676e-05;1.9742549956500573e-06;1.493564317506443e-05;3.159797601276474e-05
00:07:38;27;3.162146712621837e-05;3.257932057519461e-05;3.897419499570188e-05;3.1530295780674514e-05;3.5111665213931204e-05;3.743460466280753e-05;4.035674877720587e-05;2.9033888217420348e-05;3.283486979005995e-05;2.3595432470425624e-05;4.329101726987326e-05;3.8763332197917904e-05;2.0884417361861036e-05;2.14879712736795e-05;2.5133350002254868e-05;3.246906840392017e-05;3.6547934944826895e-05;3.9056150623614886e-05;4.247144796506832e-05;2.9341605551064874e-05;3.24565235017342e-05;2.324925492446917e-05;4.325001484889808e-05;4.022588443229877e-05;2.2449055409830364e-05;2.329067591503351e-05;2.614421890352269e-05;1.571055356957027e-05;3.061656841442913e-05;0.00016022831273989369;0.00011400282350366258;3.206536866662185e-05;9.736371521010211e-06;4.685058856275457e-06;2.9387068232361887e-05;2.2381545743811817e-05;2.1442363945807684e-06;1.560299493101615e-05;3.1129437375189044e-05
00:07:55;28;2.9678385834069392e-05;3.070885982715136e-05;4.1083765841376053e-05;2.2564406544295874e-05;3.5355969825704136e-05;3.61694777252937e-05;4.0531840359004825e-05;2.92512776215145e-05;2.4966459689453174e-05;2.3070855612352467e-05;4.004784225292662e-05;3.9863652923279666e-05;1.878688369768869e-05;2.3263660923786038e-05;2.2268291849834235e-05;2.31307517481847e-05;3.744174671139055e-05;3.8117558653562187e-05;4.2863371336237305e-05;2.9688639061314e-05;2.4672513075218583e-05;2.2540230123853734e-05;4.106995381530569e-05;4.1228727367743434e-05;2.030423471711125e-05;2.4485523635455217e-05;2.2963056259949197e-05;1.6025932077654503e-05;3.0975941659085594e-05;0.00017883036639390374;0.00011376927971796521;3.2588477297024895e-05;1.4335585183068456e-05;4.715382539764545e-06;3.1359191741591784e-05;2.137264861052691e-05;2.3640965341244858e-06;1.5202212091215968e-05;3.146607625058644e-05
00:08:12;29;2.948087219000296e-05;3.071180000478296e-05;4.3077064429967994e-05;2.1742207270459733e-05;3.604989651183711e-05;3.60498392446764e-05;3.863669034971777e-05;3.090898058453397e-05;2.633856704454212e-05;2.4920062558790463e-05;3.7487363088799114e-05;3.7099568460389904e-05;1.9583683297241805e-05;2.3513088022882172e-05;2.1440509818469103e-05;2.273434305998653e-05;3.7639102594789906e-05;3.8467082026439626e-05;4.060639320748204e-05;3.154785503560376e-05;2.5918416374420475e-05;2.5021105724176145e-05;3.8874628927847485e-05;3.922275022829771e-05;2.1096188810346738e-05;2.487531447180037e-05;2.253840938453633e-05;1.589384601800277e-05;3.153702768621822e-05;0.0002017902295799202;0.00011697756124883144;3.228580962884894e-05;1.4333112246007643e-05;4.741095341323384e-06;2.8285162494367118e-05;2.1757618647564643e-05;2.2408331964915797e-06;1.5028002009011017e-05;3.205447506302899e-05
00:08:29;30;2.9618603026516542e-05;3.060572119385499e-05;4.9702339148749096e-05;2.27983233003215e-05;3.5961341028083055e-05;3.700238343640194e-05;3.8875593746338794e-05;2.614740357904049e-05;2.6445115607161412e-05;2.445572854722658e-05;3.8091859843027784e-05;3.8081556627131164e-05;2.0505807075788983e-05;2.4085033218894253e-05;2.297308061956342e-05;2.347484990457792e-05;3.793654933717703e-05;3.8853815475462556e-05;4.064976325670487e-05;2.7032830363583067e-05;2.6266262201589378e-05;2.3308190572572152e-05;3.9446154500459486e-05;3.974032862763262e-05;2.1890478566564512e-05;2.514826171792737e-05;2.3521162917479414e-05;1.5875414384632293e-05;3.207742706998007e-05;0.00025940186252069357;0.0001387767277618394;3.084960881987762e-05;1.3655707479125247e-05;4.6871075793874905e-06;2.92660359740381e-05;2.2275323920870218e-05;2.1826003294386876e-06;1.5418100298289633e-05;3.196215364681672e-05
00:08:46;31;6.177045735388343e-05;6.224934889970324e-05;5.1752552627086665e-05;6.355109714594288e-05;6.940721704557456e-05;4.6956209682879155e-05;7.639390681581723e-05;5.1786096130192824e-05;5.7664806118654354e-05;4.2485301256853994e-05;9.184640738753428e-05;4.510300133957075e-05;0.00011725373858243157;3.9283063084770795e-05;3.951462274058444e-05;6.332242775920637e-05;7.356048634023807e-05;4.887190730590226e-05;7.810776026682233e-05;5.2683939498774056e-05;5.737772563073041e-05;4.320609369193634e-05;8.586916070110223e-05;4.656289624845273e-05;0.00011949878010259281;3.91155285854703e-05;3.881546270556872e-05;1.8428739061755077e-05;4.72220437412513e-05;0.00021087643829341424;0.00015483624852472347;3.055495228421495e-05;3.2128835651285055e-05;6.215339153073961e-06;4.11073490616765e-05;2.2370989734217296e-05;8.599666217082693e-06;1.647573072603978e-05;3.221429907630578e-05
00:09:03;32;4.612260863206591e-05;4.6532022725507803e-05;4.817746298132222e-05;3.0612147903432494e-05;6.069986780878687e-05;5.740530891464666e-05;5.3096037295187095e-05;3.4144368876034356e-05;5.2267308536680836e-05;3.0303543181534305e-05;6.045824383963091e-05;4.9415313908825325e-05;2.7884387365743763e-05;6.403857855730166e-05;3.314618337733257e-05;2.9186796336368468e-05;6.190244876282272e-05;5.766298489083677e-05;5.476839035083363e-05;3.288048800284373e-05;4.98592501260853e-05;3.0104803839474444e-05;6.178587864269502e-05;4.9384211372772726e-05;2.9585430350875235e-05;6.807220180937431e-05;3.319137092919938e-05;1.4441751206758876e-05;4.686682406056415e-05;0.00010948181385654073;0.00014183624076334682;4.181424047799229e-05;0.00011324753201471728;5.2509828848907944e-06;3.399688689267001e-05;2.138203134108531e-05;2.3047071071285455e-06;1.6924699809128732e-05;3.058184536104311e-05
00:09:21;33;6.570411964255321e-05;6.639850867434723e-05;5.000693643937267e-05;6.39393417791532e-05;0.00012823419613348298;6.231056144398198e-05;4.665298919286959e-05;6.966194967297021e-05;3.289976446684374e-05;5.086111903293303e-05;5.328569992777623e-05;5.968524122450121e-05;5.375507597384719e-05;0.00013203867919483773;3.512479382162713e-05;6.47857411848558e-05;0.00012599256099091218;6.252471032468426e-05;4.9527804054101764e-05;6.869249474117237e-05;3.252021113301545e-05;5.1888132026150844e-05;5.349298180014638e-05;5.9692130797642835e-05;5.541757689317382e-05;0.00013613569015295162;3.61120479122096e-05;1.631326791317228e-05;9.464794776804108e-05;0.00018872428497036561;0.00011300069160121054;5.25452862225129e-05;1.7720713649622517e-05;5.149520330280942e-06;3.224448448526199e-05;1.9256998170082288e-05;8.855734929376161e-06;1.9472172139882056e-05;3.215213509266372e-05
00:09:38;34;4.84593989126965e-05;4.9164343538363994e-05;5.321007640825962e-05;2.950408054402942e-05;3.955990662647805e-05;3.929646398794582e-05;4.619381744222747e-05;4.911662053721309e-05;3.303849919689128e-05;6.473523137370566e-05;7.175724421544642e-05;7.534729637758242e-05;2.478122192170221e-05;2.902393934401847e-05;7.915845084612143e-05;3.03565752744097e-05;4.097551619118268e-05;4.13266711975551e-05;4.90476716929808e-05;4.822106360665248e-05;3.262545341604442e-05;6.600804827721271e-05;6.88979028071324e-05;7.777898617514668e-05;2.6287893301223795e-05;2.9968088803130578e-05;7.847823029276443e-05;1.859281754392238e-05;2.5586622707552242e-05;0.0003181121533091314;0.00010769484025871984;3.2896232912403304e-05;1.9253024927913144e-05;5.278670176102218e-06;3.526270161431523e-05;2.869529742168067e-05;2.206500539006759e-06;1.9850732247560375e-05;2.509132324080788e-05
00:09:55;35;4.2927753916253344e-05;4.348678947603212e-05;6.08262610448228e-05;3.073350864404099e-05;4.7874056039373414e-05;4.375342006503822e-05;7.525978755686744e-05;4.787871215615848e-05;3.1571236098154095e-05;2.9149637519119345e-05;6.430087712384524e-05;5.42668234815706e-05;3.071616891309697e-05;3.088297159014143e-05;2.874583278805238e-05;2.9812704833833017e-05;5.0464396908749604e-05;4.4256660462279e-05;7.735751394279702e-05;4.6895119834792965e-05;3.165489286840068e-05;3.0509787324309066e-05;6.127402957645245e-05;5.4949869403963364e-05;3.299894093818037e-05;3.213228836424996e-05;2.9535255542881876e-05;1.7279212953849208e-05;3.845980687250287e-05;7.949696595024348e-05;0.0002999231471003772;5.881282738207328e-05;0.00012800048175897483;3.6122256782667494e-06;3.4434023863246905e-05;2.5430418402695434e-05;2.9844884576268013e-06;1.3487208982749898e-05;2.7994325135267037e-05
00:10:12;36;4.1711308716168624e-05;4.2438538394326086e-05;3.981706310933976e-05;2.9032099581110575e-05;3.9239935463538956e-05;3.78978762088619e-05;8.700529993823444e-05;2.7743723994045798e-05;3.120714664687925e-05;3.220622966699177e-05;4.083132170959206e-05;5.990244190715285e-05;1.943466766233955e-05;5.871517921140036e-05;3.731976759333768e-05;2.9167917713079354e-05;4.061828078676304e-05;3.914178793095317e-05;8.61931209639599e-05;2.8712504243668276e-05;3.159110984378907e-05;3.316655560802592e-05;4.1302634380821174e-05;6.0888970979191714e-05;2.0920720757364704e-05;6.07930546778599e-05;3.676578802973197e-05;1.7492216793520562e-05;2.2032390785415368e-05;0.00010292047003550293;0.00015628421545954037;4.3625353215882503e-05;4.3849986156154587e-05;4.958814319147064e-06;2.168205895072791e-05;1.717632641697785e-05;2.15021649095749e-06;1.2773744343275548e-05;3.285896434497488e-05
00:10:29;37;3.749903499087023e-05;3.846796138117773e-05;4.283078170934308e-05;2.90225612967664e-05;6.487981589357746e-05;3.699715646441539e-05;3.620200212915072e-05;4.7535409666207585e-05;2.400107943727066e-05;3.100407334567411e-05;3.5657356541853666e-05;4.499421243312182e-05;3.132669027779271e-05;2.6426106670514443e-05;4.1941940992273885e-05;2.875856727216528e-05;6.720698287539608e-05;3.908475842256883e-05;3.772450327232946e-05;4.759277063281912e-05;2.3881193486932382e-05;3.098854145557911e-05;3.718175646065015e-05;4.569424292432952e-05;3.244881676598393e-05;2.7516096244791605e-05;4.353729353262011e-05;1.3912975205573079e-05;3.877060630265158e-05;0.000172372346660525;0.00013645809431391264;3.6132794497836186e-05;2.5272937016113837e-05;3.828374982626419e-06;2.6516675421872987e-05;1.5518965060588517e-05;3.956913455934327e-06;1.2201730694009358e-05;2.9026966900473112e-05
00:10:46;38;4.94431969080076e-05;4.953934243346765e-05;8.558126353446822e-05;2.1798593408561828e-05;3.3586573667062936e-05;7.227230261977721e-05;6.870890759232266e-05;2.9422360800491663e-05;8.363088793120451e-05;0.00010368648360719652;3.821002059629047e-05;4.848372959352012e-05;3.493053445037152e-05;2.1510790458282e-05;3.7077165387700006e-05;2.1262415107748546e-05;3.522639254018181e-05;7.310147693600282e-05;7.169360768888441e-05;2.9703721833633424e-05;7.788891737537954e-05;0.00010275177574160957;3.8652978322647003e-05;4.820426799102003e-05;3.57001105920615e-05;2.286614780351107e-05;3.742028572180314e-05;2.0330858723141213e-05;2.8672188626020828e-05;0.00035974014619093636;0.00041397793280108664;4.17840582189336e-05;6.928215614283063e-05;5.978141819919742e-06;2.997449336207448e-05;1.6083027172469995e-05;4.023075346608525e-06;1.2485001572321185e-05;2.464408243727577e-05
00:11:03;39;3.225297504110875e-05;3.249171512132169e-05;0.00010613742430037523;2.211648830361603e-05;3.592446347769592e-05;5.071138792283653e-05;3.79977425459608e-05;3.188362518099811e-05;2.3228419806287093e-05;2.330691603317932e-05;6.115836498565841e-05;3.315337564593144e-05;2.040058427351968e-05;2.708568814439745e-05;2.00686314364227e-05;2.285853623083934e-05;3.77514524983251e-05;5.0600995460696096e-05;3.9091931296441754e-05;3.101756421436889e-05;2.2548355250192004e-05;2.351421281224547e-05;5.855629841548013e-05;3.4165158801523474e-05;2.2038844011298857e-05;2.7314962136199626e-05;2.044225723843335e-05;1.5340489371987604e-05;2.7921192729083414e-05;0.0007248361631500022;0.0002904062993033616;3.8871320286441826e-05;7.69917450091927e-05;5.718909645820666e-06;2.8323679636041147e-05;2.391263008980507e-05;1.7493000819401332e-06;1.1237673163811222e-05;2.8339689137014832e-05
00:11:20;40;3.2082995222605284e-05;3.2938336793265506e-05;7.011816583941498e-05;3.47779721168577e-05;3.012768552097937e-05;3.4274276520756594e-05;3.892058120155443e-05;2.234899061968256e-05;2.2461271958656486e-05;2.203159285649938e-05;4.8089460834303694e-05;4.0992947338674476e-05;2.074115940589846e-05;3.1510110633545e-05;3.8719881155719286e-05;3.577661279646409e-05;3.133795751959433e-05;3.636014019931177e-05;4.121747113896174e-05;2.314369954501096e-05;2.1932649867232635e-05;2.2431951187679225e-05;4.8306068446770124e-05;4.15584728918613e-05;2.251229875870609e-05;3.180843332647552e-05;3.88742718763452e-05;1.527840383044579e-05;3.5159574979017496e-05;0.0003391883405003432;0.0002697238630309115;4.5025417407339334e-05;3.293045394102127e-05;3.4864169208535506e-06;4.173773358627336e-05;1.9564516091975048e-05;4.1389835628203395e-06;1.3278900363948037e-05;2.190538585803078e-05
00:11:37;41;3.3659656922550724e-05;3.459173265444498e-05;4.0150353887882696e-05;2.1475403228650563e-05;3.758885018679724e-05;3.9952159353747035e-05;5.289162502012087e-05;2.688471691152989e-05;2.4343797158301392e-05;1.7801130724137693e-05;4.073855439721476e-05;4.658681581562715e-05;3.8385708964225074e-05;2.1781761638160127e-05;3.5485345173149405e-05;2.1672940892119498e-05;3.910034234949411e-05;4.126213094377242e-05;5.524118414886968e-05;2.6924069579418075e-05;2.4137550640204345e-05;1.8673107862486164e-05;4.016114779673605e-05;4.8227547923960616e-05;4.1478415069728796e-05;2.2423184430097742e-05;3.57991566143258e-05;1.3786418152381136e-05;2.968385261809581e-05;0.00012047170800600641;0.00015449167440976136;4.795948582011677e-05;3.351953129242631e-05;3.5971259096989116e-06;2.214667583458439e-05;2.1166380962476856e-05;3.3895583779598173e-06;1.0457668152685565e-05;2.1134167118398944e-05
00:11:54;42;2.9212152590864868e-05;2.9803300773742598e-05;4.508631435063773e-05;1.789680541977842e-05;3.0162510119618506e-05;3.108746955924537e-05;3.462247299911393e-05;3.849971444031491e-05;2.1781954865735482e-05;2.0834337508869215e-05;2.9830842885820115e-05;4.329890514947527e-05;3.5469230893299525e-05;2.117092520718829e-05;2.5890652794528663e-05;1.8148003849241428e-05;3.100565085839628e-05;3.1541375910474245e-05;3.676101962959871e-05;3.822755050212528e-05;2.1600509666590185e-05;2.1856011319212923e-05;3.0453820497164492e-05;4.285664247998031e-05;3.730825243755008e-05;2.1168075409725964e-05;2.6712685212260112e-05;1.6159728700656405e-05;3.598684196630145e-05;0.00018699702922707733;0.000150944550461204;4.846631530431354e-05;1.936689078519752e-05;3.210857539497622e-06;2.2424099236616385e-05;1.7111302955619805e-05;3.799236848234058e-06;1.1967830306752756e-05;2.4601088876181985e-05
00:12:11;43;3.9527172930320376e-05;4.035055762064006e-05;0.00014815939642451054;1.845682042755925e-05;5.581435015177373e-05;5.24865603081666e-05;5.967486847876816e-05;2.0254595900775545e-05;4.017693190018111e-05;2.296139212825727e-05;4.4507996542299885e-05;8.879671111633962e-05;2.064871641558532e-05;3.2198544534945874e-05;1.8348570985825642e-05;1.8406980105490083e-05;5.917680281055266e-05;5.1595007133511e-05;6.0958046019607804e-05;2.1061172550547825e-05;3.8902050031929664e-05;2.33684164713044e-05;4.486212239061376e-05;9.156388326038171e-05;2.1977622687884406e-05;3.3479696614012015e-05;1.885487681993024e-05;1.7983715861636107e-05;3.0230527426837587e-05;0.0008950556994513716;0.0006907414428489534;4.225716621711237e-05;1.3181862889432483e-05;5.960134172667032e-06;3.0076392038926423e-05;1.7220534081559158e-05;1.733413158362043e-06;1.0337122121972189e-05;2.3134746825296113e-05
00:12:28;44;2.5046881223612548e-05;2.5856258559277976e-05;3.7269459417346415e-05;1.8016669699250087e-05;2.688197137052322e-05;3.0742173309632065e-05;2.9145881339590314e-05;4.2393269593917054e-05;3.275528684877248e-05;1.4347527726696088e-05;2.6703131239132332e-05;2.7555633930763758e-05;1.7793292182039462e-05;1.708071928874233e-05;1.7147011366670416e-05;1.829377891491403e-05;2.8057931742779735e-05;3.2091763882184566e-05;3.1420853702002205e-05;4.191266590986501e-05;3.216735295390657e-05;1.5003424524837999e-05;2.780587723625299e-05;2.8550127987002753e-05;1.9136321463543316e-05;1.8103078345339333e-05;1.773191831224595e-05;1.4462067756180937e-05;2.962222337775595e-05;9.68764321435703e-05;0.00013637613035115414;5.1791978290130185e-05;3.8328273309419885e-05;3.7634914213795205e-06;2.057636349519453e-05;2.008457614604203e-05;4.00065526327335e-06;1.186630948582616e-05;1.948501196822999e-05
00:12:45;45;2.9258701328093263e-05;2.988395078053928e-05;4.0745926987507124e-05;1.802826567918394e-05;3.070728410069602e-05;3.126039454121548e-05;3.555559391605295e-05;3.3991565324888803e-05;3.809845470021339e-05;2.4760942746514626e-05;3.3076880718206006e-05;2.7057461692110834e-05;3.451804538589055e-05;2.3367937664240593e-05;2.0681579861368185e-05;1.8065072737631972e-05;3.173049907085833e-05;3.1646236643206944e-05;3.763811958068098e-05;3.45981079590274e-05;3.7090824973140256e-05;2.4813101822186168e-05;3.286726470971097e-05;2.8062512418601508e-05;3.697866217223662e-05;2.3224845721461527e-05;2.1892152727571244e-05;1.3496042368706284e-05;2.3573097864520188e-05;0.00010733888122652084;0.0001611010274186605;5.338303958339111e-05;5.356802872932283e-05;2.8586212182029687e-06;2.1789139849234136e-05;1.676303814073423e-05;4.671281871891212e-06;1.0418838939612008e-05;1.999008663928908e-05
00:13:02;46;2.494761291286936e-05;2.5779016670893254e-05;2.853096321788241e-05;1.6473055152682097e-05;4.6415477987176764e-05;2.8943416974801618e-05;3.330295612613554e-05;2.721143874721706e-05;2.1418161407185917e-05;1.7796168738083328e-05;2.654500673186662e-05;2.7563908929550962e-05;1.9429753273605208e-05;1.584493219556035e-05;1.8427071562531307e-05;1.6657007707388266e-05;4.821388878715166e-05;3.0562739648533505e-05;3.481890036963233e-05;2.7405098955592e-05;2.1407327926393505e-05;1.7958183025832943e-05;2.7539000268605584e-05;2.8955009493304864e-05;2.049224218077327e-05;1.647965404163763e-05;1.885913962159745e-05;1.3645459381180903e-05;2.701352337656662e-05;8.045366043368486e-05;7.192493636340353e-05;4.5657438718011986e-05;2.6883787396730804e-05;2.6666976701967256e-06;2.0956828205056006e-05;1.6294907190306973e-05;3.926468034473901e-06;1.0584282422305324e-05;2.236356942267121e-05
00:13:19;47;2.8871617235960333e-05;2.9863673078096647e-05;4.4368037431933244e-05;2.2803557881574804e-05;2.41468492083124e-05;4.1452050735105416e-05;3.145080189752166e-05;7.082574542623247e-05;1.718345691482558e-05;1.8004281384068317e-05;3.4540538716886324e-05;3.092066640419944e-05;1.3087657386925208e-05;2.137208050292181e-05;2.067171178055105e-05;2.41689508872201e-05;2.5263354910760115e-05;4.3827003399293304e-05;3.3799991866498534e-05;7.147378744752754e-05;1.6762228070443668e-05;1.8671814520726174e-05;3.4883563739064894e-05;3.233277861966863e-05;1.4525422315434494e-05;2.1698415504851013e-05;2.0956754833835625e-05;1.3913297622551928e-05;3.442315234620114e-05;0.00012850027986547095;0.00018764361932055193;5.5271254321558706e-05;2.4184246755121697e-05;2.886682812049658e-06;3.174809123618383e-05;1.9382858502542048e-05;3.641167474434531e-06;1.0766262167336544e-05;2.005553675919607e-05
00:13:36;48;3.006837687797253e-05;3.065837158886362e-05;5.1019015025808364e-05;1.7991849675395727e-05;2.7986618241791142e-05;4.175609904745091e-05;2.8173310785074467e-05;2.4880610798628698e-05;2.700710121866285e-05;1.736058276755805e-05;3.586337389678688e-05;7.256579189887898e-05;2.760828402482606e-05;2.0319775315287686e-05;1.9307114815670833e-05;1.8833316672395155e-05;2.9158315037766214e-05;4.145276324368153e-05;3.0312676152547445e-05;2.5020805429748284e-05;2.640232016830528e-05;1.7581008141630114e-05;3.631141796948306e-05;7.19132051616023e-05;2.8997560559817636e-05;2.1465668926137807e-05;2.0451389405658304e-05;1.9225978582941347e-05;2.871353577753798e-05;0.000295898623574477;0.00012662798841091614;3.7421486585631264e-05;2.0006451970308105e-05;3.1442111699578935e-06;2.579838331022727e-05;1.969786462928137e-05;2.766617053299389e-06;1.0303186036575863e-05;2.2623853208546735e-05
00:13:53;49;3.0668913346041585e-05;3.131010368023557e-05;3.335729680568837e-05;2.9088182320048293e-05;2.2476302942467637e-05;5.316443035626021e-05;2.8064167297130055e-05;2.7463086674763623e-05;2.2731019667916868e-05;6.151581610486738e-05;2.8452223310957628e-05;3.346752195522061e-05;1.5497693988725754e-05;2.0030978587018662e-05;2.6075525730882212e-05;3.0050951967427e-05;2.3989291974753023e-05;5.4463623281305985e-05;2.9911523701161103e-05;2.7437848409216357e-05;2.2071462739450574e-05;6.249169308818947e-05;2.9270382928868308e-05;3.378062269170002e-05;1.6025834726481007e-05;2.031427282164731e-05;2.591372756082992e-05;1.272332177446138e-05;3.2539232624515504e-05;0.00012069788176889419;8.784187748429837e-05;3.96197918867008e-05;2.4504190961736954e-05;5.671804348951e-06;2.3183433669898482e-05;1.9760544268656972e-05;5.086044423903901e-06;1.0086333348936861e-05;1.8573105107306e-05
00:14:10;50;2.2235366923372236e-05;2.2951664274692525e-05;3.1587490498587006e-05;2.0110517915193007e-05;2.4313953249785218e-05;2.7107140275781852e-05;2.9998720828478493e-05;2.2899736078133255e-05;1.9267648915708627e-05;1.9009848354688653e-05;2.3146082292348844e-05;2.83034720832182e-05;2.1346220403405493e-05;1.3096228635524973e-05;1.8224826420846924e-05;2.0182011097329196e-05;2.5608132287006696e-05;2.7868458254246596e-05;3.239984779830144e-05;2.3590139093518898e-05;1.8834152820378635e-05;1.8958559204419763e-05;2.4514350288767142e-05;2.849036948795908e-05;2.2702059141010977e-05;1.3637777959082064e-05;1.8634106640138846e-05;1.5243069489267128e-05;2.8897031964774084e-05;9.836673603636223e-05;8.909516547083038e-05;3.9392444970944157e-05;2.319381059732213e-05;2.8323084678117048e-06;2.716984554690293e-05;2.0012945601667048e-05;3.3637540099180535e-06;1.0554738209026443e-05;2.0928035618217838e-05
00:14:27;51;2.2097560128548306e-05;2.2953913581728512e-05;4.2073119754845345e-05;1.3768081610072096e-05;2.4955614918553692e-05;2.3118283358123584e-05;3.907304471278456e-05;1.8483735810935865e-05;1.4925423269186343e-05;1.8883353860778904e-05;2.6528587457360945e-05;2.8325652208267954e-05;1.5359636014460936e-05;2.6230095153840178e-05;1.5519205906467835e-05;1.4265531464406183e-05;2.616752031895839e-05;2.4356676741389712e-05;4.105939872635092e-05;1.9250613293686774e-05;1.507104608910733e-05;1.945040148827122e-05;2.7208148914056275e-05;2.930830142079835e-05;1.697323492822485e-05;2.608356417228226e-05;1.62525204267453e-05;1.4537902433406416e-05;2.7428466808960118e-05;0.00018462832283729197;0.00012280971285893923;4.351989709106705e-05;3.399604866822233e-05;2.503000157447402e-06;2.3977487024029444e-05;1.8116202382109132e-05;2.3881880401089806e-06;1.038688569532161e-05;2.0585323061240398e-05
00:14:44;52;2.3581478188816618e-05;2.437255866022462e-05;2.857293050310592e-05;2.9725171555386705e-05;2.5554554846187536e-05;2.8418314467547713e-05;3.661162479447326e-05;2.726353428463633e-05;2.2909473459135782e-05;1.3188324857728937e-05;2.9631779266413684e-05;2.5561280293376594e-05;1.6827845691771223e-05;1.428769363378344e-05;1.2998133371411313e-05;3.136432220528633e-05;2.6528908683412966e-05;2.8893770659239257e-05;3.894858491548803e-05;2.717567685631596e-05;2.2636598524640468e-05;1.3601184577907323e-05;3.020320851831031e-05;2.62752882572616e-05;1.8420503658512933e-05;1.4789768458654237e-05;1.3632881020868485e-05;1.4833931117751287e-05;2.8796930871142277e-05;6.612622321232019e-05;9.01167875971862e-05;3.666578243874655e-05;2.4278283481518557e-05;2.3497330714643637e-06;2.6050548086559742e-05;1.9577193750850422e-05;3.272001399036204e-06;1.078095470084223e-05;2.002679630985289e-05
00:15:01;53;1.9243875633698984e-05;2.011856930591962e-05;3.288551920402948e-05;1.229536343639769e-05;2.498540561129465e-05;2.2219438887108563e-05;2.5860408446088844e-05;1.6667355861376233e-05;1.360611138584938e-05;1.500627201845749e-05;2.1789630313729834e-05;2.3398555214271255e-05;1.783589609774791e-05;2.2771906647537062e-05;1.4490156374336038e-05;1.2793651623286667e-05;2.6054501672027797e-05;2.369195363492428e-05;2.773582454659546e-05;1.7503368740741464e-05;1.3765272434526035e-05;1.538623637085798e-05;2.2888869352755137e-05;2.4131140003479645e-05;1.915763681885253e-05;2.317504852645827e-05;1.5139322138427907e-05;1.4792137000715307e-05;3.212788080955782e-05;0.0001027317642301003;9.023913893897533e-05;4.264578446562371e-05;3.595314739587862e-05;2.5288402821221655e-06;2.5073201176179067e-05;1.6457209974397717e-05;3.354655547745283e-06;1.0225195937623681e-05;1.849727468943481e-05
00:15:18;54;1.8635404689927203e-05;1.9514230499928226e-05;4.680891677147733e-05;1.921576494755651e-05;1.900805747823142e-05;2.331311735950046e-05;2.463262588683144e-05;1.393216415511812e-05;1.4611718513761348e-05;1.8767955302998665e-05;2.1392358988236992e-05;2.2632219212100196e-05;1.5312302923317393e-05;1.6829447443714425e-05;1.3977117495239161e-05;2.0451697033606735e-05;1.9973333328840753e-05;2.452555441156124e-05;2.6761306799016893e-05;1.4646302444609457e-05;1.4472870053752927e-05;1.9013588273451262e-05;2.2324716558648993e-05;2.3751407119377717e-05;1.6455957709787313e-05;1.719824183366447e-05;1.4595782184049405e-05;1.3671325337683045e-05;3.052711787743537e-05;0.00022397305135370363;0.00015059280486597057;4.42757480793655e-05;2.2171548645148466e-05;2.403815058353206e-06;2.2799750848669897e-05;1.9594659766788466e-05;2.496900385723116e-06;1.0263042967072796e-05;1.893723607181422e-05
00:15:35;55;1.959076762018826e-05;2.045820276433443e-05;6.541460214635823e-05;1.8331741498203964e-05;2.064465788268163e-05;2.1685515672619328e-05;2.4426845364835323e-05;1.6571432881433296e-05;1.398662266829185e-05;1.9921445907688064e-05;3.0390151059898265e-05;2.1106306350175558e-05;1.1918615751550409e-05;2.3561167506226287e-05;1.2544701553581076e-05;1.9247272426076086e-05;2.1866505529585624e-05;2.3108613541934793e-05;2.6563822607789042e-05;1.6977607421860647e-05;1.3750012564016771e-05;2.0429605775703587e-05;3.091368208642271e-05;2.23851083307947e-05;1.2768718044776794e-05;2.4344075162717453e-05;1.3143401644546302e-05;1.3748278294704733e-05;2.8114251775928904e-05;0.0003362794861001436;0.0002719317733375999;4.2580451396689276e-05;1.6842986417663052e-05;2.356911186892646e-06;2.3957921841708123e-05;1.7359848467531562e-05;2.716089144534456e-06;1.0352643192518784e-05;1.8734584600383758e-05
00:15:52;56;1.772197757464834e-05;1.8715419115968744e-05;3.601427459624966e-05;1.527730996351486e-05;2.1114905565737402e-05;2.2388919607475476e-05;2.3256682186198223e-05;1.5950477704378002e-05;1.5729073116300572e-05;1.366969462036526e-05;1.9494076587472424e-05;2.1501803996929166e-05;1.7975374225381362e-05;1.2906848398456946e-05;1.3398557415071496e-05;1.6356787443639198e-05;2.2290255113643347e-05;2.38395241467515e-05;2.5292382965341823e-05;1.6373203258889233e-05;1.554461123075121e-05;1.4047235651295396e-05;2.083627867572823e-05;2.30161481282911e-05;1.9109675145333726e-05;1.3796861925515305e-05;1.4082060249476647e-05;1.4652283154796315e-05;2.909689268186536e-05;0.0001292296995703027;0.0001231377874068982;4.504356097552088e-05;1.5000814579843433e-05;2.408821773718517e-06;2.4280551469351532e-05;1.7343304319861685e-05;3.844273783739242e-06;1.0165603173671552e-05;1.79677022654266e-05
00:16:09;57;1.803912142732274e-05;1.8971762177829122e-05;3.918169865377153e-05;1.3325729277369192e-05;1.8926977969871668e-05;2.1939897262189913e-05;2.3563955198565882e-05;1.395763495602089e-05;1.8106110767296908e-05;1.5929114289421747e-05;2.3746321604986324e-05;2.22913330984201e-05;1.6792757346128052e-05;1.5496557115180952e-05;1.2393060702916872e-05;1.4218705415904751e-05;2.018975314219656e-05;2.3080117069737384e-05;2.6010295187006705e-05;1.468246852445064e-05;1.7874790086629034e-05;1.6255444250741157e-05;2.4835721807351006e-05;2.3200076277963846e-05;1.8355798555937406e-05;1.588592278747893e-05;1.307204701322318e-05;1.5231986045464704e-05;2.6116822600651657e-05;0.00016392914547485603;0.00013078123797929218;4.212001901328191e-05;1.543962865619207e-05;2.315273524745897e-06;2.270465214357565e-05;1.903007637683308e-05;3.2338859340403968e-06;1.0211241618910681e-05;1.906641447741403e-05
00:16:26;58;1.7025480793429118e-05;1.789895706471863e-05;3.858125834641782e-05;1.3007333598254304e-05;1.9492973440161553e-05;2.094026879459224e-05;2.4827729699371627e-05;1.4231282680622247e-05;1.286950083632312e-05;1.3871169024717098e-05;2.0367076251142695e-05;2.3100133385285787e-05;1.6123972754785015e-05;1.2675533612464692e-05;1.2798788182651192e-05;1.3703222112447211e-05;2.0736805536331834e-05;2.2129095461561427e-05;2.6925864852883828e-05;1.4674841380999364e-05;1.303944702181358e-05;1.4043576057598398e-05;2.1566256783686023e-05;2.3764387496836967e-05;1.7389046292861812e-05;1.3290406899660077e-05;1.3524526331844132e-05;1.4304434367144394e-05;2.8282337277720965e-05;0.00016275353497544236;0.00011893118600779355;4.190021601753607e-05;2.07972179651686e-05;2.282233838168292e-06;2.390232024997232e-05;1.7661366372329138e-05;3.1322321197708436e-06;1.0224780437574662e-05;1.880324052839277e-05
00:16:43;59;1.6895298795237647e-05;1.7753984760515145e-05;3.910727298918703e-05;1.3674054934333732e-05;1.8874593604581687e-05;2.0913580256505654e-05;2.4249373395109202e-05;1.6305760726450817e-05;1.3191940630783641e-05;1.2956619720873938e-05;2.1962222263027797e-05;2.1402167003646934e-05;1.3962526139075429e-05;1.2491346015250118e-05;1.2759393213586504e-05;1.4303208629400292e-05;2.019000782373824e-05;2.2131597677200055e-05;2.595765167652759e-05;1.705931140637818e-05;1.303493022936016e-05;1.3428497564009262e-05;2.276290307017456e-05;2.2398381415884236e-05;1.5212792565267315e-05;1.3016014316788273e-05;1.3552514995157989e-05;1.4016425471424683e-05;2.75279318715927e-05;0.00016743103306728248;0.0001215190526941698;4.2439444800517326e-05;2.0104769580450143e-05;2.299966019262348e-06;2.364842385208021e-05;1.8327945068167352e-05;3.009733016112857e-06;1.017739746630216e-05;1.8785152962882483e-05
00:17:00;60;1.6570656228509506e-05;1.738384949769884e-05;4.08308615871916e-05;1.3107816072797299e-05;1.870129830969993e-05;2.0873286100130496e-05;2.4023501396186475e-05;1.5202738171379595e-05;1.3571638948984731e-05;1.352093416461354e-05;2.0367551621027566e-05;2.164817982862711e-05;1.2750102902843578e-05;1.2731901072982055e-05;1.2348919365866674e-05;1.3593128020562013e-05;2.0032704613393298e-05;2.1968965334456733e-05;2.612682615281186e-05;1.545039851660914e-05;1.3364399986625635e-05;1.3840699650728898e-05;2.136407913929338e-05;2.260163936729372e-05;1.3878394349399347e-05;1.3325951875208087e-05;1.3059000023911469e-05;1.4426968213886299e-05;2.8071921670629536e-05;0.00017895840846713344;0.00012963359240191437;4.3644457824736276e-05;1.9678120587843036e-05;2.2920974282280005e-06;2.33743217710698e-05;1.8131963099884802e-05;2.9197250884322165e-06;1.0158666810159906e-05;1.868009568238144e-05
00:17:18;61;3.996810415752737e-05;4.075595657186453e-05;9.087415354512372e-05;3.182132683512216e-05;2.637481208270484e-05;5.085000593009102e-05;3.425330073851414e-05;2.7045093818597625e-05;2.2786655775839584e-05;4.102688712686648e-05;2.7489323759833827e-05;5.352805265023232e-05;2.3481887959581567e-05;2.2182045104169777e-05;0.00011877784348515971;3.2922323262488434e-05;2.8130978465970323e-05;5.075746658700224e-05;3.6294828233518344e-05;2.8421818224390485e-05;2.2294723299936882e-05;4.180383288419048e-05;2.7775214370701143e-05;5.546084763478529e-05;2.396390489225211e-05;2.2260156894637612e-05;0.00011898536610680844;3.341809229420793e-05;2.7452596937954505e-05;0.0006605919279602233;0.00020277550035787637;4.424799359950298e-05;4.1527348583692683e-05;4.9324326983427055e-06;2.373468442900644e-05;2.0469515267310647e-05;1.8333822023890775e-06;1.1311435115408053e-05;1.8194933095569838e-05
00:17:35;62;3.2230832839662647e-05;3.344406357865421e-05;4.878108614897672e-05;2.2507528049169938e-05;4.159442115472054e-05;4.0250326404392666e-05;5.077879654891149e-05;3.7016846017029984e-05;2.870528819507647e-05;1.9500465591384206e-05;3.428008222850952e-05;3.2109699968817616e-05;3.7637967426204256e-05;1.8617792589866028e-05;2.3770765422300016e-05;2.3134913572914827e-05;4.374316065164012e-05;4.263201755080284e-05;5.3559390938902697e-05;3.752345737321096e-05;2.850809830271851e-05;2.0298753134980708e-05;3.443348260255253e-05;3.501023825322855e-05;3.853582428389559e-05;1.992030193614022e-05;2.402910941103223e-05;1.3034558192338486e-05;5.083785828396738e-05;0.0002596954386630433;0.0001098101563471134;4.744205367786227e-05;2.9226703008130016e-05;2.139795972252448e-06;2.605284929771627e-05;1.5401772140147848e-05;4.4123105278e-06;1.0890398644175266e-05;1.642913903317394e-05
00:17:52;63;3.6884542693500904e-05;3.775110465689574e-05;4.8440070553554004e-05;4.3489333018504276e-05;9.808029353114927e-05;2.9121005912781005e-05;3.242274236340977e-05;1.7702809001010873e-05;2.0773614118432057e-05;5.63150401081781e-05;3.264335342381938e-05;3.8223121469565576e-05;2.1710706740598404e-05;2.5078865222254038e-05;2.705361346629202e-05;4.458320983781338e-05;0.00010167809237896972;3.0008811071512135e-05;3.498598988111944e-05;1.8286593256308622e-05;2.0262876343530237e-05;5.553971784103874e-05;3.382096573532871e-05;3.8647347721536465e-05;2.2672110746866622e-05;2.6141690139848846e-05;2.6385835242970506e-05;1.2792559478760648e-05;3.4163172405761906e-05;0.00011425390909900124;0.00024026663868096946;5.0763857378808265e-05;5.061973167563115e-05;3.5264831312558297e-06;1.9428282086477686e-05;2.1007432219230632e-05;3.1463592866989262e-06;1.016824826708647e-05;2.1144172932965883e-05
00:18:09;64;3.495524482456279e-05;3.5419585401541553e-05;0.00014940063366125362;2.8680892847112524e-05;2.833957612903181e-05;3.607140398158167e-05;3.40322287916644e-05;2.030024686338162e-05;7.059250829012275e-05;2.240467425710077e-05;4.321022085853408e-05;3.153011099305497e-05;1.7528444573144952e-05;1.9971342090550273e-05;6.680127377091016e-05;2.884145201105754e-05;2.99687954229509e-05;3.6260372452707546e-05;3.61074219458542e-05;2.1316367922195298e-05;6.750746472824153e-05;2.3687096403637618e-05;4.263896963620246e-05;3.284824160340277e-05;1.8724432795605465e-05;2.068218852596319e-05;6.645220703750413e-05;1.6450429256061973e-05;2.98851669153793e-05;0.000617169303701672;0.0008987371436280895;3.617229726813209e-05;0.0001093832009518947;3.2642730638809003e-06;2.1996998457166647e-05;2.5333176389355914e-05;2.021957076644013e-06;1.0391114189667451e-05;2.200254303709854e-05
00:18:26;65;3.0431460425523422e-05;3.09061164720149e-05;4.014801564432126e-05;3.268268630243008e-05;7.191394269573885e-05;2.6390257784472933e-05;2.7490421013515682e-05;2.0811022865400858e-05;3.545693786319052e-05;1.727907090815444e-05;2.4230259973798887e-05;2.952645154798781e-05;1.6313506742965895e-05;2.5711384805307798e-05;3.7371572054987404e-05;3.08468760395735e-05;7.300063055170747e-05;2.7551241537712256e-05;2.909504961925323e-05;2.1673657643020042e-05;3.3988815952789425e-05;1.7598871354378767e-05;2.5024176753918887e-05;3.08365826778662e-05;1.689482060906881e-05;2.614701738418227e-05;3.821564678219147e-05;1.5967284423826788e-05;3.3986975459740905e-05;0.0001804530791314268;9.413192940543697e-05;4.314138162073235e-05;3.445939482716488e-05;3.339423142586243e-06;2.1154403868702686e-05;1.6465407349375208e-05;3.741055779672821e-06;1.1255799731654446e-05;2.3680052991535114e-05
00:18:43;66;3.257057994946163e-05;3.333005114182936e-05;2.885225478254105e-05;1.6534748833795344e-05;2.9099896220362677e-05;3.60561391181074e-05;3.035682475042863e-05;1.8403614689077585e-05;3.750772104767334e-05;1.747265552800379e-05;3.333676150935555e-05;3.842272359251679e-05;8.564259340201633e-05;1.7801289047270075e-05;3.0211977845211052e-05;1.7371441514759554e-05;3.0180392957246816e-05;3.715125831725264e-05;3.1949327157108894e-05;1.993757529552441e-05;3.67511536613257e-05;1.673022729789144e-05;3.273990867317572e-05;3.9168061575074265e-05;8.877628863070018e-05;1.8256994539851917e-05;3.094797068138466e-05;1.859290229336575e-05;2.7666366679820627e-05;4.5483784791363295e-05;8.065915785644084e-05;5.3949240913531835e-05;4.518651086589463e-05;2.1869912777760537e-06;2.1403001986986593e-05;1.816528619790233e-05;4.789161826012442e-06;9.425914821515288e-06;1.8718737879882896e-05
00:19:00;67;2.8208558570048066e-05;2.8940902033170886e-05;2.833062612358548e-05;2.6835195632977296e-05;2.2862570248931164e-05;2.5781252805824227e-05;2.8698986215855175e-05;3.958092401810311e-05;1.7076961335440252e-05;1.4880335203703122e-05;2.8185072864062022e-05;3.071218952625672e-05;1.581355483634442e-05;1.6251622615083182e-05;7.1824029920332e-05;2.6860797149737075e-05;2.4079432685401208e-05;2.67390626769283e-05;3.060856358353726e-05;4.047518791306669e-05;1.7049383051373666e-05;1.5443471816473028e-05;2.923304322094633e-05;3.168473069561952e-05;1.677544979786403e-05;1.631162596615606e-05;7.20300679548225e-05;1.4849118779872114e-05;3.016940855839305e-05;7.568691453555424e-05;7.547709348087516e-05;4.8606323074693105e-05;2.297544670674225e-05;2.2335859828942845e-06;2.248906133256053e-05;1.8124259500711184e-05;2.039135425889181e-06;1.0345889677602482e-05;1.6971276427238203e-05
00:19:17;68;2.495977434271233e-05;2.5753524386334305e-05;3.978310119079862e-05;1.844099364234353e-05;2.3593846076540682e-05;2.381711121172843e-05;4.50202270640561e-05;1.8948615348790554e-05;1.785128063922705e-05;2.0350593818431083e-05;2.7300517165878606e-05;2.6526810294378514e-05;3.2373267879909854e-05;2.1333411961098715e-05;2.3960610701837222e-05;1.8308511900176187e-05;2.468209597190011e-05;2.4553417299816657e-05;4.6952035000121894e-05;1.9978415516158713e-05;1.7586615331886526e-05;2.046306902149256e-05;2.7914882294577253e-05;2.7656030178599095e-05;3.422656367017882e-05;2.2192588967530505e-05;2.4528062751898366e-05;1.2837629696064183e-05;2.840943466255524e-05;0.00010368459641694646;0.000165003933120949;4.321086952349932e-05;4.212638560019446e-05;2.4297331851884337e-06;2.9618840666215263e-05;1.921512858687747e-05;4.185640086392701e-06;1.1428379036424646e-05;1.5246643708276225e-05
00:19:34;69;2.675584620574641e-05;2.7724585264347952e-05;3.475881149235667e-05;1.4004809246030577e-05;6.33223318893463e-05;3.249451795154941e-05;2.617630667600679e-05;1.9105597205153075e-05;1.546748045329464e-05;1.4662155961595793e-05;2.384793791065931e-05;3.0404233208194206e-05;4.6376712155258495e-05;1.5273212463801595e-05;1.9934851762054056e-05;1.4299130063729443e-05;6.501207741465908e-05;3.325650633789475e-05;2.849312784723846e-05;2.0419543966742326e-05;1.553327288265676e-05;1.4943173517144427e-05;2.4931657219584147e-05;3.1092175141808025e-05;4.862842567340925e-05;1.5962187855528768e-05;2.012373382553327e-05;1.4540810994547073e-05;4.145048939777128e-05;0.00012348176130092653;0.00010058464186114385;4.1589991449529217e-05;1.927875407426889e-05;2.455626210373536e-06;2.199686210097356e-05;1.76881425487245e-05;8.205454051099054e-06;1.0287488922074018e-05;1.5545714996848716e-05
00:19:50;70;2.7612094842507677e-05;2.8399286540799857e-05;0.00012040853007370412;1.7639277893201985e-05;3.065579108155444e-05;3.314808523410565e-05;6.1915956331921e-05;2.3431149589793097e-05;1.3448983846909744e-05;1.727096519423619e-05;2.5037552576505235e-05;4.263741428448239e-05;2.247064397729239e-05;1.5307407055202432e-05;2.8381903885846523e-05;1.7628048571847863e-05;3.2117125729085655e-05;3.42311483754075e-05;6.386496755147141e-05;2.381985117769741e-05;1.3493848937402238e-05;1.7722461017934e-05;2.5538648802881376e-05;4.367450881407514e-05;2.44929504310388e-05;1.580045521027214e-05;2.840741569654503e-05;1.2940397126670278e-05;2.9303883908362204e-05;0.0005749382140518008;0.0006813343625822131;5.368911831431407e-05;1.9405658043500368e-05;2.0242885256500428e-06;2.1781235114537997e-05;1.9993615272665122e-05;5.990265256356464e-06;9.464699041312492e-06;1.4036623647065987e-05
00:20:07;71;2.220539396996008e-05;2.2848548413301478e-05;2.7160346044218783e-05;2.530481197285636e-05;2.293714928989423e-05;2.340658066399018e-05;2.893586788068412e-05;2.275926108681729e-05;2.112791001190379e-05;1.769620574779393e-05;3.499628219959629e-05;2.5722681905129072e-05;1.661097246209341e-05;1.490541137885967e-05;1.2061585153524199e-05;2.4649144817678598e-05;2.4599104004733773e-05;2.4193584931133125e-05;3.140585788428383e-05;2.2683219263347417e-05;2.0763695495508174e-05;1.720682283558756e-05;3.5673976572646015e-05;2.667491042049295e-05;1.7816351955153102e-05;1.5560948035088103e-05;1.2954959292753152e-05;1.5033905975675983e-05;3.288567488830874e-05;6.56038753189857e-05;7.012505265472659e-05;4.890935147552057e-05;1.962874151185383e-05;2.2016091838172845e-06;2.4464715372660355e-05;1.6895336519058828e-05;3.5353054245141545e-06;8.884080128668755e-06;1.7756504076834687e-05
00:20:24;72;3.187141567454174e-05;3.243939849935602e-05;4.3262891006115704e-05;2.5005502573611178e-05;2.8236707286375598e-05;2.858126076820223e-05;3.2633156877182046e-05;3.5180234530943466e-05;1.822409992190511e-05;1.7614807614630866e-05;4.7422070090099375e-05;2.9715409633529983e-05;3.45249760998327e-05;3.734407147765689e-05;4.7974678835771556e-05;2.4892221206962722e-05;2.9000193719668138e-05;2.875131282007139e-05;3.5268104638126263e-05;3.7199882298628384e-05;1.7580721483866484e-05;1.8234944468243653e-05;4.457013464265332e-05;3.089721129854988e-05;3.645469106128145e-05;3.712790313801622e-05;4.9295449018613965e-05;2.7776740503784613e-05;2.3052929816897236e-05;0.00023048021488736295;9.733055924097288e-05;2.9042796031275104e-05;2.6431977996775234e-05;2.641334050223467e-06;2.7229048363066552e-05;2.4314745543997748e-05;4.039040460921489e-06;9.740809320800145e-06;1.7074495857311093e-05
00:20:41;73;2.1253379003383088e-05;2.2109446553822865e-05;6.60178538871125e-05;1.716306272085562e-05;2.5810864198919344e-05;2.830255981998355e-05;2.5413805053114462e-05;1.7507295095501004e-05;2.321132406538337e-05;1.177597569001033e-05;2.4611199430585824e-05;3.17657849936123e-05;1.4378550897798835e-05;2.3322067302832362e-05;1.177805112462238e-05;1.8422122662695408e-05;2.7197946455768793e-05;2.9350253418117432e-05;2.7475930541117167e-05;1.8478830290543464e-05;2.2116609308128156e-05;1.2302805028907009e-05;2.508403253435788e-05;3.3200513630445244e-05;1.5640130301637582e-05;2.3794038727978255e-05;1.2250137589507165e-05;1.8659284586437144e-05;2.617810945636359e-05;0.00036617459661605754;0.00024532478087336754;4.69487249020719e-05;1.1915061244526586e-05;3.2949530291400293e-06;2.445119617267091e-05;1.934729012185403e-05;2.5637054489161614e-06;9.138100198190849e-06;1.8218443995753765e-05
00:20:58;74;2.1467072677048485e-05;2.2179437006412583e-05;2.7550424038827145e-05;2.0133669517525217e-05;2.9393308295766474e-05;2.5631869879754792e-05;2.973288249822045e-05;1.7360070648402886e-05;2.169681106326235e-05;1.4442770772792425e-05;2.5638010414623253e-05;2.114684363102077e-05;2.3193337663036058e-05;1.5291229929785416e-05;1.3944059920783564e-05;2.150484874906811e-05;3.124964982068573e-05;2.6223376441026354e-05;3.15048929926117e-05;1.8805359519043307e-05;2.0806006616595957e-05;1.4095862464768565e-05;2.5709470742473472e-05;2.2304924491839336e-05;2.420835761180961e-05;1.555905661997356e-05;1.4181430592946561e-05;1.330489313674092e-05;3.066306289119487e-05;6.667481510888067e-05;7.018589108426442e-05;4.4941938198251946e-05;2.7231617354348107e-05;1.661487505473016e-06;2.924911466879292e-05;1.456132617497953e-05;6.1041985466518075e-06;9.522941204644233e-06;1.650380259170329e-05
00:21:15;75;1.7959168892709634e-05;1.88026510783592e-05;5.054672148602788e-05;2.052306297560914e-05;2.1623089500105213e-05;2.2942389253185784e-05;2.377672125610595e-05;2.1998554377556832e-05;1.3514430537239521e-05;1.1220431565044981e-05;1.9814933308866372e-05;2.2171027274773472e-05;1.1226876528718838e-05;1.5775186111258417e-05;1.0923317044583571e-05;2.1332517451211764e-05;2.2328473082607275e-05;2.3637391631716207e-05;2.5787488303200306e-05;2.29446185343638e-05;1.351884509260137e-05;1.1044304790607097e-05;2.1511848818947697e-05;2.3474935270441384e-05;1.2280993924153485e-05;1.6212940103793664e-05;1.1557447083483751e-05;1.3455630806398943e-05;3.02425556393235e-05;0.0002315046967527029;0.00021057696980438125;3.900715684146899e-05;1.561805463329346e-05;2.371623474535935e-06;1.8951049616239464e-05;1.6752541431751207e-05;3.387058353283255e-06;9.081063384561875e-06;1.5612257094393672e-05
00:21:32;76;2.260215711399641e-05;2.3394633254737747e-05;7.766545330544718e-05;2.789855674026595e-05;2.1143082958277855e-05;4.227822889065051e-05;2.5265561406099963e-05;2.1646565798505435e-05;1.7046593911955327e-05;1.7635126680333585e-05;1.8077552417914624e-05;2.0821399305956138e-05;1.8960718330679978e-05;1.1764183232091083e-05;2.8688308369530866e-05;2.702490514187773e-05;2.2451785586286583e-05;4.402316013119726e-05;2.72723419711147e-05;2.158321184870607e-05;1.641696015420028e-05;1.8900602598581757e-05;1.9167980133692874e-05;2.222262043653268e-05;2.003009247553426e-05;1.2438689610243721e-05;2.9203240530155717e-05;1.7719708760087723e-05;3.578689386353738e-05;0.0004084206116774957;0.0003367288501944074;5.076402538024361e-05;1.655827558402598e-05;1.9185099776964614e-06;2.540033985705617e-05;1.4200907777834717e-05;2.450468929347765e-06;9.32018844243243e-06;1.271665922120111e-05
00:21:49;77;1.7061125611596914e-05;1.7914459033507435e-05;3.1868076033024536e-05;1.5243090106506232e-05;3.0586760250240665e-05;2.3268207769433502e-05;2.095328990233983e-05;1.220821836447137e-05;1.1727197056514301e-05;1.0335542350374412e-05;2.0073849048623576e-05;1.9642423148204877e-05;1.274299350484398e-05;1.7378385991988083e-05;1.057354293785486e-05;1.4792090939719649e-05;3.224033152255748e-05;2.4293791664350936e-05;2.301722308195305e-05;1.3346258508792306e-05;1.174592098553298e-05;1.0807842523096457e-05;2.12058532293046e-05;2.0463058671673104e-05;1.3970776480958573e-05;1.8003747133166776e-05;1.1086605711539108e-05;1.910779668747063e-05;3.339396276622581e-05;9.58449133397806e-05;0.00010634992436795132;4.72283710416073e-05;1.0726324309263482e-05;2.891623876302324e-06;2.133623218040038e-05;1.9025312891429703e-05;3.3933329390846757e-06;8.942889673532165e-06;1.4176228323246124e-05
00:22:06;78;1.9293932439268247e-05;2.030145298727181e-05;2.6794242984116346e-05;3.02521003189585e-05;2.01077556609293e-05;1.8210532065733208e-05;2.1183403394399068e-05;2.5332484712107956e-05;1.195725753950166e-05;9.085811107922837e-06;1.8869192574170896e-05;1.9781875631059105e-05;3.2428853927513046e-05;1.2597780394297718e-05;1.1720134729387155e-05;3.1997504104569827e-05;2.1477875772596903e-05;1.9677534026736275e-05;2.3508679492530248e-05;2.4716036259172753e-05;1.1869588698699992e-05;9.249150926285737e-06;1.9744891238887354e-05;2.0786565442052315e-05;3.5204556861802455e-05;1.3203946580204824e-05;1.2181099993793833e-05;1.5733455988141848e-05;2.424247738017697e-05;6.836309219164722e-05;7.537447773407956e-05;4.859362925187199e-05;1.6123606922936585e-05;2.078229431670783e-06;2.1830713048503888e-05;1.73973794738026e-05;7.767194427487135e-06;8.964060463768599e-06;1.5062599495308912e-05
00:22:23;79;1.8492952936422956e-05;1.9383317671378756e-05;3.664184961765666e-05;1.5307417057060363e-05;2.188498348878263e-05;2.143287933620286e-05;4.3735413630553346e-05;2.1451894048916323e-05;1.3178523524650451e-05;1.1038473753640945e-05;1.6439090580113522e-05;1.888136678990742e-05;1.298126615655416e-05;1.37039219729538e-05;1.1880197823317799e-05;1.5944294940294916e-05;2.3544900683145322e-05;2.3356797791615164e-05;4.570330232046574e-05;2.1970843233789253e-05;1.3026849472548229e-05;1.1137698418425788e-05;1.7932942095676827e-05;1.9950416422437264e-05;1.370114935099669e-05;1.4013596965129711e-05;1.2317015503706702e-05;1.8151431580064115e-05;2.780047992382781e-05;0.00015871600838241126;0.00010210094346307932;4.604290986470474e-05;1.389592680544197e-05;1.5544672242420513e-06;2.6340266730651084e-05;1.7694973879388605e-05;2.239040896841328e-06;9.166491755904328e-06;1.5999254905323514e-05
00:22:40;80;1.5243156670149718e-05;1.6133889829101854e-05;4.28364752923526e-05;1.1903307993257137e-05;2.202589505564199e-05;1.7181974540521466e-05;1.9217438351275135e-05;1.663788106301664e-05;1.6420768237682378e-05;1.4479319914202774e-05;1.6274978774917642e-05;1.7075576855838584e-05;1.0401538006021838e-05;1.0802458468426515e-05;1.0496737747768169e-05;1.2565020139696064e-05;2.3298695183096045e-05;1.8554172071807316e-05;2.10315659191847e-05;1.731900257151279e-05;1.608842840256859e-05;1.4901487955722598e-05;1.7381496565829805e-05;1.8372957186594376e-05;1.1542303023885278e-05;1.1361998255054033e-05;1.1189544371126995e-05;1.6802118264786886e-05;2.568612026667976e-05;0.0001720073811521549;0.00016541322446747173;5.177150963691812e-05;1.2807250708182341e-05;1.945001915444472e-06;2.145280503923324e-05;1.715900442322509e-05;3.3052007982134187e-06;9.524586168979368e-06;1.6163500666942062e-05
00:22:57;81;1.5846268860803487e-05;1.6705265473239153e-05;3.271789163307485e-05;1.3986359096339708e-05;1.6606503391161905e-05;2.4133193429582373e-05;1.9149086212296012e-05;1.920352272189906e-05;1.7190821000409333e-05;9.426695936812477e-06;1.6004702450283563e-05;1.866631169181429e-05;1.056333816507049e-05;1.5412138722581403e-05;9.812547121028233e-06;1.510148440156857e-05;1.7832969447975104e-05;2.495389174017171e-05;2.119153199186534e-05;1.9726272414486687e-05;1.6909532445701004e-05;9.777130609235647e-06;1.7345796377527753e-05;1.9789166822480597e-05;1.1598046403147997e-05;1.5794894640253638e-05;1.044246048106196e-05;1.4972322736760116e-05;2.4970415992962045e-05;0.00010945233832360788;0.00011180680260039654;4.9434528800354384e-05;1.41206201565061e-05;1.7857583918345088e-06;2.1957240120930897e-05;1.591894963112988e-05;5.221923707843168e-06;9.470932611043299e-06;1.3502866523529382e-05
00:23:14;82;1.4842818702928442e-05;1.572938092781269e-05;3.452778279982367e-05;9.960794375661987e-06;2.0120456002556157e-05;1.7240825685731082e-05;1.9619888822768932e-05;1.0871612198441612e-05;1.0938495268352323e-05;1.0031822472843611e-05;1.4766018334197186e-05;1.7833376061689293e-05;1.2874532893518294e-05;1.1326292202795685e-05;2.2529705271329643e-05;1.0266923916649922e-05;2.1456973074605287e-05;1.8371554883915336e-05;2.163027134953108e-05;1.1829638976992043e-05;1.0865356561905024e-05;1.01995637025907e-05;1.6170243564178974e-05;1.9080305235870064e-05;1.4245043801082243e-05;1.1919406679686589e-05;2.2717283472151324e-05;1.7189978606925395e-05;2.6999670094818663e-05;0.00013202493967341434;0.00010977054326085916;4.7219566359944453e-05;1.2339562841158607e-05;1.9478372919184625e-06;2.424493941632125e-05;1.7094095987918178e-05;5.0076466393407e-06;9.351214873904774e-06;1.1143398551360144e-05
00:23:31;83;1.337485330762692e-05;1.4251734959359481e-05;4.494029044538673e-05;1.0470498518796747e-05;1.5250006789167195e-05;1.6369721295332468e-05;2.0515723569112446e-05;1.3863814408084222e-05;1.4052911234200979e-05;8.763576423250056e-06;1.482054816325341e-05;1.6876710043851002e-05;9.993560924731975e-06;9.264163119708387e-06;1.0257001113183668e-05;1.0869540473541299e-05;1.655407314628283e-05;1.7736666139378803e-05;2.27372926549177e-05;1.4320572788590975e-05;1.3775578333445105e-05;9.101958709569644e-06;1.6039403126802725e-05;1.799697489746628e-05;1.1060377628497538e-05;9.926630850080798e-06;1.0901745853619945e-05;1.7621368467061244e-05;2.6031495005308748e-05;0.00020188368319982539;0.00016302100334815968;4.873890678337851e-05;1.3079481192177141e-05;1.8958970649451715e-06;2.300533803106577e-05;1.6486658907132067e-05;4.049011847594319e-06;9.076519726009824e-06;1.4394121771982949e-05
00:23:47;84;1.3683427649301517e-05;1.4528636607861653e-05;4.293191358027492e-05;1.0612768886243305e-05;1.8190832967299933e-05;1.6290822744932402e-05;1.8520544643443124e-05;1.2119673278541335e-05;9.562062528929841e-06;1.2459548349981601e-05;1.4704781612806528e-05;2.2204816650111585e-05;1.1702817492288307e-05;9.051645468554687e-06;8.780813516295893e-06;1.124787306966764e-05;1.9305830921692616e-05;1.749532620573219e-05;2.0733013369391314e-05;1.2347950590232865e-05;9.720209117737876e-06;1.2587496062051401e-05;1.5944216355347648e-05;2.2857123382626796e-05;1.2940303056179974e-05;9.727781743313705e-06;9.436511868731446e-06;1.8757996698915672e-05;2.3848200931996386e-05;0.0002137794247176272;0.0001258957285022568;4.623962977279291e-05;1.7461181912284953e-05;1.7397509169676037e-06;2.2408463832941364e-05;1.8721744806564835e-05;3.6811941798929643e-06;8.940517091457034e-06;1.370912959960129e-05
00:24:04;85;1.3813344935442728e-05;1.4650160860755817e-05;3.411323568856687e-05;8.850070084453034e-06;1.547770072043229e-05;1.6489033710472128e-05;1.8747405885154546e-05;1.439754135581304e-05;1.4048500033099613e-05;1.2702957974397577e-05;1.4490717409836924e-05;1.632685739139106e-05;9.870675353921984e-06;1.446896903574539e-05;9.889706555425578e-06;9.43272473854956e-06;1.655068184776656e-05;1.763191484533769e-05;2.0629964234978638e-05;1.4962914260822685e-05;1.4066343409686403e-05;1.3058310264280902e-05;1.5551024538397058e-05;1.754652465576869e-05;1.0731792389367311e-05;1.504564050587242e-05;1.0594089566945478e-05;1.592872258500664e-05;2.6237573449221346e-05;0.00013618806222751554;0.00010340288188781016;4.745447958711987e-05;1.1730129388306379e-05;1.7806124184934804e-06;2.271348642458225e-05;1.8148169771863068e-05;3.2269458895775557e-06;9.12195898464701e-06;1.342580564865933e-05
00:24:21;86;1.3267322622503094e-05;1.4178594535189426e-05;3.3969772859585594e-05;1.2699158883254892e-05;1.3404786488732414e-05;1.5739482360676117e-05;1.768733691356126e-05;1.3082270309635904e-05;1.020995122112047e-05;1.1660291656829196e-05;1.79460100985745e-05;1.5894675602691098e-05;1.3615429992987835e-05;8.909728811219834e-06;8.358745846754283e-06;1.3584974389048028e-05;1.4670766257593272e-05;1.694972796698655e-05;1.9790141858363854e-05;1.3950760384881206e-05;1.0226588626751379e-05;1.1739325940123055e-05;1.8644742605046523e-05;1.7045249743331843e-05;1.4857025983278444e-05;9.64506319443116e-06;9.03876347756868e-06;1.591764671016133e-05;2.495973686839091e-05;0.00013098419692683734;0.00010939202554309411;4.554577143557106e-05;1.1796284768186901e-05;1.7186264993248325e-06;2.2598603682337544e-05;1.700074127260113e-05;4.519797932567361e-06;9.187852193609767e-06;1.4015990482344901e-05
00:24:38;87;1.2274377974625333e-05;1.3232831498740619e-05;4.1502166841873816e-05;1.0163156640627138e-05;1.6821703609211497e-05;1.5354024433442895e-05;1.7800948144368206e-05;1.0875929829462e-05;8.834542874389875e-06;8.18090285615757e-06;1.4327439730136989e-05;1.5834600824084852e-05;1.136653154984205e-05;9.280653186878721e-06;8.452098980946879e-06;1.089939677846895e-05;1.8427720475946317e-05;1.672818026132587e-05;1.974932835269734e-05;1.1840605888601548e-05;8.912928133443679e-06;8.342165891676065e-06;1.5451537652966814e-05;1.6890413427995844e-05;1.268392486940396e-05;9.820702767752618e-06;9.047071274190912e-06;1.662436326111686e-05;2.5724382398588275e-05;0.00018862637420392252;0.00013106694693266975;5.041521795746818e-05;1.8464127838728455e-05;1.908323340636631e-06;2.238332246720277e-05;1.549703249767848e-05;4.857849631382626e-06;9.12363757028584e-06;1.3334424002805468e-05
00:24:55;88;1.2318276285389567e-05;1.3202926345888667e-05;3.5992910404314473e-05;1.030192147443255e-05;1.3657341511930099e-05;1.4991130401850485e-05;1.8408448300729933e-05;1.1378747253522967e-05;1.0457070136996291e-05;9.092063291986237e-06;1.4456421818015935e-05;1.6622067697369403e-05;1.0306712606610414e-05;9.393143894375168e-06;8.754243403721127e-06;1.1075375340037163e-05;1.4908761829557782e-05;1.6352395309522877e-05;2.044960632402659e-05;1.204326135157777e-05;1.035452811565041e-05;9.155493824183867e-06;1.5616734195139578e-05;1.773583069366338e-05;1.138630588822615e-05;9.96583392844525e-06;9.390985016142611e-06;1.713020529885122e-05;2.5232350418529265e-05;0.0001441902225720076;0.00011659783500529045;4.8250700745898056e-05;1.2520931168409519e-05;1.724544595732539e-06;2.3511732899504973e-05;1.6827072521181534e-05;3.863241410715998e-06;9.227700198918173e-06;1.283838801673412e-05
00:25:12;89;1.1900707107770359e-05;1.2795297808696876e-05;3.491963338990661e-05;9.371046631527365e-06;1.3549081038697544e-05;1.5010412230832447e-05;1.741402148137571e-05;1.0736260346856273e-05;9.724220502443421e-06;9.131584784166142e-06;1.4180035044184727e-05;1.5195512127454755e-05;9.138700936520392e-06;1.0609552311600304e-05;8.748054070392444e-06;9.853419266584774e-06;1.4822893222750465e-05;1.624516093376965e-05;1.9534648828671898e-05;1.1479924103673223e-05;9.707530444998905e-06;9.206057861371811e-06;1.551620105693715e-05;1.646351047614339e-05;1.0148648919922276e-05;1.1195890393433797e-05;9.369686578586108e-06;1.7358421496526638e-05;2.6286582659629517e-05;0.00014065864753422914;0.00010342660114350795;4.9574071139892076e-05;1.4212951924145167e-05;1.7256545937613744e-06;2.324320771816748e-05;1.650292057906633e-05;3.989480526154884e-06;9.16870048366029e-06;1.2888360880138479e-05
00:25:29;90;1.1839503585520106e-05;1.274759772427445e-05;3.554978512084594e-05;9.74636438012443e-06;1.3049817508462267e-05;1.4995878834931567e-05;1.8054143281305684e-05;1.1369736640176598e-05;9.35903533936446e-06;8.581065149438803e-06;1.4166312350415534e-05;1.5146599351887538e-05;9.85384153037475e-06;9.25350820970359e-06;8.497736856001707e-06;1.0415679667006127e-05;1.4431639780773769e-05;1.6138787619247177e-05;2.003989911942501e-05;1.201789085872072e-05;9.332494220318409e-06;8.978826268572401e-06;1.5355261479547878e-05;1.6416713370296137e-05;1.0885934506968855e-05;9.88759840558625e-06;9.070443135171928e-06;1.744640661476629e-05;2.583648185389694e-05;0.00014635430055499977;0.00010427068789877457;4.921869056740476e-05;1.5232873376231302e-05;1.792211162683963e-06;2.353120748758767e-05;1.6528397930102706e-05;4.075834129264744e-06;9.187277675974196e-06;1.3123052198464273e-05
00:25:46;91;2.646817980369385e-05;2.7214131754405997e-05;3.910181016009068e-05;1.924039431922996e-05;2.5013477936526712e-05;3.741107514088071e-05;2.4532467131683173e-05;3.4409023630711424e-05;1.5159747485943791e-05;3.3213623614807894e-05;2.3959603121232416e-05;4.817423639089859e-05;2.3634140063677478e-05;1.8122645118720275e-05;1.4747716184098698e-05;1.9026328072293006e-05;2.6851612300894965e-05;3.715602809889684e-05;2.6899940546828945e-05;3.5267112413944404e-05;1.4992108211843032e-05;3.251903751644724e-05;2.4347768712802084e-05;4.911354897305063e-05;2.633377849472513e-05;1.8984785405152678e-05;1.5077523665793337e-05;1.7368939742213317e-05;3.076127624767712e-05;0.00018929619578178373;9.58519840539392e-05;4.48146344783e-05;2.4089100056479093e-05;2.2016728314916415e-06;2.1851722749117046e-05;1.2902924960564477e-05;6.676895579302508e-06;1.0573442983662817e-05;1.2832932456557096e-05
00:26:03;92;2.6225805041493995e-05;2.7097884355233746e-05;3.137085003160271e-05;2.69094569282722e-05;3.9709626727037836e-05;2.363549246162868e-05;3.8779108409285485e-05;1.4061142418985252e-05;1.345915387609218e-05;2.165804163858163e-05;2.7624671575536425e-05;2.353436178478577e-05;4.1863905958001105e-05;2.8896934665567642e-05;1.4577756368665137e-05;2.7858792973462718e-05;4.1416642765213936e-05;2.4518497032002854e-05;3.9450410360034226e-05;1.5359337800263452e-05;1.3694612386609173e-05;2.2259035925148793e-05;2.8380408424064753e-05;2.476177132272904e-05;4.3279327701959945e-05;2.9671538246889846e-05;1.4524229645527917e-05;1.3063267659886407e-05;2.695709924745224e-05;8.449235306226477e-05;9.900727167039257e-05;4.5072443601957384e-05;3.1615122049968366e-05;1.8503607169106162e-06;2.291557360315729e-05;2.1393615875562734e-05;8.090467236441849e-06;9.11058806000684e-06;1.2882037595231463e-05
00:26:20;93;2.1999816988744154e-05;2.259724832687356e-05;4.541619855817625e-05;1.8262422537935148e-05;1.929085610832069e-05;2.615784030204147e-05;2.43839243513445e-05;1.8968324575687554e-05;3.749166215785945e-05;1.8707361527183572e-05;2.587390701530074e-05;2.4862091309656037e-05;1.7802656261975162e-05;1.7004581057345934e-05;1.5192169297764932e-05;1.8130801608889138e-05;2.0536502418082498e-05;2.7875864534392727e-05;2.540059169773543e-05;1.9670674226267403e-05;3.681101169823256e-05;1.9107124047233028e-05;2.657933604311864e-05;2.6950454688446797e-05;1.8299368772964448e-05;1.709069338291176e-05;1.4714550633459422e-05;1.2362346024718111e-05;2.1577663445767003e-05;0.0002237192528368264;0.0001590757200749427;3.562399275734678e-05;1.631606510828955e-05;2.3831197731783395e-06;2.8148419688090076e-05;1.4278793177454053e-05;6.809084299335973e-06;9.607948146958969e-06;1.5091977365206942e-05
00:26:37;94;2.6892995255035533e-05;2.779314368874825e-05;5.538100405518833e-05;3.7636803984820624e-05;1.886619933667465e-05;2.4711099385399393e-05;3.6477360646875404e-05;7.273352018831825e-05;1.4550338391927653e-05;9.678186695535631e-06;2.623530148003862e-05;1.945201818061419e-05;3.0196625979008537e-05;1.687449409747511e-05;1.530398750756748e-05;3.8822622593238807e-05;1.9619701641756905e-05;2.5931824444641384e-05;3.79140860383779e-05;7.506594936532127e-05;1.4143924677745982e-05;9.992736586009645e-06;2.6817782206388627e-05;2.035380886717334e-05;3.1532431686300004e-05;1.736576370051266e-05;1.5957084611681573e-05;1.3788234165114966e-05;2.6339865020913704e-05;0.0003303057372115905;0.00015695894330727939;3.7232045362408564e-05;1.9908256076526652e-05;1.9566036656483945e-06;3.022708297747997e-05;1.703398139143509e-05;4.321404887488906e-06;1.0125282041966619e-05;1.637461255440722e-05
00:26:54;95;2.6590415346432067e-05;2.7284774418310205e-05;3.907310533163075e-05;3.802654178612515e-05;2.2261575107439636e-05;3.1565799200837894e-05;2.5769933418215178e-05;2.0074269696382626e-05;1.6049574956479194e-05;1.592204641424773e-05;3.774448637469422e-05;5.024206652912901e-05;2.3634423952307255e-05;1.5189241412113832e-05;2.2605018332652353e-05;3.821592126538995e-05;2.3797393635193864e-05;3.208855755647049e-05;2.8091758383508725e-05;2.1010369373816273e-05;1.6113033457777073e-05;1.6178232139673474e-05;3.752257449561995e-05;5.0182627391326535e-05;2.5604487089804947e-05;1.618625140773601e-05;2.2426080261228187e-05;1.4617889511010999e-05;2.1719276226007775e-05;0.00014801999072352077;8.210006888972235e-05;4.654918856453379e-05;6.645118192768761e-05;2.4786281899199468e-06;3.532996424560519e-05;1.9824751036714744e-05;8.218318936931993e-06;9.806989884419958e-06;1.3761015843493793e-05
00:27:11;96;2.0832333557440176e-05;2.1609756372584607e-05;4.559211864626033e-05;1.5946632101107834e-05;2.0591073262142924e-05;3.341915568326344e-05;2.362437886528245e-05;2.161964572683866e-05;1.2598797907644025e-05;9.535148545968365e-06;4.457644316020874e-05;2.2161182955797315e-05;1.938883804215989e-05;1.263046965375865e-05;1.389622977851249e-05;1.5866405514707714e-05;2.1702288939172542e-05;3.4237292898587496e-05;2.609184706716981e-05;2.317300659572688e-05;1.2367975418610627e-05;9.765056284213412e-06;4.299398502161803e-05;2.363965476537418e-05;2.1271153636456503e-05;1.346600868865734e-05;1.474239439930092e-05;2.552429977712596e-05;3.217530211672843e-05;0.00022414591045413835;0.00010516549669330716;5.5308979673246816e-05;2.982470453415098e-05;3.8019013419440496e-06;2.48635818082641e-05;1.8011947986354e-05;4.604329072011291e-06;9.025729409112407e-06;1.4653240888740463e-05
00:27:28;97;2.9671279693585266e-05;3.0629098592392355e-05;5.648662052239708e-05;4.51127551586565e-05;4.273023163327914e-05;3.3425053644009495e-05;3.303517459326858e-05;1.980413255931911e-05;2.2264607833025448e-05;1.89922570838648e-05;3.4659928988131384e-05;2.3969163960786815e-05;1.7019582199654078e-05;1.9240487320230798e-05;4.580197148646386e-05;4.5387751936376145e-05;4.502017534694552e-05;3.387293064763439e-05;3.565448585942261e-05;2.069284631874371e-05;2.0881823844849605e-05;1.9756418911543456e-05;3.6135959886404965e-05;2.508298967780009e-05;1.820329941173314e-05;2.025877855183215e-05;4.660171274551857e-05;1.619017822613313e-05;2.9039928223980685e-05;0.00030441701625406214;0.00018809087945584257;4.3121225880789526e-05;2.3488881065232006e-05;3.405350727098382e-06;2.1203571661933004e-05;2.0106240664699446e-05;4.0730216161870565e-06;8.617440102756099e-06;1.6085712390050744e-05
00:27:45;98;2.2762915167814672e-05;2.3544727994277898e-05;3.07665029557233e-05;2.8378151072998165e-05;1.861148990397768e-05;2.4875134127713945e-05;2.449196537797475e-05;1.4632154605206695e-05;1.1322582292517712e-05;2.9184913329190337e-05;4.301159951709947e-05;2.3409350320817296e-05;1.6643624157743695e-05;1.6073215866960957e-05;2.2520795007287894e-05;2.8932874326379028e-05;1.9240601708404455e-05;2.6276941649553875e-05;2.7178831755285316e-05;1.560715650790555e-05;1.1276767670292602e-05;3.049455001847848e-05;4.278443454115657e-05;2.412509472459176e-05;1.7614480948626046e-05;1.6415515416110217e-05;2.2589477742292707e-05;2.709568034748457e-05;2.8276456259152535e-05;9.98380877637087e-05;6.306123555332466e-05;4.835083796834957e-05;2.722975313902403e-05;2.0448795410822925e-06;3.1547708481011306e-05;1.6089189746830842e-05;4.014998775268438e-06;8.859141133988998e-06;1.2790066759453688e-05
00:28:02;99;2.057263170937321e-05;2.1570985281178316e-05;4.927523084774687e-05;1.1940137591052876e-05;1.5709377875468405e-05;2.0258881956568654e-05;2.767810458950945e-05;1.3216651962269763e-05;1.419452026819489e-05;1.2002167845924884e-05;1.7171317502764147e-05;4.7413730054689616e-05;1.08459893375177e-05;3.0248871983541324e-05;2.619182244374811e-05;1.1959666360642679e-05;1.7221822038007742e-05;2.0663365957480443e-05;3.004362558466353e-05;1.438975243816665e-05;1.4718889153438703e-05;1.1979323874043132e-05;1.8000818226361923e-05;4.90275049258666e-05;1.1706157779314442e-05;3.344470100780165e-05;2.56961876759674e-05;1.9472244029999085e-05;2.39840780690175e-05;0.0002757336476495966;0.00010161678413523138;3.971815163303805e-05;6.317037193605454e-05;1.6411548992049026e-06;2.2777336069540844e-05;1.677266615724446e-05;3.7591106341219477e-06;1.0524782694412703e-05;1.2132442265500528e-05
00:28:18;100;2.410258751565793e-05;2.458475245464198e-05;2.6720150446407975e-05;1.7435338703948716e-05;1.809191882335364e-05;4.05678124557405e-05;1.9776126326188535e-05;2.403387827340256e-05;1.2715215922427928e-05;5.816425581367019e-05;1.901459140443959e-05;2.7714507816447373e-05;2.0655678487070293e-05;1.3966152038656013e-05;1.70955668440084e-05;1.694047970679232e-05;1.889436856500548e-05;4.015783670644241e-05;2.1657789573832297e-05;2.5483858435915024e-05;1.2820112410333387e-05;5.830023409647696e-05;1.996342213910966e-05;2.828104831528838e-05;2.126394853884092e-05;1.464304606214901e-05;1.661087713451891e-05;1.2558887565973921e-05;2.1991856380430413e-05;8.605368745869004e-05;6.890394419513161e-05;4.9948283160949465e-05;1.3808574687263327e-05;2.164828128095946e-06;1.9610658353720156e-05;1.2991951500586725e-05;1.0616649290397369e-05;9.962424355080577e-06;1.2030060280576136e-05
00:28:35;101;1.938394178905996e-05;2.000866232817857e-05;3.70393059229566e-05;1.6049558278103344e-05;2.8684086037794092e-05;2.1564153886867064e-05;2.4115462019060693e-05;1.8715638463814603e-05;1.012911572217945e-05;1.5789769692792728e-05;1.9321941962857636e-05;3.4119899228554374e-05;1.4847430251889323e-05;1.5192585927727784e-05;1.407765286710504e-05;1.5224580652735497e-05;3.013969815790777e-05;2.2453869422849805e-05;2.683917663017394e-05;2.0188581252517032e-05;1.023479527950396e-05;1.463124792994504e-05;2.038147507432135e-05;3.3858029095012444e-05;1.611866662619544e-05;1.549720088371055e-05;1.4536620376849343e-05;2.865572807521384e-05;2.0687360801038613e-05;0.00018725202361644778;7.50660169856924e-05;4.1244850721262506e-05;1.845186593598133e-05;1.7346212489289568e-06;2.7399323341788497e-05;1.778173337631508e-05;2.4018696829832746e-06;9.155359145022715e-06;1.4640918144804314e-05
00:28:52;102;1.8225596107868114e-05;1.9442098198828427e-05;2.5548408288107536e-05;1.1985769618340989e-05;2.7444258187549828e-05;2.021876868628748e-05;4.235735813102276e-05;1.4053315532371677e-05;1.0263872244241735e-05;1.0071633907800374e-05;2.0695961725633342e-05;2.319237652221256e-05;1.1421398324400075e-05;1.5288617460514203e-05;1.1713815978773503e-05;1.219991209157492e-05;3.0053907917308492e-05;2.1856624664019653e-05;4.504600868050504e-05;1.5644378732712873e-05;1.0535224508295201e-05;1.0309070948775876e-05;2.1366855193425378e-05;2.4735175164879146e-05;1.2359433996975952e-05;1.6849535566944736e-05;1.2349042306227545e-05;2.2194075672076913e-05;2.024114710227205e-05;5.244505012673768e-05;6.432950359663035e-05;5.153812654159082e-05;2.2051648122640876e-05;1.8285318012917573e-06;3.0288091458501497e-05;1.804535621529936e-05;4.163354587505094e-06;9.054600505195027e-06;1.0401413727549074e-05
00:29:09;103;2.257021241741148e-05;2.3433050725393918e-05;3.664156459142573e-05;1.3654818107252966e-05;4.6255233438717944e-05;2.1159728331357737e-05;2.2949186683521557e-05;2.298849824585018e-05;1.893424610505628e-05;2.7673124733951227e-05;2.0092594924263224e-05;3.578383675837606e-05;1.4191768045179742e-05;1.572529558302449e-05;1.14342098507853e-05;1.3622809161415141e-05;4.8251433718523684e-05;2.14050657482806e-05;2.5069662731052803e-05;2.35238717726168e-05;1.89427562849854e-05;2.7881004745170144e-05;2.0918611650663883e-05;3.723116431133291e-05;1.548441176492827e-05;1.6744080185853357e-05;1.2121729808693746e-05;1.8427743731113165e-05;2.3262514224326113e-05;0.00016051485539032192;7.603242000474133e-05;6.704856048518509e-05;2.7532108270925794e-05;2.020248332479177e-06;2.241553188747537e-05;1.2061985446886632e-05;8.088215538971358e-06;1.0086875441686565e-05;1.2207716342996194e-05
00:29:26;104;2.436488400224913e-05;2.5046159517162927e-05;5.229502968692466e-05;1.1568972831681053e-05;3.583752106547681e-05;2.863838786156107e-05;3.4917831809169996e-05;1.360730630427621e-05;1.18943244205835e-05;1.1771767609177045e-05;4.138159987509095e-05;4.511636830980851e-05;1.5831809345844373e-05;1.830727207809766e-05;2.3505439865542403e-05;1.1685634565108995e-05;3.710422998101191e-05;2.8651370151157054e-05;3.730756997114601e-05;1.477980884696472e-05;1.2161453774245309e-05;1.1881361773749298e-05;4.122492966324657e-05;4.548457837711483e-05;1.673547197967735e-05;1.9005677914501114e-05;2.4531820726443136e-05;3.209840206795991e-05;2.6021200722369238e-05;0.0003200712870410788;9.96975272762176e-05;5.185629964741558e-05;2.6164349667369907e-05;3.2148030598413217e-06;2.463763383635894e-05;1.872329860800122e-05;2.0096382091770377e-06;9.961061097433072e-06;1.3084855009873366e-05
00:29:43;105;1.797183179906948e-05;1.87879894020867e-05;5.807436790946959e-05;1.880149541477749e-05;2.1880415401783054e-05;1.9018664838716344e-05;2.2048982094185536e-05;1.3666429355458314e-05;9.826714388468231e-06;2.9298213902961834e-05;2.2095346676823365e-05;2.1391880596607653e-05;1.3745688174925487e-05;1.1224183112804296e-05;1.2663959481074016e-05;1.903528531720785e-05;2.2609260299702064e-05;2.064392355108955e-05;2.3139863020056694e-05;1.4665195930653762e-05;9.785831486014207e-06;2.9831231171832585e-05;2.322583253472554e-05;2.2822919151932886e-05;1.3910908013644121e-05;1.19605810014727e-05;1.3825032764071704e-05;2.0155737184831394e-05;2.8201154360857e-05;0.00033252609187426534;0.0001618030739296379;4.74801262856387e-05;3.6553639065827235e-05;1.5371439604500137e-06;2.9606834889967552e-05;1.4680778918389124e-05;3.4752481759832538e-06;8.999104457468206e-06;1.1873481810319267e-05
00:30:00;106;1.7746267347588812e-05;1.875365915456993e-05;4.492951291224054e-05;1.708198584990131e-05;1.5747178537139916e-05;3.54563039066265e-05;1.9043370050491664e-05;1.7848162105916675e-05;1.632187864492545e-05;1.7886269553457623e-05;1.5990786062564606e-05;2.250349098692988e-05;9.303248179099393e-06;1.2240493286438694e-05;1.3532034454432175e-05;1.8031323162188216e-05;1.6620892202360054e-05;3.693636449785532e-05;2.1045387521680133e-05;1.934016901504026e-05;1.6328120809588123e-05;1.819948366700592e-05;1.7283869896392055e-05;2.3608835835136545e-05;1.0298501900804326e-05;1.3286054610621768e-05;1.4064900922307913e-05;2.570430710911935e-05;2.673876435012992e-05;0.0002555240025731818;0.00010290360003969029;4.57798279202531e-05;1.7991495729501286e-05;2.0856123265378435e-06;2.274736291029752e-05;1.4532838903527224e-05;2.682334215956047e-06;8.842056669718236e-06;1.3621952198973816e-05
00:30:17;107;2.204742380420364e-05;2.3095229579079778e-05;5.747350276208422e-05;1.533575305759624e-05;2.7936162312740137e-05;2.500703335912972e-05;1.9251179296020382e-05;3.53852578830976e-05;1.6166298255949517e-05;9.62899960977769e-06;3.1842531377244335e-05;1.754655685653523e-05;2.1312874984211952e-05;3.3944949972341085e-05;1.1211480999665211e-05;1.565269581136173e-05;2.954935889302081e-05;2.64877587913453e-05;2.127619117794594e-05;3.6341427518511664e-05;1.6134175940017406e-05;1.0147042637153034e-05;3.258339653901986e-05;1.9142991087518786e-05;2.2800692816797637e-05;3.562674430236545e-05;1.1400273804242658e-05;2.225555450550697e-05;1.993900501383457e-05;0.0003323905985783929;0.000179144359845617;4.398190279129459e-05;2.491418871124175e-05;2.5247205157786127e-06;2.3061812717834388e-05;1.7299563439939756e-05;2.750113026467612e-06;9.439702708725514e-06;1.1980511290377021e-05
00:30:34;108;1.3476089668012554e-05;1.4286990473827913e-05;3.0016114397764375e-05;9.819541464718316e-06;1.7171865939696378e-05;1.458797788829584e-05;1.798118628280256e-05;1.4209388855202963e-05;1.669142902342587e-05;7.524974785026601e-06;1.6944264452625e-05;1.6971805003797932e-05;8.968884002833668e-06;1.1791313650891508e-05;9.050440665186505e-06;1.0404259608295906e-05;1.858479898353697e-05;1.544120694441379e-05;2.0141812951172867e-05;1.45664159758838e-05;1.6473244717348324e-05;8.185286284244768e-06;1.7465407237770842e-05;1.8423377949585314e-05;9.915360863752667e-06;1.233351246545554e-05;9.509195910762668e-06;2.4529623189991814e-05;2.3379532133848434e-05;9.42481875949739e-05;8.157947093436145e-05;5.60769706898255e-05;1.3817813504755021e-05;1.8541281767200454e-06;2.5505719234647467e-05;1.7382738815498317e-05;2.8253192767134464e-06;8.564348003249422e-06;1.0429521218587596e-05
00:30:51;109;1.1978563098192684e-05;1.2968168459936557e-05;3.131881368667526e-05;9.320949678355687e-06;1.511729798473673e-05;1.5004992390417597e-05;1.577219841341172e-05;1.17070966803629e-05;1.0146783546231704e-05;7.303524122774392e-06;1.3088731783093202e-05;1.4240078885760257e-05;9.802525984138232e-06;1.227840868913497e-05;9.9601649142497e-06;9.608354647050735e-06;1.6374871709650748e-05;1.6494631537067177e-05;1.7843382793907488e-05;1.2924830979834123e-05;1.0231806772014662e-05;7.784341160234512e-06;1.4243561710390157e-05;1.558169039722261e-05;1.1164899154244245e-05;1.3061320490273427e-05;1.0304326707815171e-05;1.8351762631325665e-05;2.384481331683056e-05;0.00010680487698530286;8.625257495237572e-05;5.085703155318243e-05;2.578472920604267e-05;2.386449219117466e-06;2.30251599066618e-05;1.5021910909958778e-05;4.7114162696434265e-06;9.251951077647097e-06;9.533088212014706e-06
00:31:08;110;1.2436409748643614e-05;1.3370631516213334e-05;5.3712452009768804e-05;8.597313811652509e-06;1.2672156094078508e-05;1.824307551988692e-05;1.672276306666473e-05;2.0375639373071408e-05;8.352187773074217e-06;6.829081876314934e-06;1.3325200821544637e-05;1.4726956171722867e-05;1.2617229703370082e-05;8.105722296198275e-06;8.669586643412169e-06;9.106013375101242e-06;1.384826646244619e-05;1.9470734479932906e-05;1.8922234814937517e-05;2.0939755479877378e-05;8.428905259072191e-06;7.298026198038281e-06;1.4324664484372044e-05;1.603519207423279e-05;1.3830167575443866e-05;8.89907972963602e-06;9.344534456558214e-06;2.6781270146324608e-05;2.0695124069348675e-05;0.00029090088417221144;0.0001511369219386146;5.9364719793038395e-05;2.916317075853799e-05;2.525991988592815e-06;2.1987952576175127e-05;1.661188301358948e-05;4.052647135457838e-06;9.056848546468579e-06;1.227200997886603e-05
00:31:25;111;1.1369872484320611e-05;1.2263455159248949e-05;2.799986183810873e-05;7.408676772513445e-06;1.4001918559229539e-05;1.4373818576597262e-05;1.5650342222980644e-05;9.64558242538322e-06;9.3018912123584e-06;8.855363530296307e-06;1.5857236171903175e-05;1.2936605775786864e-05;8.347065358743128e-06;9.776061432376082e-06;1.0283904311398311e-05;7.67900030640001e-06;1.5288748382093367e-05;1.538965489665235e-05;1.769732310819989e-05;1.0976245131949994e-05;9.426472578398497e-06;9.025268999594808e-06;1.6841073282861706e-05;1.4158472183651934e-05;9.261645532839068e-06;1.0522720907530026e-05;1.0894831730989677e-05;2.1810198702033657e-05;1.868241970274244e-05;9.357292106071365e-05;7.620128924301476e-05;4.455083004295275e-05;1.3464715146587631e-05;1.5228303952331309e-06;2.2203654243076792e-05;1.7250196948547395e-05;4.822535174251787e-06;9.66189371421484e-06;1.2254857683935975e-05
00:31:42;112;1.0570143907464377e-05;1.149456303106559e-05;3.99722791282777e-05;7.871442398575049e-06;1.1335135036331808e-05;1.3692271821241775e-05;1.487292992408129e-05;8.610845734386368e-06;1.120895184217571e-05;6.839885352085482e-06;1.2844781654631664e-05;1.4355330581462443e-05;8.71152019886846e-06;8.955514503063775e-06;7.543114195000684e-06;8.372490632425496e-06;1.2656626472274678e-05;1.4868261823261192e-05;1.7123056692715964e-05;9.569129855939352e-06;1.1088985300812976e-05;7.107549174202465e-06;1.4006034159794144e-05;1.547201629617558e-05;9.66899425074638e-06;9.783459638957894e-06;8.218148345401425e-06;2.3494592555145958e-05;2.1753489672297654e-05;0.00017715208102277817;0.00012722753746915153;5.201283601530289e-05;1.1364237319911862e-05;1.8143472174081405e-06;2.20025804845692e-05;1.6728645345805528e-05;4.38927157365654e-06;9.465626047302024e-06;1.226210481600284e-05
00:31:59;113;1.063357377262264e-05;1.158819498103392e-05;2.9914553473828043e-05;7.991733652219905e-06;1.2131185584962623e-05;1.3339766355939405e-05;1.473473730196805e-05;1.1121663343968438e-05;8.465729660077738e-06;9.033572660335018e-06;1.3369637931697815e-05;1.3326854956636163e-05;8.503901292235902e-06;8.268878816411727e-06;7.3152203974302665e-06;8.38900059764605e-06;1.3434272625113696e-05;1.4424304590878059e-05;1.7178438933506533e-05;1.1941639384162897e-05;8.455519842824241e-06;9.572382070841798e-06;1.4587690766578057e-05;1.4282324351554536e-05;9.797500492995709e-06;9.108758633051884e-06;7.886503214960406e-06;2.6208754408646336e-05;2.0065093915864677e-05;9.121591428865771e-05;9.370550229568284e-05;5.250534321125729e-05;1.1802108271731705e-05;1.5948286967986245e-06;2.3067419085967214e-05;1.5218038605434366e-05;3.9588005778096085e-06;8.895595151132004e-06;1.073724317695415e-05
00:32:16;114;1.0145601300657539e-05;1.1084923532012632e-05;3.640098000631563e-05;7.675037639775052e-06;1.4456610421895924e-05;1.2891516285342483e-05;1.453160749582077e-05;8.75742014921405e-06;7.807517011893982e-06;7.2762306725270385e-06;1.194997138495327e-05;1.2751996306095945e-05;7.636090938234474e-06;7.771920141149993e-06;8.241293390912316e-06;8.19430987334433e-06;1.588291321194781e-05;1.4017644366216285e-05;1.651528760657463e-05;9.871678342658672e-06;7.831511694244978e-06;7.478969812065678e-06;1.3445888334554414e-05;1.4030595329005117e-05;8.553413408662891e-06;8.461323409104392e-06;8.735543775125009e-06;2.0660334115415272e-05;2.160503516991055e-05;0.00015141133354631313;0.00011692901718330327;4.9134764188785264e-05;1.3278137577191363e-05;1.72794891285843e-06;2.226484784602084e-05;1.6203824021401065e-05;4.416701524082629e-06;8.945753371289247e-06;1.0234062619216352e-05
00:32:33;115;9.935534638895081e-06;1.090069462740838e-05;2.8919123407503247e-05;7.559845037974355e-06;1.1403492942980103e-05;1.2135801567710173e-05;1.516403541498593e-05;8.579197503360609e-06;8.125681501718935e-06;6.985242443459004e-06;1.1656182068846151e-05;1.4999239286081236e-05;8.017485734383586e-06;7.259961828961795e-06;7.340246598501339e-06;8.161671660132072e-06;1.2645138518058082e-05;1.330030510318834e-05;1.7383116226229974e-05;9.627732148330807e-06;8.140343232275594e-06;7.339221518790671e-06;1.2889280777569724e-05;1.6145531936914105e-05;8.979546663208048e-06;8.061715769006788e-06;8.134728184675715e-06;2.4435493539959063e-05;2.0942048346383727e-05;9.517559580705858e-05;8.275964442921209e-05;4.9974093029603247e-05;1.2120775768116203e-05;2.0079382737961285e-06;2.079376108952043e-05;1.4996238810738645e-05;3.9502372739757226e-06;9.216506871170093e-06;1.0657147650505024e-05
00:32:50;116;9.857582346677935e-06;1.0835529608328538e-05;3.6333823529052026e-05;8.95670076255845e-06;1.0442070067607677e-05;1.2430932770257641e-05;1.4030013837575758e-05;9.353660335488133e-06;9.043772605304474e-06;6.395854538190158e-06;1.2353064161888225e-05;1.260487790750114e-05;7.946597670318376e-06;7.915486320216173e-06;6.817953593373328e-06;9.735259228836174e-06;1.1774111804191342e-05;1.3625539901988327e-05;1.6203852271557273e-05;1.0327376532839917e-05;8.998656729873581e-06;6.588514498282995e-06;1.357642165053624e-05;1.3856525503244853e-05;9.065780616339584e-06;8.784649949868967e-06;7.489663541399508e-06;2.2152903570691752e-05;2.1574329950546198e-05;0.00014498368110889775;0.00012393358673158861;4.8449843275905434e-05;1.1612980714289268e-05;1.8405906694482479e-06;2.1595617371670827e-05;1.5950869353837177e-05;3.6775004330660526e-06;8.966689169714984e-06;1.1267289998968028e-05
00:33:07;117;9.844457521653153e-06;1.0834029160809845e-05;3.85919672540172e-05;7.21542414471411e-06;1.0453434201968486e-05;1.2405166005051301e-05;1.4884857042767925e-05;1.0417218757264767e-05;8.523092840949754e-06;6.2764822575641945e-06;1.1529586571286513e-05;1.3546490097579325e-05;7.96445550706308e-06;7.873908227328354e-06;7.043370854311413e-06;7.79309354434593e-06;1.1731226930097836e-05;1.371365661852215e-05;1.7062367377651683e-05;1.1376050270548977e-05;8.574974621112659e-06;6.757620702023527e-06;1.2908569605994522e-05;1.4718086852473236e-05;9.042918981886263e-06;8.630758231125192e-06;7.699021997596682e-06;2.440294727091493e-05;2.1683542516603783e-05;0.0001721868582683894;0.00011940642837992471;4.9423578166028546e-05;1.2057128867655774e-05;1.7367176509775841e-06;2.241658472421382e-05;1.5599114856829398e-05;3.93448509035999e-06;9.199583141980751e-06;1.105663811432777e-05
00:33:24;118;9.559141442526776e-06;1.056904448323391e-05;3.050824780113139e-05;6.989090895036622e-06;1.052582851198994e-05;1.1857552644817753e-05;1.4083935724329422e-05;9.251367930961475e-06;7.271945741329298e-06;6.726929724849966e-06;1.1806708338274968e-05;1.2694750880241786e-05;8.830826816625342e-06;7.679716623763191e-06;6.991039778757692e-06;7.6203853760616075e-06;1.1834360071888217e-05;1.309345522333641e-05;1.628842588454777e-05;1.0329132721058677e-05;7.452348228658202e-06;7.179595556834423e-06;1.3001610039028964e-05;1.387059167347063e-05;9.848872259335852e-06;8.66673636791566e-06;7.643016620540603e-06;2.2653101291660045e-05;2.1167250469331157e-05;0.00010647488541959276;8.821433028960638e-05;5.211768439397024e-05;1.251639950677046e-05;1.7026365944194564e-06;2.1731185416736346e-05;1.567716567202573e-05;4.339357829644793e-06;9.172255054753369e-06;1.0332721675065919e-05
00:33:41;119;9.630427228366692e-06;1.0561258299092031e-05;2.965210063320893e-05;7.468311456774885e-06;1.0348534489294666e-05;1.223936422886399e-05;1.5228391784916084e-05;9.22043915675307e-06;7.780108788324469e-06;7.2310182016689275e-06;1.1604405823494414e-05;1.1813690049807105e-05;8.210997637935304e-06;7.915619725260761e-06;6.5042417131425365e-06;8.029611832125163e-06;1.1663358766125821e-05;1.3382604162030429e-05;1.7057250203569183e-05;1.022347889167715e-05;7.915558128417292e-06;7.413641642300188e-06;1.283603017362088e-05;1.3080378715740959e-05;9.25368051786238e-06;8.730304930222815e-06;7.1491982407103105e-06;2.241047402286856e-05;2.1350079280592244e-05;9.949509602667734e-05;8.733546227239029e-05;4.952511484615779e-05;1.1686721833780424e-05;1.59811492581739e-06;2.195926611180871e-05;1.6009441993807055e-05;4.33220645990149e-06;9.297311274148e-06;1.0825918550557963e-05
00:33:58;120;9.364413216417233e-06;1.0344271030117863e-05;3.101280739919234e-05;7.332880322508117e-06;1.0482275565044057e-05;1.1777756500660788e-05;1.4419921476680678e-05;8.836047174750918e-06;7.816238727607264e-06;6.389225730626694e-06;1.132342530819518e-05;1.1951875098180732e-05;7.3252963959708435e-06;7.973050693847613e-06;6.744961790549166e-06;7.877558351837355e-06;1.1899583632494117e-05;1.3012378663524597e-05;1.6547498524209624e-05;9.777271549254796e-06;7.871338196689723e-06;6.8152029586910225e-06;1.2591940641776759e-05;1.322861191534063e-05;8.30484633078862e-06;8.802464602508102e-06;7.402553733357573e-06;2.2580717402109714e-05;2.1403017067412165e-05;0.00011378340593467145;8.925112949071472e-05;4.90543457080669e-05;1.2573920443178917e-05;1.6376921407841997e-06;2.2080402470432743e-05;1.5973771595261857e-05;3.964624791439291e-06;9.246068356382777e-06;1.0604593389853239e-05
00:34:15;121;1.8421638272188417e-05;1.915902971574459e-05;6.093840274611044e-05;1.598103036118656e-05;1.6118983808155463e-05;1.9007215020007028e-05;2.7687676372713874e-05;2.616821805128728e-05;1.972406146612891e-05;1.7679570982471144e-05;2.0584401254227075e-05;1.826759714292207e-05;1.3214528267595101e-05;1.1273210550913602e-05;1.5353158371634766e-05;1.5784247945611e-05;1.7317092931966437e-05;2.0206201710768452e-05;2.988959397642455e-05;2.712574473374429e-05;1.9424092874654476e-05;1.8118391139230168e-05;2.1370329843101658e-05;1.932464195455902e-05;1.4244702792375737e-05;1.1919510419645547e-05;1.5183800637196672e-05;1.3380944110238238e-05;2.2838324248659102e-05;0.0003012935493616701;0.00020952364137832277;6.85483101362922e-05;5.1738696490920336e-05;1.7869748042240037e-06;2.394644543783331e-05;1.4283430055761634e-05;3.8792527423696555e-06;9.25815702239278e-06;1.0783107164641386e-05
00:34:32;122;1.7440832958858333e-05;1.826635849007473e-05;5.0066592903028924e-05;1.2143131968400667e-05;2.3837621495462454e-05;1.8395818654229597e-05;1.8814932582761852e-05;1.7452863352993766e-05;1.2951483394116083e-05;1.6385881933574225e-05;1.9920232822621323e-05;2.1010617123289936e-05;9.240175668491123e-06;1.6068619030110394e-05;2.306860989681974e-05;1.2494080617872459e-05;2.5359623773683665e-05;1.924703707417497e-05;2.1163578234727885e-05;1.8021919274786663e-05;1.2418799997249153e-05;1.709634775752305e-05;2.0795187751152495e-05;2.250260294653045e-05;9.998889035608655e-06;1.66608893386747e-05;2.3437339672155653e-05;2.559347689264868e-05;2.4065607277048612e-05;0.00023838378521094864;0.00017292811360896691;5.567248668920306e-05;1.3660201739282292e-05;1.8496600897188394e-06;2.1985679782633938e-05;2.240536169454552e-05;3.7028856746834354e-06;9.260617237336679e-06;1.1291238939330558e-05
00:34:49;123;2.3323933243607993e-05;2.3786213642790842e-05;3.598390399434021e-05;3.122435696086127e-05;1.679127980609833e-05;1.9734370151912696e-05;2.131701300553149e-05;4.4382185091184177e-05;1.617908170782233e-05;3.717898096831298e-05;2.316836126939589e-05;2.588879991352852e-05;1.1293671817534026e-05;1.759120585699169e-05;1.5137884686696038e-05;3.1557743983008734e-05;1.781057920807949e-05;2.040529651349982e-05;2.350646280066502e-05;4.42824017411596e-05;1.5359962991526486e-05;3.717198984603887e-05;2.380700776553521e-05;2.6253775150174e-05;1.227401466903872e-05;1.779472961660056e-05;1.521059184136603e-05;3.7041812818854744e-05;2.3968587222784912e-05;0.00012549121556317577;8.309675386765123e-05;6.327532883084846e-05;1.415103172426993e-05;1.6062872281365439e-06;4.0416341337077256e-05;1.7181643062169104e-05;4.1220973932396155e-06;8.146775967747724e-06;1.3308972916127321e-05
00:35:06;124;1.728357047687206e-05;1.7969199389777784e-05;2.6920618911329626e-05;1.171699459041003e-05;1.9156580736731403e-05;1.8330341155412746e-05;2.690848291629002e-05;1.4913646394115238e-05;9.996959756170492e-06;1.2908234701569654e-05;3.2203134824468094e-05;2.435009908326306e-05;1.13366778733011e-05;1.5477919548216462e-05;1.0103766776126122e-05;1.2260225388142973e-05;2.0574666174254645e-05;1.9719649295623214e-05;2.8565158457620528e-05;1.5596830248969012e-05;9.888521485145592e-06;1.3275580328544365e-05;3.1729147492655954e-05;2.5070721722507108e-05;1.2090004872069458e-05;1.6143075748614942e-05;1.0716805678108542e-05;2.1141616987317942e-05;2.0348275197619984e-05;3.8389884336242054e-05;7.316177339317029e-05;4.758266411420648e-05;4.401539736680584e-05;2.461161598059578e-06;3.1852457161871794e-05;1.7915098630363602e-05;3.0209257724155904e-06;1.0481089025606255e-05;1.2677083352276164e-05
00:35:23;125;1.9098143287589085e-05;1.9869772402187985e-05;5.068852749091643e-05;1.1383466027258361e-05;1.3596794633227463e-05;1.7699201113042694e-05;2.1148536942209002e-05;2.0104261204003457e-05;1.2921727616799217e-05;1.164652063129717e-05;2.4816350573205042e-05;2.229502485885281e-05;1.1826940859226521e-05;1.502946553893542e-05;4.6709421148059185e-05;1.1411936554130862e-05;1.4707811703685159e-05;1.8809371104458777e-05;2.271949095394362e-05;2.1076471857438115e-05;1.31231786153991e-05;1.1697598985179705e-05;2.5937754396147306e-05;2.338586519623346e-05;1.2679999760817e-05;1.56046123806788e-05;4.728316981769079e-05;2.1361168884055667e-05;1.749895465186638e-05;0.00023639810905807883;0.00019289172796964132;5.501866842540333e-05;1.7581274272876336e-05;2.20286361497481e-06;2.2479362896884837e-05;1.849235119804124e-05;3.3116848000654527e-06;9.57271071835652e-06;1.1453453400752502e-05
00:35:40;126;2.4992966323431823e-05;2.5773743167335368e-05;3.486970680047507e-05;2.539278305717248e-05;1.4934264182319236e-05;4.531699894207784e-05;3.1289776438696165e-05;2.1679245455950216e-05;1.461662205057027e-05;1.699511154449531e-05;1.882173665215057e-05;1.777905594544584e-05;1.1951442081810496e-05;6.82396784399812e-05;1.2898874113628525e-05;2.5897395994722005e-05;1.6165236404417613e-05;4.508591509760133e-05;3.415520805452915e-05;2.3251369050659734e-05;1.4016438284141006e-05;1.7067712201711815e-05;1.9596235089713582e-05;1.898880999979616e-05;1.2767734834953813e-05;6.839405287343042e-05;1.3898806726133386e-05;1.3066956949724513e-05;2.370295147933239e-05;0.00010832807120108322;0.00012966292364424128;5.049736185648946e-05;2.2248072831586087e-05;1.84336374018761e-06;2.7792433768471782e-05;1.6282187078224014e-05;4.9077008793028515e-06;1.06908667185032e-05;9.413591458554376e-06
00:35:57;127;1.4489578112695447e-05;1.5341711044624666e-05;9.247172455257998e-05;1.040321684862213e-05;1.5062816487443342e-05;2.4689757441106767e-05;1.8434883707320957e-05;1.2275316374851544e-05;1.5065732512198338e-05;1.0534504074722793e-05;2.0555925115931213e-05;1.7842380158712828e-05;9.08939535548825e-06;1.0994040984903883e-05;8.926964242887566e-06;1.0512280282512886e-05;1.655984456940846e-05;2.5757355224068535e-05;2.01826373707758e-05;1.3142661143170192e-05;1.478737754674696e-05;1.1124069651832312e-05;2.1177803791022e-05;1.9415947140778025e-05;1.0278282066401171e-05;1.159027793112762e-05;9.571989169130632e-06;2.4219346814274215e-05;1.6558266279973257e-05;0.0005327544982971344;0.0004089694780977205;4.125133656168087e-05;1.3844690236211095e-05;1.8748549490927687e-06;3.143899526363929e-05;1.3419959001336967e-05;4.016571737639251e-06;1.0021949777997165e-05;1.1290747614259659e-05
00:36:14;128;1.4291936692374788e-05;1.5363034654461743e-05;3.356648845050665e-05;1.1742649028499066e-05;1.4922554252000902e-05;1.6283047696933036e-05;1.9036552726251184e-05;1.0600245070561828e-05;1.0185776815128314e-05;9.491735188372662e-06;1.5661502468395323e-05;3.2888303727738524e-05;9.943043595099384e-06;1.1584576514229122e-05;9.163249201678395e-06;1.2010658643196656e-05;1.6491211267115247e-05;1.7483569605200834e-05;2.0907318420414193e-05;1.1843969436016824e-05;1.0281655727627782e-05;9.72165695271496e-06;1.6868856400372962e-05;3.45555647441018e-05;1.1088235652683188e-05;1.2564947328313263e-05;1.0538764319237458e-05;2.283810199507693e-05;2.105844127021541e-05;0.00011973374320247494;9.929577784732517e-05;5.4936944325122944e-05;1.679669908043445e-05;3.536678331843812e-06;2.5816710775604123e-05;1.3932606450087934e-05;2.6981273690987345e-06;9.92684843701238e-06;1.2227182321783054e-05
00:36:31;129;1.7978591389774838e-05;1.8952520700691776e-05;2.684126205347597e-05;1.3918403736051294e-05;2.290881274740803e-05;1.515881542440473e-05;1.9076833470163283e-05;1.4880904580329776e-05;1.1599038346203502e-05;1.870257811408361e-05;1.5494212054146704e-05;4.926126070937574e-05;8.727338927175507e-06;1.295184607256901e-05;1.3063044831214524e-05;1.380827048890325e-05;2.462824495178441e-05;1.6333557417781293e-05;2.127522473045569e-05;1.657415195720055e-05;1.2179651646506442e-05;1.906476823426636e-05;1.655177993022415e-05;4.93397788034864e-05;9.84028177679394e-06;1.3990477632835826e-05;1.384405275622399e-05;2.2428913578834137e-05;1.6180004456516e-05;9.935534581584529e-05;5.0380724759268946e-05;4.313738265886164e-05;3.015929159397325e-05;1.3930180978469848e-06;2.2428560672683603e-05;1.4204015937392383e-05;2.7651006141867008e-06;9.435194334299714e-06;1.0227592122002978e-05
00:36:48;130;1.860200220123302e-05;1.961087897903274e-05;2.7249193690026335e-05;4.033809095202204e-05;1.9277103795254582e-05;3.553018862848231e-05;1.7365122235188128e-05;1.3676731127015335e-05;1.3828538567653679e-05;8.263647462637312e-06;1.597929300668387e-05;2.2723474218237655e-05;1.2725398692287564e-05;1.3054402461808547e-05;1.0462028339087613e-05;4.1430572079512276e-05;2.059214696175009e-05;3.5758022885936126e-05;1.984691800339821e-05;1.4895391503366998e-05;1.3663894813224125e-05;8.788587880604333e-06;1.7411442945270706e-05;2.4199176481534444e-05;1.3775214224724436e-05;1.3315774606470065e-05;1.1653400035149527e-05;1.643124651242552e-05;1.821769893880117e-05;9.966972496446373e-05;6.0864238169371315e-05;5.1075150544190396e-05;1.2155094577531866e-05;1.5327243730831079e-06;2.868390041621388e-05;1.4051318348459044e-05;5.378889051676553e-06;9.826372113163911e-06;9.103966270935579e-06
00:37:05;131;1.938857231338757e-05;2.0157536456753392e-05;6.975959665103897e-05;1.2856572960179784e-05;1.4444638762514925e-05;3.28872281804913e-05;1.849087375143716e-05;2.027850959636494e-05;1.129691075683261e-05;1.1793579560048784e-05;1.585103431332093e-05;4.283610853793686e-05;9.56903763015372e-06;1.4566278504834042e-05;2.7792087949633654e-05;1.3413358840496792e-05;1.602135596587249e-05;3.390227246637562e-05;1.982937309652629e-05;2.107621308317028e-05;1.1492390835365204e-05;1.2095895887992074e-05;1.7196183393877354e-05;4.345788900398567e-05;1.0715483497307691e-05;1.5042086073939388e-05;2.7647927409712863e-05;2.4318522647041358e-05;2.054750431845827e-05;0.00039023765165827333;0.00026652179678770545;4.689546244771938e-05;2.1994813568865342e-05;4.86479007434747e-06;2.391021315856653e-05;1.5536258621101228e-05;2.548790419930817e-06;8.433988139445074e-06;1.1305367971013153e-05
00:37:23;132;1.6285540003092468e-05;1.7094967397842764e-05;2.879087404327042e-05;1.1998877932290435e-05;2.9038733709347237e-05;1.8077116612341175e-05;1.7090028704687526e-05;2.3619716469883397e-05;1.0612982490892426e-05;1.2636636102766632e-05;1.6293374615243423e-05;1.515108324797025e-05;1.3227353033006363e-05;1.0423892607424147e-05;1.725667780890076e-05;1.2604193135659812e-05;3.0829313006126795e-05;1.9032376983403404e-05;1.8884593005110864e-05;2.372200149785627e-05;1.0863967308748066e-05;1.2864670570476697e-05;1.704729976741482e-05;1.650044420405064e-05;1.4147784665361034e-05;1.1110754804818338e-05;1.753220245127177e-05;2.4130768888502554e-05;2.2019641424858598e-05;0.00010307063674989448;6.383318264723235e-05;5.663497485129798e-05;1.477787419937625e-05;1.3661435587578598e-06;2.2753411099861293e-05;1.5229093596083393e-05;2.3496786900493428e-06;9.244931150756098e-06;1.008015166257487e-05
00:37:40;133;1.3136112394043018e-05;1.4233813700126189e-05;2.5045250517995818e-05;1.0882208546806025e-05;1.1217090580182479e-05;1.2892982772556975e-05;1.6118134673413145e-05;1.2259970130979912e-05;8.057691030930156e-06;1.3142933712825569e-05;1.3634944369688252e-05;1.3844967170939526e-05;2.3901599158710436e-05;1.4055733290971064e-05;7.625089496214472e-06;1.1475716643031728e-05;1.2486445887623609e-05;1.4320474350180248e-05;1.839986459885892e-05;1.2735445320858957e-05;8.411943234690786e-06;1.3715790379436943e-05;1.4753179578902642e-05;1.5168473843994987e-05;2.6268444965848452e-05;1.4836716667260486e-05;8.233265546124717e-06;1.5222293843387029e-05;2.8833156516336553e-05;6.733961584750788e-05;5.764049069470859e-05;5.122472087155793e-05;1.8654789326986098e-05;1.6840181561427283e-06;2.083299205753398e-05;1.46877785076017e-05;4.871874335928163e-06;9.370860424787273e-06;1.0180415633471897e-05
00:37:57;134;1.4976002674416122e-05;1.5706578329926847e-05;5.801522828201123e-05;1.489756347826766e-05;1.3938896915729773e-05;3.0264578494542217e-05;2.8572665965756723e-05;1.3769128918413157e-05;9.217711365749892e-06;1.161518083524594e-05;1.4267818965084768e-05;1.439367093651485e-05;8.82579579746851e-06;1.061721622619416e-05;9.331799732786356e-06;1.5207930061213901e-05;1.5081612943930263e-05;3.0792198991041946e-05;3.069040712368486e-05;1.4231025281471283e-05;9.25625396765882e-06;1.1834289672393264e-05;1.5508905274640987e-05;1.5122468378453786e-05;9.603143915896159e-06;1.1063702107934706e-05;1.008699676080878e-05;3.446828670486636e-05;2.783924006697822e-05;0.00032690619595554234;0.00014980395268922138;4.686054156587178e-05;3.9079298978101245e-05;3.990581062758123e-06;2.566220633705715e-05;1.8106685168848076e-05;2.22764982843395e-06;9.572249870142097e-06;1.1665851156314029e-05
00:38:14;135;1.4729932086187215e-05;1.542428238776032e-05;3.0214902723649215e-05;9.393292082584345e-06;1.7127254758200003e-05;2.0405057982357405e-05;1.5135671687134659e-05;1.1866833269571295e-05;1.0098398517884148e-05;1.6167258446583592e-05;2.904400654363764e-05;1.4578328029363712e-05;1.0997234537962248e-05;1.2113412164570615e-05;9.832431620085655e-06;9.657243487098743e-06;1.8642810492922222e-05;2.083826955963041e-05;1.671135007338215e-05;1.2911298901737517e-05;1.0003585838937478e-05;1.6380368419326075e-05;2.925464199322476e-05;1.546394290742199e-05;1.2110520620359538e-05;1.284730172566141e-05;1.0270049262797766e-05;1.6693779178514286e-05;2.1980192314879072e-05;9.54999833656265e-05;8.311652243792908e-05;6.50324593625975e-05;1.5708810544556735e-05;1.4252731658919989e-06;2.431005857873096e-05;1.2959932002226359e-05;6.094172140114151e-06;1.0569795114366083e-05;9.187854478357779e-06
00:38:31;136;1.7508214488709033e-05;1.8340300973445836e-05;2.871265017840076e-05;1.1412356774991911e-05;1.4178114470424093e-05;1.6909065280401592e-05;1.7814031531832537e-05;3.8483249888734214e-05;9.146623174093417e-06;7.068716625530607e-06;1.722827359432441e-05;1.2758359561230877e-05;1.2704933651393317e-05;4.150595924298531e-05;1.0888882534552316e-05;1.1763621847721073e-05;1.58275291982182e-05;1.800378610328786e-05;1.924660995704287e-05;3.8907079859983025e-05;9.16508456669627e-06;7.357673968980162e-06;1.8458833771627368e-05;1.4005490443138759e-05;1.3237979279046722e-05;4.281436598876674e-05;1.1295549317270066e-05;2.097202618806985e-05;1.9775861821064094e-05;8.551372965886742e-05;8.52173673820356e-05;5.931862622083235e-05;1.4076892243300464e-05;1.0565602456227215e-06;2.1544696767181006e-05;1.3447611841970473e-05;3.906835150419533e-06;1.0340944883148008e-05;9.380649738297634e-06
00:38:48;137;1.1479749090881342e-05;1.2447053599823413e-05;8.025514506099257e-05;6.857272964566619e-06;1.2095411476438626e-05;1.4730783129059752e-05;1.682512586724401e-05;7.904968539791794e-06;1.445525839730263e-05;7.0159077377628485e-06;1.2861123755152965e-05;1.499284500606667e-05;7.913794225024937e-06;9.683044209199663e-06;1.2421450769941409e-05;7.362772273925749e-06;1.3599944107722244e-05;1.584648516309474e-05;1.8987184744276683e-05;8.969764702312745e-06;1.411781703367685e-05;7.639050360196535e-06;1.400944365971704e-05;1.6146762494758194e-05;9.076513217937472e-06;1.040727380613238e-05;1.3201627892538201e-05;2.5782860396775238e-05;2.0036112158474026e-05;0.00044046583459330865;0.0003461476768553033;5.143483668766852e-05;1.479866506112427e-05;2.365473295636272e-06;2.493770710380698e-05;1.5543435840088846e-05;2.779394731662375e-06;9.177451156072049e-06;9.592292851990173e-06
00:39:05;138;1.118915455384178e-05;1.2249828856349982e-05;5.7549301674665114e-05;9.737678967331414e-06;1.021539619213999e-05;1.9445829587218874e-05;2.412885565273758e-05;9.414590982843988e-06;7.852912378713096e-06;7.637459858565101e-06;1.1620935209515954e-05;1.178950419244984e-05;7.389207111559286e-06;7.4984799945034615e-06;7.539000913487309e-06;1.0356783662510807e-05;1.16414973801304e-05;2.112212513554679e-05;2.6527922468803694e-05;1.0600303263529469e-05;8.01451232049819e-06;7.929956505973632e-06;1.2851186522910418e-05;1.3246977572105354e-05;8.040378528261776e-06;8.401387374392413e-06;8.264911356709951e-06;2.650718168415228e-05;2.1739596301978278e-05;0.00030778432662491024;0.00019953120472007384;5.3012513655700425e-05;2.0305437518966904e-05;2.525047460097315e-06;2.2540458060233235e-05;1.465759431474294e-05;3.053362120540287e-06;8.90241013857437e-06;1.0032487496011146e-05
00:39:22;139;1.3717306547856754e-05;1.4723227754006121e-05;6.168210393847803e-05;8.413967560339973e-06;1.2957600126448845e-05;1.6110340483392477e-05;1.608436141835186e-05;9.723378653993883e-06;8.478476672735269e-06;8.97741769052955e-06;2.710487619207346e-05;1.1782864138286765e-05;1.5314863690915363e-05;9.469292468044056e-06;2.019023577691893e-05;8.752219187793148e-06;1.458214312519943e-05;1.7220242395374447e-05;1.863017071547249e-05;1.1014044831208133e-05;8.61679410850747e-06;9.679964080797745e-06;2.6693587343184915e-05;1.2967192111617909e-05;1.7064619700986555e-05;1.030520241881818e-05;2.115254817079956e-05;3.2491588903036895e-05;2.048146891006094e-05;0.0003827587301650098;0.0001292509179643054;4.6034202004642126e-05;5.907952683797572e-05;1.2690779369506368e-06;2.988015184803232e-05;1.7812663926851635e-05;2.9834585466983614e-06;9.261631076937694e-06;8.881829141234727e-06
00:39:39;140;9.599389449797194e-06;1.0629414957085966e-05;3.7293132489946786e-05;8.226535270045526e-06;1.1602595099640729e-05;1.2874090674327734e-05;1.305991081453199e-05;9.668385177716035e-06;7.809737372032156e-06;5.898361774114846e-06;1.1491009783138782e-05;1.1456102664650105e-05;6.609930230312826e-06;8.853748868437544e-06;7.642262216672242e-06;8.655068437361432e-06;1.2959508953654336e-05;1.4382906683058997e-05;1.5197769249724946e-05;1.0658910658876956e-05;8.021984251195423e-06;6.115442757514826e-06;1.277846098950065e-05;1.2953844091072501e-05;7.63579458790342e-06;9.786955811423353e-06;8.40632877135491e-06;1.652868326490758e-05;2.1280456777648098e-05;0.00014455028203321326;0.00014419223808554384;4.8513883707815476e-05;1.228420184063483e-05;1.8705142118795509e-06;2.3193367678049122e-05;1.4322284975796927e-05;2.913058349309765e-06;9.632639659184489e-06;8.235979295378506e-06
00:39:56;141;9.724924471366979e-06;1.0813143029436911e-05;3.4654089408132235e-05;1.0362542350347583e-05;9.842974254003035e-06;1.106553298122683e-05;1.4640174414508197e-05;9.789282939659023e-06;7.188424683461521e-06;5.396324210432175e-06;1.0870718550134741e-05;1.2699583978365519e-05;8.820195240843987e-06;8.073091288968664e-06;7.950245067046456e-06;1.1055941994055513e-05;1.113457724559224e-05;1.2345625605178877e-05;1.6916524445254184e-05;1.08953645855153e-05;7.464986544008856e-06;5.8741384524597106e-06;1.2245917016024336e-05;1.4265092765607377e-05;9.850011464769074e-06;8.964840467745524e-06;8.74469185275095e-06;1.652577378421096e-05;2.0098384009384258e-05;0.00013146858162628382;0.00012237346078143794;5.464597990567967e-05;1.2703088278661598e-05;1.7793609898291967e-06;2.1409368406262593e-05;1.346550827006304e-05;3.5827294679935094e-06;9.202457685787474e-06;8.59437969199276e-06
00:40:13;142;1.0415862827916168e-05;1.1405430742815031e-05;2.490162609375126e-05;6.89279058137386e-06;1.2065461812033556e-05;1.2412046727790353e-05;1.9983051102330634e-05;7.312338044326597e-06;6.383621841233765e-06;6.464577133481374e-06;1.0694473623118483e-05;1.2464243929664256e-05;6.573814438904822e-06;1.304172116854054e-05;1.0702209791511244e-05;7.332936513217025e-06;1.3605730140326056e-05;1.3398756177766585e-05;2.168519398465729e-05;8.482165953807187e-06;6.907639970772316e-06;7.09060060516198e-06;1.1836507250728009e-05;1.3763460226038682e-05;7.614537589918804e-06;1.3827859381504086e-05;1.1319777024278043e-05;2.6009863612208528e-05;1.7562908952444415e-05;7.142514961677419e-05;5.478309662393679e-05;5.354493360441202e-05;1.336520262811728e-05;1.2779683419607115e-06;2.3341489270605017e-05;1.606037436470675e-05;3.414974508517774e-06;1.0005128225868803e-05;8.02842337546287e-06
00:40:30;143;8.596313431429405e-06;9.592340321904874e-06;2.6066741625995804e-05;7.651700275733798e-06;8.86082181494885e-06;1.0764938514414139e-05;1.3897753659493487e-05;7.1472095545356176e-06;8.421857479845585e-06;5.1873891377144075e-06;1.047762834167026e-05;1.1985644314775486e-05;5.726664114873032e-06;6.98179481226837e-06;6.052355512118559e-06;8.096911107161218e-06;1.018568286493559e-05;1.2225974456623014e-05;1.5880539258087312e-05;8.244139004275468e-06;8.56995438304774e-06;5.641729327940487e-06;1.1578125245653644e-05;1.352007456826189e-05;6.541694329837499e-06;7.899559322244318e-06;6.723695481854566e-06;2.09923816953645e-05;2.0855846122347838e-05;7.05104015756478e-05;7.352124358568132e-05;5.189362265378821e-05;1.4597150476197042e-05;1.4888476754743883e-06;2.2503382437762822e-05;1.4441608230070462e-05;3.680226083701883e-06;9.482190021737728e-06;8.833998954175686e-06
00:40:47;144;9.465755715092945e-06;1.0391316969110484e-05;2.930512427659118e-05;6.380582417813747e-06;9.303393153071614e-06;1.1984118597364489e-05;1.2749396758367352e-05;8.906291433160876e-06;9.59769139282943e-06;9.867407634735834e-06;1.0019209759222617e-05;1.1991684734172479e-05;8.791070223940716e-06;7.609721496816167e-06;6.3884970554862654e-06;6.779525807083885e-06;1.0608639904948856e-05;1.3176132591680367e-05;1.4962685920089584e-05;9.849705719129297e-06;9.45010053121361e-06;1.028997736238459e-05;1.1342776481716457e-05;1.3095725437237946e-05;9.662113031101651e-06;8.443906205649932e-06;7.0345098651205834e-06;2.493050341226668e-05;2.0311439493535385e-05;8.897675409824677e-05;8.702244686663868e-05;5.547103210689889e-05;1.2578521741293051e-05;1.3745077459582663e-06;2.3730915838353012e-05;1.4516281537211912e-05;3.8112853343221213e-06;9.361267937334106e-06;9.576535207035254e-06
00:41:04;145;8.956503663171134e-06;1.0007967876511348e-05;2.9002209490954844e-05;6.9790043139309175e-06;9.237191925137722e-06;1.0368235842086257e-05;1.274314926162519e-05;7.378191440275052e-06;6.44026374920579e-06;5.730141599193737e-06;1.0670216818715e-05;1.0744931048184919e-05;1.0650601220034291e-05;8.816891368920468e-06;7.71922163651921e-06;7.450309066704984e-06;1.055703591813239e-05;1.1786645527651292e-05;1.4883464418629426e-05;8.616537130203856e-06;6.621804735730137e-06;6.037992082533089e-06;1.208682368985448e-05;1.207144904456763e-05;1.1883108354710732e-05;9.679461314429122e-06;8.420979214216586e-06;2.4528697881952866e-05;1.9665429202956462e-05;9.445286770113654e-05;8.610690636018985e-05;4.97172615189365e-05;1.3016006327074346e-05;1.5766880887632612e-06;2.2539715044900357e-05;1.4521931398554638e-05;4.195718516898327e-06;9.373661239896635e-06;8.331630610198346e-06
00:41:21;146;8.527139809447446e-06;9.56339802461473e-06;3.572327082384984e-05;6.214555941852495e-06;1.151617547311513e-05;1.1079446694075365e-05;1.1957675511098387e-05;7.581987321455844e-06;7.341764992800521e-06;5.09923789399574e-06;1.0369182779160466e-05;1.123042822825937e-05;6.530041860615525e-06;7.333416163455488e-06;6.071761164153341e-06;6.814575240414227e-06;1.2969258046101874e-05;1.2762983577068795e-05;1.4081626063613574e-05;8.695141597071817e-06;7.400171070221864e-06;5.54808652447684e-06;1.1702442850348027e-05;1.251488377800089e-05;7.339815660595343e-06;8.287061962020537e-06;6.644726114775293e-06;2.5222200823064175e-05;1.9545587796153165e-05;0.00014689202794266457;0.00011291657511547643;4.8651827536258424e-05;1.3065331306265318e-05;1.6996935169424652e-06;2.3598156395404206e-05;1.538500367038238e-05;3.3448430468326984e-06;9.293801583280455e-06;9.064201153473864e-06
00:41:39;147;8.104221398690987e-06;9.128611135208843e-06;2.9278542332330574e-05;6.22774444604023e-06;9.388706567263357e-06;1.0040449814916677e-05;1.2532355233412835e-05;7.083693764736216e-06;7.877852218805195e-06;4.625018954969433e-06;9.499045877961718e-06;9.89879953359398e-06;6.958549434443739e-06;7.520761212989865e-06;5.597676421457849e-06;6.624711647729575e-06;1.0738203509620839e-05;1.1396511523988793e-05;1.4874758551142598e-05;8.195906330117016e-06;7.81725180740402e-06;4.981309233745044e-06;1.0909741486332827e-05;1.1317623415656087e-05;7.98377789267968e-06;8.384877777574776e-06;6.318656497696102e-06;2.377684007371756e-05;1.945977369410354e-05;9.624820097984352e-05;8.83609832476118e-05;5.0719343486240265e-05;1.1823266093229184e-05;1.5223315550965806e-06;2.325183842200997e-05;1.489218648585051e-05;3.465925297336576e-06;9.609347428544493e-06;8.212471224382967e-06
00:41:56;148;8.12861025164838e-06;9.135699944141102e-06;3.018249131917172e-05;6.755394547429784e-06;9.12032301414456e-06;1.0044139815787192e-05;1.241069777855521e-05;7.969489286355467e-06;7.040945273605427e-06;5.094083758453135e-06;1.003966333195711e-05;9.867941574658413e-06;5.794310667151979e-06;7.76705613570915e-06;5.639274862028804e-06;7.297731878645232e-06;1.0501466459584353e-05;1.1430590238657565e-05;1.4537937860513e-05;9.007802746745704e-06;7.173975397644069e-06;5.382140414762425e-06;1.1391980064494234e-05;1.1339361513312759e-05;6.669775032179719e-06;8.583940155093139e-06;6.311694266825518e-06;2.5400828547281783e-05;1.9112153119760438e-05;9.664253273898555e-05;9.662442154496124e-05;5.0663410388803546e-05;1.1855601525394144e-05;1.5083878603161157e-06;2.3639877055452615e-05;1.5359564533073883e-05;3.5956204768369123e-06;9.267949858459012e-06;8.519548180735284e-06
00:42:13;149;8.025475079488263e-06;9.053269872011594e-06;3.2582036982495856e-05;6.579485310515503e-06;8.715140029122184e-06;9.865872930251127e-06;1.2052236576339096e-05;7.221497827846303e-06;7.221991633085426e-06;5.718820342534317e-06;9.531306944345694e-06;1.0536137911546204e-05;6.718657097660628e-06;6.755978801529429e-06;5.3885721287888995e-06;7.134477257324439e-06;1.0179808093279106e-05;1.122122975048805e-05;1.414668923079941e-05;8.327304684929845e-06;7.325147623616223e-06;6.129248895722182e-06;1.0937631377370813e-05;1.1891960771726754e-05;7.5575790221211975e-06;7.66545509243689e-06;6.122702738530624e-06;2.4224990660236624e-05;1.9553825449308814e-05;0.0001170212758063089;0.0001086997514795209;4.95544527407597e-05;1.174164022733004e-05;1.4980855754110443e-06;2.276810710711062e-05;1.4782639522738736e-05;3.4647473802061966e-06;9.281485248680349e-06;8.393442592338341e-06
00:42:30;150;7.786116608666692e-06;8.847945306875265e-06;3.14574802416405e-05;6.06443638643968e-06;8.875303164240284e-06;9.772970922871206e-06;1.1878629980411791e-05;7.112872854587625e-06;6.521913600853292e-06;5.254095814422044e-06;9.520506757742066e-06;1.0031301770978148e-05;6.024415618810508e-06;6.692545452127971e-06;5.684403964261781e-06;6.636827372029627e-06;1.0294619745694991e-05;1.1185721995147266e-05;1.4150785111407366e-05;8.227075145268942e-06;6.7759242080648644e-06;5.716687826263089e-06;1.085227039524559e-05;1.1482426492000719e-05;6.909750954025496e-06;7.5667004193171205e-06;6.376549821698639e-06;2.4443170718510786e-05;1.937098438799984e-05;0.00010964933408548282;0.00010114206711427384;5.0261216801674045e-05;1.2001090251528064e-05;1.4560116254838795e-06;2.3342976887108588e-05;1.4689903258084613e-05;3.4451728716000424e-06;9.440143424151232e-06;8.247691473788248e-06
00:42:47;151;2.3035019485074702e-05;2.385804037669603e-05;3.969607742750961e-05;1.1474461029660109e-05;1.9079180657658153e-05;2.320376491773211e-05;3.738817828103823e-05;4.7765716242441734e-05;1.8547334695478472e-05;1.1064076467125584e-05;2.012896553728958e-05;2.522083084050502e-05;1.6328755913780863e-05;2.6357988908578342e-05;1.9860972389293156e-05;1.1354673495565915e-05;2.0727941290128392e-05;2.440425059025005e-05;3.9503655265250444e-05;4.7631329869522856e-05;1.7880718322758875e-05;1.134283871590613e-05;2.113753768604004e-05;2.6599067427060284e-05;1.77317100955222e-05;2.75314714829769e-05;2.0451282188896813e-05;2.8717852836754013e-05;2.5198876789915975e-05;0.00016096564093973743;8.17515822500054e-05;6.132430969379204e-05;4.6866571652602345e-05;1.3829943726752467e-06;2.7090187727579958e-05;1.722268080110832e-05;8.441379392353613e-06;8.417475255487258e-06;8.973377418103662e-06
00:43:04;152;1.8405072248645577e-05;1.87804048840042e-05;2.5277094323564434e-05;1.455982793174826e-05;1.553891369806851e-05;1.8984188867224557e-05;2.7119509197022623e-05;1.2324241582332847e-05;1.1218389277897503e-05;1.5147039485635167e-05;4.695898313529638e-05;1.763192002809691e-05;1.3071754763545455e-05;1.3800628813953608e-05;1.4505463091361229e-05;1.485149955960533e-05;1.7283326617215137e-05;1.9622137613945988e-05;2.84760362889376e-05;1.3479070949421228e-05;1.1090364319276392e-05;1.5257160353203175e-05;4.4565647103694045e-05;1.8239449880500707e-05;1.3751513794391663e-05;1.4181627239516193e-05;1.456701852188002e-05;2.5763461008660422e-05;1.5550989715309353e-05;4.098192576551323e-05;6.408489321278781e-05;4.173183361277715e-05;2.7112995061618315e-05;1.3561867004198152e-06;4.1350664807469446e-05;1.973465292607316e-05;4.517380189037535e-06;9.228986897981289e-06;1.1911161985125727e-05
00:43:21;153;1.638251014603818e-05;1.7124724015243545e-05;6.79642095106128e-05;1.9626036729195302e-05;2.6714207915678013e-05;1.882125310714855e-05;1.988544822366252e-05;1.0712248739769786e-05;1.2053901832070386e-05;1.110459460433462e-05;1.6686842422266388e-05;2.606616341438439e-05;1.1052170263264378e-05;1.2447545798786244e-05;1.1419702388402378e-05;1.9560581049633205e-05;2.849552950039329e-05;1.9381216070887375e-05;2.1488224970371333e-05;1.1691713017528314e-05;1.2319626870222134e-05;1.143263052308842e-05;1.7094580356040497e-05;2.711121031765449e-05;1.2052354646538667e-05;1.3005642266520387e-05;1.1863371461994219e-05;4.0097998402134397e-05;1.8125705696920483e-05;0.00043350713713636473;0.00015282122637681828;3.67910827804516e-05;6.921370644420811e-05;2.220677125067688e-06;2.5922508539112103e-05;1.5090628501169275e-05;2.6770775015303843e-06;8.766679664119782e-06;1.0336085959456611e-05
00:43:38;154;1.4595663013882255e-05;1.5773754103641216e-05;3.347548252840024e-05;1.3113950011891326e-05;1.3974309209433242e-05;1.4214672554337746e-05;2.6708930912439595e-05;1.2363538988066383e-05;1.5736555349638532e-05;1.1650043867141655e-05;1.6369236462310255e-05;1.4491075687446523e-05;1.4734948444263615e-05;1.2462833797531982e-05;9.32785695924436e-06;1.3658234831980942e-05;1.5180124367511378e-05;1.607673327927404e-05;2.971339660079242e-05;1.3312936810311666e-05;1.5887963762665257e-05;1.2332276229025859e-05;1.7914639769676084e-05;1.6109133314244048e-05;1.577874714896581e-05;1.3468352047806824e-05;9.852504009831125e-06;1.4284265475179596e-05;2.6464256244952143e-05;0.00011884323244202571;0.00011105234194517608;4.92782074322342e-05;2.1969819672178784e-05;1.6651146092650837e-06;2.2072082866438596e-05;1.4786571410937715e-05;2.672301736648246e-06;9.168332303505609e-06;9.449264202260984e-06
00:43:55;155;1.668320862532627e-05;1.7480385544838065e-05;3.279821067585893e-05;1.1249849431490846e-05;1.5097599710533029e-05;1.593952012900569e-05;2.6432997246543394e-05;1.049184200238332e-05;1.2759289970435104e-05;1.2126749370173167e-05;1.4161382168254022e-05;2.27948237455745e-05;1.1939961247910766e-05;2.359826178312894e-05;2.3606219678320237e-05;1.1827624475009095e-05;1.64339545922821e-05;1.733667237272993e-05;2.7636913544000302e-05;1.1497254991475448e-05;1.2317536097322738e-05;1.206678783817068e-05;1.5561237323478813e-05;2.3686124476153977e-05;1.2821750957139361e-05;2.503898302833638e-05;2.3539780285537297e-05;2.1989481152433013e-05;1.8183348998147407e-05;0.00014848610441063292;7.997268231418787e-05;4.121397632058655e-05;2.1686906213386912e-05;1.5555783256972087e-06;1.996493502866355e-05;1.637353911844749e-05;1.7925541293665359e-06;9.75140264725273e-06;1.260801945150511e-05
00:44:12;156;1.950781321046303e-05;2.0501603114697197e-05;4.118410197026144e-05;3.68206456548912e-05;1.4121671643930643e-05;1.5438746527510457e-05;2.825697565743791e-05;2.0019387369013035e-05;1.4643769238825206e-05;1.324468342483504e-05;1.4090403820690964e-05;1.674114597898841e-05;3.3413225407033764e-05;1.3617965303777426e-05;1.3685130619349325e-05;3.715997850640288e-05;1.5876118779971554e-05;1.5991842033893393e-05;3.155137053195349e-05;2.0472984413319425e-05;1.4296897910454287e-05;1.3077885479923438e-05;1.5222539827212856e-05;1.890511914927076e-05;3.498971549377046e-05;1.395496496737491e-05;1.4519813910599716e-05;1.2320251825664233e-05;1.6546936320054636e-05;0.00012486849328432003;0.00019762810545797895;6.308641415067862e-05;2.0201657409049357e-05;2.1205346039912497e-06;2.4029766515144204e-05;1.2829521307281131e-05;1.7934538341832512e-06;9.920360633110034e-06;8.863728301681541e-06
00:44:29;157;1.4835835410115743e-05;1.5962681573000737e-05;2.4557218729438643e-05;1.7520867577952064e-05;1.944337784529828e-05;1.7496568305055213e-05;1.79905908636742e-05;1.410700737703895e-05;1.0898670065661133e-05;8.155226999726686e-06;1.7580511652681707e-05;1.3573861535059512e-05;2.130432863561344e-05;1.1117767336734438e-05;8.84124196884076e-06;1.9017545680612727e-05;2.0670841704601648e-05;1.816086747751371e-05;2.0108970487324514e-05;1.6411367843967945e-05;1.1188199170900117e-05;8.775230520469346e-06;1.8343273029442364e-05;1.479044664237439e-05;2.288752962100906e-05;1.196746972157057e-05;9.230431985514183e-06;2.0996077438964902e-05;1.5333635768022355e-05;6.316928293238846e-05;5.2786348474858025e-05;4.816687205085955e-05;2.600116655860863e-05;1.3679548151608738e-06;2.763536541916769e-05;1.661085253583544e-05;4.605033667178953e-06;9.96742894916527e-06;8.04660614305345e-06
00:44:46;158;1.631738833457968e-05;1.730353397772577e-05;2.1500704038267644e-05;3.4834229485237635e-05;2.214473933292993e-05;1.2539345339038475e-05;2.4623976168475732e-05;1.1021347104774163e-05;8.512009765643763e-06;1.1195389473977519e-05;1.5445643693500312e-05;1.4176959204803552e-05;1.4601262330932679e-05;1.675732682700341e-05;9.956424759397207e-06;3.562335092007018e-05;2.4061404992262625e-05;1.3796655619881687e-05;2.570880605151016e-05;1.2209092444750183e-05;8.769692100676239e-06;1.1696720965902167e-05;1.6520183209327633e-05;1.533837251982628e-05;1.5456661792166968e-05;1.7638706710006117e-05;1.0822752174826285e-05;1.687681914209861e-05;1.6008156578418606e-05;4.7048733015697715e-05;5.9146125968431045e-05;4.3188859397542375e-05;1.6397145231808265e-05;1.6564495302554478e-06;2.1370195549195723e-05;1.4409604518982766e-05;3.499999955292933e-06;9.277078245441918e-06;9.129281326046255e-06
00:45:04;159;1.4844299144556317e-05;1.572069405610128e-05;2.3356818659110013e-05;9.989900328057708e-06;1.6699752642714635e-05;1.3342468662358442e-05;1.6454545101654812e-05;1.0922343697927772e-05;1.0859371757538321e-05;7.790321953910444e-06;1.5404936910747644e-05;1.7120577653754893e-05;2.123268339266298e-05;2.210085309880841e-05;1.6213829863690162e-05;1.0229336394446893e-05;1.8014440119938477e-05;1.4581021637644006e-05;1.8445306603650892e-05;1.2329001573205091e-05;1.0487738517774314e-05;7.743689530234175e-06;1.6691014013614925e-05;1.8606617312441444e-05;2.2135465550940054e-05;2.2152061354040308e-05;1.7232629436910407e-05;1.869675665654539e-05;1.8178795478198067e-05;6.898894272308576e-05;5.135961486412604e-05;3.812899471248523e-05;2.418501749196064e-05;1.0379135973073928e-06;2.3645162247393002e-05;1.3784719876792878e-05;2.771927856214711e-06;1.0510629925546911e-05;8.99334847966417e-06
00:45:21;160;1.697756399272004e-05;1.7769547849650423e-05;2.9665657549598492e-05;1.5390082862412864e-05;1.3071806869582112e-05;3.443085038993972e-05;1.777399166190786e-05;1.2535401945709426e-05;8.798006695862817e-06;9.461387982412361e-06;1.8798615277598234e-05;1.73445597653199e-05;1.140763284788384e-05;3.122783683745018e-05;1.3490587376581557e-05;1.5808353849404484e-05;1.4892697551278869e-05;3.4089788353907625e-05;1.913293228334382e-05;1.4261773196290338e-05;9.07640818281201e-06;9.840422935552322e-06;1.959109538549018e-05;1.8158300756826803e-05;1.1701429817157642e-05;3.2705395352434295e-05;1.397596971873088e-05;2.101596478472216e-05;1.6557728722304373e-05;0.00010945035956576219;6.154444019259285e-05;5.915319327631856e-05;1.7751674873074745e-05;1.6451651800445057e-06;3.271712515685947e-05;1.2175660943235393e-05;3.229695142918202e-06;1.0772185976800464e-05;9.974696780549001e-06
00:45:38;161;1.3735740642511535e-05;1.4832944635841908e-05;3.77149767330779e-05;1.2770048898082884e-05;1.3938316588347664e-05;1.4548170899398759e-05;1.4804271744010707e-05;1.6646586794102156e-05;7.981362379894108e-06;6.6666689616826344e-06;3.177134255142019e-05;1.3657139648676713e-05;8.41175853465033e-06;1.2123424826623621e-05;1.150979161224086e-05;1.2997764948706873e-05;1.5491241264257204e-05;1.610782914489207e-05;1.7279579015515003e-05;1.791985358620509e-05;8.14258837175358e-06;6.93276810056023e-06;3.271146193537213e-05;1.5131899101705337e-05;9.594311427175438e-06;1.2863934230902291e-05;1.282209959293751e-05;1.648574713602745e-05;1.71665101521735e-05;0.00010520729848333939;0.00015257736410347235;5.6147630127873575e-05;1.4561782698689139e-05;1.4796337875038735e-06;4.922656484520149e-05;1.5647613821614666e-05;4.19772186570543e-06;1.0389410816467218e-05;9.492442958866823e-06
00:45:55;162;1.4134613683774495e-05;1.5134137218502716e-05;4.236535973035699e-05;8.22515855441514e-06;1.193091635281524e-05;1.5567538388888185e-05;1.416009124258463e-05;1.5327201113796658e-05;1.0742177413450547e-05;1.3636038985318713e-05;1.3012576031650786e-05;1.4017988675618653e-05;3.458849856873382e-05;7.667634468527302e-06;1.0739540218584022e-05;8.599907923320344e-06;1.354428838532863e-05;1.62796570201621e-05;1.6262200996250244e-05;1.6105532892387473e-05;1.068674385040347e-05;1.409183430122182e-05;1.4545130605118267e-05;1.5309506723704407e-05;3.6597249520496064e-05;8.67296774208338e-06;1.0914622114082877e-05;2.6793994124094177e-05;1.8392258019314928e-05;0.0001741654103782071;0.00015588302420927673;5.015124772849118e-05;1.3871652045396472e-05;3.324255981791837e-06;2.5297479099497774e-05;1.6125432721683964e-05;4.6065283193056575e-06;9.269448686776407e-06;1.0503585450447952e-05
00:46:12;163;1.1895145228570733e-05;1.2847918247943302e-05;3.2368201318542226e-05;2.253272408707248e-05;1.5517839703317225e-05;1.2648491421755766e-05;1.5392324918004554e-05;8.449637114438246e-06;7.456493945441749e-06;8.093960077040016e-06;1.4775226537205361e-05;1.2034101158969241e-05;8.057178221256642e-06;1.0920471555405955e-05;6.8632903342802365e-06;2.2999911851900236e-05;1.7084049811930088e-05;1.4122243291113372e-05;1.707029672086466e-05;9.57378619538839e-06;7.4600027087571905e-06;8.727868969546325e-06;1.5788180301374097e-05;1.344813952965535e-05;8.662361589030517e-06;1.1647468045914967e-05;7.590706465773018e-06;1.9703635043774678e-05;2.184897422665755e-05;0.00011901893083688869;8.403565175355707e-05;5.2308736985396004e-05;2.11544409150454e-05;1.348714297155994e-06;3.170119035445751e-05;1.7917983672722932e-05;2.2703855040840767e-06;9.12724252868641e-06;7.982529704080592e-06
00:46:29;164;1.871244926250752e-05;1.9854512531678722e-05;0.00012261654924817245;1.8551880140710804e-05;1.377442917125584e-05;1.957202791722714e-05;3.23936045870968e-05;2.225002295248983e-05;1.9451835888937488e-05;1.671147824373003e-05;1.1819981599552937e-05;2.9473244212722833e-05;1.47571243067029e-05;1.6081768244191608e-05;9.711986537814193e-06;1.9584851002094447e-05;1.5214951199135313e-05;2.0503554890327202e-05;3.459896834101528e-05;2.3822157103656734e-05;1.933239386571701e-05;1.6874962419691818e-05;1.3351687040902774e-05;3.11566180911702e-05;1.6122782711400887e-05;1.7141583036471828e-05;1.054963278667994e-05;2.2177966958433684e-05;1.8609858167382673e-05;0.0007778514064133977;0.00048792892704498537;5.076682728890867e-05;5.3518075348123504e-05;1.6946015618162512e-06;2.538312210188495e-05;1.3587500214952701e-05;1.8571966964805837e-06;8.995566948274133e-06;9.02754223342925e-06
00:46:46;165;1.1652474878009013e-05;1.2667705153875477e-05;4.276101007674692e-05;9.464496008733518e-06;1.3189185901813454e-05;1.982699991484341e-05;1.7118078753112926e-05;9.080069447846158e-06;7.807646927527788e-06;6.52056086216455e-06;1.1733129655572776e-05;1.2046706310477681e-05;1.307912949887292e-05;7.397856330597237e-06;1.2565835660893754e-05;9.96953470843713e-06;1.4808784737995872e-05;2.1556123044055185e-05;1.9188928156755893e-05;1.0253195845323233e-05;8.124611443385727e-06;6.818111312642504e-06;1.2872804659367186e-05;1.3725376511156586e-05;1.3401460266691231e-05;8.162676335181274e-06;1.3130850450729265e-05;3.784952836567058e-05;1.9837754725405842e-05;0.00024080524448719597;8.324939718340757e-05;4.856967070822549e-05;2.0940608716103222e-05;1.399068664089497e-06;2.3176034794690617e-05;1.697668056110852e-05;2.228393885722078e-06;9.881161550604095e-06;8.218577278739449e-06
00:47:03;166;1.1600318547845166e-05;1.2581272579764924e-05;2.814353397200999e-05;2.269346124059914e-05;1.330727217727847e-05;1.2441229366479753e-05;1.3140971441187462e-05;1.2883477339187266e-05;9.8071426987448e-06;9.511656862057096e-06;1.0736034022846235e-05;1.1751228406999623e-05;6.310022612865396e-06;8.680954846599063e-06;7.94036791130669e-06;2.3193653875370983e-05;1.4985047309431749e-05;1.3789099986890413e-05;1.523777096229458e-05;1.3786576944974375e-05;9.797985627830965e-06;9.51831575951508e-06;1.2087658283638155e-05;1.308856930842887e-05;7.13773209709767e-06;9.603836323422691e-06;8.749020371166658e-06;1.756364947465744e-05;2.0548856177823975e-05;7.115232214187267e-05;9.312806235611488e-05;4.943180663786806e-05;1.7932648056680883e-05;1.2593432393004991e-06;3.0001163302268148e-05;1.6058879467676227e-05;2.697304950113653e-06;1.0297282252763112e-05;7.651089606980248e-06
00:47:20;167;1.2257785611909226e-05;1.3277454486284758e-05;6.15557115397695e-05;1.675003667532916e-05;9.794513116193313e-06;1.1714851977858002e-05;1.6295814599619586e-05;8.80340762808952e-06;2.1476908154289216e-05;8.247715740917659e-06;1.1913631756757779e-05;1.3085232187005534e-05;5.915236378939426e-06;1.5061810653481768e-05;8.034265278279339e-06;1.7550603520766907e-05;1.1323630495766498e-05;1.3095434283807467e-05;1.8625209634857256e-05;9.687615164682339e-06;2.125436305182638e-05;8.815087744263604e-06;1.3414931506499843e-05;1.4334971097071768e-05;6.6339115205031515e-06;1.5951194896681757e-05;8.642496425901427e-06;2.3061571939207388e-05;2.0485241015956553e-05;0.00027845514636732076;0.0002812129828740949;5.6539915925663664e-05;1.7261081790820505e-05;1.8872404971530266e-06;2.5173366967875918e-05;1.661840639578364e-05;2.1671272004090487e-06;9.640430280347996e-06;6.166027222600728e-06
00:47:37;168;1.0755551655124277e-05;1.184224035995025e-05;4.0871701302128805e-05;6.89886966430787e-06;1.2097512173428724e-05;9.693475279510205e-06;1.5883975903947928e-05;8.625786293883017e-06;1.119889105506321e-05;1.74797961931135e-05;9.899061737428383e-06;1.43798834593347e-05;6.4646103553914456e-06;7.466338439469795e-06;8.978415662981702e-06;7.3013779047535455e-06;1.3565636977488528e-05;1.1205776577816887e-05;1.8347529470402955e-05;9.749723593686903e-06;1.0829480115832286e-05;1.849022706503806e-05;1.1246690335127237e-05;1.5986998387464304e-05;7.397091509649071e-06;8.521719642379174e-06;9.464629559410748e-06;2.4359820310481907e-05;1.927302068486195e-05;0.00013635455869175832;0.00017429994281321844;5.483150457267508e-05;1.8958223849490424e-05;1.4666628053811053e-06;2.639137459521716e-05;1.4553033352993108e-05;3.0427413031311212e-06;9.499951047276766e-06;7.429581599060313e-06
00:47:54;169;9.2158569616045e-06;1.0200782439881816e-05;3.130290902033051e-05;1.2561848716462588e-05;1.1596446407095714e-05;1.003453384514201e-05;1.198539856194326e-05;1.1284398513954454e-05;8.253145335469402e-06;5.538583169469162e-06;9.901407660157185e-06;9.608499254263528e-06;6.2117531633987255e-06;6.790481716155806e-06;6.823783360103293e-06;1.252381239685781e-05;1.2876825949897005e-05;1.1640526788107331e-05;1.4005581576810396e-05;1.2805795265620286e-05;8.442482737072041e-06;5.925626015319906e-06;1.1129633520208181e-05;1.1044064413459936e-05;6.98628797826005e-06;7.609433488383568e-06;7.41931638268524e-06;1.875075244770501e-05;2.0542715646680057e-05;0.00011379799434406879;9.785120449673139e-05;4.90434662669924e-05;1.6163965558379227e-05;1.3969632582747454e-06;2.4480002734433813e-05;1.5019434324591547e-05;2.666048853551628e-06;9.283065509949528e-06;6.639294802607967e-06
00:48:11;170;8.834898418347786e-06;9.824748234723877e-06;2.8172881011307362e-05;8.311697584417743e-06;1.005467023095331e-05;1.0251310671611174e-05;1.3382533576976709e-05;7.518528528810913e-06;7.506600077533676e-06;6.946324909374756e-06;1.0515476481807376e-05;9.907631347258219e-06;7.924785407453783e-06;6.976182874687063e-06;6.723035780450718e-06;8.93241437402542e-06;1.1433623685546461e-05;1.1420339542613114e-05;1.5227054443786546e-05;8.563709458560223e-06;7.606957659603884e-06;7.568852836385891e-06;1.1710079980972135e-05;1.1157821414668387e-05;9.180182645005643e-06;7.67508127070489e-06;7.420858502905791e-06;2.6974374498977598e-05;1.7489970405339284e-05;9.542122904919886e-05;7.760312074772522e-05;4.421702336477141e-05;1.2205164430801986e-05;1.1457457881190236e-06;2.41721681280078e-05;1.788163549247013e-05;3.094276599720424e-06;1.0106999197873765e-05;7.762864432682828e-06
00:48:29;171;1.0254575963647932e-05;1.1267114846132359e-05;2.5795501124508903e-05;1.0687759069195511e-05;9.391313305684434e-06;1.5540519513024265e-05;1.2510513134212818e-05;7.553208251338943e-06;1.3437007532827879e-05;8.434464448405585e-06;1.1277809516808578e-05;1.1736740541385354e-05;9.709553859755198e-06;6.696531089160502e-06;6.079487863272251e-06;1.1420644942875156e-05;1.0786381147837243e-05;1.6534557991828386e-05;1.4607733462497304e-05;8.700321664439833e-06;1.3165988139583452e-05;9.026481551746322e-06;1.2553840791998148e-05;1.3295727340052128e-05;1.0653798337351631e-05;7.491946401882437e-06;6.9679530658700235e-06;1.997813005474299e-05;1.5929446440380957e-05;7.106020402676226e-05;6.272098004396313e-05;5.549059500291403e-05;2.17110323983277e-05;1.130163958407744e-06;2.5623045300867107e-05;1.5997083315857854e-05;3.413184877286082e-06;9.942808488798883e-06;6.549339585798023e-06
00:48:46;172;8.308243672352297e-06;9.317552880181406e-06;2.7157986404156514e-05;6.082671943504052e-06;8.27645670850333e-06;1.0093479774168786e-05;1.6813437417278525e-05;7.270493388424691e-06;5.583979461931676e-06;4.589612099501685e-06;1.2317970467150149e-05;9.847840442101973e-06;6.061018423638003e-06;6.720622262499567e-06;6.041338287329526e-06;6.7064368614652105e-06;9.700304739845141e-06;1.1500082190293683e-05;1.8731228033463098e-05;8.330064471770531e-06;5.854891161463824e-06;4.862797446042384e-06;1.3583594708610622e-05;1.1409034385318983e-05;6.909952856092994e-06;7.559242603056651e-06;6.663001743077132e-06;2.4755290322963044e-05;1.811170786219374e-05;9.65082844706678e-05;6.574687265536423e-05;4.6960686369958574e-05;1.4848715496344685e-05;1.1509063373057178e-06;2.3322802529978586e-05;1.432292416020313e-05;2.7377447511410364e-06;9.448270438877889e-06;7.981631454879733e-06
00:49:03;173;8.158808301123537e-06;9.191945180277741e-06;2.7657355969724806e-05;6.572749673497666e-06;1.0332001137152764e-05;9.196782891442787e-06;1.1618457060597558e-05;7.142284974034655e-06;8.960211216385067e-06;5.466650893737324e-06;1.1250044025892045e-05;1.0063476620752516e-05;4.99623100903467e-06;5.675708856113136e-06;6.6310978458519996e-06;7.013197077119198e-06;1.1753790457515617e-05;1.0594587630420612e-05;1.4002825934502525e-05;8.310178842132505e-06;9.034218036032155e-06;5.8677652172655485e-06;1.2473662018582896e-05;1.1523988696008249e-05;5.792083846222052e-06;6.611947701227869e-06;7.32509303666523e-06;2.2873484607715352e-05;1.6924890113651856e-05;7.872839228824252e-05;9.005463972404418e-05;4.7873007929919824e-05;1.4342760142920182e-05;1.3628778429873844e-06;2.50360142536041e-05;1.6175642417102926e-05;2.4325563979051834e-06;9.060339605244017e-06;7.023666313360165e-06
00:49:20;174;7.461436467792737e-06;8.53945508263482e-06;4.527325593686498e-05;7.39187890727325e-06;7.97511851919291e-06;9.16738355272173e-06;1.099198872690398e-05;7.3921371533846134e-06;6.353248121694254e-06;4.517923487929403e-06;9.151092024110726e-06;9.24366878442904e-06;5.865686235234142e-06;5.372978311803743e-06;6.114131555470046e-06;7.90023626836092e-06;9.372169591222678e-06;1.074933964480783e-05;1.3138840666768005e-05;8.496834576489383e-06;6.593623956051269e-06;4.799963752576113e-06;1.060506028922266e-05;1.0843851634513445e-05;6.738656217829528e-06;6.380788858499543e-06;6.854092221089294e-06;2.563072908089426e-05;1.8490497077411883e-05;0.0002013876618495414;0.0001687271782927077;5.311494806289676e-05;1.2958269995995993e-05;1.3795475777071552e-06;2.6893055820365415e-05;1.5273441957004435e-05;2.6415152058422066e-06;9.719518195949458e-06;7.062708126063255e-06
00:49:37;175;7.514083829495245e-06;8.585779084304577e-06;3.1519339722792975e-05;7.62691231673526e-06;9.082104351808663e-06;9.27309739105133e-06;1.0349849868615282e-05;6.9123151808464005e-06;6.554308638778201e-06;6.406222469350227e-06;8.848581839774026e-06;8.535729063846082e-06;5.61629942843276e-06;5.53302716710391e-06;5.430555642827915e-06;8.206346909083791e-06;1.0542346548321849e-05;1.0756310708713983e-05;1.2601571189073103e-05;8.010079241851404e-06;6.764702442224813e-06;6.7540321064762225e-06;1.0287684572291784e-05;9.992953943730776e-06;6.474381953472702e-06;6.443056192921764e-06;6.195878736607368e-06;2.2714118640782385e-05;1.543617337683478e-05;0.00011543901399870242;0.00010069540258959913;5.264336050779946e-05;1.1102119150435549e-05;1.1568182073516332e-06;2.401321991293634e-05;1.4961205233990492e-05;2.711403956762799e-06;9.796078870448322e-06;7.563162227872563e-06
00:49:54;176;7.047331346205448e-06;8.113137459698504e-06;4.0860216001154746e-05;5.890105527519361e-06;7.847782010179055e-06;9.165582658903821e-06;1.0579077889422644e-05;6.352100763122466e-06;5.952420835665283e-06;4.870719083979483e-06;8.673279545234891e-06;9.192505500395368e-06;4.904703499422877e-06;5.955006955105091e-06;5.184690027445785e-06;6.493217853536016e-06;9.329581972232966e-06;1.0562209878070796e-05;1.2597472257628489e-05;7.522378840044036e-06;6.146877821484401e-06;5.304917643035326e-06;1.0186890650874364e-05;1.0784483625293088e-05;5.776558573070591e-06;6.800412347153804e-06;5.852644056210897e-06;2.5727258538556265e-05;1.7790352551949467e-05;0.00018402953934858575;0.00013681880869842393;5.294530586578979e-05;1.2581848705305199e-05;1.2727722025835495e-06;2.4856633394107814e-05;1.5136085058720454e-05;2.448744129145613e-06;9.590206375629181e-06;7.125037145059895e-06
00:50:11;177;7.03226415119864e-06;8.12340957491881e-06;3.526304435033952e-05;5.573542531904381e-06;7.778928071709082e-06;8.313507164297624e-06;1.059429582736274e-05;6.226050553498846e-06;6.294981269341158e-06;4.521872346946958e-06;8.847129188118494e-06;8.812201870191736e-06;5.6863992809817114e-06;6.072753587912675e-06;5.665506112574224e-06;6.157642249640555e-06;9.220123807102062e-06;9.911599360598704e-06;1.2732663527700264e-05;7.3813998507738445e-06;6.41508000350043e-06;4.944356340251655e-06;1.0239806002412283e-05;1.0455967346583921e-05;6.569805061155444e-06;7.006895424338733e-06;6.445572839593412e-06;2.5103493336290944e-05;1.7927633937282168e-05;0.0001252659674104945;0.0001307931349524794;5.028683922983314e-05;1.2368540667419151e-05;1.222875403201786e-06;2.6506970583797232e-05;1.4035790005833527e-05;2.728167940148283e-06;9.533825925850176e-06;7.383292811444107e-06
00:50:28;178;6.8408042156162e-06;7.913271739325174e-06;3.665322599972391e-05;5.2709890664718015e-06;8.415985437114738e-06;8.503835948788078e-06;1.0311379604711522e-05;6.09090673267784e-06;6.554457348267368e-06;4.067083093417523e-06;8.418640504714858e-06;8.243836230225167e-06;5.151676077730372e-06;5.997068631751807e-06;5.0637903098954045e-06;5.88814161427406e-06;9.795944658400935e-06;9.986422177278172e-06;1.242333728211484e-05;7.230138992240484e-06;6.713560300271684e-06;4.4383334538964205e-06;9.887160029139995e-06;9.824350860371045e-06;5.982011238808775e-06;7.005277358432436e-06;5.78457886863189e-06;2.5503544504507854e-05;1.7658437796906244e-05;0.00013664847790284228;0.00013517841394526268;5.159591693947718e-05;1.2294771862711851e-05;1.3111810438045564e-06;2.5290016649662243e-05;1.4670544588602692e-05;2.5745398589114477e-06;9.642187426992094e-06;7.470679477005792e-06
00:50:45;179;6.788966689183243e-06;7.853949866813896e-06;3.458165803052866e-05;5.6373683537845985e-06;8.079548747859503e-06;8.403827896524325e-06;1.0185373318579009e-05;5.908082612390589e-06;5.996713138500809e-06;4.450541961954389e-06;8.356510760294936e-06;8.557540282858802e-06;5.196783871109677e-06;5.747080360859772e-06;4.948226983714221e-06;6.207459741342029e-06;9.584027856926926e-06;9.916094279128917e-06;1.2280132131873191e-05;7.1280318525744325e-06;6.181487473832366e-06;4.817856598734418e-06;9.872705775222453e-06;9.933065254549949e-06;6.04471373190802e-06;6.609192208583685e-06;5.672628118144864e-06;2.384390370390204e-05;1.7951908128186655e-05;0.00012323586608403115;0.00012650108603410012;5.0842944568503775e-05;1.242933461750416e-05;1.2606382341618164e-06;2.5088125221641058e-05;1.4373483363183115e-05;2.5803792639706974e-06;9.55938823221739e-06;7.3128389149419405e-06
00:51:02;180;6.784245447280765e-06;7.846971216110167e-06;3.3840647285981265e-05;5.676905402974729e-06;7.628373085372624e-06;8.430719792587835e-06;1.0247439557918948e-05;6.420452098865326e-06;5.897749661572376e-06;4.408854343425488e-06;8.43447982971797e-06;8.472468263934472e-06;5.23002684457455e-06;5.67936710508961e-06;4.8841075097010904e-06;6.2672240600005365e-06;8.993015905582092e-06;9.928030643014964e-06;1.2400105276091254e-05;7.535236352252261e-06;6.03097981218502e-06;4.758636698999355e-06;9.836339468395785e-06;9.93679117228463e-06;6.24532538760049e-06;6.654860798438607e-06;5.57710586114889e-06;2.51319050760022e-05;1.8426642366814827e-05;0.00012583458855868428;0.00011329538003637858;5.142823919240478e-05;1.1802685026841184e-05;1.2908268664885951e-06;2.4930641419989358e-05;1.4494125027101015e-05;2.5361477660787715e-06;9.607416243687138e-06;7.309169851304539e-06
00:51:19;181;1.2767085642260348e-05;1.3727078526877633e-05;4.257018872797318e-05;1.1208464235453034e-05;1.3132613931593989e-05;1.496272081557105e-05;1.7462459242975374e-05;1.716260573658701e-05;1.8229010562849496e-05;5.7283898284248895e-06;1.4321789328939552e-05;1.286107635872275e-05;8.941039179174739e-06;1.113684336541031e-05;8.05801190750799e-06;1.2089031626394128e-05;1.4494007758267926e-05;1.6525712729887772e-05;1.9658931164543255e-05;1.76398457686538e-05;1.8141875973268254e-05;6.349786734155046e-06;1.5513513442530454e-05;1.395740005885077e-05;9.828944971386705e-06;1.1849288385528319e-05;8.676600781988863e-06;2.116864975883045e-05;1.8464095169589926e-05;0.00010157287360799552;0.00014042196683203525;7.330012387096627e-05;9.538298830857046e-05;1.332004168709452e-06;2.166019260460388e-05;1.5322983433645604e-05;3.815195494168619e-06;9.594741472153804e-06;8.80645001440899e-06
00:51:37;182;1.5345446528995538e-05;1.6382805462186135e-05;3.293107384135447e-05;1.2160423180902894e-05;3.795931363273749e-05;1.5721111163264307e-05;1.6614698300155727e-05;1.5199627813832318e-05;1.244237655904292e-05;1.4873663148633073e-05;1.4647361972854675e-05;1.338842441227102e-05;1.0402099162960935e-05;1.081843329748205e-05;9.917820159314902e-06;1.251777434212088e-05;3.966396075214371e-05;1.7238491878581756e-05;1.862014449193051e-05;1.5838629943699963e-05;1.2990716571994774e-05;1.6233764850030524e-05;1.5840915037625577e-05;1.4740126798757576e-05;1.0645013746766438e-05;1.1741015418632327e-05;1.0523106775047992e-05;2.8003857535104364e-05;1.695286523313889e-05;0.00011845469535012647;9.747682464351213e-05;6.532689889971611e-05;1.2328752315609502e-05;1.1967633301045348e-06;2.2837579971559214e-05;1.3694712045359084e-05;3.100164100171117e-06;8.623700483324969e-06;7.176072188527181e-06
00:51:54;183;1.6905741941544957e-05;1.7639902994866318e-05;3.1639223658005487e-05;1.3050559511446574e-05;1.3897480512655006e-05;1.703624044906023e-05;3.6269261740203134e-05;1.6061955342004033e-05;8.745468808771504e-06;1.4891368499676942e-05;1.5736043789874284e-05;2.023146796597592e-05;1.3810574575178304e-05;2.1538787264448317e-05;1.1599687797766736e-05;1.3565340228938745e-05;1.5069961096465888e-05;1.7690192675494288e-05;3.741931983842986e-05;1.7039187846018614e-05;8.444649671518267e-06;1.5766008524408363e-05;1.6617105814740298e-05;2.14873259751527e-05;1.4928786646422953e-05;2.1902608566477605e-05;1.174834146177436e-05;3.127294579552024e-05;1.2167630806347985e-05;0.00010711989908439191;9.140884615317176e-05;4.935007542842584e-05;2.393779772999612e-05;1.2291970527768712e-06;2.5923509178732088e-05;1.4694183436584736e-05;3.6550861699955323e-06;1.044836871846995e-05;8.463144341652834e-06
00:52:11;184;1.7868815332762594e-05;1.9101197549504454e-05;4.3893433719577913e-05;1.2829790558751855e-05;1.6593340779474435e-05;1.6714604999957704e-05;1.4777124967870556e-05;9.813608816567797e-06;9.7967835715322e-06;2.620747146150651e-05;1.3184025424999907e-05;2.5611262570764254e-05;1.3195584001318201e-05;4.424218104500969e-05;1.1459998012371257e-05;1.3673405583522023e-05;1.8116880480043114e-05;1.860407041643652e-05;1.712384728537622e-05;1.105836191193622e-05;1.020798790014402e-05;2.5992301398449094e-05;1.4494325264019573e-05;2.71720109594753e-05;1.4659856799569959e-05;4.568403107176765e-05;1.2427285076262684e-05;3.7813479277625886e-05;1.5588758747578154e-05;0.00023800234641925975;0.00010376778544804628;5.0260241702395664e-05;1.5053669887592732e-05;1.2384977491336693e-06;2.926474395391142e-05;1.6814779263097567e-05;3.0155060387496304e-06;8.298145205751707e-06;7.603250941792298e-06
00:52:28;185;1.3902109689535212e-05;1.4889676301980309e-05;2.5540077008896292e-05;9.274410119401596e-06;1.514700252869261e-05;1.6062147914588174e-05;1.4203160249208354e-05;1.4079428660031887e-05;9.95417452481268e-06;9.382684888753994e-06;1.4924832390244608e-05;1.4673655799929913e-05;1.4009694761537874e-05;8.849541384460156e-06;2.6264579180302793e-05;9.6556017743302e-06;1.6498861614194007e-05;1.6942125673463296e-05;1.639670048047541e-05;1.5465522538542694e-05;9.744346879749254e-06;9.338692092845847e-06;1.6277527858527478e-05;1.621762880225831e-05;1.538385430062072e-05;9.744476410790561e-06;2.7010772641857975e-05;2.6036586441220352e-05;1.6409982330164503e-05;5.9184762349401916e-05;6.59038036556211e-05;3.8002312700867356e-05;2.8588578042620393e-05;1.5410153644924169e-06;3.262315232747842e-05;1.7360531160654265e-05;3.6918281546835147e-06;9.74511019974555e-06;7.39326137980572e-06
00:52:45;186;1.824494467360761e-05;1.929448698999145e-05;5.1645097006934906e-05;3.977695204391487e-05;1.37087181932636e-05;2.0128741543213767e-05;1.4711822252231535e-05;3.510930323810416e-05;9.05628317420854e-06;1.1531282718186214e-05;3.330642675791751e-05;1.5004251698061664e-05;7.99435661394651e-06;8.69338178559205e-06;9.917809039967034e-06;4.087579129444276e-05;1.5308634794587595e-05;2.190161819582292e-05;1.6630517200587457e-05;3.599037135924696e-05;9.214788463660752e-06;1.2257580813558335e-05;3.397808078388371e-05;1.584344243705737e-05;9.066942777879583e-06;9.719721691896976e-06;1.0746346912197577e-05;1.6554598267389088e-05;2.1899814342267598e-05;0.00028928963927868774;0.00013623143070535677;6.283426646889335e-05;2.5329503967527958e-05;2.7035926028041044e-06;3.0945003385189084e-05;1.598957875481781e-05;2.0291215194064954e-06;8.466195963412113e-06;7.468418827466928e-06
00:53:02;187;1.546805549682259e-05;1.6531619299321045e-05;5.7673503314154604e-05;9.259504820911182e-06;2.949614847900441e-05;1.3741071543646202e-05;1.8386146618612738e-05;1.2151814023556282e-05;1.635082281707541e-05;1.2295616874072577e-05;1.3334950883151206e-05;1.9572156529338e-05;7.2929481301674635e-06;2.5004180329801784e-05;8.73129966937437e-06;9.788560516967606e-06;3.1670793564271776e-05;1.4772086235351235e-05;2.0830069635987364e-05;1.3089988131676226e-05;1.6057787848418414e-05;1.2804281434714366e-05;1.511535540459268e-05;2.1519597518092752e-05;8.186560834577835e-06;2.5244978984764075e-05;9.299364333119114e-06;2.3402132951495872e-05;2.4036129827690727e-05;0.00018068362737640295;0.0002824705582602126;6.0668738258847456e-05;4.9564142904635345e-05;1.362013456320982e-06;3.649680483309677e-05;1.4438028980969081e-05;1.96727574860584e-06;9.77193171700761e-06;7.220655454570071e-06
00:53:19;188;1.2028725834056786e-05;1.2948290693398295e-05;2.5255986800415217e-05;1.651378976610183e-05;1.2429111606593324e-05;1.2353238859800927e-05;1.9546364318950342e-05;1.5685559193653635e-05;7.247894969127215e-06;6.801045370834076e-06;1.4270657525178814e-05;1.1903263100521144e-05;7.856734518570233e-06;1.2628151063025102e-05;7.108896421021365e-06;1.7195928827461586e-05;1.4010409946031014e-05;1.3612977385537882e-05;2.0934706448821963e-05;1.7025802824005212e-05;7.32261704670927e-06;6.975876883039239e-06;1.524927420523224e-05;1.2894970461298104e-05;8.762919421740985e-06;1.34928173459149e-05;7.9011830724925e-06;3.693812569470889e-05;2.0237854198262277e-05;5.830351358865489e-05;6.158536507768594e-05;4.900083087981647e-05;1.8287090971248488e-05;1.502448018611035e-06;2.2289868889172268e-05;1.5320481925045097e-05;3.0305710124008885e-06;9.230709904518977e-06;7.344981444857397e-06
00:53:36;189;1.2908958825360886e-05;1.3836723489556433e-05;4.3337563691090674e-05;1.1934018778121795e-05;1.2237403515252316e-05;1.5172745561125629e-05;1.836004738658465e-05;1.302607182716222e-05;1.6084711064805063e-05;6.854727483326687e-06;1.2012876709377451e-05;1.1529756117118433e-05;7.632025994620438e-06;1.5732743131541778e-05;1.4330374736072248e-05;1.2648653202770127e-05;1.3724337091107258e-05;1.5967100750193695e-05;2.0684315788020272e-05;1.3552336095247633e-05;1.5893348368484147e-05;7.294590639365289e-06;1.303097344387862e-05;1.2860717762595403e-05;8.475651508047985e-06;1.6609358727358006e-05;1.5299293662320464e-05;2.484560546726627e-05;2.2886254223571218e-05;0.00021734445570121535;0.00013772438576786815;4.065503120952951e-05;1.4383241222533765e-05;2.631343321450031e-06;2.8685334495905997e-05;1.4187791769704091e-05;1.8423604122905769e-06;7.552850459441016e-06;7.3121102423124615e-06
00:53:53;190;1.7751234410793998e-05;1.8720085146141392e-05;4.024099175748366e-05;4.366109492211349e-05;1.5088426730420162e-05;1.3745537342205436e-05;1.8296700136230275e-05;1.2521692513897422e-05;7.525727031453368e-06;1.0969220223376976e-05;1.2547299248085023e-05;3.8428371037856444e-05;1.5931212203022163e-05;1.46424400639944e-05;9.657083540110472e-06;4.375505774032142e-05;1.6673669684862517e-05;1.4688743070835215e-05;2.073573747871199e-05;1.3661864026680977e-05;7.648032581677906e-06;1.1846073707429355e-05;1.3729191018280254e-05;3.990687043910781e-05;1.647789892408985e-05;1.545419029212156e-05;1.0063684880427715e-05;4.6372480441766546e-05;2.106128116154486e-05;0.00018842523918309348;9.681557337349589e-05;5.446095974258975e-05;1.2215958447222776e-05;1.277882965919836e-06;2.6136256371397695e-05;1.4882175590076812e-05;2.674139829605821e-06;1.0277379174434359e-05;8.292574808656146e-06
00:54:10;191;1.335346983146544e-05;1.4380151224952587e-05;9.821165865032335e-05;9.182514055471426e-06;1.1971806125514336e-05;1.950181310596897e-05;2.4638676974704637e-05;1.6878531031817477e-05;8.6866466078432e-06;9.275022935381374e-06;1.4233816162087267e-05;1.3108334183765567e-05;7.572254391034634e-06;1.603163581814277e-05;9.160582777667514e-06;9.188487816757089e-06;1.3417045713278547e-05;2.0828026427358353e-05;2.7087000881128686e-05;1.7702909869363288e-05;8.852124705575804e-06;9.5327497224907e-06;1.5866489268808414e-05;1.4768942365444212e-05;8.666561491655913e-06;1.7029483019484096e-05;9.621988720948738e-06;2.19129229494614e-05;2.5522105999727005e-05;0.0004981161356260168;0.0004924720722859602;4.940622345910862e-05;2.2520551639307507e-05;3.0818400487575213e-06;3.217440653241756e-05;1.3769897945086496e-05;2.4561758447794142e-06;9.619846525184285e-06;7.487724948073663e-06
00:54:27;192;9.551959595651995e-06;1.0568529997047485e-05;4.22900466823427e-05;7.837190783535872e-06;1.1760923418338818e-05;1.0373065321609623e-05;1.2638500106990334e-05;9.38333119584265e-06;7.644142261075228e-06;8.661915616931475e-06;1.1645519541823226e-05;1.0420000121252377e-05;1.0330149044209106e-05;6.787286382218967e-06;7.141487647224019e-06;8.350712188893098e-06;1.3137834299367903e-05;1.1893851593942853e-05;1.4725663300229331e-05;1.0377907321664587e-05;7.8210268320963e-06;8.895938035608726e-06;1.2899252512017736e-05;1.1802042766398297e-05;1.16537225891724e-05;7.439579325986001e-06;7.82482702331286e-06;2.2881516966128285e-05;1.6283638804418264e-05;0.00017018104415883286;0.0001641257763915705;6.13794550984265e-05;1.4705237762941502e-05;1.5823643800268017e-06;2.535201522010968e-05;1.3546646842940093e-05;2.456858407612045e-06;9.7258764739973e-06;5.260129681108626e-06
00:54:44;193;1.297016873991197e-05;1.3820854315159937e-05;2.9340116110682338e-05;8.079613290977829e-06;1.2443246033394024e-05;2.662733012409097e-05;1.4170289570746387e-05;7.087894040580522e-06;9.109480425903174e-06;7.200424005563119e-06;2.8281994035110486e-05;1.0366919856866472e-05;1.4062545771893879e-05;1.0019087508407086e-05;8.193196231848725e-06;8.415671932716232e-06;1.4098613340863693e-05;2.7026342304682807e-05;1.6189935649890685e-05;8.322566508226534e-06;9.352075687297944e-06;7.621535927153419e-06;2.8781765580834538e-05;1.1661126871883966e-05;1.5143995772667018e-05;1.0486534064730683e-05;8.750084857005092e-06;2.0045744270124693e-05;1.3396425374280735e-05;9.56843373744984e-05;7.233117195741277e-05;4.8904461016566134e-05;2.6483192638355202e-05;1.2453564711652768e-06;3.457915230473261e-05;1.6462737718241898e-05;4.41322164527313e-06;1.1021482534033851e-05;7.514110023503406e-06
00:55:02;194;1.0397359975978691e-05;1.1380398075433029e-05;2.5994410827351883e-05;6.945856211809149e-06;1.073371782212007e-05;1.038541150160716e-05;1.644246154535784e-05;1.54780162840883e-05;7.765826331571837e-06;6.145513441166176e-06;9.88147429255419e-06;1.0853306168133837e-05;1.0753326158408072e-05;8.156975168043862e-06;1.1226431117253552e-05;7.339245062039596e-06;1.217760395947947e-05;1.1834898694222012e-05;1.8203533923215104e-05;1.6106529177635865e-05;7.945520199519947e-06;6.737190250521364e-06;1.1202438369614758e-05;1.2062026973028338e-05;1.1555013177804781e-05;9.152976204698266e-06;1.2247798242495702e-05;2.6159685732234554e-05;1.5633796821999033e-05;8.490856468991358e-05;6.575908566424808e-05;4.988116986443019e-05;1.3267063832058034e-05;1.6440440010115312e-06;2.3684119297215473e-05;1.2903857946144385e-05;1.6338114530992459e-06;9.100072274507626e-06;7.357658351360899e-06
00:55:19;195;1.0167435343594827e-05;1.1264045946218981e-05;5.922551207033573e-05;8.078436435839235e-06;1.1523472007400994e-05;2.4576488830131314e-05;1.1102592507422122e-05;9.698588129290123e-06;6.363348364598923e-06;5.193601219391749e-06;1.3384273822742381e-05;1.2337767809097757e-05;6.0936184883463405e-06;8.139374986368155e-06;5.517657784085114e-06;8.995907557641946e-06;1.3170698723483895e-05;2.5941141181727843e-05;1.3220921544738694e-05;1.116061607602585e-05;6.71340847797574e-06;5.522896851254723e-06;1.4648887637248882e-05;1.3487184194765419e-05;7.009824118160649e-06;9.068967123127976e-06;6.228094345623262e-06;3.3045354261374596e-05;2.8159520580444518e-05;0.00034346681922332493;0.00017712723720615295;4.496714295411663e-05;1.745872313209848e-05;1.8027728140041502e-06;2.991411758680561e-05;1.6307421342500445e-05;1.7750075069756757e-06;9.59034358206649e-06;7.091684654164422e-06
00:55:36;196;9.399415905487661e-06;1.0445643056300469e-05;4.347156218448375e-05;6.618780964761196e-06;1.072616687477793e-05;1.2467618986342835e-05;1.0925920382088737e-05;1.1587456272236937e-05;8.81093745035018e-06;6.723238255739778e-06;9.567087791398618e-06;1.3842263613965274e-05;7.842741009511656e-06;7.1468975526365535e-06;6.533878079876971e-06;7.230351111732638e-06;1.2565876112361526e-05;1.3537171612312439e-05;1.3272468267926722e-05;1.2400890198800362e-05;8.883606369636254e-06;7.031406637538509e-06;1.1062242587677592e-05;1.5070405344333636e-05;8.979684750982738e-06;7.970725659382694e-06;7.342884756222771e-06;3.1294289927093376e-05;2.9413716919418424e-05;0.00018239918457807987;0.00014416904385603088;5.5669863300686314e-05;1.4138508029164404e-05;1.320636328521603e-06;2.520599418543414e-05;1.685568414706011e-05;2.2559801845606403e-06;1.0395577476858808e-05;8.540267280896412e-06
00:55:53;197;8.46538726697397e-06;9.544375436373137e-06;5.498641678391953e-05;7.292284268151599e-06;8.902760332577229e-06;1.1674977229667796e-05;1.077643098442009e-05;8.358726158261023e-06;5.6796206709851624e-06;6.3666328716491e-06;9.581683253207467e-06;1.1178173308353093e-05;8.739116802819973e-06;6.925227703453112e-06;6.109010163028601e-06;7.77389675908747e-06;1.0453382867725147e-05;1.3193371321190344e-05;1.2879655929006006e-05;9.585814703175948e-06;6.003217595783018e-06;6.954376707469663e-06;1.0957374066676977e-05;1.239664794135208e-05;9.691003383580475e-06;7.86832346351776e-06;6.775437829869761e-06;3.111741980485253e-05;2.1597234465804546e-05;0.0002975878731718513;0.00018943083766526396;4.5780632763947615e-05;1.3625698669787212e-05;1.3772008264595244e-06;2.5331750660989194e-05;1.53856749032025e-05;2.376192860243123e-06;9.128918275175598e-06;7.09756733945699e-06
00:56:10;198;9.010411857766279e-06;1.0079407798866093e-05;2.8961847231743677e-05;7.102549594926379e-06;7.886276693175825e-06;9.623282020305107e-06;1.1433359621807169e-05;1.018105990236894e-05;6.2426641620887e-06;9.71596349330639e-06;9.892007187514453e-06;1.0803513999038925e-05;8.759630152868878e-06;9.5993753416482e-06;6.885256523632548e-06;7.632847813557085e-06;9.529519836258813e-06;1.0930301512048515e-05;1.3549923487862312e-05;1.1438571146766352e-05;6.561294401164352e-06;9.815414326607701e-06;1.1509305606316186e-05;1.2110718423944583e-05;9.82541076132005e-06;1.049077825629428e-05;7.558804744676999e-06;2.1907300544888115e-05;1.5161190849721798e-05;0.0001099216838592605;7.675872384040406e-05;5.057127535383911e-05;1.281614478846712e-05;1.3316369540601087e-06;2.548516658372329e-05;1.4098631635910526e-05;2.7990960898705564e-06;1.0224225678501202e-05;6.467090602277694e-06
00:56:27;199;8.12474652630871e-06;9.175312617473906e-06;3.094402355169165e-05;7.3543379402513604e-06;1.0312615790491526e-05;8.760098618862147e-06;1.1551307814918552e-05;7.256465711949741e-06;6.455741831375277e-06;6.907616751241428e-06;9.125675197326059e-06;8.44279749272077e-06;5.52327595280324e-06;7.936375312893192e-06;7.87064630455606e-06;7.961910514380559e-06;1.1934821567235844e-05;1.0115092554539693e-05;1.3481585460507216e-05;8.384498754292255e-06;6.657308087504802e-06;7.460680446364435e-06;1.0294692154137102e-05;9.841852865572002e-06;6.252648264779953e-06;9.005452255545997e-06;8.713206216846548e-06;2.50118403579222e-05;1.9128523930006985e-05;0.00010957374064297131;9.188305952645951e-05;5.117374542877748e-05;1.3547964785881667e-05;1.0846811106965004e-06;2.6505892467877752e-05;1.5083958730055983e-05;2.004421219598234e-06;9.81862814899761e-06;6.5118262710545084e-06
00:56:44;200;7.61190960089793e-06;8.76702699914156e-06;3.545089596121029e-05;6.52046959521096e-06;1.0324813890153193e-05;9.45077593686702e-06;9.830127417196557e-06;6.946776382415527e-06;7.258221970764887e-06;4.342289094112899e-06;9.749530252375651e-06;1.0022967746113988e-05;5.015312861254208e-06;6.001872594716608e-06;5.87975502112799e-06;7.0902337996168295e-06;1.178842451080055e-05;1.1122575835566128e-05;1.2010750398548214e-05;8.227672844464284e-06;7.532657877209779e-06;4.971815913657199e-06;1.1335443651901936e-05;1.165986582869848e-05;5.7677929120634154e-06;6.981828823594282e-06;6.715258039065115e-06;2.0473128544790503e-05;1.5979240086445137e-05;0.0001279523305964813;0.00013441035353100586;5.207796770421264e-05;1.5957374257030934e-05;1.2022427043485899e-06;2.5811422683109878e-05;1.1984568017439756e-05;2.6282442061066496e-06;1.0156204009831754e-05;6.777675193720404e-06
00:57:01;201;7.629787688110603e-06;8.760215286765973e-06;4.259152612181787e-05;5.099995882899706e-06;8.570264725449306e-06;8.331665261545657e-06;1.0336357748547636e-05;6.847684123814898e-06;9.655289452000075e-06;3.6647110898225708e-06;8.465757197484436e-06;8.385090617159882e-06;1.104394184442919e-05;5.960746106965913e-06;5.195945794027197e-06;5.746980184971729e-06;1.0132566894984088e-05;9.938896940334014e-06;1.244499341012244e-05;8.037309357802504e-06;9.626155444286407e-06;4.196401701110402e-06;1.0026915396902271e-05;9.841072553655654e-06;1.2242606829469096e-05;6.913813315724285e-06;5.974868087568085e-06;2.3562231812427356e-05;2.172547747585542e-05;0.0001547553651301019;0.00017016501889519545;5.8113501704294385e-05;1.5765426834240626e-05;1.4385695893360084e-06;3.3830069373368107e-05;1.349140804993458e-05;2.267906575632028e-06;9.622260504523527e-06;6.361077516904973e-06
00:57:18;202;7.553906717754961e-06;8.686034394900795e-06;3.159697283331425e-05;8.22053925149517e-06;1.0429387542516947e-05;9.977056154494592e-06;9.672856103164081e-06;5.680134208319032e-06;5.003505568817507e-06;4.7299033160444734e-06;8.251208421809638e-06;7.82700989855233e-06;7.452732967165461e-06;5.814826135910132e-06;7.5877182652561714e-06;8.919434295893541e-06;1.194922282869627e-05;1.1475109964015281e-05;1.1824501132052112e-05;7.035801405160057e-06;5.3705190785427775e-06;5.282113191622303e-06;9.849433429079437e-06;9.288245766146236e-06;8.260942379394369e-06;6.694413623566256e-06;8.28267279239644e-06;2.5209086637257646e-05;1.3630711077854198e-05;0.00011484961761487194;9.625993752039884e-05;5.5081761562536025e-05;1.3442477021934932e-05;1.1479100531032467e-06;2.6389583404690593e-05;1.4649882210707642e-05;3.2390762192908036e-06;9.091333606904559e-06;6.172297070220653e-06
00:57:35;203;6.666382680138709e-06;7.752286445436397e-06;3.1626773585203686e-05;5.860236770354794e-06;8.710945872342728e-06;7.926535358587278e-06;9.77122937552043e-06;5.601143982726274e-06;5.272567525855203e-06;3.821023892281904e-06;8.18322925704768e-06;7.779913768243576e-06;4.586472833200229e-06;6.026034789385903e-06;6.45725683477074e-06;6.604914089413935e-06;1.0221136033325383e-05;9.410180039974623e-06;1.172543010443981e-05;6.90445427849975e-06;5.471945337664197e-06;4.218281020844706e-06;9.664606243893991e-06;9.204311412805176e-06;5.4317981145767235e-06;6.944327277422049e-06;7.226050450909394e-06;2.6536057926852552e-05;1.5012387876772948e-05;0.00010906807372263995;9.821622091833718e-05;5.5972429580844196e-05;1.4908671204065681e-05;1.1843866526009495e-06;2.7273812350601807e-05;1.393520059822185e-05;1.8784057204036748e-06;9.542451894601904e-06;5.993184576501611e-06
00:57:52;204;6.978990440906975e-06;8.143185316874201e-06;2.712697668957587e-05;6.0689297414610754e-06;6.968685904369791e-06;7.704570594119724e-06;1.2543099130497962e-05;5.82010199291393e-06;4.72500212402658e-06;5.214379048142219e-06;9.174249795891724e-06;8.160484225976978e-06;7.748060243980861e-06;5.022799732498387e-06;4.597520875519607e-06;6.824471509827174e-06;8.505715718859427e-06;9.324065875354123e-06;1.460100228069689e-05;7.090497426441841e-06;5.125233100662177e-06;5.875104332954845e-06;1.0549470349774943e-05;9.646617336675032e-06;8.844958981021993e-06;5.9632093383053085e-06;5.3678742708281695e-06;2.8685050471496608e-05;1.6559625515307508e-05;9.193475090825016e-05;6.527833370117815e-05;5.344298677031844e-05;1.1302350885713491e-05;1.2624071938582194e-06;2.5534267967997448e-05;1.382990062026026e-05;2.1889752514481514e-06;9.768086703582075e-06;5.73698428549983e-06
00:58:09;205;6.3669148305094e-06;7.497627715957041e-06;4.0269052003179923e-05;6.50134399971979e-06;7.5992863247361955e-06;7.812175091714835e-06;9.250086926406517e-06;6.264447589191232e-06;5.3465456724537e-06;3.853661624637022e-06;7.769879068384647e-06;7.517472679423194e-06;4.623063601433779e-06;5.240139614993598e-06;4.624874079181299e-06;7.176274007351706e-06;9.101046187056397e-06;9.271510113844843e-06;1.1407170611935818e-05;7.600925827422474e-06;5.737921122700651e-06;4.337491930792693e-06;9.324781624659235e-06;8.994730429733437e-06;5.391425474954303e-06;6.173648936182181e-06;5.454603961891424e-06;2.727582074762831e-05;1.6707338396889823e-05;0.0001549653597225997;0.00015876840757211828;5.0238276629756105e-05;1.576887065346837e-05;1.5446514157833588e-06;2.523330959711531e-05;1.4712298148013549e-05;1.8395580833691677e-06;1.0159989934696611e-05;6.014743136720437e-06
00:58:26;206;6.235667781078808e-06;7.320153006822935e-06;3.5080778139121365e-05;4.876472851381405e-06;6.876574823102353e-06;7.599886259868072e-06;9.980954093758886e-06;5.981983049513866e-06;5.481715975525441e-06;3.619655351692266e-06;8.11672409058288e-06;7.374812236610689e-06;5.6532080314752875e-06;4.9011490016358614e-06;4.364875671892708e-06;5.459888638419031e-06;8.434226752866334e-06;9.172869490209415e-06;1.1966017016767424e-05;7.1750929335025775e-06;5.728153575569483e-06;4.116809404992257e-06;9.556567138018561e-06;8.814621035330501e-06;6.536664536321916e-06;5.7592838465662e-06;5.121638579008573e-06;2.9765590473232596e-05;1.8496141363235347e-05;0.00013141658300072547;0.00011161262514773368;5.5976947930401e-05;1.5216590207713384e-05;1.2251263895775736e-06;2.5119890570124127e-05;1.3712277570267908e-05;2.689373520992816e-06;9.982240069410186e-06;5.755951426042342e-06
00:58:43;207;6.046676272898242e-06;7.1335639059046265e-06;3.197192251009535e-05;4.827511445623403e-06;6.932270550728183e-06;7.586648537999901e-06;9.36543676743895e-06;5.334591149102669e-06;4.808915209314984e-06;3.9953173498474825e-06;8.003372499197006e-06;7.599337503191609e-06;4.495041285291666e-06;5.114052345398725e-06;4.497618805872476e-06;5.328994428607616e-06;8.376520165970587e-06;9.189291568309042e-06;1.1503782083816042e-05;6.616564166817417e-06;5.09109404562498e-06;4.5189265510768415e-06;9.483790137570004e-06;8.965969789619233e-06;5.325129507847249e-06;6.026542871063899e-06;5.17615924337993e-06;2.8781159397112047e-05;1.700879036281255e-05;0.0001187829083399408;9.34024793355433e-05;5.36761727503445e-05;1.3370672209495087e-05;1.1378482228562698e-06;2.60150231208042e-05;1.3914467341260901e-05;2.189754219088284e-06;9.410361207695942e-06;5.973433614190403e-06
00:59:00;208;6.0917443139952745e-06;7.202942642719261e-06;3.082035310465844e-05;5.004738570720106e-06;7.55278177551459e-06;7.418580215427668e-06;9.019196179077033e-06;5.666369377104791e-06;4.9261070548761214e-06;3.722841972959982e-06;7.584693161210122e-06;7.802929841008419e-06;4.509904810974645e-06;5.253660747490068e-06;4.639126241298444e-06;5.599716008804581e-06;9.01259605436994e-06;9.00147569143284e-06;1.1189680357853796e-05;6.901384903691986e-06;5.262227314463566e-06;4.329222065280192e-06;9.120165786147413e-06;9.324104079887892e-06;5.2325404460963354e-06;6.147682937278406e-06;5.314514144721457e-06;2.6247465708364103e-05;1.61440069133762e-05;0.00011056665252360747;9.402166056116932e-05;5.232788109517838e-05;1.2729518575799137e-05;1.1591472368335739e-06;2.5163783274319282e-05;1.3523966699683375e-05;2.10974337795892e-06;9.806694692966528e-06;6.043716596645043e-06
00:59:17;209;6.004276911462305e-06;7.1111947052693585e-06;3.448078505069746e-05;4.977772306347106e-06;6.622844382000246e-06;7.39532322765771e-06;8.986132434203723e-06;5.499581340147457e-06;4.8723777807553726e-06;3.8021919644263975e-06;7.5156125182667726e-06;7.879225062946592e-06;4.531836148851715e-06;5.589367897326528e-06;4.379056118931533e-06;5.6351859769430245e-06;8.111769113407096e-06;8.928574510419718e-06;1.1080067417447314e-05;6.76048104703079e-06;5.1489399578989645e-06;4.290079655393013e-06;9.041529757510783e-06;9.325738297959589e-06;5.344302571411621e-06;6.593390279232164e-06;5.074274561512896e-06;2.5536837115479055e-05;1.7705121341351203e-05;0.0001331128408856712;0.00011445864372792426;5.298024538489225e-05;1.2577191428358059e-05;1.2126250298252853e-06;2.5165586635301345e-05;1.332983638430045e-05;2.0125272284671013e-06;9.785217334714206e-06;5.892748112085205e-06
00:59:34;210;5.91107228522312e-06;7.006404774972308e-06;3.476008600145862e-05;5.117160463767463e-06;6.835496171349447e-06;7.3174185476173905e-06;8.972593174793143e-06;5.400719385565108e-06;4.95413130930832e-06;3.621472882222385e-06;7.477471037343651e-06;7.621433461547543e-06;4.338876307292077e-06;4.929481027654054e-06;4.3466120270739914e-06;5.774263512119179e-06;8.366301762744346e-06;8.911794730356402e-06;1.1030745560064237e-05;6.592084463579651e-06;5.183926705170432e-06;4.028223832427079e-06;8.988737648261249e-06;9.099442350712775e-06;5.105658817539526e-06;5.863985607683839e-06;5.131690697246224e-06;2.5957812566783444e-05;1.7164146507598446e-05;0.00013195906629094852;0.00011766293903557232;5.353255009490936e-05;1.3046111732591277e-05;1.2363074261943112e-06;2.5212129363924858e-05;1.3551274970228979e-05;2.032608439227588e-06;9.822255045885351e-06;5.943830543639013e-06
00:59:51;211;1.3807764626056434e-05;1.4722180787453286e-05;3.322117803209734e-05;9.232397264792201e-06;1.2278615060136065e-05;1.101474528168596e-05;1.270643617927321e-05;1.5393962911502967e-05;1.6061546217956263e-05;2.1112469437670452e-05;2.0601770455899978e-05;1.4338860291280236e-05;6.923996719814857e-06;8.493325536691868e-06;1.753504636393576e-05;9.927270144268007e-06;1.3905927954522357e-05;1.2364876816212053e-05;1.4555426004554199e-05;1.694561153640337e-05;1.5711134483929448e-05;2.1971835055030424e-05;2.087168619093777e-05;1.5013572827896657e-05;7.356684179711332e-06;9.5773708104573e-06;1.8464767073297318e-05;3.1045285305376355e-05;1.956617225772974e-05;0.00012335084210576643;8.991088556933634e-05;5.0720617886206835e-05;2.119583835870117e-05;1.4200858926430526e-06;2.899185967539503e-05;1.3499387424087253e-05;2.2922842273165838e-06;9.634496758828835e-06;7.026380923780356e-06
01:00:08;212;1.1303675989893236e-05;1.2223731884452856e-05;3.166666487565037e-05;9.1404796284616e-06;9.608276490718543e-06;1.3773638339774731e-05;1.5247401369771813e-05;1.2193185752225459e-05;9.263653192254589e-06;7.875702051246042e-06;1.2039521044600447e-05;1.2999882787699914e-05;1.3053533190285096e-05;1.1076419911856563e-05;9.372414534167008e-06;9.572088850901206e-06;1.0966301741501422e-05;1.467053294342079e-05;1.773909217620171e-05;1.3102745746252793e-05;9.17673697827761e-06;8.41730665734194e-06;1.3150721016141756e-05;1.4382705961032094e-05;1.3893975559353116e-05;1.1541509069548404e-05;1.0071061855273047e-05;2.3600254494287444e-05;1.7681396292519588e-05;8.935267614238252e-05;0.00011214211244544914;5.455593994084029e-05;2.834146907825262e-05;1.2309070197849997e-06;2.1690455331858932e-05;1.2026136225362403e-05;2.4807876315240328e-06;1.0998002349255475e-05;5.899841556286958e-06
01:00:25;213;1.1630012314805588e-05;1.2676426321595961e-05;3.0309861783500634e-05;9.476065193454856e-06;9.18529531578439e-06;1.3149299227486402e-05;1.3115243018804987e-05;1.4197435629884323e-05;9.831246525235118e-06;1.0938768441997643e-05;1.5486341463987298e-05;1.729871737087375e-05;1.1205369078998666e-05;9.012753030193918e-06;6.663609609799695e-06;1.0021680932541016e-05;1.061286895169878e-05;1.4129276281247385e-05;1.5118369786630612e-05;1.5030708352783165e-05;1.0250157980477479e-05;1.1622594563130959e-05;1.715216776459254e-05;1.8778889078688897e-05;1.2221982880090983e-05;9.848334218387911e-06;7.33008225980956e-06;2.618232838337059e-05;1.504550868700397e-05;0.0001021012594973019;8.883781149781407e-05;5.274316624048533e-05;2.610266901429412e-05;1.5435155958619336e-06;2.383675670044962e-05;9.571027293276794e-06;2.5721629590253798e-06;9.081061920107476e-06;6.10107361301639e-06
01:00:42;214;1.3328469833595591e-05;1.4239750881539362e-05;3.791723367032282e-05;8.788185751804825e-06;3.8855794452336504e-05;1.1144259896153388e-05;1.3509079680835095e-05;9.27334991148014e-06;8.385541641912782e-06;6.305321771613783e-06;2.051270677001908e-05;1.9259716872645846e-05;7.284761807436656e-06;7.993792033160348e-06;8.62912379579422e-06;9.04073686808859e-06;4.0058717855526414e-05;1.2785871978296569e-05;1.5754450573637505e-05;1.0564784623033741e-05;8.366023981188501e-06;6.74591809554472e-06;2.1532328302575616e-05;1.997936627198721e-05;7.975315338050759e-06;8.887128347574801e-06;9.186365130954993e-06;1.8215352827796047e-05;1.4038887602347936e-05;0.0001194485927735873;0.00016126276581270325;4.460873799231879e-05;2.6677892217172257e-05;1.4990108521252624e-06;3.687672033743682e-05;1.5369510359605334e-05;1.9123639775070193e-06;1.056784871222045e-05;4.5291205790534645e-06
01:00:59;215;1.2114628295927849e-05;1.2883821092387574e-05;3.225583456168842e-05;1.3746076940631982e-05;1.6669268757399632e-05;1.2028400429383881e-05;1.54147212909224e-05;1.0011362426741822e-05;7.625578462011617e-06;5.721006612123926e-06;1.828450752777206e-05;1.6568160498825986e-05;7.0149531213365375e-06;1.522348231669019e-05;7.068017805781065e-06;1.3463640542899088e-05;1.796337688528517e-05;1.3260570016473714e-05;1.741906468356043e-05;1.1150056672727548e-05;7.67117999893793e-06;6.1447230443344424e-06;1.8350970474531566e-05;1.785826456789782e-05;7.538077748973546e-06;1.6075301308647575e-05;7.710623822852459e-06;2.2987335401452826e-05;1.6696099594149094e-05;0.00013202368700990523;8.523075178331489e-05;5.612476521018293e-05;1.1748076710741027e-05;1.2264061182834841e-06;2.5072280512347366e-05;1.5596063684827158e-05;2.0889816005257927e-06;1.0197933792849925e-05;8.077633321681293e-06
01:01:16;216;1.9460455211566856e-05;2.0090009951949284e-05;3.904776721802415e-05;3.090997932469525e-05;9.64580859824144e-06;2.9838253239363027e-05;1.3406425799318681e-05;2.7011861060476473e-05;1.1153149049970455e-05;7.986229769456218e-06;3.115117942410382e-05;2.948857021516977e-05;1.3163732670694696e-05;1.2018005210475993e-05;1.7752260652834842e-05;3.081438476731853e-05;1.0933182722188185e-05;2.9840849400656387e-05;1.5289167126693543e-05;2.684399625558157e-05;1.1310269552337513e-05;8.852636566891444e-06;3.119136016709801e-05;3.156769484512897e-05;1.4063647586802209e-05;1.2486909217611206e-05;1.7886012986459314e-05;1.5435201731281243e-05;1.4944858062498006e-05;0.00012535100611256298;0.00012383668363739458;7.978569885668912e-05;4.5238749333921054e-05;1.588208329486487e-06;2.9356392282665232e-05;1.3059192446200214e-05;3.5572341300975498e-06;1.1803231201833496e-05;4.616750491659827e-06
01:01:33;217;1.3461152770394785e-05;1.444618806953592e-05;2.0541224693858994e-05;7.922819642529207e-06;1.0172735924579063e-05;1.1077348659036737e-05;1.7364044020175903e-05;1.5608742086473367e-05;8.270917096421147e-06;7.812242302921133e-06;1.1801104126876991e-05;3.066349372654093e-05;1.8044224010406072e-05;1.0310871313766835e-05;1.2485286610797175e-05;8.300520773986988e-06;1.1399227942898574e-05;1.2354562156211107e-05;1.9397297606540436e-05;1.7000851919045643e-05;8.726692866258429e-06;8.113208034760473e-06;1.2918179499702322e-05;3.162071640607665e-05;1.934869477379466e-05;1.1318227630978026e-05;1.2856072765926807e-05;1.936274836780644e-05;1.6457431829615738e-05;5.6921074123236506e-05;4.41857255353633e-05;3.794641617500096e-05;1.3058372901805018e-05;1.0201816539604994e-06;2.3405553191229184e-05;1.3372863523263266e-05;3.9442232167744556e-06;1.0449570488665856e-05;6.370535319586686e-06
01:01:50;218;1.0523275422129204e-05;1.154620663846454e-05;3.211014542881176e-05;7.673185489665002e-06;1.2249703852970386e-05;1.6183350980596018e-05;1.4954058981815747e-05;9.245539901185525e-06;1.0931553649517024e-05;7.06301026101838e-06;1.0204459768978971e-05;1.2465070383236501e-05;7.296574014568271e-06;7.516063559814318e-06;1.04967304265942e-05;8.456704735975489e-06;1.3574665393241935e-05;1.7841654109269015e-05;1.6842334360584964e-05;1.0908886463456135e-05;1.0956198274229042e-05;7.426045118060031e-06;1.1465760870791361e-05;1.3657025986883784e-05;8.188810648167834e-06;8.339086503792139e-06;1.0897303098640286e-05;2.4359109433786748e-05;1.6317412422193774e-05;0.00010846158466111975;9.593573293128029e-05;4.7168275961059484e-05;3.5285521161432e-05;1.3890420938044656e-06;2.393328834142987e-05;1.4555603696235971e-05;1.361034351202117e-06;9.831054728702118e-06;6.7240853634944335e-06
01:02:07;219;1.2076207190923263e-05;1.2917072828851723e-05;3.748412446309699e-05;7.204642201295221e-06;1.463119709202684e-05;1.817193038210586e-05;1.2078313494095545e-05;9.436414573051685e-06;1.3309506396229732e-05;7.2690011295021994e-06;1.022496739334532e-05;2.6010851919202402e-05;9.56951045758749e-06;8.215632587652264e-06;8.792514644927575e-06;7.253329219070743e-06;1.582711552779258e-05;1.8399214408004176e-05;1.4049249307102895e-05;1.0570095433143286e-05;1.3133450344947604e-05;7.497002092971838e-06;1.1619081651357952e-05;2.729918845874682e-05;1.0658614008184198e-05;8.97177653913084e-06;9.726754782766161e-06;2.5713039898164524e-05;1.360506844938902e-05;0.00011951550541021978;0.0001378441208028588;6.360216123806881e-05;3.398337845812567e-05;1.0901048821820995e-06;2.45469569147367e-05;1.0624573420362597e-05;2.381646057053149e-06;8.955970744099779e-06;7.94696728190296e-06
01:02:24;220;1.1579590074523532e-05;1.2603596138732531e-05;6.759984971806852e-05;9.660488380156742e-06;9.325734662401043e-06;1.0333601975725577e-05;1.830130698914962e-05;7.325940839822661e-06;2.3283613096871456e-05;5.140463646181491e-06;1.2516352942849483e-05;1.0862427206926771e-05;1.6517406672795172e-05;7.046561385302332e-06;8.641179639955578e-06;1.0418454236013865e-05;1.0796556304014786e-05;1.1681523649056981e-05;2.058514069809646e-05;8.652494360128774e-06;2.275160019237348e-05;5.747879879580276e-06;1.3562551004402458e-05;1.2324634985528559e-05;1.7973331224207938e-05;7.955338350245566e-06;8.793644840956911e-06;3.543379806271226e-05;1.7232004480280368e-05;0.00022594982099861274;0.0003515566038715169;4.9513777667667125e-05;6.732790373736775e-05;1.2212395758804547e-06;3.0381589476110684e-05;1.4395738039443369e-05;2.6573740764269217e-06;9.67516738462969e-06;5.8531792461737515e-06
01:02:41;221;1.0811776540074128e-05;1.1875045166112912e-05;5.366757445899213e-05;9.562194191206883e-06;9.04508577289934e-06;1.0216045815525376e-05;1.26432866568135e-05;1.3940634146210455e-05;7.750433430234436e-06;5.041594153386665e-06;2.93368090224662e-05;1.091947045107521e-05;5.60247612471895e-06;8.268294009057668e-06;7.414990830315301e-06;1.0389507270368004e-05;1.051899941063035e-05;1.1489937778490837e-05;1.477563078948105e-05;1.5516718144969177e-05;8.108529119120168e-06;5.410304814902218e-06;3.0845720083320134e-05;1.2253261830446257e-05;6.171587071399193e-06;9.060751053075825e-06;7.959591078395511e-06;2.8928034389640236e-05;1.615220285517014e-05;0.00026159169750226405;0.00021283223823732072;4.367283224129378e-05;1.3196414429541092e-05;1.2323335890273497e-06;3.254496607153005e-05;1.573056799468726e-05;1.5523988697363715e-06;9.518572691297237e-06;7.0586346363972605e-06
01:02:58;222;1.247501846535215e-05;1.3306560872536731e-05;3.258715275766203e-05;1.848857212135871e-05;1.0836381448407131e-05;1.2759671274150977e-05;1.267817320638187e-05;7.971198869618299e-06;1.1089866548791798e-05;5.9842483970194076e-06;2.2711407145886202e-05;1.4834487622940948e-05;1.1864261119724647e-05;9.122752142073667e-06;1.1359198482032504e-05;1.9079603198061024e-05;1.2178749001796411e-05;1.4082280370219657e-05;1.458520534205364e-05;9.10507647467621e-06;1.1121692388101859e-05;6.429687012233801e-06;2.286210985426184e-05;1.6356314345218e-05;1.2593413516639619e-05;9.673750269087843e-06;1.1610844812591345e-05;2.096748451583657e-05;1.5924100522411242e-05;8.744638728198195e-05;0.00010878504455589751;6.97811254158393e-05;3.452395821920792e-05;1.006053083079181e-06;2.3281133223835988e-05;1.1387240941577096e-05;1.7689626308768238e-06;1.0068398762857736e-05;6.105943938542949e-06
01:03:15;223;9.619495693739696e-06;1.068541536645896e-05;3.680880561587391e-05;8.166137439954726e-06;8.906575850176068e-06;9.724582368293836e-06;1.0766993137875405e-05;7.570345446920741e-06;7.455921460513599e-06;8.709792883042734e-06;8.6134167441349e-06;1.7698824844491025e-05;6.375944395968376e-06;8.829673970725791e-06;1.2615736354087465e-05;8.892644323571438e-06;1.0410702192461077e-05;1.1112333917872438e-05;1.280230680083461e-05;8.691745647468717e-06;7.629184892721241e-06;9.091753989057999e-06;1.002744181013314e-05;1.899716457207628e-05;6.973342098280216e-06;9.779830530602293e-06;1.3816529138273814e-05;2.855427175949675e-05;1.6965835502668553e-05;0.00016294925209961371;9.728411264044549e-05;6.1015091066393925e-05;1.5629692026596277e-05;1.1132023267178428e-06;2.8231137706592407e-05;1.316871360130931e-05;1.4938029881645241e-06;9.579487041458068e-06;5.721068631029947e-06
01:03:32;224;7.989788268244782e-06;9.139938661467603e-06;3.457114253390786e-05;5.617213523898747e-06;9.455908341428973e-06;8.438538207594155e-06;1.0120775857945897e-05;7.1654124721734744e-06;7.685457341401822e-06;5.353270126497798e-06;1.1619859598965832e-05;9.836580470722435e-06;6.321929483021904e-06;6.3738140486758645e-06;7.888696439357028e-06;6.177754625517807e-06;1.1377531405695997e-05;9.728779977068151e-06;1.2468160243367458e-05;8.558153392843014e-06;7.849345273583982e-06;6.15881017323243e-06;1.2670048230966476e-05;1.1401737284831131e-05;7.563226851824409e-06;7.3446267609292185e-06;8.381085466726866e-06;3.4968326535945454e-05;2.048145853247662e-05;0.00014394971167817685;8.964243405428163e-05;4.802549739553882e-05;1.320100340731186e-05;1.3819471858203394e-06;3.0194917427056053e-05;1.4486032516112351e-05;1.6228337970038653e-06;9.179808618712182e-06;7.719739258458189e-06
01:03:49;225;9.653579485044164e-06;1.0704915485469347e-05;3.086316016826361e-05;7.212278582358067e-06;1.569006144305521e-05;9.861874593236115e-06;9.789486878343144e-06;7.461028577505534e-06;1.600561620824175e-05;6.4760492725988365e-06;1.1139893110432489e-05;1.0759978953894295e-05;8.703358625956009e-06;6.585247157434279e-06;6.158076936460785e-06;7.653508108185495e-06;1.7187327862705423e-05;1.1613691012941292e-05;1.2127454945446608e-05;8.875158306481456e-06;1.560338338854711e-05;7.190416759333891e-06;1.2692899285348521e-05;1.2015949968245658e-05;9.404223586483844e-06;7.300704026742487e-06;6.794265564627794e-06;2.8206757787354907e-05;1.4055153521565903e-05;7.885543479853937e-05;8.808466040664978e-05;5.80276235533777e-05;4.4570345676798514e-05;9.061548354058188e-07;2.583212082290279e-05;1.5748560268722515e-05;1.5752659571198054e-06;8.823946087607364e-06;5.671898303118745e-06
01:04:06;226;1.014453724611609e-05;1.1175666857732583e-05;3.9403765285879896e-05;2.2267593281681414e-05;8.8276845486038e-06;1.0688876438988162e-05;1.1178665925693952e-05;9.622608632494947e-06;7.2213507299972495e-06;7.268939061979361e-06;9.211064373459976e-06;1.0731074244641935e-05;6.127868507571128e-06;1.1390493337547593e-05;7.198224112931422e-06;2.3457122528892383e-05;1.0198904206684151e-05;1.1913802258208353e-05;1.312576450455029e-05;1.0455960346928495e-05;7.406207363532349e-06;7.997881254331205e-06;1.0364307313523834e-05;1.215499001842499e-05;7.006155700062525e-06;1.22405968173967e-05;7.786306785511684e-06;2.7331212553401668e-05;1.941478891864345e-05;0.00016743628355743169;0.0001285766692709238;6.0518966285896417e-05;1.2392415969901508e-05;9.79418548487355e-07;2.5817944764431805e-05;1.3890946512132692e-05;1.1270607114680834e-06;9.169314029574754e-06;6.190162308265647e-06
01:04:23;227;9.607289209673747e-06;1.061837624720168e-05;2.200611783200074e-05;1.226394387934058e-05;7.19341696964193e-06;9.739240981203197e-06;1.6320764296877272e-05;6.297224570320478e-06;6.8638736217187875e-06;9.726164284790622e-06;9.896748480932935e-06;1.1020490803885382e-05;7.652064870068319e-06;7.223370678650037e-06;1.1090163685490882e-05;1.2671126788069458e-05;8.602969766015341e-06;1.1024808631928068e-05;1.8274027464525993e-05;7.69328019924626e-06;6.992662177633721e-06;1.0198424436716375e-05;1.1112091462702573e-05;1.2574204481984164e-05;8.46896386111105e-06;8.069804924253973e-06;1.1738147914232435e-05;2.451842876082699e-05;1.6777477626904284e-05;4.6688352054731414e-05;5.5953786362076323e-05;5.155097189794602e-05;1.2997088374672229e-05;1.961397430596246e-06;2.2918493406242587e-05;1.330569969441579e-05;2.623902532451424e-06;8.828482604671852e-06;5.949333238473727e-06
01:04:40;228;8.866679985301703e-06;9.946667772435578e-06;2.7084105440293253e-05;6.84512782746858e-06;1.21196900312012e-05;9.1752530092425e-06;1.1063197666901074e-05;6.423382072543146e-06;5.222690982071237e-06;6.176883391682188e-06;1.216057129741185e-05;1.951331770106373e-05;5.469799617039619e-06;5.827540230091637e-06;6.402702344068055e-06;7.324976943695956e-06;1.3614801958548141e-05;1.0622081419247088e-05;1.3296063018428925e-05;7.605936881317794e-06;5.664202979437217e-06;6.785943265018846e-06;1.3650765865775934e-05;2.0834727814572838e-05;6.177821657579846e-06;6.813725582405017e-06;6.968961778960575e-06;3.123893102635469e-05;1.6755494377795284e-05;7.260964962322228e-05;6.917051506574852e-05;6.0765811258528e-05;1.566520603090645e-05;1.1477269691044385e-06;2.7394252842168324e-05;1.2007875788072436e-05;2.7207764708563455e-06;9.061462532278937e-06;6.4715632984833065e-06
01:04:57;229;7.399323715679367e-06;8.436041787694815e-06;2.566618810496113e-05;5.445873902296873e-06;8.958194802036443e-06;9.46651659461395e-06;9.959924869659433e-06;7.926674903044075e-06;6.085394789452763e-06;4.237626227133649e-06;9.142357452095563e-06;1.0058311120401827e-05;6.63821029337183e-06;6.044469275162163e-06;4.828328220634665e-06;5.807355606359838e-06;1.05844744350087e-05;1.0796598054426634e-05;1.181524035767129e-05;9.197661544436138e-06;6.359503035864806e-06;4.724398822757774e-06;1.0505628710280355e-05;1.161775544690649e-05;7.418116361989206e-06;6.940782481527819e-06;5.464983650763546e-06;2.6523547752407627e-05;1.8563454602696367e-05;7.404843228149807e-05;5.834293031821461e-05;6.381148467611039e-05;1.3738954529269876e-05;8.867566225220908e-07;2.4652434764505126e-05;1.1043191102193732e-05;1.5748021310852824e-06;9.740055266876448e-06;5.068213212153989e-06
01:05:14;230;7.41900999915143e-06;8.513804027931161e-06;2.436780028340457e-05;1.2322231117810713e-05;7.40892919088248e-06;8.066550498917671e-06;9.212199363420579e-06;5.81536003513799e-06;5.442556811371705e-06;4.333882849685076e-06;1.241329883328035e-05;7.839460264139317e-06;5.19622721707368e-06;6.039855731514039e-06;4.937565856460486e-06;1.3096385615265522e-05;8.824838459986495e-06;9.518045328748692e-06;1.1368746636665641e-05;7.156263728011023e-06;5.6186607575391805e-06;4.922653661081693e-06;1.381738626219839e-05;9.380143614801949e-06;5.855491597777714e-06;6.872163498019866e-06;5.734865326994162e-06;2.576661092674276e-05;1.7293478585009054e-05;5.234195227830738e-05;6.37436712309729e-05;6.065639643546943e-05;1.5079432967556268e-05;1.3856497036901621e-06;2.6935731173435185e-05;1.2686417225552893e-05;2.3654025937635107e-06;8.648469106475271e-06;5.510391173879978e-06
01:05:31;231;6.400583482698866e-06;7.515050905958905e-06;4.1247023090833024e-05;5.558706601117468e-06;7.888640309710643e-06;7.507172961657654e-06;8.901402827115652e-06;6.10053404834978e-06;4.674453019891768e-06;3.864330965118835e-06;7.681842882205233e-06;1.0206047762231016e-05;4.179090835973201e-06;5.021122239283344e-06;5.223655692080084e-06;5.937736043765481e-06;9.462702253793257e-06;9.082845471185245e-06;1.1187930029543939e-05;7.337230152798735e-06;5.071320761607804e-06;4.390998120021622e-06;9.260969450166802e-06;1.1583168931988612e-05;4.913066332052569e-06;6.0973606357233796e-06;5.855279676877758e-06;2.5418514978212332e-05;1.6164053457302895e-05;0.00016529786443305935;0.0001663991367812585;5.5041922934224756e-05;1.3685429728227715e-05;1.2192236383490698e-06;2.400444261535009e-05;1.1565560508638918e-05;1.8421516844486096e-06;9.730085257518385e-06;4.595891073405843e-06
01:05:48;232;6.503052297546219e-06;7.675934463079585e-06;3.656976029786561e-05;6.554988436652758e-06;7.353160722412998e-06;7.043426928083301e-06;9.273618823483917e-06;6.327149665126668e-06;4.8592479024798445e-06;4.466354737205207e-06;7.741464135594098e-06;6.972701958121971e-06;5.750828695028076e-06;6.858820785993203e-06;4.834862736270328e-06;7.256340544515723e-06;8.825111671043648e-06;8.71587769635673e-06;1.1439477780589221e-05;7.747669487683577e-06;5.175470551542195e-06;5.036426002817867e-06;9.335111216490918e-06;8.477557319657777e-06;6.6301160724741505e-06;7.765693732801105e-06;5.706358001301437e-06;2.7137048322899675e-05;1.6297073848995963e-05;0.00012750131403625086;0.00013668614257035647;6.0709591002041364e-05;1.547332957016579e-05;1.1751500387525907e-06;2.492368529776164e-05;1.1704578390548223e-05;2.3537840561721103e-06;9.574234204437218e-06;5.301192236005171e-06
01:06:05;233;6.794137936532769e-06;7.944059948213295e-06;3.406334159400907e-05;5.428313897937187e-06;6.43737551539206e-06;7.598688622646353e-06;8.425958549067177e-06;7.3129731519698415e-06;7.704382406230211e-06;3.789284262529174e-06;8.186055415587196e-06;8.506341845046252e-06;8.501223468535748e-06;5.478918339140261e-06;4.16013777010898e-06;6.169610621408181e-06;7.986232319552396e-06;8.956771810666903e-06;1.0589765472242924e-05;8.49265391284289e-06;7.96725691566568e-06;4.3696915286724294e-06;9.704642097052715e-06;1.0038951125962636e-05;9.608171504750536e-06;6.455293225394886e-06;4.9896756294562885e-06;3.4599744113496235e-05;1.8574882690490133e-05;0.0001010773096017002;0.00011988536793605904;5.593704592017467e-05;2.260004394470334e-05;1.0585962976041424e-06;2.4879417513861395e-05;1.2885754946375911e-05;2.608326121789368e-06;9.160394815944405e-06;5.49321522590998e-06
01:06:22;234;6.346007953471723e-06;7.491372620095234e-06;3.6823176302846064e-05;4.9245822308111284e-06;8.390549164713237e-06;8.220854932713708e-06;9.149310765818344e-06;5.239267510665451e-06;5.466237557785999e-06;3.78323671864936e-06;7.794105646946099e-06;6.797283173331049e-06;5.445094044825344e-06;6.761306153826106e-06;4.180265824968191e-06;5.517345597800619e-06;9.777077415308184e-06;9.767352286319152e-06;1.1486793741651241e-05;6.662615510034397e-06;5.782213474382923e-06;4.329186972024183e-06;9.484185209404604e-06;8.313248565196151e-06;6.109610559420455e-06;7.694973905754637e-06;4.9718651846692235e-06;2.926869776504483e-05;1.6662844994414877e-05;0.00011179979985182708;0.00014466125536198712;5.600575091772752e-05;2.479465931913462e-05;1.052094865680043e-06;2.7309343607926084e-05;1.347404177011753e-05;1.7949530674752436e-06;1.000644401318735e-05;5.048230099630336e-06
01:06:39;235;5.705673604371565e-06;6.8356020153570875e-06;3.565266387566561e-05;5.701653941385261e-06;6.296429872840938e-06;6.9493419852568135e-06;8.584889079217687e-06;4.953120355886333e-06;4.423534743997431e-06;3.916538790414072e-06;7.167614387914124e-06;7.755972317563026e-06;3.953661396009651e-06;4.631033163413824e-06;4.134291258915048e-06;6.411402208396805e-06;7.793557749290456e-06;8.630951890177418e-06;1.0598532523395481e-05;6.2302809709175955e-06;4.810588127182637e-06;4.489534787837007e-06;8.715512568771742e-06;9.256087000549201e-06;4.649208855155422e-06;5.525809390033091e-06;4.915756076288629e-06;2.896629809068171e-05;1.9129689630284254e-05;0.0001427683234464834;0.00011288407992923842;5.5199721954179285e-05;1.2578157474832687e-05;1.1513957841475155e-06;2.67344458752284e-05;1.2745782762475474e-05;1.7483946055659951e-06;8.818676929516486e-06;5.107000025353686e-06
01:06:56;236;5.716760045066332e-06;6.867596841655978e-06;3.232294172417822e-05;4.787117014550611e-06;6.408936836263282e-06;7.019162652645925e-06;9.100281014246486e-06;4.823159599063522e-06;4.40486794546628e-06;3.260021590698805e-06;7.04558125167151e-06;8.236921303896658e-06;5.0026396772166626e-06;4.499433490355965e-06;4.012996309719276e-06;5.4024976202814705e-06;7.993593165257509e-06;8.599761661605931e-06;1.1072976075745e-05;6.196221955731376e-06;4.726985632916257e-06;3.7485236341897783e-06;8.69873756643376e-06;9.806331813188426e-06;5.92850949919633e-06;5.464337863474922e-06;4.772684083554505e-06;2.845632736880008e-05;2.008003608796901e-05;0.00012005462641298958;9.830079139143167e-05;5.096208456597927e-05;1.3643969346359482e-05;1.208440237287746e-06;2.5983804250032767e-05;1.2552385033796704e-05;2.100895008302792e-06;9.389859715266143e-06;5.142081271923506e-06
01:07:13;237;5.496856920992534e-06;6.626117053051933e-06;3.488585418651939e-05;4.450016081201304e-06;6.197630518365506e-06;6.719885528189645e-06;8.232361729845003e-06;4.799796524033375e-06;4.492832793477998e-06;3.587496084604554e-06;6.859325734157292e-06;6.78299324360668e-06;3.8596762337306245e-06;6.120573923079126e-06;3.859692977347219e-06;5.0318573490194125e-06;7.72553818898837e-06;8.31160514280782e-06;1.02556477941107e-05;6.123677401693742e-06;4.85674160147396e-06;4.1390619140035105e-06;8.535860431464566e-06;8.196605063812392e-06;4.564280392445699e-06;7.10911792592452e-06;4.663409768748156e-06;2.861255173565231e-05;1.8637478169338067e-05;0.00013048817078057184;0.00011705052850014058;5.3815704447661823e-05;1.3567442442593412e-05;1.1438830515011964e-06;2.649734209216753e-05;1.2553892251091011e-05;1.877172988947189e-06;9.757465460403356e-06;4.628618318164461e-06
01:07:30;238;5.396295786784901e-06;6.5472205347713835e-06;3.3841572842094055e-05;4.365819498404604e-06;6.104895284085966e-06;6.6169304308128964e-06;7.970709972937584e-06;5.23995081991302e-06;4.475511199460285e-06;3.5584943741572386e-06;6.913530183732581e-06;6.455013587082124e-06;4.634268241235614e-06;4.572139405018499e-06;3.848284349446245e-06;4.9292409585177666e-06;7.71690991636597e-06;8.248119367543708e-06;1.0092858586556506e-05;6.501321330446606e-06;4.8649121507406575e-06;4.144142063592835e-06;8.50857987309529e-06;7.943707081537894e-06;5.4451777889915294e-06;5.572532297230305e-06;4.599143911819519e-06;2.833614204133503e-05;1.991751874622492e-05;0.00012016959506751865;0.00011117474969975051;5.6112594798562116e-05;1.5128468668955078e-05;1.1438764023697177e-06;2.5340990634559624e-05;1.2244715521582075e-05;2.034530391798989e-06;9.599804906339304e-06;4.895887226132567e-06
01:07:47;239;5.346399091685973e-06;6.497120558620575e-06;3.3042556108223164e-05;4.380264516354063e-06;5.950960588630881e-06;6.681485816334936e-06;7.979052116075474e-06;4.840739411093864e-06;4.4897197539548665e-06;3.2253172223500375e-06;6.884483860083244e-06;6.885879238764532e-06;4.42142273629739e-06;4.5702166421402914e-06;3.847245263376532e-06;5.00721119673863e-06;7.516639453581464e-06;8.25203121362565e-06;1.0070298144513155e-05;6.1893708933191965e-06;4.8309238703536085e-06;3.7957607483930805e-06;8.477638863340975e-06;8.477199824920728e-06;5.237873032272063e-06;5.5189254419042586e-06;4.591572624582413e-06;2.862577607665161e-05;1.9793519986473905e-05;0.0001183047039015103;0.0001047502810731107;5.542256806621058e-05;1.3877696026162728e-05;1.0853552448927218e-06;2.617958572732358e-05;1.219004576496375e-05;1.9162091930215004e-06;9.518176078614047e-06;4.84675615974269e-06
01:08:04;240;5.334363540948123e-06;6.463401301585645e-06;3.161195308138192e-05;4.566250163277759e-06;6.1720330880890826e-06;6.7227492599060535e-06;7.979617333443333e-06;4.740832022065433e-06;4.475775555593228e-06;3.1610884263309136e-06;6.74255933574841e-06;6.712418134859697e-06;4.107089754512572e-06;4.783516458737515e-06;3.848431170829579e-06;5.173230304915452e-06;7.702266418474913e-06;8.239077194243865e-06;1.0079611778956295e-05;6.059475702996575e-06;4.78251579899066e-06;3.7148063486860846e-06;8.420592845900903e-06;8.178575177525193e-06;4.861572552393147e-06;5.732403684604936e-06;4.616685534724811e-06;2.8177343123423003e-05;1.9312425536158266e-05;0.00010600239312520411;0.00010081252116528395;5.515412118731814e-05;1.4239360834224483e-05;1.1037316892479028e-06;2.6039456472232256e-05;1.2229381176140879e-05;1.8930931749212658e-06;9.575671938215778e-06;4.803937554213145e-06
01:08:21;241;1.1084629371473717e-05;1.2098335198832593e-05;5.7460806937447135e-05;1.8485242208043928e-05;8.763193945846773e-06;9.846054868231393e-06;1.2873285656537933e-05;1.0788581878852131e-05;7.68591023681996e-06;6.189071167157905e-06;1.0950740300007634e-05;1.1302512047899944e-05;1.4412313962385394e-05;1.4903500270174225e-05;6.815142343312304e-06;1.8547709927749763e-05;1.0372397153770191e-05;1.1308403085008016e-05;1.5183416277828148e-05;1.1846003797219527e-05;8.036411277834869e-06;6.465759822817688e-06;1.2267448957711075e-05;1.2743501993330178e-05;1.5147927218935411e-05;1.580215796855532e-05;7.458881520529136e-06;1.8225723636591755e-05;1.6676644670339434e-05;0.0003150525305229731;0.00021657040703786435;4.3993559119438875e-05;1.8509320611289614e-05;1.450568281905738e-06;2.7500181017031443e-05;1.0928018732059531e-05;3.429623949021138e-06;1.0251063222588566e-05;6.942042448261883e-06
01:08:38;242;1.1437442420391232e-05;1.2533137192758083e-05;5.918383627006657e-05;1.256014583490965e-05;1.5174045131516323e-05;1.5762868195359012e-05;1.7740444152733207e-05;7.298856422850846e-06;8.699468025952228e-06;7.614209642590388e-06;1.1149466634466618e-05;9.940506481469088e-06;1.204988437564225e-05;1.1100828564410262e-05;8.158581447436188e-06;1.2520808802117798e-05;1.691429209626498e-05;1.6952245045380366e-05;2.058583996137103e-05;8.661140788107435e-06;8.978971776212095e-06;8.17344167283213e-06;1.2772916134169083e-05;1.128997275626244e-05;1.263849291510407e-05;1.2269780740950144e-05;8.639740779276335e-06;2.5808256771751276e-05;1.6549667034709192e-05;0.00023795378977744633;0.0002844926540914463;6.101689241672195e-05;2.8745721525898558e-05;2.915997829138328e-06;2.7588604943061933e-05;1.1760353317013581e-05;1.2997043035338932e-06;7.667660653695017e-06;4.406732576382398e-06
01:08:55;243;1.0869838955717238e-05;1.1922671339700081e-05;5.452384833473103e-05;7.401860075488416e-06;2.0500176435430976e-05;9.641330810242463e-06;1.0530438394405131e-05;7.810330692011162e-06;1.2584255540172183e-05;7.144352710885084e-06;2.020015286063881e-05;1.0036690273874559e-05;1.0192635126057583e-05;7.250014895341585e-06;7.145826032228797e-06;7.683919176099752e-06;2.236693658060291e-05;1.0873251016210482e-05;1.244879297390278e-05;8.9502205015908e-06;1.237296436545277e-05;8.035506808379137e-06;2.1799714368516787e-05;1.1534117018964946e-05;1.1021104818368418e-05;8.124931211361538e-06;7.860593901177363e-06;3.588163859038288e-05;2.150202544232231e-05;0.0002460190714937351;0.00022507150010038764;4.327974183204498e-05;2.3388239840204277e-05;1.0289707230279347e-06;2.8523996263579756e-05;1.320976798463605e-05;2.227672649242884e-06;8.45628325042974e-06;5.697271846778913e-06
01:09:12;244;1.161364628191305e-05;1.2582313951198454e-05;3.437351266498956e-05;1.0124959625621635e-05;9.403346609169397e-06;1.2289372100646936e-05;1.3234430261506573e-05;1.3678044478705363e-05;7.35534982448433e-06;6.1746490480629745e-06;1.845604961529675e-05;1.0837536768933246e-05;7.971946299211265e-06;2.208917880414612e-05;7.748888234909208e-06;1.0509277695124598e-05;1.0971701146756252e-05;1.3793233945393638e-05;1.4960618097540668e-05;1.54061958652809e-05;7.2955016364602085e-06;6.694754404899085e-06;1.929328902429294e-05;1.2338106495883062e-05;8.909504947928038e-06;2.2558948261622057e-05;8.256631247869463e-06;2.3682526488988356e-05;1.9067844886058494e-05;0.00014500708832542423;0.0001040653652724567;5.247630668543318e-05;1.0978456516967211e-05;4.047943452961454e-06;2.580982994975595e-05;1.0878919671017563e-05;2.203290850935879e-06;8.972868783221936e-06;5.291711096653635e-06
01:09:29;245;1.9509889013265408e-05;2.0216104185468034e-05;3.95602636188039e-05;1.0324368350790213e-05;2.211115480835443e-05;2.0122326500494513e-05;2.6666011730857132e-05;2.164674395353152e-05;8.042823376993882e-06;9.877897077424016e-06;3.2501201425041224e-05;1.8671402631040028e-05;1.2205935172007996e-05;9.700118447142358e-06;4.224867743894058e-05;1.0460531473055901e-05;2.3702647795980277e-05;2.1064499320990635e-05;2.9534039617541153e-05;2.2123568847930557e-05;8.480142615910523e-06;1.0707049361510052e-05;3.185803371373287e-05;1.972520764371162e-05;1.2579588920870484e-05;1.0588067601054695e-05;4.176986759732613e-05;3.8294673609729434e-05;1.645277128893595e-05;0.00013232549516811767;0.00013828358587270853;6.529575409017084e-05;2.3122407990083066e-05;2.574247577327486e-06;3.039916017937424e-05;1.2586780828026402e-05;1.3203941707291847e-06;8.698170273769541e-06;5.3697223766743546e-06
01:09:46;246;1.3277353385309322e-05;1.4152548195668231e-05;3.534148364301501e-05;7.358799198442512e-06;1.12051320161041e-05;1.1508966875598245e-05;1.9120277377220933e-05;1.0006824438655506e-05;7.641032376361842e-06;8.725976862936333e-06;2.620836011663579e-05;2.5633396479530678e-05;8.029617521675515e-06;1.301570470117626e-05;1.0874148305685015e-05;7.5444011461605685e-06;1.253927221805037e-05;1.2662280513020822e-05;2.1624122405516077e-05;1.1614862151424248e-05;8.007239595043976e-06;8.803537463756606e-06;2.649785367598097e-05;2.6794009948999596e-05;8.226216818278587e-06;1.4123732456292728e-05;1.1393046130435806e-05;2.8263974420681598e-05;1.7621934731278537e-05;0.0001478468191124245;0.00011137448069613648;4.9818502942383876e-05;1.134418530098926e-05;1.40748162948905e-06;2.743254020031868e-05;1.1256303764293974e-05;1.414794187167392e-06;1.0277283928191625e-05;6.039502802825257e-06
01:10:03;247;1.1710211514975361e-05;1.2708559955206488e-05;3.628034126973229e-05;8.156222442969671e-06;9.228821444263634e-06;1.6071143575531593e-05;1.7052826258634468e-05;6.535269123924598e-06;6.742446091385029e-06;8.318301003320336e-06;2.42990355096915e-05;9.189749520869968e-06;1.825334627496163e-05;8.98511105679683e-06;7.69026205075947e-06;8.656271785196313e-06;1.0532829912358753e-05;1.756956733723062e-05;1.8902106004836378e-05;7.818912007954893e-06;6.734782438130262e-06;9.255002618075092e-06;2.5049295892373104e-05;1.082258700368089e-05;1.914475328531013e-05;9.747698543292302e-06;8.268908370063158e-06;3.674720328847644e-05;2.344848363936902e-05;0.0001767750864684108;7.017788449919882e-05;5.3088213383359414e-05;1.2770594474886152e-05;1.5661937342189087e-06;3.2214885025634125e-05;1.4219353493785844e-05;2.086460466820667e-06;7.399491621970718e-06;4.870245140656651e-06
01:10:20;248;1.0158194823165187e-05;1.118377293073248e-05;4.6017307462785975e-05;8.39423619486917e-06;1.464393167535408e-05;1.0558936989081179e-05;1.4215605291538354e-05;1.321168796667135e-05;9.173877389462797e-06;5.319540694159741e-06;9.098334492757038e-06;9.521038019887452e-06;6.884312701319314e-06;1.1315734682362042e-05;9.561098436124253e-06;8.580362801591105e-06;1.5831537525570375e-05;1.1951483095719042e-05;1.638331538938646e-05;1.4088403911702261e-05;9.47154245019376e-06;5.964256753849199e-06;1.074803133667933e-05;1.0627322330659393e-05;7.59915289413987e-06;1.2319569871383291e-05;1.0640293227499822e-05;2.1523440565152723e-05;1.6514543527703393e-05;0.00019292540721663177;0.00018641952829491303;6.169631541215073e-05;1.687025625182654e-05;1.48501028208958e-06;2.8286180249411798e-05;1.1673253039248268e-05;1.8595010773217606e-06;8.173666951554097e-06;4.7805866854279925e-06
01:10:37;249;1.027449750329817e-05;1.1139691875392093e-05;3.843204088058591e-05;2.18003667927488e-05;1.0467458683261942e-05;1.565740915571661e-05;1.0923563544777567e-05;8.63472112300201e-06;8.04618275909971e-06;7.429354233711262e-06;1.2429970283924583e-05;9.409753841086141e-06;5.876901083597246e-06;7.116365147587865e-06;5.501919923615746e-06;2.1995867968995944e-05;1.188425327038917e-05;1.6274912992184333e-05;1.2816414796304078e-05;9.923531597220822e-06;7.979644406192694e-06;8.106764486415792e-06;1.328656709361733e-05;1.066554784612683e-05;6.70376113380889e-06;7.839780445914286e-06;6.199251968989957e-06;3.6225081404816745e-05;1.4517353201095041e-05;0.00015639390576512187;0.00011114443819601774;6.212306035013564e-05;1.2352829145745653e-05;1.7596781930252084e-06;3.188660175050836e-05;1.582682210341596e-05;2.0559839939206208e-06;1.0454417198072633e-05;6.444319265155501e-06
01:10:54;250;1.126139348173183e-05;1.243609696320152e-05;2.8640971543380072e-05;6.42126506342968e-06;8.454182573235482e-06;9.349562974007727e-06;9.865862928393199e-06;3.363646884870584e-05;8.105752056311841e-06;1.0585242427070666e-05;9.810413279803305e-06;1.14325185207194e-05;6.982467864185599e-06;8.336148354715078e-06;1.2156833261268606e-05;7.144901010639232e-06;9.912389135864988e-06;1.1484694058006287e-05;1.1929131463297888e-05;3.489365090450819e-05;8.492673829625599e-06;1.0845159666339758e-05;1.1261625711742017e-05;1.280628953569663e-05;8.298080947958014e-06;9.034937918357496e-06;1.3129626688192108e-05;2.5510022635138753e-05;1.8257896121581872e-05;8.541158334031107e-05;5.228114676567716e-05;7.680301149921306e-05;2.9900257736044307e-05;1.3472293064459734e-06;2.2701245752574945e-05;1.3026897214980449e-05;3.316020937132607e-06;9.166390473407399e-06;5.969956738053267e-06
01:11:11;251;1.007321763650411e-05;1.1092533561997144e-05;2.9795889119313932e-05;6.3775063071344365e-06;8.521087630568177e-06;9.15353687182894e-06;1.4968146391357674e-05;8.89948537037681e-06;5.6225805651747995e-06;8.726565092522584e-06;1.5043393788842382e-05;1.67608072584616e-05;6.89702949104158e-06;1.0096385711154777e-05;9.8120831934652e-06;7.0119335817517946e-06;1.012492441100509e-05;1.0471690034770475e-05;1.665087071344289e-05;9.997384466582325e-06;5.941323775868447e-06;9.014059132017724e-06;1.586327818839419e-05;1.8616827069711725e-05;7.617936590358562e-06;1.0938411056094647e-05;1.0861760379560145e-05;3.0193468559892773e-05;1.4157698658185826e-05;0.00010652443553176395;8.349399547662501e-05;4.663560051505794e-05;1.2960086100668263e-05;2.6947745804699183e-06;3.2079162213550605e-05;1.222331329586137e-05;1.61513676514988e-06;9.420283156008875e-06;5.552714578532834e-06
01:11:28;252;9.053405526835625e-06;1.0072009819298187e-05;5.5104908114321994e-05;5.49089879762412e-06;1.3951849521990054e-05;1.32870062724454e-05;1.1010362798784131e-05;7.0385414138678986e-06;5.569869516234989e-06;8.37102946927747e-06;9.621622382383066e-06;1.3847089463907155e-05;6.002394838136834e-06;6.354265119897078e-06;8.095933292651125e-06;5.9234342107986234e-06;1.543058847864468e-05;1.4737971342364738e-05;1.2776285380316984e-05;8.599814383517156e-06;5.783596597085088e-06;8.802911780330299e-06;1.1096433037799883e-05;1.5211565276999114e-05;6.619652594963554e-06;7.290411522723234e-06;8.59145038530302e-06;2.4244476577554127e-05;2.8833310476858676e-05;0.00029449128504510674;0.00019415467834643389;4.371633981050766e-05;1.5238822700334334e-05;1.4124162472107323e-06;3.056779084823649e-05;1.326768707512011e-05;1.8743497051797395e-06;8.873718596301175e-06;4.584021943020099e-06
01:11:45;253;7.927816403191008e-06;9.018233085262643e-06;3.4552278201205844e-05;6.136446033492988e-06;7.876794207752688e-06;8.54122316502009e-06;1.267071990699006e-05;8.675078693701463e-06;5.124218817345846e-06;1.0844115447060755e-05;1.0526149214807777e-05;8.140689109965974e-06;5.311407800366975e-06;6.3558873574333e-06;4.931064038386652e-06;6.678093178621405e-06;9.429610720791417e-06;1.0210377937094368e-05;1.4539203232432762e-05;9.80842894391629e-06;5.51215218158315e-06;1.1442360809718294e-05;1.1963386009771472e-05;9.642623377036631e-06;5.962209889972494e-06;7.2554990028832815e-06;5.7748478279272945e-06;3.2463732718886024e-05;1.940935165046614e-05;0.00014099433390390257;9.298935658535502e-05;5.793770317208864e-05;1.3917425332221392e-05;1.0417250318304415e-06;2.473277210391288e-05;1.4173422897184763e-05;2.402611184493238e-06;9.873923470102186e-06;4.690980364026876e-06
01:12:02;254;8.165052509990677e-06;9.365194290682976e-06;3.697703494033342e-05;1.1120705001391427e-05;1.0086586600137212e-05;9.650147366616322e-06;1.009133628571135e-05;7.713931838343962e-06;5.79595314288316e-06;6.064731076287961e-06;9.563787325558595e-06;9.787696826115486e-06;6.221816758446928e-06;5.996460972374445e-06;5.887473380413026e-06;1.1924243050158065e-05;1.1893240856738021e-05;1.129876136474195e-05;1.2163293670514403e-05;9.06928248465952e-06;6.027570847597613e-06;6.6816469744837744e-06;1.1259272267562676e-05;1.1193590310114491e-05;7.122140586252959e-06;6.928294877508062e-06;6.820990991607548e-06;2.9413059891566086e-05;2.330959364738867e-05;0.00018041302590964719;8.4036682093471e-05;5.242963102971736e-05;1.4903240603027488e-05;2.0013733235685776e-06;2.7748101267617277e-05;1.2804333481089077e-05;2.3278882030169846e-06;9.333046363945586e-06;5.00444346994558e-06
01:12:19;255;8.3633190205939e-06;9.48326208955119e-06;3.8921205304994206e-05;6.261257546859931e-06;7.815171617086104e-06;1.0356707934084335e-05;1.3684867630042225e-05;6.498751920441299e-06;1.3498348125231338e-05;8.513402935183091e-06;8.241174329141772e-06;8.134900214946066e-06;5.851853300436522e-06;6.315143398761723e-06;5.18824593888987e-06;6.893159899869094e-06;9.401473205430136e-06;1.170063246085008e-05;1.6066711062113783e-05;7.711399146938686e-06;1.3486013180042818e-05;9.481072032065618e-06;9.701620548426784e-06;9.472646352266185e-06;6.717481819808349e-06;7.12431275029372e-06;6.042619467815355e-06;2.291819886917187e-05;1.7717622139824623e-05;0.00011970871930079043;0.0001671970503495987;5.654374264977779e-05;2.797145800293639e-05;1.2246609372867013e-06;2.533417095090612e-05;1.1476322424344119e-05;2.5629696910697275e-06;9.685846626197416e-06;4.713701718026683e-06
01:12:36;256;8.0223170025368e-06;9.109455472926015e-06;3.659522932885089e-05;8.024953675477388e-06;9.360773219668772e-06;1.154639445324144e-05;9.283978074072572e-06;8.012633075018336e-06;5.091506143240952e-06;4.21993411818407e-06;8.446165535696599e-06;1.1447240939074534e-05;6.503552459236062e-06;9.198350752435338e-06;5.132318268152858e-06;8.719816032910934e-06;1.0834324326378343e-05;1.2786737230110507e-05;1.1556287644671563e-05;9.28189716789716e-06;5.475377356215407e-06;4.588772278883063e-06;1.002273474908559e-05;1.259590301662131e-05;7.32953917634669e-06;1.0159664593111647e-05;5.96240954132842e-06;3.051968741066607e-05;1.716103477867195e-05;0.00016190169143739656;0.00010990125448071389;5.0548808073242446e-05;1.2772421990333597e-05;8.752096577589294e-07;2.7333783424399718e-05;1.2422212771263506e-05;1.8261378662430793e-06;8.84858352196258e-06;5.031926533558492e-06
01:12:53;257;8.067577993451572e-06;9.205206338322834e-06;3.4947396937691865e-05;6.72584129610889e-06;8.785226456289117e-06;9.925455183241121e-06;9.404946002756663e-06;6.647232889698464e-06;7.2566219286458855e-06;7.251063268204854e-06;9.88039942807394e-06;7.662506887904577e-06;8.639060266995619e-06;9.697661536346335e-06;4.934917079424395e-06;7.338388594332714e-06;1.0195782584859547e-05;1.1582632189085324e-05;1.1518965165342258e-05;8.227151562970925e-06;7.404300302806416e-06;7.85692778847562e-06;1.1598107218410807e-05;9.023018034745694e-06;9.599809443529864e-06;1.0505361589383927e-05;5.612027496082894e-06;3.5180660045096174e-05;1.3438075214764935e-05;0.00015860184965476578;6.64956104036872e-05;6.770114119383614e-05;1.8062932070732544e-05;9.637434902487693e-07;3.2954171048835804e-05;1.0735009662609427e-05;1.8439493243119112e-06;9.318739147038456e-06;4.072881996375307e-06
01:13:10;258;6.932414775400792e-06;8.001273163014808e-06;3.263373731105712e-05;5.6137974711651335e-06;6.98677372668044e-06;7.656858423259068e-06;8.804396296630495e-06;8.333724886258862e-06;6.5451697243449045e-06;4.958684014995511e-06;1.1735503668639716e-05;7.081831049824607e-06;4.558077497178332e-06;6.289334927926533e-06;4.624823551518437e-06;6.09749889043064e-06;8.574752911632067e-06;9.363279579840217e-06;1.1012133709415668e-05;9.572826053919948e-06;6.773281999317711e-06;5.25996233591286e-06;1.3002036004901946e-05;8.531257421215937e-06;5.1965007543590735e-06;7.204968743637805e-06;5.42677681447527e-06;3.0486178756635446e-05;1.9596624616084434e-05;0.00012725800466896519;9.096514214228782e-05;5.6033604829146704e-05;1.1195426809692453e-05;1.305980914791981e-06;2.796277262669124e-05;1.1468780622404975e-05;1.1805676065322926e-06;9.619020027060504e-06;4.532744112392411e-06
01:13:27;259;6.474409976223424e-06;7.602849097876762e-06;3.456095346336939e-05;7.018602313476921e-06;6.753861736541467e-06;8.368372209330035e-06;8.366861186588762e-06;7.045894061651449e-06;6.5791064978978655e-06;3.7673035839185847e-06;7.376652862686487e-06;7.767239763206197e-06;4.914153029227981e-06;5.175209813175612e-06;4.559660951677167e-06;7.716045769760783e-06;8.349905870033315e-06;9.818233558712851e-06;1.0562916918100694e-05;8.376623318787396e-06;6.923895671782622e-06;4.30380083931204e-06;9.012504425656885e-06;9.268711575622305e-06;5.5891492029101606e-06;6.0879412984244875e-06;5.224457832879079e-06;2.498535492749171e-05;2.1428914982888456e-05;0.00010729178085079507;0.00011778623591419354;6.348078824065364e-05;2.42745210256241e-05;9.326340338379232e-07;2.763528681463529e-05;1.0627745192101126e-05;2.2050118193554267e-06;9.8635295521314e-06;4.219638206725058e-06
01:13:44;260;6.432266723457112e-06;7.5845344418908846e-06;4.1721349807233326e-05;5.221636694908614e-06;6.92864391347505e-06;7.177575079579541e-06;8.999875830604445e-06;7.109896780574135e-06;7.447243151856045e-06;3.7535134828978944e-06;7.474301514517637e-06;8.321707393318691e-06;4.215815053498773e-06;6.190579891939375e-06;4.346410187074732e-06;5.982679852687524e-06;8.514218412137435e-06;8.758703551151645e-06;1.1355244157440914e-05;8.381866754335314e-06;7.806144701215643e-06;4.3098220396155115e-06;9.087134653955103e-06;9.969479960309861e-06;4.78712268898251e-06;7.0843581932974845e-06;4.977635963089746e-06;2.477124403821782e-05;2.7279221618986794e-05;0.00013070023965610836;0.00016318382870978925;5.9617574792163365e-05;3.668668168126312e-05;1.0794585064940348e-06;3.0135077635123524e-05;1.166631610188729e-05;1.9218589791271525e-06;9.446131872646843e-06;4.168564094992504e-06
01:14:01;261;5.714159481261628e-06;6.82523242878371e-06;3.2126497700427004e-05;4.7503582178168555e-06;6.004585261171707e-06;7.3044892729967614e-06;9.603791837584843e-06;5.898757873591297e-06;4.05859344903609e-06;3.1801649252568867e-06;6.747714196044606e-06;8.075979143933926e-06;3.928284433902201e-06;4.987293232132246e-06;4.029900293063675e-06;5.396067446689571e-06;7.67307405043585e-06;8.455806103403476e-06;1.1768295470447591e-05;7.163214581563393e-06;4.45262283023964e-06;3.7777793186020822e-06;8.395938798860733e-06;9.488631527531226e-06;4.618191922740543e-06;5.979897650831845e-06;4.73326724227551e-06;3.4597280537290996e-05;2.2227772550063793e-05;0.00013508638378627427;7.100362167105796e-05;5.462947491496874e-05;1.2811025539268086e-05;9.845136674445718e-07;2.6972340291708273e-05;1.109546158767643e-05;1.6985688075240088e-06;9.410225089207789e-06;5.001303962639171e-06
01:14:18;262;5.944796247351033e-06;7.082959384689862e-06;3.6175605537157626e-05;6.0773702188689844e-06;6.919196634152575e-06;6.5223804125738836e-06;9.128976650174536e-06;5.273157526630712e-06;4.613742468961846e-06;3.3338818316120853e-06;7.477850993289146e-06;7.5016996335235e-06;3.799947555969332e-06;5.84389892759935e-06;4.845450514843399e-06;6.606628406338638e-06;8.427464107154276e-06;8.043218891728003e-06;1.1345032290488302e-05;6.714468413462518e-06;5.0598034761870746e-06;3.953080906711288e-06;8.921495815298794e-06;9.155760973861774e-06;4.398702288464064e-06;6.770728765631351e-06;5.599125988507545e-06;2.8072586866090383e-05;1.7826945243399004e-05;0.00012545953756294717;0.00013226061321001015;6.275525326985102e-05;1.6735646579120172e-05;1.0960662748244293e-06;2.4303423325607588e-05;1.0388619730704505e-05;1.980717141495294e-06;9.431642837372112e-06;3.796214404469705e-06
01:14:35;263;5.547375050954625e-06;6.667616029908804e-06;3.840781700731812e-05;4.1690629402069135e-06;7.4108497846675e-06;7.006203658606451e-06;7.65088238678531e-06;4.8528518974612984e-06;6.118472694796847e-06;3.5246108706391253e-06;6.858147645904079e-06;6.213877567970175e-06;4.012001680047723e-06;4.528687030067792e-06;4.222850793408642e-06;4.761586981807847e-06;8.897739134445607e-06;8.500362116448535e-06;9.759884074188864e-06;6.237516247351835e-06;6.5420963898149346e-06;3.987900416327245e-06;8.555733961369282e-06;7.723989923922286e-06;4.581426707508273e-06;5.437110260146843e-06;5.026044094893798e-06;3.0385543897288957e-05;1.5908826471929072e-05;0.00014941485470240252;0.00013778051868518549;5.6413956163191806e-05;1.6262295222265702e-05;8.278855839240289e-07;2.7288841445408956e-05;1.1064617761362204e-05;1.944844168620867e-06;9.452919548781817e-06;4.148700437456071e-06
01:14:52;264;5.83591730286447e-06;6.911424769654493e-06;3.539382266736756e-05;4.239415920698713e-06;7.642578279000066e-06;6.868981162452573e-06;9.258047766474482e-06;4.804845488269972e-06;4.142885831080114e-06;3.0332160781460455e-06;7.008049139626977e-06;9.03688434176915e-06;4.333823741411245e-06;5.453967412643641e-06;4.208310649612589e-06;4.869385267301357e-06;9.21746595274352e-06;8.329108339561963e-06;1.1287986793992982e-05;6.188458308925771e-06;4.477901317346273e-06;3.5663042336648375e-06;8.524510190863445e-06;1.0193185799040823e-05;5.0970077845244006e-06;6.363488789903858e-06;4.822292198638669e-06;3.764415139119368e-05;2.2775083287963607e-05;0.00014680148551217848;9.767482534482231e-05;5.4953669887850696e-05;1.0779090364299708e-05;1.2279121748380807e-06;2.611605735916846e-05;1.0591641903805426e-05;2.0112051721873874e-06;9.920230252599383e-06;4.230519357503631e-06
01:15:09;265;5.458446695689128e-06;6.5781111424015924e-06;2.8664492890232466e-05;4.260830400423546e-06;6.293024022855062e-06;6.3719961160431504e-06;7.976536484735872e-06;4.583451012184593e-06;4.480378407511022e-06;2.857854979413074e-06;6.631537940196805e-06;7.607670884691618e-06;3.7468213423995746e-06;6.431013321226621e-06;4.260243700764994e-06;4.88984226396059e-06;7.806523839624074e-06;7.895079749998124e-06;1.0082106453847711e-05;5.96991771366263e-06;4.88492584356462e-06;3.3848499714610937e-06;8.269907216863085e-06;9.129731713269567e-06;4.3736064140784375e-06;7.402337797441449e-06;4.8485030156716445e-06;3.396593049513102e-05;1.9618036213290712e-05;9.459022375137434e-05;7.427898341116146e-05;5.3327412700606856e-05;1.4117512121544931e-05;1.1013156880096362e-06;2.6111435188257007e-05;1.1143950140948258e-05;1.7373883064122162e-06;9.692864527212632e-06;4.288862138840552e-06
01:15:26;266;5.2561812815745475e-06;6.382853100632607e-06;2.9933612454652192e-05;3.904427660537315e-06;5.7036952344188565e-06;7.662492486495218e-06;7.665550385964211e-06;4.997849350212908e-06;5.1604405787744865e-06;2.9254674585840492e-06;6.34385239483105e-06;6.9800287718635445e-06;3.967192348852677e-06;4.018581549626209e-06;3.7445953615453864e-06;4.562538715848099e-06;7.33227708926417e-06;9.215404577245656e-06;9.78716266390505e-06;6.293439784275495e-06;5.4630478056815605e-06;3.4953742269978268e-06;7.896490048171725e-06;8.410293664578776e-06;4.6698379995902965e-06;5.028476529839247e-06;4.439891975242155e-06;3.0235143224333202e-05;1.6648295661837454e-05;9.571087498190552e-05;8.568435158295886e-05;5.843140612066391e-05;1.9881594270451284e-05;9.75502060859217e-07;2.524456785823152e-05;1.0560240949072364e-05;2.1528940769860987e-06;9.403183028020843e-06;4.275295640506026e-06
01:15:43;267;4.856721605893778e-06;5.996688782310045e-06;3.74035309918976e-05;4.040626416083755e-06;5.667163897917569e-06;6.063217591516108e-06;7.313119910696225e-06;4.707307144645835e-06;3.7946772334474974e-06;2.723868551803641e-06;6.428753363833679e-06;5.89369393111383e-06;3.907798957475899e-06;4.022407017730116e-06;3.7180235775803214e-06;4.766645717977611e-06;7.3072351945403525e-06;7.6186571001201205e-06;9.392296236956675e-06;6.004035077539005e-06;4.173260267519634e-06;3.2832206834773157e-06;8.005678778375379e-06;7.372565223589316e-06;4.617043648263634e-06;4.964578770744117e-06;4.455047027926112e-06;3.065374473960561e-05;2.0027101006074605e-05;0.00014872325661603554;0.0001268188944395905;5.676625887312489e-05;1.2053961367190905e-05;1.2132589307245765e-06;2.626415645421005e-05;1.1227551805278314e-05;1.6274431156574239e-06;9.34610929318171e-06;4.120635262096959e-06
01:16:00;268;5.018630156298927e-06;6.153933433860045e-06;3.0868110487448654e-05;4.173885527465742e-06;5.6899276385474256e-06;6.1868247769325535e-06;7.703164468156585e-06;4.337623420851018e-06;4.860218691827743e-06;2.985781835753507e-06;6.152892798574137e-06;6.3293756711728255e-06;3.9983962011224215e-06;4.2374356758821046e-06;3.5680333693671233e-06;4.832400164456045e-06;7.250547967003835e-06;7.70676125066069e-06;9.860864701053448e-06;5.669684974581966e-06;5.199569660028748e-06;3.4475238226726024e-06;7.836864312329326e-06;7.811651806760789e-06;4.763559324681962e-06;5.182054156314654e-06;4.285717856954404e-06;3.3382164740050635e-05;2.0231022740949237e-05;0.00010201067241895024;8.946873742154932e-05;5.4405398412859803e-05;1.6391156230302756e-05;1.0390709360811188e-06;2.5930891511658768e-05;1.1929082630560572e-05;1.825057909649464e-06;9.249378039598004e-06;4.554692857174037e-06
01:16:17;269;4.858349231281781e-06;5.998603124749888e-06;3.197309343372422e-05;3.896659775454674e-06;5.464310488695839e-06;6.0126390331240804e-06;7.332833178643548e-06;4.287054811672161e-06;4.114073167471588e-06;2.896554267389268e-06;6.277210613929314e-06;6.232971903133685e-06;3.843876334160128e-06;4.376015381007454e-06;3.565990074863831e-06;4.555194123043558e-06;7.06075282818623e-06;7.5565274965822625e-06;9.463192459924922e-06;5.6295664710922185e-06;4.512791315679765e-06;3.48578414070312e-06;7.93559997816109e-06;7.662491144182689e-06;4.549570115769608e-06;5.2970758818596145e-06;4.274690262476886e-06;3.11627978735077e-05;2.0915735968872703e-05;0.00011288752676859812;9.781537291711358e-05;5.350353072089633e-05;1.3339490821597535e-05;1.1424643208945028e-06;2.6168618980825574e-05;1.1418807363940327e-05;1.6705042455945502e-06;9.320040913333187e-06;4.332230309516502e-06
01:16:34;270;4.839112845383459e-06;5.966998350795851e-06;3.206323701037108e-05;4.126895670127211e-06;5.6156280372476886e-06;6.026128962459283e-06;7.402082726638458e-06;4.406284922708892e-06;4.127966955409916e-06;2.8235640179084176e-06;6.218546086309764e-06;5.9906403070509775e-06;3.602130839588178e-06;4.102909315406578e-06;3.626574590046258e-06;4.837165208668978e-06;7.1458736979538915e-06;7.560570678304176e-06;9.459040564804667e-06;5.747832413166916e-06;4.514966432700159e-06;3.3494083055889467e-06;7.80613312530523e-06;7.50265244968881e-06;4.295890428555232e-06;5.068350878612859e-06;4.316094522368122e-06;3.008379154930168e-05;2.0267540263717702e-05;0.00011296663868095968;9.912187647525544e-05;5.527772307494979e-05;1.3356837642243681e-05;1.1059629782964906e-06;2.5851479789128065e-05;1.142157905085657e-05;1.6839308041248298e-06;9.36975975349075e-06;4.251724062128316e-06
01:16:51;271;1.0255975360771366e-05;1.1113448325184297e-05;4.765665565861068e-05;7.645352351527311e-06;1.346598217434224e-05;1.1501197625627604e-05;1.7111409932950167e-05;8.081336849001405e-06;6.653741283845317e-06;4.732517335913723e-06;1.1221760871649167e-05;2.3249082733979197e-05;5.210758416428586e-06;7.829225608511273e-06;6.369335475850138e-06;8.256753799402379e-06;1.5296279263013644e-05;1.259391657082302e-05;1.8712201139512414e-05;9.20492204351854e-06;6.583985096664106e-06;5.035760025322494e-06;1.2276976484585408e-05;2.4095257778086144e-05;5.705944469026909e-06;8.687259495776675e-06;6.912120251042866e-06;2.915832621689189e-05;1.8458977280717596e-05;0.00025018717443043095;0.00016041640504886292;4.4447944615438566e-05;1.4850040234632646e-05;1.201215107503538e-06;2.5300268063213518e-05;1.3274243053430484e-05;1.1037650518890952e-06;9.087091405035668e-06;4.394417395281164e-06
01:17:08;272;1.2429065134514614e-05;1.3411055240080887e-05;4.8357236377445705e-05;7.807542251986826e-06;2.296161684450288e-05;1.2910265709174176e-05;1.4104150475253102e-05;1.0748977725360088e-05;2.0088935693768857e-05;8.093739754532304e-06;1.078662671328733e-05;1.0478298532684056e-05;6.35984485245186e-06;1.6048313591971404e-05;8.760465263435435e-06;8.423548007169901e-06;2.4181619664886966e-05;1.4579936575927018e-05;1.6453472567321378e-05;1.184337450272151e-05;1.9561200329180678e-05;8.808097891808676e-06;1.209757094122462e-05;1.1834274164932968e-05;6.953636010379503e-06;1.67901443425843e-05;9.405783266284064e-06;3.8458560627714835e-05;1.3546664461699398e-05;0.00017273031054029517;0.0002117465321518953;3.752823526109167e-05;5.0947418142359935e-05;1.2090686770978865e-06;2.4366379219810193e-05;1.4055364532001757e-05;9.154980105131381e-07;8.850679871325292e-06;5.932125033543993e-06
01:17:25;273;1.0880983805608677e-05;1.1906104479254005e-05;3.4133960523276754e-05;8.432538270400611e-06;1.0941420370613741e-05;1.2244239201208984e-05;1.3802619259257137e-05;1.0511583701083344e-05;7.549318751384507e-06;7.182697180302904e-06;1.624325441052964e-05;9.847726597007005e-06;1.0716349318555403e-05;9.74317811206695e-06;1.3356877183603253e-05;9.115674966099654e-06;1.2572393390218156e-05;1.3094528795487418e-05;1.5769087348175325e-05;1.1948621687236172e-05;7.575349633342843e-06;7.5460636564250445e-06;1.7616237747012136e-05;1.1237404112163652e-05;1.1612262996889893e-05;1.0828059007335583e-05;1.3957567411632191e-05;3.9315917788059255e-05;2.233641115461968e-05;0.00011955135638203945;9.747193493379083e-05;5.8141920774516906e-05;1.3568731354725827e-05;1.3845198970918164e-06;2.3273474522941156e-05;1.3716010277821392e-05;1.8259462083326219e-06;9.630740281491048e-06;9.390562703891156e-06
01:17:42;274;9.282611301841825e-06;1.0329310417903258e-05;2.847329862228049e-05;9.333888537551873e-06;1.3357398865371744e-05;1.0526023312448531e-05;1.0439547436130232e-05;9.857451239270176e-06;7.066786590247499e-06;5.38231658482728e-06;1.4890921824091533e-05;9.582666752873013e-06;8.062747446176259e-06;5.643693896217883e-06;7.247889509898187e-06;1.0051470199650333e-05;1.5112383578847976e-05;1.1931459194104868e-05;1.2255511275633339e-05;1.1434112918864173e-05;7.311653796103753e-06;5.946175176027685e-06;1.6127104848962943e-05;1.0952059135059797e-05;8.737034344840485e-06;6.435496277246577e-06;7.657261103534587e-06;3.298638415544576e-05;1.594677612357002e-05;0.00011147613213495466;6.875105770462724e-05;3.921342524187785e-05;9.844280517200712e-06;1.7823473351157667e-06;3.156707518673797e-05;1.441029536402602e-05;2.110133053902051e-06;9.260443270330487e-06;4.331233379577299e-06
01:17:59;275;8.579281831218436e-06;9.576715790070565e-06;2.496997550592914e-05;8.048005254708682e-06;1.132357440266932e-05;9.26887542879678e-06;1.0729327988330665e-05;7.877956415375758e-06;7.374128217143359e-06;5.287192726784311e-06;1.1003650674271368e-05;9.059916928839067e-06;8.036413632339645e-06;8.000049940645484e-06;6.9422869702603665e-06;8.420031117796647e-06;1.2988231406503658e-05;1.0823884961989936e-05;1.241416701972573e-05;8.823160993427027e-06;7.671932283451095e-06;5.781716605339124e-06;1.208208479649237e-05;1.0270023157997308e-05;8.997593081576155e-06;8.913490903437435e-06;7.734269263293548e-06;2.5044310240704887e-05;1.4548629714309184e-05;7.026385641269185e-05;5.549957136882362e-05;5.139449806676485e-05;2.7797261275429845e-05;1.2899007833244603e-06;2.6706540450962413e-05;1.0631521896660686e-05;2.165088702677981e-06;9.946772391388339e-06;4.3517547674115245e-06
01:18:16;276;9.95455676838281e-06;1.1058771460854207e-05;2.6672116632963258e-05;1.4909601636697351e-05;1.3619041997582247e-05;1.3185544347038558e-05;1.645575311344642e-05;6.8912939774825395e-06;6.2300329388294396e-06;7.714168920132506e-06;8.762777179588904e-06;8.303592378214573e-06;1.0468000797655721e-05;6.565343978208333e-06;6.349526395090586e-06;1.584316154710191e-05;1.5615729364670394e-05;1.441243631245614e-05;1.817466257802429e-05;8.084469211006521e-06;6.393088703670044e-06;8.110138852788612e-06;1.0157154042357018e-05;9.624274281134293e-06;1.1923946618204539e-05;7.314186140193451e-06;7.0520060737318906e-06;2.4191682659413518e-05;2.2222825509609504e-05;8.920203463604341e-05;5.105968917907657e-05;4.815929839837423e-05;3.2484684489572386e-05;1.2674081002926608e-06;2.265038018967618e-05;1.0511344236975674e-05;4.147105567995417e-06;1.0391422013697113e-05;3.777524614832378e-06
01:18:33;277;9.632620485821132e-06;1.0646512524959413e-05;2.7274783017764932e-05;7.05482828971588e-06;1.0530375005595777e-05;1.0128067346732388e-05;2.0167225814175666e-05;1.3165369866447401e-05;7.244111718565901e-06;4.726658585499618e-06;1.3056480268987384e-05;8.83956138347292e-06;6.3737465367808e-06;6.30882814143454e-06;7.996189559378308e-06;7.92629970407999e-06;1.2207949630119632e-05;1.1002940136907604e-05;2.2826482275872244e-05;1.3944835101730998e-05;7.234055241888545e-06;5.243858212555937e-06;1.4569948033095909e-05;9.914987366513903e-06;7.1588235209961986e-06;7.302540860662334e-06;8.425426171292017e-06;3.239996322515196e-05;1.9515263507904443e-05;8.341505906434037e-05;5.4752765996714904e-05;6.474421613232379e-05;1.2348876658930935e-05;1.1548003404680733e-06;2.8003642485363613e-05;1.3251239636047185e-05;2.0630511082272287e-06;9.312384616143804e-06;6.336133441562886e-06
01:18:50;278;9.292253281500962e-06;1.0285490289685254e-05;3.424210231328295e-05;8.910122997721457e-06;1.5592219238090944e-05;9.943647996315328e-06;1.0026808648175036e-05;1.601379416110211e-05;5.851262736394409e-06;5.2500196271151625e-06;9.872431844309466e-06;9.734678065016892e-06;7.0508452606981624e-06;7.091156594120982e-06;6.170048558699777e-06;9.590096696332625e-06;1.7554566016493666e-05;1.1545073436847609e-05;1.1970588045037805e-05;1.7109162935055423e-05;6.103465759938272e-06;5.464900639224974e-06;1.0826389474390499e-05;1.0937458625184136e-05;7.637784648655333e-06;7.928491338790554e-06;6.757901626516759e-06;3.4835426596439076e-05;1.6236105031813676e-05;0.0001339521745295306;0.00010282297538965498;5.917899041091204e-05;1.0204901106494971e-05;1.653611864269653e-06;2.399561509356965e-05;1.2066200489172386e-05;2.6622615685243492e-06;9.726055665171567e-06;3.570910013842498e-06
01:19:07;279;7.751400188867178e-06;8.702833706075016e-06;2.6302006171173767e-05;6.977409558249871e-06;7.285833422475786e-06;9.298379901358864e-06;1.0807399429521327e-05;7.531921513956067e-06;9.22523787752735e-06;4.524949523440372e-06;8.781485846043324e-06;8.456525675109622e-06;5.474893853183651e-06;7.248299142306988e-06;7.404463688167405e-06;7.666518165104761e-06;8.736435523167507e-06;1.0371926645682005e-05;1.2540951392790553e-05;8.7703517779061e-06;9.275418229847247e-06;5.076972229289822e-06;1.0072080708078265e-05;9.861374890165223e-06;6.093123645285554e-06;8.081921477460589e-06;7.88692591989194e-06;2.887986174010261e-05;2.360688115680853e-05;8.470488478137782e-05;5.252467013464651e-05;5.306640504403303e-05;1.787391092381862e-05;1.1687986843840081e-06;2.9110026721450506e-05;1.0002802709084061e-05;1.5038645416418245e-06;9.214496649748778e-06;3.9674709669888445e-06
01:19:24;280;9.880104707866105e-06;1.1076161483080934e-05;4.54594569722919e-05;8.159030272736345e-06;8.934113455826388e-06;9.507478505487267e-06;1.110143001816575e-05;6.94527600974094e-06;8.10682326214295e-06;4.97370740342779e-06;1.292117876387651e-05;2.1637983265195132e-05;7.871408899714796e-06;1.1921093543259593e-05;6.481729574403516e-06;9.092414811790679e-06;1.04441153527222e-05;1.103798128117231e-05;1.3090444436105067e-05;8.607733561112133e-06;8.361166036121187e-06;5.727648325359318e-06;1.4359409530548366e-05;2.3586413221834582e-05;8.834240096676475e-06;1.2534361038761525e-05;7.238006089751195e-06;2.388924393754487e-05;1.3048595583316151e-05;0.00017060800651053033;0.0001985537543063827;6.928487576996948e-05;1.82542370670278e-05;1.1996740695200886e-06;2.2226034989331816e-05;1.1374245675709836e-05;2.986957284305615e-06;1.0397319662332168e-05;3.69053881153183e-06
01:19:41;281;7.746603321963489e-06;8.804739352370557e-06;3.881669076955847e-05;5.96703526185975e-06;8.112980935948144e-06;7.719243434678447e-06;1.2866145457156687e-05;1.0300308168418518e-05;4.834678277115307e-06;9.071969062352474e-06;7.634253166925605e-06;8.577394423008917e-06;4.487882974822035e-06;7.7570973999741e-06;5.6302483493198e-06;6.4370034596311e-06;9.711938265020682e-06;8.89034744650877e-06;1.541848981600473e-05;1.145047555745563e-05;4.932672559737546e-06;9.628463753352098e-06;9.11060478065798e-06;9.992393959784081e-06;5.216794660773763e-06;8.713672292587138e-06;6.154012093639157e-06;3.240931734924381e-05;3.040807476399078e-05;0.00016803058385887068;0.00010521382109815678;6.341185474948017e-05;1.2532644621058815e-05;9.578783279989115e-07;2.6717993246542958e-05;1.1271589733623473e-05;1.0918118830283757e-06;9.09055633738486e-06;4.6641632653220676e-06
01:19:58;282;8.078593705430524e-06;9.22852448155349e-06;3.5876801885621056e-05;7.061620991712723e-06;9.068701825366464e-06;9.155037120158546e-06;9.66890965127153e-06;7.75679705485159e-06;4.5758966419643086e-06;1.004398454605073e-05;8.292539915027481e-06;9.61025460681371e-06;5.58413411446488e-06;7.032940667011706e-06;9.092304267387487e-06;7.573919510487261e-06;1.053053202794436e-05;1.0356711340413128e-05;1.2156557705232363e-05;9.265711791549965e-06;4.907055976609972e-06;1.1173263863360884e-05;9.73173744085538e-06;1.1363754834700892e-05;6.357582750049776e-06;7.71659137160297e-06;9.608872869072992e-06;3.825911015882099e-05;1.699765232503512e-05;0.00015272761301830592;0.00010147540402359638;5.651143496477583e-05;1.1496710613513353e-05;1.2938626319596086e-06;2.6832020180055753e-05;1.0198552390377514e-05;1.3051862792643496e-06;9.787860239088699e-06;3.6362158026590513e-06
01:20:15;283;1.064565105418131e-05;1.1733065272167124e-05;3.905901883889022e-05;1.5779277484801408e-05;9.95250548188861e-06;1.0046882758791236e-05;1.9671552653800394e-05;2.233347461035671e-05;4.914525802555338e-06;4.200265433079215e-06;1.360303119536287e-05;7.541397901630634e-06;5.8589902267995475e-06;7.427328320375182e-06;6.418577081552195e-06;1.645210038158082e-05;1.1549833743629279e-05;1.1912316523781164e-05;2.1119890288325303e-05;2.3809383077881464e-05;5.205433431404379e-06;4.671723077023406e-06;1.4918475509274905e-05;9.040734508007403e-06;6.806575563903699e-06;8.219247510042586e-06;7.091064761177993e-06;3.241322133839081e-05;1.8590800069799708e-05;0.0002144356752983315;0.00010008066386720179;4.0642531813828924e-05;9.626972252653212e-06;9.752192395503853e-07;2.5365542303080726e-05;1.1143747082321455e-05;1.8470402758462174e-06;9.25992687129398e-06;4.3268856543840675e-06
01:20:32;284;8.156972114647942e-06;9.303909780411934e-06;5.6794098415544335e-05;5.16540505366627e-06;9.553595287637894e-06;8.910414182010259e-06;9.342621331918302e-06;7.179249666028847e-06;4.7665342360790994e-06;1.0213879962412358e-05;1.4298238540468653e-05;8.993024722640671e-06;4.775156716424982e-06;8.364673068296145e-06;6.32086924829361e-06;5.927276031544824e-06;1.131409225642609e-05;1.0576854170330644e-05;1.1376603139714334e-05;8.886631867080954e-06;5.000711941843465e-06;1.1104449256464836e-05;1.5290692386724338e-05;1.0152145886756524e-05;5.560346852678178e-06;9.511074880766167e-06;6.946035003388312e-06;3.764089487404636e-05;2.666749031686124e-05;0.0003193229960898082;0.00018630154223600137;3.9777163748476735e-05;1.1312684415852718e-05;8.831440097181781e-07;3.1944715479351924e-05;1.2376246717910634e-05;1.9600734537504918e-06;9.363178762027724e-06;3.979050882726479e-06
01:20:49;285;9.302879802093726e-06;1.0367954813243816e-05;2.9619048672084797e-05;6.752674929928886e-06;8.466997006063469e-06;1.1360628407947553e-05;1.4105551029269298e-05;5.796382204437123e-06;5.67546076882505e-06;1.2369170078004158e-05;9.655349856529938e-06;7.4893447777991575e-06;5.540324679031983e-06;1.1048211989878547e-05;1.3374458347279663e-05;7.467754216974489e-06;9.995469842084e-06;1.2407500509906168e-05;1.594660834943849e-05;7.376859325113746e-06;6.0216612330839754e-06;1.3357959791323129e-05;1.1264431664073261e-05;9.097826909677263e-06;5.991985134745777e-06;1.1900947333454991e-05;1.3586449883025378e-05;3.3860423641589614e-05;1.946249127021201e-05;8.310615387994385e-05;6.751886689924056e-05;5.20218909971473e-05;4.5146961572599314e-05;1.8885002161520642e-06;2.47761094618408e-05;1.276874460941895e-05;1.7084408760307194e-06;9.703501982056207e-06;3.4664986587861865e-06
01:21:06;286;6.683872817477137e-06;7.828885493755835e-06;3.1358349618204274e-05;8.467291949446318e-06;7.12853235608112e-06;7.488862487228041e-06;8.53345372320291e-06;5.504854064626712e-06;4.677821186243653e-06;4.834861765249085e-06;7.674826126059418e-06;7.444871489393666e-06;5.595607152095929e-06;6.329939638631417e-06;6.5255500448880745e-06;9.495851603027911e-06;8.776312249291194e-06;8.719498481108922e-06;1.0587144676915332e-05;6.960983294252228e-06;5.002213149193175e-06;5.311978651938077e-06;9.123335478796412e-06;8.93483182821162e-06;6.508761952652174e-06;7.202228516689502e-06;7.323483484320098e-06;3.036441592928773e-05;2.792096287611482e-05;0.00011432056831740231;9.112820630831173e-05;4.63418850159036e-05;1.2140377314418315e-05;1.2022935910392287e-06;2.6123555661082258e-05;1.149223017774679e-05;2.0398951555218215e-06;8.850103314750518e-06;4.375701756872156e-06
01:21:23;287;5.9679003085606874e-06;7.162642667694106e-06;4.060560345953102e-05;6.344896882801911e-06;6.382743509967461e-06;8.185000330032919e-06;9.297067195616778e-06;6.527406954342558e-06;4.238491014647976e-06;3.3676831024045195e-06;8.374827193594312e-06;6.50094983453445e-06;3.844315423732909e-06;4.56766769765047e-06;3.983752842758164e-06;7.129457065309884e-06;8.020255779539887e-06;9.833119500261183e-06;1.1658214566235568e-05;7.9195530579915e-06;4.4907453483102485e-06;3.945639813209018e-06;1.00542120383614e-05;8.027718177811638e-06;4.538086490287288e-06;5.511053785407448e-06;4.823654290714929e-06;2.3750452945452746e-05;2.4562038022104738e-05;0.00016604830698159755;0.00015018601002524432;5.67306359684949e-05;1.2460999323935706e-05;9.159507766271251e-07;2.5959271380845117e-05;1.0931872395702142e-05;1.6118229421778811e-06;1.0050425918683078e-05;4.059454833507004e-06
01:21:40;288;6.475840077836313e-06;7.709874900015915e-06;5.7009485042654305e-05;8.6902047662172e-06;1.108510219244801e-05;7.017468492036145e-06;8.372549153534692e-06;5.287161981600135e-06;5.3184338875537795e-06;3.6069421503723023e-06;7.654679820425578e-06;6.3377654394065015e-06;5.466837228725168e-06;4.666682117586292e-06;4.206251882072303e-06;9.540426295252128e-06;1.2998990394960487e-05;8.656031701620226e-06;1.0484560714504841e-05;6.870834953634251e-06;5.636633075114275e-06;4.206356808498629e-06;9.305597388125143e-06;7.981840640183425e-06;6.372267103248719e-06;5.521630495008416e-06;4.943326207985247e-06;2.280192687901059e-05;3.0330128873530126e-05;0.00025091510074306276;0.0002569663482429627;5.2819503793078405e-05;1.741580737269057e-05;1.0458865056148348e-06;2.7041436637387035e-05;9.907708011764505e-06;2.0432303686429173e-06;9.537913493110303e-06;3.2888295909969812e-06
01:21:57;289;5.858617952144001e-06;6.967633343944577e-06;3.6277313231043816e-05;4.9714587326832316e-06;5.726659506034469e-06;7.700716108419412e-06;7.544501642087198e-06;4.5647458916613974e-06;3.961234994808262e-06;4.189239585692596e-06;6.849786588118563e-06;6.418014887866651e-06;7.856180179611659e-06;6.135787921382726e-06;4.385087635873995e-06;5.5394665236511895e-06;7.251926277442894e-06;8.899409024281017e-06;9.656460366110153e-06;5.951825570160578e-06;4.410402506080204e-06;4.837765167210335e-06;8.455608800616148e-06;7.920656571513973e-06;8.580404575028136e-06;7.042726769835594e-06;5.064946349251196e-06;2.4327600205938135e-05;1.83137412331617e-05;0.00012735358441812487;0.00014906116630879153;5.1627202858243453e-05;1.3067705012541636e-05;1.90061963751224e-06;2.542727154602472e-05;1.0003648071083208e-05;1.5700112329069663e-06;9.137718964980428e-06;3.5374892832170516e-06
01:22:14;290;6.7118807410534744e-06;7.82502434912537e-06;2.7287826313391366e-05;6.51903328829917e-06;5.764908752067558e-06;9.757908440700579e-06;7.921308378849352e-06;6.5429747806433625e-06;5.443058099594757e-06;2.8646685059641186e-06;7.4859964039381506e-06;1.2200231469447234e-05;5.306188428926879e-06;5.522546387546547e-06;5.213744145102985e-06;7.2704138237665425e-06;7.311572920150843e-06;1.0887248254796678e-05;1.0127096646999545e-05;8.195446951826334e-06;5.7715287162357565e-06;3.5570452106369458e-06;9.030270028901374e-06;1.3337035685668248e-05;5.975660680541054e-06;6.487794962595217e-06;5.9491754868010695e-06;2.8155184192362697e-05;2.2864241116897458e-05;8.220478140879299e-05;8.288512858614639e-05;4.138691308978029e-05;1.638014951560153e-05;1.1215349321999185e-06;2.7212970777892355e-05;1.0086949150477247e-05;1.5341385949774443e-06;9.681877040507423e-06;3.940047355060631e-06
01:22:31;291;6.544442014573675e-06;7.612997832657589e-06;2.6704732757514504e-05;4.8602880168986795e-06;1.0764934187208878e-05;1.1553012415338964e-05;7.956259184735162e-06;5.804929410854501e-06;3.913719933347114e-06;3.1066490797245065e-06;7.292948310386939e-06;6.9889999045487494e-06;7.041226370125225e-06;5.3016378965315365e-06;3.948697492135849e-06;5.539674795059748e-06;1.2319634071347905e-05;1.2521218391329852e-05;9.98132090784036e-06;7.3103795163165796e-06;4.279901943420233e-06;3.7591515805777104e-06;8.83159786490414e-06;8.22941805542737e-06;7.69010828178902e-06;6.2768244558206285e-06;4.616741903249286e-06;2.692747588441624e-05;1.7295648038730435e-05;7.979656156120706e-05;8.1587034439344e-05;5.1083623274427334e-05;1.2320941025508394e-05;1.08824382082527e-06;2.617470498202652e-05;9.40417098178371e-06;2.2540301192863755e-06;9.164002157166446e-06;3.360356805452346e-06
01:22:48;292;5.1209860181054205e-06;6.274422854472459e-06;3.6746850360920565e-05;4.080562557104176e-06;6.300629122273966e-06;5.876252785697034e-06;7.448191633391781e-06;4.2902091744229605e-06;3.8588104877910405e-06;3.1054049403874986e-06;6.555075982946206e-06;6.535929421276747e-06;3.544126426517509e-06;6.2435318151895816e-06;3.613106012197291e-06;4.808260361837883e-06;7.848370986019152e-06;7.457674241144375e-06;9.698684452008751e-06;5.690292803454305e-06;4.248549968699219e-06;3.630591124097527e-06;7.983718326533009e-06;8.06371458508428e-06;4.280112410855555e-06;7.31113138925461e-06;4.271972223169898e-06;3.3049116894377e-05;1.6387237015249614e-05;0.00015504361100840045;0.00011864890390301679;5.2388201367416896e-05;1.1645037601315797e-05;1.0168364532200902e-06;2.7569813484325068e-05;1.000032324169481e-05;1.8631896720568095e-06;9.71397159003135e-06;3.635962099942203e-06
01:23:05;293;5.026318664068764e-06;6.170623461762664e-06;3.1154372967472465e-05;4.822262738457539e-06;5.331243879489668e-06;6.107648388174105e-06;7.124537606015028e-06;4.4884670309386365e-06;4.7580584082011645e-06;2.710955502910844e-06;6.565902863025547e-06;6.1397243106982424e-06;4.102841351993902e-06;4.414671188612829e-06;3.749508915069038e-06;5.597065896663595e-06;7.005023085587743e-06;7.5949503263496185e-06;9.093599486202695e-06;5.879050159888674e-06;5.085879368529783e-06;3.289152774886122e-06;8.13496662770756e-06;7.58841799002375e-06;4.880965543864626e-06;5.394663474684812e-06;4.503745297174474e-06;2.960018401597743e-05;2.319202023818014e-05;9.768561897315773e-05;0.00010087976290406531;5.57501281205118e-05;1.5959808440016307e-05;1.5192058054867786e-06;2.5168208668800718e-05;9.421030981753399e-06;1.583148348431602e-06;9.364823510925451e-06;3.728535602363019e-06
01:23:22;294;5.116845917479457e-06;6.2848905340788295e-06;3.618138967399913e-05;5.456174429435185e-06;5.30175886481743e-06;5.9165704235717635e-06;7.098586383268536e-06;4.62066537823799e-06;4.128495190643249e-06;3.408435317098224e-06;6.498438487121596e-06;6.5853693478536775e-06;5.03663106760593e-06;3.945718224878709e-06;3.405306099970382e-06;6.136380796283159e-06;6.947367159849404e-06;7.34208691638638e-06;9.261776445391316e-06;6.10309209288879e-06;4.572990614570135e-06;3.947204671516651e-06;8.112822250708793e-06;8.232431401332097e-06;5.627535796796835e-06;4.925288950761558e-06;4.209707499227724e-06;2.8093557199680476e-05;1.9012350443236415e-05;0.000146696860433134;0.00012014239435700452;5.589017564049477e-05;1.3738499758007561e-05;1.3808958085179151e-06;2.5212164798007734e-05;9.636973091203169e-06;1.7841412240692786e-06;9.467959009747824e-06;3.1207043248857488e-06
01:23:39;295;4.71894944486063e-06;5.863116809991822e-06;3.650090801547957e-05;3.975024042933807e-06;6.324038486256582e-06;6.0422521341055555e-06;7.03122697681186e-06;4.043746224172392e-06;3.619795265631286e-06;2.6420326447022675e-06;5.852348991843635e-06;5.383937483636394e-06;4.226405923578692e-06;4.08668033005907e-06;3.3999029040191173e-06;4.6984644892359896e-06;7.887502053125889e-06;7.549219700897222e-06;9.202615452707079e-06;5.514886283832956e-06;3.983240906598416e-06;3.252644640131713e-06;7.485140618491296e-06;6.864434399061263e-06;4.802839675558292e-06;5.007266960852069e-06;4.109144690199726e-06;3.1952827833714497e-05;1.740720238372278e-05;0.00014701709490900274;0.00012182949282940191;5.561315636010833e-05;1.334203019390359e-05;1.1418400640003222e-06;2.5762898435701027e-05;1.0007352598402957e-05;1.5946255091716928e-06;9.084373187069083e-06;3.2580018815559496e-06
01:23:56;296;4.7026654137673836e-06;5.869053317918413e-06;3.0970656881230674e-05;3.751180475898185e-06;5.305078101904635e-06;6.171897996797394e-06;6.852493141645317e-06;4.141774118176562e-06;4.9188254872040655e-06;2.67545109509306e-06;5.906490479258185e-06;5.509474897151407e-06;3.6457574770826735e-06;4.222795310356147e-06;3.330764593750308e-06;4.45807583524077e-06;6.900453822881785e-06;7.746093045550626e-06;8.992726386939559e-06;5.5754173698443095e-06;5.271565591608089e-06;3.2582303248678334e-06;7.500813267200366e-06;7.105006284579263e-06;4.36553289293005e-06;5.172200667690463e-06;4.082523024765037e-06;3.0499606620285814e-05;1.858291792591217e-05;0.00010993374662082191;9.024498344979069e-05;5.470841808994607e-05;1.6783432802098934e-05;8.957565161696926e-07;2.6028254434874386e-05;9.875457238997828e-06;1.5130314115849615e-06;9.085421651029517e-06;3.4968558132560365e-06
01:24:13;297;4.575902418353777e-06;5.719183925837662e-06;3.395175229967246e-05;3.87894477540194e-06;5.222557635161965e-06;5.586843132928979e-06;6.9561008421653074e-06;4.065083433666607e-06;4.1072261738732285e-06;3.1556645679583797e-06;6.098944835870994e-06;5.4680598098725985e-06;3.124856904305902e-06;3.81591688929978e-06;3.430628222389487e-06;4.533205330079898e-06;6.755312905268143e-06;7.09823089442879e-06;8.96176288733841e-06;5.492770377472132e-06;4.463796746872676e-06;3.7728442017580647e-06;7.747315204959463e-06;7.028359807262387e-06;3.83305954056607e-06;4.786503944770526e-06;4.157043575485405e-06;3.0240510700287163e-05;1.9536282178820475e-05;0.0001308491692725593;0.00010881229496608967;5.4007638383475923e-05;1.3518484774235238e-05;1.0799342627819912e-06;2.550380235246246e-05;9.746148623395713e-06;1.4457928308061734e-06;9.249903731362144e-06;3.431065519793394e-06
01:24:30;298;4.486260795421128e-06;5.66699844955421e-06;3.633190619765073e-05;4.0640887448908165e-06;5.136562883478746e-06;5.5496580344538415e-06;6.621145046378532e-06;3.925457254441963e-06;3.7447740039391935e-06;2.6583696879356467e-06;5.780393056976539e-06;5.476172772295678e-06;3.5011154575089036e-06;3.97265029761229e-06;3.404740499878368e-06;4.770215274577281e-06;6.724691531094841e-06;7.13686971191893e-06;8.8445536111746e-06;5.380653330483923e-06;4.184708791111502e-06;3.244152331210933e-06;7.437401034368594e-06;7.002794509850291e-06;4.202443624077965e-06;4.95563098630106e-06;4.119864815026942e-06;2.9937158117376534e-05;2.089732713475662e-05;0.00014158454589674623;0.00012317639612000235;5.450147474618396e-05;1.5087316613513886e-05;1.0816800041050404e-06;2.5655888879188754e-05;9.743362588286256e-06;1.6300452874925631e-06;9.306080025100149e-06;3.3815989590565027e-06
01:24:47;299;4.42856642056778e-06;5.587491418564356e-06;3.49660213405677e-05;3.7610808392555968e-06;5.083725144123202e-06;5.547628289354572e-06;6.656221572143295e-06;4.166347807522573e-06;3.7275810708014103e-06;2.6289604353670692e-06;5.705603747685473e-06;5.340070391536177e-06;3.397746743031989e-06;3.879858316160132e-06;3.2479709433501243e-06;4.483137333029189e-06;6.608736891359536e-06;7.0929311018689876e-06;8.760646191540563e-06;5.536991624513242e-06;4.072096731484819e-06;3.260178687014559e-06;7.325740142145542e-06;6.900861449197047e-06;4.092699794144417e-06;4.918904916756887e-06;3.996970002545719e-06;3.04888444455076e-05;2.2247791749973633e-05;0.00013949978263957182;0.00011008962381455349;5.360587998619549e-05;1.2455854664654871e-05;1.1031105570368927e-06;2.578177762865497e-05;1.0041883305203943e-05;1.4782749074557347e-06;9.20084361286235e-06;3.598588775141579e-06
01:25:04;300;4.408802263226748e-06;5.571105311555815e-06;3.288984317313857e-05;3.6754663051267884e-06;4.999028827900144e-06;5.547320829761433e-06;6.599860095687663e-06;4.034936972500831e-06;3.67269552402728e-06;2.5101465508179577e-06;5.67193733176778e-06;5.595982812487612e-06;3.4331484556237126e-06;3.926909940009761e-06;3.2381916832817255e-06;4.450589056179087e-06;6.598955506093791e-06;7.054553470534532e-06;8.721300362802001e-06;5.389267882975806e-06;4.049446436545599e-06;3.1164843279194557e-06;7.306398568784338e-06;7.127912717402944e-06;4.133448711296365e-06;4.92098970023073e-06;3.983915776131388e-06;3.042805466835725e-05;2.063767044588768e-05;0.0001231064434590779;0.00010089070792505865;5.5787632202589026e-05;1.2917740711238547e-05;1.0730642930493574e-06;2.5625036391958514e-05;9.819443902917952e-06;1.5502139594151043e-06;9.329088456630655e-06;3.51302166148223e-06
01:25:21;301;1.0707882105200703e-05;1.1751430376327473e-05;3.654835240469407e-05;1.100674672665553e-05;1.146839788646048e-05;1.3380534596763027e-05;1.1042998389014388e-05;1.0976886776022225e-05;1.1870502793892063e-05;9.359511434002922e-06;8.854075303397416e-06;1.0294216855429154e-05;5.644843581171182e-06;1.3879496006810852e-05;1.0716371447601473e-05;1.1685624134701403e-05;1.2842964449041976e-05;1.4623478847757333e-05;1.3078675663886706e-05;1.216458221152388e-05;1.1866915331124858e-05;9.831572895886375e-06;1.034862629516099e-05;1.1620639788470956e-05;6.365075340091849e-06;1.4949004523685612e-05;1.1640002550756193e-05;2.363953320713853e-05;1.3332233851161619e-05;0.00014495644775560339;0.00011803527187310181;5.87193475812086e-05;2.7749692116346068e-05;1.1486956119113443e-06;2.6329396855218882e-05;9.571853134149148e-06;2.341025539016587e-06;1.0006292615533706e-05;2.750438715939246e-06
01:25:38;302;1.0476285675570745e-05;1.1580060564034583e-05;2.8735519567637014e-05;7.2583931915398186e-06;7.060199144668579e-06;8.614433813069024e-06;1.1869663574450648e-05;9.25456740800841e-06;7.278366837549687e-06;8.361379331941778e-06;1.4422108124149831e-05;1.3910296404033447e-05;1.3665640611357979e-05;1.4784947778552619e-05;9.235428410389348e-06;8.126859380423365e-06;8.510027587190167e-06;1.0100340308712521e-05;1.4273817755508124e-05;1.0048434188331757e-05;7.189374783489326e-06;9.25510773954499e-06;1.568988472736467e-05;1.541021456547771e-05;1.4950639006546904e-05;1.60754588929954e-05;9.33056306949547e-06;4.198655036565285e-05;1.7612959453080953e-05;8.629157105125217e-05;5.214819084218695e-05;5.466996024642377e-05;2.751454370387774e-05;8.32730137923502e-07;3.7953876484889896e-05;1.0685172079934105e-05;2.778711421161065e-06;8.959138219480673e-06;3.3928308057805288e-06
01:25:55;303;1.0613651272447813e-05;1.171957694767323e-05;2.6102354371308e-05;1.4059847378627472e-05;1.1939070858411263e-05;1.1579649853129839e-05;1.1885935531484971e-05;9.965401990153953e-06;6.402744808362761e-06;6.435198568769093e-06;9.907835559178322e-06;9.537721229368014e-06;6.49913002897568e-06;2.2944544344806094e-05;6.2067321709688175e-06;1.454772896816198e-05;1.3625697538142809e-05;1.2991920000417792e-05;1.4173285066296753e-05;1.1409383786704445e-05;6.576169802935476e-06;7.06775299592284e-06;1.1357741768043076e-05;1.0815406825068876e-05;7.184464128023379e-06;2.4065300323532547e-05;6.8200678343382145e-06;3.928847502033965e-05;1.800865518978047e-05;8.266599504664397e-05;3.684076702517853e-05;6.017602855625225e-05;2.005647226066463e-05;1.4121687003335084e-06;2.5387089873605658e-05;1.1398517662653574e-05;2.05408057917491e-06;1.232707848512487e-05;3.612924055943983e-06
01:26:12;304;1.0380023093665097e-05;1.1506048556125452e-05;3.9109457705852644e-05;7.274123240883703e-06;1.2744499585437552e-05;1.3595676131088071e-05;1.0618116854614486e-05;6.8479751143193175e-06;6.962136441821733e-06;6.144048617267634e-06;7.799064803102532e-06;1.0662434580669098e-05;4.4843423965672135e-06;1.0252790586145528e-05;2.7175065202878944e-05;8.044115895268366e-06;1.4260334715293573e-05;1.4778759405204784e-05;1.3189067937639288e-05;8.365740092203044e-06;7.135465359998664e-06;6.506300980871384e-06;9.295923104494975e-06;1.2144422127468854e-05;5.1016116438266275e-06;1.1413695332682632e-05;2.7837142751414383e-05;4.874898122212096e-05;1.9986356068977188e-05;0.00018425121661495446;9.932925308867632e-05;5.5245559246130725e-05;1.0503354372390659e-05;3.134214542399382e-06;2.578547206478013e-05;9.489234535740962e-06;9.368476190620249e-07;7.70652229982559e-06;4.196480795173309e-06
01:26:29;305;9.10922393095668e-06;1.005562915198897e-05;2.6343005004824475e-05;6.730903254557254e-06;9.31602592466809e-06;1.6139119217293477e-05;1.1366582498985942e-05;6.9763669950423885e-06;5.0368888169833266e-06;1.2469809030206266e-05;7.764541530780827e-06;1.3681061335288094e-05;5.529290100205551e-06;5.789447801486279e-06;8.510647263774858e-06;7.382401886561523e-06;1.0751755872903071e-05;1.7007631948770353e-05;1.348907824626334e-05;8.147206722529933e-06;5.417210812521273e-06;1.2804163396117186e-05;9.085635812442877e-06;1.511417847239822e-05;5.970809124961836e-06;6.657188609833726e-06;8.840284943842193e-06;3.433191720987647e-05;1.0002953272434704e-05;9.329984669478547e-05;4.973304319425351e-05;5.0195072635861806e-05;2.6894841624694596e-05;7.788945374552794e-07;2.5760234252960194e-05;8.641022380314033e-06;2.8921173542592576e-06;9.721556239954557e-06;3.864560661043746e-06
01:26:46;306;8.65002383676483e-06;9.695364122860696e-06;2.7019578452013065e-05;5.98097263448949e-06;9.99773019378319e-06;8.859516049271447e-06;1.2787834154824974e-05;7.122581369145564e-06;8.086856771621404e-06;9.998738724254446e-06;1.188826050870582e-05;1.0425567475506755e-05;5.598131091617957e-06;6.011460964249306e-06;7.042632564235873e-06;6.6892778796742115e-06;1.1759845884752614e-05;1.0447423254028095e-05;1.4257500476525842e-05;8.221989134331643e-06;8.246670214374937e-06;1.0461726100102975e-05;1.3626874205547671e-05;1.1689673441121815e-05;6.12016422944836e-06;7.047195134574291e-06;7.776026125070587e-06;2.774430091777591e-05;2.2632157852313993e-05;7.662008840276029e-05;7.391708238635004e-05;6.0191727218677685e-05;1.2316565204585529e-05;1.7641940163859415e-06;2.6434191773892696e-05;9.43167265653176e-06;1.783016678631753e-06;8.43653979079117e-06;2.9634045254600554e-06
01:27:03;307;7.438039052555144e-06;8.66394727577417e-06;5.282612202870432e-05;6.756633293101479e-06;9.161367931912165e-06;7.922843403724238e-06;1.2108822535853134e-05;6.0368237700846415e-06;4.565251463488225e-06;4.3201712466805535e-06;8.959921489354821e-06;8.286388946161919e-06;6.82778464845445e-06;9.208317382946131e-06;5.1021398803641205e-06;7.510059029162313e-06;1.0718717234501323e-05;9.344920502521343e-06;1.4848018871574983e-05;7.410373147154765e-06;4.965029592301418e-06;4.876860306398203e-06;1.0643335550596504e-05;9.999070301356496e-06;7.80756793954171e-06;1.0116474433882012e-05;5.726936421259653e-06;2.0818072045482196e-05;3.225554399923045e-05;0.00023618704926283273;0.00023176055336427236;4.253165240729222e-05;1.6283686660697554e-05;1.7876224866358273e-06;2.7617700375408815e-05;8.93992198362195e-06;2.234421884551055e-06;1.0251007868700919e-05;3.2462320057256365e-06
01:27:20;308;1.2656663422851786e-05;1.3525758800778355e-05;2.6398412734155572e-05;5.578014550296344e-06;1.7722222808784366e-05;2.8634296668883508e-05;9.512501724822704e-06;1.2521281452651776e-05;7.090613289245146e-06;5.508529682174412e-06;9.288259948644653e-06;1.9508529011215035e-05;1.5918212684792625e-05;7.2914963318091646e-06;1.3305998835603946e-05;6.08404277241052e-06;1.909606173653686e-05;2.861904179357962e-05;1.1985159756166674e-05;1.383229199389093e-05;7.250030844434035e-06;5.919900730342432e-06;1.0929280005591035e-05;2.0945097667554135e-05;1.62294955552619e-05;8.050743918495674e-06;1.336795400986168e-05;2.9254622569028057e-05;1.1862308643518865e-05;9.381727673063567e-05;5.043083124945784e-05;5.27146820622317e-05;2.6444562016325964e-05;1.019039759283244e-06;2.9164448919459597e-05;7.737989523588308e-06;2.5485058028685276e-06;8.66785587300798e-06;3.118829660461152e-06
01:27:37;309;9.265893082628777e-06;1.0350529516437768e-05;3.7872403037787375e-05;1.4558185831312834e-05;1.3970271747997355e-05;1.0574952841321563e-05;8.351564701378969e-06;7.927129476311992e-06;8.206555853136747e-06;4.054530570517624e-06;1.2063187838862177e-05;8.145574337380491e-06;6.5722777436085584e-06;1.1558068564454516e-05;5.208413810787636e-06;1.5419917170082137e-05;1.5482448839353724e-05;1.2065466371150481e-05;1.0394115685778183e-05;9.008594860507067e-06;8.270681006896539e-06;4.828346083188448e-06;1.3419263717579166e-05;9.575491662008638e-06;7.388391781251478e-06;1.2304415035999493e-05;6.049218813178079e-06;2.541359367592661e-05;3.195009289786664e-05;0.0001496831056268991;0.00011990570708591086;5.735282724112728e-05;1.3661615040877616e-05;1.2335190572952932e-06;2.8552295746911573e-05;9.7221939474165e-06;2.82252718238092e-06;1.022555868956173e-05;3.945800261274209e-06
01:27:54;310;7.162499335451726e-06;8.231984666744659e-06;2.9453773696419327e-05;5.425595953441458e-06;9.831576799709554e-06;1.057394938251057e-05;1.096698589267672e-05;5.4635565941329e-06;6.035284561404937e-06;4.124450217155775e-06;1.073724858196618e-05;6.6918110939375515e-06;5.465058751238675e-06;5.865805126474428e-06;4.768667056060332e-06;6.2180034903945e-06;1.1387246161840394e-05;1.1810260298549525e-05;1.3004880777690588e-05;6.725796319636784e-06;6.4268835667692805e-06;4.5976282475334574e-06;1.2278724590965172e-05;8.173854428006755e-06;6.117989426146076e-06;6.717746151779569e-06;5.324798746785953e-06;2.405163828835127e-05;2.2232644864275812e-05;9.461558603348698e-05;8.23918694513238e-05;6.0408056905427177e-05;1.6790019177640518e-05;8.675236819256137e-07;2.5754381200160377e-05;1.1054674129790013e-05;2.2362820746897547e-06;9.918453797405707e-06;3.1241547525548577e-06
01:28:11;311;8.886977759914316e-06;9.960361049833629e-06;4.0533937752951734e-05;1.7390560064970114e-05;8.844948926490691e-06;9.704892291169513e-06;9.913738970433108e-06;9.767429690751586e-06;8.276485687019886e-06;8.449304121168924e-06;8.092279922519454e-06;7.799939620735007e-06;4.211435565857548e-06;7.782208340694813e-06;6.410506353143381e-06;1.7771471471238742e-05;1.0484781376339637e-05;1.1008971105644676e-05;1.1971862281652762e-05;1.1049917659449097e-05;8.434294585053458e-06;9.256783679247056e-06;9.54169453380709e-06;9.052419287238795e-06;4.892247575241262e-06;8.75903127432795e-06;7.300854968325208e-06;4.1893032645543915e-05;1.7023864495818125e-05;0.0001579764165247357;0.00013750395416161346;5.9034790239416274e-05;2.321578318881024e-05;9.509736182168101e-07;2.6519319869259062e-05;8.731073162663848e-06;1.1679185895619005e-06;8.44151603913123e-06;3.9486105006501555e-06
01:28:28;312;1.0765723746172542e-05;1.1967196815597082e-05;3.64330771970365e-05;1.706648188653565e-05;1.3153187290206667e-05;7.512096791567108e-06;1.043550898768589e-05;1.1710715374394196e-05;1.8211412019943715e-05;5.310873245663443e-06;1.1010658772130972e-05;7.253142557834218e-06;1.6877840969507154e-05;5.59570483008284e-06;5.051058660463716e-06;1.7719864076695294e-05;1.510689481286055e-05;9.006224502892237e-06;1.2754648576193649e-05;1.3189479999180296e-05;1.8139466721803258e-05;5.979123765819513e-06;1.2790711008176603e-05;8.89236800411467e-06;1.7903270752038778e-05;6.50749948766168e-06;5.616808378743118e-06;4.5188927864201794e-05;3.139832927350457e-05;9.658157929295448e-05;9.762552309257152e-05;6.794242125088873e-05;4.512045708669164e-05;7.564229318041048e-07;2.7627921588651907e-05;9.911836662951497e-06;2.417510313107105e-06;9.578653045019066e-06;3.0473439620915457e-06
01:28:45;313;6.666260029481402e-06;7.74461577287794e-06;3.94957765248332e-05;7.742115984916092e-06;8.2957205058485e-06;7.369127883097545e-06;7.941139077548666e-06;6.864319607431795e-06;7.896262429534834e-06;4.832538924662541e-06;7.3579949147725445e-06;6.944458201535946e-06;3.7569077006532385e-06;6.348121199615455e-06;4.646411980502307e-06;8.252612634017087e-06;9.860935808572759e-06;8.72810221464326e-06;1.0071016783478648e-05;7.990007160043217e-06;7.966133983280065e-06;5.588469657826103e-06;8.936469500060664e-06;8.332382615467222e-06;4.389673202102223e-06;7.39605335598477e-06;5.4235295701340575e-06;3.1804908048606206e-05;2.050254095722021e-05;0.00014099792663161128;0.00013722314946516226;6.516131456167343e-05;2.7452576338770685e-05;7.931749959847759e-07;2.634213957623382e-05;9.200640373641006e-06;1.566733604517406e-06;9.72388414178696e-06;3.180329602790303e-06
01:29:02;314;6.837812976682884e-06;7.967955977469903e-06;2.1801269401317433e-05;6.699792960579936e-06;9.030923698234842e-06;8.88099204843229e-06;7.6532507038833e-06;5.119048778887893e-06;5.657538528486777e-06;3.1533967508323713e-06;6.885485709837915e-06;7.022446580765259e-06;4.893683029068412e-06;1.2960328098963394e-05;4.096867022276094e-06;7.213286849785422e-06;1.0469777430731898e-05;1.0111562022745912e-05;9.843949884052102e-06;6.512472993240926e-06;6.055736914184976e-06;3.816758977866156e-06;8.53608721799786e-06;8.415111948769536e-06;5.453495164089608e-06;1.4315784016927658e-05;4.871445560615651e-06;3.1594566303859115e-05;1.9791610263854323e-05;4.5071738757658796e-05;4.7963319618211456e-05;4.743448757924176e-05;1.5646786280410127e-05;1.0625958622552742e-06;2.677381349046177e-05;1.0630194381967884e-05;2.0200794043937477e-06;1.0110317988623095e-05;3.5157228848719193e-06
01:29:19;315;7.422462680040098e-06;8.603152292391914e-06;3.597255027857294e-05;4.745686223308419e-06;6.624955838222232e-06;9.530521553684098e-06;7.922432084099414e-06;6.436173158874681e-06;5.1315006230497185e-06;6.9601625434436505e-06;7.012395389693893e-06;6.611510924030157e-06;5.27991055192119e-06;5.724339337896047e-06;1.708996152222591e-05;5.48645622777396e-06;8.286766727376491e-06;1.1237627185886296e-05;1.0050933845296996e-05;7.857993615530926e-06;5.466643170632468e-06;7.843241951089607e-06;8.610481933218683e-06;7.864092689879162e-06;5.937381804213583e-06;6.645357715673457e-06;1.7950845844258963e-05;3.526299257871185e-05;1.8822259851471616e-05;0.00017288460058494996;0.00010368073931661937;4.1557013118085105e-05;8.976970729357975e-06;8.565760368065338e-07;2.559247615107406e-05;9.326730111301219e-06;1.3794153087856353e-06;9.321910924967446e-06;4.008918630744571e-06
01:29:36;316;5.9666334211979946e-06;7.167495293944302e-06;2.8814150004733138e-05;5.498919297120995e-06;5.782395294059742e-06;6.3803642786100765e-06;8.082040943561838e-06;7.1682363149896196e-06;5.21693032175883e-06;3.710213098851899e-06;6.721307799298612e-06;7.477384830100288e-06;5.762886626570207e-06;4.596169380280654e-06;5.202750908559685e-06;5.966659952569392e-06;7.4332811960584305e-06;8.010385050810431e-06;1.0183655526413496e-05;8.803520764743127e-06;5.713188035965859e-06;4.338427855525625e-06;8.351365724155574e-06;9.013798400609389e-06;6.478066068988874e-06;5.616465717979782e-06;6.101127379984467e-06;2.847940774730526e-05;1.8277404930915196e-05;9.148699896163472e-05;8.127942324597195e-05;5.6099525838717044e-05;1.9835265112422282e-05;9.424054371693452e-07;2.4114616716421773e-05;8.765570814788667e-06;2.544879040057223e-06;1.0202192269672551e-05;3.7421099417216192e-06
01:29:53;317;5.85857075208196e-06;6.929457660727984e-06;2.5848721381950703e-05;8.794614751521253e-06;6.456319488731569e-06;6.2875215899215284e-06;8.495412756301137e-06;4.474360278485599e-06;4.128157979979815e-06;3.350326425177741e-06;6.370598406781689e-06;5.900804517657641e-06;4.537024075868988e-06;5.539904651382957e-06;5.967802247526648e-06;9.489764521921516e-06;7.951416401864882e-06;7.800806283912492e-06;1.0417061281558848e-05;5.717990700448561e-06;4.476857113815318e-06;3.910753787439015e-06;7.939485989988463e-06;7.344712167086751e-06;5.084044555069685e-06;6.344378573574639e-06;6.676218082604832e-06;3.412817615128943e-05;2.2119320582609673e-05;8.554184499962135e-05;5.7349497013926694e-05;5.2098014502904054e-05;1.213525693433154e-05;7.758686655752399e-07;2.3860325552641545e-05;9.2508070377756e-06;8.887361023860346e-07;9.018598009221875e-06;3.0182110311255172e-06
01:30:10;318;5.67901804709498e-06;6.874645471645083e-06;4.926676162335593e-05;4.12818233027937e-06;5.706107191436806e-06;7.318369258965421e-06;8.257559542812487e-06;4.848340751095748e-06;4.872964319895862e-06;3.0018920336968593e-06;5.8773927152215455e-06;6.686357615460668e-06;6.44895831120545e-06;6.534488914088467e-06;4.467601723234793e-06;4.8567871913349605e-06;7.340673544350938e-06;9.015301956527696e-06;1.0502956816316892e-05;6.313917215784041e-06;5.289945748481381e-06;3.631625564951178e-06;7.577109735842596e-06;8.194447857505697e-06;7.1838089982670275e-06;7.53750832182395e-06;5.051661538587562e-06;3.877671502280284e-05;2.4129215817873205e-05;0.00022125814726062487;0.00017935755065312618;5.028428595977458e-05;2.5003044723958143e-05;1.4956998089846104e-06;2.7061950479920726e-05;1.0483813808072396e-05;1.2832730704344953e-06;8.914618490525486e-06;3.152824384173597e-06
01:30:28;319;4.811480009565954e-06;5.992668481863065e-06;3.100940038836032e-05;4.1613971891830594e-06;5.636265481647549e-06;5.8259204364994526e-06;6.644224535405514e-06;4.665014016131346e-06;4.980001848312296e-06;2.8395620536126773e-06;6.234580843185582e-06;6.031889367945227e-06;3.3074919178426914e-06;3.980394259689939e-06;3.431016213604401e-06;4.907573053129408e-06;7.415318802336918e-06;7.344291335829428e-06;8.7021739712822e-06;6.238219505495538e-06;5.3258969688337135e-06;3.4013032860986893e-06;7.941534770711596e-06;7.594912265723238e-06;3.925574691481726e-06;4.857498954405383e-06;4.2577221191532784e-06;2.7034930095224043e-05;1.9379131565443807e-05;0.00011905728249684092;8.874773804124461e-05;5.975538453783622e-05;1.0660385801617913e-05;1.0281110797047426e-06;2.475802858871322e-05;8.381878099313227e-06;1.4517212900163915e-06;9.04707081200006e-06;2.81114225236875e-06
01:30:44;320;5.198976343737368e-06;6.337065061888086e-06;2.90250108699377e-05;3.7819260234202416e-06;5.927704827839038e-06;6.207702984862738e-06;8.053766008360567e-06;5.6007349097083905e-06;4.532982866320171e-06;3.247886421869401e-06;6.426880996199006e-06;6.0088020936306785e-06;5.395459707942378e-06;3.941677348639029e-06;3.2621902843678963e-06;4.456664621816172e-06;7.563390848685507e-06;7.69011040586209e-06;1.0196771585515883e-05;6.7254356387901326e-06;4.893852171415899e-06;3.7813734085335177e-06;8.073167147721264e-06;7.535070257221424e-06;6.181378006359306e-06;4.948108610307505e-06;3.9994562559767e-06;2.7954696854912157e-05;2.6987761472177618e-05;8.45879267810967e-05;7.83062057010453e-05;5.9473529933521366e-05;2.0491308760751894e-05;1.0100525308811724e-06;2.695997227941743e-05;8.58459905771963e-06;2.1309624182305372e-06;8.642031603083804e-06;3.1710830464147896e-06
01:31:02;321;4.856019813168834e-06;5.962303516120116e-06;3.217612479053008e-05;4.834323018666385e-06;5.197105975634548e-06;6.493246416025303e-06;7.234974596638143e-06;4.317468257333055e-06;3.7959493000207867e-06;2.5711608552954472e-06;6.255450056936628e-06;5.341412706562985e-06;2.9895431403949924e-06;4.528501995211669e-06;4.71309957267801e-06;5.55105671255545e-06;6.756962561724587e-06;7.897142259486217e-06;9.36310216505412e-06;5.533299346569936e-06;4.180205413704934e-06;3.0944054935412455e-06;7.939010450897939e-06;6.8572697653254655e-06;3.6638776070008766e-06;5.446790409442207e-06;5.264517873991833e-06;3.373526018019425e-05;2.292452397805002e-05;0.00013553189390583828;8.372264518166484e-05;5.033900620449971e-05;9.073032025580361e-06;1.3005421158385311e-06;2.6603782399862623e-05;9.490964397813585e-06;1.1100379715451254e-06;8.994319626822436e-06;3.2874894986512507e-06
01:31:19;322;5.083777943907948e-06;6.2261112902830704e-06;2.624437808006548e-05;3.704364021992681e-06;5.7633908441671755e-06;6.698969864645092e-06;8.853696333491454e-06;4.508801205686681e-06;3.487615370480832e-06;3.8703360770013395e-06;6.217922066685912e-06;6.312669783105982e-06;4.138715599889441e-06;3.7819577930778534e-06;3.6668943559964813e-06;4.434586180305135e-06;7.355702408962246e-06;8.12221809656542e-06;1.0746775577773186e-05;5.84563154985471e-06;3.915947226681665e-06;4.613662026080235e-06;7.925649726208185e-06;7.796747393259938e-06;4.905300171184869e-06;4.731645834839629e-06;4.319466914331557e-06;3.545935739895385e-05;2.4350472637970227e-05;9.43701127322563e-05;5.419044171567861e-05;4.7980312354409385e-05;8.576270485023169e-06;8.224257628614141e-07;2.6662476854366144e-05;9.090903032379767e-06;1.1115281848606234e-06;9.042043219043411e-06;3.2761925829828327e-06
01:31:36;323;4.62932950543146e-06;5.777826682108902e-06;3.815713152340038e-05;3.742085300860832e-06;5.0830949773357626e-06;5.651317397724721e-06;6.239341468534059e-06;4.148182920715726e-06;3.816462096815278e-06;2.4866312461245923e-06;5.790102802711255e-06;5.895452136170124e-06;4.083499831931579e-06;4.9241589708386035e-06;3.691623163604163e-06;4.52411845626672e-06;6.737807601709818e-06;7.017077703932057e-06;8.406801630889841e-06;5.515246879774248e-06;4.230226036443012e-06;3.056839763234212e-06;7.560450728616863e-06;7.27252082366318e-06;4.792246672762683e-06;5.8834198372568595e-06;4.337162518143636e-06;2.76131330137128e-05;2.1246433871714058e-05;0.00016878727327683727;0.0001277998234049827;5.1921863488977925e-05;9.366612601798642e-06;1.3104272622165952e-06;2.7190193780512455e-05;8.953778208207614e-06;1.6376223674355032e-06;8.743291034886888e-06;3.315125969522045e-06
01:31:53;324;4.325932710713687e-06;5.481455894979159e-06;3.114553016966576e-05;4.001189102224729e-06;5.069162050119758e-06;5.3138703551331385e-06;6.378853346301515e-06;3.987429797095129e-06;3.5815971592967344e-06;2.593894078599264e-06;5.5341542506617065e-06;5.0026986067244e-06;2.952978527078058e-06;4.273976640560435e-06;3.2213867235952875e-06;4.670480402177118e-06;6.7133772673411e-06;6.85462758535979e-06;8.41323216712836e-06;5.3636069936411455e-06;3.983164080199447e-06;3.1965692967419217e-06;7.202217205568685e-06;6.628149359257114e-06;3.59227237822779e-06;5.244469626125499e-06;3.915301928678167e-06;3.406924443769557e-05;2.10156252165441e-05;0.00010666623972726697;9.128970226764195e-05;5.456778500130114e-05;1.62087742424167e-05;9.833855426828302e-07;2.584551315285356e-05;9.733017746623662e-06;1.3240526728355142e-06;8.874087044146462e-06;3.1689349839806382e-06
01:32:10;325;4.5735283229284755e-06;5.722805735210466e-06;4.024528310038031e-05;5.412734269844515e-06;5.4632595178299486e-06;5.585087904723775e-06;6.570254440548111e-06;4.075392252192697e-06;3.476011431499418e-06;2.4240979649451075e-06;5.541636687150293e-06;5.0656192233201516e-06;4.32534470850111e-06;3.6130594739089164e-06;3.329840285685877e-06;6.18133342672818e-06;6.972268255583314e-06;7.051922734084471e-06;8.656807532260465e-06;5.389084946463173e-06;3.856940165975704e-06;2.967660319410254e-06;7.23183672527762e-06;6.6168910466964195e-06;5.077083256718986e-06;4.545683044783846e-06;4.12615646048754e-06;2.722592447923821e-05;2.1142185792928407e-05;0.0001811050555119739;0.00014222850390645838;5.090202761085749e-05;1.0200918824018213e-05;1.2124121435907552e-06;2.588171179547207e-05;9.533139830595694e-06;1.378090167051597e-06;9.03558467824408e-06;3.0978424641349744e-06
01:32:27;326;4.29401903739352e-06;5.442381078392839e-06;3.361477055416713e-05;3.8826637310504255e-06;4.834444383887289e-06;5.158065145268025e-06;6.44449666189282e-06;4.033131421721237e-06;3.254767169477449e-06;2.8960932065432003e-06;5.335573298414044e-06;5.121093030686035e-06;3.230822819782537e-06;4.0303761181803566e-06;3.306699551427786e-06;4.559579165403722e-06;6.395817487102733e-06;6.689689817454864e-06;8.576222712633087e-06;5.350215423841522e-06;3.6737390421911165e-06;3.4903167183580956e-06;7.043454849125841e-06;6.607280686728677e-06;3.885438188055698e-06;4.97354628201213e-06;4.063270737304587e-06;2.763066552600703e-05;2.3547120519817504e-05;0.00012825993612049563;0.00010582344002409361;5.6999499580587064e-05;1.1559424495281852e-05;9.84570166544265e-07;2.6018304425098886e-05;8.746986614307842e-06;1.529969240585017e-06;9.162968212624199e-06;3.1143617245627258e-06
01:32:44;327;4.158400208741465e-06;5.339699517990775e-06;3.219108021905349e-05;3.285799932422668e-06;4.714320443032317e-06;5.3522668734212235e-06;5.986133223375005e-06;3.830712210631501e-06;3.2588652316498856e-06;2.466595050876208e-06;5.313373958350874e-06;5.1912621272394555e-06;3.371395574350541e-06;3.611038254676528e-06;3.519037681214017e-06;4.042698480899864e-06;6.379646095675652e-06;6.834392709756282e-06;8.207315164050854e-06;5.186140370663256e-06;3.651178214475962e-06;3.064240723124155e-06;7.006310527144763e-06;6.79433730246147e-06;4.094186081175982e-06;4.558423773267327e-06;4.257523185895226e-06;3.131133307780545e-05;2.128231860325516e-05;0.0001225813125834633;9.592616861722812e-05;5.5089276745725105e-05;1.1523886024963276e-05;9.524866470318014e-07;2.543364186576451e-05;8.776352243824273e-06;1.5045456651929216e-06;8.991083240181508e-06;2.920557314206547e-06
01:33:01;328;4.123860617513938e-06;5.330025689107959e-06;3.729644296936904e-05;3.6707523052696573e-06;4.665962109775344e-06;5.1303955769748715e-06;6.068392191981399e-06;3.581892185199432e-06;3.8365134274313695e-06;2.4184241358617764e-06;5.165995843790163e-06;4.928694211385349e-06;3.493444931153404e-06;3.5462240870678197e-06;2.9796346849247417e-06;4.432307711875735e-06;6.280337033728491e-06;6.6725828956010975e-06;8.274178094612995e-06;5.024130227348341e-06;4.201881950658516e-06;3.0482115150760685e-06;6.973252380657293e-06;6.473831323506325e-06;4.222896479082528e-06;4.5669828552168445e-06;3.789713662028382e-06;3.114326753153075e-05;2.258775724568921e-05;0.00015377981406907655;0.0001261998497848396;5.265293261296678e-05;1.2355840286724663e-05;1.1178165137739177e-06;2.53839107723425e-05;8.873207825517186e-06;1.4159222752960178e-06;9.028992780054889e-06;3.0180039346165716e-06
01:33:18;329;4.046665931799577e-06;5.23599496600697e-06;3.401019097022881e-05;3.529165065559296e-06;4.664853988988295e-06;5.033635419754939e-06;6.009748423190848e-06;3.7488366130973687e-06;3.24358369367546e-06;2.467752462174324e-06;5.26301379657277e-06;4.967661348780956e-06;3.065806320731471e-06;3.5609691182840337e-06;3.0049631838189517e-06;4.219200373202661e-06;6.284506082609576e-06;6.617418438497536e-06;8.175877748634534e-06;5.142959794226689e-06;3.6766239133347753e-06;3.1108142443775284e-06;7.008197826507967e-06;6.521012875066534e-06;3.772952633097921e-06;4.557460816970347e-06;3.744913089887425e-06;3.1225039762335534e-05;2.292384267862117e-05;0.00013162329172558294;0.00010556717620077739;5.522478299689573e-05;1.2272167967337032e-05;1.0031340793428256e-06;2.5692851690507942e-05;8.930472353173808e-06;1.4427292756545807e-06;9.188332193005228e-06;3.0284707195115525e-06
01:33:35;330;4.058643817795758e-06;5.23310914507454e-06;3.496001254698283e-05;3.4553688104727538e-06;4.630884700353797e-06;5.056123784056994e-06;6.042079597211693e-06;3.759031940507963e-06;3.489587461819548e-06;2.4640219708645232e-06;5.27603288056546e-06;4.922631836217823e-06;3.0907092187378153e-06;3.5331559638378125e-06;2.9840958948312846e-06;4.209334145896351e-06;6.285778293008489e-06;6.626023225433965e-06;8.149878702837829e-06;5.146919152772355e-06;3.889337823595638e-06;3.0224740914744397e-06;6.950874787343068e-06;6.484950563965787e-06;3.7954925856071515e-06;4.5253805154383765e-06;3.710863710740007e-06;3.1446538299104615e-05;2.2842747052975476e-05;0.00013769305678404064;0.00011038358037603718;5.537052350846778e-05;1.2263125117836647e-05;1.0363156435144444e-06;2.5823430936105678e-05;9.032133908508223e-06;1.3845745232866705e-06;9.1711421879468e-06;3.0729822259697484e-06
01:33:52;331;1.0871742236159578e-05;1.1939778486049374e-05;2.3740169311977676e-05;5.977788080454874e-06;6.722281256088536e-06;9.705697790190532e-06;1.6597640445390674e-05;1.4168950437336166e-05;2.2314128401035305e-05;7.325023778163726e-06;1.708047193718895e-05;1.2487206366141766e-05;5.727742119629201e-06;6.597890101095965e-06;5.75608215798566e-06;6.562681236677166e-06;8.263317070060698e-06;1.131437714125068e-05;1.8983420242092726e-05;1.5111580011497481e-05;2.1634633424271876e-05;8.296078312578405e-06;1.8451085521473367e-05;1.4190036416016195e-05;6.512269404578823e-06;7.558947207236329e-06;6.3989115161244695e-06;3.944517561858113e-05;2.151469068550836e-05;6.286536264587984e-05;4.316537039621108e-05;5.219528914134452e-05;1.2361889642812056e-05;1.6543957861747568e-06;2.8102483299785927e-05;1.0726085103102124e-05;1.7144700020157687e-06;7.663087564711407e-06;3.4737318576051954e-06
01:34:09;332;8.687201683182428e-06;9.844925616447124e-06;5.749296967198434e-05;5.517838628515454e-06;8.689466385708949e-06;7.602858757913757e-06;1.258077515780604e-05;1.1174486478441024e-05;9.679914705755396e-06;6.27552539356202e-06;1.252910210651366e-05;1.0592566020761751e-05;6.171569312969765e-06;6.054980692676343e-06;7.377333384991661e-06;6.132919426380784e-06;1.0327088493565348e-05;8.939688483868722e-06;1.4914541864101598e-05;1.2344226082790602e-05;9.821716946445825e-06;7.286103601772187e-06;1.3840218798577553e-05;1.2312831246692693e-05;6.863070424676348e-06;7.13080179927682e-06;8.225896117782892e-06;2.3882110166269268e-05;5.094243038419554e-05;0.00026293153053336447;0.00021719878627054308;6.165987417634714e-05;1.7618695824009986e-05;1.1971986948310974e-06;3.0001441444886935e-05;1.1389954119888434e-05;1.4880757071056647e-06;7.820870807101244e-06;3.784667935269393e-06
01:34:26;333;8.01496841259822e-06;8.97428011901152e-06;3.004011188629109e-05;4.922805482527275e-06;7.973601179726716e-06;1.3029594900227824e-05;8.18844507028354e-06;5.371985889982253e-06;5.848463447028445e-06;3.453760911204478e-06;1.3597778282752932e-05;1.0782863949610931e-05;1.1902215183697122e-05;6.210631171202604e-06;4.897472422271676e-06;5.488839676644015e-06;9.4111610393801e-06;1.3883414754396838e-05;1.0204725749875401e-05;6.433429149770354e-06;6.199389121366615e-06;3.913188329188646e-06;1.5388810022124766e-05;1.2090814938277663e-05;1.2546921690172204e-05;6.788346835020104e-06;5.342317569004449e-06;2.931599619449691e-05;1.987346432523859e-05;7.175426872428896e-05;9.119825206153105e-05;6.157868868426417e-05;3.655261279431141e-05;1.0539085340603767e-06;2.5135538450224684e-05;8.435491614609727e-06;2.5931562714107338e-06;9.690648972593808e-06;3.2993160084626947e-06
01:34:43;334;7.351557895612421e-06;8.388244416120777e-06;3.5073966188183565e-05;5.363479561734411e-06;8.557451444346498e-06;7.468441971525408e-06;8.004942969173292e-06;7.476281503538861e-06;1.0622623895011946e-05;5.0212509029085535e-06;7.889181006248691e-06;7.3446830400185225e-06;6.172738674789261e-06;5.2207545541643246e-06;9.07686313021052e-06;6.001448323504404e-06;1.0120437510994623e-05;9.089674659674219e-06;1.0034779224837091e-05;8.312003514438863e-06;1.0629382716074418e-05;5.759094490344921e-06;9.517123388935874e-06;8.845592772190627e-06;6.8309082053019665e-06;6.038659389732741e-06;9.47982590344198e-06;3.8983230239141394e-05;3.3939565135622674e-05;0.00011394632391528417;9.419732527924235e-05;5.2468243826658774e-05;3.6434692773996674e-05;2.062410611500958e-06;2.7208649780950845e-05;8.217177534688122e-06;1.0600561070861462e-06;9.531766352916658e-06;2.8381527011142106e-06
01:35:00;335;7.987126754730154e-06;9.000600222194247e-06;5.1016182659179585e-05;7.671740204076825e-06;6.780095320250852e-06;8.094456792274617e-06;1.3423065397623965e-05;1.3353845417250135e-05;4.454082566693077e-06;3.830282404461048e-06;1.0435896601667206e-05;7.286193350482377e-06;6.674747224508983e-06;8.590273530082662e-06;5.250839404815431e-06;8.443337011630308e-06;8.110196827319555e-06;9.439638360382111e-06;1.5592703284364917e-05;1.445331139609463e-05;4.644905131982929e-06;4.4038091350327555e-06;1.174610545753746e-05;8.70095707888382e-06;7.246777512810246e-06;9.162274253971122e-06;6.063184248231192e-06;1.9475035398171928e-05;3.195048530060967e-05;0.00021743766628012012;0.00020376542925995322;7.409311625689546e-05;1.2883387969659373e-05;1.1607343137607754e-06;2.7224703868265256e-05;7.934715202377858e-06;3.4470143662561762e-06;9.174615276791092e-06;3.6472884172941957e-06
01:35:17;336;8.040697813591827e-06;8.99830510080173e-06;2.4179016694997493e-05;5.886510768766067e-06;7.47374872970981e-06;7.542482443702945e-06;1.9804824802349685e-05;6.306055762259823e-06;7.210618249396041e-06;7.623121788924436e-06;7.4087643905071134e-06;7.7111850254658e-06;5.271383866623967e-06;7.263657826490027e-06;6.986016642749539e-06;6.509579720783867e-06;9.126272196894367e-06;8.87760485586367e-06;2.1087633423938982e-05;7.356437004379091e-06;7.197290875709872e-06;8.087941146589436e-06;9.025319781634423e-06;8.951118581558436e-06;5.850441815525727e-06;8.255941534289263e-06;7.654077469137692e-06;3.048000583704584e-05;3.234132192305104e-05;4.6970119292795164e-05;6.0734315299154724e-05;5.308022590002459e-05;1.6597647082430543e-05;1.1214559564030645e-06;2.4668034882969243e-05;9.05481402090346e-06;1.747623403308904e-06;9.526661392860457e-06;3.825975349022979e-06
01:35:34;337;7.571289783408536e-06;8.639592579129385e-06;2.9241757274877747e-05;5.181451896228075e-06;7.294575307267595e-06;6.771794407647101e-06;1.0274525383703224e-05;6.8417023319449815e-06;8.302579448837832e-06;6.5515432187236335e-06;9.669646664953937e-06;1.0887328642184002e-05;7.586614880882404e-06;6.210265151260976e-06;5.283447331356166e-06;5.8287733143607754e-06;8.803222746930168e-06;8.00107256187011e-06;1.2279764943534385e-05;8.28260080128576e-06;8.468712310994168e-06;6.8103233987338035e-06;1.1437966983251073e-05;1.2128263457455006e-05;8.393302392459525e-06;7.206900976644313e-06;6.034203064286252e-06;3.448614240717435e-05;2.418667835357393e-05;0.0001145193082145729;5.9792852331721673e-05;5.425046573637197e-05;1.3010213109822297e-05;1.094555052805941e-06;2.7028588102556284e-05;8.954094315045282e-06;1.8421615182169311e-06;8.519487142747947e-06;3.2165410139235192e-06
01:35:51;338;7.362671502939768e-06;8.400358620758797e-06;4.798833145374239e-05;4.750656012413918e-06;7.080187290271893e-06;8.489778998921338e-06;8.21569099168135e-06;1.0323030817393043e-05;1.1400773790884697e-05;4.462555397372563e-06;6.43289725132945e-06;6.950805537929806e-06;4.944164675890761e-06;6.5177991165848486e-06;8.783716099520172e-06;5.325044055639352e-06;8.870680325850991e-06;9.3707502729339e-06;1.0022698677259334e-05;1.177977873328329e-05;1.164739989137529e-05;5.1058252867295765e-06;8.150533452678672e-06;8.414879100856996e-06;5.453537844143192e-06;7.317649559337053e-06;9.345522720408714e-06;2.767273812677749e-05;2.9161708636491288e-05;0.00023520519720608655;0.000161624156825585;6.583185927680326e-05;1.0147502072556544e-05;9.090243628863854e-07;2.2876719419621605e-05;7.883691186319387e-06;1.927338521368245e-06;9.398649456822139e-06;3.221392353590913e-06
01:36:08;339;8.022553158520457e-06;9.125164973439393e-06;3.591576927393139e-05;4.6025334942033744e-06;7.452815934010976e-06;8.792865182142991e-06;8.435508771821208e-06;9.554883912763692e-06;1.211994224674258e-05;6.097611456565036e-06;1.0016787902083541e-05;1.2141524806643453e-05;4.79168644060027e-06;7.518853399930818e-06;4.745621370458056e-06;5.048913471564677e-06;9.087306686604832e-06;9.94773578976135e-06;1.072156154678632e-05;1.1082155692114427e-05;1.2490677101618818e-05;6.711696526888519e-06;1.150766813018119e-05;1.3641998711010054e-05;5.24737172873998e-06;8.626137687200224e-06;5.388751966349929e-06;3.22084296037738e-05;2.3315667085051565e-05;0.00011201154131588168;0.00010887018108186546;5.74010102259474e-05;5.0379456497039944e-05;1.1790448519837206e-06;2.3563580309322088e-05;8.439550151742449e-06;1.4692467132468421e-06;9.436737128725932e-06;2.714786322595779e-06
01:36:25;340;8.57247222540991e-06;9.590360467065025e-06;3.347283489251402e-05;6.201710328471418e-06;1.1088850004367403e-05;9.917156166171605e-06;1.0334090798768226e-05;8.155568810831358e-06;1.0367267558370424e-05;1.2326632223391698e-05;8.94207911983358e-06;7.1724120112228524e-06;4.36056875456488e-06;8.837045562870571e-06;5.166281801714169e-06;6.717640754007484e-06;1.2521261149093426e-05;1.0960208357251367e-05;1.2373411951971953e-05;9.642228167050937e-06;1.0588948993521442e-05;1.3081497635988554e-05;1.0510970932494885e-05;8.570138803245559e-06;4.8876784753299e-06;9.551258831897595e-06;5.679078090515414e-06;3.890995345722517e-05;1.8171855023069317e-05;8.28366442186412e-05;0.00010739739039151134;5.78205580311228e-05;4.444352310775428e-05;6.116132981234771e-07;2.6672161210276788e-05;9.94412596143041e-06;1.8587278031655099e-06;1.0135859319008602e-05;2.8716068888392574e-06
01:36:42;341;7.031645812363959e-06;8.092432329283816e-06;4.910339599958295e-05;5.084655430597319e-06;6.479606280539553e-06;6.500385653913037e-06;8.156351635141784e-06;9.834504671795747e-06;7.295377591082735e-06;5.017635947139483e-06;6.5936585148630335e-06;7.13116882748595e-06;1.0213058141901724e-05;4.845013618586853e-06;7.228331456458776e-06;5.789352003318262e-06;7.865932563123075e-06;7.830148770384007e-06;1.036177862468183e-05;1.0715550874747465e-05;7.705122053393317e-06;5.577560680453471e-06;8.159753938746725e-06;8.559014278506754e-06;1.1085625477720942e-05;5.735374085666484e-06;7.723971498020131e-06;4.017425658134249e-05;2.9042616004202238e-05;0.00022663413745358332;0.00016606644973722284;4.9945428385664314e-05;2.5983311575126687e-05;1.2429718769110852e-06;2.5316515926619555e-05;9.23961482340131e-06;1.6991927191078912e-06;9.672512549973445e-06;4.223744361840292e-06
01:36:59;342;7.074202780576012e-06;8.104709586750456e-06;3.984655264293019e-05;4.930282799232476e-06;7.91960259505231e-06;6.8867404029953665e-06;7.22267855092117e-06;1.233362302147353e-05;6.567207140761866e-06;3.962362290559957e-06;9.718928071384363e-06;7.102540496426648e-06;8.061950739152673e-06;5.48296417367634e-06;4.70155098982032e-06;5.636197093286982e-06;9.491743116132632e-06;8.270977697883367e-06;9.107816857044494e-06;1.3592830552475282e-05;6.662145373227275e-06;4.349742070350853e-06;1.123970828245282e-05;8.376016662796132e-06;8.951343094354975e-06;6.236478767174118e-06;5.341512765489479e-06;2.999132865998126e-05;3.424643152628277e-05;0.000153108017656071;0.00013628708497021442;5.724636063681833e-05;1.9570389874808724e-05;1.9829956420783264e-06;2.3548841060682e-05;8.644760107465245e-06;1.6515477035123492e-06;9.06842937622295e-06;2.812444501024771e-06
01:37:16;343;5.869122453170596e-06;6.964703654283525e-06;3.0115335682608262e-05;4.18749577138752e-06;6.369115495694834e-06;1.1029998684105893e-05;7.77529547429429e-06;5.157579779338758e-06;4.436193082374922e-06;3.5922358250026965e-06;6.533970552492395e-06;7.084122543042006e-06;3.525327289240336e-06;6.493587486227687e-06;4.244545532181767e-06;4.719966184467599e-06;7.870857022185824e-06;1.2491479416975024e-05;9.747771141692169e-06;6.522499937758928e-06;4.669002715051152e-06;4.255122216300496e-06;8.108906334925876e-06;8.557607117514244e-06;4.259057165274752e-06;7.386092397322086e-06;4.988080219609861e-06;3.89617502004843e-05;1.2603874683650233e-05;0.00010242991815265814;7.037058080216288e-05;6.212231888134627e-05;2.679693008924941e-05;7.626545941503482e-07;2.4419892970297787e-05;7.861896698325548e-06;2.1650871810076735e-06;1.0072773886501603e-05;2.8163500514650495e-06
01:37:33;344;6.774159984956896e-06;7.817895885072855e-06;2.8219408052667616e-05;6.4760643913333835e-06;5.742144547001131e-06;1.5039326967780653e-05;7.552172250639573e-06;5.3702873249764336e-06;4.912292400405249e-06;5.24215745979394e-06;8.448112337527453e-06;6.1120565749594e-06;4.6420062786787435e-06;8.18298982287822e-06;3.5703077391505387e-06;7.105574839650078e-06;7.2354702544682274e-06;1.61925754352374e-05;9.655355425026375e-06;6.622797919774286e-06;5.121861946302292e-06;5.937891063683621e-06;9.862593518086722e-06;7.4504983106785e-06;5.160154749986921e-06;9.154187202649972e-06;4.3157864511849305e-06;2.7336352945904444e-05;2.1605447258867712e-05;8.261806969722576e-05;8.08453064310948e-05;5.7175123986244625e-05;2.09280073775111e-05;7.932437014328897e-07;2.414062444525668e-05;8.251749704411103e-06;1.4206728728676574e-06;1.0673695565738088e-05;2.8446026454564623e-06
01:37:50;345;5.823367393469942e-06;6.9250964494315245e-06;3.0210495858216433e-05;4.91982494598243e-06;6.0737795867541164e-06;7.033019017590257e-06;6.910005505486342e-06;5.6545611813098935e-06;3.7995523375658733e-06;6.1971374595192295e-06;7.14782534122998e-06;8.174269826032411e-06;4.946013345956275e-06;4.572025946846349e-06;4.452392431953843e-06;5.498352539355357e-06;7.585236427893264e-06;8.543993582078875e-06;9.069690447718073e-06;7.009451435437711e-06;4.146724306130775e-06;6.96291313839607e-06;8.48907706013857e-06;9.602251569198923e-06;5.723729940125596e-06;5.409242712170153e-06;5.060492478864772e-06;3.2258543744972166e-05;2.476187890510621e-05;0.00011062225671673111;8.163598923894197e-05;5.074196650454036e-05;1.2092879261383532e-05;6.616376663863441e-07;2.6868325579590022e-05;8.918170852282957e-06;2.1605481374225465e-06;8.920296229322904e-06;2.883457461917166e-06
01:38:07;346;5.774337745895702e-06;6.940490487678186e-06;2.860373701264609e-05;6.572797135814571e-06;5.337019075245632e-06;6.520982816676286e-06;7.991024522172294e-06;4.577130752313575e-06;4.8599292257604665e-06;3.2094442476578293e-06;9.391987048120013e-06;5.411244817888804e-06;4.2520643684828095e-06;5.8224338110464524e-06;5.3459933811501e-06;7.244297245926669e-06;6.979379306841698e-06;8.206729236479976e-06;1.0264071237589299e-05;5.773110549139519e-06;5.229117237555513e-06;3.8562266817729025e-06;1.1130218451939924e-05;6.894041683763941e-06;4.882143492045255e-06;6.62145357004008e-06;6.205094758668197e-06;3.211367072238235e-05;3.099993608185822e-05;0.000102502597498112;6.518556098503629e-05;5.2431188889550546e-05;9.727012800757713e-06;1.0501014749011386e-06;2.585197559963063e-05;8.282553756540146e-06;1.5192609635899737e-06;1.0507785117776367e-05;3.073200261617671e-06
01:38:24;347;5.5680007223073025e-06;6.7341071325579004e-06;4.4366772220842286e-05;5.385615248472546e-06;5.8761861778061135e-06;6.108925308400227e-06;7.141631940044135e-06;6.0321186239129725e-06;3.917341942383246e-06;3.008373494721313e-06;6.664575095914994e-06;6.2504036819823545e-06;6.724917913203399e-06;5.41653890322054e-06;4.289378524449913e-06;6.223498916415913e-06;7.58901612094126e-06;7.524565636588163e-06;9.33184793223207e-06;7.1518676652229696e-06;4.248517339137719e-06;3.5481860098265823e-06;8.200894925825128e-06;7.781057291462666e-06;7.777825350233257e-06;6.285336934801123e-06;5.1466698835875956e-06;3.133400228066853e-05;2.1826840692155858e-05;0.00021871393233620145;0.0001413897636412926;6.021958198950801e-05;9.352301978772142e-06;9.766480194914198e-07;2.6317325131400734e-05;8.972614220938838e-06;2.282730340217165e-06;8.635970462565056e-06;2.37955555689563e-06
01:38:41;348;5.399810411497376e-06;6.538274883035838e-06;3.3650118627635775e-05;4.799528351962966e-06;9.029292410322011e-06;5.843358853109169e-06;7.2977077400857775e-06;5.202190450536261e-06;5.590509441397919e-06;2.7705317892797026e-06;6.088686192643164e-06;5.3405194270923895e-06;4.746025868549643e-06;4.109087526157654e-06;3.9802851894421565e-06;5.588875203240512e-06;1.0614409842950224e-05;7.357597151215636e-06;9.38804933417786e-06;6.541105567291048e-06;5.893376786659672e-06;3.3795349506213316e-06;7.8498971526665e-06;6.855534616367054e-06;5.48320378261969e-06;4.993436600152908e-06;4.514276245664647e-06;2.9820427530459517e-05;3.221808596714311e-05;0.00012988557250246424;8.795929134584415e-05;5.826133895038673e-05;1.56128573474965e-05;1.3106690363864155e-06;2.7244518056009057e-05;8.342795156207443e-06;1.3128386510816329e-06;9.843290052623218e-06;1.9897389355273243e-06
01:38:58;349;5.306158264126927e-06;6.469722353082218e-06;4.883279113633129e-05;6.920711734763203e-06;5.526636177225183e-06;9.468935865377468e-06;6.7926387139684925e-06;4.092751586041872e-06;3.3548454378973247e-06;2.602592634010586e-06;6.049595243498826e-06;6.380242360457735e-06;3.157237763512006e-06;5.9763831582157225e-06;3.3513266539260527e-06;7.605483443524152e-06;7.0273898973603455e-06;1.109286739260306e-05;8.919460354643636e-06;5.398561255258502e-06;3.7037823806747816e-06;3.3504189340868535e-06;7.640799128550291e-06;7.948872424301815e-06;3.873738049588621e-06;6.98061219310735e-06;4.09468010517069e-06;3.427045686088327e-05;2.906988728234481e-05;0.00024610613857747497;0.00017203569964330427;4.628702151005934e-05;1.2797259405858298e-05;1.223409570937021e-06;2.3461610477298312e-05;7.642952949111849e-06;9.20219242924491e-07;9.565834437477402e-06;2.613003678301372e-06
01:39:15;350;5.1593661926186875e-06;6.345390317354814e-06;4.5941527187647885e-05;5.249719627574802e-06;4.989946486233521e-06;5.655507760851916e-06;6.515531660382252e-06;4.8234920106567225e-06;3.606617972354539e-06;5.482076969992084e-06;6.993621785123981e-06;6.724575009477783e-06;4.300745704132293e-06;4.265784753149598e-06;3.304772699860595e-06;5.900383162561066e-06;6.492139935381843e-06;7.273797155569729e-06;8.620981525727754e-06;6.269853285423007e-06;4.040788149158967e-06;6.370357388870524e-06;8.414321217958187e-06;8.16016260119519e-06;5.253618049129175e-06;5.257433206714245e-06;4.090845864026695e-06;2.875833974068735e-05;2.830595059391074e-05;0.00019534359151541266;0.00018609338939306098;4.9498937717997e-05;1.5137688372807125e-05;7.085404941504964e-07;2.5922926859053304e-05;8.008061893083691e-06;1.8001103683381619e-06;9.21946363360389e-06;2.5013256696692093e-06
01:39:32;351;4.6178565927913375e-06;5.769423100728206e-06;3.738991736254721e-05;4.617825469404641e-06;4.850384500992339e-06;5.279251932095845e-06;6.631143048965979e-06;4.151498284053125e-06;3.6198917292360666e-06;2.265585660894813e-06;6.1213678121548165e-06;5.513215695045077e-06;3.23995142569412e-06;5.815902158898015e-06;3.308259664274777e-06;5.264055519696337e-06;6.408819773022964e-06;6.880635708834625e-06;8.800844188033207e-06;5.646607254548835e-06;3.995874044161196e-06;2.8643004702356434e-06;7.748216646603719e-06;6.993769844323456e-06;3.849552832676475e-06;6.733300911555144e-06;4.047097893851946e-06;3.014350458702436e-05;2.93445472191632e-05;0.00014084262738618507;0.0001301543321184734;5.698833050092015e-05;1.1487917486487387e-05;1.1687874859057924e-06;2.621020426418273e-05;8.709691727195598e-06;1.359569347830391e-06;9.872033756683663e-06;2.397462470514673e-06
01:39:50;352;4.990239135855228e-06;6.143256984925549e-06;3.351721104677002e-05;3.7987117038214406e-06;5.007791711490612e-06;5.47611543860233e-06;6.326091237114766e-06;4.457661931215026e-06;6.028540974382808e-06;3.540003922643884e-06;8.436343991229995e-06;5.060867977135786e-06;3.529101897341165e-06;5.107546241137325e-06;3.1140910648536586e-06;4.484804232469045e-06;6.537728604828921e-06;6.880203721876466e-06;8.536632949356697e-06;5.828968978042937e-06;6.307306547787908e-06;4.26646988671564e-06;9.968788611941715e-06;6.5625617590060905e-06;4.2873140921097106e-06;6.1404107730630105e-06;3.917891711963317e-06;3.220573575714962e-05;2.8608604561604928e-05;0.00010020207036300266;0.00010715036969583093;5.511444938658967e-05;3.2042087445639504e-05;1.1020788810858819e-06;2.397310479564316e-05;8.067429850903852e-06;1.474842392560832e-06;9.749513204735101e-06;2.516246226494064e-06
01:40:07;353;4.38064883955359e-06;5.549667905511399e-06;3.7877244540557613e-05;3.2720313786104396e-06;4.579934679585759e-06;5.239442583550933e-06;6.382649095955499e-06;4.349511082776561e-06;4.422681124277068e-06;2.574791332224632e-06;5.317282428504458e-06;5.178425518695659e-06;3.896014214758865e-06;4.240446394990468e-06;3.1145745195844525e-06;3.97466109910666e-06;6.1657792569729025e-06;6.7522115628728706e-06;8.585121818962566e-06;5.686143642574452e-06;4.773725647823937e-06;3.361963592132143e-06;7.001754701251011e-06;6.615196283907803e-06;4.619729458071664e-06;5.222568777845723e-06;3.8371577754989195e-06;3.335499949102802e-05;2.7659562747190322e-05;0.0001567048783006932;0.0001169448598224729;5.611025483864559e-05;1.4789507380844953e-05;1.1205051864374528e-06;2.5730546569158564e-05;8.674549735166404e-06;1.5355438458938756e-06;9.443678591598838e-06;2.4580479775611753e-06
01:40:24;354;4.236528728153065e-06;5.370154368289219e-06;3.407637026243514e-05;3.223012364146753e-06;5.746030327264345e-06;5.675295614470212e-06;6.12914482997243e-06;3.766843357960232e-06;2.962565205519044e-06;2.2741884419278078e-06;5.8414838680934364e-06;5.0640990856074746e-06;3.2498910353950805e-06;3.7838603578098753e-06;3.121928523535706e-06;3.946057585714778e-06;7.310557929819959e-06;7.0365829143858855e-06;8.155197422097502e-06;5.1177142763029945e-06;3.4504880400336218e-06;2.9327359747001055e-06;7.405214437082428e-06;6.5120573052337035e-06;4.0609880567058965e-06;4.7408773643607524e-06;3.7733791486971313e-06;3.3140604727587156e-05;2.7179791309270285e-05;0.00012683484988243622;0.00010644286814955408;5.4997116149097544e-05;1.2441882517606089e-05;1.1246996179366795e-06;2.571783713380403e-05;7.819322598943599e-06;1.3348144609579126e-06;9.085275264912908e-06;2.797381337115133e-06
01:40:41;355;3.927028486959795e-06;5.098386109354198e-06;4.3820269561649034e-05;3.7265360911026786e-06;4.738830331615676e-06;4.7915816135845155e-06;5.704278537037184e-06;3.7199810414279e-06;3.1342231105407397e-06;2.1244600792093915e-06;5.020760346303115e-06;4.890509932212436e-06;2.808633340446353e-06;3.4496350332217802e-06;3.0149109033963195e-06;4.48700852527359e-06;6.287239833725351e-06;6.354953728975799e-06;7.809176461509932e-06;5.028178414169263e-06;3.5323758259471994e-06;2.7936042396838356e-06;6.717995416647106e-06;6.407210566055566e-06;3.54140637152997e-06;4.4264055863026485e-06;3.795076321970371e-06;3.255920692333588e-05;2.5080707529012002e-05;0.00020238665673280245;0.00015519201143857184;5.3591098386483255e-05;1.1112963791722987e-05;9.212136192589701e-07;2.4223193574720562e-05;7.71189323455646e-06;1.2933859510410082e-06;9.048082995720047e-06;2.7228205625630197e-06
01:40:58;356;3.988965745998547e-06;5.165310217825773e-06;3.704026682699277e-05;3.3996844938402857e-06;4.456951843872565e-06;4.784211839460216e-06;5.8741452836453725e-06;3.5278933164694206e-06;2.90294109687879e-06;2.1042080753375103e-06;5.218153032418823e-06;4.875395114047685e-06;3.2992261081494174e-06;4.607680464891411e-06;2.8170966571200946e-06;4.164451468833376e-06;6.0270716328633645e-06;6.347189706571907e-06;7.971661869052258e-06;4.925253101991754e-06;3.295395522054835e-06;2.737365878003195e-06;6.950916077251269e-06;6.388290871597482e-06;4.061405719122503e-06;5.513039871437263e-06;3.601678796960325e-06;3.39264767063041e-05;2.6634784112204666e-05;0.0001512740611158482;0.00012282122144090693;5.236587980836592e-05;1.0342010136623214e-05;1.0809995314219473e-06;2.521313993476001e-05;7.903659766536438e-06;1.4322345653745319e-06;9.011383468320114e-06;2.47735133724723e-06
01:41:15;357;3.897053037604792e-06;5.055535824840838e-06;3.487786772510938e-05;3.2138686063957906e-06;4.291146686793726e-06;4.857281098548004e-06;5.752421759617412e-06;3.432778444692727e-06;3.248931574036233e-06;2.1943705664672177e-06;4.910695006349835e-06;5.275150869333732e-06;3.1276508003295267e-06;3.56587761258192e-06;2.894461944306799e-06;3.9314939593030525e-06;5.874295967731985e-06;6.3796304500642635e-06;7.795742038967856e-06;4.837007301968605e-06;3.6523702972403898e-06;2.822679291540813e-06;6.598626274768045e-06;6.820764187805368e-06;3.849123709475366e-06;4.48817652081916e-06;3.6165182132496243e-06;3.4904953508955606e-05;2.664887032179759e-05;0.0001399590611385928;0.00010550872995657044;5.383947670809643e-05;1.0524118690356822e-05;9.106566126484872e-07;2.506375571537657e-05;7.71793909201843e-06;1.547498568410913e-06;9.277367905938858e-06;2.631984482549657e-06
01:41:32;358;3.892107123704136e-06;5.064815497140053e-06;3.672339974536265e-05;3.4632357272877035e-06;4.477545984891342e-06;4.953073988451189e-06;5.587726642436957e-06;3.45483660911906e-06;3.415527272565555e-06;2.293395610147348e-06;4.943714146579933e-06;4.895156455055692e-06;2.896726605654139e-06;3.509921333456522e-06;2.8144236341050415e-06;4.173423731923391e-06;6.034867625732912e-06;6.469868678115883e-06;7.747617272326363e-06;4.826705249694056e-06;3.785228169432184e-06;3.008652438611419e-06;6.702458944622592e-06;6.404166740565737e-06;3.5808699193913078e-06;4.510839911330826e-06;3.5330849497560985e-06;3.3063966731979e-05;2.5201570602404314e-05;0.00014132416983326815;0.0001232061581065642;5.63984737143411e-05;1.48887126364827e-05;8.527548238613438e-07;2.470576865359077e-05;7.76917219279247e-06;1.477304754520702e-06;9.224714608756353e-06;2.5680302857908987e-06
01:41:49;359;3.848736023699799e-06;5.020650515010097e-06;3.549772804011774e-05;3.590820252696858e-06;4.4486468898955165e-06;4.9537814141651575e-06;5.571677610434604e-06;3.412216827960244e-06;3.3604207888257323e-06;2.3910777578512405e-06;4.825514709109897e-06;4.609385323368025e-06;2.8065187904567e-06;3.4471227327127383e-06;2.767647754773541e-06;4.3222718477984846e-06;5.9955815588550705e-06;6.468731300306508e-06;7.75065732168629e-06;4.79777402032124e-06;3.751951332641154e-06;3.0474803101173212e-06;6.548795894720765e-06;6.099465114362552e-06;3.5381653986727935e-06;4.424527859658996e-06;3.5024020839552543e-06;3.311613239197414e-05;2.5963479317528192e-05;0.00014283027718666288;0.00010892393590749286;5.524647221691239e-05;1.2605835317719568e-05;8.981576439784663e-07;2.51505540323506e-05;8.065274090295863e-06;1.4333889484150091e-06;9.128543951836474e-06;2.610685476246255e-06
01:42:06;360;3.7699068284072466e-06;4.956138737621655e-06;3.694258222015622e-05;3.321291719709569e-06;4.38451736783918e-06;4.729109141136818e-06;5.563717806467139e-06;3.4379041137940063e-06;3.1506957616626736e-06;2.227142564188837e-06;4.8397858827668605e-06;4.760464120517389e-06;2.799271534247406e-06;3.288895498085057e-06;2.7360851903327186e-06;4.091066517227048e-06;5.976841708339819e-06;6.282995737140631e-06;7.699947333623893e-06;4.842471459792423e-06;3.537289038647458e-06;2.9195808274725774e-06;6.552415401575338e-06;6.278145801958619e-06;3.5656415948209012e-06;4.243864689474149e-06;3.483402735317996e-06;3.41481202019379e-05;2.599529229221561e-05;0.000152312680698031;0.00011636024855657866;5.569321627854698e-05;1.2004997935228543e-05;9.167145891157518e-07;2.4852603742104957e-05;7.955934550182967e-06;1.4351172340760096e-06;8.970598677989545e-06;2.6654618858668567e-06
01:42:23;361;1.0108937792872233e-05;1.0935571895694195e-05;2.4986644643814936e-05;6.277096281789599e-06;1.035426630641661e-05;1.2582943651554244e-05;2.6370852588477398e-05;5.388060854533643e-06;1.5586795292030978e-05;1.2642463315418437e-05;7.1628443149310526e-06;7.543689181039264e-06;6.005108868511012e-06;6.10852890984988e-06;5.284600316134526e-06;6.846958881454421e-06;1.2191208353917457e-05;1.3025274210455872e-05;2.690480655071007e-05;6.9154731291642816e-06;1.5438211955335668e-05;1.3082453607020846e-05;8.5329019718382e-06;9.036275405148295e-06;6.4776679923679805e-06;7.082534138353827e-06;5.6930936916845134e-06;3.316638695766859e-05;1.2859956636709801e-05;7.233722568064875e-05;5.295805143447025e-05;5.680531727339692e-05;2.579750489198575e-05;1.712110626878083e-06;2.260930996906587e-05;9.468693139530727e-06;1.193072527952027e-06;8.214607735735627e-06;2.717498851736839e-06
01:42:40;362;8.52476258214355e-06;9.521401790164108e-06;2.4480799633611997e-05;8.547604449208022e-06;1.1822456784216229e-05;2.247293160967894e-05;8.626731671638895e-06;6.506426140811589e-06;6.955600434692273e-06;4.129087670566957e-06;8.265425575163219e-06;7.017099655761492e-06;4.6613295762266595e-06;6.78250358115468e-06;6.509950271939922e-06;9.102345532632678e-06;1.3517137602643224e-05;2.2563377949810745e-05;1.0539559706891932e-05;7.941811156365763e-06;7.0787164019483374e-06;4.81519147129641e-06;9.68017572827366e-06;8.519695855491453e-06;5.461256383177552e-06;7.548126966038224e-06;7.489423218937156e-06;2.548877868474694e-05;1.4763440238419493e-05;5.704359672029071e-05;5.7451542043112356e-05;5.930805367396632e-05;3.5279071346707194e-05;8.094466559956626e-07;2.168574217685318e-05;8.558884025559006e-06;2.169711045952513e-06;8.41757526427801e-06;2.7937537274626763e-06
01:42:57;363;1.5395242278579893e-05;1.6402732721353806e-05;2.653419101650603e-05;7.247997263704065e-06;7.84672343069236e-06;2.868544840788962e-05;1.9347654056322096e-05;9.308458376463848e-06;1.0779467221378912e-05;1.2695232548119087e-05;3.116452585578083e-05;1.2312616047050927e-05;2.388468961746846e-05;7.4841315357590785e-06;1.3985957777280914e-05;7.777881209325574e-06;9.508211284890975e-06;2.8603023093649115e-05;2.148078409488876e-05;1.0781111644904787e-05;1.1059157581649178e-05;1.3766398958840092e-05;3.1645064293023765e-05;1.4036937281610946e-05;2.606579056203062e-05;8.340542685397815e-06;1.3767884802636896e-05;3.77553410545736e-05;1.6524034270972304e-05;4.711485839981795e-05;0.00010284624125175147;4.764055932889497e-05;1.704282187667227e-05;7.088285407674474e-07;2.336740648864445e-05;9.407539014561353e-06;3.5511631250525346e-06;9.320539715411591e-06;3.1309591309523805e-06
01:43:15;364;9.89957013979909e-06;1.0850583058078272e-05;2.7546626827836825e-05;8.497482045364471e-06;8.590891376059062e-06;1.3242818729447043e-05;8.738570889606349e-06;7.678466096969963e-06;1.6214873378378964e-05;5.53822397752025e-06;1.3358591163833724e-05;1.188994347503777e-05;5.567908235481024e-06;6.119640273477051e-06;1.3357428330933049e-05;8.878046381003607e-06;1.0072618547555862e-05;1.4149626892929841e-05;1.0930067109936168e-05;8.956264111152968e-06;1.6274113546341475e-05;6.114677299719224e-06;1.5055630096349323e-05;1.3131937429292681e-05;5.983205589553661e-06;7.089227207721199e-06;1.3571579800071372e-05;2.5850822607342823e-05;2.40963665399993e-05;8.753811623554011e-05;5.615248810296894e-05;6.530480724241371e-05;2.369509828233686e-05;6.67922875188663e-07;2.800423305043948e-05;7.840315701550781e-06;8.785091447478409e-07;8.628633801123183e-06;1.9022083503902456e-06
01:43:31;365;7.264450465656451e-06;8.309755639281401e-06;5.4758632281341426e-05;5.884328356454592e-06;6.137754664918433e-06;1.1596708886749887e-05;8.649468199450894e-06;8.391454496926475e-06;4.618409148933593e-06;3.5737797363049655e-06;7.933853418442347e-06;9.531149737411356e-06;5.8227700053108e-06;1.0185532305745875e-05;4.848194282722964e-06;6.543890563828231e-06;7.688881022302298e-06;1.3271445765630106e-05;1.0659023626177731e-05;9.587410757007944e-06;5.02367763573015e-06;4.131274748413235e-06;9.581663107383065e-06;1.0430177795408586e-05;6.351605303349015e-06;1.0897181410551707e-05;5.55083283870772e-06;2.338230514270134e-05;3.3890078258188845e-05;0.0002529593268299476;0.00024584620850152624;4.0350471628861614e-05;1.845705451007948e-05;8.829978651128469e-07;2.1177581917077473e-05;7.478994962392481e-06;1.2275439116540342e-06;9.57297628305246e-06;1.8780475655028552e-06
01:43:49;366;6.8264266643454486e-06;7.894169190381668e-06;2.4874537479050378e-05;7.086668672167724e-06;5.8736029011831965e-06;1.0122700590965326e-05;7.881004365308606e-06;5.36641086073592e-06;5.547431271033722e-06;4.894424316988348e-06;1.1552975884399075e-05;7.769273297113118e-06;5.983699373889419e-06;4.7364490314485215e-06;5.102477695311853e-06;7.859983143825496e-06;7.440224957854643e-06;1.1335307503998858e-05;1.0040077396999688e-05;6.783036450876433e-06;5.877221032209537e-06;5.750865549215851e-06;1.2601479951788147e-05;9.193837499130691e-06;6.694776943674432e-06;5.515906025985841e-06;5.637310386755647e-06;3.9415796474599024e-05;1.3605234117676313e-05;7.472646978796228e-05;5.650161905423324e-05;4.946661678443764e-05;1.536838230211114e-05;9.906780541505473e-07;2.536176262225296e-05;9.785011926072574e-06;2.315869790818443e-06;8.421842203218559e-06;2.535166631071838e-06
01:44:06;367;8.882425273849425e-06;9.86429997191166e-06;4.130605706807128e-05;8.14295887607841e-06;1.2147915799428946e-05;7.923947961139469e-06;8.259191042596244e-06;5.401762225884258e-06;4.62461783357071e-06;5.553146132183687e-06;7.589425748542246e-06;8.98882895745084e-06;4.632040182043924e-06;8.190832505179783e-06;2.513443253219934e-05;8.740346425216973e-06;1.337292093311693e-05;9.185492948561176e-06;1.0499341500045502e-05;6.85020732886141e-06;4.9100780317899135e-06;6.301221818128259e-06;9.032709040414524e-06;1.0618445668126387e-05;5.149470843771499e-06;8.97276444033472e-06;2.4738597225039e-05;3.071603351247429e-05;1.68522343199476e-05;0.00020162883873003917;0.00013289696131561774;5.802271043087361e-05;9.405841897782695e-06;1.2824759200064867e-06;2.565862071400098e-05;8.046998888871659e-06;9.831097845507094e-07;7.607765792582122e-06;2.5710935101082498e-06
01:44:23;368;7.31785078432846e-06;8.345269001254081e-06;2.039200139711447e-05;7.606882197757676e-06;7.692945830099648e-06;1.2860754714758762e-05;8.545088118952746e-06;5.8363800389765235e-06;4.1181576758798535e-06;1.0462035634423666e-05;6.554424333545099e-06;7.464569624718561e-06;7.444350257850891e-06;4.32166719832594e-06;4.906951167979204e-06;8.281060022282077e-06;8.92356994099137e-06;1.3747756389720156e-05;1.0639996288992285e-05;7.210309995916529e-06;4.607410012714711e-06;1.1129848405600362e-05;7.960522688784905e-06;8.710574167961095e-06;8.270928441262082e-06;5.226020718935937e-06;5.435227518330665e-06;2.281016707641745e-05;2.005070275852389e-05;5.380693347159791e-05;5.139671234196438e-05;3.9307906388183775e-05;1.0409977786756552e-05;8.411183077695277e-07;2.432365875715638e-05;7.730286280690879e-06;2.2868400324066654e-06;9.313596100386825e-06;2.4261174635195157e-06
01:44:40;369;5.3742126062481725e-06;6.47902846980333e-06;3.863004637783702e-05;5.438894911174492e-06;5.66137635389778e-06;5.693157310107918e-06;8.639528820191861e-06;5.747760360916035e-06;4.888647336478223e-06;3.5960148089163693e-06;6.983550494897951e-06;5.696813714580045e-06;3.670730176869535e-06;4.4362480163716676e-06;4.037827197449091e-06;6.0287556659170176e-06;7.294258973126512e-06;7.187939549043268e-06;1.0649355789598613e-05;7.138485573164019e-06;5.183046248101716e-06;4.240151378026791e-06;8.559948899438737e-06;7.110818640722766e-06;4.314348088192224e-06;5.355892593383309e-06;4.685337976700828e-06;3.752130878099534e-05;2.347859967523982e-05;0.00015387125943583054;0.00012868539625073407;5.681866615894999e-05;1.673437156061549e-05;8.865744952724179e-07;2.521101165291907e-05;7.955066681038542e-06;9.975203512488678e-07;8.753831985910329e-06;2.646949505289661e-06
01:44:57;370;7.296833285476044e-06;8.3431518990587e-06;2.269326913031758e-05;4.21006104774206e-06;6.020201925658532e-06;7.436489039750168e-06;1.5997665655540707e-05;6.140619937220683e-06;6.575405178081568e-06;4.545958003244653e-06;9.053940282590453e-06;1.214438743927944e-05;6.595128363267639e-06;4.667045781432804e-06;4.1750946393066935e-06;4.886757948687647e-06;7.467324083543506e-06;9.098380429304022e-06;1.7877627617997837e-05;7.129440248292345e-06;6.616746851492119e-06;5.118456104505237e-06;1.0432704296858268e-05;1.3255466985609456e-05;7.672074250969004e-06;5.607238894230296e-06;4.9556020350124365e-06;2.695612833390915e-05;2.6063649243394477e-05;6.061427907770386e-05;5.138517182490395e-05;5.167390436511809e-05;9.740781891548418e-06;8.212777825926866e-07;2.263598404645075e-05;8.97887203417515e-06;1.8375699003425828e-06;8.074897617743668e-06;3.5367134459281426e-06
01:45:14;371;6.908659822163992e-06;8.038767341128697e-06;2.94688109662625e-05;5.467377417548133e-06;5.369501765399449e-06;6.427541855848838e-06;8.053971629739078e-06;8.113684437205393e-06;7.143096598580004e-06;1.361702373905225e-05;8.91978612894594e-06;5.521016031260408e-06;4.613581707375984e-06;5.078027874557992e-06;4.579306895377303e-06;6.237237913191615e-06;6.839842258101916e-06;7.942683675502871e-06;1.0353909693790978e-05;8.874959495544686e-06;7.606155001748091e-06;1.459314521353123e-05;1.0199104071023013e-05;7.036471984813747e-06;5.600763343760333e-06;5.922484776039963e-06;5.258447347991529e-06;3.0916510473489705e-05;2.3821322567654158e-05;9.512572188053122e-05;8.45275713041305e-05;6.190940746039144e-05;1.049392821833299e-05;8.10787147900388e-07;2.4612100136030155e-05;6.68800736470807e-06;2.3508477383600853e-06;9.86831412566884e-06;2.5012131779523493e-06
01:45:31;372;6.9331281790399855e-06;7.997994785748947e-06;2.1611226983464905e-05;4.24101843356859e-06;6.1710428641054644e-06;9.566553339239322e-06;1.5742541072101673e-05;5.670118012284837e-06;5.7596592752547205e-06;3.3284881779267876e-06;7.502944583848148e-06;6.211331340337396e-06;4.633839257518378e-06;6.158105228980627e-06;8.211894598340244e-06;5.131103624172525e-06;7.745313389851973e-06;1.0760492047286132e-05;1.7568660663113682e-05;7.261885037200667e-06;5.976005381911174e-06;3.7632829357962576e-06;9.041810981331384e-06;7.5764351469290344e-06;5.178238149675986e-06;7.060994632894695e-06;8.91171289310213e-06;3.16232107976459e-05;2.44349589424867e-05;4.1577947695982574e-05;5.156666341084736e-05;5.432314686569381e-05;1.3533173624431077e-05;8.70392139273313e-07;2.228594961452315e-05;6.454986116397536e-06;1.62246104391798e-06;8.345966363074762e-06;2.6958671873046625e-06
01:45:48;373;7.070273090386598e-06;8.191533997657494e-06;3.666692453039232e-05;4.694553428340566e-06;1.142300932308806e-05;6.315149872451994e-06;7.519863290283979e-06;5.242517400073542e-06;6.293763558964181e-06;2.755641145733214e-06;6.463517348009873e-06;1.1067559943905342e-05;1.2451661994816732e-05;6.050237905826221e-06;4.565799568726189e-06;5.448382543236912e-06;1.2782182284929978e-05;7.737513948961372e-06;9.58964623166565e-06;6.5586746908984765e-06;6.576597622335635e-06;3.3161638940109236e-06;7.97399545976814e-06;1.2818605158873318e-05;1.3483073474427456e-05;6.802371640505838e-06;5.211197716723486e-06;3.275379044630387e-05;2.0576529504054814e-05;0.00012654954364978561;0.00013598428442858885;5.215643409262713e-05;2.7624944323464604e-05;1.4510263819151586e-06;2.4265538874194354e-05;7.644282272318878e-06;7.536735928104093e-07;7.70417996389503e-06;2.538866834749111e-06
01:46:05;374;5.301912753194219e-06;6.43671006700164e-06;3.484120426396189e-05;4.356440716047803e-06;5.4902612030813005e-06;6.27677816534732e-06;6.878583292937244e-06;5.534760766065264e-06;5.128385436234143e-06;3.697645198676789e-06;5.742394177781824e-06;6.9127482556749245e-06;3.979678548886185e-06;4.6756656237272924e-06;4.949609700200984e-06;5.06791238991884e-06;7.116615811758527e-06;7.84216767379239e-06;8.80854145467725e-06;6.9467420894685765e-06;5.332778971334639e-06;4.370418882669433e-06;7.333726346046263e-06;8.45222530188039e-06;4.733385191650109e-06;5.563668600753093e-06;5.672336368937792e-06;2.5133859732958278e-05;3.0124533160682007e-05;0.00013648239313374902;0.00011578171497265131;5.283390923765446e-05;1.1685344763662054e-05;1.123891161611944e-06;2.447763523367255e-05;7.249208330328514e-06;1.009358405010642e-06;8.598124472690174e-06;3.5944785628719052e-06
01:46:22;375;5.84895907513266e-06;6.93611677946402e-06;3.368633146981986e-05;4.040822090994373e-06;5.741133444042196e-06;9.247210990472674e-06;8.449526927992421e-06;4.6641799600748035e-06;4.634003207826254e-06;3.665474373481071e-06;1.1712363508629345e-05;5.718455126474902e-06;3.849500255367647e-06;4.263849494246973e-06;4.20098769734781e-06;4.740820074828984e-06;7.412365085898111e-06;1.0535496355110301e-05;1.0735455131757992e-05;6.015797879039774e-06;5.036058279143571e-06;4.332201231740834e-06;1.280105214713722e-05;7.121741130999275e-06;4.384437747658127e-06;5.183878930795258e-06;4.93409513896777e-06;2.7443450502025314e-05;1.6871701490853037e-05;9.364004984351134e-05;0.00013079610766668652;6.052134132275103e-05;2.5864131038817362e-05;7.791138272507506e-07;2.756129604155662e-05;7.616142684349209e-06;2.196979485652593e-06;9.016639207912142e-06;1.929024526472384e-06
01:46:39;376;5.105282256904915e-06;6.293717162890649e-06;3.3834038276008605e-05;7.1546451759471355e-06;5.351628267000954e-06;5.561786199269715e-06;7.149549484805365e-06;3.922176684767464e-06;4.126386979986695e-06;4.0971808864430734e-06;6.104030958908879e-06;5.666059361818622e-06;3.5657570401006278e-06;5.020693507485806e-06;3.543490610592347e-06;7.916241838181203e-06;6.975113638539289e-06;7.260355577952246e-06;9.038270416314407e-06;5.348235471144649e-06;4.469677651862104e-06;4.973655864611103e-06;7.701586830218638e-06;7.3480261988474405e-06;4.163980258477128e-06;6.00217405998235e-06;4.327286597235567e-06;2.6530765149698336e-05;2.9465478912720228e-05;0.00012385167362864203;0.00010336654120006028;5.073331271300239e-05;2.3358030775068694e-05;8.335088798059963e-07;2.86618824019589e-05;7.208729836326731e-06;1.1741119661881134e-06;8.074898888589269e-06;2.749524960042255e-06
01:46:56;377;5.3076378543954146e-06;6.45071853036422e-06;5.484121921971835e-05;3.7951532544478925e-06;7.919492202549092e-06;6.209577647550449e-06;6.1762809082856824e-06;5.991808105999429e-06;4.0816754385275544e-06;2.739329117560565e-06;7.734207351006717e-06;5.761101028799555e-06;4.280236907370429e-06;4.093671976593524e-06;4.909118336888179e-06;4.574441886055681e-06;9.643259493748679e-06;7.732369691508165e-06;8.18230938432551e-06;7.327639390139298e-06;4.413263053996886e-06;3.319867632738731e-06;9.327079998358755e-06;7.230182832187628e-06;4.892988727078773e-06;5.028548020152213e-06;5.736670934449556e-06;3.345451395625456e-05;3.629115948120667e-05;0.0002596822661348776;0.0002115285825386912;6.259074043070133e-05;1.1918749301878747e-05;1.1280869920490075e-06;2.1481656940540913e-05;7.302371835776828e-06;1.4859153041321457e-06;9.011186482592405e-06;2.2194012379188825e-06
01:47:13;378;4.544120979620526e-06;5.662653378910559e-06;3.7954726077269824e-05;3.587031328128825e-06;4.784925073861049e-06;5.917126953262781e-06;5.953837792560535e-06;5.233735940312169e-06;3.534195804051747e-06;2.304055471989066e-06;5.660596023269384e-06;4.820156496327337e-06;3.595632851016717e-06;4.698509289756782e-06;4.439646885275166e-06;4.2744233488070976e-06;6.271334492523721e-06;7.259733909542106e-06;7.9660865888204e-06;6.728782812422628e-06;3.97465555003772e-06;2.9849203644827658e-06;7.250004100684766e-06;6.361026499931379e-06;4.106558881636674e-06;5.6605299591807765e-06;5.113782296138186e-06;3.051611511746137e-05;2.382593813491288e-05;0.00013950409333772973;0.00013601952925709656;6.832517774409395e-05;1.4692676966280699e-05;1.4482311623689368e-06;2.1432003164745007e-05;7.256841680312621e-06;1.3851232048782349e-06;8.703084731979392e-06;2.3478984253785294e-06
01:47:30;379;4.558536785866223e-06;5.688077411072806e-06;3.210386117336745e-05;3.414449545728489e-06;5.665811498028523e-06;5.306212323833134e-06;5.896718762246874e-06;3.992732353065197e-06;3.317784456542809e-06;2.3657165640597357e-06;5.347979457584725e-06;7.497647505839598e-06;3.31542945114e-06;4.840170419452182e-06;3.741787379980947e-06;4.205515865520928e-06;7.139808473501817e-06;6.798943973714088e-06;8.144963442335418e-06;5.317475948755554e-06;3.723037623993012e-06;2.975917449118783e-06;6.983667695242764e-06;8.958766487967871e-06;3.921705450621527e-06;5.843635594656122e-06;4.2434892322167405e-06;3.039882729066433e-05;2.428012943455973e-05;0.00012621370656828524;9.268040820378311e-05;5.448430074874417e-05;1.000712092136761e-05;1.1855285052354198e-06;2.4907086807477148e-05;7.6740718643581e-06;1.2173127630814333e-06;9.872355367136364e-06;2.32548560571655e-06
01:47:47;380;4.5107965789270565e-06;5.641852682476637e-06;3.582572605859081e-05;3.5268349922936504e-06;5.312721592270526e-06;5.363012611135011e-06;5.852957996084611e-06;5.558909558929641e-06;3.7716223834587996e-06;2.465131305468498e-06;6.072956168491249e-06;5.27780569599527e-06;3.1353969505558283e-06;3.6535465794558646e-06;4.138661418745022e-06;4.191813262924036e-06;6.787304588629646e-06;6.7515095279419786e-06;7.953204721725573e-06;7.0314029506311895e-06;4.177201338314239e-06;3.1016528035113973e-06;7.5959173322005395e-06;6.892012940705724e-06;3.743690248357561e-06;4.5750292699693415e-06;4.901491443381963e-06;3.405477480582386e-05;2.9795445479522254e-05;0.00014000206105275613;0.00011369249781640551;5.540519880743356e-05;1.3786789791094647e-05;1.2517069671318078e-06;2.2572980303038598e-05;6.4580884659573565e-06;1.3929262330567622e-06;9.220952003792093e-06;2.2752909770772823e-06
01:48:04;381;4.364995831128805e-06;5.50066543043233e-06;3.805356945081875e-05;3.7864011417163757e-06;5.389340763237917e-06;4.99412141023599e-06;5.881446239767869e-06;3.852972049855907e-06;3.2295880930374468e-06;3.2999331112519443e-06;5.545578807638921e-06;7.232563743868199e-06;2.7627511772462556e-06;3.43211782904973e-06;2.9731336767081404e-06;4.4296468153149785e-06;7.024834608676463e-06;6.468369663914789e-06;7.986243118362904e-06;5.29462155860022e-06;3.6584603370827126e-06;3.972723388984907e-06;7.034569724838329e-06;8.650854995928828e-06;3.4470081780316926e-06;4.409710138847741e-06;3.630940601753905e-06;3.043550833089619e-05;2.6555623272399965e-05;0.0001616253426455541;0.00013083579867117956;5.0293750306111676e-05;1.3773321718544483e-05;1.0905745415100873e-06;2.3248804640920044e-05;6.821140635787103e-06;1.268095165215104e-06;8.607975207884944e-06;2.0868982738217256e-06
01:48:21;382;4.468495824028196e-06;5.641400669366151e-06;3.8422754889934056e-05;4.509083822121986e-06;4.751526545796671e-06;5.088942959797681e-06;6.074109667767144e-06;3.859530881878857e-06;3.946991635023716e-06;2.3799555117776094e-06;5.008772693251083e-06;7.262848329374223e-06;3.156779857798659e-06;4.475597428665878e-06;3.107808674165178e-06;5.234081794973278e-06;6.301224235772402e-06;6.765661360480442e-06;8.229621287199147e-06;5.369712244494541e-06;4.348660085373853e-06;3.135383037802e-06;6.6505533624554635e-06;8.748269724319585e-06;3.7377960981320017e-06;5.483924600343062e-06;3.6919181215862524e-06;3.3048644617688756e-05;2.5982480530507153e-05;0.0001517491828494627;0.00012880614674151109;5.846343003477196e-05;1.8066892666589972e-05;8.907212780934681e-07;2.395601110340044e-05;7.4601495578192994e-06;1.2013796314454453e-06;9.210179420495088e-06;2.2378402474233165e-06
01:48:38;383;4.272548978692922e-06;5.441151153741263e-06;4.036503967123378e-05;3.869907011248714e-06;4.658308793249365e-06;4.921963960604423e-06;6.4456244566393e-06;4.0498167273028685e-06;4.473025293676032e-06;2.8082569895363205e-06;5.630694474880536e-06;4.91010171576146e-06;2.7359100677092454e-06;3.4782959849751065e-06;3.2886804994802787e-06;4.571192062894049e-06;6.246914968478105e-06;6.486985034538106e-06;8.740267155270529e-06;5.327973102034372e-06;4.856063337165669e-06;3.5112090204798916e-06;7.248794294286245e-06;6.459637605283067e-06;3.437846357250053e-06;4.42903507075842e-06;3.977893981490398e-06;3.489603473785153e-05;2.5916007577280644e-05;0.00015145573214764632;0.00015160655254528902;5.4831947998609074e-05;1.9118007786170657e-05;9.217689268237884e-07;2.5215382412531134e-05;7.83935219258866e-06;1.361907980019381e-06;9.16278666016427e-06;2.0549950898308755e-06
01:48:55;384;3.85894475194639e-06;5.019595581744179e-06;3.426237887751363e-05;3.325639811697039e-06;4.280637740030422e-06;4.644003463480121e-06;5.500790519166995e-06;3.529735334886006e-06;3.685441351370338e-06;2.5804247898845873e-06;4.7647073712782495e-06;4.417011396317218e-06;3.114726729142541e-06;3.7378042624683614e-06;2.7264128819643414e-06;4.077334724455266e-06;5.852344679912181e-06;6.1515042828812255e-06;7.541783177174106e-06;4.955509187403791e-06;4.087528395757545e-06;3.166710164034065e-06;6.395752527307103e-06;5.999964413822914e-06;3.8649995410277016e-06;4.682956099299467e-06;3.458757947279266e-06;3.3471433429700434e-05;3.317995710451191e-05;0.00011801482847391164;0.0001078770410130268;5.406307620713659e-05;1.9289877998220614e-05;8.928294958835276e-07;2.3072421857531054e-05;7.48535629966302e-06;1.6067257192845004e-06;9.67031606415233e-06;2.524682867141184e-06
01:49:12;385;3.86360940041186e-06;5.044360420205395e-06;3.587843815197547e-05;4.330222852127525e-06;4.11023371168798e-06;4.656457757722489e-06;5.442886965053876e-06;3.666424808040409e-06;3.5742982692387284e-06;2.1246126787585498e-06;4.735316732830018e-06;4.30387288700858e-06;2.6371885252532676e-06;3.927860620675264e-06;2.853935496170059e-06;5.032003380482003e-06;5.6769794976884714e-06;6.173269843824114e-06;7.59560243405079e-06;5.065468543117403e-06;3.905513273211103e-06;2.7381452617168803e-06;6.490288428664561e-06;5.9028272021984054e-06;3.4043407336130143e-06;4.902035876696147e-06;3.645848489179139e-06;3.0019905748104816e-05;3.137595452888552e-05;0.00014384502320225555;0.00010996555614047353;5.8405200980712115e-05;1.2370581102471537e-05;9.79208013239538e-07;2.2694621576940644e-05;7.430918738389201e-06;1.2553074903651082e-06;9.564614821051445e-06;2.6343654808165256e-06
01:49:29;386;3.823626364539802e-06;5.0031435996890095e-06;3.372141183832595e-05;3.1912076372138514e-06;4.161743577474846e-06;4.928492390441554e-06;5.329097019183977e-06;3.2381845707489405e-06;2.834458012301866e-06;2.5791675103515774e-06;4.624695819511647e-06;4.580885372847248e-06;3.4492152781627863e-06;4.213460807730743e-06;2.7529071361892026e-06;3.974165076238311e-06;5.760389466892855e-06;6.379592746328209e-06;7.552805769430765e-06;4.705706116303329e-06;3.248900063364907e-06;3.2667158902883404e-06;6.293023345071699e-06;6.100381073384263e-06;4.114735546967426e-06;5.17197804871517e-06;3.46932816809604e-06;2.8869075468277638e-05;2.7510304195487382e-05;0.00012821758456751836;0.00011006892270850897;5.1593865647254824e-05;1.3729134407450585e-05;8.823751225221127e-07;2.3495073855203973e-05;7.180997989369199e-06;1.4798451600752294e-06;9.492375392835814e-06;2.1373875454074035e-06
01:49:46;387;3.6165653524862633e-06;4.780290605076861e-06;3.5754494960956055e-05;2.8795467053235124e-06;4.043225434135035e-06;4.565528839993828e-06;5.3108333798558185e-06;3.2698847175796883e-06;3.5024140455742656e-06;2.058746709029694e-06;4.534758339502787e-06;4.787516305978815e-06;2.5643771944704565e-06;3.207689274117601e-06;2.6742622451856524e-06;3.6282656483193403e-06;5.657245284527551e-06;6.039236806620604e-06;7.421012072237444e-06;4.733288612522854e-06;3.875745744752047e-06;2.6851314026926855e-06;6.209729057261455e-06;6.366409384617892e-06;3.181387969446785e-06;4.187626009758178e-06;3.3784075643020113e-06;3.258494535786464e-05;2.8521850099855923e-05;0.00013756601836109638;0.00011683414331847631;5.5079783812109854e-05;1.4465263105861148e-05;9.770656692528722e-07;2.3173565499237467e-05;7.134716375713735e-06;1.2393569507878972e-06;9.260197492761014e-06;2.2170334884552925e-06
01:50:04;388;3.5500366696407e-06;4.703947680251145e-06;3.583382313945944e-05;3.1803510943975963e-06;4.064951379945114e-06;4.6479760436439354e-06;5.23240599906413e-06;3.213133695435421e-06;2.9204216475423292e-06;2.267927943545477e-06;4.571048089859047e-06;4.248212374526681e-06;2.5031001434815505e-06;3.0883657068482182e-06;2.6625450054818987e-06;3.901623856534892e-06;5.6232543763915695e-06;6.147531650317951e-06;7.32042168191917e-06;4.622294046051058e-06;3.3418393683595113e-06;2.9231152433268005e-06;6.1704520968432225e-06;5.8708133570989155e-06;3.1437537579302994e-06;4.0524014855668325e-06;3.329870232443647e-06;3.3078843453644755e-05;2.762719161051969e-05;0.00013868760614197808;0.00011637033019562258;5.5356555856184726e-05;1.4728234109100556e-05;8.880721371179896e-07;2.3382671440714268e-05;7.098762302559013e-06;1.3526601353369843e-06;9.288549837769913e-06;2.1464004529646797e-06
01:50:21;389;3.5393745818623756e-06;4.728316629483789e-06;3.2507335208324774e-05;3.1019165576331242e-06;3.985787272756366e-06;4.599124185166271e-06;5.154964557037416e-06;3.36473201365741e-06;2.837113934692972e-06;2.209179551535747e-06;4.427726044233602e-06;4.260013549190427e-06;2.8759882720986627e-06;3.063819662943698e-06;2.5921283072317567e-06;3.8789414731259574e-06;5.582608678253829e-06;6.162305200195067e-06;7.330834527053838e-06;4.847676351185132e-06;3.2776113015113627e-06;2.8655003196818835e-06;6.144437923501732e-06;5.810149956877341e-06;3.5206086223193847e-06;3.977252655330849e-06;3.3418703357906623e-06;3.2264121966925676e-05;2.6868071273009332e-05;0.00012154600316706155;9.650984185267892e-05;5.6313021534949416e-05;1.2534546711361499e-05;8.968583287245619e-07;2.3141355250395565e-05;7.207117267119235e-06;1.4920458253901092e-06;9.20978481885854e-06;2.105254503422764e-06
01:50:38;390;3.5015740274182216e-06;4.683464495325166e-06;3.411413719308461e-05;3.127083102844546e-06;4.011512357687314e-06;4.482834187575174e-06;5.138717313648365e-06;3.1753173152666974e-06;3.088221265137101e-06;2.1055197956860123e-06;4.439933163912325e-06;4.2281602474567785e-06;2.6134060428456056e-06;3.0475563889030934e-06;2.5606262285487507e-06;3.88023587980063e-06;5.600331270457739e-06;6.028781094352746e-06;7.283573941555305e-06;4.617817213801561e-06;3.458988853881122e-06;2.767584298534173e-06;6.141807906588619e-06;5.8162639860814966e-06;3.2872799007996438e-06;4.023170570494413e-06;3.295736997021282e-06;3.1517426013540894e-05;2.7451068959213298e-05;0.0001299943811167252;0.00010789465372525266;5.4952694680806516e-05;1.3585551371730031e-05;9.690988232281325e-07;2.3161926073677718e-05;7.0993797234005885e-06;1.4278511425958774e-06;9.182027792669819e-06;2.1335868941747254e-06
01:50:55;391;6.494831449220907e-06;7.518624581188064e-06;2.8918239270215715e-05;7.555350433366667e-06;6.032346225285065e-06;7.178997588720325e-06;7.404559254227521e-06;5.874827082343679e-06;4.703115390146774e-06;4.570453895750988e-06;1.2851653536927188e-05;6.128909853812687e-06;4.267371867105009e-06;5.457359335991896e-06;5.913031037413868e-06;8.019241802317026e-06;7.433887178563112e-06;8.601184381865395e-06;9.518575840462014e-06;7.190055554664342e-06;4.992181770888502e-06;5.1032856235100485e-06;1.4106897294909629e-05;7.429773367094421e-06;4.943857574508462e-06;6.463330510662592e-06;6.421221098806407e-06;2.1990400102479886e-05;2.3490601307138773e-05;0.00011137885013235992;7.573872882699446e-05;5.0653936676635415e-05;1.5981191215013422e-05;9.948612964376035e-07;2.5617571959378408e-05;6.890209469366363e-06;1.7329878875490522e-06;9.770799590336679e-06;2.7787327788986527e-06
01:51:12;392;7.273628958289051e-06;8.378247313678141e-06;3.5185995182737354e-05;5.807446154516459e-06;1.5364501640585164e-05;6.35458631525022e-06;7.238329194530541e-06;7.85833878906446e-06;4.483993787506403e-06;4.861597354345225e-06;9.983080341219813e-06;7.8456179418202e-06;5.868493366085142e-06;6.3391657876882785e-06;5.278394942626557e-06;6.413927374385913e-06;1.6411880373013872e-05;7.74986756944519e-06;9.828402049100112e-06;9.19269181786494e-06;5.0203558991678265e-06;5.546270298095173e-06;1.131010580875342e-05;9.044843063978228e-06;6.759456065209852e-06;7.1882709792739255e-06;6.0728928537737605e-06;3.516879840067468e-05;1.7854326982553012e-05;0.00011360947510462287;0.0001325702158947729;4.698023829635294e-05;2.2121568793478186e-05;9.943918231071044e-07;3.2879359071313374e-05;7.77080412005391e-06;1.7100931486960445e-06;8.912181735382376e-06;1.6604888218409127e-06
01:51:29;393;6.357725275372352e-06;7.474204531844626e-06;4.1656941379916486e-05;4.3054842202975996e-06;6.805202913992306e-06;6.945320275261483e-06;8.30315357738052e-06;5.568804224380259e-06;3.983140394645736e-06;3.2443534619246024e-06;7.419109139241507e-06;1.0087973536278902e-05;6.374537914410894e-06;5.732534305671131e-06;7.523087628413805e-06;4.912242629180133e-06;8.325398263152721e-06;8.422762946309699e-06;1.0545341151728166e-05;7.112222805563427e-06;4.342337966084449e-06;3.7684532217790086e-06;9.034645291315347e-06;1.1650556914417716e-05;7.065139384452133e-06;6.637333738961134e-06;7.874017786820378e-06;3.19746617459357e-05;2.9383656332015056e-05;0.0001901959403797934;0.00014326022526562837;4.913340395461368e-05;1.3233405881421799e-05;1.4695179696284664e-06;2.2033449408972924e-05;6.6092018610148435e-06;1.5907604785020342e-06;9.544797045247811e-06;1.4542762362237943e-06
01:51:46;394;6.290619377321863e-06;7.287579730381125e-06;4.157017720610033e-05;4.829017467112738e-06;7.091383196534583e-06;7.0419747447400285e-06;6.823527540818346e-06;5.358848993805313e-06;5.757694368471985e-06;3.938713656640144e-06;7.34335427536466e-06;6.6348132282779595e-06;5.801073036725381e-06;6.29700099223514e-06;8.570029450861615e-06;5.573904143349427e-06;8.392283867763155e-06;8.169569550945993e-06;9.141133196413947e-06;6.7987592829703765e-06;5.789761330618868e-06;4.360824775602263e-06;8.912083869083428e-06;7.875957301540795e-06;6.220673438730057e-06;7.312429382101429e-06;8.903573917116692e-06;3.716624992504699e-05;2.8607368295662504e-05;0.00021743314447444307;0.00011034726313068809;5.149979854145042e-05;9.489814168606772e-06;7.392288207787913e-07;2.3374183832198626e-05;7.421312290561644e-06;1.1746418124712447e-06;9.094567697899652e-06;2.4945534833961456e-06
01:52:03;395;7.90082417138778e-06;8.930858596993605e-06;1.828325646065625e-05;2.1257475777050868e-05;8.699071426189096e-06;7.707503774606101e-06;9.355626273526758e-06;6.366998279878027e-06;4.643559721144315e-06;4.517487169634777e-06;7.238009162852615e-06;8.275344680054207e-06;4.538283801283879e-06;7.818728674764811e-06;4.391798512738308e-06;2.1396447848502837e-05;1.0038557527739705e-05;9.161551611502051e-06;1.1123914237607924e-05;7.631263793261002e-06;4.989318485853271e-06;5.0639249435288885e-06;8.745841068382187e-06;9.717714543581632e-06;5.062841202881735e-06;8.999561337480407e-06;5.239363967512308e-06;1.761286787351857e-05;2.2242860006687055e-05;4.606050594400895e-05;4.425728226978079e-05;3.6817785722691035e-05;9.156626279109812e-06;8.755596911597979e-07;2.1615137385883085e-05;8.717023593590196e-06;9.57970480197698e-07;8.931934353431573e-06;2.1535239278164244e-06
01:52:20;396;7.136988108542979e-06;8.336406061729737e-06;3.036445993868409e-05;4.914570267027846e-06;6.180915858971565e-06;8.633493523162047e-06;7.4776622014383065e-06;9.090685626812377e-06;4.564065378560982e-06;5.537789466426478e-06;1.59556873714192e-05;6.8178966504784846e-06;3.7714837305716484e-06;5.871647488866281e-06;6.827957843569266e-06;5.621049784259654e-06;7.614057560917727e-06;1.0444480871735288e-05;9.321631710641853e-06;1.0498172160404913e-05;4.95597544015047e-06;6.353845630563896e-06;1.790227518920548e-05;8.083264890357689e-06;4.571943150097733e-06;6.907969953294636e-06;7.76220184301956e-06;2.897338205133625e-05;2.5858818232617897e-05;0.00012085389827509693;6.059448223476553e-05;6.325678979077463e-05;1.526139511966238e-05;9.035757786939172e-07;2.8198042572370227e-05;6.942507632366166e-06;1.2451980680772752e-06;1.009000845582901e-05;2.195421052618906e-06
01:52:37;397;7.76642188071719e-06;8.896073602125951e-06;3.865223125113053e-05;4.363737891114025e-06;2.3673476330931077e-05;9.084191666049305e-06;9.069144778999833e-06;9.809414659788342e-06;5.554388523747051e-06;4.595230334106501e-06;7.297105644903985e-06;5.3985455924599925e-06;4.627045258458069e-06;5.164218188272426e-06;4.560560775569332e-06;5.0038460116572616e-06;2.5710455218681482e-05;1.0725761673907246e-05;1.1089277329200384e-05;1.0973292745215467e-05;5.7572058094707774e-06;5.214681262754588e-06;8.985428048848157e-06;6.912495552880293e-06;5.327615879282291e-06;5.943903557590026e-06;5.108915703675837e-06;2.9217666574204462e-05;5.17366838656433e-05;0.00015055279839526313;0.00011120767447917915;6.566693677360837e-05;1.2571183803537305e-05;1.32427182701012e-06;2.5362230409430368e-05;5.398643570812292e-06;1.7834892460102058e-06;7.085698196105859e-06;1.919497872761673e-06
01:52:54;398;7.8507106186459e-06;8.798445746891313e-06;2.860091384108848e-05;4.0161065309715385e-06;7.5394332218986e-06;8.042970399912974e-06;8.192456828804882e-06;2.2109155311382395e-05;5.045304082720102e-06;5.644640492554552e-06;9.913518585914392e-06;8.137203970839188e-06;4.032324884015927e-06;4.8105970068041355e-06;6.724812939880436e-06;4.951279103081589e-06;9.129685824081196e-06;9.330760211106522e-06;1.0436454178051452e-05;2.2561408087900027e-05;5.249178016877327e-06;6.148539735972285e-06;1.1219991743997479e-05;9.262223896637554e-06;4.820870048252466e-06;5.522132679991184e-06;6.9488219023811855e-06;3.08241424636874e-05;3.057588678408611e-05;0.00010523267719724282;4.5440353292953234e-05;7.095971590115847e-05;1.5222053055055489e-05;1.4375296068025288e-06;2.2794012118097164e-05;7.430714083713419e-06;2.6286379564981415e-06;7.822183965280632e-06;2.843059668486285e-06
01:53:11;399;7.031107615644445e-06;8.104985773812426e-06;2.656282593400877e-05;5.463002774516471e-06;5.6549939699834795e-06;6.649817028984857e-06;7.671893136773633e-06;7.214171829936979e-06;5.687329460551444e-06;3.6601202248414726e-06;9.35468100558203e-06;9.557001922773493e-06;1.2339537259461766e-05;6.058654294220518e-06;5.062086373186503e-06;6.0506322830705464e-06;7.194532746682312e-06;7.96668781950308e-06;9.686953956277855e-06;8.885145387213487e-06;6.061591107084761e-06;4.200530737980904e-06;1.052340386897551e-05;1.0840900934373523e-05;1.296184889932054e-05;7.175799089941105e-06;5.711797975488446e-06;3.42041981030549e-05;2.1895935145554762e-05;9.690391102547605e-05;5.679929050311964e-05;4.4484616559801515e-05;1.6167949135805062e-05;1.0635212391106866e-06;2.5979447763089518e-05;7.229457502264084e-06;2.5061060109399677e-06;8.833149390171928e-06;2.686328829717123e-06
01:53:28;400;8.196395250918572e-06;9.155718521181865e-06;3.2280678756680096e-05;4.764518433443175e-06;6.698776011469156e-06;1.0352215588356598e-05;7.5013297453226224e-06;5.202939605779151e-06;4.806396698985406e-06;7.64302084667954e-06;9.076736982391056e-06;7.498245081646618e-06;5.0141805661884185e-06;1.9353370203392924e-05;1.0445009912338968e-05;5.397448370486824e-06;8.032113385789798e-06;1.1254663581606604e-05;9.434202707734009e-06;6.807147709463883e-06;5.277102762285054e-06;8.124492000252424e-06;1.0355807596250641e-05;8.789513136043407e-06;5.7758591889138145e-06;2.023160509509845e-05;1.0388663144158848e-05;3.3271080506895645e-05;3.304768507867771e-05;0.00013735288050418205;8.134802379870642e-05;5.0122293747867595e-05;8.522257606310941e-06;7.248530960278241e-07;2.2670057775046508e-05;7.307724098377546e-06;1.5273883068575964e-06;8.798668682093986e-06;2.6752318791174394e-06
01:53:45;401;5.428594329130605e-06;6.5674811064783645e-06;2.671060370488625e-05;5.4271262196178585e-06;5.484483619255798e-06;5.8214025306116666e-06;7.569865296375156e-06;4.195554254238232e-06;4.833242503110569e-06;5.4647320507942e-06;5.479207998668946e-06;7.941626427830009e-06;4.031911759128093e-06;3.992332861716105e-06;4.901644458886846e-06;6.179485848682632e-06;6.917872948938969e-06;7.326682413194352e-06;9.50497584383385e-06;5.639697663562263e-06;5.2297684904467905e-06;6.235137510009713e-06;7.046095676362055e-06;9.587523822165743e-06;4.645535086580557e-06;4.839135879339228e-06;5.6578600655300274e-06;2.111650141374851e-05;2.8212022691207783e-05;8.792478928491586e-05;6.855020496097397e-05;5.673432534946447e-05;1.5230546184367533e-05;7.811450189957061e-07;2.165128868370436e-05;8.548698658994655e-06;1.4062054261899787e-06;7.952335553699336e-06;2.4191812323728852e-06
01:54:02;402;5.271766745806872e-06;6.419051329384608e-06;4.3847968352223123e-05;3.994380699817219e-06;7.574390847702778e-06;5.327549960621912e-06;6.4684056188081165e-06;4.859988109728874e-06;3.372112524728395e-06;3.2887416208508697e-06;6.837081988402877e-06;8.435444538757896e-06;4.786667593686451e-06;4.017694179933332e-06;4.298741426499543e-06;4.5923423852089605e-06;9.122352942460012e-06;6.824249495262917e-06;8.53105676826458e-06;6.127290221171924e-06;3.895365422021648e-06;3.868377329518243e-06;8.372970402393272e-06;1.0162295801577945e-05;5.425401658486189e-06;5.085652813687386e-06;5.021259580011062e-06;3.724768056852647e-05;3.06939681555087e-05;0.00020918946578450366;0.00013281622872573538;5.8790190052136644e-05;1.1189518702296483e-05;1.1301387887879158e-06;2.5769995216822174e-05;6.698555920984072e-06;1.5694953842295565e-06;9.12881702282475e-06;1.95156590432168e-06
01:54:19;403;6.1871014500008474e-06;7.334943065755777e-06;4.138597365876753e-05;4.2927483692975246e-06;6.056876137447179e-06;8.531764032552887e-06;7.723924931404078e-06;7.377853949916161e-06;4.2635332516996725e-06;4.3487048890385305e-06;6.756944113884732e-06;5.883450076541149e-06;4.630425879978165e-06;7.3216623235339284e-06;7.05732776072988e-06;5.052061114723454e-06;7.433135199133613e-06;9.575974100019416e-06;9.99204411516386e-06;9.262028366789263e-06;4.604469049348764e-06;4.916853337035027e-06;8.565609813201804e-06;7.341151106779359e-06;5.592414654414295e-06;8.121521130052787e-06;7.562052377568163e-06;2.689895441884303e-05;3.224323158273998e-05;0.00015822010366029867;0.00015655712388459698;5.0290692069854246e-05;2.446490676031904e-05;5.789945112763269e-07;2.7820381342193318e-05;6.5688636222621875e-06;1.7302226469413557e-06;9.415323493448024e-06;1.8428859124372353e-06
01:54:36;404;5.661250952471164e-06;6.8656921352549376e-06;4.4652303273342697e-05;5.3893888624594926e-06;4.9437481457268655e-06;1.0226826585902803e-05;7.19102269286509e-06;5.3365279713608e-06;3.4704090797855645e-06;2.970020783007757e-06;6.1126018247844884e-06;7.130179274319269e-06;4.5146998995836505e-06;6.7372162927302846e-06;3.9123682052439275e-06;6.202863598354028e-06;6.421530980344558e-06;1.149353445012084e-05;9.433348548301655e-06;6.966247371876099e-06;3.937901202691505e-06;3.5702299984694933e-06;7.674252041788695e-06;8.786786755864122e-06;5.30284259345731e-06;7.918042436220368e-06;4.680723459617333e-06;3.1677661137448914e-05;3.333278198562518e-05;0.00022379843874964668;0.00014792691621291518;4.673896531937213e-05;8.193045709898678e-06;2.2807505504595237e-06;2.440624475939826e-05;6.433496310204112e-06;1.0523310952580567e-06;7.981603009738697e-06;2.005404440146933e-06
01:54:54;405;5.536952761014453e-06;6.666035972822227e-06;3.691144425434671e-05;4.680496191672939e-06;5.368875188467697e-06;5.922289490327288e-06;6.733362441996798e-06;4.014947144849078e-06;3.7558955296193828e-06;2.318524753115851e-06;8.208268073159077e-06;6.754544416312766e-06;4.070053694637078e-06;4.445229404449368e-06;1.0170944993862205e-05;5.298807516599574e-06;6.6661350616943566e-06;7.358467767897056e-06;8.937217922099495e-06;5.377045337659586e-06;4.231842769766882e-06;3.004968218042853e-06;9.882625795110965e-06;8.393130371322386e-06;4.851685320364261e-06;5.479451426219407e-06;1.0511052625841767e-05;2.8390047397924074e-05;2.6693833914895613e-05;0.0001717890091933261;0.00010362182653719387;5.807510776022475e-05;9.448935460103597e-06;1.1931861478106869e-06;2.589033627683901e-05;6.43811036108356e-06;1.2497392875066656e-06;8.479397728803393e-06;1.6678009864490955e-06
01:55:11;406;4.876251820591775e-06;6.069856928799617e-06;4.38742452805644e-05;3.265525428730598e-06;8.105488904871807e-06;5.436134273072536e-06;5.912593272680314e-06;3.7912535446402917e-06;5.930522623613528e-06;3.0308044210094276e-06;5.281221506175433e-06;5.0462741660469e-06;2.737269524095092e-06;6.642701644339737e-06;3.3352306125777886e-06;3.9456960903523015e-06;9.812941387488397e-06;7.110746917279829e-06;8.218440534965108e-06;5.15701943393513e-06;6.221899198701781e-06;3.822504455928527e-06;6.952712294749497e-06;6.601568449834211e-06;3.4415869074880996e-06;7.528924844693761e-06;4.024240421200329e-06;2.5126151132500947e-05;3.783500810767773e-05;0.0001872003643377432;0.00015763521918099778;5.390435417758127e-05;1.973421054283329e-05;1.0603327283910387e-06;2.240005655858032e-05;7.157846350378257e-06;1.539081502660748e-06;1.1022433640310203e-05;1.8758851071178758e-06
01:55:28;407;5.722082562442665e-06;6.861841743384618e-06;3.602679316756858e-05;3.602430662784751e-06;5.9510574452949845e-06;6.122191804988378e-06;6.065737238714064e-06;4.8123772551569095e-06;3.1834044391261656e-06;3.0091801388465456e-06;6.652768569249577e-06;9.640834208048751e-06;1.148025435200721e-05;3.916418529441175e-06;4.228334381133953e-06;4.2457833951860416e-06;7.671150307965323e-06;7.504869849578392e-06;8.147408238925625e-06;6.081878716112085e-06;3.560105599867308e-06;3.68580187333015e-06;8.175814705685333e-06;1.088223872344154e-05;1.2562315026150805e-05;4.955692008790513e-06;4.8690400881587035e-06;2.7645252564265255e-05;4.275666037728423e-05;0.00016543342609783875;9.690347939338861e-05;4.675447685092265e-05;8.468029644718145e-06;7.212803751959257e-07;2.3494521276455194e-05;5.914548804602306e-06;2.716685710685094e-06;9.494720370201454e-06;2.0184365452654554e-06
01:55:45;408;4.141820778226123e-06;5.328289688217801e-06;3.307156239711439e-05;3.89491005460162e-06;4.888002343893628e-06;5.457799186168379e-06;5.658574719740789e-06;3.4353942349437974e-06;2.788665165454063e-06;2.961026738549063e-06;5.415200360206737e-06;5.60841263725303e-06;2.7565086521231694e-06;3.3307165739803293e-06;3.506636924267458e-06;4.542142105607656e-06;6.494994217570786e-06;7.004186241092496e-06;7.924072142889634e-06;4.907371043131368e-06;3.2463946313961243e-06;3.7128939849728477e-06;7.086239575188831e-06;7.0604377285661355e-06;3.4880576745481333e-06;4.295827480584908e-06;4.176857582415668e-06;2.4729524979064438e-05;2.785715396068455e-05;0.00012205812068476055;0.00011496746828647954;5.234693719794189e-05;1.26888262150172e-05;5.831409902336125e-07;2.3975745608191938e-05;6.254884292920211e-06;1.3304895617903719e-06;8.317606936546442e-06;1.748850051741864e-06
01:56:02;409;4.140471617766004e-06;5.301901666503518e-06;3.984355592598342e-05;3.1868580556704273e-06;5.148820129040711e-06;5.331701676683761e-06;5.670476489815325e-06;3.6217244453563455e-06;2.8781814192574924e-06;2.786228179245272e-06;4.742455261789886e-06;4.495067373514158e-06;3.20902677327953e-06;4.7885091373312996e-06;3.826608743328176e-06;3.897916145963135e-06;6.7101886825300046e-06;6.951512964808933e-06;7.863468670022278e-06;4.9966831652512424e-06;3.3022279383865543e-06;3.4136593947412715e-06;6.4068772880540265e-06;6.009428845941386e-06;3.85221262402848e-06;5.7344721403463645e-06;4.484169563465336e-06;3.6434966001548925e-05;2.593811848128835e-05;0.00019558123743678604;0.00012522210823799208;4.4986467119456335e-05;9.01694037948999e-06;8.057184897218578e-07;2.2658860551021236e-05;5.934410957403936e-06;1.246012726503214e-06;8.40542393376489e-06;1.892406796824077e-06
01:56:19;410;3.915541475859899e-06;5.111104362381584e-06;3.019277582426659e-05;4.3080883390768e-06;4.372548574206224e-06;4.76702282658049e-06;5.395227903710003e-06;3.6447041393020383e-06;2.903527277195198e-06;2.0444234009143645e-06;4.786247397122039e-06;4.52946039624697e-06;3.2890347898147225e-06;3.245970449034468e-06;3.700240753639667e-06;4.980095389305173e-06;5.9934742135806985e-06;6.432211522005213e-06;7.549147148547721e-06;5.090951512551028e-06;3.341687733143173e-06;2.661559727740392e-06;6.453629431476495e-06;6.1531512914417025e-06;4.142407392406957e-06;4.1740661661698384e-06;4.3608686774295844e-06;2.2982046145546387e-05;3.0272765868993916e-05;0.00011114045277975288;8.971876511721234e-05;5.2528697960964106e-05;1.3500128091672427e-05;6.701393038563003e-07;2.2239000566308622e-05;6.380731329739779e-06;1.7297039192475558e-06;8.973604344473503e-06;2.177274463431246e-06
01:56:36;411;4.418834902188771e-06;5.5712260671245095e-06;3.5545872559092436e-05;3.2755320355061133e-06;4.738876220887857e-06;4.686073350448148e-06;5.248823328620554e-06;8.19794912907603e-06;3.221820077473322e-06;3.426797776610742e-06;6.139554033653254e-06;4.454510748788917e-06;2.482660388380964e-06;4.182888019954589e-06;2.9705317757911973e-06;3.965403027306613e-06;6.3517977132851e-06;6.234265474401432e-06;7.408281374099013e-06;9.66736234094921e-06;3.629584689060951e-06;4.081910868633345e-06;7.811470195635213e-06;5.8976901113331945e-06;3.1307442895922577e-06;5.0932472397936535e-06;3.582953410576793e-06;3.160513117489667e-05;3.0015305186667397e-05;0.00012920307749951526;0.0001060049997069677;6.717850045298979e-05;1.7604268166291296e-05;8.410611013867629e-07;2.4453199179599895e-05;6.511610365443682e-06;1.26171772619234e-06;9.397438697134302e-06;2.4741614520241213e-06
01:56:53;412;3.6852445911056915e-06;4.8626891816351e-06;3.253675562242939e-05;3.2013563491452923e-06;4.384819764815327e-06;4.624325453309294e-06;5.329853654504032e-06;3.4168190311848177e-06;2.9774931888937317e-06;2.0117534259869982e-06;5.052659885313398e-06;4.5530293994808995e-06;2.9172244377726675e-06;3.214076082129354e-06;2.5395233231054446e-06;3.916345688974362e-06;5.9263737667503006e-06;6.144992594387606e-06;7.491723834713803e-06;4.83902002525622e-06;3.466609288369898e-06;2.685439125619994e-06;6.670416899431052e-06;6.124444582060796e-06;3.6417089988758617e-06;4.157242854121193e-06;3.2879503221552058e-06;3.183858564027455e-05;2.6926798488696214e-05;0.00012959572698942751;8.965363867707189e-05;5.646324991210189e-05;1.2640977738613586e-05;8.132225975595623e-07;2.3640429228152435e-05;6.509869920576539e-06;1.4439384463087344e-06;9.037913934998983e-06;1.876715895370728e-06
01:57:10;413;3.6949551717281213e-06;4.878054507479405e-06;4.015433899057733e-05;2.865622869663298e-06;4.2436191126750025e-06;4.428887679869769e-06;5.777746788802253e-06;3.1718128850661227e-06;2.8324427882738106e-06;2.074137687057099e-06;4.558859416192718e-06;4.537413657084761e-06;3.503827883832855e-06;3.574968066547254e-06;2.7701220743510517e-06;3.5288370684070343e-06;5.7887116384600755e-06;5.966820394917969e-06;8.095058080781903e-06;4.573737934278361e-06;3.2398035578301494e-06;2.767196573171808e-06;6.2234149320633885e-06;6.103250509021322e-06;4.202348308457589e-06;4.572484247638627e-06;3.474989161008171e-06;3.0109832169988943e-05;3.6103168382492346e-05;0.00016494836122423173;0.00013888540326815015;5.4639439779264725e-05;1.3427678952044236e-05;1.0484554597355252e-06;2.3243490098504048e-05;6.392361361236839e-06;1.4831913016971625e-06;9.601964155557508e-06;1.9687217340248364e-06
01:57:27;414;3.643844078350288e-06;4.83266878774562e-06;3.5446253602454757e-05;2.810606015399034e-06;4.247218438603216e-06;4.3748877900575485e-06;5.031043610482687e-06;3.3549011316903363e-06;2.7176098866215686e-06;2.1574276157888437e-06;4.597822400466033e-06;4.367988066113846e-06;3.0941697761541964e-06;3.540667856844431e-06;3.4317852485411424e-06;3.543594460362455e-06;5.760493854435067e-06;5.941184375658366e-06;7.303110921004444e-06;4.827790806452464e-06;3.1752601668663775e-06;2.8639998534552296e-06;6.3366126861309785e-06;5.8633013050214835e-06;3.892468333140618e-06;4.473407003227098e-06;4.010799609170158e-06;3.323374513076903e-05;3.7460396304129586e-05;0.0001353169776541452;0.00010472269295456246;5.674375536577612e-05;1.5618753517232787e-05;8.352348553700352e-07;2.2406831462421092e-05;6.251484866501283e-06;1.5651165873782724e-06;9.098133661766956e-06;2.101920869404307e-06
01:57:44;415;3.621311212110744e-06;4.801858489073208e-06;3.538183637622716e-05;2.9042150284652735e-06;3.942611590575367e-06;4.435078842523023e-06;5.0547552616303e-06;3.1612313042020643e-06;3.7379606574461377e-06;2.3267718617280377e-06;4.361875226586355e-06;4.163854927438396e-06;2.9532255162546437e-06;3.802215705112582e-06;2.6119375499627555e-06;3.62913492378389e-06;5.469625944851366e-06;5.912430487678879e-06;7.283938657565159e-06;4.634956060070618e-06;4.086135398130311e-06;3.0194270381418643e-06;6.065107993579866e-06;5.675713360181396e-06;3.7133240349375446e-06;4.775363092299306e-06;3.357142824099839e-06;3.419236255021873e-05;3.151044901978342e-05;0.00013283192125059507;0.00011433181342346404;5.117334842064431e-05;1.840192063917127e-05;7.79538235530988e-07;2.192205853840327e-05;6.818633999616714e-06;1.2998345274970536e-06;9.283344420261445e-06;2.0368114895395517e-06
01:58:01;416;3.6044723262694913e-06;4.790220373251941e-06;3.5698181297403837e-05;2.847104108673968e-06;4.5389512518635335e-06;4.636455487821484e-06;5.546715928258808e-06;3.4435525025406317e-06;2.626781907948002e-06;2.2601066891134924e-06;4.538211529398433e-06;4.228266080536452e-06;2.3655774401957914e-06;3.623605359205261e-06;2.598338540367577e-06;3.545595918579618e-06;6.027152008018559e-06;6.10468234437484e-06;7.857607457320032e-06;4.8526402840448275e-06;3.0791605591799406e-06;2.9960751874833605e-06;6.19565324524058e-06;5.72949763029354e-06;3.055501971359746e-06;4.624778126480457e-06;3.414297760725817e-06;2.882764679201522e-05;2.6761082507514764e-05;0.00014789721272537667;0.00011548485561389474;5.68399919069167e-05;1.0638187375360381e-05;8.894416801394542e-07;2.2225803019416446e-05;6.2771996403352025e-06;1.2606853745125563e-06;9.347339925392422e-06;1.9287290079715232e-06
01:58:18;417;3.3711177432590747e-06;4.563588056872861e-06;3.4145566006652e-05;2.686799089960087e-06;3.78149455926291e-06;4.164711078144282e-06;4.968430466399034e-06;3.1233526905018816e-06;2.746900669915352e-06;2.2980839892868103e-06;4.255437560632655e-06;3.982322871626758e-06;2.7446566130154535e-06;3.2967372424702095e-06;2.4044851942244865e-06;3.4372516542065615e-06;5.3479291959256785e-06;5.733057254405185e-06;7.0965397696189815e-06;4.585076311154289e-06;3.220465829674393e-06;2.984215162150231e-06;5.877181886521439e-06;5.585515676597701e-06;3.4603919106348834e-06;4.2704702156951024e-06;3.16495987745735e-06;3.2558780743243286e-05;2.9504443776138484e-05;0.00013457685138630309;0.00010401594841227329;5.354480803853009e-05;1.3065344540874629e-05;8.796829680981394e-07;2.251824618065928e-05;6.661446575659448e-06;1.3215257320282576e-06;9.036453191660402e-06;2.063260534355651e-06
01:58:35;418;3.342453952887519e-06;4.5278837154035475e-06;3.576105945108668e-05;3.002444912167138e-06;3.811467532699453e-06;4.225451054263761e-06;4.966767379114985e-06;3.280955827668983e-06;2.5757750633010286e-06;2.0344364633344143e-06;4.1799006454048344e-06;3.986246535767825e-06;2.4658278573755608e-06;3.0685681657871555e-06;2.5116050010674163e-06;3.772373460539907e-06;5.337659299757318e-06;5.769536108323049e-06;7.22372839005356e-06;4.691247342254682e-06;3.05846753137671e-06;2.700369584919274e-06;5.852132370462273e-06;5.531463269602959e-06;3.152344226081472e-06;4.040510406458118e-06;3.204770800488105e-06;2.9221763617821872e-05;2.9310885951464507e-05;0.00014311464303097603;0.00011597932542283309;5.733421857712066e-05;1.1904037356165284e-05;9.453380226333057e-07;2.255271664362753e-05;6.352815121663885e-06;1.2935239085145032e-06;9.145911140317117e-06;1.9775346199024137e-06
01:58:52;419;3.29582771385617e-06;4.4789014535564105e-06;3.3482123941439715e-05;3.0502326163043976e-06;3.76178924713341e-06;4.279050877187274e-06;4.831612240640094e-06;3.07464551289756e-06;2.742567535013956e-06;1.8979420767935422e-06;4.190834117875656e-06;3.965012016816548e-06;2.387913646211876e-06;2.9327773161921558e-06;2.4355544772899664e-06;3.779009700879157e-06;5.32375247530581e-06;5.804400678220812e-06;7.023956488663753e-06;4.479248365344033e-06;3.1965173317835653e-06;2.528581731733343e-06;5.89701111021907e-06;5.526272711386245e-06;3.078918452265958e-06;3.922635780235154e-06;3.186511435160355e-06;2.8530546902909058e-05;2.8475211658857058e-05;0.00013037827522584483;0.00010492802760845325;5.5229918187496984e-05;1.2047424920920668e-05;9.082210373132755e-07;2.2667862510831225e-05;6.3804913419827284e-06;1.3582992319280462e-06;8.964624855863895e-06;1.9165838148755834e-06
01:59:09;420;3.2842440808942475e-06;4.467543807481025e-06;3.394802648901552e-05;2.922218015203012e-06;3.83001314445282e-06;4.1973506861707355e-06;4.830716257877364e-06;2.984664061274471e-06;2.8472270315983326e-06;1.9187387547086647e-06;4.138262635031899e-06;4.022846677997904e-06;2.4118899496595634e-06;2.8892598342105718e-06;2.4177410531804484e-06;3.6595360908697467e-06;5.3316445206015675e-06;5.754924808271322e-06;7.012863966050231e-06;4.44258727430345e-06;3.2680977336538123e-06;2.5890727870261534e-06;5.83613793619579e-06;5.559289346348134e-06;3.1268131469684554e-06;3.895239848433551e-06;3.134316105537943e-06;2.977679792001163e-05;2.9270212431621145e-05;0.00013351451667212614;0.00010548456090696985;5.5023479678569175e-05;1.2062489156205152e-05;9.201721073897619e-07;2.27567067828911e-05;6.3499001625596435e-06;1.3127834164269742e-06;8.956918538931535e-06;1.947780094484171e-06
01:59:26;421;8.559449838039448e-06;9.655181915886829e-06;3.475303645929025e-05;1.407637128313478e-05;1.1607582902942424e-05;7.71873699017595e-06;7.955934193791915e-06;1.0620034632712429e-05;3.7461513661634687e-06;1.0825861274745627e-05;8.820776632748304e-06;7.48335918904724e-06;4.71623939158793e-06;7.573535918807424e-06;7.568810798633504e-06;1.4818379803486256e-05;1.3754482120308654e-05;9.120359024990062e-06;1.0267222161836557e-05;1.1475556877047882e-05;4.106627902498836e-06;1.1604315613446569e-05;9.899223658965039e-06;8.712633592074758e-06;5.504615955942427e-06;8.575178566665088e-06;8.02358467981206e-06;2.1269522616245665e-05;3.584075908471892e-05;0.00011611784008355848;0.00013275769523670336;5.762674109765006e-05;1.486055076882089e-05;8.95084107180828e-07;2.190623498513742e-05;5.178990203556482e-06;1.0523972005070507e-06;8.15656091469215e-06;1.3740612127115081e-06
01:59:44;422;5.852650645010726e-06;7.0482903619092755e-06;3.011465475285849e-05;4.92838164621968e-06;5.971229572697791e-06;6.567754753787498e-06;9.032007069203535e-06;5.033134699966075e-06;5.9980375039262155e-06;3.0636647387893845e-06;7.81274602765982e-06;8.633269500018576e-06;4.547400288727617e-06;4.616916228721896e-06;4.027263943904493e-06;5.689422228506028e-06;7.371700708581212e-06;8.186849541582692e-06;1.1770066377514151e-05;6.35278519715755e-06;6.34475986195947e-06;3.5971272523114104e-06;9.48906494205069e-06;1.0274527234793788e-05;5.189452340231053e-06;5.4948437519681336e-06;4.818882979335182e-06;2.6576321460124437e-05;2.6723343974704783e-05;0.00011266032899903655;9.27834524441741e-05;4.622356129881067e-05;1.4323789505709135e-05;8.282407759637501e-07;2.2173540120475187e-05;6.7662580493907495e-06;1.3825576458375988e-06;8.779777230599476e-06;2.1546855294754635e-06
02:00:01;423;7.383865342350501e-06;8.438012513049873e-06;2.7367575483661444e-05;9.147586726240577e-06;7.953260625919773e-06;6.5561509110523275e-06;1.1100585483864672e-05;5.6213134149112936e-06;4.447637717029031e-06;3.973933541830248e-06;1.0637143678205906e-05;6.172651017069794e-06;4.422875640195591e-06;1.2317495477082668e-05;6.255747621576223e-06;9.728959613784343e-06;9.28666914556812e-06;7.935433270084772e-06;1.3299203152500116e-05;6.872878438565449e-06;4.8236539856312635e-06;4.653435904470779e-06;1.2015656454733992e-05;7.673088596594781e-06;5.1667357845734026e-06;1.323469990018543e-05;6.565732454689595e-06;3.8331463596239024e-05;2.921117954100545e-05;0.00010370884231399028;5.546469342625408e-05;4.378585697352412e-05;9.174216702003322e-06;1.1464033253448185e-06;2.6382742651040188e-05;6.705603777217835e-06;1.7551133823961073e-06;1.0542101864815074e-05;2.202688250107018e-06
02:00:18;424;7.048362459339717e-06;8.134684851282582e-06;2.714192537608274e-05;8.095434570779245e-06;6.800114327954919e-06;5.812877721793215e-06;9.377020417518493e-06;5.86436747599092e-06;4.38101780566378e-06;4.014250753540822e-06;7.273711843099178e-06;1.0157206524752382e-05;6.734682961771134e-06;4.710313018498689e-06;1.1359350384442347e-05;8.293877116660883e-06;8.444458222883544e-06;7.112749043227279e-06;1.1768794926946256e-05;7.267953778749341e-06;4.756355145195524e-06;5.112628445249932e-06;8.731492724547036e-06;1.139036156686577e-05;7.54795628036166e-06;5.6289991363560665e-06;1.156058835442332e-05;2.5138902405503464e-05;2.7379257563916152e-05;0.00010230011730778132;6.53451259819946e-05;5.253010068302246e-05;9.787773867216291e-06;9.602240088446536e-07;2.4613552890557745e-05;6.017965813827691e-06;1.803122639341723e-06;8.539729685215299e-06;1.2872316657714644e-06
02:00:35;425;8.789417997625357e-06;1.0017377612309212e-05;3.029547213693385e-05;4.356404118898251e-06;8.966814211222838e-06;7.156237948568002e-06;8.512398883391887e-06;1.0223329284868173e-05;4.749995075896281e-06;4.226257814498137e-06;9.1851768179264e-06;8.027607276775681e-06;2.3107607249399237e-05;1.1222293092704273e-05;5.738890366560864e-06;4.889864845908154e-06;1.0375248949239442e-05;8.451881484101641e-06;1.0743552414894537e-05;1.1741425802213172e-05;5.138930470786386e-06;5.044864110459457e-06;1.0909600808225128e-05;9.187594600859218e-06;2.4767342495844004e-05;1.2591144120132056e-05;6.367077845954808e-06;2.710676479236392e-05;2.419157772953613e-05;0.00010880627488155587;9.853250262010152e-05;4.2116994749913356e-05;1.560979181218826e-05;1.2058634231301535e-06;2.1560770659181087e-05;5.8506004849763825e-06;7.347508260431457e-06;8.57441750205918e-06;2.642598727768818e-06
02:00:52;426;6.8968730440649946e-06;7.953618369126012e-06;3.181263767800136e-05;3.5958541017516215e-06;9.75259197844025e-06;7.12852479170775e-06;7.678044853000962e-06;1.2525331114752383e-05;4.461768181908031e-06;7.762731200955386e-06;6.753160957631818e-06;7.1757045809952365e-06;3.902752125190483e-06;6.106767701781606e-06;5.9192428536066055e-06;4.226181686193096e-06;1.1352700859120726e-05;8.617531380601761e-06;9.875297466719588e-06;1.3527477055009236e-05;4.744197563992156e-06;7.5801261872687905e-06;8.14756426907364e-06;9.031164361520588e-06;4.550782699580747e-06;6.825253583169969e-06;6.965140407454426e-06;3.017788506725624e-05;1.6833846584146542e-05;0.00011118379442434003;9.477035066620915e-05;6.810109098807502e-05;1.9708820650514952e-05;2.0009012286850375e-06;2.0556489318688647e-05;5.7553399608024924e-06;8.788173984726382e-07;9.80337785039346e-06;1.9809379984320926e-06
02:01:09;427;7.08946170778869e-06;8.179361919223705e-06;2.7786041419115274e-05;6.8121064855249225e-06;5.7053203486842365e-06;1.1994712033149632e-05;7.427675954700548e-06;6.428015543362293e-06;4.121051688666842e-06;3.5540798301137886e-06;1.1297262951550444e-05;7.188554278705149e-06;5.730021580128343e-06;9.295115388981271e-06;5.519622262927339e-06;7.383014822671267e-06;7.191487286404538e-06;1.304977124877778e-05;9.621800179243283e-06;7.885262733262734e-06;4.527722680156526e-06;4.19328052683778e-06;1.2360685185383404e-05;8.58773559160955e-06;6.487188459145785e-06;1.06535077710633e-05;6.210882650555481e-06;2.121752835143572e-05;2.953310781590635e-05;9.744108035467577e-05;6.927541782217615e-05;5.5904470049467494e-05;1.4553560106310871e-05;9.270320998338229e-07;2.613721487088769e-05;7.047863198971577e-06;1.5692138632465556e-06;7.860406879583376e-06;1.9656016168878254e-06
02:01:26;428;7.053243633430901e-06;8.321853121880757e-06;4.6262518993256024e-05;4.321948407886628e-06;6.942905532593034e-06;6.061857357893401e-06;9.389585223764449e-06;5.149235692543512e-06;6.531824749280511e-06;1.3646235153430553e-05;8.05895213770472e-06;6.589046464323577e-06;4.3062245631956974e-06;9.688547226393108e-06;3.952559151734001e-06;4.911948260858573e-06;8.296025717305682e-06;7.865291225450935e-06;1.197002567798474e-05;6.605651029082155e-06;6.8744513031606975e-06;1.477289079278457e-05;9.680839129826761e-06;8.138535991471329e-06;5.170319061303589e-06;1.0971038182681614e-05;4.6052178340342155e-06;2.8304859818170447e-05;4.01551807659557e-05;0.0002016855469019931;0.0001489737745773823;6.112409435140262e-05;2.5437189297851666e-05;1.2110630924398726e-06;2.7008468191384096e-05;7.608974979045315e-06;1.564571639625808e-06;9.702868338006018e-06;2.3736359658153843e-06
02:01:43;429;7.957393378241953e-06;8.954963113519856e-06;3.3188798771095784e-05;8.499795737551805e-06;5.635155605819943e-06;1.9366173564673193e-05;8.974155638890641e-06;8.993738606219184e-06;6.25743012799324e-06;3.1301738394001237e-06;7.11612784827635e-06;8.768504963411901e-06;9.648181403385728e-06;4.092388486430888e-06;5.006891352107604e-06;9.128640049081546e-06;7.019380697058779e-06;1.994149834335755e-05;1.1207357930069968e-05;1.0099739765907163e-05;6.626700303945366e-06;3.8141168900012097e-06;8.739862792774861e-06;1.0105188830723968e-05;1.0369644711962665e-05;4.971577798734202e-06;5.435846426597074e-06;2.2152239868210473e-05;2.6084728762054724e-05;9.655110014766436e-05;0.00011105386955786736;6.372576189842304e-05;3.7524561444956236e-05;7.284374861680211e-07;1.990827635083992e-05;5.562805930964173e-06;2.9649592579931935e-06;1.0431690189168303e-05;1.5771543588396292e-06
02:02:00;430;5.463864122842469e-06;6.651813927868416e-06;2.8301618639467428e-05;7.421023402090751e-06;5.759182241730927e-06;5.87186694483483e-06;6.946842358569359e-06;4.729695155767579e-06;3.884946385116192e-06;4.034154765878125e-06;5.6447625011396045e-06;6.609159866984142e-06;3.332674907919785e-06;7.79644707581507e-06;3.5356120392616606e-06;8.141688593678748e-06;7.088615140812088e-06;7.406180320455711e-06;9.280593243187745e-06;6.309312357764531e-06;4.206223843827006e-06;4.805072876479244e-06;7.317888393796998e-06;8.05890829701351e-06;4.173218617842959e-06;8.78713710128206e-06;4.246926192547706e-06;2.5999007343220222e-05;2.5648716129479345e-05;0.00010066383615697235;8.037254267793687e-05;5.3328125326478174e-05;1.0975133366303623e-05;9.967690745328064e-07;2.2944303978760345e-05;7.40731802848955e-06;7.363998026999494e-07;8.88276257126275e-06;1.6645092174732004e-06
02:02:17;431;5.4821624159857985e-06;6.601776620507597e-06;2.405023457393408e-05;5.374351293532052e-06;5.2029382479965784e-06;7.385806266378061e-06;1.2847642824195562e-05;4.5166413863933546e-06;3.1456379198405413e-06;2.5709469276723564e-06;6.9482547883384624e-06;5.1136628255480074e-06;4.801156978247305e-06;4.350179602723032e-06;3.5287280397901877e-06;5.995415504118302e-06;6.836776938604389e-06;8.788116609806981e-06;1.4969563081545925e-05;5.9048104158367245e-06;3.5214686905891527e-06;3.197638033604643e-06;8.391755698862135e-06;6.704285241643378e-06;5.452563562334657e-06;5.134405251116237e-06;4.3245187400684755e-06;2.5361678150363267e-05;3.8510843205853375e-05;6.0724520101452015e-05;5.2329317648801996e-05;5.756657326476364e-05;1.0824980101199503e-05;8.199098997524832e-07;2.158033661893118e-05;7.12005202220273e-06;2.4942043070321206e-06;9.128120477127475e-06;2.1422790897291654e-06
02:02:34;432;7.255489178832746e-06;8.285489773790019e-06;2.764293243489431e-05;2.19519924410282e-05;4.9669325722267e-06;1.5560888890966204e-05;6.539145072214193e-06;4.630362955928356e-06;4.283304905912515e-06;5.558272913445834e-06;5.917305504254955e-06;5.088498981044929e-06;4.47159737084555e-06;3.961630568806061e-06;4.135935393440542e-06;2.2049536422441e-05;6.423461048983928e-06;1.6374147012184154e-05;8.708410065612295e-06;6.09422785819794e-06;4.550547859989935e-06;6.325749479942658e-06;7.572825647394329e-06;6.49839922758313e-06;4.979475131187451e-06;4.825428035635209e-06;5.023665856910318e-06;2.080052374940907e-05;2.1394014766265913e-05;9.927959232268047e-05;7.188474220361263e-05;6.338752119712449e-05;1.1680190401144114e-05;7.882755088811871e-07;2.292652450405859e-05;6.838302332780292e-06;1.8309040667642478e-06;8.691487664403807e-06;2.213110501606873e-06
02:02:51;433;5.4727864628809835e-06;6.603741744987053e-06;2.877563422822762e-05;4.77936204584301e-06;9.422445849338601e-06;7.439000297376259e-06;6.379708489651586e-06;4.430701344078485e-06;3.324989538972483e-06;5.156016892791306e-06;6.210751140207032e-06;6.14193684969874e-06;4.4201205343147816e-06;4.610192350055926e-06;3.3582105800824347e-06;5.371288277930507e-06;1.0916732680004626e-05;8.856647191005553e-06;8.675570410836187e-06;5.74164123233309e-06;3.744025126609272e-06;5.700949607591058e-06;7.664483153440656e-06;7.67009829889756e-06;5.191579294326322e-06;5.596532814764297e-06;4.115350186940661e-06;2.8536468468100943e-05;1.8406978737717235e-05;9.863484370172215e-05;8.01456359387219e-05;5.8703630079826574e-05;1.7950247798335483e-05;1.091302943053908e-06;2.1784786048546918e-05;6.8612047814025456e-06;1.7453547240176758e-06;9.042668917811679e-06;2.404488599474406e-06
02:03:08;434;4.917768512252058e-06;6.05694198890853e-06;3.8779721790599995e-05;3.4259828577308906e-06;4.867051752974951e-06;6.8771777121541655e-06;6.228331501293124e-06;6.227692062245958e-06;3.977355270508425e-06;2.7899218277838145e-06;5.406495965264536e-06;5.301830978122656e-06;3.337371056198115e-06;4.595954103272313e-06;5.978055083682483e-06;4.154668218527863e-06;6.3584502007686265e-06;8.380636107268643e-06;8.347599961342883e-06;7.470376143414164e-06;4.303402025885312e-06;3.457657022650731e-06;7.0317419561468316e-06;6.90617507413513e-06;4.139177949409829e-06;5.4806464763542064e-06;6.65277164305827e-06;2.6112696010161126e-05;2.8090086458574936e-05;0.00015691503537497312;0.00013768533878758893;6.468385190325287e-05;1.3760623557809574e-05;9.302233704517291e-07;1.987528096734731e-05;5.473637420698884e-06;1.608113559901203e-06;8.53217237696677e-06;1.6896016994734345e-06
02:03:25;435;4.5393850362658706e-06;5.659205772310917e-06;2.45697121220792e-05;3.2892005253612213e-06;4.101704253013271e-06;5.9273169645218165e-06;8.095659572533846e-06;6.18936715794534e-06;3.170031108400518e-06;3.113745510803638e-06;5.796759933800062e-06;5.28131701539213e-06;2.9718671370269267e-06;3.844418095866331e-06;2.6912313915969124e-06;3.947068736596509e-06;5.667015039198074e-06;7.409852126133783e-06;9.975189969517935e-06;7.550385160794587e-06;3.6431482598506787e-06;3.7006424336831963e-06;7.395912240398605e-06;6.696899422249887e-06;3.7203536619558635e-06;4.825193929972084e-06;3.378805475429406e-06;2.7540890757194812e-05;2.9640274483893003e-05;7.999635505861627e-05;4.677042839119019e-05;5.684458306949509e-05;9.070394295329097e-06;7.141394122297646e-07;2.389460084230898e-05;6.557867122187207e-06;2.0444528416958304e-06;9.987781418182046e-06;1.774777772628099e-06
02:03:42;436;4.697172997548581e-06;5.823073991715445e-06;5.8221280632691277e-05;3.319910027373267e-06;4.605069273628198e-06;5.596205409378027e-06;7.75874065084281e-06;4.696880569487018e-06;5.194414609635797e-06;2.763453446519293e-06;6.131075657187714e-06;5.028618849161665e-06;3.3864645617014006e-06;5.079756566575807e-06;2.8054844842402686e-06;3.923318189076263e-06;6.106037546165289e-06;7.280717333822947e-06;9.98329609720264e-06;5.888222717600646e-06;5.471012673872712e-06;3.3920003238275553e-06;7.587953433945195e-06;6.5994023155130715e-06;4.031011894191659e-06;6.046242604014291e-06;3.567670339318191e-06;2.2748797934444752e-05;2.585634707408429e-05;0.0002968232689854423;0.00023777995150157103;6.317739653024968e-05;9.47203782438729e-06;8.499755419750481e-07;2.3120646809300163e-05;5.572779930091171e-06;1.7972721911729296e-06;9.400956579216889e-06;2.055936690359671e-06
02:03:59;437;4.626623317511241e-06;5.788316655848057e-06;2.468074201978581e-05;3.892957971984856e-06;5.080871258591267e-06;7.433925661230618e-06;8.528988909714288e-06;3.677943325251156e-06;3.776033391744704e-06;2.2259568502779428e-06;4.979792876078839e-06;4.6631668462799265e-06;3.96191014024277e-06;3.5620330333007257e-06;3.7358974813111505e-06;4.624005093399871e-06;6.6904082031433524e-06;8.733140196489308e-06;1.0688262223026602e-05;5.129448605726747e-06;4.285397049967241e-06;2.9316180819512716e-06;6.530575883746828e-06;6.1738721135181456e-06;4.7556371221536565e-06;4.499745102028884e-06;4.417688088220599e-06;2.684347345532305e-05;2.5128472522675356e-05;8.457664381018326e-05;4.869083270633004e-05;5.5772761401788915e-05;1.0526328397515399e-05;8.594548490630719e-07;2.3535749110968932e-05;6.415447616587615e-06;2.633860892609497e-06;9.404455657504668e-06;1.7814238168799018e-06
02:04:17;438;3.8800704609669045e-06;5.069436576400509e-06;3.0124183178064746e-05;3.3368365602758456e-06;3.947937967813624e-06;4.541030153278185e-06;6.221350770309962e-06;3.352813847001812e-06;3.318397743095664e-06;3.0150066223846106e-06;5.080452567085558e-06;4.0042568630579725e-06;2.781696140823959e-06;3.891845103964897e-06;3.0692197449414236e-06;4.0484553665010026e-06;5.486236331526476e-06;6.114804473557492e-06;8.386744653601258e-06;4.787173963185397e-06;3.692598994935515e-06;3.740748998615909e-06;6.708350202309622e-06;5.491536613371403e-06;3.530251983129692e-06;4.992719788811261e-06;3.85361564336632e-06;3.2583333553749084e-05;3.112118066020854e-05;0.00011283157761020324;7.239677313450522e-05;6.0831450009568543e-05;9.402284410957676e-06;8.90123354526973e-07;2.2617892781933658e-05;5.880749125560075e-06;1.2492428891907896e-06;9.238601411811672e-06;2.4469891945613647e-06
02:04:34;439;4.155749799071952e-06;5.3435140251144444e-06;3.261790569274554e-05;3.116399421995456e-06;5.246542516152369e-06;4.613952526387845e-06;5.395880273989013e-06;3.4024740213179814e-06;4.527809087823636e-06;2.5636956761135563e-06;4.9615387224962016e-06;5.9892487229908715e-06;2.5301898517359302e-06;3.7765368781286024e-06;3.7447282236707284e-06;3.7211935285062905e-06;6.807964842963987e-06;6.186390634601467e-06;7.5364376681148e-06;4.753054432063736e-06;4.833929390574495e-06;3.350680114486243e-06;6.69894201495527e-06;7.633423045930773e-06;3.201049302149357e-06;4.927578459765881e-06;4.471522743187961e-06;2.5109748984688435e-05;3.48028711558234e-05;0.0001332756094492802;0.00010026990793401252;4.764734529429919e-05;9.934398038434493e-06;1.1311722591436004e-06;2.2135172407306212e-05;6.238182429366134e-06;1.3671642796877424e-06;7.648258644316422e-06;1.8550374365881613e-06
02:04:51;440;3.843327617855411e-06;5.0311169800381e-06;3.397231733278332e-05;4.2357785968828345e-06;5.245988757900994e-06;4.268176571610059e-06;5.0144617076015985e-06;4.41797670382791e-06;2.743543001024953e-06;2.340089139917335e-06;4.414145266842049e-06;4.450269596712918e-06;2.7073096875440683e-06;3.177221574804631e-06;3.1049694644089887e-06;4.987404131900837e-06;6.685670858224754e-06;5.919010229977003e-06;7.1205245609534465e-06;5.911066639932466e-06;3.211898516222195e-06;2.961016020257191e-06;6.0413610379880625e-06;6.027353184792814e-06;3.395882533621699e-06;4.159278628494461e-06;3.952935814963951e-06;2.527150905937361e-05;2.2277199377359674e-05;0.0001468874404016313;0.00011023769543664745;5.3179864402127445e-05;8.912637212522767e-06;9.652819285306532e-07;2.173055581006623e-05;6.428606422541384e-06;1.5201478653323609e-06;8.514857923273625e-06;1.7420121539934773e-06
02:05:08;441;3.83655098252172e-06;5.0088322012338205e-06;3.5177863889306145e-05;3.4635483292724056e-06;4.400528871880996e-06;4.576261568316071e-06;5.698307802827106e-06;3.1592147793963416e-06;2.8772450645869245e-06;3.5167178709307545e-06;4.697244297605349e-06;4.722144590180671e-06;2.6749136496110024e-06;3.5690529523306354e-06;2.683430545728656e-06;4.063366198271426e-06;5.859120300314478e-06;6.185974442918381e-06;8.021252211573817e-06;4.5487787172279715e-06;3.367973721640139e-06;4.1740677390776055e-06;6.225578435757448e-06;6.220862302788065e-06;3.463209702227065e-06;4.57418894003712e-06;3.401612394854159e-06;2.85864476035311e-05;3.3695985622499e-05;0.00014192709743315144;0.00011677489614258481;4.6809482323115426e-05;1.2529963607361338e-05;9.425140786476651e-07;2.2417094605907725e-05;6.147568614417467e-06;8.497049339313606e-07;9.439181549541902e-06;2.01443015698464e-06
02:05:25;442;3.5049585746869316e-06;4.722950613621476e-06;2.8808091698036614e-05;2.785398120314591e-06;3.7641550708723446e-06;4.206471885481733e-06;4.8247266329197336e-06;3.5336389094001417e-06;3.2006710941410366e-06;2.664920047705395e-06;4.616276106423294e-06;4.1800417911665795e-06;2.3676236656071255e-06;3.4016601808482183e-06;2.513918368019962e-06;3.4748488613769054e-06;5.324632414307923e-06;5.8522932243859834e-06;7.1185917810988585e-06;4.948480000742085e-06;3.6193035163095476e-06;3.4720212833626993e-06;6.3097636887539895e-06;5.790437868038484e-06;3.0320041914128985e-06;4.41447466787222e-06;3.3185535870226104e-06;2.863209771880869e-05;2.8947156034104968e-05;9.263993500035629e-05;8.281494475775727e-05;5.628836322020392e-05;1.6380227562180724e-05;8.894420516487763e-07;2.079445257697844e-05;5.881206572616033e-06;1.2440762196839985e-06;9.27819002355024e-06;1.9070086385500315e-06
02:05:42;443;3.3859201493478186e-06;4.562255578059217e-06;3.171895009082371e-05;2.9217215370313068e-06;4.1366575474135265e-06;4.246543164948042e-06;4.7728905062559655e-06;2.985984826993486e-06;2.9884105273613284e-06;1.9442021274523373e-06;4.380388872313936e-06;4.052916435752381e-06;2.5367340930867757e-06;2.969358731422486e-06;2.6952324472453237e-06;3.5587479142353154e-06;5.600542209909299e-06;5.889334451113209e-06;6.991380302414528e-06;4.459339134894124e-06;3.4411075663643437e-06;2.6491116680322022e-06;5.99852960534273e-06;5.536309316407305e-06;3.2311691921688778e-06;3.957313319455052e-06;3.4341804647266157e-06;2.7658649859215064e-05;2.8107980715339132e-05;0.00011974690987832247;9.663184363916183e-05;5.5959410203925776e-05;1.1820559757344211e-05;7.938561742179461e-07;2.1253257655453452e-05;6.285627966033374e-06;1.3407956258223666e-06;8.986545814493402e-06;2.0419638005554872e-06
02:05:59;444;3.435874531796592e-06;4.636823275718541e-06;3.734842530078963e-05;3.7583055064839175e-06;4.017731416894321e-06;4.501830934215563e-06;4.63680850095536e-06;3.1435493862116717e-06;2.6192607134525114e-06;2.0427605923568524e-06;4.207220918640463e-06;4.059041425560653e-06;2.5032440773160984e-06;3.259456482496148e-06;2.4812834421471632e-06;4.501427890283617e-06;5.575428067919647e-06;6.06212189510027e-06;6.855345067309873e-06;4.529528546645221e-06;3.057995815905525e-06;2.7255818228200674e-06;5.98696675596433e-06;5.619685899097321e-06;3.1505379998243024e-06;4.333092834436868e-06;3.244164535996638e-06;2.952072950345237e-05;2.60595203999413e-05;0.00016200168542715004;0.00012385243005945965;5.300891868626972e-05;1.1398435249827089e-05;9.72026435162947e-07;2.2708246773374183e-05;6.850245948636884e-06;1.2290494761842613e-06;8.573525429109786e-06;2.006290220907271e-06
02:06:16;445;3.4424379322863596e-06;4.636293034551111e-06;3.341313583197662e-05;2.878135828090287e-06;3.904341136133511e-06;4.4251155137751334e-06;4.734358290454049e-06;2.886535874809097e-06;2.5686955276362577e-06;2.7847049514791293e-06;4.133124507694157e-06;4.258104171645465e-06;2.6351553399967482e-06;3.3187613360493886e-06;2.7822218297305055e-06;3.5778941189245057e-06;5.381691156039375e-06;6.027820011729977e-06;6.920908905572738e-06;4.361020098223912e-06;3.0226626130328603e-06;3.5398143154452555e-06;5.837623647597797e-06;5.854699968984255e-06;3.31197198400194e-06;4.3455132567309005e-06;3.4538941984269343e-06;2.9141083853601957e-05;2.9450822909415012e-05;0.00013688697957638685;0.00010523066881790143;5.007788654393395e-05;1.0047595678229179e-05;8.755823341404867e-07;2.1309960142756238e-05;6.166509895645111e-06;1.1835205235953189e-06;8.699622161515923e-06;1.8873975465980456e-06
02:06:33;446;3.2102744808329673e-06;4.408881848207727e-06;3.4600761589974334e-05;2.896417546693897e-06;3.6420019908172723e-06;4.018730682211278e-06;4.631967028116564e-06;3.021393864957841e-06;2.5155016119397673e-06;1.9665746980767165e-06;4.108536327474997e-06;3.863947305146357e-06;2.3183826649968027e-06;3.057898157718145e-06;2.481940918483164e-06;3.601376500780675e-06;5.161309612544123e-06;5.636255683741551e-06;6.799071325997518e-06;4.480694273401172e-06;2.9686463541352915e-06;2.7017513995032677e-06;5.822186699045728e-06;5.4057889837501615e-06;3.022118363920135e-06;4.097569677768764e-06;3.2098113035916167e-06;2.8118710168458925e-05;2.8083606557209287e-05;0.00014057102791235115;0.00011497912470333728;5.23240802898242e-05;1.1288993610078996e-05;9.685467680130125e-07;2.0910041913762223e-05;6.051336797399484e-06;1.1318048992501993e-06;9.284481164332698e-06;1.4973842956746975e-06
02:06:50;447;3.1943579566535103e-06;4.397693940898281e-06;2.942394992722543e-05;2.886974592154378e-06;3.589899002065522e-06;4.396800899283707e-06;4.539262842293758e-06;2.9581996990980417e-06;2.586551120034838e-06;2.041974755910432e-06;4.068610820372566e-06;4.08419530696268e-06;2.121438412252339e-06;2.785424742897517e-06;2.2729623151721254e-06;3.5911399623452054e-06;5.137026052200125e-06;5.947327448251876e-06;6.794287959495751e-06;4.369838256646785e-06;3.076957070817703e-06;2.7616307922667318e-06;5.73322558000056e-06;5.7353288642084e-06;2.795981670346861e-06;3.8129137868088925e-06;3.016668324850303e-06;2.658117002147516e-05;2.816544749569309e-05;0.00010261709696449366;8.832422377268306e-05;5.5158459260366156e-05;1.2925105115442344e-05;8.271361995144175e-07;2.027632798499948e-05;6.098312017782176e-06;1.3145118942848032e-06;8.948272069145197e-06;1.8513363308257816e-06
02:07:07;448;3.155202493781479e-06;4.3476768035971766e-06;3.1713483604394567e-05;2.5613224830775296e-06;3.744209130538614e-06;4.193974911843994e-06;4.618419100730555e-06;3.001036520057131e-06;2.557298493854887e-06;1.942057432121916e-06;3.94907404555056e-06;3.7913992630675155e-06;2.3337283028077782e-06;2.8053346420813856e-06;2.364574664474746e-06;3.268826860589855e-06;5.2644346178107e-06;5.766614932223161e-06;6.854235696756646e-06;4.411203719105806e-06;3.0042869949986334e-06;2.6586117776706846e-06;5.665459665106948e-06;5.3987321740650366e-06;3.041207458961794e-06;3.7794993572845934e-06;3.0590063810841803e-06;2.8582774902092192e-05;2.845750020087784e-05;0.00012329687804781697;9.265998021875871e-05;5.6462935825947634e-05;1.0818553744149046e-05;8.776819308476985e-07;2.0821644343896475e-05;6.321449141830637e-06;1.3413315990447912e-06;9.217761402712887e-06;1.7033118947599662e-06
02:07:24;449;3.104660746347773e-06;4.3046997712114226e-06;3.3054737366240006e-05;2.734230384730681e-06;3.6715002251371103e-06;3.964962795906373e-06;4.5653576017783015e-06;2.9126335263640613e-06;2.6507607320460447e-06;1.7099120043924514e-06;3.9870907926342625e-06;3.6222679688855597e-06;2.302016481436908e-06;2.880908521841651e-06;2.254287035021527e-06;3.4217421676957304e-06;5.1858717488127546e-06;5.554686819628335e-06;6.756534863206635e-06;4.364639248188159e-06;3.079707896545245e-06;2.424111638487651e-06;5.751561088167179e-06;5.2135610761219645e-06;3.0250287469658083e-06;3.878706400405175e-06;3.000244070870947e-06;2.802344377812435e-05;2.834283485726643e-05;0.00012982807779607207;0.0001036079900183316;5.552697755825775e-05;1.1333163277114229e-05;9.414163289252924e-07;2.0793072921799793e-05;6.208981281795534e-06;1.3261639167380932e-06;9.056717702843241e-06;1.6680089576116306e-06
02:07:41;450;3.0699361633811475e-06;4.2767290445145945e-06;3.336830885237674e-05;2.785324047849258e-06;3.503821881361608e-06;3.927071479639918e-06;4.4851975893323015e-06;2.8534119829776667e-06;2.6061335031034685e-06;1.7807248171373338e-06;3.897192469989622e-06;3.6701725663461233e-06;2.2929738373084714e-06;2.759153447939866e-06;2.278055516507555e-06;3.4608420356804183e-06;5.05575473388363e-06;5.5510751873861166e-06;6.7230146675073336e-06;4.305308770014989e-06;3.0516926463411736e-06;2.5267813049439713e-06;5.624229962001054e-06;5.280455531036854e-06;2.987339788761128e-06;3.7567420499323782e-06;2.9975097599554265e-06;2.7266977707785134e-05;2.962460339921239e-05;0.00013096282890335653;0.00010608989034954838;5.492528938430452e-05;1.147805528155493e-05;9.233640408820215e-07;2.0964112240872986e-05;6.149497043341722e-06;1.3180633362626708e-06;9.003230361506946e-06;1.713794179892772e-06
02:07:58;451;6.878549174612917e-06;7.99408272668407e-06;3.440319924357962e-05;5.6350798655170244e-06;1.4014473142703372e-05;8.730542498886445e-06;6.607421965040575e-06;6.98092673639456e-06;4.460933385272173e-06;3.136189469091474e-06;1.0770895749927108e-05;6.297154008582208e-06;4.5853415955512196e-06;5.606372135182689e-06;5.717257604231918e-06;6.341524708717126e-06;1.5644770008270536e-05;1.0211642549183114e-05;8.603094050193227e-06;8.287635450236664e-06;4.817773368456615e-06;3.717866677475343e-06;1.2547980203853974e-05;7.852560015002198e-06;5.188175878807854e-06;6.423005369113157e-06;6.292960106408447e-06;3.549112311277896e-05;3.157596171747403e-05;0.00013949408240925348;7.816622935402757e-05;6.666250645173655e-05;1.5824901745671473e-05;1.2041347331271603e-06;2.277690834630832e-05;7.210710625906583e-06;1.1595132075220228e-06;1.1223447146323231e-05;2.0488720728260938e-06
02:08:15;452;5.6397460264696004e-06;6.707150331277273e-06;3.7300041132999545e-05;4.660588456899135e-06;6.399867075724718e-06;8.22427780698056e-06;6.910692528288626e-06;6.0261341116333e-06;4.309437283628819e-06;3.587929939576704e-06;6.4815810635433415e-06;8.172727163469062e-06;5.076243929606634e-06;4.398415085724785e-06;3.429055940690711e-06;5.222154042505419e-06;7.895714888139923e-06;9.487574521998898e-06;8.982030642902274e-06;7.3512067478699046e-06;4.583700956573011e-06;4.209262353377866e-06;8.0327924156854e-06;9.310084311160793e-06;5.946092950223461e-06;5.3947296231554794e-06;4.070458613522867e-06;2.463935886056706e-05;3.0210113408115768e-05;0.00014939318013187336;0.000136240857787633;4.441217009467789e-05;2.1840646127118146e-05;9.024462349037085e-07;2.1896017917769965e-05;7.766421859391217e-06;8.059139084293999e-07;7.600336105135364e-06;1.8930311603796674e-06
02:08:32;453;6.744085464628245e-06;7.875240493077296e-06;4.9043081407450786e-05;4.348814739591427e-06;1.0707034547863259e-05;7.3082768204037825e-06;9.087703269017311e-06;4.989680604694513e-06;4.911572842820016e-06;4.6448434627421875e-06;6.291609709178787e-06;6.097469091253577e-06;4.403444859171011e-06;1.2997133061596536e-05;5.141440959280627e-06;5.076045992402353e-06;1.2229216033891227e-05;8.738980559888959e-06;1.1042113075308396e-05;6.4716385922214545e-06;5.2206451332322215e-06;5.456298655604492e-06;7.761535828108265e-06;7.551823388514348e-06;5.06137673508857e-06;1.4032463793769181e-05;5.860745170162151e-06;3.295010167225615e-05;5.054063954030948e-05;0.0002920066417866996;0.00010395847385520434;5.26019679239132e-05;1.1539247766670378e-05;8.083807133754874e-07;2.3339496034327147e-05;8.155656219610395e-06;7.830046411050869e-07;9.802661031216022e-06;2.030705704722125e-06
02:08:49;454;5.951359653977306e-06;7.059120711162421e-06;3.359886630568882e-05;7.228436793450431e-06;5.790871006958944e-06;1.0450255413988172e-05;7.2389940467846e-06;5.221289729139368e-06;3.9190910185802545e-06;3.163066709565111e-06;6.42049757650718e-06;6.129530352697285e-06;5.698609170162234e-06;4.6351710284139616e-06;5.520501104815491e-06;7.877604920268603e-06;7.210047500203599e-06;1.1786112557999757e-05;9.25128827049453e-06;6.545952368170116e-06;4.450557028150475e-06;3.5820188112309185e-06;7.902259519913151e-06;7.775728648349413e-06;6.461002054562368e-06;5.718469716341616e-06;6.148405241565112e-06;1.9415567952637285e-05;3.2890365266655035e-05;0.00012118113415423432;0.00012268178336716982;4.9224058044846194e-05;1.876023955422012e-05;1.7893618956753467e-06;2.0346666003682496e-05;5.8630241817393225e-06;6.885061634196515e-07;8.457329818241051e-06;1.8883592657452468e-06
02:09:06;455;5.861839007727874e-06;7.0088175608027914e-06;6.296668239559498e-05;5.47919367218955e-06;5.47861701217688e-06;1.4694010023287195e-05;8.554743661580812e-06;4.774565186367723e-06;3.6074865276832084e-06;3.570371355818028e-06;6.054143630055106e-06;6.643102937560612e-06;3.680792798312702e-06;4.226972939750081e-06;3.578066686897459e-06;6.2758502430876395e-06;6.88927722093686e-06;1.5848567641172204e-05;1.0856992088796503e-05;6.293937965754686e-06;3.981852111066957e-06;4.3145142997880475e-06;7.320840556035997e-06;8.332626598933565e-06;4.542751231049726e-06;5.2082262478691096e-06;4.24037155345461e-06;3.521155077470981e-05;3.1454496454539134e-05;0.00032248355712462506;0.00025711874989501585;5.697566024273171e-05;1.2984353594078113e-05;1.0240393382074244e-06;2.1897905963571727e-05;5.818951234708426e-06;8.020603518545495e-07;7.442221509429017e-06;2.386642263668868e-06
02:09:24;456;6.263141237639047e-06;7.326065735492481e-06;3.05347033498666e-05;6.169701036446378e-06;6.150766919303536e-06;5.972518032460915e-06;8.57331492974047e-06;5.361346535372811e-06;4.503984660947873e-06;3.905675733697287e-06;7.121261376787722e-06;1.4135320657001929e-05;5.2501271729258034e-06;4.166886539732931e-06;3.846789505440091e-06;6.509998779102152e-06;7.648315601462728e-06;7.3642106513091945e-06;1.0517393421432183e-05;6.6928948710276154e-06;4.947850072047787e-06;4.650139990650432e-06;8.4667025234173e-06;1.5585435109262362e-05;5.801728605812185e-06;5.115248670704262e-06;4.6128686646418055e-06;3.877267998549705e-05;3.538235605530727e-05;0.00013042881010176345;7.408791296675264e-05;3.5469978065703645e-05;1.0157322092543745e-05;1.014686231678512e-06;2.2231403341732346e-05;6.811946463046617e-06;7.39633591015058e-07;9.030863229059778e-06;2.2888480742991086e-06
02:09:41;457;6.906467784905214e-06;7.955608608323087e-06;3.174190150436317e-05;7.561137961883705e-06;1.2463849549378251e-05;8.518379337503616e-06;7.2546342709306995e-06;4.657094104616859e-06;4.245741714405747e-06;3.972331277327354e-06;1.665109631816945e-05;5.13133805603936e-06;3.905956741722218e-06;4.556148359439889e-06;3.959904232883363e-06;8.008194216224954e-06;1.372582593393406e-05;9.990066879438501e-06;9.264948037617856e-06;6.112166992168085e-06;4.569045776280072e-06;4.7637379022397665e-06;1.7785065579176526e-05;6.702008042477154e-06;4.518695617132581e-06;5.364700117050095e-06;4.662844923609843e-06;1.568621868125934e-05;1.6756530347826043e-05;0.00011980893419394776;9.690920769419334e-05;6.462767107546182e-05;2.8335341907494164e-05;7.916815635424985e-07;2.0156866672068118e-05;5.405564577160751e-06;1.5770216565002476e-06;9.74061072902513e-06;1.1071689538787197e-06
02:09:58;458;5.733856177414509e-06;6.8608827100030756e-06;5.478469856354406e-05;3.6736018225786378e-06;5.801527000541413e-06;5.852167479503123e-06;8.23213240799057e-06;5.47467219776236e-06;6.8067031083852605e-06;2.8470646711298286e-06;5.825071883110282e-06;1.1449839973920461e-05;4.380805954117374e-06;4.3646111245591745e-06;4.098074785216258e-06;4.217146869439004e-06;7.411489015126629e-06;7.232076011606768e-06;1.0413409171046105e-05;6.764640435408815e-06;7.006461618391169e-06;3.5367195654474973e-06;7.483426946271697e-06;1.3215526853889947e-05;5.243828449629636e-06;5.1172585561381554e-06;4.688607014377109e-06;2.1656455636705165e-05;2.453904676851798e-05;0.00020785797559796668;0.00027303083801158597;7.067862467845629e-05;1.8101242941651217e-05;9.096410328535776e-07;2.3667314096148558e-05;5.5179753044853445e-06;1.3239222786362074e-06;8.41360794949897e-06;1.7197384660228068e-06
02:10:15;459;5.133851433666595e-06;6.304597010529494e-06;2.8017084295761614e-05;3.9504342722293275e-06;5.056965811434111e-06;6.455897991550976e-06;6.411103768755311e-06;6.997313032996999e-06;3.701208238479384e-06;2.7216444387079264e-06;7.40954060709307e-06;4.921602313407385e-06;4.71580887923489e-06;6.056007637831519e-06;3.2086882153301777e-06;4.741498934913867e-06;6.583465683088665e-06;7.870280477376743e-06;8.807386310061563e-06;8.28919424932366e-06;4.146405338280049e-06;3.4409253234853283e-06;8.928171149519482e-06;6.277390737154689e-06;5.589976417122901e-06;7.015206421461307e-06;3.9652615390003095e-06;2.1139594565798415e-05;3.9352672998305913e-05;7.1915028575763e-05;7.30700378717767e-05;6.636677203773885e-05;2.3091206215224973e-05;9.553868220257122e-07;2.0641619632797523e-05;4.8819572181118605e-06;2.966845418955955e-06;9.453841218010644e-06;2.3700489746298416e-06
02:10:32;460;5.478412087453225e-06;6.5828936109212496e-06;3.8719177121713184e-05;3.576354881896681e-06;7.291358193258062e-06;6.084673903798561e-06;5.814143451940171e-06;7.247624287549053e-06;3.5928217269155414e-06;3.6277591800884776e-06;9.600272801047925e-06;5.476205870022258e-06;4.498853032492372e-06;3.865892391662452e-06;5.064983538522421e-06;4.246201247560403e-06;8.583504271122872e-06;7.614157973737839e-06;8.058732764536067e-06;8.50399013974242e-06;4.035048559786976e-06;4.489277815289686e-06;1.0974603413425157e-05;6.7224131777913524e-06;5.1742206122508846e-06;4.749959589965248e-06;5.842611903684469e-06;2.588371948729488e-05;3.0218866255337845e-05;0.0001920432955404241;0.0001124989828015998;5.558870016040258e-05;8.106077393527856e-06;7.841707034958419e-07;2.1411735198190235e-05;6.095299875276363e-06;1.5738279839108214e-06;8.386120467044518e-06;2.0393295940534127e-06
02:10:49;461;5.445299409762521e-06;6.544226835103473e-06;4.196749518367603e-05;4.132783805036152e-06;5.2816276808249025e-06;5.255076801350097e-06;6.776629248538381e-06;8.717063915303862e-06;4.258549042129351e-06;2.500495866768078e-06;6.798906546443752e-06;7.379619646030733e-06;7.336679710786856e-06;3.299265410367463e-06;3.6068936364521487e-06;4.649043715669651e-06;6.824005681607295e-06;6.9308121919099985e-06;9.105061326984388e-06;9.917443554813066e-06;4.602355294439262e-06;3.166811243145391e-06;8.215968804667878e-06;8.627059776676727e-06;8.049571099174408e-06;4.24457043721569e-06;4.198017179561835e-06;1.9536290792265383e-05;3.243439122372223e-05;0.00016372462768561255;0.0001712713977653232;6.418777390754021e-05;1.4155649386160994e-05;1.1402821695886535e-06;1.8585623615088316e-05;5.2256445871120816e-06;2.116779939484774e-06;9.020809261915435e-06;2.2106718702985644e-06
02:11:06;462;5.597541169648097e-06;6.7518170781804195e-06;3.561143987566941e-05;3.5987630259238688e-06;8.335431877009631e-06;1.0649349379382949e-05;6.873599915670845e-06;5.2030081841342675e-06;3.880839532076731e-06;3.3444679885328488e-06;5.0843519196839475e-06;5.394464116777313e-06;4.184809047170678e-06;6.533747235692999e-06;4.087660184317408e-06;4.259023649243732e-06;9.83005293740381e-06;1.2130972534209775e-05;9.04527988046838e-06;6.790455438045061e-06;4.284028012920363e-06;4.0806716317345926e-06;6.6670331013679236e-06;6.698569127883839e-06;4.955426145644669e-06;7.512903099682895e-06;4.767387923217214e-06;1.963997377549961e-05;1.674135747585198e-05;0.00013849714368145713;0.0001372121164837825;4.8792006581626794e-05;2.613461966516936e-05;8.078409009798217e-07;1.9079335063035394e-05;6.061454696632688e-06;2.0972187447397154e-06;1.0585737947188858e-05;1.6884734920690973e-06
02:11:23;463;5.661670695257147e-06;6.852859470096588e-06;2.5397239320439985e-05;4.185594537954206e-06;6.5591445848864085e-06;5.888120294369773e-06;6.448674711314404e-06;4.208593922008029e-06;4.813740370030411e-06;2.500231328639302e-06;5.718541122493289e-06;1.5366436299886615e-05;4.306332061044703e-06;4.837728157786552e-06;3.106909169048322e-06;4.81632540396288e-06;8.06310224187298e-06;7.329505127858329e-06;8.629813387012256e-06;5.687360680319296e-06;5.163231441046367e-06;3.1579158611391537e-06;7.350584618956118e-06;1.737939753264625e-05;5.159307601722583e-06;5.824179830781333e-06;3.6735873465336743e-06;2.6855809873603675e-05;2.376226482548252e-05;7.398464426704274e-05;7.287636868112029e-05;4.987626033969514e-05;2.18020375494722e-05;8.58333404799246e-07;1.876459506944369e-05;5.4711233960341775e-06;1.722848128323732e-06;7.050123351549453e-06;1.7424629587129855e-06
02:11:40;464;4.412053402221132e-06;5.553191880884512e-06;3.54678641569773e-05;3.572601271464102e-06;4.495892868661144e-06;5.0346818722149775e-06;7.034936331897577e-06;5.692925607289371e-06;4.405464726918819e-06;2.3193243259682235e-06;4.863508589636467e-06;5.128315756376299e-06;2.81526855888165e-06;4.195966432650845e-06;3.385752731914367e-06;4.2545416535971e-06;6.046944184197832e-06;6.518088101281908e-06;9.146559259073612e-06;6.8782549970831185e-06;4.670256571501605e-06;3.0802363043325317e-06;6.5858407997208665e-06;6.6985051668054926e-06;3.5062064283390758e-06;5.204062604149575e-06;4.048804267088748e-06;3.686742043004779e-05;3.465221086887791e-05;0.00013357616428279795;0.00011790406019735866;4.999923069269985e-05;1.5003890320282132e-05;9.764791661305326e-07;2.014917764133786e-05;5.3877359464518945e-06;1.4324389096475694e-06;7.497311327649027e-06;2.1682501004464447e-06
02:11:57;465;3.7721279982411655e-06;4.9431722501036416e-06;3.014857217743274e-05;3.750448054582669e-06;4.5123506314904595e-06;4.620431362279863e-06;5.225008400732246e-06;3.542826565127267e-06;2.9738571408250376e-06;2.4365823122384325e-06;4.7037543192180404e-06;4.16347569689244e-06;3.1925497335872808e-06;3.353302443478221e-06;2.7909480250927614e-06;4.493784160066626e-06;5.912142310253215e-06;6.255291593126596e-06;7.343082686446318e-06;4.91725381115303e-06;3.4363083988312068e-06;3.1165253789413904e-06;6.342399576422832e-06;5.785140211064342e-06;3.84018351758618e-06;4.354562870042783e-06;3.5213909676471465e-06;2.3196850929591952e-05;2.8784927240071902e-05;0.0001166556858821202;9.249990164453124e-05;4.927252657227783e-05;1.3703516233136863e-05;8.247088145320066e-07;2.040579834112938e-05;5.686800611177046e-06;1.031144749438001e-06;8.201009240224617e-06;1.5199958709618725e-06
02:12:14;466;4.89281749080109e-06;6.039416238988302e-06;2.9828749398666413e-05;3.583625874432011e-06;6.651282483651564e-06;5.299658533110894e-06;1.0512942614711433e-05;3.4920008985427455e-06;2.9118834076898152e-06;2.972977486657349e-06;4.887129258047583e-06;6.150793003973314e-06;2.950684877847917e-06;3.7088784478359313e-06;5.591951114522234e-06;4.248216071895904e-06;7.942770779767602e-06;6.829555567941198e-06;1.3014400654448096e-05;4.9210603040741766e-06;3.3677598076228375e-06;3.7704228088266145e-06;6.506185636220535e-06;7.552561218969309e-06;3.555009064982613e-06;4.6437557782005975e-06;6.121294915564123e-06;2.53680142916076e-05;2.6652505210007867e-05;0.0001057087990887234;9.420290055071449e-05;5.2775184346261857e-05;1.3589979270823446e-05;9.443112959945521e-07;2.0393795504647167e-05;6.135125601720765e-06;1.4143789162101746e-06;9.162467935615952e-06;1.5975307716696777e-06
02:12:31;467;4.237973116842526e-06;5.431700220135928e-06;3.2402206110623176e-05;5.96512837089139e-06;4.231268410718898e-06;4.653819133050195e-06;5.562047732933127e-06;4.669463456704906e-06;2.9850522543481164e-06;2.5247245898766963e-06;4.773632458856334e-06;4.6456302016586255e-06;3.444629262393629e-06;3.927410573887548e-06;3.4728691820892523e-06;6.683370855493586e-06;5.781131348376681e-06;6.165829267668909e-06;7.821756367729328e-06;6.072890611696632e-06;3.4739860732574755e-06;3.2762665229331357e-06;6.380651035514451e-06;6.389005446618296e-06;4.06193514289596e-06;4.945053703948683e-06;4.128524823545952e-06;2.4126774687139134e-05;3.436131316367513e-05;0.0001282883737855818;9.720285009098504e-05;5.803226738773829e-05;8.943025452042716e-06;9.534861356874308e-07;2.060844646305285e-05;5.3451507885404255e-06;1.3160216174450967e-06;8.044543368966628e-06;1.6042203866236126e-06
02:12:48;468;3.6806957145978974e-06;4.9003838687929576e-06;3.363493145353505e-05;2.8192551012102225e-06;4.5262363864201855e-06;4.337142264241513e-06;5.6630438074669405e-06;4.2162960980363096e-06;3.1393698029867e-06;2.581511293216336e-06;4.455672093102563e-06;4.077515144277041e-06;2.630371945144816e-06;3.1612560457845844e-06;2.5606774654624527e-06;3.5802836752241724e-06;6.112126253425185e-06;6.063261089020901e-06;7.917412000972058e-06;5.521818322933219e-06;3.551538495080825e-06;3.324318968916026e-06;6.1805849557608375e-06;5.727444676256111e-06;3.362926987346661e-06;4.161938878911038e-06;3.300950676838269e-06;2.751058775103614e-05;3.7970607969179765e-05;0.00012094862207294987;0.0001026354778301075;6.360731736871118e-05;1.2237522961681826e-05;1.1968751165482036e-06;1.8668986989399703e-05;5.603087554512242e-06;1.8097490969206073e-06;9.913792993230136e-06;1.5165497381434038e-06
02:13:05;469;3.887507585499282e-06;5.050127295857514e-06;3.5107715411529836e-05;2.840694976701353e-06;3.8876882784548305e-06;4.187658677843522e-06;4.980635257435427e-06;5.022711219220872e-06;3.0634695825749634e-06;2.3788855665946524e-06;6.573341152525038e-06;4.300487492902118e-06;2.66385103745134e-06;3.32775842760601e-06;3.4229078677712592e-06;3.538417748914762e-06;5.405330468903818e-06;5.845953470685068e-06;7.140634165174376e-06;6.2064000591322565e-06;3.4480137222815274e-06;3.246943379053846e-06;8.271750054599223e-06;5.831451137308687e-06;3.3407862512048486e-06;4.332512761018595e-06;3.993332389263397e-06;2.9208484428893547e-05;3.5331580191624024e-05;0.00014785770450317709;0.00010115507966847218;5.187373404963532e-05;1.2791033011802263e-05;8.652541917265094e-07;2.270454604910714e-05;6.628228115566573e-06;1.9470146737601332e-06;9.134605884651076e-06;1.795320169942171e-06
02:13:23;470;3.930209835154776e-06;5.133447964770404e-06;3.9969962259372217e-05;4.192781941919128e-06;5.1364250042757415e-06;4.4009619037539816e-06;5.914719759141979e-06;3.388558502399002e-06;2.6383389814684093e-06;2.2914068118495834e-06;4.321564437697651e-06;3.892912103705984e-06;2.6870913429697585e-06;5.83844902089161e-06;2.459306743706303e-06;4.850510008567008e-06;6.689242904422262e-06;5.968244796015744e-06;8.025646366149886e-06;4.871689538325697e-06;3.0952617453870435e-06;3.0905843954591363e-06;6.063489579417686e-06;5.348668235202712e-06;3.5315126809374434e-06;6.886832257414081e-06;3.1796909084571584e-06;2.657960506285939e-05;4.295986322498432e-05;0.0001941978814706375;0.0001191283580010057;4.950078755772943e-05;8.607843649010624e-06;8.467533361042146e-07;1.9221664114180208e-05;5.657898985459374e-06;1.5069325535819694e-06;9.526571852249437e-06;1.9053873046646544e-06
02:13:40;471;3.538475039603513e-06;4.721387661367219e-06;2.5769292531285074e-05;3.3000162266654858e-06;3.728661146789653e-06;4.272331664364773e-06;5.732405767198336e-06;3.229610556361577e-06;3.103744160913958e-06;2.0319374766198837e-06;4.392237380104999e-06;4.172722649348708e-06;2.8954265905282868e-06;3.2295304935365205e-06;2.373075317020256e-06;4.011758438203207e-06;5.195884427791233e-06;5.94586608022388e-06;7.765892301973462e-06;4.70082358609759e-06;3.539772490201565e-06;2.6961475536545895e-06;6.036711594581131e-06;5.735512317348562e-06;3.6766990905550613e-06;4.200461708484299e-06;3.1511210089533214e-06;2.2582274127935153e-05;3.288894395504377e-05;9.327294473211172e-05;5.89513947937623e-05;4.787844018260085e-05;1.298723383613456e-05;8.755634254856642e-07;2.1355205942228763e-05;5.868706272911652e-06;1.8369392844097887e-06;9.032395554507777e-06;1.7014682682887915e-06
02:13:57;472;3.4829864251729634e-06;4.696842638565348e-06;3.6358138016894584e-05;2.796414999682962e-06;3.70183162636615e-06;4.174247596143811e-06;4.967847611099656e-06;2.9517178393622214e-06;4.154659444598575e-06;1.977634228176519e-06;4.065752856002353e-06;3.771783759987102e-06;3.6681917243506423e-06;2.8805601937681953e-06;2.6851942914034184e-06;3.5470193468634397e-06;5.2127178162352925e-06;5.7470274009862314e-06;7.318089187777597e-06;4.3605749466177595e-06;4.5221032606501535e-06;2.7193965364329163e-06;5.7848563105662945e-06;5.419755630503494e-06;4.46892313966255e-06;3.854518072215267e-06;3.407128267237475e-06;2.6387039570257332e-05;2.8844181472692776e-05;0.00014817656731997347;0.00012784771612274156;5.5524360766971546e-05;9.982709623776135e-06;1.113810960713087e-06;2.029913093075241e-05;5.933645492830256e-06;1.8833282514632056e-06;8.694860504269823e-06;1.6103051862935592e-06
02:14:14;473;3.2583477349781087e-06;4.450529153289125e-06;3.981747164345076e-05;2.7019397728493417e-06;4.080824507726985e-06;3.989010094846373e-06;4.5278712712941305e-06;2.93676715769984e-06;2.564473106920156e-06;2.1279899629886048e-06;4.227707835853649e-06;3.66983095613126e-06;2.781673253596492e-06;3.268510426514901e-06;2.2235735034247352e-06;3.392273920556513e-06;5.634255509178303e-06;5.570046653966655e-06;6.733848542491522e-06;4.392312440600856e-06;3.023364380296007e-06;2.8243590706920314e-06;5.908184736159179e-06;5.252315108746304e-06;3.508516588053796e-06;4.2153933809228725e-06;2.951477677303461e-06;2.2613311338440382e-05;3.2536320556702495e-05;0.00015816221281470926;0.0001550482306909824;5.755131216703558e-05;1.2036971383405344e-05;1.0525827900044096e-06;2.034674117904562e-05;5.8590559546764994e-06;1.7379795870274645e-06;9.439771472689641e-06;1.4251697866900824e-06
02:14:31;474;3.2032342538457215e-06;4.361201119329191e-06;3.289410726817101e-05;3.1887936417456846e-06;3.567890989521836e-06;4.197510320577439e-06;4.508363878905832e-06;2.858383202131165e-06;2.5267360435066166e-06;1.8986022254969208e-06;3.856526360963968e-06;3.999908587298313e-06;2.253800741833991e-06;2.9705262884634336e-06;2.6117677315408048e-06;3.813115711901573e-06;5.043803432410549e-06;5.686836949522169e-06;6.659885267380778e-06;4.3006728337556374e-06;2.9934166912978613e-06;2.5396194486566407e-06;5.55040981430178e-06;5.541750483586574e-06;2.9138555237871434e-06;4.003616958229193e-06;3.287428590231719e-06;2.751570375235208e-05;3.780747000712307e-05;0.0001253533972447522;0.00010198122256351842;5.146081692382842e-05;1.0655232751894817e-05;8.432370769934115e-07;2.082065682613206e-05;5.612222857219404e-06;1.3856165477056192e-06;9.668502579016694e-06;1.6252080875159019e-06
02:14:48;475;3.1317298818061605e-06;4.330979891165043e-06;3.117694166617474e-05;2.7007510975093654e-06;3.6986654279112163e-06;3.828602976793408e-06;4.330379923089822e-06;3.429566122970972e-06;2.3315315336573534e-06;1.7706292933264676e-06;4.219489995061952e-06;3.561631158403729e-06;2.232063277803191e-06;3.21584692806389e-06;2.261599941665405e-06;3.415162721846829e-06;5.149219584347543e-06;5.42074795254238e-06;6.5685373636922665e-06;4.796382515013636e-06;2.857223638715414e-06;2.4479414588324887e-06;5.933297082184611e-06;5.176106846699406e-06;2.982540647131321e-06;4.219272735594408e-06;3.005324036258813e-06;2.61064428656958e-05;3.64924268363682e-05;0.00011082138403479145;9.614274661831566e-05;5.633179457176465e-05;9.697252053811649e-06;9.639616969274034e-07;1.9323029978459844e-05;5.7484097145043575e-06;1.5443541229509059e-06;9.537324598306083e-06;1.4141729022008469e-06
02:15:05;476;2.9984881793671487e-06;4.201818381008269e-06;3.1010908194673e-05;2.597327344553626e-06;3.5606831148206974e-06;3.831375277162476e-06;4.56233866459725e-06;2.67021933937754e-06;2.4189248519364397e-06;1.976253371050906e-06;3.6955624722814018e-06;3.5115817331126724e-06;2.161244387980074e-06;2.6617519525858184e-06;2.3345946357525547e-06;3.3142028550622555e-06;5.019842903861957e-06;5.449173956169287e-06;6.703150448410719e-06;4.130970646195847e-06;2.902372701308057e-06;2.739999489722898e-06;5.405131502547066e-06;5.148778807526032e-06;2.8563337787378673e-06;3.7367805868563686e-06;3.0150808550940925e-06;2.8195902099844535e-05;3.4248446763528754e-05;0.00011928444611469986;8.981544911403683e-05;5.214467687827756e-05;1.0399284001423422e-05;9.38045803019524e-07;1.998576310024737e-05;5.705533548357719e-06;1.3678943205797456e-06;8.509501672401238e-06;1.5359549196594033e-06
02:15:22;477;2.982280519344985e-06;4.181587152018011e-06;3.302732263924108e-05;2.6713447043908385e-06;3.3798228303344953e-06;3.870952978763336e-06;4.3252214874717705e-06;2.7904834271972523e-06;2.609583947235902e-06;1.592097959892478e-06;3.796774538564953e-06;3.489260009491669e-06;2.309998733548727e-06;2.696182450957384e-06;2.255642288708579e-06;3.3797789254532303e-06;4.915824170387202e-06;5.464569824917943e-06;6.515734248405582e-06;4.218439883090146e-06;3.0282848229035153e-06;2.2707666483809222e-06;5.526367321860412e-06;5.143325995360803e-06;3.0521908436501784e-06;3.694661426713618e-06;2.9691004884406987e-06;2.583138308696344e-05;3.4167718812613205e-05;0.00012598544496638506;0.00010663166693377339;5.362317006446507e-05;1.1319515653750078e-05;1.0817545478297998e-06;2.0253985703225898e-05;5.859516945370443e-06;1.3857182170655979e-06;8.739147439429096e-06;1.4488493000218989e-06
02:15:39;478;2.9355027929253454e-06;4.131915752220232e-06;3.621412665906818e-05;2.5284598292268417e-06;3.452922971870397e-06;3.7526733584834138e-06;4.383761660907805e-06;2.673833779518666e-06;2.389804842744587e-06;1.6185654051784324e-06;3.7559252542058115e-06;3.7471723808705932e-06;2.0731540786300684e-06;2.65706698873461e-06;2.192692067672717e-06;3.250390867649429e-06;4.974210762870653e-06;5.401688823336441e-06;6.4988934228276315e-06;4.133112182426896e-06;2.869172382954183e-06;2.3094735772385226e-06;5.448118887630422e-06;5.325251849275377e-06;2.7906073323202127e-06;3.654484799029243e-06;2.9275826366906184e-06;2.7059747324242477e-05;3.062931771260544e-05;0.00014938727424920284;0.00012295091110726709;5.480831911774955e-05;1.0831900565495362e-05;9.825893034286133e-07;2.0381157142935505e-05;5.7936630216904535e-06;1.371711053050575e-06;8.872668469377275e-06;1.500260841772895e-06
02:15:56;479;2.957554558429882e-06;4.161707212478166e-06;3.5163946940352786e-05;2.6130808038583484e-06;3.448376257350364e-06;3.733116467104351e-06;4.3131946796393095e-06;2.7893775249184087e-06;2.405854891146026e-06;1.7705255596179759e-06;3.7516705583778336e-06;3.592789998921572e-06;2.0734261874302073e-06;2.8390003017555254e-06;2.1602405816490875e-06;3.301553896321072e-06;4.943642634431473e-06;5.368513875855339e-06;6.538309564716713e-06;4.191282523837039e-06;2.8975476031024022e-06;2.4876742674931373e-06;5.466160936970182e-06;5.215739390764554e-06;2.7979347037274502e-06;3.876159610891717e-06;2.8559657341500932e-06;2.587998054793933e-05;3.176316828062379e-05;0.00014050195568809885;0.00011782905782543168;5.561144110986773e-05;1.1757536745385056e-05;9.006221276848157e-07;2.004460362249705e-05;5.832163647659017e-06;1.3696741490570675e-06;8.995391944264399e-06;1.4817675957246539e-06
02:16:13;480;2.9294435434999078e-06;4.127386880180536e-06;3.439523037106796e-05;2.5509810529006867e-06;3.4092054616120424e-06;3.7554334670695444e-06;4.301738863626332e-06;2.678791357301303e-06;2.489747599683638e-06;1.7440615051549975e-06;3.7313189977794536e-06;3.489217538737483e-06;2.1316082718734397e-06;2.742882921841721e-06;2.1283345393964157e-06;3.313103039959693e-06;4.888092758801001e-06;5.357569995184452e-06;6.435650851051809e-06;4.126902249021141e-06;2.9853443516291423e-06;2.4629213402465523e-06;5.409749499311239e-06;5.109560932603788e-06;2.8359429751605915e-06;3.7573541398666714e-06;2.8464484520428196e-06;2.5913602495117504e-05;3.261943219608062e-05;0.00013441510529287563;0.00011459775231797292;5.501680533372127e-05;1.1650877423676247e-05;9.233879787950453e-07;1.9972692475987404e-05;5.809160239460009e-06;1.4086343236470375e-06;8.898664715300582e-06;1.5166496601812447e-06
02:16:30;481;7.642329677537418e-06;8.66539787952943e-06;7.830949641749369e-05;4.871007514915184e-06;1.2240390791940957e-05;1.7966007925968537e-05;7.20496054381928e-06;8.556490895211317e-06;1.0270268619711425e-05;2.7844728145835647e-06;8.094444961738066e-06;5.989613580226205e-06;3.861294524201949e-06;5.319551006072681e-06;4.5494502949529965e-06;5.502955008512201e-06;1.3586031383067765e-05;1.873621329627607e-05;9.295147760261713e-06;9.95637971950773e-06;1.0797546962484248e-05;3.4612403180888787e-06;9.67855871001316e-06;7.189706731786586e-06;4.462087207673305e-06;6.164996403652056e-06;5.1539069156919875e-06;2.677806773664049e-05;7.1623949364559e-05;0.00045788990886104063;0.00026764561792601207;5.991706448517428e-05;1.237194496157944e-05;1.1895194443365074e-06;2.4601005374998038e-05;6.028641804387462e-06;8.249105577597444e-07;8.849535954208724e-06;1.9937905392281716e-06
02:16:47;482;6.367750470107322e-06;7.413002313575207e-06;5.581964871506204e-05;5.635768093981142e-06;9.782863293914737e-06;1.0239144004422293e-05;6.10125657212796e-06;5.276141243823221e-06;4.817145681295704e-06;3.6289621404056955e-06;7.166587828066895e-06;8.46884939937292e-06;6.518315184742753e-06;4.953558900279052e-06;3.824411356328545e-06;6.1705114615195476e-06;1.1189637352569512e-05;1.1102570077795623e-05;8.0128312663275e-06;6.675731924588035e-06;5.224904242235816e-06;4.358335465578328e-06;8.607957763068711e-06;1.0163974815141852e-05;7.3097981045595845e-06;5.747775120757e-06;4.391997489205373e-06;3.0858293411210796e-05;2.9863846028746458e-05;0.0003334505265565481;0.0001666949352906174;5.441476954435005e-05;1.1418202721127252e-05;1.1641690073979644e-06;2.3504400469968745e-05;6.609006837258144e-06;1.2229336703252686e-06;9.002087610776418e-06;1.632613432417824e-06
02:17:05;483;5.992792876244576e-06;7.016679658970789e-06;2.1522068196303536e-05;4.2272277250338615e-06;7.06475816611177e-06;5.5235588999638905e-06;9.34580951779522e-06;4.970227302694949e-06;6.109213306550807e-06;3.12135658798628e-06;7.799541052768497e-06;8.25236318165294e-06;4.5724606588299306e-06;4.853674570946189e-06;6.073321935221284e-06;4.7934560934894e-06;8.371514088392797e-06;7.078524573398106e-06;1.126929615404865e-05;6.000544150497895e-06;6.412376012432807e-06;3.884729508920632e-06;9.196032633668967e-06;9.818719723925018e-06;5.203540289401161e-06;5.581428298038317e-06;6.58999281284518e-06;3.6208326552534074e-05;3.2779468632385304e-05;5.428708033273762e-05;3.359268334726505e-05;4.498788606383203e-05;1.040904335395227e-05;8.702820856687506e-07;2.575004869860305e-05;6.195556501677586e-06;1.791069437002432e-06;9.645901013740966e-06;1.7474723362433448e-06
02:17:22;484;6.771411863388204e-06;7.946459275824711e-06;3.6526379897257263e-05;1.1386083373436536e-05;5.454202191143312e-06;1.0407647835108946e-05;1.1440451754264235e-05;4.8994142851845686e-06;3.675549809966195e-06;6.085535172349989e-06;5.674938874216712e-06;6.717787664973168e-06;4.277228287269901e-06;5.584222872395179e-06;5.65387854998469e-06;1.2019979778092938e-05;6.913954488873405e-06;1.1791435116708581e-05;1.4149830176508278e-05;6.375615429579405e-06;4.182699181979796e-06;6.82003859811296e-06;7.17197922370625e-06;8.217954571223288e-06;4.835790734800924e-06;6.646837241935862e-06;6.231394473051975e-06;1.670756713682791e-05;3.889539494284226e-05;0.00011129396858995471;0.0001443228413483939;6.225973154117479e-05;2.4811439384441567e-05;9.389131571786607e-07;1.994742413079888e-05;5.386731893008167e-06;2.034164276405429e-06;9.04288485025834e-06;2.6754975158024884e-06
02:17:39;485;6.3894335104402504e-06;7.420456952360515e-06;3.680159495209959e-05;3.3535313075170525e-06;6.635754550772659e-06;5.004013228348082e-06;6.436616304354588e-06;8.72450153430939e-06;6.936847887702284e-06;2.6068083368680948e-06;9.526576139183941e-06;6.050933624702669e-06;5.5332124986116264e-06;3.906859373873059e-06;1.1957545397158562e-05;3.990332251178879e-06;7.982728335793834e-06;6.485437523546743e-06;8.77598572342437e-06;9.531669893246395e-06;7.048337402356762e-06;3.4101622091677913e-06;1.099166310487368e-05;7.48695889411419e-06;6.400687313164125e-06;4.822667684677555e-06;1.2118851321281887e-05;2.0448055864579464e-05;3.493972060572167e-05;0.00017580151550323375;9.46527608635791e-05;5.7239343556830776e-05;1.141776351445262e-05;8.635573089339046e-07;2.6123781516947278e-05;7.801648658857696e-06;1.6208206723223287e-06;9.07977215984741e-06;1.6303991998891257e-06
02:17:56;486;6.099325587947326e-06;7.219190972793075e-06;3.64689943353013e-05;3.282306345023497e-06;5.74697251726713e-06;6.4348046513047885e-06;8.825271671433008e-06;6.761553922015909e-06;5.231249119542657e-06;3.3231583708664463e-06;5.107907117718469e-06;6.5833753734135705e-06;3.644632722167206e-06;1.2783585343098283e-05;5.467088155923379e-06;3.901398005399631e-06;7.033159933218739e-06;7.924392677891831e-06;1.1246414527980776e-05;8.064805254872237e-06;5.664143485244241e-06;3.922225360677462e-06;6.6938834457180785e-06;8.07144663126622e-06;4.1848621042880015e-06;1.3841560746497428e-05;6.08199726989772e-06;2.8466630792993165e-05;2.650938739840876e-05;0.00015496879106261075;0.00012748209468123559;4.992500110291344e-05;1.3386749694552935e-05;9.881866719331783e-07;1.7802121250490984e-05;5.921454231124966e-06;9.722334548122544e-07;9.373185997042764e-06;1.8320956854967445e-06
02:18:13;487;5.4752356281152394e-06;6.575880485763287e-06;3.650980640101217e-05;5.549126448688536e-06;4.517567296731655e-06;8.218012971057801e-06;6.4285331036599436e-06;4.38860834380121e-06;9.194733910336792e-06;4.08109133541824e-06;4.651927794247451e-06;6.369848171190866e-06;3.5890223851450545e-06;3.887880978290716e-06;4.826473199608989e-06;6.204186930413995e-06;6.039027237167392e-06;9.612171957490353e-06;8.700383000647395e-06;5.64483650434133e-06;9.425392726129009e-06;4.74102304756746e-06;6.238653723018235e-06;8.032807546108334e-06;4.176968329225422e-06;4.9075029356929375e-06;5.187609580204906e-06;1.8865529488512968e-05;2.7929649783582087e-05;0.00011210904476946618;0.00015973224290365663;4.478452163142971e-05;3.7235567234645856e-05;7.722388152952419e-07;2.0965283030842012e-05;5.331254153999045e-06;7.661783085796677e-07;7.6929521032192e-06;1.9332145889173388e-06
02:18:30;488;5.5697076365132405e-06;6.645181800402359e-06;3.240489440575098e-05;4.294929719993558e-06;4.461287122513692e-06;6.06689450645025e-06;5.680673582601643e-06;9.00485971687782e-06;3.991608214061092e-06;3.702521443054769e-06;6.697035770225119e-06;7.367125140237104e-06;3.5092875293362238e-06;4.441062562870519e-06;7.619204477035427e-06;4.971531083517416e-06;5.953053396642414e-06;7.513357605269368e-06;7.718161006916397e-06;9.901314264931863e-06;4.330371879566169e-06;4.2529892065822765e-06;8.305934086451941e-06;8.965814450226688e-06;4.367208349103288e-06;5.4143423698452015e-06;8.048102204789941e-06;3.0831227928994286e-05;3.555629634377873e-05;0.00010742305879514782;9.87461471097111e-05;4.941931696070831e-05;2.719171987545489e-05;8.965827564387229e-07;2.181485097196884e-05;5.951739167904445e-06;1.8180717977409237e-06;7.900250845371236e-06;1.3094703157924397e-06
02:18:47;489;6.530536067311294e-06;7.639064244381476e-06;3.9531366703164014e-05;5.644806775380444e-06;5.4028995632196795e-06;6.718074277242439e-06;1.1684956140294906e-05;7.81174662863164e-06;5.895891877827353e-06;3.726779602495547e-06;5.713487874329943e-06;1.3510874951030225e-05;3.689772652264041e-06;4.94972115787236e-06;3.61741927790149e-06;6.402963222920139e-06;6.928805809181966e-06;7.981719493186631e-06;1.3929755719869672e-05;9.288528578704418e-06;6.246058889321174e-06;4.390031309884751e-06;7.226352949998462e-06;1.499949033569476e-05;4.193372315288038e-06;5.883275679468481e-06;4.198413973967888e-06;2.6069762838088237e-05;2.049437582267887e-05;0.00014104014145809816;0.00016782097580069622;5.331308063039832e-05;2.7096663184961753e-05;1.653894935408569e-06;1.954256558322988e-05;5.263492785160326e-06;2.0415797567650003e-06;8.814666804804654e-06;1.2252008376782029e-06
02:19:04;490;4.560790856089625e-06;5.654000860771173e-06;4.1697989904079494e-05;3.829799797375441e-06;4.690040883497721e-06;4.769638262690602e-06;5.858441809245753e-06;3.6725419179297414e-06;3.2097559488681266e-06;6.49730736768106e-06;5.4388706881266815e-06;5.667984521163692e-06;3.2819168638489127e-06;4.536498254866088e-06;3.276692040608189e-06;4.545582047699732e-06;6.202453865234584e-06;6.242801689466754e-06;7.787438478979173e-06;4.999330753256615e-06;3.694534727769736e-06;7.121180804552992e-06;6.993499171792653e-06;7.0170816901667465e-06;3.949640053685437e-06;5.320304097362559e-06;3.974160632378123e-06;1.808365633998118e-05;3.049999336202068e-05;0.0001568957888638458;0.00018727188072546568;5.3031092251418555e-05;1.5758123922816647e-05;1.1477022051979356e-06;1.820780163754788e-05;5.709523401336334e-06;1.496135050786721e-06;1.040256108155378e-05;1.8716200069826113e-06
02:19:21;491;5.552669946951028e-06;6.715763965640011e-06;2.431144966535064e-05;4.6422286003953355e-06;4.554867038047467e-06;6.731052173333555e-06;7.955732461988935e-06;8.3638345800678e-06;4.167479275452024e-06;5.482337494038864e-06;5.445170953648089e-06;5.122312829897169e-06;5.669927559701839e-06;4.238299993953763e-06;4.258794434845599e-06;5.254179797380466e-06;6.088603606281428e-06;8.27068764966164e-06;9.944175758391793e-06;9.998380662608138e-06;4.60488969640463e-06;6.116544287993471e-06;6.988086768822402e-06;6.7323523085811945e-06;6.300032619267917e-06;5.168870535571035e-06;5.122361998577548e-06;1.6679885333464615e-05;3.403818886213245e-05;6.419032619645286e-05;6.16407605709897e-05;4.9654230566403124e-05;2.5574478690559044e-05;1.7163027044005264e-06;1.889921524856793e-05;5.417520111883885e-06;2.310991052377818e-06;9.984005772213605e-06;1.6314908747620545e-06
02:19:38;492;5.073364242491607e-06;6.273309506318986e-06;4.4251573465629327e-05;3.910103251443657e-06;1.1898870478820424e-05;5.586953166608117e-06;5.708175195709683e-06;6.236840797994732e-06;3.276311781390136e-06;2.192772360455241e-06;7.644276689301353e-06;4.570980217202057e-06;2.9147787706694896e-06;3.726888858453363e-06;3.2134175861645273e-06;4.642466932107455e-06;1.3669548485567351e-05;7.073055706924503e-06;7.91441317820108e-06;7.847744395976292e-06;3.7650524743035422e-06;2.806736020668527e-06;9.173252675293642e-06;6.206689543237017e-06;3.6246127535113246e-06;4.6236817191048785e-06;3.932458751858322e-06;2.955861105982472e-05;1.4837929841623487e-05;0.00019799193849312255;0.00019796904962147312;4.103413188795877e-05;1.0677417779103387e-05;1.060634667829394e-06;2.0512161552157495e-05;5.291795498346076e-06;1.3339738075933369e-06;9.227614004752456e-06;1.523623373767e-06
02:19:55;493;5.055391751279165e-06;6.158299031453737e-06;3.321180441637838e-05;4.462016633510757e-06;5.114241709236467e-06;6.0680996673506176e-06;5.640394944156862e-06;4.4398451195930155e-06;2.9099792072561184e-06;2.6353103103363393e-06;1.0504271484473355e-05;7.5586484584923914e-06;3.0415401914235023e-06;3.248140387768217e-06;5.042210994914016e-06;5.0522410450107194e-06;6.511379481282025e-06;7.563233684547263e-06;7.761335909084596e-06;6.022227658325426e-06;3.3831903508569987e-06;3.376205002703362e-06;1.1593807231074145e-05;9.202342823035779e-06;3.6452486515199895e-06;4.210307788756076e-06;5.578067184096998e-06;2.0235160556070163e-05;2.8214779562715167e-05;0.00011932907748061548;0.00011947680055026878;6.414102642638672e-05;8.669573851615851e-06;2.0671743861678e-06;1.9175537668916505e-05;4.890320572671959e-06;1.4729459964677243e-06;9.67231261328449e-06;1.196943331359923e-06
02:20:12;494;5.170260810028925e-06;6.323817505969451e-06;2.7687848335235892e-05;3.432566786446242e-06;4.810686834908686e-06;4.652372770343825e-06;7.406899550103803e-06;4.370753781366623e-06;3.958310186291669e-06;7.073235807488552e-06;7.438687500961226e-06;4.751964133217515e-06;6.426936485710981e-06;3.6493125951411995e-06;4.071401405267042e-06;4.029500860845393e-06;6.232752414839121e-06;6.159192304914564e-06;9.760310984094321e-06;5.7497875850113136e-06;4.332546815263252e-06;7.785572719674033e-06;9.111889217428707e-06;6.247317362320683e-06;7.374600782101499e-06;4.520620309391878e-06;4.581716462158925e-06;2.1296307821723112e-05;2.9390021905605098e-05;9.351802067160982e-05;8.211233244409766e-05;4.861295434665069e-05;1.4943800631091197e-05;1.1231798104122189e-06;2.3556553734945293e-05;5.5020919467299175e-06;1.5779844121996647e-06;9.315598288913926e-06;1.305334008852218e-06
02:20:29;495;4.771920092526795e-06;5.959818281553453e-06;2.605715292827888e-05;4.352274321141956e-06;4.5240364070699775e-06;9.937293622318645e-06;5.783941610104648e-06;4.583149871900167e-06;2.9893830675511235e-06;2.286458097764601e-06;4.755002279275479e-06;4.407435476785147e-06;6.8510421116420934e-06;3.691656103557958e-06;3.1013662556876977e-06;5.123147065194045e-06;5.968757152372803e-06;1.137852550067392e-05;8.06056910629264e-06;5.988299372929069e-06;3.4262324106748565e-06;3.0571614178359e-06;6.386991882911527e-06;5.86044815682277e-06;7.763233572657992e-06;4.614732590566803e-06;3.889719619973555e-06;2.4502744812930414e-05;3.191432663028605e-05;8.31799987709007e-05;5.20255799324504e-05;6.333194782480617e-05;1.8343957705837927e-05;8.131386545756457e-07;2.1082490330277573e-05;5.3197962410639236e-06;2.398583309446944e-06;7.972584442012985e-06;1.800686484757775e-06
02:20:46;496;4.332555772570211e-06;5.474747525378133e-06;2.325327755316248e-05;6.4466948337192e-06;4.241188769071869e-06;4.903473036741636e-06;5.300858358481264e-06;4.0412721308381485e-06;2.825783634399024e-06;4.128353994497564e-06;5.249738645897072e-06;4.422652319843482e-06;3.3311949337967337e-06;2.947169893665411e-06;4.152286938366697e-06;7.007564242565975e-06;5.7229159250986225e-06;6.4617461708921034e-06;7.325278446945889e-06;5.408457439766089e-06;3.3203547952291068e-06;4.7208477381106224e-06;6.809516107060068e-06;5.931574404240575e-06;4.121830909442204e-06;3.8916379644779e-06;4.975244826686943e-06;1.5767278616236805e-05;2.415465192690199e-05;8.202347320432884e-05;5.742281646294283e-05;4.867080805018232e-05;1.0000642725790357e-05;1.0905937361824335e-06;2.224715112909426e-05;5.79420151381196e-06;1.9331028194999056e-06;8.104408689223135e-06;1.8302017637549859e-06
02:21:03;497;3.99844426271753e-06;5.200762396132724e-06;4.4388697751274025e-05;2.970282713929154e-06;4.758878855426474e-06;4.381759152042005e-06;6.457075144148596e-06;4.4043984491860435e-06;2.9570179601085496e-06;1.8647802232475319e-06;5.356975339765313e-06;4.5562890895341335e-06;2.945614137737287e-06;4.6458622174389514e-06;2.682396230953414e-06;3.5759130293592556e-06;6.203140951065852e-06;6.045772841366382e-06;8.639155187009674e-06;6.023864368873109e-06;3.5028599540964933e-06;2.594097989896011e-06;6.979219126404569e-06;6.112772469557829e-06;3.6085179308889864e-06;5.701781193710292e-06;3.4220521240657245e-06;2.070488319896475e-05;2.2898841188622366e-05;0.0001846291400669966;0.00019087486908985044;5.4726341030270054e-05;2.0120694364974576e-05;1.123423516271259e-06;1.9938031103336372e-05;5.4086511109010104e-06;1.0932356852039498e-06;9.526843995278391e-06;1.6194186646185721e-06
02:21:20;498;4.10014788408055e-06;5.298254448842018e-06;3.500035613389481e-05;3.129875784647528e-06;4.843658875844622e-06;4.329022620132926e-06;5.176476809703507e-06;3.655158087150829e-06;2.9561539000930925e-06;5.668224321585637e-06;5.464515078495486e-06;4.787548447702441e-06;2.5740947188717716e-06;3.186431113471661e-06;3.4306132050687665e-06;3.829748925166809e-06;6.346411415115309e-06;5.890450337793032e-06;7.229342010092134e-06;5.1316498951840725e-06;3.3901097016427276e-06;6.643614496388642e-06;7.195003934013377e-06;6.220125894138112e-06;3.3108500589680513e-06;4.119979572535641e-06;4.271765457032634e-06;3.3069800137025834e-05;3.551149944243523e-05;0.00015304363946342376;9.48198220307913e-05;5.699378770506757e-05;8.592829624332728e-06;8.631602429222641e-07;1.9768396460954243e-05;5.710287684639729e-06;1.166344597365634e-06;8.43523170431769e-06;2.0294745134617795e-06
02:21:37;499;3.56088666884282e-06;4.789690880402937e-06;3.4096689637890916e-05;3.870511972985986e-06;3.577652991960566e-06;3.969113435173003e-06;5.2431424903561075e-06;3.2997991960699706e-06;2.6811874600114876e-06;2.110093966869251e-06;4.189876708370445e-06;4.094220162574981e-06;4.215732064368054e-06;2.7640946633766816e-06;2.715213858033911e-06;4.632402316952099e-06;5.072209369591061e-06;5.607828836817342e-06;7.589413921259965e-06;4.7400893390083265e-06;3.241752230816836e-06;2.747800185485935e-06;5.866472197858112e-06;5.725660322483075e-06;4.979530201667273e-06;3.7804283226561683e-06;3.492701715671662e-06;2.100672966861052e-05;3.0225607113429933e-05;0.00013440077131661305;0.00011932133314992882;5.47740882522114e-05;1.0661582017955966e-05;8.964964837401613e-07;2.110527753099493e-05;5.496877730974374e-06;1.2199812103332067e-06;8.134474666372053e-06;1.9170565135265893e-06
02:21:54;500;3.4965302491746737e-06;4.66040672373437e-06;3.02051142250123e-05;2.955483502375955e-06;4.082313479097428e-06;4.539989941967158e-06;5.4107389130758126e-06;3.2324590512964524e-06;2.7669582101904924e-06;2.403399819040818e-06;4.137844340461201e-06;4.092686961857081e-06;3.247615175409764e-06;2.723043350078507e-06;2.365829323316213e-06;3.6107755327469056e-06;5.6139081958532145e-06;6.032169074364614e-06;7.546394741277968e-06;4.54092105860294e-06;3.229372024881879e-06;3.1194861741846866e-06;5.80684427750154e-06;5.635808396549738e-06;3.931180307391296e-06;3.7981895914100867e-06;3.059829184535432e-06;2.417632549425256e-05;4.5638537066034744e-05;0.00010905354367652164;8.109855565760047e-05;5.4665045452601914e-05;1.0798299711126625e-05;8.363917975320292e-07;1.926294399233797e-05;5.6185794591005276e-06;1.1884766101471544e-06;8.598829542415587e-06;1.525842240476466e-06
