Time;Epoch;Train Loss;Test Loss;Exp_Diff;Train_1;Train_2;Train_3;Train_4;Train_5;Train_6;Train_7;Train_8;Train_9;Train_10;Train_11;Train_12;Test_1;Test_2;Test_3;Test_4;Test_5;Test_6;Test_7;Test_8;Test_9;Test_10;Test_11;Test_12;Exp_1;Exp_2;Exp_3;Exp_4;Exp_5;Exp_6;Exp_7;Exp_8;Exp_9;Exp_10;Exp_11;Exp_12
00:00:01;1;0.0017575140224256427;0.0017531229186025035;0.001514108262738724;0.0018279822392783403;0.0023616080116798084;0.002374010762650869;0.0017661938261219555;0.0024120585502797358;0.0017519538115183505;0.0006898368171526024;0.0017262635083170608;0.0016554170953730302;0.0010372100466404597;0.0027647464465355206;0.0007228865924430879;0.001845286041350823;0.002393630709015776;0.0023880595550577663;0.0016852943712986912;0.002389142065768755;0.0017520307041586766;0.0006700589581646166;0.0017304328724128913;0.001624607740418066;0.0010264965276752564;0.0028256839111777425;0.0007067510111793829;0.0008198997944763958;0.00017123650534923044;0.007011064357200985;0.0044130002543963775;0.0005182196379732012;0.002543992592472846;0.00020120265359933298;0.0006268385376463467;0.0005161658443991503;0.00039190458055551484;0.0005933392664879091;0.0003624351283073889
00:00:03;2;0.0012461592954919483;0.0012473333553304966;0.0012786097212380417;0.0013067781476572484;0.001717267409069543;0.0013676716686280667;0.0013314459340769893;0.0018224739950793182;0.0012794713375941765;0.0004458322899732924;0.0013711063515570872;0.0012137401925594365;0.0008092469791087999;0.0017568880000246943;0.0005319887735078572;0.001321010334311124;0.0017266442212335105;0.0013483681633502623;0.001285668588508675;0.001842685382742482;0.0013004088703590104;0.0004386511245223729;0.001383111132839341;0.0012185250274848805;0.0008111202410021443;0.0017661128481967917;0.0005256937480755621;0.00032839180137918977;0.0001520515450833329;0.004051644224185171;0.0057274707776875915;0.0003601181941620031;0.00249485422660642;0.00023358166947906383;0.00035036747831499604;0.0005600553546605368;0.00034154787786597966;0.00045171988526479707;0.00029151362016741414
00:00:05;3;0.0008683343589423616;0.0008685259823392653;0.0006146887453084793;0.000858227480421192;0.001132207395957349;0.0009735096894225783;0.0009591187981641269;0.0011844920578286374;0.0008911539410870649;0.0004945059983004863;0.0009079917187012721;0.0008720691418850699;0.0005692445132891324;0.0011071741916814724;0.000470317174982814;0.0008688848782507585;0.0011497128289192915;0.0009585124377125898;0.0009422013639248436;0.00118890599954779;0.0008930043432319278;0.00048472498111792287;0.0009108943926594868;0.0008664592316586383;0.0005754188308787025;0.00111885038440269;0.000464741884041106;0.00023163863723445782;0.00013777254301423463;0.0020108449768593013;0.0014471741581119917;0.0004429033280720358;0.0011807608010257007;0.00017982342206042346;0.00028284560152976783;0.0006741174127644403;0.0002848757282428334;0.000255865683289925;0.00024764265149664126
00:00:07;4;0.0006406149990322195;0.0006402046427048177;0.0005205088860912595;0.0006744218356867681;0.0008055025978137564;0.0007396662398687939;0.0007678971846458312;0.0007352983923076615;0.0006293815166496973;0.0003144730543143933;0.0007610451388328246;0.0006601937639474768;0.00044268521368063705;0.0007643265805034554;0.0003924882339767712;0.0006738144866061173;0.0008158555580008351;0.0007280884211134355;0.000739684504533446;0.0007447248687260324;0.0006422040180179372;0.00031106443036807397;0.0007557032093452879;0.0006493645428408739;0.00044119445889999597;0.0007985572719687148;0.00038219971399565666;0.00020387354548428768;0.00016030151162293747;0.0011503880994160717;0.001892484632148874;0.0004844216377666709;0.0007047801147008633;0.00012097698230842361;0.0003740548661003301;0.000520993965916654;0.00023581015319572667;0.00014005707346561582;0.0002579640509686594
00:00:09;5;0.0004964378146558539;0.0004969224027251896;0.00041597614306681255;0.0005473884381734189;0.0006326709569955049;0.0006245369984505735;0.0005831576202746709;0.0005719978236646222;0.0004250561209201723;0.00022996736834102194;0.000497916271301206;0.0005734279833301447;0.00031265066393809155;0.0006571919323050679;0.0003012914146231858;0.0005424358319090325;0.0006344841964118466;0.0006335775387809388;0.000558738315277556;0.0005754668536725678;0.00044241309154165697;0.0002250196684823855;0.0005032323445252414;0.0005556112365307923;0.0003126348741647281;0.0006832420126729515;0.0002962127458702042;0.00012895444256260792;0.00015855223617092977;0.0011380561921483785;0.0016769621930224287;0.0002511349077760988;0.0006228658327841721;7.685447431589872e-05;0.0001671253612724607;0.000265649866883613;0.00018400322228689735;9.707759333342564e-05;0.00022447739424483843
00:00:11;6;0.0003874553412556865;0.00038855724940017525;0.00027094863685929747;0.0004440392071335902;0.0004777924921406586;0.0004857111105345459;0.00041719565197953756;0.0005078307122775269;0.0003149123110274972;0.00020554472931425235;0.00038086704704586407;0.00043579832121891246;0.00024627784548349814;0.0004998723146524175;0.00023362223875913267;0.00044544682398886434;0.0004736393770421089;0.00048382969166423323;0.0004103181491712038;0.000509762932226663;0.0003284644657860899;0.0002083042236796545;0.0003795745370679688;0.0004317094571888447;0.0002486790573486728;0.0005114822618256594;0.00023147590188353758;9.762754153357198e-05;0.00010860752665972942;0.0011251107478635696;0.0006889987492041575;0.000129394024585584;0.0002310994231754917;4.40212862800448e-05;0.00016391356079760227;0.0002546139823156326;0.0001360429189564212;9.699933156911732e-05;0.00017495454937064612
00:00:13;7;0.0003211570006401003;0.0003234927912384177;0.0002620619772439248;0.00034146038410654;0.0004104746642703751;0.0003975990955702648;0.00035687702630969977;0.00037298989020035316;0.0003153786528028749;0.0001723433923230418;0.00031641705113956545;0.0003553521483106372;0.000234788853194087;0.00040666931268292086;0.0001735334169552516;0.00034826434559271307;0.0004012203501622912;0.0003975257763780559;0.0003420782090928052;0.0003796417754816917;0.00034014564143829753;0.00017692633485274177;0.00031582080454070453;0.00035112891386740523;0.00024287625329415727;0.00041515430246916;0.00017113065847366624;6.535973724386758e-05;9.926678326993255e-05;0.001166920742877456;0.0006622065947318355;7.90572338208964e-05;0.00040959577331827135;3.939906240516466e-05;0.00010367164663874586;0.00019384322747998834;0.000113585350353541;8.14052769471631e-05;0.00013043229784023624
00:00:15;8;0.0002507274415909871;0.0002527558416072161;0.000196904812541194;0.00025754748792843947;0.0003371650854908446;0.000318929939835884;0.0002568676321640272;0.00030746952004599075;0.000226671769765248;0.00013230547902119062;0.00025126602374505387;0.0002795930352435376;0.00016545811258145642;0.0003193428999772798;0.00015611222324258216;0.0002675312836477651;0.0003371880186391594;0.0003147181543474428;0.0002538996075922505;0.0003099807392941387;0.00023896204174313505;0.0001320207481938591;0.0002554404597929856;0.00027864173410572347;0.0001644123615652818;0.0003278649828759246;0.00015240987999323472;4.8372535324194834e-05;0.00010389675078880551;0.0009829524603212293;0.0004124786495264081;8.053071147381074e-05;0.0002347336906233475;4.401411925867051e-05;0.00010423201014057528;0.000129636980754627;7.484351750212546e-05;6.937512739000794e-05;7.779119739052522e-05
00:00:17;9;0.00020251307056572512;0.0002062308364046761;0.00021417106905567302;0.00021658683953195248;0.000274759058687447;0.00027107414788671036;0.00020876170616578418;0.0002135664407929157;0.00017737850510002318;0.00011988504918876556;0.0002074355801162462;0.0002189046177921806;0.00014140486349457535;0.00025637970576429905;0.0001240202764113912;0.00022432611333471545;0.00027780452539814235;0.0002737743691600199;0.00020789142075080212;0.00021811051777183797;0.0001821705445763655;0.00012402545910879758;0.00020804028362006279;0.00022069292837058346;0.00014255936875537072;0.0002704389469589024;0.00012493548560018144;4.1659068230644844e-05;6.847980720488615e-05;0.0011469605845049154;0.0005025362947252443;5.953129161592854e-05;0.00026501333244662815;5.334697229983567e-05;0.000129068413398046;0.0001261267274269516;6.020670307405423e-05;5.14882801637022e-05;6.563535357723934e-05
00:00:19;10;0.0001724375273087472;0.00017421082626656876;0.0001458564472866465;0.000165449055946903;0.0002229670766279345;0.0002192900857070609;0.00016909113042567532;0.0001776883090397777;0.00014684480610908807;0.00012589411701149154;0.00016724388491308093;0.00018872269596282752;0.00012486744494501843;0.00025705775452810155;0.00010413391029053607;0.00016893632148165562;0.00022234623721959895;0.0002242755244303306;0.0001679473544420863;0.00017941276838669932;0.00015239433946877813;0.00012871451031923578;0.00016833071470189886;0.00018255002886908648;0.00012364419045654727;0.00026748218253856124;0.00010449567869013836;3.6575378285270446e-05;5.54227989134467e-05;0.0007226131260339396;0.0002619312518274666;6.894947461546044e-05;0.00023924100786947765;4.457194835427391e-05;7.886817299782519e-05;9.938516145327874e-05;5.007732538119899e-05;4.1071502671157506e-05;5.157021903696283e-05
00:00:21;11;0.00014301557797063487;0.00014501539196397613;0.00012687780808265405;0.0001442147294648583;0.0001690649084118625;0.0001652959696126676;0.00014705612528070395;0.00017612913357176942;0.00012369732890378643;0.0001344498838513821;0.0001314806521784042;0.00015624898804327876;0.00010644341841725691;0.0001642713871102718;9.783434980838798e-05;0.00014977257339949897;0.00017514912933965884;0.00016967694258871428;0.00014594109538099668;0.00017370876271861216;0.0001283132775445009;0.00013476059743707197;0.00013468945330772196;0.00015336450405236145;0.00010384249364068626;0.00017209828853728015;9.88675343665542e-05;3.127694570354739e-05;4.936423073072348e-05;0.0005922213718259529;0.00031718558721087996;4.445248705487905e-05;0.00016237031076581123;4.429622046434702e-05;5.710095940791085e-05;8.15432330451479e-05;4.056824355432605e-05;4.9311621130462754e-05;5.284248609786019e-05
00:00:23;12;0.00012365931115709827;0.00012681881786262192;0.00022715409518318225;0.00011656231724414697;0.00016211781686789354;0.00015208382238928277;0.00012571369011931728;0.00013435494731145974;0.00011439352743474791;7.684654334318772e-05;0.00011593488568450994;0.00015161317234783795;0.00010706579288663224;0.00014576970075226697;8.145547502635964e-05;0.00012066557237515934;0.0001681141206800136;0.00015883735945460068;0.00012887367069473656;0.00014076988312969855;0.00011693964183847774;7.731373650902333e-05;0.00012007395265685819;0.00014933008456358073;0.00010709377019787709;0.00015205085164089275;8.176311756052442e-05;2.6216643290586484e-05;5.8965084972438945e-05;0.0015968590257670388;0.00036956036213073355;9.470407049947965e-05;0.00028350392966931527;4.8507604890843166e-05;7.498877225808514e-05;6.20953195134564e-05;4.102510449777423e-05;3.0671502490361676e-05;3.875172221807435e-05
00:00:25;13;0.00012169301655004264;0.00012488889156492969;0.00010800491815070914;0.00010237627164790617;0.0002560779372412402;0.00012655809744253267;0.0001298725592794819;9.432297888038606e-05;0.00011401363747154392;6.884978217220288e-05;0.00010268659882099614;0.00018498428794993578;7.57110115046089e-05;0.00012661874024450464;7.82442564544991e-05;0.00010558707435848191;0.00026020415781560953;0.0001330283182913355;0.00013514615475978184;9.756206413782556e-05;0.00011471652871040521;6.950048398583113e-05;0.00010691892716346922;0.00018603443661763605;7.59679054151749e-05;0.00013390778566863907;8.009282188324988e-05;2.4652547611601065e-05;7.611540262372762e-05;0.0005655160774260876;0.00012712489684727486;5.093654054535739e-05;0.0001834238002424459;3.890614881777291e-05;7.616021441519154e-05;5.0446562234494446e-05;2.8696137844233787e-05;3.5601107582903855e-05;3.847958161741888e-05
00:00:27;14;9.270655037984066e-05;9.50381062339838e-05;0.00011850569942163342;9.021316405075844e-05;0.00010617842538481041;0.00010578331085236476;0.00010062204913455471;8.228271889007291e-05;7.899949155836856e-05;7.209625456994218e-05;9.257104074384353e-05;9.749007752837066e-05;9.289965149409082e-05;0.0001138787759435383;7.946361720004543e-05;9.385018296874293e-05;0.0001111216958254116;0.00011068609529513795;0.0001035972758633957;8.490781821612611e-05;8.060697466503428e-05;7.189774154125465e-05;9.445210337075935e-05;9.953110437188886e-05;9.184036301846817e-05;0.00011981659116815846;7.814929797203587e-05;1.925778075421613e-05;2.5737649353220477e-05;0.0005985383526171566;0.00033102401755494894;4.7377376889458563e-05;0.00015176160526939606;3.358017618654127e-05;5.036331497100237e-05;6.82089128061919e-05;2.2504875988244544e-05;3.559194191179044e-05;3.8122388757433606e-05
00:00:29;15;8.510502686931432e-05;8.711765847784832e-05;7.911130940085549e-05;6.499764270984087e-05;0.00010822885997185949;9.127959636791935e-05;8.524183868985347e-05;7.291387511155666e-05;7.030575020197912e-05;8.368026793835848e-05;0.00010150461902081919;8.752338945586499e-05;5.930761096289478e-05;0.0001376263066958927;5.865053911561931e-05;6.888057520617495e-05;0.00010949660967917571;9.617707929706578e-05;8.732426168892203e-05;7.626825768229421e-05;7.25031091814678e-05;8.20017779961411e-05;0.00010458592497124749;8.701435535264944e-05;5.955414663627449e-05;0.0001436788462584284;5.792693089092551e-05;1.5657172527142904e-05;2.295205686224213e-05;0.00029560258824578564;0.00019914242261303934;4.212664377850596e-05;0.00012000483216068443;3.4201679126444717e-05;4.731210932497798e-05;9.241658334657113e-05;1.8528629711275623e-05;2.8863794311620392e-05;3.2527200801975744e-05
00:00:31;16;7.124911664132841e-05;7.442410479379299e-05;7.770274150911589e-05;7.502478032702956e-05;8.896130018146405e-05;7.856445579467287e-05;7.709331931561213e-05;6.27479671545023e-05;6.547386559997325e-05;5.1368085996211285e-05;6.922140237913317e-05;9.340089805866889e-05;5.3261374091562175e-05;8.818579635772039e-05;5.168612746460481e-05;7.730405656119832e-05;9.150152908648434e-05;8.537208997973099e-05;8.158294196296601e-05;6.737769652755571e-05;6.867566425390129e-05;5.1386127261484715e-05;7.457564116302359e-05;9.538358044434822e-05;5.481018377372205e-05;9.420621551461281e-05;5.0913500557196785e-05;1.543304944654226e-05;2.1847259362273584e-05;0.0003131013530071715;0.00017666584902140006;3.663805462136228e-05;0.00015340602941248544;3.155709550608092e-05;3.6232749116537887e-05;7.310396737066974e-05;1.5847475680250092e-05;2.2623932662707065e-05;3.597608290190966e-05
00:00:33;17;6.618900654199355e-05;6.888794367897171e-05;8.015156848844116e-05;5.253595865765833e-05;8.816200839460593e-05;6.998069232560573e-05;7.12533760272229e-05;5.627573947528865e-05;6.663710718157745e-05;5.2255190899524514e-05;6.134327337680257e-05;6.588528070365514e-05;8.165224235509331e-05;7.738596225821807e-05;5.0901219881635285e-05;5.55518282119839e-05;8.996536835874843e-05;7.584521352074734e-05;7.399651518495329e-05;6.0411136001687425e-05;7.007369981405231e-05;5.14241472944688e-05;6.458224886011544e-05;6.817314015624785e-05;8.412539296795664e-05;8.200380517924322e-05;5.050280645874305e-05;1.2965516684599157e-05;2.3723971423576463e-05;0.0002935104488091382;0.0003065609073940512;3.2493561716862486e-05;0.00010877190412295426;1.837174375533295e-05;3.134049172044295e-05;6.093337689549026e-05;1.669796834705517e-05;1.9438994084285675e-05;3.700993690750537e-05
00:00:35;18;5.9628385382769587e-05;6.301535812539603e-05;5.890854578482514e-05;4.64753008099127e-05;6.862223526385688e-05;7.965394734748605e-05;5.73836093632384e-05;4.711380678786141e-05;7.043736640484481e-05;5.604388878633802e-05;6.863171954178556e-05;6.132783622092575e-05;4.360654221293523e-05;6.320251925341257e-05;5.3041833379810754e-05;4.958093818516582e-05;7.41140520634112e-05;8.380810373361058e-05;6.0762145235630555e-05;5.13500297391239e-05;7.524326516615958e-05;5.5683976963244945e-05;7.476169366206785e-05;6.373604241783636e-05;4.6668451420684295e-05;6.913144428421495e-05;5.134412902959953e-05;1.1472252309861432e-05;3.475089477539547e-05;0.00019470388901022731;0.00014313007252800725;3.3188625863302584e-05;0.000122380430617089;1.529342799718765e-05;3.057578554147459e-05;6.0867674412475124e-05;1.301311821239943e-05;1.6235091872445357e-05;3.129128627803655e-05
00:00:37;19;5.7090450483924954e-05;5.9669664298343365e-05;0.0001046514314817582;4.8378391007666075e-05;6.56353297317351e-05;5.877111328283552e-05;0.00012284312145476923;4.323369877180415e-05;4.982591679498166e-05;3.772540108441676e-05;5.527980800934529e-05;5.297238206739249e-05;5.2299515751676815e-05;5.613213263379955e-05;4.198857908477294e-05;5.135228026649455e-05;6.82598517495178e-05;6.219993409541542e-05;0.00012747014602322037;4.657956254314867e-05;5.3083377759874197e-05;3.799999187690504e-05;5.81111757750063e-05;5.5661030043516294e-05;5.3465561052954526e-05;6.068033713123856e-05;4.1172700237646355e-05;1.0160047739102011e-05;1.819270928035719e-05;0.00044146561417412626;0.00046736197928160656;3.908468798839874e-05;0.00011137142048585448;1.743648046828025e-05;3.692723800214308e-05;6.528754940511668e-05;1.4128181596386741e-05;1.4010742621970699e-05;2.039052673775589e-05
00:00:38;20;4.571192928634363e-05;4.794369269342197e-05;4.743097393020279e-05;4.171334653464824e-05;5.041666348791875e-05;5.7783752993145754e-05;5.121942369741687e-05;3.9859790149421315e-05;3.758594041352642e-05;3.7855653067192016e-05;4.6719662435634746e-05;5.939419306018449e-05;3.386054152088036e-05;5.842342394079093e-05;3.371074542325335e-05;4.280792439468441e-05;5.367462974298846e-05;6.159789948849467e-05;5.342014971770541e-05;4.271393474850869e-05;3.970198921234453e-05;3.812742964132494e-05;4.836886617777975e-05;6.225757123836127e-05;3.5672249914223586e-05;6.295775501366964e-05;3.402389831788679e-05;9.536461137413094e-06;2.093458536761323e-05;0.00021420009057207212;0.0001242123618533236;2.01443771434791e-05;3.5253175824254695e-05;1.6455218881583815e-05;2.175476508483994e-05;5.7494516849269006e-05;9.616603924262935e-06;1.4184792908295943e-05;2.538473761602595e-05
00:00:40;21;5.058313736195817e-05;5.306571514251394e-05;5.166206384394609e-05;6.50203821185807e-05;4.951890558531473e-05;6.315560423011199e-05;4.4959654520549854e-05;5.4703586329196696e-05;5.19173368306011e-05;3.96542457989116e-05;3.736274805987705e-05;5.0554454852338246e-05;4.347401840799524e-05;5.1676310745692305e-05;5.500038440945073e-05;6.909381360706396e-05;5.227720948478466e-05;6.705997003348474e-05;4.843869870064391e-05;5.7799412688031155e-05;5.577021032347804e-05;3.984001055938233e-05;3.961107407271408e-05;5.321519600766817e-05;4.4594337119817766e-05;5.585135177976623e-05;5.323727563785424e-05;8.748547580057766e-06;2.3793258570515972e-05;0.0002636542044725633;0.00011696882266906419;3.395836783352347e-05;3.23063613033806e-05;1.5542289591528374e-05;2.129438648188135e-05;6.0154470430426676e-05;9.337099499945044e-06;1.178812786420732e-05;2.23988298302589e-05
00:00:42;22;3.983576785189639e-05;4.189623290631637e-05;4.1012155670283704e-05;3.132288502559856e-05;5.399335028951927e-05;4.271886669988073e-05;4.810697881587409e-05;3.484163794486118e-05;4.10391198706541e-05;3.8799988909038966e-05;3.632181254302354e-05;4.0198664759249034e-05;3.9564781422479264e-05;4.4482965757259244e-05;2.6638149013148325e-05;3.2588796128476146e-05;5.7485562690630956e-05;4.631634027059072e-05;4.959619566105613e-05;3.785345843080225e-05;4.2401130577914796e-05;3.90011427722889e-05;3.821707521845245e-05;4.354002924663268e-05;4.101173697885706e-05;4.790011514125604e-05;2.6843195629698117e-05;1.123210026796779e-05;2.120457518873052e-05;0.00014990775160407448;0.00011661271038951799;1.8996972158005266e-05;4.917282716627331e-05;9.91349656996461e-06;2.1459905076175412e-05;5.3970264163862686e-05;1.0309154097185801e-05;1.060794244107657e-05;1.8758168920569968e-05
00:00:44;23;3.997639272380514e-05;4.221667865139456e-05;3.7019004900685705e-05;2.907097628999302e-05;6.071547122391249e-05;4.102035505969649e-05;4.510536445484997e-05;3.7021126228286114e-05;3.2137471156995e-05;3.6253395403594944e-05;3.578370694867772e-05;6.359430295788115e-05;3.075868012946227e-05;4.306141012865407e-05;2.5194439505650156e-05;3.107754111877949e-05;6.400249268280496e-05;4.474071751177735e-05;4.809320524122707e-05;3.969988070429845e-05;3.304649689647404e-05;3.6925525209075134e-05;3.832965604154116e-05;6.759440413266538e-05;3.1185401566508975e-05;4.676182408407449e-05;2.5142979764127574e-05;7.725702307274238e-06;1.4383884309972057e-05;0.0001735624146471257;7.03751528042815e-05;4.641989267301767e-05;3.336145664512144e-05;7.203746079592848e-06;2.546141659383977e-05;2.9189462189142547e-05;1.0456167595593375e-05;9.594032582796902e-06;1.6494730380470315e-05
00:00:46;24;4.517994970724844e-05;4.7271146689161444e-05;3.1714457551762166e-05;2.8720045683237252e-05;0.0001310601084428113;3.6544254395597484e-05;4.3115901881016974e-05;5.332524030036852e-05;4.424504630471595e-05;3.413803676721727e-05;3.9357319637515914e-05;3.556242598599304e-05;2.9881569513566898e-05;3.760856449730454e-05;2.8600868621321172e-05;3.1661713986563246e-05;0.00013499933956603554;3.898718444626083e-05;4.64102191195891e-05;5.458493067152044e-05;4.5273163041086645e-05;3.4655766814720194e-05;4.1342529953056595e-05;3.896809857330562e-05;3.169458334382456e-05;4.0518201969945624e-05;2.815802069067737e-05;6.7684848164852e-06;1.3884299079786142e-05;0.00013011615603258223;5.527232898107376e-05;3.727734011841219e-05;2.3331199468798806e-05;1.0329707096910531e-05;4.2524407508812944e-05;3.0195261712190136e-05;9.121230000790923e-06;8.601963070833945e-06;1.3151112734469299e-05
00:00:48;25;3.354535741612546e-05;3.569738910761161e-05;3.942028551847682e-05;2.6695524507080005e-05;3.718906434487094e-05;4.1510469070648135e-05;3.894267111997413e-05;3.303213791706515e-05;2.9007209504201953e-05;3.9260805878753175e-05;3.335050063862416e-05;3.418925034927931e-05;2.1766328006575268e-05;3.777151882580008e-05;2.9828794714086886e-05;2.9329575169603104e-05;4.056882670151417e-05;4.4352027152508755e-05;4.1364779347911936e-05;3.527009919454503e-05;3.066716960313011e-05;4.001557442014801e-05;3.646057553805228e-05;3.678183671996245e-05;2.260219095280516e-05;4.1705209362509223e-05;2.925079103148118e-05;6.897324479942797e-06;2.759721686869565e-05;0.0001855342696593271;6.7318454217898e-05;4.725455645485113e-05;3.62432677987278e-05;9.620875822998677e-06;3.533382640729929e-05;2.8960822388804924e-05;8.599831809915286e-06;7.691987115549822e-06;1.1990993197711422e-05
00:00:50;26;3.297451141809854e-05;3.4880066444121796e-05;4.786238256932716e-05;3.0314188567682653e-05;4.6435124739280745e-05;5.403353074742964e-05;4.723598726741329e-05;3.282920271307045e-05;2.470801716857419e-05;2.3231886277518367e-05;2.8743893948175852e-05;3.1083095773386624e-05;1.986039648536255e-05;3.496561628356755e-05;2.225318409640212e-05;3.300063349630778e-05;4.9683859023262596e-05;5.6903293544921694e-05;4.916396967847861e-05;3.511404411025829e-05;2.5933410925753827e-05;2.349004373886428e-05;3.079269486136846e-05;3.3221124818116054e-05;2.0700325853507407e-05;3.871514928516861e-05;2.1842230793642754e-05;5.445805684842251e-06;2.4947194502224002e-05;0.00022382218320458135;0.00015771153415315494;4.36885902774245e-05;3.5181757121280154e-05;8.968270134970453e-06;2.2930713391698453e-05;2.5879301158213738e-05;6.70146513810726e-06;7.027935330190357e-06;1.204384073523853e-05
00:00:52;27;3.07233179522758e-05;3.284479864788996e-05;4.0118193115349224e-05;2.422040795124758e-05;3.691116793644059e-05;3.112510360768862e-05;3.675487184295889e-05;2.496895898864502e-05;4.200754309057299e-05;2.003359599520784e-05;3.0237826543746202e-05;3.337346048097474e-05;4.141746179636191e-05;2.972883723890101e-05;1.7900568541955924e-05;2.6198489396409956e-05;4.049928774972464e-05;3.398770316875292e-05;3.775436184523757e-05;2.7806895950907118e-05;4.512162713235969e-05;2.054138526488449e-05;3.299166583249793e-05;3.5863848673135537e-05;4.305214962544055e-05;3.225635527651551e-05;1.8063800400594557e-05;7.720526656955543e-06;3.6360477064692286e-05;0.00013424210877678719;0.00011036755299099258;4.7423027664884004e-05;4.907552559610518e-05;6.3442917494474435e-06;2.7077076330888047e-05;3.186594554293563e-05;1.1555957132029505e-05;7.297428176485339e-06;1.2088399701987974e-05
00:00:54;28;2.6489969056600867e-05;2.7938731410024877e-05;3.362534801218658e-05;4.180192404005952e-05;3.0770208442473546e-05;3.018512287346973e-05;3.4387990516713465e-05;2.0137913153916998e-05;2.2673867679724356e-05;1.7611719495779322e-05;2.3763455923193018e-05;2.5393393379793203e-05;1.7710701773022596e-05;3.631221545933013e-05;1.7131108563071187e-05;4.311715726739922e-05;3.325374458240097e-05;3.217099595220341e-05;3.537320529325877e-05;2.233108579609587e-05;2.3694923215713707e-05;1.7984726715048618e-05;2.5558549329812366e-05;2.7445120982128736e-05;1.8508496574397697e-05;3.861148487183389e-05;1.7215279328837235e-05;7.000686342158834e-06;3.517592295665405e-05;0.00011196620670576704;0.00011099187224945564;3.980969590781226e-05;1.7304017955085453e-05;4.445705973089228e-06;2.015518549400978e-05;3.272856186603225e-05;5.212510437565347e-06;6.649916453105194e-06;1.2063893805503856e-05
00:00:56;29;2.604679605931117e-05;2.7620091829323683e-05;3.3351148154663837e-05;4.353892431522995e-05;2.7152079726730253e-05;2.704092990897648e-05;2.5460277829448717e-05;3.200996127103198e-05;2.187913199882339e-05;2.1017465049960098e-05;2.4796111127691553e-05;2.2861204274446127e-05;1.6614815201230407e-05;2.36675827703824e-05;2.6523061173122642e-05;4.534338940969444e-05;2.8925193954462515e-05;2.9266971586930824e-05;2.730819197276554e-05;3.402510702483285e-05;2.4287182596604977e-05;2.0943550755217514e-05;2.6112107569801245e-05;2.474662434468871e-05;1.792728167695518e-05;2.592761869937597e-05;2.6627872966280017e-05;7.067448308666316e-06;3.7837356723380067e-05;0.00013299960112804195;8.563671645766262e-05;3.326457185645872e-05;2.4564975570910304e-05;4.90234438891997e-06;2.6453687376761402e-05;2.828477742580747e-05;5.423485475668894e-06;5.41669592798463e-06;8.362117215703724e-06
00:00:58;30;2.5244989537689186e-05;2.6629265759558757e-05;2.8910283414461146e-05;2.6017562089076694e-05;4.1497408491605626e-05;3.097772078965797e-05;2.433815081624082e-05;1.8628651354581713e-05;2.3186117020527902e-05;1.5935816758950626e-05;2.7464144243987736e-05;3.077121835624232e-05;1.8087175451920633e-05;2.5043769226003448e-05;2.0992131360551205e-05;2.7720094755140158e-05;4.318964894554472e-05;3.3109914534467366e-05;2.57251627265794e-05;2.1223302403224715e-05;2.4670674122981964e-05;1.6311314251237767e-05;2.8449251462743747e-05;3.1982020521389106e-05;1.8693188797476956e-05;2.7725192783783555e-05;2.0751416937118733e-05;8.655281688171276e-06;1.9986142136364217e-05;0.00012938644459032403;5.9861635451077576e-05;3.2933594047166274e-05;1.8315624772830923e-05;4.076065574970641e-06;2.578010352710504e-05;2.6995858158460178e-05;5.6646176229466336e-06;5.886444085250193e-06;9.381589318866664e-06
00:01:00;31;2.246653725602631e-05;2.4026389595908055e-05;3.379625659528631e-05;1.7967165224387248e-05;2.6004166192644167e-05;3.13232531745846e-05;2.4683085283330993e-05;1.689587506348289e-05;2.1372104653623452e-05;2.1742100988769213e-05;1.9711853848424322e-05;2.2021471493034866e-05;2.5292288717857694e-05;2.257038354323206e-05;2.001469132231002e-05;1.9871753143497352e-05;2.7820754934786052e-05;3.3789633297474904e-05;2.6016374249593355e-05;1.948886359899962e-05;2.273601275410789e-05;2.1822715984566044e-05;2.1676725115372115e-05;2.4042527313005985e-05;2.670373893308835e-05;2.495880751298443e-05;1.9388759166666873e-05;8.329019422529079e-06;2.948841351586251e-05;0.00010510437233628432;0.0001371296478806545;2.9371811632856952e-05;2.373419404796997e-05;4.2932098876052175e-06;2.174779976757116e-05;2.6774072166911595e-05;6.174451723689104e-06;5.135940321213803e-06;8.272146440287454e-06
00:01:02;32;2.154241398309089e-05;2.3039665093971123e-05;5.3886145096746154e-05;1.6775119914572397e-05;2.2610970841118284e-05;3.3705218093225334e-05;2.143006903245557e-05;2.46877579854754e-05;2.5023306712703494e-05;1.510496652330899e-05;2.1490800873183698e-05;1.9325872530244354e-05;1.4191356540167858e-05;2.650760604245244e-05;1.765591597869719e-05;1.838853084428834e-05;2.4788869867032053e-05;3.645486738812768e-05;2.3074591670684882e-05;2.6630281653628047e-05;2.618874235320365e-05;1.5849836570482637e-05;2.2949564504703134e-05;2.0980733350807908e-05;1.4381560717244806e-05;2.892028913012399e-05;1.786810507031918e-05;7.811728638149554e-06;5.051433714193904e-05;0.00031529776313670354;0.00014056343043966293;4.245653796664839e-05;3.0329068005087835e-05;3.031721922308304e-06;2.07939951243031e-05;1.9380323262555332e-05;3.911129226878961e-06;5.127054972299014e-06;7.416651324417665e-06
00:01:04;33;2.3525736023347317e-05;2.5025939838179753e-05;7.884394392786701e-05;1.7305598096196594e-05;2.9180717089874715e-05;4.985566619097881e-05;2.4469152399640073e-05;1.7121096856375186e-05;1.9554441386369284e-05;1.8284429079332394e-05;2.9941235409709904e-05;2.0882585661493895e-05;1.5284103717114952e-05;2.847056462294197e-05;1.1959234001324148e-05;1.9182869655657058e-05;3.160086971202193e-05;5.260044288868674e-05;2.639922576800248e-05;1.9036260905695484e-05;2.090828917361354e-05;1.8845188916904727e-05;3.084669660432765e-05;2.237498205132293e-05;1.5984799776123496e-05;3.0350758445624534e-05;1.2180885117036095e-05;1.0080978572254882e-05;6.732384253583829e-05;0.0005004666974038975;0.0002659630321417914;2.8432856357405677e-05;1.3298179460928706e-05;2.889790196734134e-06;2.041557851089768e-05;2.290560015219403e-05;4.148442299164657e-06;5.079138868191854e-06;5.123190635105306e-06
00:01:06;34;2.010820818234358e-05;2.1608454321549403e-05;2.4794758426742328e-05;1.801385585829187e-05;2.4729705931359934e-05;2.864283174827423e-05;2.061050616155378e-05;1.6780155986979977e-05;1.459668903242511e-05;1.4196801643606705e-05;3.0464480330878857e-05;2.5011683677886058e-05;1.2182910316611965e-05;2.3220555412060342e-05;1.2848315620963355e-05;1.956096665811787e-05;2.7664105409367268e-05;3.150747202025856e-05;2.189245106485861e-05;1.8327919043500353e-05;1.599493873671443e-05;1.436293414487029e-05;3.199871469958084e-05;2.6477489352802438e-05;1.2982644351769189e-05;2.54133645492264e-05;1.3118443843544626e-05;8.613664785949627e-06;3.364184150836139e-05;0.0001104452627200421;4.2277070011674343e-05;2.571516657402937e-05;1.3563727027681214e-05;3.105948953230106e-06;3.194638332310598e-05;1.6228285830510998e-05;2.993925443226582e-06;4.111321280886632e-06;4.894503662209627e-06
00:01:07;35;1.8004621142350434e-05;1.9482120824019908e-05;2.6699199097000117e-05;1.2736764932438662e-05;2.4393796298806013e-05;2.1622013916684907e-05;1.9199534714237583e-05;1.6059133446074984e-05;1.762104961048036e-05;1.1360565681880788e-05;1.836329618304882e-05;3.226295761361474e-05;1.1754039966469712e-05;1.815579529239709e-05;1.2526498751567901e-05;1.4279427392190157e-05;2.64973297379572e-05;2.3671010343536226e-05;2.0802984653516744e-05;1.766870353762149e-05;1.9090125096215472e-05;1.191948433787027e-05;2.0579496051624707e-05;3.428885525011802e-05;1.2578025050487081e-05;1.9593242829119568e-05;1.2816760145257451e-05;1.2786136051827762e-05;3.481858595566982e-05;0.00011751496072927488;4.484747693464431e-05;2.9264251043511767e-05;3.424565374790949e-05;2.502236536513587e-06;1.8020195432083626e-05;1.4069345886873424e-05;3.264309312656387e-06;5.079008788678291e-06;3.9782287443580505e-06
00:01:09;36;1.775105988470345e-05;1.9002601473840527e-05;2.8344194474566667e-05;1.262536321630395e-05;1.829856626303891e-05;2.2783162063691716e-05;2.1050878979684224e-05;2.3929087846723135e-05;1.3409788320731506e-05;1.225815622454072e-05;3.120604897203934e-05;1.7667063750857118e-05;1.1620165024468902e-05;1.7048712003677544e-05;1.1115718713483602e-05;1.4019277945339173e-05;1.9961406560699438e-05;2.4753148092621572e-05;2.2974216680947243e-05;2.600678315594692e-05;1.4289791648433827e-05;1.2270175490432191e-05;3.230733524059694e-05;1.9482141137987013e-05;1.2133874297202816e-05;1.863389262106915e-05;1.1199165449317108e-05;6.696709436676062e-06;5.01871433826216e-05;6.470617447281501e-05;7.56730353113526e-05;5.3489588997061975e-05;2.361280544360839e-05;2.834394100658966e-06;3.426414954580092e-05;1.7385325266141275e-05;3.9965217877422636e-06;4.4036534075073735e-06;2.8808325428134575e-06
00:01:11;37;1.5527470524871617e-05;1.667657413892374e-05;2.5734809387891716e-05;1.2438748055646185e-05;1.817493506063205e-05;2.071055469989667e-05;1.61438504074402e-05;1.328869994342664e-05;1.4038993453172308e-05;1.3692875731537283e-05;1.6919429916904185e-05;1.6114808621575154e-05;9.856115739963075e-06;1.8250373703277877e-05;1.6700255426630147e-05;1.4015286501201939e-05;1.9804431585841106e-05;2.2515702272081583e-05;1.764683972246933e-05;1.5555084545770954e-05;1.4947087498812028e-05;1.385855888012101e-05;1.82798639107665e-05;1.7323117289598037e-05;1.0676612804718964e-05;1.9687663385826177e-05;1.580863465301551e-05;1.1806401419892664e-05;3.015544183538374e-05;0.0001143354790025488;6.712573794891673e-05;2.9354655279121085e-05;1.5141073893594173e-05;1.968770194133172e-06;1.7339301084983254e-05;1.159275058109316e-05;3.120312151891536e-06;4.224709536750505e-06;2.6530797263917506e-06
00:01:13;38;2.0069303479369243e-05;2.1277839320496645e-05;8.091799510570552e-05;1.5068809117027824e-05;1.7874105685161172e-05;3.339110509159582e-05;2.0444618350914176e-05;1.834550456371951e-05;1.2989907715295471e-05;2.1665209650543396e-05;1.6397546070059185e-05;2.122090095662605e-05;1.9349712453411236e-05;1.6612883187731725e-05;2.7471331677020316e-05;1.703758977172687e-05;2.0088872956933565e-05;3.496262797852978e-05;2.253187323754279e-05;2.0152131191589662e-05;1.3885265812123065e-05;2.1589699331976774e-05;1.777418372834682e-05;2.2224365572663927e-05;1.9849825594640527e-05;1.862956849182882e-05;2.6608062099408996e-05;9.803863697111353e-06;6.209686792208426e-05;0.0004929948023694753;0.0003085689801137357;3.8697035993696155e-05;1.5739508016885838e-05;3.1647144408456894e-06;1.9922031103783147e-05;1.1234024828401672e-05;2.3830262700936527e-06;4.598062953912907e-06;1.8130235584406932e-06
00:01:15;39;1.567081506240439e-05;1.7020068471423125e-05;4.726796639490684e-05;1.2777810782955095e-05;1.5786030981633882e-05;3.1257193256806204e-05;1.5520542854636172e-05;1.233615619611328e-05;1.2467855973015544e-05;9.629347942372782e-06;1.4598562356385711e-05;2.0931583183493206e-05;1.3118486948697369e-05;1.9281345110109463e-05;1.034485909912064e-05;1.4494743493431294e-05;1.7667798371653993e-05;3.3323816037582105e-05;1.7288846674425338e-05;1.4159031960371987e-05;1.3262927092875565e-05;1.0120527562482689e-05;1.611978657106365e-05;2.2571872446123847e-05;1.349193999436765e-05;2.100363422017191e-05;1.073589100421567e-05;2.3145469880511893e-05;4.954277781357048e-05;0.00029501173696509526;0.00011553100674145493;2.4594716128816866e-05;2.0173289020014093e-05;3.124564518968827e-06;1.846950689296074e-05;9.772374362053554e-06;1.9767943681957787e-06;3.8053434277578254e-06;2.068016619481954e-06
00:01:17;40;1.4991515801522258e-05;1.6212452936986067e-05;3.15144336624085e-05;1.215854631197999e-05;1.629262328735463e-05;1.811643519870772e-05;1.5386925747923836e-05;1.1901289970498139e-05;2.2132867994431845e-05;1.0796664629321061e-05;2.131412296984598e-05;1.4632727225137966e-05;9.756626550550994e-06;1.8252050500161037e-05;9.157303828999375e-06;1.3421479315748232e-05;1.7832398032025387e-05;1.9581338061539965e-05;1.7154170391337706e-05;1.3957340458166325e-05;2.391105003362445e-05;1.1269875899358074e-05;2.2465670922486688e-05;1.5671663622694574e-05;1.051222310522888e-05;1.958626334375298e-05;9.18595352128319e-06;9.096474208453459e-06;5.390848781819259e-05;0.00013220779798616455;7.85218351325544e-05;4.118804314138932e-05;1.6136564525979233e-05;2.304382730398796e-06;2.4307748270214768e-05;1.2381109152250354e-05;2.0292561086494932e-06;4.09235356472642e-06;1.9991513099285507e-06
00:01:19;41;1.714352020795476e-05;1.8290010406348346e-05;1.9030152584664026e-05;1.2806413069070418e-05;1.82297608507621e-05;1.9749158834191473e-05;1.8660997856624238e-05;1.4537592082061481e-05;2.6042188086318095e-05;2.190472948820405e-05;1.4386169509479755e-05;1.7662517858628814e-05;1.666118129667831e-05;1.6131018068935273e-05;8.950508113256008e-06;1.4462326822767057e-05;1.9961338152882754e-05;2.1277350553438873e-05;1.9907573339049676e-05;1.647518540635304e-05;2.6947343456735716e-05;2.1673091327148207e-05;1.578839101633013e-05;1.8525752377080366e-05;1.772454690949474e-05;1.7671769329135252e-05;9.065447775816509e-06;1.726848039015189e-05;3.8938599440522406e-05;5.102781417359234e-05;4.5657041694048496e-05;2.1489280877624612e-05;1.877705731730932e-05;3.6327982245301076e-06;9.196489840490491e-06;1.265222528358723e-05;3.8232084338724e-06;3.905335678029972e-06;1.9934996622090866e-06
00:01:21;42;1.438206390053603e-05;1.572643650203495e-05;3.1082203872790494e-05;1.4418770551184355e-05;1.723091474497613e-05;1.5721048820244672e-05;1.3369667748654798e-05;1.3395652250639243e-05;1.0497591229740134e-05;9.949769989248125e-06;1.4346280212604059e-05;1.375869028663601e-05;9.438161448827032e-06;2.630872811757647e-05;1.4149487122174584e-05;1.6168577980052655e-05;1.9054691654650634e-05;1.7751606926911428e-05;1.5195570016704217e-05;1.5033516411918593e-05;1.1466532841835413e-05;1.0173915114459696e-05;1.5817538698246595e-05;1.5268030346063987e-05;1.0046934900706621e-05;2.847619048858362e-05;1.4264127135511099e-05;1.0549363996346499e-05;3.584148515219279e-05;0.00013413838685454203;8.138980342669094e-05;5.308280491249654e-05;1.976299591808396e-05;2.8597083305947453e-06;1.786266875889772e-05;9.345751204584597e-06;2.4939585886259517e-06;4.312157472905178e-06;1.3473618575248996e-06
00:01:23;43;1.5837867316938834e-05;1.694172515041678e-05;2.1651976898355087e-05;1.2246617254680297e-05;2.7699975231857106e-05;2.6692792738975353e-05;1.8186326321576665e-05;1.3794195374636978e-05;1.387383464839848e-05;8.638988067456342e-06;1.7460057454792892e-05;1.3339007976882881e-05;1.4854799634246195e-05;1.5643478851695196e-05;7.624327849953261e-06;1.3658764296048468e-05;2.953742355951167e-05;2.799364879540952e-05;1.943312198116335e-05;1.5514235500735525e-05;1.4310661846380593e-05;9.073774113466807e-06;1.900352078878256e-05;1.4619184633985138e-05;1.5135324489004038e-05;1.722015599337778e-05;7.800879066513815e-06;8.218496773906077e-06;2.226093237838426e-05;8.167225146019244e-05;4.4519101868518515e-05;5.005852363235586e-05;1.7047253626820854e-05;2.3961132320145266e-06;1.4998979236681013e-05;8.224934640589106e-06;4.843966828657863e-06;4.321263540771741e-06;1.2619055613688004e-06
00:01:25;44;1.2908968948657027e-05;1.414011376830705e-05;3.821616897458543e-05;9.640928070744145e-06;1.7241692961275394e-05;1.929979834549365e-05;1.7662915948593845e-05;1.2722989797385832e-05;1.1081118415099603e-05;7.3031582853130574e-06;1.5732194728198838e-05;1.3821135798831495e-05;8.619453891805568e-06;1.380190718433286e-05;7.980330306235249e-06;1.1003186897786563e-05;1.9094803467885845e-05;2.1184863749400806e-05;1.871431924905952e-05;1.4629807025547834e-05;1.2031956821719856e-05;7.981849643029715e-06;1.705881905890456e-05;1.5129790846936263e-05;9.323069814601258e-06;1.5256430633368687e-05;8.272463697100153e-06;1.4905508428048086e-05;3.6549386906988204e-05;0.0001752469873997902;0.0001583372416439165;3.417105062831449e-05;9.793293049906142e-06;2.5790799091839432e-06;1.0737131124097998e-05;6.731105988151227e-06;3.831845468298599e-06;4.139596358686854e-06;1.5718007896430913e-06
00:01:27;45;1.671897558708224e-05;1.7873407689220114e-05;4.546402890503808e-05;1.676610016235455e-05;1.9251474669927532e-05;1.807826633249864e-05;1.4598201217226729e-05;1.0244734827903233e-05;1.536267780269637e-05;7.994367259491561e-06;2.1233308145114776e-05;1.140903415378344e-05;1.0741455498155325e-05;4.5105938420936745e-05;9.842141571554789e-06;1.7546109114547002e-05;2.0841111661497905e-05;2.007177692023474e-05;1.5990803241280284e-05;1.2082896468707042e-05;1.6270528007387126e-05;8.272652296368563e-06;2.269302487686126e-05;1.2353516058858905e-05;1.1693539953497908e-05;4.677878369656804e-05;9.886142183686503e-06;1.1654049624028936e-05;7.952020733187481e-05;0.0002455706747245629;0.00010213093926129285;3.362287097110284e-05;2.286291742969968e-05;3.189399421443523e-06;3.0485770699059466e-05;8.929280852102027e-06;2.3131505591383697e-06;4.078952438235775e-06;1.2101335479156707e-06
00:01:29;46;1.6266639167125422e-05;1.7188703847601068e-05;2.0364241407445517e-05;1.4531852131809005e-05;2.462817064435347e-05;2.0518710870347107e-05;3.275066582504719e-05;2.2657891407944092e-05;1.0183355056819272e-05;8.13182310401637e-06;1.295310255241847e-05;1.297378318941934e-05;1.2942020159233504e-05;1.3538064506364703e-05;9.39022379368866e-06;1.5760372742631802e-05;2.6257944354475064e-05;2.171711764011762e-05;3.343519285086195e-05;2.4016263684839204e-05;1.0612125664275609e-05;8.331730740896023e-06;1.4491453275465424e-05;1.4186050411578286e-05;1.3489536107770135e-05;1.4348751432684182e-05;9.617901209994556e-06;1.619955518136741e-05;3.227373660735011e-05;3.7846845259963805e-05;6.92547264621993e-05;3.5327040751584645e-05;2.5782863890592734e-05;2.793711936242906e-06;8.820638710137345e-06;9.074561762880721e-06;1.6453470339448972e-06;3.6479724751931687e-06;1.7038968178890952e-06
00:01:30;47;1.5122376809854773e-05;1.6222322831052663e-05;2.2096935788497063e-05;9.879742913069963e-06;1.8432200616561286e-05;1.8901259705020575e-05;1.4523501210884536e-05;2.9059524162665763e-05;1.1824326878437121e-05;8.621685559908407e-06;1.1932587217312506e-05;1.2518743849392939e-05;8.419844221598602e-06;2.9726340310338113e-05;7.628760067616853e-06;1.1098229859709147e-05;2.022849129607954e-05;2.0438425905657696e-05;1.6102862762728606e-05;3.0457811774369154e-05;1.2534105654951787e-05;9.086062659029082e-06;1.312684372938356e-05;1.3697277988941568e-05;9.057605462036423e-06;3.1181577411833914e-05;7.658571817794641e-06;1.2562180052148153e-05;3.814298754787678e-05;6.468465660268506e-05;5.96027311288407e-05;3.4343293818318376e-05;1.6379879259222665e-05;2.7510237442864887e-06;2.1007039826188687e-05;6.194247843897289e-06;4.006834395774707e-06;4.695977161521715e-06;7.923780812041325e-07
00:01:32;48;1.1982885634541741e-05;1.3083065835106233e-05;4.117916470044988e-05;8.193538094952208e-06;1.3451645206042816e-05;1.6067963467879633e-05;1.5477302762240637e-05;1.6227879046678854e-05;8.61530054666301e-06;7.655065489457643e-06;1.1671603523666363e-05;1.2356133835696296e-05;9.23354380107226e-06;1.106440378412737e-05;1.3780243939074602e-05;9.431568016708884e-06;1.4650896181465904e-05;1.776067247077133e-05;1.630298638816914e-05;1.871731271847561e-05;9.608509715897388e-06;8.001414387970588e-06;1.2969809660394794e-05;1.3529649584574766e-05;9.689040273804472e-06;1.2337317486204092e-05;1.399760891171688e-05;1.7213344636188422e-05;5.9430272317818955e-05;0.0002443451297460959;9.262677596018164e-05;2.940622148392911e-05;1.5367435563396606e-05;2.232067029972469e-06;1.88726620837261e-05;8.127488836555326e-06;1.3022821657301663e-06;3.8128435813996866e-06;1.4134530004040227e-06
00:01:34;49;1.1138036798156877e-05;1.2247599869037395e-05;3.614926107189763e-05;1.0065278199275243e-05;1.3381880217428426e-05;1.3058641480318494e-05;1.224175487896611e-05;1.02989960052727e-05;9.438798715228296e-06;7.160815190264781e-06;1.186644021993805e-05;1.4041023856169556e-05;1.1720207403052221e-05;1.4026888622579877e-05;6.355713136230179e-06;1.1152661350427514e-05;1.4827190585216343e-05;1.4430493034593337e-05;1.3836698921686893e-05;1.2162392263407923e-05;1.0230146570024715e-05;7.763483390129906e-06;1.3079874326096984e-05;1.5112457201868455e-05;1.2281740481152547e-05;1.5526491632597385e-05;6.567563882008816e-06;1.1333713260359146e-05;3.9326448329607376e-05;0.00011322672057976212;0.00016719665575058563;4.113853890499188e-05;1.3195971218029985e-05;2.676324399514851e-06;2.99086634527452e-05;5.521932898490191e-06;4.349404000577937e-06;4.946045892240431e-06;9.707141758668367e-07
00:01:36;50;1.3689829055413776e-05;1.4808379206972202e-05;2.339218336929734e-05;1.1042115185685733e-05;2.7755098678674337e-05;1.7973400683243572e-05;1.7362220895413635e-05;1.3032190950794261e-05;1.9183529631887225e-05;6.651176685130105e-06;1.0948879299441863e-05;1.0685205573033521e-05;9.689963190789348e-06;1.2217743602604969e-05;7.736420620251362e-06;1.2379521246622994e-05;2.9138798294574187e-05;1.9886509487806977e-05;1.8221216537946205e-05;1.4780140916144187e-05;2.0008636010395173e-05;6.852538812773109e-06;1.2322581651575622e-05;1.1929409843508473e-05;1.0306740698150505e-05;1.376141520993286e-05;8.113038428389331e-06;1.875564025991783e-05;3.006383539025071e-05;6.654693375795743e-05;3.966136845401481e-05;6.556853581167207e-05;1.5176185638778241e-05;1.8905365874139194e-06;2.877512538017059e-05;4.7836123436333145e-06;3.3519130334370184e-06;4.906850498819648e-06;1.225663275502521e-06
00:01:38;51;1.319584873210095e-05;1.4288133317239943e-05;5.180158338637952e-05;1.3294837749165048e-05;1.0947129461995205e-05;2.547426257137886e-05;1.210714084139268e-05;1.1577525842586635e-05;8.062840705556276e-06;8.602889410140465e-06;1.3223073343676168e-05;2.6116258068627346e-05;1.0765758299219835e-05;1.055719958807024e-05;7.62126539332154e-06;1.48373045001652e-05;1.2393056577026602e-05;2.671277597752883e-05;1.3623313107824356e-05;1.3224416433550238e-05;8.549289420063613e-06;9.046983277700367e-06;1.4718914227862253e-05;2.7417955204293343e-05;1.1281885552399459e-05;1.1689236031733217e-05;7.96246485140129e-06;1.7699935504127426e-05;3.173964441838559e-05;0.00024856205034593664;0.0002499428488479271;2.606088227063374e-05;1.1582039656528568e-05;3.864570279289661e-06;2.179557343862282e-05;3.58369020463327e-06;1.4479449510884339e-06;4.612516157685862e-06;7.273045616951177e-07
00:01:40;52;1.6470718799672053e-05;1.745784903747174e-05;2.933942139245305e-05;8.520047202218642e-06;6.668110018960182e-05;1.4745007518968123e-05;1.2907105794500819e-05;9.118757897784814e-06;1.0895630379340302e-05;1.1587268715438562e-05;1.4324905791340825e-05;1.892301557275418e-05;7.31436854292414e-06;1.3505925560960721e-05;9.125486457151055e-06;9.62503502740196e-06;6.732773895064499e-05;1.6614721764337354e-05;1.4369210153353943e-05;1.0187333379080077e-05;1.1628851098066662e-05;1.1938076487597214e-05;1.5702441165166982e-05;1.9654074624012067e-05;8.14803393962082e-06;1.4692051749241014e-05;9.60661310860423e-06;1.4831781042794873e-05;7.385153032718975e-05;9.808073047406203e-05;6.727305979508603e-05;3.879597101268825e-05;1.1788865206629482e-05;3.1323322919241472e-06;3.277418349085101e-05;3.943577165720381e-06;2.352968721160664e-06;4.430931220464916e-06;8.171259608650878e-07
00:01:42;53;1.2598508608231317e-05;1.3523749427654768e-05;4.0058808019398917e-05;1.056437623829383e-05;1.3062846001332673e-05;1.726796203239577e-05;2.0529071491637296e-05;1.4840717798589056e-05;9.909161470680125e-06;1.2355115341155066e-05;1.0190137050291138e-05;1.2842959378644991e-05;9.85442232154748e-06;1.3162579939773877e-05;6.602750799606321e-06;1.1809829986673379e-05;1.4540641028430354e-05;1.860890177893084e-05;2.1805829753328552e-05;1.6068783040708107e-05;1.0577703010945882e-05;1.2675646596821761e-05;1.1023631935741729e-05;1.3644923847441302e-05;1.0330059847293814e-05;1.4349689587981652e-05;6.849350107079806e-06;1.1365320922733299e-05;3.626798528540517e-05;0.00013199956208830209;0.0002156882522649538;3.1341165134089275e-05;1.1280403666965489e-05;3.1344451884329567e-06;2.9157481087399375e-05;3.6667105425380572e-06;1.7332849206348371e-06;4.548975565965618e-06;5.221095653670515e-07
00:01:44;54;1.3260369946330933e-05;1.4334575961917916e-05;3.668324669915317e-05;1.3886074864511887e-05;1.5504556478938206e-05;2.1344904243133815e-05;1.9428659031332657e-05;1.0648459345154812e-05;9.546541830667882e-06;6.688159121637227e-06;1.3443831831368284e-05;1.4021125611985884e-05;7.0495414402929866e-06;2.1438812920977895e-05;6.123769387820423e-06;1.4693706154641312e-05;1.6887089270911226e-05;2.334628848823545e-05;2.0366167023618075e-05;1.2304240977133719e-05;1.051130138991159e-05;7.113841521931124e-06;1.4646316645390655e-05;1.5112475806215773e-05;7.542646840250464e-06;2.301731316797889e-05;6.4735196143443275e-06;1.5411421401940576e-05;6.473713333665214e-05;0.00017365739968696486;0.00011429965339580979;3.6880163822858226e-05;8.275530239001521e-06;6.058218405476605e-06;1.0273150188790878e-05;4.201180730829577e-06;1.3122421919350432e-06;4.3919891451697864e-06;7.008778444091166e-07
00:01:46;55;1.055177463885312e-05;1.150778085571755e-05;1.9865669328156366e-05;7.837302077782418e-06;9.273702241847042e-06;1.2739386202104635e-05;2.0195755765102646e-05;8.118492964761323e-06;8.073214749321716e-06;6.609211804105413e-06;1.6766226509771926e-05;9.866295677340986e-06;1.0606904632998686e-05;1.0903430303440844e-05;5.631369230485461e-06;8.625173248657131e-06;1.055969617286619e-05;1.4045067266262684e-05;2.1362554400207335e-05;9.773359533362135e-06;8.936877667467712e-06;6.9111689512444365e-06;1.8016821073454396e-05;1.099925103643946e-05;1.1010938020332059e-05;1.2115708124861445e-05;5.736750628922799e-06;1.5020386824623489e-05;5.2799235285048084e-05;3.440112492917596e-05;3.579088530655985e-05;4.119315748713355e-05;1.1790769669315527e-05;2.255059427449993e-06;3.410249100149227e-05;3.933004749819255e-06;1.455092529587039e-06;5.1849378619584755e-06;4.6188686571299276e-07
00:01:48;56;1.365044632770853e-05;1.4601693059191774e-05;2.743176366068597e-05;8.326206903900998e-06;1.942697336816805e-05;1.508209227681205e-05;1.1026522435160627e-05;1.647545224869873e-05;1.7165561304337146e-05;6.466883818102463e-06;2.255432070021677e-05;1.880062964945947e-05;6.640629843184859e-06;1.5352689290053107e-05;6.487390440280581e-06;9.21399582175927e-06;2.0547862686150518e-05;1.6841464503734562e-05;1.2417390815796893e-05;1.765696433261538e-05;1.795201265688579e-05;6.944457617222886e-06;2.3461300655451596e-05;1.9326945578000107e-05;7.2213863836335386e-06;1.7081286571312054e-05;6.555244877008475e-06;1.2900751564702005e-05;3.4385465695018e-05;8.918722254342432e-05;8.732753496875803e-05;3.942537876640736e-05;2.0838771517041774e-05;2.3756702052022755e-06;3.2022613372782015e-05;4.116723191460907e-06;1.579645067504881e-06;4.530072018781115e-06;4.91315017148976e-07
00:01:49;57;1.1234783103346176e-05;1.2311974456633258e-05;2.6160348141148658e-05;8.413868821383568e-06;1.995009834584752e-05;1.314732271657187e-05;1.0217323719530214e-05;8.677766140734052e-06;1.524267079069184e-05;1.062138393657299e-05;1.2531407829318265e-05;1.0516612429708774e-05;1.048167978852503e-05;9.858746505709735e-06;5.158512402691041e-06;9.619343185062739e-06;2.114468455296953e-05;1.4438967119082307e-05;1.1756054327979424e-05;1.0535123951567699e-05;1.6648513038386297e-05;1.1185976026227544e-05;1.375880235829317e-05;1.1299021491739247e-05;1.1042417318555025e-05;1.1014287018710253e-05;5.300498324813125e-06;1.69038342749237e-05;2.7895378562002475e-05;5.450838164674424e-05;0.00011662774403175555;4.602459136814524e-05;2.428057574169204e-05;2.3664657551905393e-06;1.5654938849135424e-05;3.374297606077136e-06;1.4436746885038145e-06;4.410576321033281e-06;4.3371884858040164e-07
00:01:51;58;9.47496458601129e-06;1.0397263959251326e-05;4.0811281628887426e-05;1.0914682823810876e-05;1.085294348645117e-05;1.4336610300864033e-05;9.10835554599678e-06;1.0268037053022413e-05;7.111698775733285e-06;5.598049204474426e-06;9.08888111697789e-06;1.1512050746696126e-05;5.838933560330485e-06;8.9358468009302e-06;1.0133482126791064e-05;1.1772479537503848e-05;1.2167899478322685e-05;1.6098186601475737e-05;1.0450841100579584e-05;1.1636452844741833e-05;7.631894916386632e-06;6.078546747734366e-06;1.0238105304882924e-05;1.2302061493963127e-05;6.221615896858474e-06;1.0264488681266674e-05;9.90459090379646e-06;1.3367026660099381e-05;5.7736421884692075e-05;0.00016188088280569095;0.00015531009713810157;5.313454279350115e-05;1.3683740698847994e-05;2.8996116269833445e-06;2.1478250825265475e-05;2.681972867184578e-06;2.1446788898626666e-06;5.038945284552307e-06;3.792080718677164e-07
00:01:53;59;1.0164158271405457e-05;1.113273938705178e-05;2.7623729359807836e-05;7.728317187498265e-06;1.1162806812721596e-05;1.635528132934186e-05;1.1666326974529346e-05;1.16120199736129e-05;8.270471081640483e-06;5.663423755338086e-06;1.1477694903434935e-05;8.310268564121708e-06;8.257271809177588e-06;1.4160527568792118e-05;7.305485676118389e-06;8.830923278868727e-06;1.2424190057158107e-05;1.7908257292749367e-05;1.2956146298464877e-05;1.3058984919391864e-05;8.982877733603655e-06;6.2897864419154975e-06;1.223912911168727e-05;9.490885335990357e-06;8.585989797821536e-06;1.5651189711160775e-05;7.174509619289893e-06;8.237177456953606e-06;4.0484231361203e-05;6.349743534786262e-05;9.933870832632873e-05;5.464993967927661e-05;1.4225871510510572e-05;3.1243120886771818e-06;3.610375446689219e-05;3.433852757017277e-06;2.8166710880385284e-06;5.161199187685549e-06;4.115990472481076e-07
00:01:55;60;1.03709269438923e-05;1.1349975788498686e-05;3.352172096970137e-05;1.3586454721028282e-05;9.846240099617178e-06;1.3206240528130696e-05;1.564502801507863e-05;7.677864220441547e-06;1.63976812863418e-05;7.0984168455109655e-06;1.0298168766227759e-05;8.362059305837151e-06;6.249498550012979e-06;1.0779676614447453e-05;5.303790426968259e-06;1.456429919604097e-05;1.1197549847105321e-05;1.4707560487433419e-05;1.705103739921101e-05;9.154973794684799e-06;1.6989755197214493e-05;7.570604759189624e-06;1.1349602734494684e-05;9.383273306952958e-06;6.795951836880427e-06;1.2014933015017982e-05;5.420163235232648e-06;9.572793055373082e-06;5.208020103288645e-05;8.895720764795273e-05;0.0001302456802227439;5.136461175728632e-05;1.5172706427513254e-05;3.922941966136539e-06;4.108130748672368e-05;2.920317275076845e-06;2.480666390829953e-06;4.1655644593181315e-06;2.9665391457572545e-07
00:01:57;61;7.91962275767136e-06;8.885158192093006e-06;2.5825078372756494e-05;7.664615675392641e-06;9.491980084031969e-06;1.4057448368021142e-05;8.215202710589024e-06;6.3837503138198706e-06;7.527690228411902e-06;5.446870906473061e-06;8.403766436515525e-06;8.000042058142753e-06;5.599491353016426e-06;9.634012076017742e-06;4.610600084023727e-06;8.537751029185138e-06;1.071784984134543e-05;1.5230601691862692e-05;9.531111382911369e-06;7.823495885716085e-06;8.282332802554254e-06;6.0438167427583965e-06;9.512041564264535e-06;8.99770268720031e-06;6.1138732632306404e-06;1.1046472749673935e-05;4.78484458607788e-06;1.9447048457989925e-05;4.2037575175468584e-05;6.612526870852746e-05;9.624429856441768e-05;4.0660953656303815e-05;1.2744361292126853e-05;3.6781752556028697e-06;1.9626280205093477e-05;2.8697387697331224e-06;1.508924868826623e-06;4.476767035397723e-06;4.815484835897698e-07
00:01:59;62;8.891345696714449e-06;9.8449991128291e-06;4.284831975038129e-05;8.031604945234573e-06;8.898113958624974e-06;1.2554630814711551e-05;1.045527095364853e-05;7.474530046700713e-06;9.394229030719584e-06;5.196676736444901e-06;1.3624750203369082e-05;8.623963495970408e-06;5.785787840101813e-06;1.1637626126447355e-05;5.018960579018415e-06;9.162170954368776e-06;1.004716806521542e-05;1.3890683292146018e-05;1.1927376501170087e-05;8.985393701032426e-06;9.895171077212442e-06;5.648371684343791e-06;1.4686340111001289e-05;9.702655674279608e-06;6.304262784178258e-06;1.2989047890981435e-05;4.901343874988452e-06;2.4287081648679588e-05;4.8021910996306034e-05;0.0001736197837648362;0.0001689098665593305;4.4883864089025095e-05;1.217325267089745e-05;2.828379103510181e-06;2.9882861720102958e-05;2.4966980869817093e-06;1.5474421686898633e-06;5.192088520359041e-06;3.3660767585698016e-07
00:02:01;63;8.435103272833286e-06;9.377566187405264e-06;2.686505524562224e-05;7.444961572001706e-06;1.1059558911664556e-05;1.0823538209530687e-05;9.034204726855354e-06;7.477283213445802e-06;7.162660793369469e-06;4.787938269210847e-06;1.3991665855170057e-05;7.767713685521729e-06;7.344486290734991e-06;9.752709856188217e-06;4.574514423826383e-06;8.266370376169348e-06;1.2084169335323651e-05;1.2113943808753326e-05;1.0548187933463965e-05;9.110673073348752e-06;7.832233856063368e-06;5.293515261908834e-06;1.5131608431803688e-05;8.675006932818075e-06;7.890388202167166e-06;1.0798833563622114e-05;4.785859668509492e-06;1.0981743032485995e-05;3.410182795047242e-05;7.286313736246341e-05;8.679796575424729e-05;4.541343650903046e-05;1.84265318270307e-05;2.5622208358005157e-06;3.843663639991983e-05;3.0254571212605404e-06;4.7464498210677095e-06;4.877490313565443e-06;1.477660201225351e-07
00:02:03;64;1.1388915954636435e-05;1.237979085999541e-05;6.38379257401856e-05;1.0545935385731685e-05;9.015094077307657e-06;3.403925619367824e-05;1.2663114565663653e-05;1.2452063289329503e-05;7.029649667861742e-06;1.1109399979018649e-05;1.049552536484684e-05;7.848014891206647e-06;4.951107846293016e-06;1.1430359132899328e-05;5.087467277191267e-06;1.1427101008284577e-05;1.0756985006934618e-05;3.6094588031579705e-05;1.3820849433821284e-05;1.3722569752943958e-05;7.662918672889922e-06;1.1516920316169006e-05;1.1435450958259348e-05;8.734125688683487e-06;5.523940905121993e-06;1.2461026120876387e-05;5.401010777767382e-06;2.5611270457209812e-05;8.698755878874204e-05;0.0003608642207705189;0.0002100140549482167;3.243116636246322e-05;1.6401658879196863e-05;2.8246744039871456e-06;2.3747878454500166e-05;2.2735686375563793e-06;1.051640605932326e-06;3.406238781687247e-06;4.411777922165357e-07
00:02:05;65;8.418405595410729e-06;9.345826848529433e-06;2.2906123878242666e-05;7.705162477510509e-06;1.0209220231548567e-05;1.1642944558202958e-05;9.12322046918813e-06;6.324163307944921e-06;6.366309695496594e-06;5.234621483587241e-06;9.751101556270731e-06;8.083199349135322e-06;4.699793841857834e-06;1.7197328719217612e-05;4.683797810853011e-06;8.60271382384493e-06;1.1324939057172006e-05;1.2867335211507729e-05;1.0543203752834565e-05;7.71405857564407e-06;7.207173525727475e-06;5.880283542634821e-06;1.0880190506835373e-05;8.831299970851536e-06;5.147013135810303e-06;1.825008095255714e-05;4.90162621265225e-06;1.9179539440803486e-05;3.7816347881066644e-05;2.9258331579591146e-05;8.494171179406794e-05;4.225798969407511e-05;1.9562298498870024e-05;2.9240440230570134e-06;2.8143535428514014e-05;2.5922879573252598e-06;2.1876193919046775e-06;5.613298573938663e-06;3.964822756980635e-07
00:02:07;66;9.297868136183173e-06;1.019077792333047e-05;2.7458607170106297e-05;1.2687160463542568e-05;7.339301081543681e-06;1.3831359134221863e-05;1.4580255078106513e-05;6.5799361715205995e-06;7.502331581189413e-06;8.527305978909474e-06;9.934289962452361e-06;9.031030828700956e-06;7.516913473569854e-06;9.52738367487882e-06;4.517146474243687e-06;1.3915064306574198e-05;8.640511807726985e-06;1.512198984608956e-05;1.611264205270276e-05;7.866564178411978e-06;7.968247257538885e-06;8.973294825409539e-06;1.0780487507043843e-05;9.646669793796661e-06;7.901168667362808e-06;1.061432705590718e-05;4.748363818191736e-06;1.0293198605275083e-05;4.6063030599016345e-05;4.2109534036073135e-05;0.00011775675697212286;3.723110839434868e-05;2.6463428234294773e-05;2.4986526481714624e-06;3.4434708439377355e-05;2.7265449332403756e-06;3.7850514669146307e-06;5.547769172753641e-06;5.935025396872789e-07
00:02:09;67;9.621298934286477e-06;1.0502763134239483e-05;4.725571507933424e-05;7.717341074711923e-06;1.041367262902523e-05;1.5366876742074385e-05;9.382573721759194e-06;7.278750081370204e-06;5.312559203864773e-06;1.118499695384013e-05;7.754523559681688e-06;1.0561134215885721e-05;8.41923652475626e-06;8.52619082536421e-06;1.3537728056627946e-05;8.481340138374274e-06;1.19597295072052e-05;1.6667349940045042e-05;1.0762460637055529e-05;8.589112779570971e-06;6.086208877950181e-06;1.1669092341608006e-05;8.556267333961507e-06;1.120440245796101e-05;9.151557456282752e-06;9.677226257102845e-06;1.3228406461638758e-05;3.14815100663455e-05;8.927932263620692e-05;0.00020355263345745773;0.00015596252623416775;3.2704726992223776e-05;9.7567331411471e-06;7.433596520828665e-06;2.8546579843846136e-05;2.1928842364000454e-06;1.6190195717488521e-06;4.301663858895094e-06;2.373843927432752e-07
00:02:11;68;8.836898777660322e-06;9.820332822148228e-06;2.205277301008883e-05;7.116037380360364e-06;1.1571574230050498e-05;1.1409996901725414e-05;1.0963417414638405e-05;9.323861955320725e-06;1.0972511773843507e-05;4.472407625981263e-06;8.244811136199298e-06;7.6183719237767695e-06;5.021949838444264e-06;1.0279493210418877e-05;9.04834819886508e-06;8.206971962195733e-06;1.2859571994985217e-05;1.2798053393441788e-05;1.1925656681226808e-05;1.0964526678389454e-05;1.2020192352332443e-05;5.006282939391411e-06;8.995411779416159e-06;8.596831094109803e-06;5.517598679092126e-06;1.1698944841624279e-05;9.253947673296583e-06;2.4217497328132197e-05;5.9572678561098524e-05;4.9236356346245515e-05;4.5862028266135345e-05;3.953787034506139e-05;1.593585347032801e-05;3.047742455965189e-06;1.7531298840339504e-05;2.7569170237150362e-06;1.269854540187128e-06;5.394356613764279e-06;2.708223300938741e-07
00:02:12;69;7.419657857807041e-06;8.282138366402123e-06;3.910542822272158e-05;6.085953837694805e-06;7.755077025318645e-06;1.9722845659037542e-05;7.94464823301992e-06;6.390048379242589e-06;5.722195121778255e-06;4.142475423372296e-06;8.215114903009635e-06;6.626515517961128e-06;4.523797998504361e-06;8.086139521362218e-06;3.8210803633117765e-06;6.833015389400062e-06;8.77832043661789e-06;2.0901595845212866e-05;9.12124118304412e-06;7.776382367813347e-06;6.237284478744716e-06;4.753954067670252e-06;9.238709999063079e-06;7.513425967035685e-06;4.893905342318179e-06;9.421713428632238e-06;3.916108590037535e-06;2.7048119494630417e-05;4.5593723972278884e-05;0.00018751826608361599;0.00013416774928131612;2.933212135068958e-05;1.0962544251865097e-05;4.032272820941119e-06;2.0044359402322556e-05;2.7125162831116603e-06;1.7509161526950852e-06;5.813950936164862e-06;2.885986430275215e-07
00:02:14;70;8.505181568161582e-06;9.438687708166935e-06;2.4101733503853056e-05;1.0486067851448153e-05;7.834889783902616e-06;1.2643065933818063e-05;8.692335240761457e-06;1.0438585731394182e-05;1.1076210383784904e-05;4.951795474671496e-06;8.103704640983654e-06;8.827987385147521e-06;6.7567324393280614e-06;7.993602842759628e-06;4.257197844672398e-06;1.171810883902311e-05;9.194164704240393e-06;1.3818892811390401e-05;9.992926434394196e-06;1.1797527395749886e-05;1.1723570717353877e-05;5.369418958356549e-06;9.128910951864171e-06;9.613026232048618e-06;7.363099490548042e-06;9.213733680058518e-06;4.330868927055132e-06;2.2177637780629275e-05;6.375888007930778e-05;4.337609702501955e-05;3.210304862980169e-05;5.561429054809753e-05;3.255914028581436e-05;2.5382136289745554e-06;2.6561156029889928e-05;2.7271584130656863e-06;1.9955325750831006e-06;5.622320517709614e-06;1.8732653284355581e-07
00:02:16;71;1.1638036504926028e-05;1.2500770786066858e-05;3.90174249148861e-05;6.47593123627065e-06;8.490034426115885e-06;2.387239520373896e-05;1.4978612083185991e-05;1.5694720200475455e-05;5.499535028909784e-06;4.503842965645917e-06;1.2027412417771963e-05;9.809211225589562e-06;5.85838183168748e-06;2.47691067908239e-05;7.677250527910411e-06;7.059705824217474e-06;9.409844027732682e-06;2.558207772749541e-05;1.5820254011947626e-05;1.7112411068744302e-05;6.082761472820885e-06;5.031723866281188e-06;1.2997378252282343e-05;1.0583612683022474e-05;6.2695641956244936e-06;2.601884612955427e-05;8.041068719614509e-06;3.196452332152923e-05;6.541304351999125e-05;0.00019756013126989133;8.000300278766803e-05;4.906208196675252e-05;2.00595571197799e-05;3.5241816951263484e-06;1.082006776266903e-05;2.882403147110376e-06;1.2910136129612499e-06;5.319832203565336e-06;3.092605715885676e-07
00:02:18;72;8.394868356989802e-06;9.35558754566886e-06;2.533633513245076e-05;1.4281156008554387e-05;1.1975905506228008e-05;9.279546309218487e-06;9.074548544354208e-06;6.362863136902516e-06;1.182423614406761e-05;5.574264921809851e-06;7.343623878532733e-06;6.985783531764479e-06;5.524684002076376e-06;7.094693716231342e-06;5.417111201146761e-06;1.5016166591660202e-05;1.3077804776659395e-05;1.089517588263357e-05;1.0362878802431013e-05;7.94766901890398e-06;1.2871417196418153e-05;6.089232588065103e-06;8.256406355157416e-06;7.859387741392092e-06;6.039556070920552e-06;8.143355193791234e-06;5.70799546592384e-06;1.5539459197527504e-05;9.036457033046325e-05;6.571841046635227e-05;5.5567693319024627e-05;3.492167302792255e-05;1.3555528629230765e-05;3.074419257935639e-06;1.651248243977139e-05;2.7046469872119397e-06;1.2410175348331945e-06;4.645589286018672e-06;1.9053111311732887e-07
00:02:20;73;8.205058597483953e-06;9.01356377975781e-06;2.189952295883069e-05;5.860398498924724e-06;1.0073397509105773e-05;8.884372136399385e-06;7.825806921924926e-06;8.927242583793445e-06;6.757916996426936e-06;4.534344376336011e-06;1.1015071856170586e-05;7.2579782552524686e-06;5.815183137772547e-06;9.84103175483142e-06;1.1667955786523718e-05;6.464464144001692e-06;1.1332466012298695e-05;1.0081578710912564e-05;9.371200018063927e-06;1.0036965779616804e-05;7.2628051349988995e-06;5.0606789540601124e-06;1.1922166915518332e-05;8.164503417936408e-06;6.145287374284301e-06;1.0979698011316388e-05;1.134094686619127e-05;2.1084112525088724e-05;5.972507456069649e-05;2.9410223325380044e-05;4.830106929515001e-05;3.614392047091377e-05;2.07296259473599e-05;2.826894860690166e-06;3.327837645772083e-05;2.015736190040947e-06;3.6718802255294203e-06;5.3547621893356604e-06;2.525994580623274e-07
00:02:22;74;7.5060357373631215e-06;8.379814390318182e-06;4.7908946161261274e-05;5.404959168554445e-06;6.759093342558551e-06;1.0835215621537744e-05;8.18670596913762e-06;6.115451966402154e-06;6.147279137280748e-06;8.325154358214025e-06;7.5987235781192135e-06;1.1303612650821874e-05;6.312326171744396e-06;6.4928737302238915e-06;6.591030840946194e-06;6.308067535819991e-06;7.984962641923538e-06;1.2207785172754886e-05;9.304120800451632e-06;7.50201452549995e-06;6.8494514955920194e-06;8.927210636769975e-06;8.422419422102025e-06;1.220955537179709e-05;6.5058290855159625e-06;7.672374885018304e-06;6.6639790526971436e-06;2.354725742185747e-05;6.385943977516671e-05;0.00016438495896038433;0.00022731426613261584;3.4437402765834304e-05;1.288368091821065e-05;3.370672741529477e-06;3.601882301163467e-05;2.176266829459869e-06;1.7472274857755415e-06;4.872154805985575e-06;2.9520308668076336e-07
00:02:24;75;8.542194615172734e-06;9.393439368183483e-06;2.982140171285795e-05;1.4063025149885727e-05;1.52958754323539e-05;1.0939862684593168e-05;7.749526010317451e-06;1.2070532724289313e-05;4.894193724231338e-06;5.543996652787345e-06;6.604069655095786e-06;6.789035697416714e-06;5.126632007639904e-06;8.385707268132592e-06;5.043874892862732e-06;1.4684237261393765e-05;1.6696618400555387e-05;1.203973217251345e-05;8.956109911506949e-06;1.3507048687286073e-05;5.5134567769010005e-06;6.181877647059427e-06;7.510923336943776e-06;7.522927935957641e-06;5.51466949022879e-06;9.404484099152946e-06;5.18918338883263e-06;1.9594125986625472e-05;4.636858855234728e-05;7.044177905592716e-05;0.00010971706637573148;6.555728249845221e-05;1.0476550363175109e-05;2.5439483922921896e-06;2.3400264438778308e-05;2.0550585797576623e-06;2.476758628127159e-06;4.981796220076192e-06;2.4360146300522826e-07
00:02:26;76;7.506178821937613e-06;8.371309302421213e-06;2.4879515182836025e-05;6.088614039612139e-06;7.505286582443205e-06;8.8409218693383e-06;8.788309115588659e-06;6.684934797556769e-06;6.704075610612521e-06;9.656329548978317e-06;6.5669839634872256e-06;1.068161363610381e-05;5.118788674061327e-06;8.990323527252093e-06;4.447962015193112e-06;6.729815601219446e-06;8.455129237875013e-06;1.0240179706877687e-05;9.994227311145102e-06;8.29192303275635e-06;7.648587730336313e-06;1.0410860214287361e-05;7.529027479443967e-06;1.1097102310774477e-05;5.532568020728981e-06;9.957633722743722e-06;4.568654008559136e-06;1.995988342900421e-05;7.747518587964409e-05;4.4446924742276204e-05;6.147650635501016e-05;4.616678606267852e-05;1.616328331242372e-05;3.7451537902400238e-06;1.78334061590513e-05;2.718827353290733e-06;3.0499334500894295e-06;5.229014086564105e-06;2.892775737597754e-07
00:02:28;77;7.059620780968213e-06;7.889171545776904e-06;2.4533883362281334e-05;4.781216236825582e-06;6.354675145365201e-06;1.48797292263742e-05;8.598837513705927e-06;6.752812119259488e-06;5.198433280123089e-06;4.494469440013466e-06;7.341237217805098e-06;6.727839690124814e-06;4.399464679106689e-06;1.120870953676765e-05;3.9780232134618965e-06;5.323884965083046e-06;7.3944680664255105e-06;1.5965255938048174e-05;9.76673035887571e-06;8.069469614280092e-06;5.94022322396005e-06;4.9868448473440555e-06;8.5532312967396e-06;7.545542349028357e-06;4.669326584387564e-06;1.2301176083602065e-05;4.153902821173366e-06;2.0391908054192086e-05;5.999764549210642e-05;4.743527096716517e-05;3.971681106548027e-05;4.800666648314702e-05;3.3553971181520704e-05;2.9553910070960038e-06;2.9855965844400878e-05;2.66078865393969e-06;3.3941090344938704e-06;6.330595876859815e-06;1.0747668697404624e-07
00:02:30;78;8.280134855583169e-06;9.152566373721797e-06;3.312118947636685e-05;1.0984101964791906e-05;6.7088961783151095e-06;1.2769213341812247e-05;6.8469223658046925e-06;5.7452088901238145e-06;9.802804222984337e-06;5.177539432178367e-06;7.510383476663017e-06;9.632502343234508e-06;9.083680637254268e-06;9.941847254941132e-06;5.158514753457087e-06;1.165106099322173e-05;7.665572405740828e-06;1.426610186724788e-05;8.05253814431563e-06;7.078554724874358e-06;1.0785937677069399e-05;5.689992829939922e-06;8.500555188358611e-06;1.0477530501783448e-05;9.496316659904182e-06;1.0841773482292111e-05;5.324857272482197e-06;2.3028932380947e-05;9.196595515717906e-05;8.93043132629914e-05;0.00010326285997310186;3.489756425280748e-05;2.2944443565901747e-05;3.2880987107441965e-06;1.9344974411630654e-05;2.5097163726792683e-06;1.0918157736507994e-06;5.551438261196646e-06;2.6416159357216304e-07
00:02:32;79;1.0135546715291225e-05;1.1034683044686695e-05;2.8435742609132632e-05;5.309022347239017e-06;9.98827743682217e-06;8.707636172676882e-06;8.038197363966695e-06;7.44044652184977e-06;5.6407088842227244e-06;2.0371623635510744e-05;7.020730476819443e-06;7.123352952346935e-06;1.0433217972469968e-05;1.5039802750426258e-05;1.651354041727741e-05;6.201133437225738e-06;1.1165423362813904e-05;9.965068997350695e-06;9.470505263587118e-06;9.059323698998416e-06;6.246615819553064e-06;2.1005102190670933e-05;8.332018653532089e-06;7.81549357570033e-06;1.0852373266003913e-05;1.638515305221287e-05;1.5917981439583222e-05;2.2455401447796007e-05;4.826437312999472e-05;7.915862624614177e-05;9.613313620261925e-05;5.1227920199215935e-05;1.0218410237604574e-05;3.347173966099902e-06;1.7603638505321387e-05;2.2092743804530957e-06;4.530124153758867e-06;5.9103265618804375e-06;1.7050627870563534e-07
00:02:34;80;6.0196316560088485e-06;6.8767163795684285e-06;2.183972326265176e-05;4.468317112517959e-06;7.373070416669882e-06;8.677582114687125e-06;6.343445665958246e-06;5.266864880388249e-06;5.766440834003623e-06;3.589928311630398e-06;6.53979017234912e-06;6.565565048723763e-06;4.038377383931323e-06;1.0082588739185832e-05;3.5236074801371262e-06;5.332665442795046e-06;8.365921323413112e-06;9.843397210600795e-06;7.528475324059262e-06;6.473606568945371e-06;6.396266774607261e-06;4.171016158418556e-06;7.584184959917285e-06;7.385191088072629e-06;4.468110470169668e-06;1.1226781237072125e-05;3.74497810724601e-06;2.5909502665215586e-05;3.519325216901751e-05;3.426597280007626e-05;4.937474955093024e-05;5.156183912149215e-05;2.3425471521356953e-05;3.2465800159862407e-06;2.7172556963114236e-05;2.4295366985434844e-06;4.36544040755687e-06;4.992263783711694e-06;1.395134548199675e-07
00:02:36;81;9.094155323261724e-06;9.825083170538544e-06;3.138346841309332e-05;6.3693041473749705e-06;8.107630344382374e-06;9.509573488421871e-06;8.254193562994384e-06;6.28067071579091e-06;5.1904391779347945e-06;6.996545262180379e-06;6.6138431969100315e-06;1.3206741505329815e-05;7.98489392973455e-06;2.5097854885106326e-05;5.518170059882653e-06;6.893739011986005e-06;8.713853086318742e-06;1.0960458698546177e-05;9.416839665264669e-06;7.499990283864877e-06;5.8257726150374385e-06;7.456581995570502e-06;7.590114036466281e-06;1.3670141835881381e-05;8.286563806444675e-06;2.608324741484904e-05;5.5036917711743315e-06;1.4142874537242346e-05;8.011254287955635e-05;7.103539220418285e-05;9.939383659645889e-05;5.482605942814186e-05;1.2561018132195653e-05;3.6385985949727123e-06;3.1546105937763627e-05;2.2624336706904556e-06;1.2845214072103056e-06;5.728523528759633e-06;6.971403994522938e-08
00:02:37;82;5.976634131922186e-06;6.811840568291159e-06;3.225852125229103e-05;4.1760406187630785e-06;8.091625092793658e-06;8.139527928754184e-06;8.088166253760289e-06;5.885856906024339e-06;5.083622651886282e-06;3.81494806863972e-06;7.268593596101234e-06;5.766135036111564e-06;5.2627512103371865e-06;6.9190604728481215e-06;3.2232800275331575e-06;4.825244173798062e-06;8.793177452780928e-06;9.26191560671513e-06;9.355757707522525e-06;7.218402026433356e-06;5.812370093885472e-06;4.33258191571463e-06;8.33851801779687e-06;6.594512471933797e-06;5.722852254713203e-06;8.08273842532016e-06;3.404014763228715e-06;2.5009539042453916e-05;4.6762917328832514e-05;6.637483092129727e-05;0.00013424622435195016;6.162353207763684e-05;1.3047304597781831e-05;3.4203602288999514e-06;2.591517016990659e-05;2.0205714513368536e-06;2.5456191750752682e-06;6.0252607023943655e-06;1.1092497992686057e-07
00:02:39;83;6.983063980473244e-06;7.86744461533366e-06;2.053774236185636e-05;5.66978582709639e-06;8.040033778461913e-06;9.755348922365927e-06;7.089136002104045e-06;7.473633579154053e-06;4.2269553148990076e-06;3.425732148863083e-06;6.765186659924376e-06;1.3801774381311754e-05;4.757350911432923e-06;8.952720162627967e-06;3.839108194822219e-06;6.345828725460695e-06;9.164161665582089e-06;1.1276186802505539e-05;8.143076125703328e-06;9.189057989346963e-06;4.815607444240264e-06;4.025383766849147e-06;7.816342663836277e-06;1.4441108368937651e-05;5.063363887472141e-06;1.0179376515017932e-05;3.949838257333024e-06;2.331971789218089e-05;6.168369099110449e-05;2.546187432317492e-05;3.174023392255847e-05;4.92925299970057e-05;1.3112292597099098e-05;4.647954240856236e-06;2.534269317602361e-05;2.900315188080351e-06;3.2450650587510948e-06;5.484436934919718e-06;2.221040205216964e-07
00:02:41;84;6.789306769147433e-06;7.621090717984311e-06;3.128456052092861e-05;4.137959659609371e-06;6.555878349442682e-06;9.360916580708983e-06;6.826692739991813e-06;5.140566608991486e-06;4.7470144718498766e-06;3.497558512790342e-06;7.946548418725673e-06;6.863994725330775e-06;4.208294718275531e-06;6.250702811107865e-06;1.5935551941610853e-05;4.944504559106566e-06;7.511339931567553e-06;1.0844549919217766e-05;8.048896326059388e-06;6.554734969955185e-06;5.315422577386695e-06;4.0824195582301195e-06;8.967165291623236e-06;7.657806368633483e-06;4.720468605458486e-06;7.415687683026624e-06;1.5390090233774537e-05;2.8075847586299924e-05;0.00010074810032702728;6.997796760961343e-05;8.094834614848796e-05;3.8052918172443e-05;1.2965591578961279e-05;3.949080142612608e-06;3.137535372209219e-05;2.0746149834051137e-06;1.6104242255598458e-06;5.50996706223019e-06;1.2651469241057613e-07
00:02:43;85;7.224539675508947e-06;8.015075470407456e-06;3.338507873814429e-05;5.326366240025622e-06;7.506285962092947e-06;1.5440700951527024e-05;7.343536505676308e-06;5.4756677550151585e-06;6.149141278913558e-06;3.5061030260085215e-06;6.699829228296039e-06;6.808048293035799e-06;5.539081122017044e-06;8.567969797726702e-06;8.331743627303984e-06;6.025711230259857e-06;8.48416270913086e-06;1.644559945160364e-05;8.420014695085356e-06;6.872432846602685e-06;6.903533694294541e-06;3.926323291965719e-06;7.711600355372567e-06;7.592414252180385e-06;5.900055531485491e-06;9.634013259770494e-06;8.265041385670827e-06;3.2101502243852474e-05;4.231466890118243e-05;9.985472982775985e-05;0.00013873320960597387;4.294955601024644e-05;8.709559874434427e-06;3.1096702687813784e-06;2.169010394918225e-05;2.6529548905336412e-06;2.4424207123584206e-06;6.012068190457313e-06;5.0500382968954636e-08
00:02:45;86;6.0184459429861325e-06;6.833046248900672e-06;2.3836422903756275e-05;4.278195770656236e-06;8.243227060621518e-06;1.0903570686015097e-05;7.417622800754874e-06;4.444322289419812e-06;4.435019835178557e-06;3.328514751740644e-06;9.776523353624809e-06;5.281289881702895e-06;3.711108697437091e-06;7.518091955851312e-06;2.8838626000358336e-06;5.128962617520669e-06;9.102305451546548e-06;1.2104935068018215e-05;8.415984522591454e-06;5.853678753219701e-06;4.8946464567397694e-06;3.9319414565996545e-06;1.0604400364472088e-05;6.016715993794179e-06;4.116808837997142e-06;8.708939995939765e-06;3.1172336364278046e-06;2.361056655539035e-05;4.976410075863963e-05;4.8549408173138246e-05;6.125481023783595e-05;3.805068960159126e-05;1.645540088012308e-05;3.1586157362735104e-06;3.5794385386838846e-05;2.350583581829727e-06;1.677017070485195e-06;5.311830485016928e-06;5.966637791248634e-08
00:02:47;87;9.872481261264841e-06;1.0699761102692212e-05;3.0693182462123094e-05;5.410248016217296e-06;7.331641840706156e-06;2.4536495815978427e-05;2.1935556033399322e-05;5.9741416193823875e-06;4.266980244693741e-06;1.1612175511740732e-05;7.067993117004789e-06;6.302941365600066e-06;1.0881801293423491e-05;9.583511632110293e-06;3.5662844039501867e-06;6.188446581912599e-06;8.40628491126073e-06;2.6304553747523422e-05;2.2507624140140436e-05;7.422382433232306e-06;4.769583662166525e-06;1.2317992715469689e-05;8.123970750418692e-06;7.135521630666114e-06;1.0935470305711636e-05;1.0487744700035766e-05;3.7975537826598523e-06;2.0691582351133884e-05;8.125060443523435e-05;0.00012467925350907833;6.315104054192132e-05;3.0175289839046737e-05;1.79505779352103e-05;3.9807647320052275e-06;1.858079096005895e-05;2.2749533217106503e-06;9.379906862075109e-07;4.5297351274218775e-06;1.1560610644801007e-07
00:02:49;88;1.0153161321630416e-05;1.1045672803033362e-05;3.843426746420988e-05;7.750386646162868e-06;1.656571160295202e-05;3.1448198104623195e-05;9.730362115398997e-06;6.326669012033583e-06;9.840500033094072e-06;5.835967002745044e-06;9.696670916719603e-06;7.846566541241435e-06;5.120944817930835e-06;7.725557447909894e-06;3.950398006289581e-06;8.486166823878435e-06;1.7822321832325173e-05;3.3445359689192374e-05;1.1111002999014896e-05;7.78408390275056e-06;1.050989210484601e-05;6.198741494941553e-06;1.0437944552052879e-05;8.572379262855239e-06;5.285088675492849e-06;8.826862586495655e-06;4.068224868631982e-06;1.889332606608676e-05;2.5603688268925433e-05;0.0001854855203053945;3.914760175195033e-05;7.111373802350855e-05;6.798209564962448e-05;3.092506557339085e-06;3.330456064136387e-05;2.6085864213619296e-06;6.687930842166785e-06;7.198947714466981e-06;9.270732832985632e-08
00:02:51;89;5.74179080233121e-06;6.618834515991901e-06;2.3782659519520346e-05;5.671096161886556e-06;5.378504140002798e-06;1.0091353680443469e-05;7.135032596104131e-06;7.577315546892681e-06;4.431271536537389e-06;4.233182045060795e-06;5.620380275931066e-06;5.401721746587575e-06;4.067136953525815e-06;5.676596258426385e-06;3.6178968683938964e-06;6.45314215817743e-06;6.293813246976484e-06;1.1538766206216724e-05;8.326234221178449e-06;9.027685492479645e-06;5.088786162525162e-06;4.902868899011128e-06;6.596872440874179e-06;6.0692467154176825e-06;4.542538754667245e-06;6.881386148455056e-06;3.70467171682943e-06;1.7162762563932422e-05;5.687978288485618e-05;4.17913236499221e-05;4.0350043904629144e-05;5.775800172987297e-05;3.2510704751207376e-05;2.379339557389798e-06;2.3960367866938094e-05;2.1022067911403027e-06;4.0523763176651435e-06;6.217532587002312e-06;2.2747162968839013e-07
00:02:53;90;6.585843795324887e-06;7.462747868850807e-06;2.3060419698290847e-05;3.928097310211921e-06;6.740226144653537e-06;7.948594968483617e-06;5.996345834414672e-06;9.066703572005705e-06;7.384038091761237e-06;4.257325360448115e-06;6.50872055177584e-06;6.992743632785257e-06;6.26178925406345e-06;7.95532769486003e-06;5.990211458336861e-06;4.6059578403689066e-06;7.524384681680284e-06;9.278794377793549e-06;7.3344929637354235e-06;1.0468210164134102e-05;8.345378416920482e-06;4.75082856322428e-06;7.298863002239459e-06;7.736158916981644e-06;7.055766395406184e-06;8.96861884547998e-06;6.185517738426997e-06;1.999561555249318e-05;8.217013594606172e-05;2.7018379107535276e-05;4.379613595285388e-05;4.472186935879387e-05;1.8957339533080333e-05;2.485859446053726e-06;2.6161026253593686e-05;2.351807259138952e-06;3.2686642704697597e-06;5.732500184796055e-06;6.570351461971899e-08
00:02:55;91;6.644674936172702e-06;7.503921925847321e-06;3.5654824996674824e-05;3.997220393872877e-06;6.898849207459534e-06;7.852317635710774e-06;5.893308076371733e-06;5.817661141998604e-06;8.523524482419795e-06;6.538185073426658e-06;9.054704357615925e-06;5.726697404123177e-06;3.670553701469585e-06;1.196974206862933e-05;3.79333400989491e-06;4.808662657823437e-06;7.8696037154616e-06;9.201470116819063e-06;7.060415129349685e-06;7.1804165139538675e-06;9.387778080261203e-06;7.135846544770175e-06;9.874960222630393e-06;6.542317506397081e-06;4.034771877683587e-06;1.2786465435102066e-05;4.164352592944184e-06;3.767790884334507e-05;7.032928206053091e-05;0.00012062800634015896;0.00011461557440149708;4.324299942469012e-05;1.6290077485624326e-05;2.372253300845976e-06;1.3578660988876251e-05;2.18514121408354e-06;1.3010419149823519e-06;5.544030633634162e-06;9.292335182913822e-08
00:02:57;92;6.833767527454753e-06;7.750984480745628e-06;3.395995468726252e-05;4.952225014872883e-06;8.52687237537256e-06;1.4336915511266438e-05;6.65643842332677e-06;5.488941533374455e-06;5.017544322330733e-06;6.842351370101534e-06;7.730517602055897e-06;7.587956872612267e-06;5.74124670487725e-06;6.22646909740545e-06;2.8977294438706478e-06;5.673730178202703e-06;9.99333105016687e-06;1.581786458516461e-05;7.676790648727984e-06;6.775878123162444e-06;5.6249312486135195e-06;7.525653927586973e-06;8.940995640738106e-06;8.425835371954121e-06;5.936846534921964e-06;7.4396015265789815e-06;3.1803515844043017e-06;2.026170458605777e-05;6.703759934898331e-05;0.00013783894813892928;0.00010113325746133778;3.8511692340504904e-05;1.1571039662533194e-05;2.196878708801386e-06;2.0047262451703544e-05;2.5955171613807158e-06;9.239919209466853e-07;5.2872587702880246e-06;1.1430569568362746e-07
00:02:59;93;6.911290126703824e-06;7.692130687165801e-06;2.0782597467111665e-05;3.7871380358984137e-06;6.4781918218479655e-06;9.036299937809583e-06;1.5440831108099413e-05;8.689860953965804e-06;4.0970901502972046e-06;6.427545654668682e-06;8.007417317979947e-06;5.414057797475442e-06;4.952301813238529e-06;7.297243476306841e-06;3.3075016629363123e-06;4.401864400071783e-06;7.5025415373855575e-06;1.0469961977568219e-05;1.60460580261741e-05;1.0025560123158126e-05;4.601972814501245e-06;6.818804399411915e-06;9.076120834292908e-06;6.159294349644473e-06;5.211758756950421e-06;8.525466610886792e-06;3.466161398206122e-06;3.0227809792679765e-05;4.18499686976835e-05;4.252700977375577e-05;3.4419457084395775e-05;5.7890500143456465e-05;1.3062532036431905e-05;4.405648870187687e-06;1.5612306809653e-05;2.4896977153614242e-06;1.4804448994866007e-06;5.334719412617194e-06;9.10743696308713e-08
00:03:01;94;6.348393454076855e-06;7.2497543119943315e-06;5.236379659365007e-05;5.1128100269889645e-06;6.799445915235807e-06;1.451561230939288e-05;6.09621120840519e-06;5.058471061661604e-06;4.590089041946819e-06;4.323993574185568e-06;6.118159791154457e-06;5.133819196665647e-06;8.639752930538304e-06;6.338308305683685e-06;3.4540460762273866e-06;6.08538403533122e-06;7.742362655174279e-06;1.6030651565841575e-05;7.282189926627325e-06;6.50669125195547e-06;5.177549512523058e-06;4.947267498958158e-06;7.00718962860587e-06;6.0376093694651016e-06;9.011760720902284e-06;7.465931375170126e-06;3.7024612763012048e-06;2.595474697208097e-05;6.4609771796421e-05;0.0002313726050487258;0.00019889026389841607;5.653677075174711e-05;1.0854503897023528e-05;4.836091221367033e-06;2.5218763137111326e-05;2.3532741736613614e-06;1.184912936359783e-06;6.428087702722633e-06;1.2576758816445892e-07
00:03:03;95;5.65328020872936e-06;6.476655862916001e-06;2.8400654369498067e-05;5.145858137338295e-06;5.232150758225564e-06;6.708696982503749e-06;6.325486758708042e-06;8.742538825081489e-06;4.041493554041153e-06;4.679467870325673e-06;6.0573817254227045e-06;5.393224114736871e-06;3.705969435168816e-06;8.96762004484489e-06;2.8394725691524316e-06;5.762708381933154e-06;6.04236750324519e-06;7.976997137661726e-06;7.583653043667842e-06;1.0114710451639037e-05;4.690677902153421e-06;5.0531549317660204e-06;7.048586592392457e-06;6.223082137590678e-06;4.118129266005988e-06;1.011721596563503e-05;2.9885851158206042e-06;3.117354380812943e-05;6.700124747859071e-05;6.600558709727177e-05;7.860260639222008e-05;5.726595395576535e-05;1.2980009280015607e-05;2.8531666738229825e-06;1.3003575748477215e-05;3.3277440518498207e-06;2.7173344408922207e-06;5.7531276686489365e-06;1.2395583829279938e-07
00:03:04;96;9.27590501476061e-06;1.0207748288584171e-05;2.9931080595612946e-05;7.623121847059751e-06;2.268384017544246e-05;9.306904892980583e-06;1.2697120040947787e-05;8.097848777956848e-06;6.757389265032998e-06;6.635533567783176e-06;6.1144664801237134e-06;5.950109502479832e-06;8.75913302228975e-06;1.3416844460969266e-05;3.2685445684163286e-06;8.616138794549662e-06;2.3881527927705628e-05;1.0597790277861811e-05;1.4010743834199885e-05;9.55017123741055e-06;7.322236423176578e-06;6.97179128317519e-06;7.2023083852906855e-06;6.609305765904756e-06;9.731221006162902e-06;1.4551227777010815e-05;3.4485144077492967e-06;2.1322710938318656e-05;9.738609688892105e-05;6.569650174734299e-05;5.7272527048135064e-05;6.398588394604766e-05;1.4699682801173692e-05;3.323736859188753e-06;2.4251543552987307e-05;2.397149163255593e-06;2.3126885632264636e-06;6.415554441698897e-06;1.0889119705924093e-07
00:03:06;97;5.410172904098752e-06;6.251794603267166e-06;4.076103108638304e-05;5.906663517084677e-06;5.689101171087301e-06;8.0769840684008e-06;6.166142470479227e-06;5.275072092106567e-06;5.506587393258852e-06;2.754015775995423e-06;6.376798254850965e-06;6.272771480424084e-06;3.4270777533797836e-06;5.812997460194228e-06;3.657861536574749e-06;6.855196480052045e-06;6.8768293871632715e-06;9.483619941178564e-06;7.249053218217767e-06;6.449409059464012e-06;5.97220123611955e-06;3.29769324601249e-06;7.276414577708111e-06;7.085131859570584e-06;3.740104139529948e-06;6.88831810696718e-06;3.8475622970301765e-06;3.135526659210766e-05;6.597495563958925e-05;0.0001351816816501967;0.00015262357068573622;5.067224165450936e-05;1.3715214796203984e-05;3.340117685458613e-06;2.53308892066988e-05;2.3890744653291593e-06;2.174385327818086e-06;6.314194228200191e-06;6.078110474857221e-08
00:03:08;98;6.584110038106288e-06;7.403607429019942e-06;4.026783666918545e-05;9.842241393765892e-06;6.985972755754491e-06;8.228498145321986e-06;6.277738342093513e-06;5.766626788851102e-06;4.769004823853865e-06;2.776352202521986e-06;5.9272721321819555e-06;1.2598101767609519e-05;4.128002163125447e-06;6.623684919175461e-06;5.085823068381759e-06;1.0693074745165487e-05;7.961388614085426e-06;9.474253233690168e-06;7.4219109005235055e-06;7.128631321830664e-06;5.426013187181663e-06;3.4138073085125164e-06;6.737260212537853e-06;1.3322612014949127e-05;4.358629625234174e-06;7.5953228608479455e-06;5.310382770794949e-06;2.33739819389988e-05;8.091518754006896e-05;7.863696340924825e-05;0.00016264728234578602;6.151228869644887e-05;3.701516418301377e-05;2.424907494620401e-06;2.661701176385618e-05;2.5040508177724056e-06;1.6760764093704588e-06;5.790568026778023e-06;1.0055740426337755e-07
00:03:10;99;6.387529084086261e-06;7.148352600595416e-06;3.1038545431995755e-05;5.299728237030298e-06;8.138378655592698e-06;9.347157143483029e-06;6.693388240431762e-06;6.7844555534758335e-06;6.838432663610919e-06;5.402851271828592e-06;8.04376195905444e-06;5.356826058612217e-06;5.005115598906555e-06;6.248706018396888e-06;3.491545632980123e-06;5.871788519620674e-06;9.045605329907929e-06;1.0431171711941346e-05;7.816638923100936e-06;8.066458714800987e-06;7.483267076674531e-06;5.9230883351442055e-06;8.924366681375304e-06;5.930197803421304e-06;5.504376819276964e-06;7.183886970168818e-06;3.5993819213367313e-06;1.6535670870057952e-05;6.469867752615247e-05;6.63782758547928e-05;8.899842378720871e-05;7.021590195922078e-05;1.3871258069051067e-05;3.3205071919742507e-06;3.477103169256811e-05;3.640787402022489e-06;3.621493322719941e-06;6.337929707345897e-06;7.258780083467732e-08
00:03:12;100;6.082023496389866e-06;6.9794910653203995e-06;3.260650802983271e-05;4.381078742777721e-06;5.4585769281604e-06;6.964915031462934e-06;7.709651796326192e-06;4.382347219818299e-06;9.51647456304272e-06;2.700370942450418e-06;1.2663142361449529e-05;7.735321232034535e-06;3.690897553809691e-06;5.049296682425496e-06;2.7322071213960313e-06;5.075164430124886e-06;6.5850202656891475e-06;8.306119761522197e-06;8.602210326426768e-06;5.978972067283923e-06;1.0625969641491966e-05;3.276699918744639e-06;1.351171410729139e-05;8.651508957157177e-06;4.171228867931007e-06;6.020567784444326e-06;2.948714379122469e-06;3.377272461483729e-05;8.625896293175397e-05;6.912279813212116e-05;9.44262868084304e-05;3.2558633445922305e-05;2.4393550192499157e-05;3.5259462863481123e-06;3.704293445515472e-05;2.167730518858583e-06;2.2670004671568753e-06;5.6452743648157e-06;9.625414009427045e-08
00:03:14;101;5.738484811698444e-06;6.55607597959888e-06;4.493226386204104e-05;3.6077142049541844e-06;6.026619676837506e-06;7.72983919264644e-06;6.1588103141022286e-06;5.304156325471674e-06;6.6094510748500435e-06;2.678780945024202e-06;5.055938185772778e-06;7.333988940352108e-06;3.955097666102409e-06;1.1513184150208582e-05;2.8882352664667947e-06;4.21862871261038e-06;6.9587425324370306e-06;8.811020178873611e-06;7.1313819187454575e-06;6.871490785658663e-06;7.3203973845955235e-06;3.2501296714202264e-06;5.763161448445731e-06;8.251353265913615e-06;4.348663681619517e-06;1.2714524381166645e-05;3.0334158581457746e-06;3.3695565695025066e-05;8.936846462871402e-05;0.00014779899557923988;0.00017207309994183868;3.797842616421402e-05;1.671332482085013e-05;3.0916063616377407e-06;2.849792908870563e-05;1.9179771065298956e-06;1.7370840312537654e-06;6.198127494355896e-06;1.1656543212764015e-07
00:03:16;102;5.281181605002158e-06;6.042311477220302e-06;2.6367661490288598e-05;4.182330692517863e-06;7.028519439829366e-06;6.551620281927936e-06;6.253469654508721e-06;8.947314595078835e-06;4.089315206941406e-06;2.695413538750751e-06;5.525513104358155e-06;4.3205338180676085e-06;3.7771879910699435e-06;7.189845655246203e-06;2.8131133285440186e-06;4.6847887915646425e-06;7.789951579772744e-06;8.062260775072382e-06;7.25158963200844e-06;1.0147098812841606e-05;4.551646149674168e-06;3.236636354778989e-06;6.287143715101742e-06;5.122220566395127e-06;4.371944378708346e-06;8.07965611035993e-06;2.922799090304614e-06;2.624053091332502e-05;9.71849000713343e-05;3.149629595868976e-05;3.7944107174103415e-05;6.876285732649294e-05;1.2200665763670439e-05;3.7285466533105643e-06;2.65253746613014e-05;2.13777971171331e-06;3.6921684665998816e-06;6.367398951793687e-06;1.313122311284157e-07
00:03:18;103;6.177426884205901e-06;7.011588480319132e-06;2.8040599057969564e-05;3.832924932435265e-06;1.207280376679488e-05;7.099072894463503e-06;6.786239853860045e-06;4.664902604645249e-06;3.970732222701269e-06;2.675941873258642e-06;7.807508928501441e-06;7.680855238137694e-06;6.643734835488534e-06;4.87215737362848e-06;6.0222461994189045e-06;4.520935541406772e-06;1.3283452546279996e-05;8.409458305207789e-06;7.695186577851168e-06;5.918480406141003e-06;4.634713420699294e-06;3.1935794019853898e-06;8.744441476918365e-06;8.549390880529522e-06;7.314317157798092e-06;5.914632334057801e-06;5.960471782278155e-06;3.670936809931673e-05;5.751806352741371e-05;8.114434166908495e-05;7.755730689474026e-05;4.703404917410236e-05;9.49503557161173e-06;3.3931063243988363e-06;1.2907976578425173e-05;2.3750939915115412e-06;2.372686273369937e-06;5.919678952006157e-06;6.048163965340204e-08
00:03:20;104;4.917073155106457e-06;5.683645408853293e-06;2.907681246447888e-05;3.26920616412384e-06;5.250061499075607e-06;7.723693689792361e-06;5.308905455530583e-06;3.864446676195919e-06;3.265412886189655e-06;3.0455420441716736e-06;9.706256327810728e-06;4.698307302158417e-06;4.992275640799707e-06;4.827226710801824e-06;3.0535417790260184e-06;3.979345788311433e-06;6.066020801029746e-06;8.630660074772947e-06;6.53394361598899e-06;5.05114654009083e-06;3.722725146365554e-06;3.522108124366529e-06;1.0578316142769675e-05;5.525868061075799e-06;5.478008711467242e-06;5.872892613089927e-06;3.242708073771552e-06;3.226039679587123e-05;7.598692244594949e-05;3.557743198761442e-05;7.594985556972024e-05;4.92013617907836e-05;1.944129515974713e-05;3.5151879111360162e-06;4.636021622288014e-05;2.466801667000636e-06;2.50207328627312e-06;5.610003148095626e-06;5.020358867482076e-08
00:03:22;105;5.045375959608381e-06;5.9133743071712e-06;3.13389509560441e-05;4.07606623492091e-06;4.743775753788461e-06;6.543382448078526e-06;5.2774567474888166e-06;3.7658378582767167e-06;3.9872458246618825e-06;7.062073595808339e-06;5.035835477103361e-06;7.147484309784473e-06;4.271379555831345e-06;6.065741708027872e-06;2.568230503092133e-06;4.8126740676718925e-06;5.844237562144636e-06;8.033855517134747e-06;6.527299175806686e-06;5.091330678301865e-06;4.6548066712844795e-06;7.487787599207486e-06;5.969359600511998e-06;8.00650268271816e-06;4.602129809548307e-06;7.135109471268082e-06;2.79539748549447e-06;3.99035905236757e-05;6.46433140743275e-05;7.567231230712484e-05;8.347808911547012e-05;5.220437651520953e-05;1.602612318141821e-05;2.5070868237829107e-06;2.9849212910380968e-05;2.806599207551906e-06;2.4716485558992955e-06;6.432403495923003e-06;7.265476176506948e-08
00:03:24;106;5.903404754612686e-06;6.651427398376459e-06;3.805516613245059e-05;4.9186722967740275e-06;6.991258384012801e-06;7.997701455441199e-06;5.9259436372113585e-06;9.975449035369945e-06;3.926227618739569e-06;3.426251514262255e-06;7.500690854039311e-06;5.697867022162613e-06;4.3899138701549e-06;5.892592037264938e-06;4.198287654976308e-06;5.421091925741109e-06;7.983526446176118e-06;9.408465901495081e-06;6.889425105926628e-06;1.1237587427152718e-05;4.4116340050786214e-06;3.73829545677364e-06;8.252604270119609e-06;6.4316594673556795e-06;4.731646391761226e-06;6.845864126135675e-06;4.46532652847365e-06;2.107543149664612e-05;5.460889057258371e-05;0.00011590039617181185;0.00016734376254433386;3.9078597205518986e-05;1.5611572445486907e-05;3.282723242271421e-06;2.7348856989876107e-05;2.5466432523155626e-06;2.559487302549511e-06;7.234380240956841e-06;7.125212505631289e-08
00:03:26;107;6.636287728476666e-06;7.546233363531359e-06;2.422486296089701e-05;4.111843536042608e-06;8.291468745369457e-06;1.287160945909446e-05;6.500234254050693e-06;4.047052534226416e-06;1.0263884305704675e-05;4.000443666996034e-06;4.923737500141876e-06;4.7665128713509315e-06;4.6505960133396744e-06;1.2094856244779997e-05;3.1132116884435845e-06;4.703482171505671e-06;9.27555269115572e-06;1.4035703246964324e-05;7.942634499469725e-06;5.347729394906068e-06;1.1412917282990449e-05;4.585659639757713e-06;5.954157295836691e-06;5.833160426109201e-06;5.007774093370889e-06;1.3133424078970868e-05;3.3226037669608768e-06;2.163326329684423e-05;5.15683140431272e-05;3.571646211961403e-05;5.903549327852776e-05;4.924782905673348e-05;2.8071749417935307e-05;3.943052719693043e-06;2.7591098421007744e-05;2.3620245092462455e-06;4.0817914984487436e-06;7.37480488427505e-06;7.247228531123145e-08
00:03:28;108;4.918985489155148e-06;5.753580261383993e-06;3.825613379334496e-05;6.6853663889658454e-06;6.0440940362515114e-06;8.068145179668756e-06;7.591197824684638e-06;4.038824038200449e-06;3.619174093184473e-06;2.992662656676647e-06;4.760461777987178e-06;4.691602519166984e-06;3.005917485184155e-06;5.1253966882375774e-06;2.404981176792634e-06;7.32913473901918e-06;7.163329376488013e-06;9.255156892552954e-06;8.895665095097464e-06;5.37989842685627e-06;4.124830238767192e-06;3.4577474612496753e-06;5.860471475576169e-06;5.481108439221604e-06;3.3402125485667104e-06;6.08613559742929e-06;2.6692712743146954e-06;3.0842583691510605e-05;6.25164910650933e-05;9.439271674100835e-05;0.00015662750312631104;5.06399348623988e-05;2.0227054170899765e-05;3.111743605836362e-06;3.0176954904966243e-05;1.928947390812865e-06;1.796823850090387e-06;6.763184876195244e-06;4.9667235016709025e-08
00:03:30;109;4.810881353733976e-06;5.62804731273474e-06;2.698250904905584e-05;3.942041553466941e-06;6.736302422377156e-06;7.30282326958073e-06;5.0033079423366704e-06;4.2417035698799115e-06;5.293817247837234e-06;3.0801438929922203e-06;6.639716551278112e-06;4.635554200211283e-06;3.1323341339696174e-06;5.171258513443759e-06;2.551571087104001e-06;4.662933305772191e-06;7.780426769869923e-06;8.577524211063917e-06;6.1869313061764885e-06;5.595312485857454e-06;5.748689983204402e-06;3.6679875624710654e-06;7.547805430879669e-06;5.450833440061361e-06;3.485270876290433e-06;6.05930150310156e-06;2.773548420849739e-06;2.7380963722919713e-05;5.77564318249298e-05;5.188390049197935e-05;7.507867890559312e-05;4.386960303398761e-05;1.658640383343656e-05;3.765883601086985e-06;3.6250472045062476e-05;2.287591329694282e-06;1.866110867561558e-06;6.960652161702771e-06;1.0341677071582683e-07
00:03:32;110;7.89557597355187e-06;8.645361003225016e-06;2.3674887441774178e-05;1.0933462470900809e-05;9.561076328555952e-06;8.642498887535442e-06;2.1015523913092693e-05;5.361086162477849e-06;3.985367032428981e-06;3.5017106520288364e-06;5.796101986729499e-06;5.173012976200653e-06;1.2023223371086674e-05;5.850014831826849e-06;2.903829882974016e-06;1.1377271911891213e-05;1.0617907558102897e-05;9.83317194587022e-06;2.206206001482073e-05;6.7804397686710286e-06;4.371128495763457e-06;3.9298826685566545e-06;6.607711925368411e-06;6.006665570785577e-06;1.207666905774883e-05;6.815459418928036e-06;3.265960340516508e-06;2.7830660611380272e-05;9.338955669470536e-05;3.465557828094243e-05;2.333162578876584e-05;5.152269513817046e-05;1.3437992892411191e-05;2.9260227448507387e-06;2.5554336418732644e-05;2.77724630780928e-06;2.244707840460312e-06;6.3777028609615075e-06;5.0523722100080285e-08
00:03:33;111;6.4162603362919155e-06;7.147827660976217e-06;2.5803714792772467e-05;3.367110498621948e-06;6.625804211068953e-06;6.893215503370439e-06;2.4449197062701636e-05;4.281907630405096e-06;5.100880869852114e-06;2.8937279854736952e-06;6.655691524703013e-06;4.690996010868854e-06;3.472601506873926e-06;5.698776068899488e-06;2.8652133481960558e-06;3.996003183774404e-06;7.636817614022934e-06;8.2850896479279e-06;2.5060553686867196e-05;5.485564494122201e-06;5.554783562810014e-06;3.258206784497056e-06;7.656336107128816e-06;5.494694672547034e-06;3.680232441494602e-06;6.507022538278738e-06;3.1586258268062818e-06;3.36740295426411e-05;0.00010469878297296797;3.9557600496413466e-05;3.2827981708964164e-05;5.3308189153135685e-05;1.5597285556192516e-05;3.4328980442869755e-06;1.6258599744438874e-05;2.627484271128701e-06;1.5702981931810013e-06;6.06099020092373e-06;3.043762899538859e-08
00:03:35;112;6.310719843905975e-06;7.198006648040167e-06;3.6152809966733104e-05;4.7539603494199545e-06;9.983449399700559e-06;1.5051664661314135e-05;6.391378193561857e-06;6.512751143878342e-06;4.385471483655837e-06;2.5985802909063564e-06;6.341749157973647e-06;4.600887027159863e-06;3.1860180447812976e-06;8.923160756069137e-06;2.999565767971355e-06;5.36881052366995e-06;1.1078637087365091e-05;1.6316284639782956e-05;7.3347292826942e-06;8.008371930338421e-06;5.049288842477651e-06;3.1335941408726767e-06;7.481142571883032e-06;5.46446700308813e-06;3.635663302656546e-06;1.0180433215466593e-05;3.3246548818618677e-06;2.657304836363816e-05;6.434482939035601e-05;0.00012466239916960822;0.00012010773854361044;5.526372567921449e-05;1.1354527916110471e-05;3.944863226805252e-06;1.818046540811463e-05;2.1409490176596413e-06;1.2431968324368517e-06;5.967626134159373e-06;5.0349919083723226e-08
00:03:37;113;7.408125041892659e-06;8.209957556999466e-06;3.17577992580257e-05;9.058838703491677e-06;5.396734587618952e-06;2.5614338426294125e-05;1.0342708360543508e-05;4.226931659316464e-06;6.219090086548559e-06;3.115341763307552e-06;5.790983738116686e-06;4.850770947099776e-06;3.5284415345867872e-06;7.813075973669728e-06;2.9402420307759898e-06;9.726147433141279e-06;6.45378085083175e-06;2.6816521117152775e-05;1.149555554306223e-05;5.6253908456434334e-06;6.850128211456799e-06;3.6457864507035164e-06;6.62393156606505e-06;5.536217650278328e-06;3.7762717649364943e-06;8.792893673165089e-06;3.1768621770252254e-06;2.8221891844076017e-05;0.00010447798391227133;8.596781173169197e-05;7.344861467967517e-05;4.60434940135462e-05;1.5351484923910206e-05;4.1874804189047464e-06;1.3225714232631681e-05;2.639074089230339e-06;1.510292073039483e-06;5.9589546632159125e-06;6.079451411528822e-08
00:03:39;114;8.454867811606578e-06;9.333945940795009e-06;4.51344314279269e-05;4.080813400652129e-06;6.336584761225016e-06;6.785024632966435e-06;1.0216806994766227e-05;3.334232095333143e-05;9.88205178551673e-06;4.169205457639112e-06;7.317857207634791e-06;4.751765262963917e-06;3.719179791129467e-06;8.023421120061482e-06;2.8333789137943457e-06;4.708824180737263e-06;7.374504300831269e-06;8.002213545998668e-06;1.154719633563264e-05;3.4995626933029795e-05;1.0663228110814412e-05;4.5546106821923705e-06;8.31378357257632e-06;5.671364395403785e-06;4.149573275258895e-06;9.032938918078546e-06;2.9934849393773416e-06;2.7410928054266936e-05;8.969532914533488e-05;9.725047404771282e-05;0.00018486016478014853;8.541407387977784e-05;1.8054447040673654e-05;3.3984613358948337e-06;2.5367944364875243e-05;2.8488738033302652e-06;1.6607809014249657e-06;5.61724159644436e-06;3.445818523827592e-08
00:03:41;115;5.171602122867501e-06;6.018606672102889e-06;4.242789132545861e-05;3.7941077483015886e-06;5.421397486251387e-06;9.082564501222185e-06;5.063553664606181e-06;7.984777829635318e-06;3.066718884331914e-06;2.9208176278413847e-06;4.5263285224967316e-06;6.263012936552121e-06;6.72446024487592e-06;4.294675633786937e-06;2.916808518675525e-06;4.48475022114761e-06;6.644572628909925e-06;1.0336286852433187e-05;6.1811952842686836e-06;9.275899225905982e-06;3.5652146359869315e-06;3.364110854438221e-06;5.5133270846834165e-06;6.986544373738738e-06;7.463013844244415e-06;5.29279360088816e-06;3.1155689589180424e-06;3.656655062618454e-05;9.958786555109054e-05;0.00013819720544680603;0.00012919144380569425;5.037129722350048e-05;1.695868372398493e-05;3.159566059760906e-06;2.4049792276537697e-05;1.963577489225141e-06;2.6749651115702446e-06;6.288777339831891e-06;1.2497125131656575e-07
00:03:43;116;4.767175880069565e-06;5.602545277011077e-06;2.6455764483408394e-05;5.465272765095816e-06;5.340731123288316e-06;6.068510237352856e-06;5.216165537805492e-06;3.4217582509654676e-06;3.7676625084450488e-06;5.149771389444492e-06;5.6083188427051445e-06;6.1005276201988386e-06;2.943145536252442e-06;4.5419652446360654e-06;3.5822796998662523e-06;5.991493351389124e-06;6.218762573092745e-06;7.388544573483228e-06;6.400702452221502e-06;4.7428448920936144e-06;4.3358311790765165e-06;5.729163966620197e-06;6.738844385375769e-06;6.8481917475730396e-06;3.4869998098886903e-06;5.579434858340898e-06;3.7697278095279964e-06;3.118983516599508e-05;9.016763480671771e-05;3.742841347910127e-05;4.441552325262685e-05;4.78726705555626e-05;1.6286275888380507e-05;3.566803715419571e-06;3.52782080611351e-05;2.626647261043801e-06;2.212124441907266e-06;6.332014997252818e-06;9.302217575814581e-08
00:03:45;117;7.69161308446862e-06;8.484946244572734e-06;2.262293218098232e-05;4.118905442738387e-06;1.3744992126292614e-05;7.224349837222442e-06;1.2886912629219502e-05;6.383792804275469e-06;4.022187007215259e-06;2.9081417191954206e-06;4.914420997501813e-06;8.779544900376509e-06;1.106921268665608e-05;1.232041243523244e-05;3.9264815919053e-06;4.7783956958909e-06;1.4997670497237617e-05;8.32715757703998e-06;1.3315203017831479e-05;7.788369461932349e-06;4.569549538487829e-06;3.3898869948839263e-06;5.834663170389831e-06;9.535769549984252e-06;1.1306852033894871e-05;1.370159849171568e-05;4.274234657437958e-06;3.68765599970342e-05;4.685400437979289e-05;3.4944551611249377e-05;4.044080442238116e-05;6.307913121586105e-05;1.2488445976974683e-05;3.960193001107599e-06;2.3920246069102382e-05;1.753930296874031e-06;1.2658344479741812e-06;5.857681304200688e-06;3.380344923556799e-08
00:03:47;118;5.817854134771881e-06;6.643516360183432e-06;3.078465195484095e-05;6.353415336300052e-06;5.145321490247894e-06;6.799521037366545e-06;7.927326286960579e-06;5.6400574282830265e-06;3.850627504611091e-06;5.582351900815493e-06;5.980768401253107e-06;4.246102455660796e-06;7.36086607069162e-06;8.213242075783e-06;2.71464785115618e-06;6.865315008671811e-06;6.213931904232043e-06;8.12232334467382e-06;8.695450831026715e-06;6.821975188635222e-06;4.393438049663917e-06;6.005056971107363e-06;7.218225365721981e-06;5.135953622673789e-06;7.77335754385523e-06;9.357746064410946e-06;3.1194205898309865e-06;2.260362565845904e-05;0.00010490897128884169;8.816280291420016e-05;5.6663647542601865e-05;4.298792241508633e-05;1.481071157230124e-05;4.156021464657384e-06;2.3145838901531327e-05;2.254633456872341e-06;3.5487285780859024e-06;6.072761800177873e-06;1.0015786527626758e-07
00:03:49;119;4.731611888075804e-06;5.528032574999733e-06;2.767157009810562e-05;3.6143325475150463e-06;4.418614913959118e-06;5.662470315182976e-06;5.766397891707439e-06;7.318735160052628e-06;5.0449491772817305e-06;2.8876809785381075e-06;4.893452946287301e-06;3.7542455996489563e-06;3.182705458212612e-06;7.70324195332638e-06;2.5325140777193216e-06;4.322543021127002e-06;5.419733486034394e-06;6.90780243645879e-06;6.897061298274556e-06;8.626744625249972e-06;5.3796222513068915e-06;3.347723089616552e-06;5.855156535324545e-06;4.639877560397439e-06;3.598720335894886e-06;8.590779405586787e-06;2.750624913414292e-06;1.855870158379522e-05;8.2167497201003e-05;4.754710549028178e-05;6.208998200869949e-05;6.612112114048378e-05;1.2493056923913305e-05;2.988156029760422e-06;2.742100520339161e-05;2.4600900430638226e-06;3.69846362568599e-06;6.467996163568705e-06;4.5665763620306686e-08
00:03:51;120;5.153099407225041e-06;5.962112861854184e-06;2.8949603678632677e-05;9.525908064295601e-06;4.527573378190007e-06;6.029735724540202e-06;6.102345129089702e-06;4.537399385833913e-06;3.5286511873264006e-06;2.964494471478154e-06;6.6516565198071476e-06;5.372210932754549e-06;2.853913473059451e-06;6.877374782150851e-06;2.8659278982313583e-06;1.0094601834622797e-05;5.500702846353606e-06;7.450502201934313e-06;7.120190793666783e-06;5.847643832785712e-06;4.0787629304644195e-06;3.5247048598176674e-06;7.490128011133631e-06;6.1437660860974574e-06;3.1918048511837282e-06;7.956520158022382e-06;3.1460239041953634e-06;3.5889561215713883e-05;7.092499567185059e-05;3.8815631462384796e-05;8.288802139165385e-05;5.643597927670732e-05;1.712264870680228e-05;3.880151635200433e-06;2.8928475911948313e-05;2.65176814628067e-06;2.6650578706743983e-06;7.134203479353881e-06;5.8749375021599224e-08
00:03:53;121;4.518806413823416e-06;5.35295708986372e-06;4.112361284803523e-05;3.2366464926396206e-06;5.9380887923959396e-06;5.9384478005726615e-06;7.1894599513329505e-06;5.296924786790669e-06;3.015020139975697e-06;2.098628948358923e-06;4.765291205834708e-06;4.158556780063029e-06;3.0484189135002926e-06;6.164476668598954e-06;3.375714716566139e-06;3.860585659626677e-06;7.0420856048523216e-06;7.139454587962098e-06;8.505295043022083e-06;6.47615781095346e-06;3.5346376241445967e-06;2.560898188889202e-06;5.754374725153026e-06;4.92808585419615e-06;3.413778863777904e-06;7.409422479109777e-06;3.610706667304724e-06;2.428352921232489e-05;8.048315788111262e-05;0.0001085438157677396;0.0001666635851267476;5.773206279063778e-05;1.064840782253435e-05;4.094961688991059e-06;2.9274132098593133e-05;2.7570373873072623e-06;1.2753767433048428e-06;7.661686172306183e-06;6.560148482348224e-08
00:03:55;122;5.577955780014773e-06;6.369745865931346e-06;3.0231298602794254e-05;6.016939563641637e-06;8.84966582503921e-06;7.150590325915635e-06;5.589332930549579e-06;6.9413589316850865e-06;4.145124009369283e-06;3.0326386192572583e-06;4.65763003018341e-06;5.087175785108271e-06;3.4243990621715428e-06;5.965641728005783e-06;6.074970868817011e-06;6.585356303834418e-06;1.0061038060887803e-05;8.38388402221829e-06;6.711996919173405e-06;8.073007111191526e-06;4.569424333302651e-06;3.5661225333166806e-06;5.734344005206735e-06;5.8971965953315716e-06;3.909247157658868e-06;6.916672876436275e-06;6.028658865172382e-06;2.926175620381675e-05;8.29818695161985e-05;5.398368726430547e-05;8.107366272499064e-05;4.738982825262837e-05;2.2660246175082157e-05;3.2269606386102092e-06;2.745215745349446e-05;3.292816869420862e-06;4.4200840272850105e-06;7.004437640036703e-06;2.8076467661970138e-08
00:03:57;123;4.7913286623084294e-06;5.637467864611999e-06;2.7839117450301928e-05;5.248737304826405e-06;6.972790175878303e-06;7.204935893799881e-06;5.31111362178649e-06;3.7155190465331214e-06;3.3726931647493075e-06;2.2454834958713317e-06;4.5155530385572584e-06;7.976988004284893e-06;2.7190246959014015e-06;5.774458627947545e-06;2.4386448362889723e-06;5.926065079643482e-06;7.90255434586021e-06;8.51853286504489e-06;6.482201598960792e-06;4.961925823627558e-06;4.0484353662520065e-06;2.6959861097105815e-06;5.543245759073688e-06;8.937131278338412e-06;3.077650271273952e-06;6.849997752212829e-06;2.7058864200430264e-06;3.18377322066564e-05;6.402935849093264e-05;6.30368852821196e-05;7.733606322928797e-05;4.334066926312147e-05;1.1475525515368488e-05;3.5058228597312905e-06;2.789766574801417e-05;2.7226299668924734e-06;2.140738193025324e-06;6.5968379611185135e-06;1.4948068735479192e-07
00:03:59;124;3.98278002125804e-06;4.752104284963497e-06;2.6445847804159638e-05;4.773163118572525e-06;4.15806224070407e-06;5.7561211034789555e-06;5.457497786212881e-06;5.446230031160646e-06;3.3893071273186335e-06;2.1964049145107754e-06;4.182429570353076e-06;3.6791918586490366e-06;2.556272806037379e-06;4.0694673741499665e-06;2.129210704153324e-06;5.3208357977509185e-06;5.17647082014713e-06;6.904038573223641e-06;6.457495624378185e-06;6.585414261096474e-06;3.8759566813254586e-06;2.7838478827912763e-06;5.133869547224302e-06;4.532588779016529e-06;2.8964156333327253e-06;4.959133656185155e-06;2.399182181485414e-06;2.9787034970394654e-05;8.446313372686019e-05;4.592363194971418e-05;6.285725734754332e-05;4.087182807870741e-05;1.162461864633394e-05;3.0996594875789668e-06;2.7083662341697484e-05;2.0188675651271094e-06;3.2774660340677946e-06;6.30669940091678e-06;3.63141009738697e-08
00:04:01;125;6.630835539634848e-06;7.432380278237073e-06;3.059564971086443e-05;4.598120785782488e-06;5.364895397264036e-06;6.0978459631206245e-06;7.036580945716444e-06;5.10061635142475e-06;1.366442706863712e-05;2.275221671833482e-06;5.586248699658696e-06;9.849094376916542e-06;5.396477302032178e-06;1.1860113808381811e-05;2.7403824638192664e-06;5.0630825010361884e-06;6.343871043871424e-06;7.368989286135994e-06;8.037200068774606e-06;6.316349958691303e-06;1.447492696236542e-05;2.802135373379234e-06;6.409286994266374e-06;1.0545172336847666e-05;5.991758451825804e-06;1.285791646710728e-05;2.9778716049770104e-06;3.2886991952265665e-05;0.00012116600172461505;3.618960712347419e-05;6.193026264467437e-05;4.251134568230172e-05;4.2146065130533595e-05;3.686586462709773e-06;1.45920394511803e-05;2.546232305691917e-06;1.9440594882987906e-06;7.518136848566698e-06;3.046771606104937e-08
00:04:02;126;4.738324303588115e-06;5.550339446466451e-06;3.429281043582749e-05;3.4112087861486047e-06;6.459019169695197e-06;7.660906335486702e-06;4.938878351462057e-06;5.027476775735935e-06;4.523666066867029e-06;4.241377234718997e-06;4.860014133033598e-06;5.4880192162830675e-06;3.5938563598201445e-06;4.634871445510023e-06;2.020595976194205e-06;4.080944560733263e-06;7.50762033424542e-06;8.755978169689644e-06;6.0720550566115945e-06;6.144492795389356e-06;5.253759633853429e-06;4.8432559709263966e-06;5.769111480788789e-06;6.192569560282001e-06;4.182714372843834e-06;5.513689233385442e-06;2.2878805382304883e-06;2.8560524306991365e-05;0.00012847225306149998;5.920449959219877e-05;7.562099659643869e-05;5.72549802993783e-05;1.686197038197135e-05;3.356606881169495e-06;3.015958615361591e-05;2.460408413078239e-06;2.9413270223901176e-06;6.588912581160504e-06;3.165994003722861e-08
00:04:04;127;5.216897456896484e-06;5.99730975420842e-06;2.9783221759415423e-05;1.1910037001557198e-05;5.729670795191892e-06;8.65239760824724e-06;5.291094609560787e-06;4.701984963323918e-06;3.3840185170416506e-06;2.5048246807622054e-06;4.704996170284465e-06;5.329102543976722e-06;2.9472622960339963e-06;5.4896800459790605e-06;1.957698529024428e-06;1.2591073208326794e-05;6.642969402733636e-06;9.783861664397556e-06;6.281235381363872e-06;5.956186758431855e-06;4.012158362594981e-06;3.086469339191526e-06;5.6160312270330444e-06;5.997216657639991e-06;3.363052287510717e-06;6.40081640384882e-06;2.2366441844266624e-06;2.906545680153315e-05;7.925134393650125e-05;6.606045002812313e-05;7.916220077950638e-05;4.911985640244379e-05;1.212056855984859e-05;3.877812659321589e-06;2.7774304184024596e-05;2.759226495904629e-06;2.0173875650462383e-06;6.16300609622001e-06;2.704760451169642e-08
00:04:06;128;5.299665117904211e-06;6.066331796411092e-06;2.5679884282597775e-05;3.255541062750147e-06;4.315205859871764e-06;1.0565246269452059e-05;8.237196727701633e-06;7.564854005760356e-06;5.18261749766163e-06;2.3872967953182793e-06;4.361988788756125e-06;6.387390807625272e-06;3.3920308168753555e-06;4.439527553821356e-06;3.507083390888707e-06;3.907670916996261e-06;5.398407683048701e-06;1.2035184019761708e-05;9.04467678762408e-06;8.759076818138585e-06;5.5398244069381895e-06;2.9373242006230714e-06;5.311690670226463e-06;7.084074943260838e-06;3.699280390535449e-06;5.386851456288367e-06;3.6919166263884753e-06;2.2264269392097255e-05;6.280087031344524e-05;4.398634707491948e-05;5.693837595650926e-05;4.307066365155984e-05;2.9248250284943516e-05;3.9844229435973245e-06;3.251626211972283e-05;3.0580458674475847e-06;3.1364095221562566e-06;7.12351104958879e-06;3.118321518599836e-08
00:04:08;129;4.915189000536719e-06;5.784411423749738e-06;2.7686029329795553e-05;4.118635102462969e-06;4.792143355106501e-06;5.456161517258806e-06;5.66399930625814e-06;6.566882919142617e-06;1.1733583877122038e-05;1.950944713255157e-06;4.102176452262669e-06;4.32134029408489e-06;2.42755715682754e-06;5.804155043940475e-06;2.0446866389114215e-06;4.833359730294928e-06;5.741702378582897e-06;6.845470654551246e-06;6.7760966494115795e-06;8.087171777390988e-06;1.2351033967229629e-05;2.505662851640006e-06;5.0828070839146035e-06;5.1103787122480715e-06;2.816430742026154e-06;6.9312045007227195e-06;2.3316163309619363e-06;2.698008517707691e-05;7.83477618888068e-05;4.141078434992269e-05;5.240588154970927e-05;7.806202026813591e-05;1.2466303110196577e-05;3.879770762826901e-06;2.6061695951158363e-05;2.757126565684237e-06;3.00868097004325e-06;6.82089926125838e-06;3.13421027272543e-08
00:04:10;130;5.9405254501402025e-06;6.798622778176972e-06;3.4765896238295184e-05;2.9792905974995225e-06;4.606746561431795e-06;7.748779602614128e-06;5.073642106687905e-06;3.6914235574543723e-06;8.302413486402118e-06;5.054010105774089e-06;4.238223912913306e-06;5.125394740704533e-06;4.74640230924644e-06;1.688013658968595e-05;2.8398400537810176e-06;3.6785940170099095e-06;5.499258344271663e-06;8.898021641920124e-06;6.232354430318958e-06;4.906232865196907e-06;8.98698880507565e-06;5.560144170632629e-06;5.169553580482806e-06;5.8971948655647494e-06;5.3078360705040735e-06;1.8437507778683917e-05;3.0097847048303184e-06;2.9507423275825652e-05;0.00011387417834259895;9.775192018911872e-05;7.286785327947243e-05;4.7323608778685456e-05;1.2110681100334275e-05;3.3232167748624992e-06;2.965241410691048e-05;2.9784495488390567e-06;1.5896477106313869e-06;6.179437827882052e-06;3.192392438130246e-08
00:04:12;131;6.1489484650678605e-06;6.966264640762842e-06;2.7998902341329486e-05;5.627871917823768e-06;5.368041750906307e-06;1.7111907790866677e-05;8.57893384549739e-06;4.735751673479172e-06;4.7576909022562965e-06;2.9323243826630896e-06;4.509790883521315e-06;4.264286901448341e-06;5.157994161402774e-06;8.30835487099855e-06;2.434430731183697e-06;6.264821819703558e-06;6.128257227022845e-06;1.8785450691534088e-05;9.78868132434296e-06;5.935832022363615e-06;5.2991947569940356e-06;3.4373791633490464e-06;5.471054320671239e-06;4.947791042675679e-06;5.5817584820309815e-06;9.277843184486589e-06;2.6771089787410957e-06;3.059785313054534e-05;5.552165248279819e-05;8.64573424452639e-05;3.278105952841301e-05;6.732549190827385e-05;1.577792299131288e-05;3.96900237190129e-06;2.971955038610243e-05;2.2833136593621344e-06;3.799627524094287e-06;7.722139075520994e-06;3.1872592365407114e-08
00:04:14;132;4.840278187791889e-06;5.663559615549033e-06;3.8597785205008425e-05;9.345576771124797e-06;5.183926240836069e-06;7.029951536129499e-06;4.318571082315905e-06;5.4827219503036675e-06;4.847805594853195e-06;4.6469379526570265e-06;4.68048811990746e-06;3.4716415733271333e-06;2.7673053960665004e-06;3.9473284558575665e-06;2.361081834772511e-06;1.0079910668848036e-05;6.26091239126576e-06;8.367450299132703e-06;5.409702536573743e-06;6.75811503829727e-06;5.405833842561623e-06;5.128994434005419e-06;5.595432913317301e-06;4.406567552594632e-06;3.0983036439569264e-06;4.9273559587946475e-06;2.5241345285762746e-06;4.790828208682973e-05;9.250391474305282e-05;8.848532590429646e-05;0.00012009798178469244;5.4831980831289185e-05;2.0437453746707567e-05;3.4030593271994505e-06;2.3569155053105742e-05;2.839000867412675e-06;2.7229256651544603e-06;6.357492640640519e-06;1.6849809720167695e-08
00:04:16;133;5.043192030288165e-06;5.914305813947274e-06;6.160594970921043e-05;5.027551353978507e-06;3.7605454908435316e-06;1.1530686286675973e-05;7.254785249312011e-06;4.4028624405324415e-06;4.859144279511053e-06;2.50371305053999e-06;5.024050797689225e-06;5.022616039114651e-06;2.591806347883686e-06;6.2526356352712105e-06;2.287905485428868e-06;5.64048856706248e-06;4.806953797866944e-06;1.3324489568903913e-05;8.38599836714809e-06;5.7911715107884106e-06;5.386902223937243e-06;3.100204306560321e-06;5.978761749512286e-06;5.796864308672699e-06;2.9457109693034507e-06;7.264233093487343e-06;2.549889069961887e-06;3.126432442930088e-05;8.812091493068826e-05;0.00022042854379593582;0.0002923129682595762;4.2838868246398015e-05;1.4121882504149663e-05;3.6180575429866715e-06;3.440993630555964e-05;3.18666046735504e-06;2.3661497176685232e-06;6.580787442172344e-06;2.230286873445107e-08
00:04:18;134;4.7441902385582e-06;5.575999273764577e-06;3.1779402086287106e-05;3.923252935129023e-06;4.099411981105629e-06;5.663845872305728e-06;5.2356640748934584e-06;4.078542805142536e-06;3.689058599124192e-06;5.849465049708029e-06;6.242750219472142e-06;6.64645959247423e-06;2.767996610263491e-06;5.200838614882741e-06;3.5329948167825167e-06;4.588285822977969e-06;5.027406011403043e-06;7.013175416178928e-06;6.361622964401318e-06;5.332664939119183e-06;4.133425444349628e-06;6.409722613447045e-06;7.3207459052677615e-06;7.52073459162729e-06;3.1586059157798676e-06;6.259465580909289e-06;3.7861338937603515e-06;4.034524917556754e-05;8.753629421290635e-05;7.551184496822427e-05;7.980844088709512e-05;4.0445446519382934e-05;1.1927845960494762e-05;2.7377514867066972e-06;3.35531646886206e-05;2.69282653000952e-06;1.223309114832723e-06;5.538850726327865e-06;3.180076527684421e-08
00:04:20;135;3.846598428548408e-06;4.668818015672997e-06;3.856602776762618e-05;3.4287505809128436e-06;4.9206863918465675e-06;5.226568483219683e-06;6.38208157190754e-06;3.332360095824201e-06;2.8282966821083475e-06;3.2660519283018115e-06;4.241843025195894e-06;3.6906748616419547e-06;2.6242628806985833e-06;4.110656488491444e-06;2.1069468414806765e-06;4.126091328003043e-06;5.9027677454213504e-06;6.441667400268452e-06;7.515972149259959e-06;4.6119831794489005e-06;3.4023781131221353e-06;3.90999203381962e-06;5.114200167220508e-06;4.533547147545931e-06;2.9616366352652392e-06;5.069815562267108e-06;2.435762559188437e-06;2.770540679623144e-05;8.400900520511762e-05;0.00011284355451686495;0.0001307426870610126;4.907470258794086e-05;1.190041606963758e-05;3.223552237696745e-06;3.2232664241038365e-05;2.8730095313715644e-06;2.166176143237367e-06;5.9799662266171715e-06;4.119259474791688e-08
00:04:22;136;7.711048326086711e-06;8.613059233976867e-06;3.5382622548667187e-05;5.063627883701698e-06;7.356990448282762e-06;6.273839301487979e-06;5.94824794962857e-06;1.1257348274734175e-05;5.335166446165183e-06;2.6758764099874743e-06;1.3568146290377957e-05;4.320458785077687e-06;4.784524028038235e-06;2.3560128259315537e-05;2.3882230530150847e-06;5.893410797732111e-06;8.56422015134786e-06;7.458884542584316e-06;7.316147972071835e-06;1.2272367424470125e-05;6.054343199898943e-06;3.123896268662756e-06;1.4733341081812831e-05;5.090071885827951e-06;5.1648362617165325e-06;2.505496176806296e-05;2.6302271733215947e-06;2.8802859484832975e-05;7.756145304194822e-05;8.792950993224203e-05;0.00013357875816312964;4.0013028276081534e-05;2.2844968691307642e-05;4.291767759256983e-06;1.6965489340190904e-05;2.886866771676117e-06;2.660798372832955e-06;7.013111149361955e-06;4.285960114530287e-08
00:04:24;137;5.633634302817179e-06;6.39131844130859e-06;2.2340601550322815e-05;1.0584122316520899e-05;6.606136677850765e-06;5.375574333625495e-06;6.492145390653419e-06;4.882586557448059e-06;3.8385239494428705e-06;2.1781637239729177e-06;4.811457447573275e-06;6.236680041899428e-06;7.744069225556029e-06;6.213043541304263e-06;2.6411064960091775e-06;1.11135733691932e-05;7.68963724412164e-06;6.538222143855727e-06;7.387872140302361e-06;6.538673630265167e-06;4.170657578619791e-06;2.6305480162856057e-06;5.75852452210354e-06;6.794730586966292e-06;8.00335170954239e-06;7.1407960638657355e-06;2.929233179616582e-06;2.3994571720232088e-05;6.148392828835549e-05;3.161430062327954e-05;4.710380936802657e-05;5.475185382624883e-05;1.2450670505200935e-05;4.223035412797702e-06;2.1962401769481515e-05;2.688591243506676e-06;7.70101923563619e-07;7.0077782640233e-06;3.6175659157546196e-08
00:04:26;138;4.799825855883455e-06;5.570979582547738e-06;2.5005380205588908e-05;3.836128564219362e-06;4.5613598619421616e-06;7.715534466838521e-06;1.0048549368429411e-05;4.011320235651862e-06;2.72299138921865e-06;2.1531669227379458e-06;5.952979618261235e-06;3.7496572725165773e-06;2.538910366631988e-06;8.087952931067445e-06;2.2193572847777947e-06;4.432834041640317e-06;5.39462849079842e-06;9.009008840333575e-06;1.0976530678748578e-05;5.343053052329887e-06;3.22610905434114e-06;2.5100228850544824e-06;6.988566688453864e-06;4.517182045259964e-06;2.912378413729809e-06;8.9732491549604e-06;2.568189402845286e-06;3.2510448041384476e-05;9.83634215572079e-05;3.0199242253457115e-05;3.4230400261696504e-05;3.826549400922614e-05;2.6550360860781583e-05;3.365619534279915e-06;2.232763987711531e-05;3.096971156007715e-06;4.156717228016722e-06;6.975702955008755e-06;2.254473288469145e-08
00:04:28;139;5.465725842994247e-06;6.3058475254503625e-06;3.7668486640334244e-05;4.648856180334736e-06;7.021529231498004e-06;7.745845671859218e-06;6.418667126049306e-06;3.5727360900042724e-06;3.579311297776464e-06;2.580996909569548e-06;1.1886887169768299e-05;3.88401959903397e-06;6.005940823944849e-06;4.021859062352075e-06;4.222059081500489e-06;5.306831614194103e-06;8.117367093590577e-06;9.102488893174119e-06;7.6136434933077105e-06;4.877388912777688e-06;4.081422364926098e-06;2.9950047150975214e-06;1.2849217248141848e-05;4.7369147678988225e-06;6.5395721361986756e-06;5.006525601787917e-06;4.443791671223199e-06;3.9054845945052014e-05;8.625174140668795e-05;9.65293880024605e-05;0.00011263894056786491;5.075551674108652e-05;9.35765741467956e-06;4.176860481676844e-06;4.130218546490922e-05;2.378031578077295e-06;2.9623013459984783e-06;6.586127581913446e-06;2.8243153604219325e-08
00:04:30;140;6.31144821286708e-06;7.1456568928371345e-06;4.729687429752457e-05;4.126083456477338e-06;1.648896965439855e-05;5.668702827224789e-06;5.032156930827693e-06;5.849218230092777e-06;5.256401667708133e-06;6.21007253927401e-06;8.99805869830123e-06;4.767570185425608e-06;2.879163863121128e-06;7.100034194190192e-06;3.3609443504642202e-06;4.74845563110625e-06;1.773598985523619e-05;7.206131572908091e-06;6.037678338520603e-06;6.889122373707588e-06;5.873764690431351e-06;6.611076767950192e-06;1.0150482029518881e-05;5.586326891186874e-06;3.254223389100118e-06;8.119326686269982e-06;3.5353014372728317e-06;4.5113270833680827e-05;8.322960911320684e-05;0.00018456574055313144;0.00016174647009971596;5.0068233974016915e-05;7.917424253656605e-06;4.66262808472754e-06;1.79418982231906e-05;3.7876984269601446e-06;1.387639139614394e-06;7.1267690236686996e-06;1.510984472497769e-08
00:04:32;141;8.457591064179518e-06;9.281425448108753e-06;7.926666810854422e-05;8.481966352230137e-06;1.0476146889779805e-05;1.8193258698188814e-05;1.2583684810930539e-05;1.3777216806106066e-05;4.229373824735851e-06;4.066613681756466e-06;8.428140970744897e-06;1.0164139176538356e-05;2.9576021261977883e-06;5.443204933574076e-06;2.689741080207465e-06;9.105496649715838e-06;1.1635376935534819e-05;1.99837807175052e-05;1.4063954259205574e-05;1.4712546072598943e-05;4.665173506348569e-06;4.660077996084487e-06;9.383313739173118e-06;1.0570197967158319e-05;3.399923979820495e-06;6.374751776576564e-06;2.822508575643698e-06;3.10618232064096e-05;0.00014402783705012707;0.00036474062862087785;0.000293409473941113;5.89070925934915e-05;7.662834412137152e-06;3.8437132084301765e-06;3.69752147312144e-05;2.0245239355937565e-06;1.88640246673716e-06;6.61894147898639e-06;4.153165741241824e-08
00:04:34;142;4.306872851729664e-06;5.140042117954515e-06;2.798017447738969e-05;4.346458308258537e-06;5.71049686729194e-06;5.2060446620316725e-06;4.42637145425806e-06;4.752624317528774e-06;3.6269361090226293e-06;2.072219333661771e-06;5.8657909792455856e-06;4.1930568647914735e-06;2.8972077745366547e-06;6.6196167929759175e-06;1.9656488474886013e-06;4.9700689815617346e-06;6.693038841736388e-06;6.490230117390327e-06;5.519465172324953e-06;6.075189546634969e-06;4.206882341016273e-06;2.628910780475951e-06;6.951029712282331e-06;4.991749671682578e-06;3.3509149972492713e-06;7.560668863437899e-06;2.2423548887074294e-06;2.6380438847607913e-05;6.177967674169855e-05;5.481126056875758e-05;7.952699428574572e-05;6.380567368616072e-05;9.675624251173197e-06;4.347388051913885e-06;2.1892371662973882e-05;3.112705132902909e-06;3.2494193209140616e-06;7.14864544120213e-06;3.189573762569832e-08
00:04:36;143;4.436081726117374e-06;5.3065102891403376e-06;3.9004149127592776e-05;4.35057137886991e-06;5.37370279474203e-06;6.631622145324524e-06;5.877031138755807e-06;3.862286870124556e-06;2.8033581923704207e-06;1.8493483727026345e-06;4.407067801601918e-06;7.250858587972496e-06;3.5375583490416704e-06;5.36690307839649e-06;1.9226701741814622e-06;4.903468561103262e-06;6.497053869058123e-06;8.24227752765424e-06;7.044436452942355e-06;5.008308692054073e-06;3.370494478306832e-06;2.48510721006294e-06;5.460760400603272e-06;7.86158933449401e-06;3.9848974447062275e-06;6.591583639960788e-06;2.228143972831587e-06;2.178657525270181e-05;9.63047759027076e-05;9.470039082687374e-05;0.00014574114042280352;4.786488182175612e-05;9.663757457893144e-06;3.8017865840870947e-06;3.571443120576346e-05;2.4990257957694115e-06;3.0216039438156673e-06;6.911436250073002e-06;3.9984066868735225e-08
00:04:38;144;6.007835166405522e-06;6.821732462919465e-06;4.532940636566953e-05;6.216291634654102e-06;1.1171824948777695e-05;5.448771676761701e-06;1.1370987286470195e-05;3.889982433300722e-06;3.4315745785950082e-06;4.735606349887627e-06;7.012361077262209e-06;5.8371555463116405e-06;3.7402213583251607e-06;6.31314553345419e-06;2.9260977217792186e-06;6.6664759610312445e-06;1.2021577685452111e-05;6.723009029215812e-06;1.2735957090073867e-05;5.31791631688008e-06;4.047092485812248e-06;5.3756201292413564e-06;7.932405608272934e-06;6.5708663925439e-06;3.932468352639814e-06;7.359935341211687e-06;3.1774637293409207e-06;3.1543522972957636e-05;9.309914113425119e-05;0.00011656667867651152;0.000167849945757888;5.971724062320243e-05;1.3331149927134318e-05;2.951350631818338e-06;4.6386697728031675e-05;2.9389329064979746e-06;2.5855626888289903e-06;6.973839619864095e-06;8.81372104814612e-09
00:04:40;145;3.977935034785415e-06;4.837147646211161e-06;2.95056108682554e-05;5.306860631745539e-06;4.109732238562329e-06;8.13518298253319e-06;4.43854203621444e-06;3.70015804081318e-06;2.5945645817674032e-06;2.1332015218498346e-06;3.896142901799687e-06;3.6820274770961574e-06;2.4447718162628522e-06;5.15529245636127e-06;2.1387421920754885e-06;5.985849407185429e-06;5.004734749157171e-06;9.577414638891852e-06;5.817606524021668e-06;4.92404334596082e-06;3.1561305475038297e-06;2.8156877942244218e-06;4.827452052774754e-06;4.499121759975804e-06;2.7818736302661024e-06;6.253785325993071e-06;2.4020707323410235e-06;2.9738775724820817e-05;0.00012064277264641743;3.8657295491553216e-05;5.971673281168266e-05;4.1041801419056107e-05;2.2239649813076268e-05;3.131490518143711e-06;2.6563698596509884e-05;2.8205059782397584e-06;2.343170708754199e-06;7.148583902122375e-06;2.2852808688416182e-08
00:04:42;146;4.641237338050401e-06;5.478913350733693e-06;5.1714483049612564e-05;3.3242389951030047e-06;7.116650501550546e-06;5.808797138810591e-06;7.365060771359243e-06;3.216620828119041e-06;5.1429080811389705e-06;1.9674309033652033e-06;5.613310521694488e-06;3.461632499999403e-06;2.7275116547542666e-06;4.425294687784096e-06;5.5253897702879264e-06;4.021506474370504e-06;8.205304599374081e-06;7.095026030813792e-06;8.700137664451592e-06;4.4764850067219375e-06;5.82698691422466e-06;2.5082564707766242e-06;6.453027812243864e-06;4.310056741055229e-06;2.997558242354956e-06;5.460419722883763e-06;5.692192431363569e-06;3.904290294856487e-05;6.220353979018342e-05;0.00011784247005912533;0.00026376395902141716;5.404551167837698e-05;3.4060556722854485e-05;4.222713877197941e-06;3.3375644017847994e-05;2.4823883845123935e-06;2.3832650401575705e-06;7.136143447863731e-06;1.4701607248902981e-08
00:04:44;147;4.870230883630649e-06;5.732965527835104e-06;2.8126738861306628e-05;6.102976719869378e-06;3.955153890541655e-06;1.2222232122383048e-05;4.362269093989695e-06;3.5123635870478025e-06;3.3224997195511397e-06;1.9621085904313933e-06;5.5363480763888484e-06;4.300178957482682e-06;3.846860655313962e-06;6.768325628766806e-06;2.5514518174997067e-06;6.856663604375621e-06;4.899824897954284e-06;1.3834475149578103e-05;5.6241644553573435e-06;4.743802837535291e-06;3.766775336449036e-06;2.4494376833888366e-06;6.563985837751313e-06;5.216448141853314e-06;4.242913608414952e-06;7.818811492960535e-06;2.7782820817391657e-06;2.371388855083914e-05;7.890359632227245e-05;3.770737290443319e-05;4.5848842305025437e-05;5.415556156390112e-05;5.2424569656988415e-05;3.9155011746323205e-06;2.810992622422914e-05;2.3455250327831874e-06;3.1454821567555177e-06;7.220854506494515e-06;2.974593732498447e-08
00:04:46;148;4.521847129139318e-06;5.363678196139333e-06;2.8347552006176996e-05;3.052354023838885e-06;4.90350926053328e-06;7.68810611165546e-06;6.088524802549955e-06;6.338531193735135e-06;6.1236500757450525e-06;2.1117048469450466e-06;4.202820332078648e-06;3.956632531751128e-06;3.986628292939155e-06;3.8952693234183364e-06;1.9144330728370176e-06;3.67363690248233e-06;5.838787302896499e-06;9.089156771517104e-06;7.104279396842202e-06;7.693233055185455e-06;6.730613631013592e-06;2.6683608586056292e-06;5.144012042180719e-06;4.843144560703577e-06;4.416306962953001e-06;4.921452799966504e-06;2.241152297825419e-06;3.989763231208481e-05;6.12530940738486e-05;5.466399156244561e-05;6.31513914614169e-05;6.0665848604811776e-05;1.0088557048401491e-05;4.996749249023118e-06;3.229820889139586e-05;2.8110727026524516e-06;3.0053730368226325e-06;7.313811272686169e-06;2.4893858534500844e-08
00:04:48;149;6.132448434150526e-06;6.862948235790054e-06;2.4547334612693735e-05;2.8055912873722635e-06;4.4629258242940235e-06;7.057505852453067e-06;1.9354235991965073e-05;4.739470221695993e-06;2.8095461974686486e-06;5.99746683475773e-06;6.29105935475009e-06;3.918599436370972e-06;5.502148975463942e-06;7.681655975230486e-06;2.969173319171277e-06;3.3666421465649005e-06;5.441275691196154e-06;8.517576594685228e-06;1.9708338543209777e-05;6.302411710622218e-06;3.3654136523527765e-06;6.612785679713346e-06;7.144172798954186e-06;4.6544962400201e-06;5.593854626291616e-06;8.47158915498364e-06;3.176819597706814e-06;3.948190591026034e-05;9.636607902993248e-05;2.4931528674724538e-05;2.6761973114466144e-05;6.116794308237952e-05;1.5405327606777144e-05;3.7083155520148517e-06;1.6142569901807182e-05;2.1226734613786773e-06;1.3427812766744857e-06;7.075941803079186e-06;6.097593883032185e-08
00:04:50;150;5.93401628247069e-06;6.739847857359196e-06;2.9223922013497517e-05;7.094102469099281e-06;3.848663417051832e-06;7.023448915788322e-06;4.955385887810011e-06;4.78669067308343e-06;2.9923745172249543e-06;2.2942626587216997e-06;2.0164750230316546e-05;5.356471054989759e-06;3.059627540577284e-06;7.3482822645329096e-06;2.284134046994588e-06;7.84911205151223e-06;4.888102394839803e-06;8.15885829369212e-06;5.927263289984556e-06;6.16643518685434e-06;3.661444383442934e-06;2.8116359780591366e-06;2.0948953476098595e-05;5.991087584357334e-06;3.4465164565552165e-06;8.374711440042062e-06;2.6540522087457303e-06;3.347862014924751e-05;9.147571893038915e-05;3.9787662594008134e-05;7.371382844791491e-05;4.30591554068948e-05;1.485281553734426e-05;5.2843027548694725e-06;3.879717671226122e-05;2.6032036616572315e-06;1.2864588705039058e-06;6.322893643493979e-06;2.5227453385584896e-08
00:04:52;151;4.768786907179261e-06;5.628012020886534e-06;2.792358145341176e-05;8.934816236205734e-06;4.246004304839992e-06;5.773026169270617e-06;5.525137824106836e-06;4.6757182442614855e-06;7.355662035024579e-06;2.552406491899846e-06;4.434904675256555e-06;4.681851403373375e-06;2.6548338698326934e-06;4.131983175170717e-06;2.259096513897289e-06;9.636274585951653e-06;5.2651724511438085e-06;7.153543961815362e-06;6.862838008485976e-06;5.861567687237697e-06;8.075742076885668e-06;3.1548839065698867e-06;5.367930826432252e-06;5.481913002411234e-06;2.935446044415861e-06;5.169115572439468e-06;2.5717145827232493e-06;4.62093838223849e-05;0.00010244440020136151;3.0461615990095647e-05;3.719585009704059e-05;4.9732429052977836e-05;2.8572122271041253e-05;4.544254906996741e-06;2.2065088416264937e-05;3.0285232349353405e-06;3.4875713957788137e-06;7.322914196503667e-06;1.8823855559852717e-08
00:04:54;152;7.104958707512568e-06;7.819775424949615e-06;4.207061807333946e-05;4.794240764867523e-06;1.243705201984953e-05;5.58485377669368e-06;1.2051519851881535e-05;1.2219176280904197e-05;3.4622781945679226e-06;3.758966284744309e-06;6.283289563798049e-06;1.1860920523076857e-05;3.1742014143596653e-06;6.790943756581927e-06;2.842060068175556e-06;5.306765192299396e-06;1.3566172105750905e-05;6.829276992016563e-06;1.3112994047678282e-05;1.3193667194783199e-05;3.843634675820196e-06;4.17735307426575e-06;7.024412125362307e-06;1.2342912582483488e-05;3.5668563847323213e-06;7.684611382155939e-06;3.188645943674037e-06;3.0429079963439048e-05;9.772851094911727e-05;8.58466547224401e-05;0.00015130531366064416;7.144239782284067e-05;1.1369312123308818e-05;4.188067016182015e-06;3.9204223222037025e-05;3.3623895305966484e-06;3.2320826860399868e-06;6.7154931375936925e-06;2.389204583407677e-08
00:04:55;153;6.693780462605694e-06;7.46851374866379e-06;2.878184161596963e-05;4.651982750852374e-06;5.5292383465334956e-06;5.866536929940739e-06;6.599087959877827e-06;9.426177012595748e-06;5.377325594418442e-06;8.351989290389383e-06;1.3208629921864071e-05;9.49454460458748e-06;4.319130909571165e-06;4.8340501240705756e-06;2.666670181965132e-06;5.260470018157908e-06;6.5896429250527415e-06;7.309518268006217e-06;7.753988892879615e-06;1.0774356016117042e-05;5.879662349119066e-06;8.813866822458317e-06;1.3970184699235088e-05;9.994033231883297e-06;4.584171787013751e-06;5.722973349903338e-06;2.969294259740689e-06;2.7985162256310446e-05;0.00010682687282318232;5.793154547436992e-05;4.4410739978480356e-05;6.714269400973233e-05;8.2147448376882e-06;4.581487417557162e-06;1.6385733102149058e-05;2.771686846773579e-06;2.5079750105776203e-06;6.583990726525144e-06;3.946690828943888e-08
00:04:57;154;5.461743645634504e-06;6.351900388329375e-06;2.5718740919339594e-05;2.882042060680202e-06;1.3181319576848306e-05;1.06072939109419e-05;4.472807096982995e-06;5.603035690365294e-06;5.796169029666358e-06;3.1221403690263503e-06;4.31146897319288e-06;3.929206750024667e-06;3.392411700402094e-06;5.1358983554905535e-06;3.107128251497474e-06;3.5432447395025887e-06;1.4321543489983658e-05;1.222623153853995e-05;5.708141710369368e-06;6.971963928870398e-06;6.357914514145578e-06;3.6525475652409494e-06;5.163712103239959e-06;4.817704796585508e-06;3.84655271761714e-06;6.286517969795257e-06;3.3267276461905383e-06;3.362074332866824e-05;7.883126748202332e-05;3.4752959506696687e-05;4.6336600429747214e-05;6.0007908132624245e-05;1.2179429323501591e-05;6.487972873102536e-06;2.4588069187640394e-05;2.741987075225678e-06;1.9970096580044603e-06;7.067028004908623e-06;1.3916029932034156e-08
00:04:59;155;4.319574744277526e-06;5.102917856663536e-06;3.30509296410712e-05;3.294220647053304e-06;4.420560331846508e-06;5.133756709599621e-06;5.411123246287533e-06;3.0746469189647416e-06;3.0491825308716485e-06;8.708515864632524e-06;4.246694932677738e-06;4.458693935757455e-06;2.193418884097944e-06;6.017290246518314e-06;1.8267910042042828e-06;3.900720771468249e-06;5.253487148089519e-06;6.432951867961343e-06;6.712092231915633e-06;4.1556278908582144e-06;3.570728017333335e-06;9.071053601830868e-06;5.19147365766797e-06;5.218992575602805e-06;2.611938358066116e-06;7.022687968050308e-06;2.093258020275105e-06;4.381083380134536e-05;8.408552278589025e-05;7.231704200057716e-05;7.997153183502724e-05;5.5327269374189323e-05;7.86089536568545e-06;7.3791471207696565e-06;3.305567247511756e-05;2.8569742573193073e-06;2.9628510631344543e-06;6.968387374972802e-06;1.5028238825712953e-08
00:05:01;156;5.1532006724838455e-06;5.952565729037101e-06;2.9745951350021856e-05;3.358461001018947e-06;3.823637823656285e-06;5.09534280336187e-06;6.315848385376264e-06;7.567810704565338e-06;9.81620592907265e-06;2.1857936714750084e-06;4.232688922588647e-06;4.90066323263508e-06;3.4348132348069074e-06;5.891992035923398e-06;5.215148410090106e-06;3.951828320963084e-06;4.767721019895442e-06;6.531165161481734e-06;7.534587704084734e-06;8.798324254516783e-06;1.044898675600858e-05;2.663370764821593e-06;5.193356288675458e-06;5.6323277775949396e-06;3.718667843011506e-06;6.786639768149685e-06;5.403811114832289e-06;2.2381193639604203e-05;8.670822434672583e-05;5.615234930304149e-05;5.171419484558443e-05;7.248802817377369e-05;1.4185148585499303e-05;1.2979962759538493e-05;2.7887295146359534e-05;3.348813474768583e-06;1.4155197346126492e-06;7.674892350059283e-06;1.5793840694748283e-08
00:05:03;157;5.1741329223566686e-06;5.981942263996977e-06;2.8120295232273692e-05;5.327811108008456e-06;3.7598204614332853e-06;7.788470903526765e-06;4.905942727617685e-06;7.76413004353251e-06;2.8330351504735063e-06;2.2463247988985753e-06;1.3755324112387576e-05;5.328309445218338e-06;2.661899775995897e-06;3.849658794569615e-06;1.8688659301314592e-06;5.8622151150705615e-06;4.717277496511778e-06;8.969405135309288e-06;6.0742361745701315e-06;8.95278607101859e-06;3.404307968778568e-06;2.667167863468352e-06;1.5002552480595274e-05;6.228818009834798e-06;3.0299128500793147e-06;4.6833415955363674e-06;2.1912852429799203e-06;3.1233172107664557e-05;7.803281384647384e-05;5.5484633823055306e-05;6.510954798566179e-05;5.94070525797407e-05;1.3495995955017866e-05;6.982503715351647e-06;1.5388414550550238e-05;2.231527434875868e-06;2.4986101770787474e-06;7.557677983817096e-06;2.1592627996528238e-08
00:05:05;158;6.595339638305507e-06;7.388181184299505e-06;4.778770365593525e-05;5.502745334305039e-06;4.563881412425727e-06;1.613955282147634e-05;5.792463118775066e-06;4.656807868935237e-06;3.040351935626714e-06;3.125469372765689e-06;4.438976225626138e-06;6.591068931850362e-06;2.4333657818428636e-06;2.050230659992022e-05;2.357084372209525e-06;6.110944373694675e-06;5.624868335180969e-06;1.730663956826718e-05;6.856845791130754e-06;6.025194300525959e-06;3.4691446300505186e-06;3.6819230439205864e-06;5.348229749386841e-06;7.606691249609959e-06;2.7403458273200367e-06;2.1343550715640427e-05;2.543794446669208e-06;2.971127635881309e-05;0.00012203674484294803;0.00016252771632163743;0.0001514140190518629;5.276335935011701e-05;6.333720819290532e-06;9.806869784143972e-06;2.6556985840436616e-05;2.5872131110721687e-06;2.867130598996948e-06;6.78636786460099e-06;6.103992730343717e-08
00:05:07;159;8.669701341804368e-06;9.623627814602791e-06;5.8043356070632526e-05;5.520640082775944e-06;7.2295400127845e-06;2.7413503709474504e-05;5.373033095940565e-06;3.280552864672679e-06;6.833430216992363e-06;1.3987017368322086e-05;6.059897622892859e-06;9.138643328622141e-06;1.0885517171614497e-05;5.9196364548793925e-06;2.395000795584291e-06;6.257809851561007e-06;8.367502877136538e-06;2.9294438925579108e-05;6.301052951441099e-06;4.699870547897895e-06;7.4915092918212096e-06;1.4626450184216911e-05;7.040695295415125e-06;1.0123024096657578e-05;1.1680277376525957e-05;6.956574181942093e-06;2.644324515327016e-06;4.377395606176768e-05;0.00010419551278400825;0.00025962129013614344;0.00019259783885735817;4.080884365814208e-05;9.416160653415853e-06;1.115598881331539e-05;2.2253574474314227e-05;2.14735322076294e-06;3.639906080537199e-06;6.879804416172934e-06;3.004369165202521e-08
00:05:09;160;4.096413051193147e-06;4.922483381223968e-06;4.5067485096719576e-05;2.801538894042272e-06;3.4167854636925976e-06;6.507987081117893e-06;4.520064625459306e-06;4.422646668767914e-06;3.471779195119883e-06;5.4604577376887225e-06;4.840043754228418e-06;4.3756437003010395e-06;2.123896810504985e-06;5.026171921814053e-06;2.1899387972529833e-06;3.359742712561882e-06;4.346897447225896e-06;7.953548176857698e-06;5.784142786069424e-06;5.565541290638112e-06;3.946050030576828e-06;5.961160937497684e-06;5.962143882531068e-06;5.099220363516434e-06;2.562361275890965e-06;6.041649635623303e-06;2.487340657065528e-06;4.3409757409832746e-05;0.00010062388002518435;0.00014823041764438051;0.00014394064824685459;4.806927501474725e-05;6.254144325743908e-06;8.787386617234916e-06;2.9514352404629372e-05;2.475658103066086e-06;2.600024242375895e-06;6.883951131761932e-06;2.0325994823479827e-08
00:05:11;161;5.297149339934425e-06;6.074815804753644e-06;3.235869074298663e-05;4.525725361177861e-06;4.922419258948904e-06;7.833944175543325e-06;4.901914194151273e-06;3.1260966608861262e-06;3.405041178310016e-06;2.3203652499213168e-06;1.1348224592598978e-05;4.6162052507787106e-06;7.398589926569085e-06;6.5704643571574586e-06;2.5967997843358925e-06;5.1379008047799195e-06;5.9756230832964675e-06;8.93922387022721e-06;6.1990038294782065e-06;4.373965180956809e-06;3.7496721130151808e-06;2.7834776392985905e-06;1.2194462353271533e-05;5.393440869163067e-06;7.588014349943178e-06;7.661935382478802e-06;2.9010682829962954e-06;2.2557544547475492e-05;0.00015352081248277947;2.7934329367098706e-05;3.799115687645435e-05;5.455526860618986e-05;3.275622275974948e-05;5.916663761809726e-06;4.019055422936108e-05;3.6486682149232325e-06;1.8721134459399404e-06;7.3330229689671086e-06;2.79316550911624e-08
00:05:13;162;4.460463572477445e-06;5.2538094862513065e-06;3.155063978084379e-05;4.786767532814131e-06;6.0295272474258415e-06;6.044005233266344e-06;5.461927670712509e-06;4.459572997267907e-06;2.855088090149913e-06;2.735658242481908e-06;5.562829137449977e-06;4.191517385782555e-06;2.2375794766947945e-06;4.350464202541492e-06;4.81062402696802e-06;5.2427211225613406e-06;7.07673164850095e-06;7.328840465676496e-06;6.660667300429505e-06;5.625953535049051e-06;3.421291184962154e-06;3.311477857832985e-06;6.538096112642132e-06;4.892780458548362e-06;2.682393984816625e-06;5.283020919141333e-06;4.981737528039589e-06;2.8280397350691318e-05;7.114484497180351e-05;3.6346445138391656e-05;9.003072285380847e-05;6.728766091673263e-05;3.3152637379174434e-05;4.026725502944681e-06;3.4058061865602815e-05;3.094605287140489e-06;4.128426899557693e-06;7.038554886396442e-06;1.8594317881362477e-08
00:05:15;163;4.315985510962926e-06;5.135779701959109e-06;2.9104182450447204e-05;2.761457349655736e-06;3.829068012480135e-06;1.0716854019482918e-05;4.1681941260146065e-06;3.082988149862651e-06;5.937317729505636e-06;2.072618513260238e-06;4.815202059466566e-06;5.4983443330446456e-06;3.0059599593295676e-06;4.020320768980603e-06;1.8834992805820279e-06;3.2960600446465004e-06;4.525950328259776e-06;1.220417915290086e-05;5.452089796183171e-06;4.245306678933071e-06;6.634162627385275e-06;2.647412443394974e-06;5.751305217950463e-06;6.381983474034026e-06;3.3848123713383594e-06;4.929035378177392e-06;2.1770570013739164e-06;3.0272610508968074e-05;8.509882451234713e-05;3.664953377668184e-05;5.711187601601832e-05;6.288279515017706e-05;2.8978345917478848e-05;6.508245441585269e-06;2.7295619562945756e-05;3.180911420644581e-06;3.581547737701296e-06;7.674881674979266e-06;1.499768583919346e-08
00:05:17;164;4.790966444416385e-06;5.603685996350036e-06;2.7765384547533437e-05;3.3680602831961695e-06;4.881363221187485e-06;4.576894700327537e-06;5.738286695266094e-06;6.187413299133223e-06;3.88504289813599e-06;4.89450818929139e-06;3.7565692688252223e-06;4.633096232321453e-06;2.687750840799843e-06;5.46468939110024e-06;7.41792046390153e-06;3.925409292962654e-06;5.916042937315069e-06;5.988323595420873e-06;6.744044188203185e-06;7.281643878672231e-06;4.3893300319067274e-06;5.435540138426438e-06;4.760375635600258e-06;5.6133675098874535e-06;3.073255017245427e-06;6.653347122952669e-06;7.4635512260965125e-06;4.382714535071461e-05;8.248591681122527e-05;3.654427935525479e-05;5.88193264826962e-05;4.8948916084750544e-05;2.1106154478299426e-05;6.917115907835757e-06;2.1537323302970256e-05;2.635726079270207e-06;2.6810246692642042e-06;7.63207220735896e-06;4.961384076102688e-08
00:05:19;165;3.861449500032098e-06;4.656258388882934e-06;2.856248741880604e-05;3.1984814712741767e-06;3.4939256462574906e-06;6.99230239963423e-06;5.027632497958931e-06;4.0845566844764525e-06;3.3691353044802823e-06;1.918342766012286e-06;3.602419374198524e-06;4.1960986455985054e-06;3.397412907123577e-06;3.2849470098416202e-06;3.7721379700625137e-06;3.780739585705259e-06;4.485498444594242e-06;8.407004315813538e-06;6.148741830875684e-06;5.022910902915077e-06;3.94090242583774e-06;2.4644842896226623e-06;4.511711742590613e-06;4.996683401259361e-06;3.798291548356488e-06;4.27545187938426e-06;4.042678844736564e-06;4.8871198790142225e-05;7.261724034538847e-05;2.5442870053295487e-05;5.565647360910104e-05;5.176167963921895e-05;3.3680535583632534e-05;1.0561284293774534e-05;3.078227346640781e-05;2.5905812853960925e-06;3.7164950204980364e-06;7.056181042762224e-06;1.303589605495594e-08
00:05:21;166;3.935013881769836e-06;4.742240394713192e-06;2.6862250707318598e-05;2.5755811639398147e-06;4.4448976090905035e-06;5.774014738335609e-06;4.6896941777225205e-06;3.945232482684767e-06;2.530675679033514e-06;2.060035732624628e-06;9.498107353067553e-06;3.1792035347745116e-06;3.3398015882565604e-06;3.5246946875521314e-06;1.6582262394719423e-06;3.189735032639321e-06;5.4465625119438655e-06;7.2115379260116866e-06;5.667067732327821e-06;4.994462282802833e-06;3.0540121614752866e-06;2.5471560398221334e-06;1.0665798757294904e-05;4.0708486917710505e-06;3.6732119835356062e-06;4.422957073086453e-06;1.963533049369105e-06;4.125991258220907e-05;7.637923547681785e-05;3.185216457778355e-05;4.400763823375353e-05;5.997338513401381e-05;1.2763236257846092e-05;4.026321163497287e-06;3.9152360548248836e-05;2.5064466838581696e-06;3.523895043636384e-06;6.885708958317182e-06;1.6703827841406762e-08
00:05:23;167;4.694216517396978e-06;5.537075496618002e-06;4.249318223469018e-05;3.7807450616676097e-06;3.753034545927004e-06;1.2900772644415651e-05;4.1164279228925436e-06;2.800399847851571e-06;7.78697696223286e-06;1.9854521352255263e-06;4.133727798202616e-06;3.2711605842647176e-06;6.016869348131464e-06;3.988522197770098e-06;1.7965073916573457e-06;4.405816177576169e-06;4.741711172410081e-06;1.4312278605607791e-05;5.176043636817633e-06;4.170799479940302e-06;8.296274268392568e-06;2.407333244252497e-06;5.093165388148642e-06;4.039337650456103e-06;6.752153516388233e-06;4.960604828623598e-06;2.08938632435484e-06;3.606020231382108e-05;9.834306606583041e-05;0.00015225102963584104;0.00011692528694484332;5.1577664069668555e-05;1.1787998859396099e-05;5.983764465832041e-06;2.3007027765501766e-05;2.7942091549608054e-06;3.775685570712096e-06;7.404994423551973e-06;7.25754632302408e-09
00:05:25;168;5.244885129358905e-06;6.1109448370764686e-06;5.452412038164575e-05;6.185932204451981e-06;4.870540878892433e-06;4.948893695006456e-06;1.3749615637886398e-05;4.2990518455031754e-06;7.248834710341353e-06;3.921280540356261e-06;4.392981111000051e-06;3.8031666462565927e-06;2.600322720783507e-06;4.7438152402631575e-06;2.1741845100044865e-06;6.773485029619143e-06;5.854484674895088e-06;6.314491075281234e-06;1.5159305815048562e-05;5.552363598878942e-06;7.944923622802246e-06;4.466273249138944e-06;5.4210999903112175e-06;4.680926320108046e-06;2.901562378944699e-06;5.841409355974675e-06;2.4210113566898396e-06;4.3823598859551924e-05;8.523866491330069e-05;7.913104072655032e-05;0.0002569121109209699;7.128888175537062e-05;5.1927775064707e-05;1.058550437704332e-05;4.184044645143501e-05;3.5967360052441605e-06;2.7308720074700205e-06;7.204769070991235e-06;9.044427114936865e-09
00:05:27;169;5.273505080858533e-06;6.127295088119837e-06;3.872145205911131e-05;4.515631824827696e-06;1.0127091062951298e-05;9.275617595702359e-06;4.7542186126489385e-06;3.8503188697156725e-06;3.4284282903549657e-06;2.4065935101705547e-06;4.127918630106561e-06;5.6138600506017156e-06;2.4746804670108058e-06;1.0630439058316329e-05;2.077261330219409e-06;5.19468698591562e-06;1.105892351915827e-05;1.0786174427750343e-05;5.832707290521077e-06;5.296233396194699e-06;4.059424874199815e-06;2.8867284023547227e-06;5.04868625906551e-06;6.604231081918085e-06;2.885980351596958e-06;1.157801852968987e-05;2.295743760315199e-06;5.3071652254604515e-05;0.00013426469476652202;9.187192516214312e-05;7.375767402736874e-05;4.7732820696577425e-05;1.695360448963687e-05;1.1312203432000321e-05;2.3218340882723697e-05;2.3439800688541654e-06;2.2924503476251366e-06;7.817287114795567e-06;2.0791466484217274e-08
00:05:29;170;5.6175948960851034e-06;6.3182664165697705e-06;2.512981157461998e-05;3.321123757419028e-06;4.348013228330026e-06;4.672566128763575e-06;6.229449072298559e-06;2.9960411829031064e-06;3.921515384904111e-06;2.6348035767721387e-06;5.279112691234579e-06;4.73541442308994e-06;9.003064019065153e-06;9.795382320538176e-06;1.0474651174066905e-05;3.905728521249905e-06;5.366083366390763e-06;6.092367774600243e-06;7.247760785952478e-06;4.092363407743264e-06;4.505006757691389e-06;2.9243225076012855e-06;6.022452102046419e-06;5.5864603998284285e-06;9.135609455174571e-06;1.0468472996590322e-05;1.0472567530225113e-05;3.896701489410578e-05;8.854054979847388e-05;3.3663776144758414e-05;3.6921758648505834e-05;4.648085801255201e-05;1.0402765478068542e-05;1.3107706374603263e-05;2.2564448453754874e-05;3.0247740808722786e-06;8.455410176612883e-07;7.020653424496521e-06;1.7892567587110135e-08
00:05:31;171;4.439708696033697e-06;5.192973661951903e-06;2.6140019683924525e-05;2.6078364427917222e-06;3.5007651085873124e-06;4.83067919790611e-06;7.715328298342104e-06;2.641214937426639e-06;4.15432378647102e-06;3.0911790567245134e-06;8.173897230340737e-06;3.64653175824711e-06;2.7211901628990374e-06;5.030763520672756e-06;5.162793042049171e-06;3.1981216746811974e-06;4.5118394172265964e-06;6.0285729553389856e-06;8.691995361327308e-06;3.905530737811896e-06;4.658671672632984e-06;3.730770061603052e-06;8.90920501326865e-06;4.377864688419173e-06;3.0337408916929683e-06;5.922920714695039e-06;5.34644892566207e-06;3.28250513972668e-05;9.893331796299575e-05;3.5504683413104744e-05;2.624515239554389e-05;5.575514242909057e-05;9.275542087767892e-06;8.001985299801333e-06;3.3089862296952634e-05;3.2350948339667627e-06;3.6888226863926003e-06;7.115793995981802e-06;9.787408229558877e-09
00:05:33;172;4.066617592325304e-06;4.888306026674123e-06;3.6729895560935184e-05;9.183450914788823e-06;5.8498845118296314e-06;5.328215800853348e-06;4.193259638185509e-06;2.8900764114002766e-06;2.421305104214546e-06;1.7857916607284934e-06;3.345258514157608e-06;4.118921974080339e-06;2.115743829992053e-06;4.867323515546993e-06;2.7001773886713534e-06;9.758289027708595e-06;6.8177803630625265e-06;6.726338971377486e-06;5.4961661486300684e-06;4.085219781608188e-06;3.0234344574384087e-06;2.3463311954056056e-06;4.339301796467744e-06;4.818612057844595e-06;2.5025331695625155e-06;5.824115616425981e-06;2.9215473737570426e-06;3.391240458106622e-05;9.949846652159732e-05;8.146663193124679e-05;0.00011296486575526522;4.9868466599056936e-05;7.87188579773856e-06;1.135001658155454e-05;3.024755243126396e-05;3.0206681424626252e-06;2.9542842398866037e-06;7.596672421359671e-06;6.831728723778396e-09
00:05:35;173;4.524320940194312e-06;5.308007593721644e-06;3.117751765386932e-05;3.4451221074311373e-06;5.806188630815128e-06;5.016942849196808e-06;5.429614004464673e-06;8.01918465207698e-06;2.7888148992551787e-06;2.5483873994470616e-06;5.361364788892718e-06;3.36273416530601e-06;2.3700321693873794e-06;8.329353916087195e-06;1.8141098593428173e-06;4.006387682031484e-06;6.651716030549473e-06;6.381886480453489e-06;6.526397328343592e-06;9.104442936784582e-06;3.2340213474066033e-06;3.134369282916056e-06;6.357570368257982e-06;4.0822806545005314e-06;2.744560776902083e-06;9.334130326455056e-06;2.1383257478502646e-06;3.908661615358284e-05;7.600398660579734e-05;6.202540374692224e-05;8.939817466930089e-05;4.78934511426436e-05;1.251113822019002e-05;1.5033059900260275e-05;1.830594563858094e-05;2.314037911642501e-06;4.520990202932479e-06;7.0136568478956816e-06;2.375080668299906e-08
00:05:37;174;5.360076361104017e-06;6.130624431626771e-06;2.4488810385288324e-05;2.8874723258873947e-06;5.834611606303497e-06;5.02772564042237e-06;1.7484669425274742e-05;7.186377226469693e-06;6.722134345564386e-06;2.0183772095288592e-06;5.353811083352866e-06;3.3428734146861476e-06;2.323790360782916e-06;4.2838458411283265e-06;1.8552261370788612e-06;3.3148149363621053e-06;6.772932879990733e-06;6.329708401009859e-06;1.779403739903178e-05;8.451068470670098e-06;7.685184850225032e-06;2.582212318826995e-06;6.257633878726953e-06;4.2338771741418024e-06;2.6902426290827768e-06;5.223237817690345e-06;2.2325402622737796e-06;4.3403503828892795e-05;9.544385601457014e-05;2.2890196746320603e-05;2.9855037422048795e-05;4.7758823724833534e-05;1.2123496828351953e-05;4.5049754816223705e-06;2.6515687507114836e-05;2.7629110660865824e-06;2.2421286468539892e-06;6.32586448272725e-06;3.924287403705186e-08
00:05:39;175;3.768128262102912e-06;4.53629227885807e-06;3.746824878024396e-05;2.582226121655202e-06;4.591800074716833e-06;5.1331351855956404e-06;4.60480927602899e-06;3.745460241107294e-06;4.6989979361326695e-06;1.5258185638603292e-06;3.7550463273755046e-06;5.37896216650841e-06;2.5429490959021965e-06;5.0127922574073516e-06;1.64554049077801e-06;3.103637533933602e-06;5.499364619878824e-06;6.573666597214009e-06;5.774108385709571e-06;4.8193917480810205e-06;5.1580284751345305e-06;2.040869839640459e-06;4.709599542239411e-06;6.161966822115643e-06;2.81335433302519e-06;5.839600863176121e-06;1.9419165592128742e-06;3.8003610128861864e-05;8.900463922384996e-05;4.42934846064882e-05;0.00012093075165390699;6.735228756145338e-05;3.008138132003284e-05;7.469702188213158e-06;3.855553074857906e-05;3.233738467819396e-06;3.110948521402249e-06;7.545090413798287e-06;3.782052852193432e-08
00:05:41;176;3.267347757039054e-06;4.124419066573853e-06;3.217014456271205e-05;3.429169535642338e-06;4.2676160225079745e-06;4.638159093159092e-06;4.5198918246957085e-06;2.4977339847318736e-06;2.622047544743499e-06;2.6214775351686046e-06;3.9134753567860905e-06;3.3143123952780487e-06;2.251395698073886e-06;3.582817156813886e-06;1.5500758822768872e-06;4.062610051283927e-06;5.318896999689301e-06;6.017305893209008e-06;5.735487383954254e-06;3.836531083281811e-06;3.1501563977213617e-06;3.1083220144726605e-06;4.879079643281249e-06;4.216514957700878e-06;2.6485668073130713e-06;4.656646043730678e-06;1.8629099136438825e-06;4.081167270323172e-05;0.00011445793713122263;5.240041476710083e-05;5.99833274689881e-05;5.402180632142099e-05;9.269015464702134e-06;1.8697000392007404e-05;2.2733181200246957e-05;3.2173967833077946e-06;3.079659251642721e-06;7.3415037820766305e-06;2.8819486596707405e-08
00:05:43;177;4.129571797245097e-06;4.930261201468367e-06;3.740720720896464e-05;7.985457834536192e-06;4.080293207793644e-06;4.767872035606822e-06;4.4891620457318284e-06;6.062455308350226e-06;2.2594110553406854e-06;3.446750539285145e-06;3.547386820331026e-06;4.391896767556731e-06;2.418537364722407e-06;3.3972157515387895e-06;2.7084210996781106e-06;8.4730241908375e-06;5.000327959512301e-06;6.139971124475433e-06;5.703324370211082e-06;7.241345371502449e-06;2.786303766006773e-06;3.9098210171560605e-06;4.517260277634129e-06;5.057512562646629e-06;2.9303841322100104e-06;4.333563365550237e-06;3.070294542915609e-06;3.666336161680166e-05;0.0001000479474836738;7.613123923337033e-05;0.00012303954837437897;4.502806357783987e-05;1.0199515492478534e-05;7.0361872509887735e-06;3.706617247302873e-05;3.1218642567250234e-06;3.1450662544509514e-06;7.378034230969191e-06;2.9486262869845286e-08
00:05:45;178;5.16396956904621e-06;5.975063559853419e-06;2.9952229887545497e-05;2.8280339778257773e-06;5.349818114811197e-06;6.457976812545109e-06;6.795713032142265e-06;3.691537415952759e-06;2.6694963296850203e-06;2.813036340754138e-06;3.837651491458225e-06;4.402216465461027e-06;2.526540000567159e-06;1.533996506256327e-05;5.255647933017309e-06;3.54907986755141e-06;6.437628259466036e-06;7.880723796340216e-06;8.179150605612932e-06;4.816057123172891e-06;3.10439710879512e-06;3.2079895655569307e-06;4.845863734000794e-06;5.128492044674157e-06;3.0183474074897562e-06;1.6114692157373875e-05;5.4183397832609525e-06;3.2635460115675285e-05;6.272772991151621e-05;4.443445052162301e-05;7.710890531963398e-05;7.122408261896008e-05;1.3818896667771619e-05;1.337387240705752e-05;2.8964944026429476e-05;3.0960426229308286e-06;4.873870280611285e-06;7.147906855037172e-06;2.0597303299448682e-08
00:05:47;179;3.2415194859616103e-06;4.070672744840326e-06;3.87192687422838e-05;4.351345646953901e-06;3.1898871876863537e-06;4.353944183450991e-06;4.106960481273993e-06;2.7817055374286652e-06;2.143611104379126e-06;1.7175776932438163e-06;3.2521438384301082e-06;4.421681244663618e-06;2.0791129349879096e-06;4.656186833267901e-06;1.84407614665296e-06;4.888525260947615e-06;4.236632433656015e-06;5.771850576625011e-06;5.214680606536891e-06;4.069876551304471e-06;2.6933898736180845e-06;2.1928886432841505e-06;4.200765042236226e-06;5.1904674312971085e-06;2.5011262021254444e-06;5.7538729661361305e-06;2.1339957428712228e-06;3.0055504222056685e-05;9.593507261446107e-05;8.012815239223173e-05;0.00013222207639535392;5.7750478628149044e-05;9.192537428291303e-06;1.907800761617486e-05;2.798629450333175e-05;2.630555377424751e-06;2.4248914008901325e-06;7.2152037978895355e-06;1.245053115110182e-08
00:05:49;180;3.6052914899962407e-06;4.454726310161531e-06;3.8205227633602964e-05;3.3392622866430925e-06;3.0971174158622716e-06;4.460082511315022e-06;4.919078734647283e-06;5.451655455795452e-06;2.271811789840554e-06;2.6257689309326016e-06;3.1578317741708486e-06;2.8456913144287395e-06;3.501141048512967e-06;4.488159790644824e-06;3.1058958144763498e-06;3.987524655425245e-06;4.102095729223625e-06;5.988788974649697e-06;6.376330786017345e-06;6.835275745645417e-06;2.7759212364027823e-06;3.1723152273392587e-06;4.035534244348462e-06;3.6006479638649294e-06;3.8009596028707993e-06;5.4452928717309296e-06;3.3360271489280285e-06;3.266146555928293e-05;0.00010271147657901738;9.740104817783703e-05;0.00011679366300968199;4.921765012421781e-05;8.275273577893983e-06;1.2318117440941218e-05;2.7089503827700434e-05;2.911069911295424e-06;1.910004453800212e-06;7.150719160327995e-06;2.2739781239215372e-08
00:05:51;181;3.584122192408627e-06;4.364363213668023e-06;4.521998623377635e-05;2.754409429912967e-06;3.6420564852464437e-06;5.106377596965992e-06;6.232400240174291e-06;2.531605974389415e-06;2.527549350584867e-06;4.079898975268231e-06;4.1106271831252305e-06;3.2380415518996517e-06;4.2463886955410794e-06;2.9212493993084494e-06;1.6188603084317648e-06;3.2928386144128207e-06;4.687946263598123e-06;6.3493303807976924e-06;7.484545970132613e-06;3.655313239332942e-06;2.96748407315216e-06;4.453391197842658e-06;5.096313782503992e-06;4.0277353215244634e-06;4.482534302065066e-06;3.890946636256789e-06;1.9839770756553214e-06;3.0394703394101103e-05;9.093425846332863e-05;8.790306608630796e-05;0.0001967335815274723;4.5003066566705066e-05;1.9011217248480847e-05;2.0228638466487484e-05;3.880179878666747e-05;3.283782901463907e-06;2.662369009927651e-06;7.655160089478971e-06;2.8192264894778845e-08
00:05:53;182;5.904811060795303e-06;6.7137773183713774e-06;4.183307637595682e-05;8.64853792783358e-06;8.57347061417551e-06;1.4416414121466335e-05;5.500836755797681e-06;4.231428807021199e-06;4.463942048328239e-06;4.043766131642005e-06;5.359497351778683e-06;4.2242728981860145e-06;3.1375266536767557e-06;6.104054191072547e-06;2.1539834184574662e-06;9.347451787452652e-06;9.520300708676518e-06;1.5847318766795575e-05;6.577188839942152e-06;5.400555048968099e-06;4.959143037507878e-06;4.593801591747965e-06;6.349848078997051e-06;5.0811531217490645e-06;3.513919999690349e-06;6.990862632996647e-06;2.383782577620463e-06;4.5539459202766475e-05;9.513934727650205e-05;0.00010500020699860581;0.00013960715848531442;4.724739819109125e-05;1.5624824849865285e-05;2.293832087854993e-05;1.856738847982817e-05;2.9098190667427496e-06;2.8824119985275785e-06;6.503660835790964e-06;3.692024789726459e-08
00:05:55;183;3.98662186608011e-06;4.786588277378933e-06;2.8907346854587325e-05;2.925467307593718e-06;3.7636621618859905e-06;6.045151169137791e-06;5.631845657625624e-06;5.16160256063875e-06;3.0677760383729886e-06;5.213268388618272e-06;5.251693513033925e-06;2.979308866683668e-06;2.44510123517924e-06;3.4760681108475016e-06;1.878515862136448e-06;3.445638648821542e-06;4.749543029879245e-06;7.288369885562916e-06;6.866378015142282e-06;6.4216668778487786e-06;3.6642686954789347e-06;5.605201283598737e-06;6.31323335060015e-06;3.7257548487841747e-06;2.8223988512959466e-06;4.395433760219941e-06;2.1411702659228284e-06;5.022784767551549e-05;9.918746769338487e-05;2.6636637259463196e-05;3.3056325201722196e-05;6.53766846290092e-05;1.1805813014317527e-05;2.1550656991073146e-05;2.688079909010564e-05;2.465336309901374e-06;2.3180867215359142e-06;7.362550221231312e-06;1.9957447788000993e-08
00:05:57;184;6.773617614121783e-06;7.664481380501617e-06;3.4276741150530476e-05;2.9693208217067153e-06;4.494847999903971e-06;7.2740627349400135e-06;4.842052694636385e-06;5.979775804702698e-06;1.3766726758810613e-05;2.010625378432642e-06;2.1482294342108204e-05;3.7901185401458615e-06;8.008627933587707e-06;3.6704593388104843e-06;2.99449706049741e-06;3.5634330524311437e-06;5.637158101077908e-06;8.759880869017909e-06;5.865268769435094e-06;7.4495439226274925e-06;1.466767373384283e-05;2.5134053591696272e-06;2.2724421911864083e-05;4.598510483297508e-06;8.297563655577494e-06;4.541036830658735e-06;3.355877247831583e-06;3.347018761276607e-05;8.444815718262061e-05;2.6989459596865897e-05;0.00010099717869706806;3.818475126139538e-05;3.816276448076775e-05;1.737793298335487e-05;6.057126112411946e-05;2.971248141341997e-06;9.69266235302818e-07;7.142813202363781e-06;3.587328839917312e-08
00:05:59;185;4.53328704643561e-06;5.326104794129364e-06;3.198000090647929e-05;4.4348526651431674e-06;4.485207036320947e-06;4.594686700766136e-06;4.7442566360315785e-06;4.341251384235275e-06;2.6899000510641455e-06;1.0085657544193923e-05;3.368094720780267e-06;4.535072515662622e-06;2.539445650287772e-06;6.926344631417371e-06;1.6546732258310664e-06;5.008358305565684e-06;5.469957588064961e-06;5.9400741589296896e-06;6.076881785287973e-06;5.456234875849457e-06;3.188177881291935e-06;1.0361596201918577e-05;4.27830272074752e-06;5.3478880427294975e-06;2.8270047994139322e-06;8.040126442809403e-06;1.918653306577803e-06;4.567936809488973e-05;0.00011137218948226937;4.596206243384949e-05;2.945176293282267e-05;7.135863065313035e-05;7.905642556188262e-06;2.936265809880999e-05;3.0181268944653035e-05;3.0785320319111767e-06;2.045920591672582e-06;7.331176501434882e-06;3.0798556119967044e-08
00:06:01;186;4.2335803578778686e-06;4.960715395549114e-06;3.4004197660486186e-05;3.467386522389275e-06;6.400581921442691e-06;5.415266683234615e-06;4.3503120785715055e-06;3.1427784526724425e-06;2.9435010012432175e-06;1.767948529150167e-06;3.3776672800911456e-06;5.8864893339525475e-06;3.1109745251001186e-06;8.476706353894253e-06;2.4633498255352295e-06;4.057508885459436e-06;7.42187308166154e-06;6.770125926064056e-06;5.4347482419652345e-06;4.156702142252102e-06;3.3315141340435845e-06;2.23217152117424e-06;4.3419706770104705e-06;6.2773575578669614e-06;3.7409540551333854e-06;9.087197132787338e-06;2.6764597952380794e-06;3.56547305963353e-05;0.00011418495958359519;4.779198452475298e-05;6.949233681478783e-05;5.946242227038531e-05;8.791264689278012e-06;2.535255143649413e-05;3.319241542498502e-05;2.9719394687106758e-06;3.911124228360938e-06;7.2307513524872625e-06;1.3891535661602136e-08
00:06:03;187;4.0826000451814215e-06;4.93208471532024e-06;3.091575095724717e-05;3.249443226332522e-06;3.2585526256280093e-06;4.821414962466716e-06;5.808007252997268e-06;6.3098501437960666e-06;9.03469954171111e-06;1.9319312612705888e-06;3.2189679526339887e-06;3.430638786222124e-06;1.9258897292282673e-06;4.215933589467692e-06;1.7858697156243735e-06;3.829782993802204e-06;4.274456853325526e-06;6.310973840530245e-06;6.887878372035169e-06;7.521693682571788e-06;9.782212082772955e-06;2.465607350085854e-06;4.205986871528683e-06;4.2287027796030806e-06;2.3654484113902507e-06;5.160205180892504e-06;2.1520665607372223e-06;4.5540238150331555e-05;0.00010577895879859221;3.821973868805916e-05;2.7797477750101976e-05;7.629765534826469e-05;1.220995468147649e-05;1.6151937163766487e-05;3.446697362875501e-05;3.0253193474236288e-06;3.926349353050305e-06;7.543947307171531e-06;3.04612699729492e-08
00:06:05;188;4.026387648666101e-06;4.8524596802709785e-06;3.094053292596736e-05;2.3677215566761136e-06;4.6965580803001474e-06;6.3490236534846645e-06;3.9089546210003725e-06;5.07292551368075e-06;4.960431736316712e-06;1.8630420581609222e-06;3.855018544062329e-06;3.52425025986556e-06;2.611064109814265e-06;7.333556433634798e-06;1.774103643790361e-06;2.932572321777668e-06;5.765884705834662e-06;7.773638854020266e-06;5.076805075100598e-06;6.198560868142522e-06;5.424784551940297e-06;2.394807411234714e-06;4.922823163839514e-06;4.391683562430501e-06;3.034162511562787e-06;8.253493865307558e-06;2.0602972415273844e-06;3.909726009755052e-05;7.973616297324118e-05;4.1768537983216105e-05;6.284611839804826e-05;5.1228113372214325e-05;2.642407708933555e-05;1.9001604613817206e-05;3.517448224015626e-05;2.6708548501999362e-06;5.735106225982327e-06;7.578732106850448e-06;2.5345160996170436e-08
00:06:07;189;3.947078383571455e-06;4.7989272193090184e-06;3.9826064942422236e-05;2.4476016218244467e-06;5.553939006313675e-06;8.04410606295133e-06;5.986642487117293e-06;5.095229211478496e-06;3.6564279129307082e-06;1.7202108250170445e-06;3.258200145239698e-06;3.430151092296476e-06;2.16547577364617e-06;3.915020529503139e-06;2.0919343448611016e-06;3.0331752809673427e-06;6.824708980045066e-06;9.510628888740858e-06;7.197572663647441e-06;6.370644941738117e-06;4.2843283102263715e-06;2.192045145950286e-06;4.172843503085138e-06;4.212847489391526e-06;2.5235626614768895e-06;4.854805344816841e-06;2.409961324172147e-06;4.9373109924529396e-05;0.0001331106123569203;8.509575948524458e-05;8.143577939535102e-05;5.2870136954312075e-05;1.2072812111885885e-05;2.5798078837853044e-05;2.569487260373874e-05;3.0019609709202783e-06;2.0839088967559275e-06;7.359075872653557e-06;1.6671898902074438e-08
00:06:09;190;5.203872828086663e-06;6.0332197019214375e-06;5.7913665644342115e-05;4.2360286820879045e-06;8.26568187309559e-06;1.556739617182178e-05;5.73710881113243e-06;5.175364907537207e-06;2.905192462679648e-06;3.632781419036426e-06;3.92393666230491e-06;3.788156507185518e-06;3.4745227020364795e-06;3.462666698019554e-06;2.277635153530804e-06;4.772293058395698e-06;9.369367207794692e-06;1.712573579931779e-05;7.003905362649629e-06;6.447409558387346e-06;3.4148194163783874e-06;3.9913236464541755e-06;4.869033667010983e-06;4.655505370442082e-06;3.743267860022282e-06;4.422047869077607e-06;2.5839256931582976e-06;3.2719552279779095e-05;0.00013353860715040075;0.00025465403630864163;0.0001726100610707437;3.680674134195801e-05;7.949757859532017e-06;1.928880339546964e-05;2.6121140926549913e-05;2.6900830773137395e-06;1.4781384032092122e-06;7.083425674710761e-06;2.3640243796930303e-08
00:06:11;191;4.94405255644572e-06;5.702021346361924e-06;3.809262021535864e-05;4.084187030593191e-06;3.6572998493123907e-06;7.76173678993721e-06;6.1313295476721086e-06;3.7194925491105963e-06;2.7564699161592383e-06;1.8591106966619526e-06;3.610119685213611e-06;3.7778994058354245e-06;2.985715948901977e-06;1.536379877171095e-05;3.6214684674911784e-06;4.5632744826710944e-06;4.718812395459523e-06;9.342716520556759e-06;7.050992718188953e-06;4.959536011172739e-06;3.17263837569965e-06;2.2790545793075674e-06;4.4630640164956e-06;4.515914342040491e-06;3.4014917558504497e-06;1.6070718871399352e-05;3.886040611730637e-06;3.7327799665991265e-05;0.0001053531118810506;7.595806907152303e-05;0.00010399269254601702;6.297819634663515e-05;8.874196296425332e-06;1.641287735909395e-05;3.240095949732535e-05;2.919270863131363e-06;4.198760455521979e-06;6.670982852421537e-06;2.452574916705444e-08
00:06:13;192;3.956790483463444e-06;4.7446009306486875e-06;3.3690794268178386e-05;2.659031536047316e-06;4.559314799479353e-06;5.492665834726619e-06;3.7806872777485463e-06;9.066150985342409e-06;2.5448526466737515e-06;1.6094414390301701e-06;4.440966698382454e-06;4.720692536995909e-06;3.0131727650358058e-06;3.998740782859303e-06;1.5957668953509534e-06;3.1597378452554753e-06;5.510431480926647e-06;6.699963469606091e-06;4.929065515262906e-06;1.0202007448656964e-05;2.9855881379423605e-06;2.085253982651138e-06;5.369633699841341e-06;5.706192395555723e-06;3.5342392769778116e-06;4.883827222893391e-06;1.869268810625289e-06;5.1947555294579256e-05;9.661559400833686e-05;4.30960815959826e-05;6.576757406828296e-05;6.217008304478358e-05;1.8648858215013227e-05;2.5370228743088147e-05;2.4844801888823312e-05;2.692555428200419e-06;5.275618311602889e-06;7.849561662442662e-06;1.1018957004791929e-08
00:06:15;193;3.5588669378744893e-06;4.334074161951195e-06;3.61421663350496e-05;3.864803709709784e-06;3.2708355103171596e-06;6.544555954945963e-06;4.011513806225573e-06;2.5769582448537616e-06;3.3158265579722657e-06;2.8708641878306582e-06;3.537664561292786e-06;5.051389471720892e-06;2.078930250574858e-06;3.4267699104165414e-06;2.1562900518871815e-06;4.358450464851442e-06;4.237473488881479e-06;7.824595861994923e-06;5.204377862067799e-06;3.6903673093593746e-06;3.8046398141794937e-06;3.3928306953684216e-06;4.521894560397575e-06;5.87286770991617e-06;2.395861828592641e-06;4.264954858500241e-06;2.4405731601636714e-06;4.0446612778885026e-05;0.00010241925193850529;4.600948259714468e-05;8.817575890804559e-05;6.028184901251028e-05;2.930505114549941e-05;3.0614268930895486e-05;2.2645758119298734e-05;2.8192783845555454e-06;3.261474448871175e-06;7.701975168721458e-06;2.5234587662706122e-08
00:06:17;194;4.128327432472258e-06;4.948603643093014e-06;3.977046659414625e-05;2.79150729586387e-06;4.431118867064367e-06;5.5158270662047926e-06;4.934203588582229e-06;3.0328194031299787e-06;7.4317377005492995e-06;1.46999243553416e-06;3.7045523035446464e-06;3.971429423059321e-06;2.1596389864310015e-06;7.994504179784847e-06;2.102596053225754e-06;3.2980266600065126e-06;5.411572014445828e-06;6.708511856358419e-06;6.182730119897176e-06;4.192339385461977e-06;8.255756423335974e-06;2.0641674854220894e-06;4.719263427121612e-06;4.723148374034304e-06;2.5588601616457512e-06;8.872663415728955e-06;2.3962022983659717e-06;5.345764511231988e-05;0.00011377188615509732;7.90860532619507e-05;9.829661180897213e-05;5.145825340500118e-05;1.9739588538646476e-05;2.4028654671746845e-05;2.5372560848185284e-05;2.9146556987651467e-06;1.8954504393158236e-06;7.180131249040453e-06;4.410794071374356e-08
00:06:19;195;3.7263192560679026e-06;4.574739181453545e-06;3.508563360838601e-05;2.2419161354036987e-06;4.057791862844727e-06;5.479945245215586e-06;3.7779579736123154e-06;3.0558943020508877e-06;4.024163862743018e-06;1.5128988461202395e-06;3.93211098881352e-06;3.373463553915909e-06;2.766481499317696e-06;8.849095112592211e-06;1.644110532727051e-06;2.903551170433436e-06;5.255949498503101e-06;7.0202247829738664e-06;5.045114941039392e-06;4.315443942963427e-06;4.5726731951629206e-06;2.057275649729237e-06;4.827476122724725e-06;4.201596956464309e-06;3.2033511224308544e-06;9.544463311981474e-06;1.949747394939573e-06;4.184458860761366e-05;0.00011672207035929799;3.786449401082817e-05;5.256245510403077e-05;5.7768446695335486e-05;3.464753323472266e-05;3.12347431422082e-05;3.3658361364356273e-05;3.3025095231292476e-06;3.8972891010257414e-06;7.511968924653281e-06;1.3143233430494834e-08
00:06:21;196;4.575098734446473e-06;5.41720141249059e-06;3.3622887291488395e-05;2.2056627496557337e-06;3.01864732927209e-06;4.5525112303773145e-06;5.02136249283777e-06;3.2136754246827404e-06;2.7352466754590212e-06;1.6924640502806327e-06;1.7631485333553925e-05;3.7241613322888414e-06;3.4452879201684152e-06;5.127614650294018e-06;2.5330638149447604e-06;2.741885647900503e-06;4.1683352011677e-06;5.977456993018159e-06;6.391720777588212e-06;4.362458705859181e-06;3.142893103957456e-06;2.1598821886907647e-06;1.880570007300246e-05;4.572450691313539e-06;3.783917193260682e-06;6.113583502823692e-06;2.7861308684736333e-06;3.5835917664681235e-05;0.00010041057844105609;3.6241369922970044e-05;6.382236097165357e-05;5.312722194840661e-05;1.2635022814477085e-05;2.9423232627291405e-05;5.91293398651199e-05;2.6012341758511006e-06;2.8174766661697005e-06;7.412091229996153e-06;1.8801170187948414e-08
00:06:23;197;4.281461439926591e-06;5.093379122281707e-06;2.7352978326354436e-05;2.9248608057550674e-06;6.512186680654705e-06;6.808106323061028e-06;4.678355004728019e-06;4.755508807428234e-06;7.039788697356513e-06;2.055245420073959e-06;3.377981231784071e-06;4.047945364117243e-06;1.907994461415218e-06;4.84016092886205e-06;2.429401851244961e-06;3.49414988451389e-06;7.425649349713666e-06;8.20090630602149e-06;5.785681322995975e-06;5.840186773478113e-06;7.644422584223631e-06;2.701561207180055e-06;4.308065629779373e-06;4.835206583047233e-06;2.2845342985569513e-06;5.8988326726867405e-06;2.7013507627699152e-06;4.1845477733446955e-05;7.970929938844544e-05;4.429164990290354e-05;3.652706853900148e-05;5.742669424553963e-05;9.320331788379127e-06;1.7765890807437486e-05;2.7544986105903865e-05;2.155515524844072e-06;4.353526596212849e-06;7.2674748906405725e-06;2.7824393498214838e-08
00:06:25;198;3.2151122397940734e-06;4.059904641289444e-06;3.8316676648586477e-05;2.3229198587286377e-06;3.737795207570116e-06;4.16969166879126e-06;3.792889265047899e-06;4.058710851366372e-06;2.4083097807709404e-06;2.0716926896404497e-06;4.445931395480329e-06;3.0738070655254224e-06;1.8269643687189459e-06;4.260443547045932e-06;2.412190268298208e-06;2.9028870248791314e-06;4.781646601236101e-06;5.487083215001216e-06;5.110881582230014e-06;5.255083570324432e-06;2.8883663792874337e-06;2.5959513199199184e-06;5.467717165871202e-06;3.966840938430116e-06;2.213319127885013e-06;5.31386145851258e-06;2.735215864187829e-06;3.382863803999549e-05;0.0001285626778372365;6.301566261296816e-05;8.46756753786826e-05;6.343912001635124e-05;1.3922262871698228e-05;2.354399213112157e-05;3.430110924200982e-05;3.550382998196961e-06;3.4362784750170745e-06;7.502670223759827e-06;2.1649956000278175e-08
00:06:27;199;4.383199983819126e-06;5.190618105212085e-06;3.8894157482111584e-05;6.886671489393269e-06;3.764167413322639e-06;4.467628712231689e-06;4.788138494340253e-06;7.73849409215059e-06;3.816125404848043e-06;1.701014791567378e-06;4.4509546206292976e-06;3.7440925388729984e-06;2.6589801988501964e-06;5.608277605065578e-06;2.9738524299266995e-06;7.501121338383557e-06;4.803413278900331e-06;5.661320951903575e-06;6.064088481678804e-06;8.764996736421312e-06;4.342168748263259e-06;2.2182555384564625e-06;5.303844971744575e-06;4.615516632562688e-06;3.0650558088221063e-06;6.78191651176452e-06;3.1657167123221716e-06;5.601807492939821e-05;0.00011499932000382331;6.429035144353805e-05;7.80310785661384e-05;6.690130732577689e-05;1.2056219189655326e-05;3.5691218756170656e-05;2.4969995719609044e-05;2.9138536232984366e-06;2.3828715369139856e-06;8.472128391120216e-06;3.470299896432787e-09
00:06:29;200;4.776461417903151e-06;5.616767546460416e-06;2.8992356746564845e-05;9.803043745002718e-06;3.7703774741518456e-06;4.7955364867003816e-06;4.702800300293575e-06;4.4698287810456865e-06;2.8053021522725627e-06;5.696939927963223e-06;5.374016560724923e-06;5.304974581641566e-06;2.320037020841038e-06;3.401906143129064e-06;4.872772002138183e-06;1.0522214554989257e-05;4.791192977100314e-06;6.376612856013397e-06;5.826144874672652e-06;5.661053666952722e-06;3.353147239747009e-06;6.265286908239455e-06;6.2983396581998184e-06;6.160291953084554e-06;2.7072427961177743e-06;4.3410664838569275e-06;5.0986152948236756e-06;3.646444537236488e-05;9.788329844199757e-05;4.132689469675246e-05;4.713105043003253e-05;6.0419722975737625e-05;1.2233864309796073e-05;2.4191559903354443e-05;1.571869837430245e-05;2.5797022734543994e-06;2.8436585689928916e-06;7.102927956932665e-06;1.2457655060137312e-08
00:06:31;201;3.764900817447948e-06;4.600496255609213e-06;4.952047565782036e-05;2.3602129196508383e-06;3.369640309487791e-06;5.1985823552187904e-06;8.168504588209915e-06;2.8825804324516082e-06;4.200549629664672e-06;1.6477575655442096e-06;4.082745156094606e-06;3.6276863245890665e-06;2.30309978764932e-06;4.700609498410234e-06;2.6368399326641296e-06;2.9176447535778436e-06;4.4383221456537516e-06;6.546046261985483e-06;9.449263398903585e-06;4.006006741902535e-06;4.839163192961758e-06;2.184981371147508e-06;5.1098274778706595e-06;4.5194036098293996e-06;2.630605120176841e-06;5.65840007225291e-06;2.906289071838325e-06;4.54799648543499e-05;0.00010738575459852813;0.00013414079510721082;0.0001771007744667703;5.296404680312009e-05;1.4255694224554306e-05;1.98563037461605e-05;3.058029389008445e-05;2.808596740105246e-06;2.585845593669363e-06;7.080047763533352e-06;7.59010575777845e-09
00:06:33;202;3.269712273056381e-06;4.072876732561205e-06;3.445027483200297e-05;1.963582511457027e-06;5.20356046187296e-06;3.922156985939037e-06;4.197924957467918e-06;2.766838213733277e-06;2.9905035233600654e-06;1.6628908611305737e-06;3.4013436521459797e-06;2.7988895966951137e-06;2.5065322393012157e-06;3.065545096477122e-06;4.756778349636968e-06;2.540763277834288e-06;6.244433202079529e-06;5.285287800147728e-06;5.4183242901913965e-06;3.7868365287850575e-06;3.5242874679469526e-06;2.08969713265658e-06;4.300706093631504e-06;3.6839952124726645e-06;2.9895583679717674e-06;4.016866736077922e-06;4.9937630483097415e-06;4.483420198790344e-05;0.00010679808039350402;4.382509871759198e-05;7.227042441443395e-05;5.6953429143869205e-05;2.2968207773482207e-05;2.419737454942648e-05;2.663777456412935e-05;3.6635225313802617e-06;3.2888183541331265e-06;7.955973691818418e-06;1.039186236311751e-08
00:06:35;203;4.729551591253767e-06;5.6119965790193295e-06;3.470836958317276e-05;3.64373955363817e-06;5.037861686606572e-06;5.659933339785539e-06;4.374168621655951e-06;5.4807169359672905e-06;2.3091455936061967e-06;2.2197690224924247e-06;3.80027607701808e-06;6.158123548387224e-06;8.771965064304574e-06;7.087545051379348e-06;2.2113726421741315e-06;4.288897033100373e-06;6.012240971899643e-06;7.0415382099240615e-06;5.596724004365719e-06;6.6962411754594784e-06;2.875412908192802e-06;2.646697313611173e-06;4.8035700026819635e-06;6.910406256470715e-06;9.598632931544981e-06;8.269011249455926e-06;2.604584914237582e-06;4.655747538945653e-05;9.773706220477718e-05;4.578606327548298e-05;7.808728884913474e-05;5.5018043344052096e-05;9.76195141260721e-06;2.9530534927313064e-05;4.0706210681425166e-05;3.0335429173835844e-06;3.35214195433492e-06;6.921137564627392e-06;8.982477478392043e-09
00:06:37;204;4.063954883484009e-06;4.8555729554669896e-06;4.262707449827341e-05;2.844426782192241e-06;3.877993721217039e-06;4.559939281924906e-06;4.46987859348269e-06;2.653833265950115e-06;3.2514211578480645e-06;5.520742492977475e-06;5.3094760542907435e-06;3.3643307010580967e-06;1.915793482642026e-06;8.72818762719486e-06;2.2714338484452026e-06;3.5078476431880505e-06;4.712407420051529e-06;5.894519169568055e-06;5.5628090678188135e-06;3.8914143122475496e-06;3.7949307711584614e-06;5.965815080919958e-06;6.222067412049391e-06;4.158618499395398e-06;2.228707848753632e-06;9.748467400180445e-06;2.579268343479386e-06;4.836754212398326e-05;9.205556595919575e-05;8.972965144905446e-05;0.00013356779678825093;6.682867724121134e-05;1.129123359053461e-05;3.5552095364901984e-05;2.08062182059911e-05;2.557744149356406e-06;3.2057039932887697e-06;7.553288753880206e-06;9.376359632171143e-09
00:06:39;205;4.419829821245003e-06;5.2914401288645315e-06;4.521808570115125e-05;2.6128433969965026e-06;6.425441850668986e-06;5.697234265446903e-06;1.027386411872106e-05;3.0187341872272615e-06;4.185412900299794e-06;1.7839493259589032e-06;4.17904901471967e-06;3.3245451382542384e-06;2.982205625556844e-06;4.489058200879919e-06;4.065618124180694e-06;3.3531087128606867e-06;7.467014907151564e-06;7.415565822249178e-06;1.1589954720887053e-05;4.234099732675992e-06;4.7972040060294945e-06;2.281631559152272e-06;5.0611452053677174e-06;4.1899902182102535e-06;3.46290182531885e-06;5.339335478345651e-06;4.305327598857833e-06;4.85448617552837e-05;0.00010955855544961615;6.335236989945761e-05;0.00013032627495766913;7.141338672291248e-05;3.7484863902887956e-05;3.660618682142454e-05;2.9567532011505186e-05;2.657492962508303e-06;4.8169118485057365e-06;8.266284319040047e-06;2.2307763003936457e-08
00:06:41;206;3.98681584650779e-06;4.879106585622715e-06;4.2646878235652006e-05;3.3215922857462745e-06;4.175008758590014e-06;5.3696241764100705e-06;4.840009943698285e-06;3.7690004290880097e-06;4.943427438387392e-06;4.033483062700198e-06;5.795688868139657e-06;2.9672291639506265e-06;2.436165765602864e-06;3.610981316626294e-06;2.5795774470018595e-06;3.960411559207007e-06;5.170277345429515e-06;6.888924383042937e-06;6.130644607442782e-06;4.974416665563579e-06;5.578021264688077e-06;4.6982053854202305e-06;6.890307022216273e-06;3.892207826227812e-06;2.926106772871277e-06;4.5311395092827715e-06;2.908614740452414e-06;4.6606801289324335e-05;9.403682076130743e-05;7.581078074511216e-05;0.0001300783576138506;6.85740658509796e-05;2.1919437162892066e-05;2.5040850381998377e-05;3.4839529976983106e-05;3.0640345482044756e-06;4.527835330840799e-06;7.228488796174044e-06;3.553637015711509e-08
00:06:43;207;3.3438932434328516e-06;4.1731492256997314e-06;3.6825917983659174e-05;3.6412416403276313e-06;4.054373515381051e-06;3.794355944754877e-06;3.521724695138511e-06;3.399460101860541e-06;4.011536354330371e-06;2.273172122777758e-06;5.408943133873705e-06;3.4291880906584478e-06;1.9972857462459035e-06;3.1355372892056206e-06;1.4598994558700051e-06;4.23730023301894e-06;5.193871946268033e-06;5.112861437069862e-06;4.766908395013852e-06;4.4897878432251835e-06;4.555900302507268e-06;2.776540806643183e-06;6.417773126681995e-06;4.2471170770654625e-06;2.4238239963974763e-06;4.060027915237455e-06;1.7958758318647736e-06;4.655899250962072e-05;0.00011971146972075519;5.411511282053209e-05;6.142669029916102e-05;5.7102476421801596e-05;1.3689552748744447e-05;4.422308734890798e-05;2.8186565900345682e-05;3.398325051453321e-06;4.962994363636021e-06;8.511153693085912e-06;2.4594925865837193e-08
00:06:45;208;3.5742015146344e-06;4.394888158377755e-06;5.867786755163167e-05;2.137902423013119e-06;4.261852091438166e-06;6.16471701581583e-06;7.255918769337328e-06;2.7976389027628557e-06;2.256739775900614e-06;1.5782665533269447e-06;6.730219316802339e-06;2.914222586399133e-06;1.8510121340333605e-06;3.40396048592595e-06;1.537967089197552e-06;2.7220055586969717e-06;5.208756189709168e-06;7.392358746741754e-06;8.60988251864726e-06;3.8410045999050534e-06;2.8280206128950835e-06;2.1300842112269275e-06;7.808964071471887e-06;3.822792847776201e-06;2.1375474218558927e-06;4.3865968794456925e-06;1.8506421346374519e-06;5.003834350926389e-05;0.00010845875223867811;0.00016781890483994754;0.0002236943913811436;4.7950954312086514e-05;7.76584721425829e-06;3.2404066453062484e-05;5.3197712356314763e-05;3.3249175935174388e-06;2.1494562172875035e-06;7.312196488936049e-06;1.8868015083702964e-08
00:06:47;209;8.588934593040614e-06;9.385690599962881e-06;3.257058201985987e-05;5.07679574597701e-06;5.38251855659992e-06;6.733003420901117e-06;7.452851709191774e-06;2.336570384706895e-05;4.978001655654328e-06;2.5061033211476964e-06;2.7775002275182654e-05;6.3927612948721056e-06;3.652626095726222e-06;7.583801789546772e-06;2.168041713026334e-06;5.444266063725219e-06;6.259811692571826e-06;8.24654092797619e-06;8.479141279512757e-06;2.5035707304722783e-05;5.573268567729164e-06;3.022868157396387e-06;2.8433064391167505e-05;7.1891983587860685e-06;3.9386536555763155e-06;8.4794882949137e-06;2.5262732985475286e-06;3.741806808728319e-05;0.0001285911012628883;3.5647379196937365e-05;2.579267385759108e-05;8.18602036847444e-05;1.485232797356082e-05;3.571685002329556e-05;1.755073683304717e-05;3.5226562049336803e-06;2.8921210627292634e-06;6.988758571591018e-06;1.4107479716597401e-08
00:06:49;210;4.112552255590303e-06;4.954743843295028e-06;3.280684026789864e-05;3.5124738718392026e-06;4.00936046480121e-06;1.2204464475473742e-05;4.483843474128497e-06;3.3040715156186127e-06;3.4479006373221535e-06;1.7455357564215164e-06;5.511650339361619e-06;2.915239651215338e-06;2.551196644001214e-06;3.2397772004538243e-06;2.4251112671952963e-06;4.144460450057707e-06;4.942331318638532e-06;1.4062753634098505e-05;5.587884893026933e-06;4.4457770636193956e-06;3.920485156252457e-06;2.2216433918298276e-06;6.546562380081704e-06;3.843900271298296e-06;2.946607287125102e-06;4.164038463259894e-06;2.6304802254718556e-06;4.139728836589629e-05;7.782237200182647e-05;4.282049863241546e-05;5.051133819652516e-05;6.684906838857323e-05;2.439573240921085e-05;3.14518540821665e-05;4.3398473515829384e-05;3.3456882655606186e-06;3.857548442253007e-06;7.818459738666448e-06;1.3761175860252767e-08
00:06:51;211;3.168722569507116e-06;3.965100853448245e-06;3.2962080126360374e-05;3.4285968307689143e-06;5.3128436050542405e-06;3.7490498033708843e-06;4.161966548046146e-06;3.1537553373665745e-06;2.227021046604963e-06;1.509561800006054e-06;3.8215845145375935e-06;2.8562141191976953e-06;2.7396432446283567e-06;3.306673094853481e-06;1.7577599669138522e-06;3.964110111512495e-06;6.26181072738855e-06;5.085426517878291e-06;5.265220904761861e-06;4.250890173398723e-06;2.6745711978302225e-06;1.936222243105626e-06;4.815008352021392e-06;3.7105998263207685e-06;3.2076581655468245e-06;4.355491823901767e-06;2.0541985398992865e-06;4.483631585377175e-05;9.633709273334204e-05;3.8755837127613456e-05;6.03877701156306e-05;7.488342046603682e-05;1.4596317792781555e-05;2.5065107023647246e-05;2.6741328986529103e-05;2.7348542523336356e-06;3.964793485814684e-06;7.231974851103443e-06;1.0148827720261415e-08
00:06:53;212;3.437504455467371e-06;4.242533715931799e-06;3.4711540645199284e-05;1.9312559509578686e-06;3.0838613388988794e-06;3.7822695734167735e-06;6.3128215979898785e-06;3.11515297323307e-06;4.847580469076589e-06;2.0358880490950977e-06;3.2266614367867676e-06;6.166297342634731e-06;1.7117156538242801e-06;3.6395334138784494e-06;1.3970147340361647e-06;2.4860962366226058e-06;4.114253244229594e-06;5.100981749670103e-06;7.408519627173104e-06;4.202119799352843e-06;5.2789310855218845e-06;2.5613237906764893e-06;4.249628473995541e-06;7.027012341933198e-06;2.103406444215971e-06;4.618511469098975e-06;1.7596186320231567e-06;4.506361341578615e-05;0.00010029851591236834;4.553181435965381e-05;7.199088884227186e-05;5.564844887587727e-05;7.355855835069764e-06;4.249596917132621e-05;3.388652633243639e-05;3.1555992736986393e-06;3.5058338569137312e-06;7.5904900208982744e-06;1.4931846090919155e-08
00:06:55;213;4.918550235221243e-06;5.737796199573955e-06;4.8604424165461073e-05;1.0561165782715678e-05;4.45445174047553e-06;6.629418697395357e-06;4.224008463570396e-06;4.084950230197716e-06;4.615686461565102e-06;2.360721564413511e-06;7.200806911229889e-06;4.775078369399146e-06;3.5269619561068506e-06;4.271895834891253e-06;2.3174549125764603e-06;1.1221909822273154e-05;5.536035256296554e-06;7.818945033261715e-06;5.2454270419879826e-06;5.3956486934549515e-06;5.1980565342690375e-06;2.8815139958054185e-06;7.985882054722597e-06;5.553034290780396e-06;4.013884360482493e-06;5.261551913912327e-06;2.741663290836658e-06;3.594321112997073e-05;0.00013387377586660852;0.00016540088004634126;0.00013394494237770706;4.4756689394422404e-05;8.18415147311407e-06;3.063405333951208e-05;1.761574073315966e-05;2.7646890930052593e-06;2.928743186051132e-06;7.161845297227856e-06;4.436804841304496e-08
00:06:56;214;3.2414408082104273e-06;4.0807673992241715e-06;3.350612694783012e-05;3.235043106286639e-06;4.259607682981099e-06;3.739578455059183e-06;3.8722315707027315e-06;4.59313147419235e-06;2.0487866821254515e-06;1.652907246791296e-06;3.1472244214373033e-06;2.720262243016691e-06;1.7958865001978872e-06;6.409795500675583e-06;1.422833834671425e-06;3.7642454387849604e-06;5.178530425584103e-06;5.086842019743097e-06;5.193057623279246e-06;5.897283383000044e-06;2.5051503592904635e-06;2.1243929106990265e-06;4.1626173115909744e-06;3.6495132894454896e-06;2.1695167909375772e-06;7.4899848520625356e-06;1.7480729176976281e-06;4.32484846121838e-05;0.00011565457899337843;4.8073785463051356e-05;5.164008514180154e-05;4.649190557907892e-05;1.4969819908610717e-05;4.1548479814944405e-05;2.7246916220511325e-05;3.0192223783910047e-06;2.7016142878177243e-06;7.470307273146128e-06;8.323701045987508e-09
00:06:58;215;3.439951497470743e-06;4.231607403475025e-06;3.748157190475584e-05;3.061680080371978e-06;3.5668773880362634e-06;3.8025322071694685e-06;4.306411649420997e-06;5.516171540875803e-06;1.957801517349367e-06;1.4663004988787778e-06;4.315715334839028e-06;4.295069239258385e-06;4.2734896959344e-06;3.2591766925675487e-06;1.4581913112139815e-06;3.6927986808292142e-06;4.562348090363644e-06;5.072052660200169e-06;5.636457027448378e-06;6.566574305722923e-06;2.4301515769723122e-06;1.9151756427612483e-06;5.202855906150667e-06;5.0472022428925525e-06;4.6408263115959994e-06;4.246130836552858e-06;1.7667142452565608e-06;3.772059317005378e-05;7.481516311971882e-05;6.084639954613793e-05;0.00011710681557516029;7.150233170547112e-05;1.0401096033415926e-05;4.047294158015012e-05;2.3836134474479688e-05;3.1501907003641184e-06;3.065371101891001e-06;6.85451862645773e-06;7.307223769618594e-09
00:07:00;216;3.484380577199111e-06;4.347858178714633e-06;4.4819342463950846e-05;2.016897569360894e-06;2.9305230089058587e-06;3.7981266548828527e-06;9.323728184023656e-06;2.569504851153552e-06;2.703368723544486e-06;1.3659519865104708e-06;3.8084563995384584e-06;3.863452025531057e-06;2.0025168564979428e-06;5.513207725662348e-06;1.916831882230564e-06;2.664607466072142e-06;3.960964664380483e-06;5.098017953957735e-06;1.0913995175784133e-05;3.6665473711349755e-06;3.2562239608477618e-06;1.9058952768284167e-06;4.7630688911766226e-06;4.756356368408335e-06;2.3749103423982935e-06;6.5364585990912156e-06;2.2772499943141754e-06;4.785906300007762e-05;0.00011024367589662654;6.184615700059315e-05;0.00013856491692688423;6.32660633180399e-05;3.245904039569528e-05;3.9576526061801524e-05;2.9912915349174242e-05;2.969389063509622e-06;3.690416985289116e-06;7.432800852969671e-06;1.1144716749331001e-08
00:07:02;217;5.5318609633239e-06;6.332043407774453e-06;4.531550237607347e-05;1.4433680778903511e-05;4.395143601631059e-06;7.63800909065925e-06;5.792864617084413e-06;1.4155963683037953e-05;2.1536653430328814e-06;1.8385107132055303e-06;3.3478314644952434e-06;4.821832414721299e-06;2.326274200825651e-06;3.5475231739664794e-06;1.931030724251896e-06;1.517791301748845e-05;5.3486714788752716e-06;8.994152566732669e-06;6.938685612711404e-06;1.5119371646851274e-05;2.582415816827443e-06;2.330183806292023e-06;4.231663179101055e-06;5.757025896452399e-06;2.6345857021843137e-06;4.614812732592027e-06;2.2550378268614264e-06;7.119106474319852e-05;0.00012016443984838677;0.0001041550145390432;0.00010003595748818974;6.429309240154822e-05;9.379239640244812e-06;3.327549501956032e-05;2.8434300952281643e-05;3.218859209532048e-06;2.135981825857746e-06;7.4748505805188366e-06;2.7732264519706575e-08
00:07:04;218;3.949716470815061e-06;4.757522242758983e-06;3.395422625204539e-05;3.2504321824818176e-06;4.271888913236084e-06;4.691024275289961e-06;5.960108716542643e-06;3.695001410619625e-06;1.7774901551445312e-06;2.1964180930599366e-06;7.90470552077109e-06;4.420482624632107e-06;2.046621983482892e-06;5.641194668726257e-06;1.5412273685167965e-06;3.7720512777980995e-06;5.272651490866084e-06;5.949289691705394e-06;7.104440647950307e-06;4.8429107658804135e-06;2.2319569495001687e-06;2.6957222439993034e-06;9.002560966132766e-06;5.329456362693536e-06;2.4624286948846353e-06;6.6145200170340796e-06;1.8122756259051326e-06;4.3863655415907545e-05;0.00011944005698635848;3.891491996294777e-05;4.5706096998219724e-05;5.2395792966650576e-05;1.0593716195958737e-05;3.74201129168722e-05;4.40458470846167e-05;2.3898576522708933e-06;5.322806007358697e-06;7.339970616832917e-06;1.7882220550359828e-08
00:07:06;219;3.4942647724795446e-06;4.334197107790358e-06;3.238090837171125e-05;2.2366309935441886e-06;6.110202536097569e-06;5.053186759857391e-06;3.859106910071701e-06;2.126488639801623e-06;2.533317497918378e-06;1.6570454464732103e-06;4.98041891848867e-06;3.4721694358485036e-06;3.909977486671323e-06;3.243895407320255e-06;2.7487363766131136e-06;2.7703134503697793e-06;7.094692056300487e-06;6.401804161145311e-06;5.194296222668262e-06;3.3208000360578415e-06;3.0328623773740116e-06;2.197404947891519e-06;6.018584642759701e-06;4.277975201919709e-06;4.421924143260392e-06;4.2076985175322365e-06;3.0720080352509712e-06;4.699656262877691e-05;8.76398926525801e-05;3.778395470349133e-05;5.8699988360115405e-05;6.769182420155428e-05;8.053687582351612e-06;3.202640053010088e-05;3.469716431786079e-05;2.673233268234774e-06;4.791047621903513e-06;7.4930828523271025e-06;2.4061741238172133e-08
00:07:08;220;3.1493365371721378e-06;3.965843999842175e-06;3.246136403155508e-05;4.119342996489195e-06;3.2217204500155234e-06;3.648640038989015e-06;4.457693467685431e-06;3.991697008971911e-06;1.9994296863824377e-06;1.5688134092816208e-06;3.2795002400185713e-06;3.2575857366752685e-06;3.596062070504951e-06;3.171819273329778e-06;1.4797331693698497e-06;4.684541118312833e-06;4.2785523856776e-06;4.98783874660793e-06;5.706273956507808e-06;5.104616669006093e-06;2.433121654242233e-06;2.0669672605286397e-06;4.190958263072527e-06;4.023429439741127e-06;3.981709034742611e-06;4.28407196511527e-06;1.8480458855932899e-06;3.6424397323455545e-05;0.00012014713505468395;3.364333346320475e-05;4.6055893267802593e-05;5.2366682399644116e-05;1.773121041321208e-05;4.190473000886591e-05;2.682747961647621e-05;3.884327531299913e-06;3.457124129348006e-06;7.084691349452212e-06;9.363821215820762e-09
00:07:10;221;4.23387522019425e-06;5.095508876814775e-06;6.577165221468267e-05;2.8537167090806035e-06;2.9180173966833225e-06;5.041433500320057e-06;1.7179359194198117e-05;5.561954818489312e-06;2.6718981342584285e-06;1.897667207534875e-06;3.197384518765551e-06;2.8045865513607024e-06;2.039265410596675e-06;3.03012332461802e-06;1.6110942714061851e-06;3.447591367044948e-06;3.9871188797590126e-06;6.291310452830151e-06;1.8685100568993357e-05;6.739878860767194e-06;3.2023449478666535e-06;2.439193445188491e-06;4.191219627673375e-06;3.703445899294751e-06;2.4493133423675317e-06;4.000635110773883e-06;2.0089516630942174e-06;3.580780176453523e-05;0.00010642018267416554;0.00016905746947647052;0.000316152487148915;5.9898263307021465e-05;1.6813043500996957e-05;3.5577788995053294e-05;3.4497356409686044e-05;3.9889560578472375e-06;4.248696110700685e-06;6.786361104042556e-06;1.1420026757728332e-08
00:07:12;222;3.83848342557578e-06;4.6289658804440316e-06;2.994992387409381e-05;3.4520794930482555e-06;3.361820808965955e-06;4.3728373168118075e-06;4.958222632790342e-06;2.844980036281248e-06;7.936355114747006e-06;1.4193296388692096e-06;5.743554949462619e-06;2.962809138877405e-06;2.1726833381308097e-06;3.3576507806029357e-06;3.4794765904874483e-06;3.976781076571685e-06;4.405132499471884e-06;5.84196479532601e-06;6.03290853960752e-06;3.890487675297537e-06;8.498172588542154e-06;1.921967560675408e-06;6.706409501792315e-06;3.7334406805470442e-06;2.50694177531864e-06;4.289970141869588e-06;3.7434120091762174e-06;4.3885549804122264e-05;8.648612671999098e-05;2.807997221346672e-05;3.1821891546077353e-05;6.141980213922084e-05;1.131861217211062e-05;3.789712102534234e-05;4.3650102843487745e-05;2.8968862902418006e-06;4.422784998530992e-06;7.508037996052222e-06;1.2198740481630271e-08
00:07:14;223;2.932438094854268e-06;3.7807411111235883e-06;4.395260360368512e-05;1.731345352014428e-06;3.1150593153031734e-06;4.239056749097162e-06;4.8900468143451485e-06;3.1393833544900542e-06;3.4952849855652732e-06;2.5678436949308745e-06;2.8600622975393333e-06;2.9678775044834023e-06;1.8599544643843109e-06;2.9744365280299174e-06;1.3489052187151431e-06;2.3723031851740057e-06;4.159103104651462e-06;5.700442981626249e-06;6.257879767527132e-06;4.2604321543312605e-06;4.002053951290126e-06;3.0939533868909567e-06;3.815536576692903e-06;3.850799263505629e-06;2.2112253645900637e-06;3.973827786098752e-06;1.6713342274036948e-06;5.3694811276632365e-05;9.137107260132887e-05;6.88487088253359e-05;0.00014787789063766625;5.640406621156568e-05;2.4452578360709943e-05;4.397827474720206e-05;2.6682587966667578e-05;3.37069685175279e-06;3.794225442632223e-06;6.943412813594146e-06;1.2917509133897727e-08
00:07:16;224;3.387328182149283e-06;4.219450133111618e-06;3.949662910817831e-05;2.3584420666108743e-06;6.45583246820665e-06;3.9804865517629135e-06;4.080952444176298e-06;4.947407704685764e-06;2.682367804883835e-06;1.4159440454070642e-06;3.3161786853500272e-06;2.8653807347854934e-06;2.854520596461508e-06;3.7893406140586774e-06;1.9010835037908629e-06;3.0445046463625394e-06;7.678290693305986e-06;5.302390462342764e-06;5.099308132633303e-06;6.006222154702542e-06;3.2228327738059443e-06;1.920332334532448e-06;4.268906800059051e-06;3.64869331665259e-06;3.30538663507192e-06;4.8596202184024706e-06;2.27691182633954e-06;4.6961887501386055e-05;0.000108655411061167;7.010705317241699e-05;7.744721470785536e-05;6.0527752047396564e-05;6.756300264910571e-06;5.1280147391414324e-05;3.703629810193082e-05;3.059724160024345e-06;4.569853254846642e-06;7.547590031873773e-06;1.0317602917134377e-08
00:07:17;225;3.931161628465609e-06;4.687107205807225e-06;2.7160557889076073e-05;2.3552505996413875e-06;7.2644445138921166e-06;3.837890905280326e-06;8.749977182405514e-06;2.6468964082356066e-06;4.3580217517945705e-06;2.479613423518727e-06;3.2908688902014402e-06;2.9627696943893254e-06;3.1984504113518657e-06;3.0931529258734516e-06;2.9366013037833807e-06;2.908103923904422e-06;8.265463431506518e-06;5.2780012365589375e-06;9.68825145983955e-06;3.6753957040592826e-06;4.77492096562648e-06;2.944837751495965e-06;4.096870428884934e-06;3.824705146731112e-06;3.5154008916338803e-06;4.0341967546795145e-06;3.2391370565118783e-06;4.414629221028816e-05;7.852598246591762e-05;3.649887443644198e-05;2.600469465623578e-05;5.5217208160548196e-05;1.2159533733601691e-05;3.86096292285767e-05;2.2813764265354687e-05;3.1401953258689778e-06;1.6457002390137402e-06;7.148954799740723e-06;1.5865147324642355e-08
00:07:19;226;4.077615908926191e-06;4.911000527085256e-06;3.4891899961614354e-05;2.198652905475869e-06;5.633050944324354e-06;5.988368128000006e-06;4.4406821360289746e-06;2.2338419561794933e-06;2.1901558751641854e-06;9.032964741286584e-06;3.010769442242504e-06;5.349367715981853e-06;2.704523409426749e-06;3.3994030959857726e-06;2.749608811020659e-06;2.8137333447951197e-06;6.624686941708942e-06;7.350590507646498e-06;5.735275722087598e-06;3.244402327128009e-06;2.7823575001554062e-06;9.531557795146253e-06;3.946067063455452e-06;6.2520414850283325e-06;3.1324552952079286e-06;4.481419041382386e-06;3.0374170160318004e-06;4.581342535105685e-05;8.76635979178709e-05;3.388478924594379e-05;6.504942323177804e-05;6.398357119258528e-05;2.1790610280569064e-05;5.442041192575002e-05;3.058687803678964e-05;3.590864855376557e-06;4.102948894226421e-06;7.80319382636687e-06;1.3084781058820551e-08
00:07:21;227;4.490506084147745e-06;5.402254828368314e-06;4.165443968093669e-05;7.687863450814545e-06;2.9272865456872212e-06;5.082158020803201e-06;3.593321414318108e-06;2.5561510123915032e-06;7.870007645814006e-06;1.9662450098000375e-06;4.267294060414625e-06;3.2620131171577005e-06;4.4531850966352105e-06;8.357739977265572e-06;1.8628058489673032e-06;8.470226965050355e-06;3.903109198094908e-06;6.469180645373992e-06;4.828247109442232e-06;3.825598011494952e-06;8.81668493208583e-06;2.454732755066726e-06;5.288658689718017e-06;4.08656358305524e-06;4.862817463560267e-06;9.597174015698904e-06;2.22406257794146e-06;5.299889738543244e-05;0.0001245794519570673;0.00011008686420504259;7.242198129987319e-05;5.554321087152586e-05;5.8003184445234975e-06;4.1371199392685374e-05;2.2497492520890823e-05;3.0800588369057282e-06;3.983344622593152e-06;7.473129561613334e-06;1.7327073087100236e-08
00:07:23;228;3.168465957644044e-06;4.010743551485644e-06;4.806561195672695e-05;2.2600476908122986e-06;3.7832687775301626e-06;4.488911747686912e-06;3.409704066244372e-06;3.70549701936537e-06;5.028524503943159e-06;2.4717138457994925e-06;3.133518028971852e-06;3.2734251256272273e-06;1.7643191676923338e-06;3.0873377930941035e-06;1.6153228658504821e-06;2.79813679863085e-06;5.048702293226851e-06;5.717646114204353e-06;4.5744174246776106e-06;4.887792873070126e-06;5.583046458923491e-06;3.0569504942141527e-06;4.166728702537373e-06;4.086065205861999e-06;2.16362714501331e-06;4.073408194063298e-06;1.9723993620826585e-06;5.570931860900236e-05;0.0001183570456463119;9.123031220041554e-05;0.0001477838659547656;5.6173421913277284e-05;1.690708920360656e-05;4.86409405142014e-05;2.8001289530632764e-05;3.511436055406364e-06;2.970243826366794e-06;7.479735972661982e-06;2.2644054074726208e-08
00:07:25;229;3.190201300704778e-06;4.02682785879503e-06;4.3634367210574125e-05;1.9430533915580512e-06;3.745098877965864e-06;3.7180440964396606e-06;4.0064728268744565e-06;6.2496061358723925e-06;2.8629839717550256e-06;2.4943369036507916e-06;2.9470863790560418e-06;3.565161026357218e-06;1.975920091303671e-06;3.480906187937969e-06;1.293744826340189e-06;2.5046890814222404e-06;4.8784738190746956e-06;5.088913045670502e-06;5.18809204987531e-06;7.372983585395836e-06;3.453494297060342e-06;3.044836881035505e-06;3.876874873789854e-06;4.398783328471399e-06;2.522431885419009e-06;4.394261179784942e-06;1.598098674692872e-06;6.34776261582257e-05;0.00011526484469877466;7.090192067525862e-05;0.00010373270007153824;8.143125525800875e-05;1.615401772324005e-05;3.14025307411204e-05;2.78840291885157e-05;2.607254137291301e-06;4.0189463208769e-06;6.713292409557601e-06;2.39891444815988e-08
00:07:27;230;3.4683421881580174e-06;4.2870580693511615e-06;4.092740346596665e-05;2.067363571162611e-06;3.3298500002584577e-06;4.470367615477306e-06;3.718441471663296e-06;2.4871941847496e-06;2.0004836276399374e-06;1.8753110193614475e-06;9.957244351710415e-06;2.8760965801278746e-06;1.9810911768432375e-06;4.4411066258863805e-06;2.415554989163773e-06;2.625115851952626e-06;4.362005521342544e-06;5.749298227933247e-06;5.0649472299644195e-06;3.6007302472321097e-06;2.4895928739089317e-06;2.377788477237049e-06;1.0971438084048207e-05;3.7039611553857094e-06;2.3696283087298946e-06;5.454990537433746e-06;2.675199040227141e-06;5.970839373527387e-05;0.00011366130932350164;7.18581300328585e-05;8.364206828704844e-05;5.9160710974079614e-05;8.835695947413091e-06;3.328417922733985e-05;4.739393220987499e-05;2.954348896049895e-06;3.2284284881356446e-06;7.3828641620178015e-06;1.8780308006496656e-08
00:07:29;231;4.345668196040461e-06;5.1318777969996355e-06;4.669991493733786e-05;4.013913967588161e-06;1.0233032267850914e-05;3.8016913980501696e-06;7.5743993587128564e-06;3.602899075164342e-06;2.4868889686951494e-06;1.6477069926649919e-06;4.088219780969253e-06;3.657175569897349e-06;3.1335634043924445e-06;3.6671847728991285e-06;4.241340887712784e-06;4.509181053435896e-06;1.139670175804515e-05;5.183898309364331e-06;8.851940348697237e-06;4.7700112657056e-06;2.880576054929959e-06;2.082767044940519e-06;5.088022612941545e-06;4.2950937457342525e-06;3.4405445071167344e-06;4.717711832038535e-06;4.366083191909431e-06;3.938029624009112e-05;6.69096286560706e-05;8.277282516578568e-05;0.00021167957664251061;6.081886791600831e-05;1.6279024257955265e-05;3.3826956969023404e-05;3.502549807362868e-05;3.101365149560601e-06;2.9970826157272877e-06;7.588569938350472e-06;1.9287623342284058e-08
00:07:31;232;3.4854712796769407e-06;4.294636503029231e-06;5.211603901100056e-05;2.2210452473555877e-06;4.601213609395865e-06;6.029574689072413e-06;3.5504321438395436e-06;2.4522407227258536e-06;3.93348315729337e-06;1.7709865565151972e-06;4.655705052026736e-06;3.150780075309647e-06;2.0377028730225986e-06;3.7314147505185247e-06;3.691075481139127e-06;2.828343618787159e-06;5.648910859281962e-06;7.446074269415776e-06;4.69260591291712e-06;3.5649639378017943e-06;4.545212142389412e-06;2.311627290193336e-06;5.4885901930372455e-06;3.952664762517641e-06;2.465457841820733e-06;4.758422311526742e-06;3.832763033780701e-06;4.9519758645959914e-05;0.00014533153303619985;0.00012834634910215652;0.00015079581768457563;5.269437812888954e-05;1.5424533958374755e-05;4.5544154359414556e-05;2.489945887252517e-05;3.8034410482591757e-06;2.185077147855015e-06;6.831382858399336e-06;1.6583289397098786e-08
00:07:33;233;2.7988712748662112e-06;3.625873173577814e-06;4.541732602471944e-05;2.7042238768260063e-06;2.7933994732685297e-06;4.0087829485845426e-06;3.395041034243656e-06;2.3223404883184044e-06;3.035421043568414e-06;1.543384473314611e-06;3.339621612626202e-06;2.940713949038034e-06;1.7708055718334104e-06;2.849542756745326e-06;2.883177198562883e-06;3.2770037216346568e-06;3.829159149512334e-06;5.375563049814376e-06;4.601885891559827e-06;3.4516083130106782e-06;3.501261522914423e-06;2.104944306216866e-06;4.281393943575161e-06;3.817641147432806e-06;2.183698367694381e-06;3.962503440193302e-06;3.12381413280065e-06;4.586160894583844e-05;0.00012196888688066054;0.00012112678602165737;0.00010024993817953816;6.772174114972189e-05;8.081094577796576e-06;3.420196197195094e-05;3.3105025980050084e-05;2.9940581239202086e-06;2.6114691583486007e-06;7.071391027098406e-06;1.3950280052200348e-08
00:07:35;234;3.564768260133633e-06;4.442691176877758e-06;4.249059334488092e-05;2.5245818694553566e-06;2.663301327032741e-06;3.7050544964177914e-06;3.4316788685050494e-06;2.3898602922077896e-06;4.609966975427875e-06;1.2990440839789519e-06;3.219521120004484e-06;2.8432443292687863e-06;7.004277047816355e-06;7.447017294220421e-06;1.6396703317121044e-06;3.090508632535775e-06;3.7724628558102776e-06;5.136639735691103e-06;4.64587831146086e-06;3.4271704407728976e-06;5.414884489128562e-06;1.7688272097547259e-06;4.173166106036522e-06;3.7586207724151663e-06;7.487846178149464e-06;8.63555528609785e-06;2.000731981326358e-06;4.6944834499131414e-05;9.356123077083122e-05;5.893836749399651e-05;0.0001428323507913168;6.547304496240931e-05;2.0103574495165734e-05;3.4224068285404454e-05;3.452634674497462e-05;3.0404772271027278e-06;2.6180681732966746e-06;7.592209209492574e-06;3.254748544909733e-08
00:07:37;235;3.2208604982289755e-06;4.0473626230075615e-06;4.0500109120735236e-05;2.442812727694714e-06;5.324900880636236e-06;3.649076133139705e-06;3.831997238473212e-06;6.89401524957909e-06;2.9182800371785333e-06;1.3224573171493665e-06;2.819436038011118e-06;3.0146322853787732e-06;1.838302596368635e-06;3.167770446439859e-06;1.4266441184770686e-06;2.925815082666235e-06;6.389609920973536e-06;4.967704994727038e-06;5.1246772411012655e-06;8.035814131243903e-06;3.464067296728807e-06;1.8391526945770584e-06;3.7326910755894724e-06;3.9091472873696135e-06;2.2009650677641213e-06;4.2123842889205786e-06;1.766320679053024e-06;4.3794011891795906e-05;0.00012191944056117803;4.461611739301813e-05;8.458688624933686e-05;8.353415176784069e-05;1.6872939303391263e-05;3.977239069183011e-05;3.517061089315142e-05;3.607697390459839e-06;4.705074403818551e-06;7.402587580694501e-06;1.940132230773538e-08
00:07:39;236;3.0352823837373224e-06;3.851731846708977e-06;3.449499625421233e-05;1.8953691487411106e-06;2.9344726493589364e-06;3.837333773242852e-06;4.66192396460356e-06;2.542126713739828e-06;4.119214130520794e-06;1.285611260519333e-06;3.012806120139544e-06;5.85170385359778e-06;1.7128947987675824e-06;2.8727555351922134e-06;1.697175753389114e-06;2.5214344114955783e-06;3.987519431587005e-06;5.254094051601493e-06;5.708517061135307e-06;3.752423415076182e-06;4.746712374405514e-06;1.787587397262265e-06;3.924171896639414e-06;6.601821251945383e-06;2.1170902625813086e-06;3.804650684943698e-06;2.014758527371968e-06;4.630359611838087e-05;0.00010978728205121275;3.2488798474286396e-05;4.5941966352077026e-05;5.6108937306861174e-05;3.0277953795603108e-05;4.484452325872368e-05;3.429506624796089e-05;3.1704122240009195e-06;3.4987412911643316e-06;7.211916632185052e-06;1.0761298091841986e-08
00:07:40;237;4.066630534861236e-06;4.900349250431335e-06;3.257717884296873e-05;2.9814555898869086e-06;4.5061135193303805e-06;6.3776000948998694e-06;7.5618508529632065e-06;3.214500451517469e-06;1.8972707761219256e-06;2.2746318624200512e-06;3.71035388110644e-06;6.340121923384149e-06;2.2892789298173906e-06;6.094415247045762e-06;1.5519716795738119e-06;3.5382065015013885e-06;5.470526338849826e-06;8.061525224110472e-06;8.498328250287251e-06;4.354937389024011e-06;2.4075316882254247e-06;2.793242109689771e-06;4.717689791182756e-06;7.179406261054248e-06;2.7098409058844827e-06;7.1198201342817405e-06;1.95313521953146e-06;5.137343782642309e-05;7.698439709077308e-05;5.121145211565295e-05;2.7072678446740073e-05;6.117039321292523e-05;1.5971719198355736e-05;6.203348458221087e-05;3.1063789656769936e-05;2.8844638453338433e-06;3.3760097215039363e-06;7.773825807593143e-06;1.0494611342794033e-08
00:07:42;238;3.024516412350212e-06;3.8420013557306106e-06;3.506453436427471e-05;2.5705721409252646e-06;6.542193261793727e-06;3.991650840811706e-06;3.671977765730038e-06;4.32767231150034e-06;2.212782738133321e-06;1.2696986480391232e-06;3.336598471777434e-06;2.4840712504344125e-06;1.6269189596326585e-06;2.8198856860874666e-06;1.4401740229465851e-06;3.157666901355282e-06;7.690927299036854e-06;5.310829289521303e-06;4.828852634321415e-06;5.472374173050527e-06;2.632475458615116e-06;1.778690078982102e-06;4.225368030934596e-06;3.2966456167661267e-06;2.055511389745e-06;3.8508825772497185e-06;1.803791209585131e-06;3.314036311439488e-05;9.59828530832403e-05;4.5398931208463145e-05;9.574918236395909e-05;4.8651795148361595e-05;2.0858656676011547e-05;3.399543466474278e-05;3.250811327670516e-05;3.5268536481012866e-06;3.7558202010491076e-06;7.197860784835415e-06;8.54820143223866e-09
00:07:44;239;2.8330977857845854e-06;3.6796507692652316e-06;5.402554477869158e-05;1.7676031025941215e-06;3.943045586525655e-06;4.0115877075147015e-06;4.505310713427817e-06;2.7132216381498995e-06;3.424099877171536e-06;1.4271474113188147e-06;2.9641279183064997e-06;2.649386527376795e-06;1.8851552459670466e-06;3.261305279167459e-06;1.445181594112393e-06;2.3744967453654403e-06;4.914009244928337e-06;5.252692931841196e-06;5.808373612989605e-06;3.866343990058006e-06;4.002427531995176e-06;1.9807791829142715e-06;3.956119599024532e-06;3.5936786930448497e-06;2.3450181311378815e-06;4.258481898363289e-06;1.8033863009609204e-06;5.683291264753633e-05;0.0001093996696200037;0.00014433068830644908;0.0001737751635246767;5.831019523202108e-05;1.0080458432960079e-05;4.588054350483201e-05;3.580130859321528e-05;3.2590008795615786e-06;3.2034046446124726e-06;7.425146792260373e-06;8.045166169960155e-09
00:07:46;240;3.4720643685401145e-06;4.302230901793095e-06;5.706401301235804e-05;2.1543298088485843e-06;4.526671943626649e-06;8.841891222743925e-06;3.4573485446675147e-06;2.18030434966982e-06;1.9640549474463467e-06;1.4850737252865414e-06;6.117741290526365e-06;2.597333472661748e-06;4.128747582851392e-06;2.6917019096053063e-06;1.5195727808987995e-06;2.658926586597853e-06;5.676662366096036e-06;9.960996942050148e-06;4.683065552381788e-06;3.333530650729987e-06;2.501435988684718e-06;1.9988074178641747e-06;7.135221189452716e-06;3.478808288998118e-06;4.642568550871492e-06;3.7160443004918477e-06;1.840701256092364e-06;5.480439568393358e-05;0.00011987085412806794;0.000165772742492631;0.00018004351950492057;5.978178689418255e-05;1.092522131436569e-05;5.195703134083434e-05;2.6351067502284455e-05;2.9443582556203043e-06;5.02598466962478e-06;7.280545625566085e-06;1.0648736265152795e-08
00:07:48;241;4.213276948984333e-06;5.024801713618585e-06;4.673354582239479e-05;2.9714691102033055e-06;3.7033361828455535e-06;4.31338512511688e-06;1.020825104544346e-05;2.9867120871849484e-06;2.4450916359083665e-06;2.9197914465196493e-06;5.957098783875898e-06;5.734381689977268e-06;2.4444043574721843e-06;4.7839209755615934e-06;2.0914791639176595e-06;3.600873820756487e-06;4.82377617163941e-06;5.669236149020158e-06;1.1453050112460822e-05;4.120337507629301e-06;2.8473484805165096e-06;3.4724510304023413e-06;6.974408244809926e-06;6.379338300794649e-06;2.8521692355971488e-06;5.736082193489213e-06;2.3685473865089656e-06;3.3025212649753156e-05;0.00011979449024187392;4.872620664424898e-05;0.00015091113220610857;6.57993085276355e-05;1.8934461824744125e-05;5.2007726708316494e-05;5.506171043819724e-05;3.3095197551863756e-06;5.918060399422759e-06;7.3067835124123115e-06;7.936960838298146e-09
00:07:50;242;3.4876612369833477e-06;4.3660141192406085e-06;6.714575529266043e-05;3.1979050291074498e-06;2.8643027025765377e-06;6.225798573728463e-06;4.390199729733333e-06;2.9972192538772125e-06;5.597229227499218e-06;1.4648275512159485e-06;4.477812601842081e-06;3.5792544766428076e-06;2.4263570191413404e-06;2.956385686400412e-06;1.67464193469933e-06;3.7797468895071607e-06;3.954199943523868e-06;7.532564049591811e-06;5.564944077849748e-06;4.1972090445907974e-06;6.418871635105461e-06;2.0119146842250614e-06;5.608532981430564e-06;4.519252852448137e-06;2.788849724455056e-06;3.977655846420366e-06;2.0384256963897993e-06;5.345511874868566e-05;0.00013543326975494702;0.00018546986073241122;0.00026160782342050964;5.41127235627398e-05;1.871735751474197e-05;4.351321772626897e-05;4.1388628930927565e-05;3.610457898587533e-06;1.7582563241648497e-06;6.648063353976342e-06;3.4285543964412156e-08
00:07:52;243;5.8776707357372455e-06;6.733565102497122e-06;3.5145976046208845e-05;2.9408395600747572e-06;7.307542513889199e-06;1.6230677293161865e-05;8.091490220155348e-06;3.3836908995125854e-06;2.979959076266813e-06;2.615045577737295e-06;3.296785354933718e-06;1.2069309717462188e-05;4.695576046290481e-06;5.3866607888540905e-06;1.5344697699148924e-06;3.5601241524079653e-06;8.33623810453728e-06;1.792900193437692e-05;9.329951232838183e-06;4.382037694753469e-06;3.656548317308137e-06;3.1741108850377415e-06;4.309886498613426e-06;1.2716360576137682e-05;5.211474076474323e-06;6.310834923848993e-06;1.8862106217747617e-06;5.6044426085519725e-05;8.558841150679891e-05;6.111699198965078e-05;2.2941235981993596e-05;6.3972393092243e-05;2.108049864066196e-05;5.227870133788263e-05;4.070779281506021e-05;3.4868525190729696e-06;6.955151829477635e-06;7.571449839771879e-06;7.806916372851252e-09
00:07:54;244;2.5771319543046256e-06;3.4327787678976857e-06;4.123925641078146e-05;1.8715768945944753e-06;2.7645242523471385e-06;3.963249693842127e-06;3.285712280193758e-06;2.0916924212082737e-06;2.0445954358259333e-06;2.6119272535525666e-06;3.1832393018889475e-06;2.5396506906361083e-06;2.382978806765705e-06;2.7090532214269945e-06;1.477382321287993e-06;2.419345116345827e-06;3.88456337935202e-06;5.249091476729564e-06;4.649861345650249e-06;3.2829223893621686e-06;2.5628508099751207e-06;3.196360069788297e-06;4.112208656967791e-06;3.4423452303553282e-06;2.852996150482519e-06;3.6950909586117124e-06;1.8457084626236252e-06;5.464628810953091e-05;0.00012063940041827408;4.6324992895371795e-05;8.179611990012737e-05;6.302257221723277e-05;2.0966755301976147e-05;6.261979637960334e-05;2.886046318964033e-05;3.709416728798743e-06;4.446943802760496e-06;7.82476406418208e-06;1.3563921879370534e-08
00:07:56;245;4.206186070958169e-06;5.066411199838017e-06;3.184206437485684e-05;3.5262515441755484e-06;4.310303077853012e-06;8.391125392909709e-06;4.409658969447864e-06;5.310190717851397e-06;5.551060452352823e-06;1.3940245321722697e-06;5.364067308474577e-06;3.072611456418754e-06;2.4772720734554032e-06;5.065880685283343e-06;1.6017848327720685e-06;4.146277761501091e-06;5.495951268994183e-06;9.897787146621362e-06;5.6719342715444365e-06;6.392786000232482e-06;6.000735216338963e-06;1.9208472625145586e-06;6.283519637748478e-06;4.004302250974387e-06;2.9458348167224093e-06;6.06403105687409e-06;1.9729257789112113e-06;4.009151992466967e-05;0.0001062951207966133;3.3010160774219795e-05;2.5519031079610843e-05;5.727386111635181e-05;1.3192585071884681e-05;5.226757375448297e-05;3.813960669449324e-05;3.4457310201082535e-06;5.132472899888277e-06;7.723023720556803e-06;1.4085645402382114e-08
00:07:58;246;3.719024120582307e-06;4.557702307960703e-06;4.918684773244416e-05;1.95971128746919e-06;4.252992261719803e-06;3.642981789201113e-06;4.967774072510296e-06;2.41196932358114e-06;4.806105242429546e-06;2.9618063541130884e-06;3.0409762510947242e-06;3.3958989201272e-06;3.04650764558868e-06;8.047789632118194e-06;2.093775608568261e-06;2.5695471330885695e-06;5.389654167825201e-06;5.0245019458917695e-06;6.215931200960215e-06;3.6087630915177744e-06;5.4061150433570424e-06;3.5005487827128247e-06;3.969809601090397e-06;4.212306659518376e-06;3.401059449417885e-06;8.991178668721556e-06;2.4030099539922497e-06;5.396666904068923e-05;9.300738872671487e-05;8.069843440413188e-05;0.00017966113865166454;5.4131259555039646e-05;3.12128172138485e-05;5.070970710045785e-05;3.141717235653168e-05;3.4265417307175454e-06;5.084807818655419e-06;6.915318398178792e-06;1.091779269990875e-08
00:08:00;247;2.881056989423314e-06;3.6908146555532178e-06;5.603557111538132e-05;2.164061542328258e-06;4.322346395791886e-06;5.166871636804031e-06;4.579167261456715e-06;2.0615932272831246e-06;1.8710042039319061e-06;1.9235877879644003e-06;3.025715632951822e-06;2.8068617138837286e-06;1.6520829486665889e-06;3.6908004042081965e-06;1.3085902711328468e-06;2.735205023644177e-06;5.3058906440680945e-06;6.555610845012618e-06;5.5442206366588156e-06;3.2118400912611235e-06;2.381253654928952e-06;2.502855282509239e-06;3.931949184426472e-06;3.684683800697079e-06;2.0476968119556326e-06;4.71552280492987e-06;1.6730461489899e-06;7.340310561233098e-05;0.00014043835793136066;0.00014346036415361933;0.00013477329674840626;5.874999897863624e-05;6.874601860054648e-06;5.422512516190902e-05;4.679808747057003e-05;3.297875936552392e-06;2.6870670234153528e-06;7.711212069313226e-06;7.760438407593222e-09
00:08:02;248;3.445820099236905e-06;4.272139388871714e-06;3.855638545246698e-05;2.2603615000737034e-06;3.556696793890782e-06;4.615032853003888e-06;3.627167888386008e-06;3.5742567076562697e-06;4.856095400382091e-06;2.5169710808499572e-06;3.2194335614380263e-06;3.3356334362108244e-06;2.7159502018683024e-06;5.481792033957721e-06;1.5904487682405488e-06;2.8664311213117487e-06;4.527719260916951e-06;5.958767659752924e-06;5.019749755486868e-06;4.596828154107346e-06;5.495604855126128e-06;2.924674505795591e-06;4.203454740421922e-06;4.191113542023968e-06;2.9710076750855973e-06;6.584668846722085e-06;1.9256510271692537e-06;4.799351870638436e-05;9.315297161076846e-05;4.798137175442235e-05;7.815331320968832e-05;6.924483850599214e-05;2.6527189902720565e-05;5.7660260614102585e-05;2.767741248943811e-05;3.461289445214473e-06;3.414289139262301e-06;7.401046644992937e-06;9.123406617204858e-09
00:08:03;249;4.44125962769962e-06;5.223621958319637e-06;4.437341899795073e-05;2.8995224036714777e-06;5.665842385967195e-06;1.2810100548806117e-05;4.5750042442126535e-06;3.7853111274960778e-06;2.8145154619029324e-06;3.0473937928250776e-06;5.513190761777506e-06;3.6335035537924587e-06;2.4151209257119244e-06;4.427185749798148e-06;1.7084228565167336e-06;3.5333661620641096e-06;6.7407885339141295e-06;1.3952618062347351e-05;5.673847572094779e-06;4.925927467848862e-06;3.2696929499448004e-06;3.644737019017099e-06;6.250563746095706e-06;4.401839414870814e-06;2.7346480473619223e-06;5.506832754299122e-06;2.0486002398816316e-06;5.086734269098831e-05;9.949381009654601e-05;0.00010468431709758109;0.00010854379370698281;5.12212146293551e-05;1.0706131853766069e-05;6.429312140776232e-05;2.847658218130013e-05;3.9443147760416426e-06;2.791561648304434e-06;7.416674564017325e-06;4.216332276378695e-08
00:08:05;250;3.8000732173899947e-06;4.673633559867062e-06;3.366195825936758e-05;2.015883329355781e-06;4.235916165707852e-06;1.0397017613234476e-05;3.754726453954824e-06;3.7290656219500886e-06;3.3602630329163863e-06;1.4321077821803514e-06;3.4918564682972044e-06;5.91733434033999e-06;2.8760107317085923e-06;2.9378682756037673e-06;1.45282756677548e-06;2.591117575758301e-06;5.3278006016856274e-06;1.1932332913429605e-05;5.086764151454627e-06;4.796698180189772e-06;4.069711662217557e-06;1.9753780831499307e-06;4.522859180263977e-06;6.634372268792182e-06;3.341630906993199e-06;3.9452635565460615e-06;1.8596715102531457e-06;4.14464497997095e-05;0.00010503690769648281;4.155177693448553e-05;3.06726431822721e-05;4.784508890991379e-05;2.5275574771879188e-05;5.683676148077761e-05;3.7878070851786005e-05;3.580389595866262e-06;6.077775238686721e-06;7.72840094136494e-06;1.3659709186497608e-08
00:08:07;251;3.1258934353285315e-06;3.9738500370593195e-06;3.71100278597452e-05;2.468855028939484e-06;2.6950321890110858e-06;9.197150836309282e-06;3.0860215272099367e-06;4.134834453010812e-06;1.9888882553816116e-06;2.2245168656615473e-06;2.945872125307987e-06;3.0564303020629393e-06;1.8701499712069458e-06;2.5414638156397795e-06;1.301504882856751e-06;3.0716533193656145e-06;3.7416640409475483e-06;1.0624263130104069e-05;4.421965312286386e-06;5.34872654072065e-06;2.510999335547378e-06;2.732166132738735e-06;3.904107637636922e-06;3.9129713485048735e-06;2.2799054022470955e-06;3.4884650188049118e-06;1.6493114647409693e-06;4.649198629604752e-05;0.00010107313537046915;3.7997103140655e-05;5.0940089283258206e-05;7.515988976178587e-05;2.1968193024473653e-05;5.341039238717877e-05;4.016306198968655e-05;4.260475183879831e-06;5.801147851915331e-06;8.048876130564042e-06;5.983897028523045e-09
00:08:09;252;3.709770345946853e-06;4.497069093753153e-06;2.9926463745389815e-05;2.961648332799882e-06;6.5442182963176325e-06;4.408493689534897e-06;4.113854588054395e-06;3.207114627847638e-06;3.4749680259758198e-06;1.2746320886850269e-06;2.9099145008744514e-06;5.7486966495384255e-06;2.3660752334367627e-06;5.399410889142783e-06;2.108216015176109e-06;3.626606830718479e-06;7.461458723430295e-06;5.873496101679548e-06;5.211357721593599e-06;4.273823609004973e-06;3.954514090477046e-06;1.7636079326598231e-06;3.911769419596855e-06;6.51225694219889e-06;2.684254463440107e-06;6.244159193775437e-06;2.447522541543445e-06;3.949803783662159e-05;8.010512867108071e-05;3.641525764165147e-05;2.651993543984938e-05;6.2677866166938e-05;7.759564216620834e-06;5.628668257749916e-05;3.488799987314526e-05;3.1213300266331063e-06;4.461499514625387e-06;7.366977966344866e-06;1.7285013667956322e-08
00:08:11;253;2.9103780802715433e-06;3.7345489660385535e-06;5.862973298882517e-05;1.9039319956574858e-06;5.9385978355470055e-06;4.768809428477218e-06;4.071411625778348e-06;2.476730433994848e-06;1.988005126013997e-06;1.280019117931953e-06;3.4005885028291645e-06;2.939738918557437e-06;1.8182083480023825e-06;2.8376092652977873e-06;1.5008854890232535e-06;2.5342437622177522e-06;6.963376471261815e-06;6.019658197641824e-06;5.271007423772649e-06;3.614632348643094e-06;2.5125049248770985e-06;1.754227586348585e-06;4.4189383210829835e-06;3.811658871200052e-06;2.191032550238365e-06;3.854864500474061e-06;1.8684411646903801e-06;4.700613852491441e-05;9.884956420511428e-05;0.00014972133648925878;0.00023175196727471414;6.0780155486357646e-05;8.516687005702543e-06;5.560455657181429e-05;3.79571690238173e-05;3.293751000062207e-06;2.838288759260566e-06;7.227895570576318e-06;9.28595430960452e-09
00:08:13;254;2.880804414734877e-06;3.6874290672821638e-06;5.5282950683708714e-05;1.7287373743422243e-06;2.9284622266539433e-06;5.081961214030302e-06;3.2951652677581933e-06;2.0999854290240902e-06;3.5539716407775113e-06;1.2778225497520814e-06;3.6272036398282186e-06;3.2482472046266055e-06;1.8881893936072525e-06;4.622144045769843e-06;1.2177622230198764e-06;2.3520846560108735e-06;4.064655576821909e-06;6.296880748110036e-06;4.460751298107494e-06;3.240686389370792e-06;4.058932420234726e-06;1.751996182111391e-06;4.643984734857325e-06;3.9887198552237295e-06;2.2212428709419234e-06;5.601832146820453e-06;1.5673810570563006e-06;6.657350071770921e-05;0.0001311494130135172;0.00016274093392900445;0.00013395262694895256;5.8205957292213635e-05;6.427054178823215e-06;4.8640844823090975e-05;4.210249777625216e-05;3.4580105287331234e-06;2.7745374411970453e-06;7.35548180398228e-06;1.4549751028925662e-08
00:08:15;255;4.412388235473165e-06;5.2249393959329285e-06;3.3390924947649624e-05;5.103704509356145e-06;8.320947022158718e-06;5.883503677947291e-06;9.599108852595153e-06;3.285293254087016e-06;2.8027330923986358e-06;1.644935367069293e-06;3.2049623494921e-06;2.789157036402075e-06;5.0863672701563125e-06;3.718399518151924e-06;1.5095450066514682e-06;5.709794581716894e-06;9.096156444212295e-06;7.477698620531083e-06;1.053901814884739e-05;4.3004828529762874e-06;3.3011052362527627e-06;2.151645910803209e-06;4.119529421586776e-06;3.733241414862922e-06;5.649465431591274e-06;4.773671668162127e-06;1.8474613240633068e-06;6.175009104556457e-05;0.00012122751509875561;3.0656049035492225e-05;2.3062940521699585e-05;5.3047830829143374e-05;1.290898648273299e-05;5.178942764586383e-05;3.2467284500008736e-05;3.5685347370827114e-06;3.2344551473755928e-06;6.972406840990809e-06;5.577487085488384e-09
00:08:17;256;2.9447104294371744e-06;3.828554191628266e-06;3.8257349005958997e-05;1.7641004413219847e-06;2.431764476088202e-06;6.578442064541047e-06;3.3976571997904803e-06;2.52114412385202e-06;2.9658850479402137e-06;2.331779193166416e-06;2.9885716380820524e-06;3.502444346669232e-06;1.9245771101239484e-06;2.6725023306281317e-06;2.257656384669298e-06;2.345026211537803e-06;3.494314313097157e-06;8.172461864979837e-06;4.670071400107213e-06;3.785199952071247e-06;3.4364506109916793e-06;2.8976191610518418e-06;4.040914213471262e-06;4.452536658494795e-06;2.4008159541637404e-06;3.635827066387673e-06;2.611411823953041e-06;4.797940400528654e-05;0.00011979926271246101;4.217241746674668e-05;4.396461833422211e-05;7.193289505745247e-05;2.653637238466768e-05;5.9640498362905365e-05;3.1926170176589216e-05;4.1369672207340265e-06;3.780044782065024e-06;7.207248534809599e-06;1.228903356829683e-08
00:08:19;257;3.21196343284152e-06;4.070072297013845e-06;5.313748673863674e-05;2.050202346801846e-06;3.501609493512929e-06;3.846079886409887e-06;5.740344168326704e-06;2.7335217376906424e-06;3.1828487386708173e-06;1.1384377418140317e-06;5.827450443004781e-06;3.2183325333208628e-06;2.712564501098055e-06;3.1093741440199354e-06;1.4827945593800316e-06;2.6460475875772984e-06;4.504099053197542e-06;5.142572165282275e-06;7.080581712262422e-06;3.9470201016551466e-06;3.771289351489837e-06;1.6877256021422298e-06;6.940742383172804e-06;4.001004656315729e-06;3.2172403901808416e-06;4.064325366925914e-06;1.8382172123593486e-06;5.758778256370455e-05;0.0001009300818270268;0.00010472488296670555;0.000185379462668963;5.97231587674919e-05;1.1402248371767672e-05;5.6105968435616495e-05;4.722840018750404e-05;3.5091066614367424e-06;3.7249150354834522e-06;7.3176220939165934e-06;1.621128402417038e-08
00:08:21;258;2.7624754491998003e-06;3.581947777104377e-06;3.869265427127145e-05;2.469914751431061e-06;3.061163305224051e-06;3.558623072179175e-06;3.2942560030138877e-06;3.119147796129792e-06;2.731139074411844e-06;2.602679426805759e-06;2.65380309921232e-06;2.8450607671779626e-06;2.2666633081187952e-06;2.7991004412086795e-06;1.7481533413581991e-06;2.943506149078323e-06;4.240266354274722e-06;4.780760307283666e-06;4.583404113044351e-06;4.309730557687993e-06;3.2409893432072117e-06;3.091713261146421e-06;3.6745333390275778e-06;3.708538292524776e-06;2.578223056325787e-06;3.734308988953936e-06;2.0973986215434292e-06;4.4881685458622276e-05;0.00013739975034995626;3.966347502209437e-05;6.0025283834389066e-05;5.930976822686821e-05;2.1842541511746504e-05;5.3008622826090796e-05;3.4924265823815765e-05;3.556471375762429e-06;2.4522678848880685e-06;7.2376419381899965e-06;1.0077002833660685e-08
00:08:23;259;3.175706502777199e-06;3.98851596147796e-06;3.184059132197202e-05;2.526488838744905e-06;3.0701828402419036e-06;3.4110759463084666e-06;9.719959896353265e-06;2.4823746118068417e-06;2.587431847606519e-06;1.8003097535574335e-06;2.915330788252649e-06;2.4794966572856807e-06;1.7953464555827994e-06;3.4740172923425856e-06;1.8464622546913874e-06;3.0830749308365684e-06;4.118106698449163e-06;4.735853096888926e-06;1.087826717881813e-05;3.6309247057436585e-06;3.0538986530827278e-06;2.24283116892101e-06;3.887667809999872e-06;3.3986012924656335e-06;2.0966132268180838e-06;4.495380976607786e-06;2.240970145608059e-06;6.937843901091295e-05;9.746589579176157e-05;3.042357501523316e-05;2.429070721421406e-05;4.731554295428381e-05;1.0656929360557374e-05;5.330904702068602e-05;3.39990768896412e-05;3.342579717458126e-06;4.583722250059927e-06;7.3126602928536405e-06;8.920346002390852e-09
00:08:25;260;3.2372417076684004e-06;4.103583233711705e-06;4.914809565660581e-05;2.315875062144166e-06;3.4833196732687486e-06;4.011748981337281e-06;3.105849410706634e-06;2.9487819137585802e-06;2.1946448881235172e-06;1.2589785742407726e-06;5.0316040759345135e-06;3.4646282878596097e-06;4.711408785531355e-06;4.107521952143791e-06;2.2125379589061307e-06;2.9142198123920507e-06;4.58815971981068e-06;5.351029611557362e-06;4.332983980009287e-06;4.124683683481704e-06;2.818430371180396e-06;1.7422457995341079e-06;6.080750300854929e-06;4.370658669796296e-06;5.431374920360063e-06;4.9908033741050095e-06;2.497657252620862e-06;5.715362552882726e-05;0.0001226692263106518;8.945903122658585e-05;0.0001382111829973661;6.20906502982811e-05;1.4437696441482694e-05;5.3784871900012345e-05;3.712773284261199e-05;3.2632423462288463e-06;4.464953023593114e-06;7.107731794292235e-06;7.203169336379453e-09
00:08:27;261;3.1697324500095707e-06;4.002613489123915e-06;5.87535130566659e-05;4.541398025152561e-06;4.110159243579532e-06;5.759572047413609e-06;3.7274154859222688e-06;2.8446671323158834e-06;1.6576913789120598e-06;1.1633007634353538e-06;2.71113105234442e-06;3.4646032596376908e-06;2.517213958890869e-06;4.3599116785551155e-06;1.1797243702331302e-06;5.1619041659239286e-06;5.148290293745268e-06;6.973790657613353e-06;5.0171709120414686e-06;4.01451057204892e-06;2.2524522802098233e-06;1.681840773517827e-06;3.7177670417551345e-06;4.273534081727996e-06;2.961961949431843e-06;5.301487840657915e-06;1.5266494217427597e-06;5.005173258638215e-05;0.00013969820969539964;0.00014304544916502167;0.00019283242372529163;5.0243789603644615e-05;1.015367342873738e-05;6.341599258669806e-05;4.052395153266438e-05;3.60605216237901e-06;4.183884883948354e-06;7.265959666246738e-06;2.103764357712695e-08
00:08:29;262;2.9130114033261054e-06;3.751475013572578e-06;4.727017255670747e-05;2.804441923616578e-06;2.508749059967644e-06;2.9668357215810333e-06;2.821915350766217e-06;3.7539074459015285e-06;3.222821863602121e-06;4.28069229194896e-06;2.8205482282701992e-06;2.4971851830812852e-06;1.6004889542968344e-06;4.4618304977978536e-06;1.21671950575381e-06;3.3535985563457294e-06;3.5023809439597338e-06;4.3979836840363426e-06;4.0586830402412774e-06;4.861987981367068e-06;3.786439734379005e-06;4.8804803687353e-06;3.766286097375029e-06;3.3619938227574596e-06;2.0072962291158525e-06;5.4811218801717856e-06;1.5594468638045317e-06;8.038948802333152e-05;9.816926310872243e-05;7.715344167363325e-05;0.00011245101118473434;6.791523759682835e-05;1.1900990221563278e-05;6.436662843895017e-05;4.0204614938870424e-05;3.0563702760976572e-06;4.0746316286466265e-06;7.531090114132499e-06;2.9303474978936276e-08
00:08:30;263;3.2807151820241582e-06;4.14070226253e-06;5.50158312950504e-05;4.715371210424606e-06;3.5519670611640985e-06;4.721633618229052e-06;4.752231246579248e-06;2.4676249116789055e-06;1.7679160290061768e-06;1.5426104878328446e-06;4.276547256926671e-06;2.828053405356069e-06;3.1732988736104577e-06;3.801578024174226e-06;1.7697493035484513e-06;5.301281014079548e-06;4.6149761854831935e-06;6.158665707482237e-06;6.02822470521264e-06;3.5746461118741292e-06;2.3167326933709107e-06;2.1098503314625548e-06;5.2740335774350446e-06;3.731394222489178e-06;3.6702296791743353e-06;4.78665179522252e-06;2.1217397477213826e-06;4.251337894278333e-05;0.00013452868225760265;0.00011454908544125283;0.00018285464866249439;5.627674902886353e-05;1.2478613317017173e-05;6.40805975138868e-05;3.563480441988885e-05;2.9073896949043525e-06;6.158215718559611e-06;8.197994529686064e-06;9.816013665120541e-09
00:08:32;264;3.405238308379859e-06;4.238675184659527e-06;4.397021170936971e-05;1.9306945832782545e-06;5.195832539974597e-06;8.137839571340713e-06;3.1002766794201038e-06;3.3671562683937593e-06;1.8326396209870794e-06;2.3775988897891476e-06;2.5959908519400767e-06;5.15437075808801e-06;1.4299850617566727e-06;4.372487302168276e-06;1.3679866405718661e-06;2.528118326913903e-06;6.355784431503661e-06;9.45793082009223e-06;4.276776079205785e-06;4.433778318758137e-06;2.361609155073732e-06;2.903520725386109e-06;3.606054541464052e-06;6.032230905613595e-06;1.793498015529944e-06;5.416500566234735e-06;1.698299031374253e-06;5.22525600232026e-05;0.00012427532582956398;8.030031903603912e-05;9.488202302451034e-05;6.095918762828546e-05;7.2980057777755564e-06;6.0457891990125406e-05;3.41619920167181e-05;2.446305084359482e-06;3.424712609629149e-06;7.175011447674095e-06;9.206044553237309e-09
00:08:34;265;3.4026651650652764e-06;4.206641474583988e-06;3.646423527954686e-05;2.210997288284747e-06;2.7821757352083667e-06;4.063395124376257e-06;1.0555147766731146e-05;2.628006776720068e-06;1.8016254077288998e-06;1.5470578604444412e-06;3.0613510478939463e-06;3.1386144539104843e-06;2.561706464409109e-06;4.925000291871646e-06;1.5569028888732945e-06;2.9355687139528365e-06;3.905258047699492e-06;5.462049594952296e-06;1.1415580300746126e-05;3.6374117947081135e-06;2.3114788000729956e-06;2.0614249782611988e-06;3.944809603563965e-06;4.0443219836273365e-06;2.9424388685583835e-06;5.935217552201099e-06;1.8841353412253854e-06;5.324790220527961e-05;0.00012939242837136487;4.806953883076934e-05;2.7638884533065678e-05;6.602354971096788e-05;1.062355990975413e-05;5.7045003826140814e-05;2.8586028992428575e-05;3.472845678675982e-06;5.960179962297495e-06;7.486090775254809e-06;2.4810558563176733e-08
00:08:36;266;3.7897045188437706e-06;4.607892479506967e-06;3.94900045595328e-05;2.833806800207516e-06;2.768480862417019e-06;3.578563028128201e-06;3.812220094348814e-06;2.5935968253065766e-06;4.7670006821931565e-06;1.5081851053689765e-06;1.0076132127132745e-05;3.5761309498318705e-06;1.5645694469283584e-06;6.868613823485248e-06;1.529153137931742e-06;3.484712037846558e-06;3.849436676387949e-06;4.744214058657143e-06;5.142855757818509e-06;3.67590438358254e-06;5.375296185073101e-06;1.9982657094364117e-06;1.1042752553697063e-05;4.361235760715996e-06;1.991508365272584e-06;7.725154180753876e-06;1.9033723968081913e-06;4.999507887900616e-05;0.00012712975597163435;4.923442068773822e-05;4.673645523635518e-05;6.641776352501124e-05;1.0336029844201323e-05;6.311017735297708e-05;4.666159454202727e-05;2.4565058306854863e-06;4.257000433595217e-06;7.503679488456406e-06;4.159292270560133e-08
00:08:38;267;2.322315945526363e-06;3.200365944958551e-06;4.8450192371216875e-05;1.7211053209691003e-06;2.443524686671336e-06;3.595657735515219e-06;3.6925316803407524e-06;2.6453187858392497e-06;2.2816618629209726e-06;1.2645459895776023e-06;2.354407088521849e-06;2.370419658700743e-06;1.774115920192478e-06;2.550201133256668e-06;1.1743005796043866e-06;2.3565338537243602e-06;3.5748109750577123e-06;4.933195939400643e-06;5.0764203099132354e-06;3.7715759372997725e-06;2.8163671148129515e-06;1.809710547201541e-06;3.3488322831636895e-06;3.290726192085746e-06;2.2718173925027314e-06;3.5958001815374645e-06;1.5585995694741945e-06;4.762799592493284e-05;0.00010404541136746609;0.00010453052308879652;0.00014429519000869618;6.227664030990496e-05;6.981989245027698e-06;6.185698400475269e-05;3.475280189674543e-05;3.5005313068154594e-06;3.871835108263965e-06;7.635157358002976e-06;2.7248835197570245e-08
00:08:40;268;2.341096250191299e-06;3.202940554648551e-06;4.402591513473751e-05;1.8814499119880101e-06;2.4118514012627656e-06;4.127466464609597e-06;2.960181400527259e-06;2.277835561867195e-06;1.7239923928839702e-06;1.3696821311884575e-06;2.829271691757123e-06;2.335002895360493e-06;1.4710157582536516e-06;3.426391924289295e-06;1.2790125680985718e-06;2.56588745016899e-06;3.4655672607186716e-06;5.536792027842124e-06;4.284787786374078e-06;3.4091503488226306e-06;2.3204614561546818e-06;1.8776025048213388e-06;3.8300166619868645e-06;3.261410049300956e-06;1.8242015924822882e-06;4.390676299926436e-06;1.6687323112865337e-06;5.506287154883773e-05;0.00010373238838522547;6.244613592508506e-05;0.00010602481142061722;6.083106549070687e-05;1.4698056525131175e-05;6.589771331978979e-05;4.307693404926641e-05;4.354063681506917e-06;4.452036088716882e-06;7.727545164368273e-06;7.3600175982315954e-09
00:08:42;269;3.244174871691092e-06;4.125132049978939e-06;4.4921587196963375e-05;1.8781988709354829e-06;2.8144616184277993e-06;1.1039985106461616e-05;3.3546864093897906e-06;4.648918976809827e-06;1.8536301085573954e-06;1.1024895597667628e-06;3.115965427175576e-06;3.4914774686776373e-06;1.566288068375534e-06;2.6571673839015375e-06;1.406828570648212e-06;2.4704468289569432e-06;3.795080757196116e-06;1.284358371707686e-05;4.590608623517785e-06;5.930090114643578e-06;2.3280710371481394e-06;1.6631384763554072e-06;4.133880462246406e-06;4.39647461358687e-06;1.9902812496932515e-06;3.5924730254228513e-06;1.7674539202444871e-06;5.8474257383837424e-05;0.00011106664350762723;5.67215849002621e-05;5.89589863426461e-05;8.192275808524323e-05;2.6335205056261817e-05;8.176587514894195e-05;4.5703361332881495e-05;4.820236185607952e-06;4.716549826228881e-06;8.56916497981677e-06;4.423614205663368e-09
00:08:44;270;2.6536476696037425e-06;3.486649963829395e-06;4.238655427822711e-05;1.7590324361549392e-06;2.725427512925452e-06;3.6944180905607027e-06;3.2747299491895565e-06;4.346142488322678e-06;1.7628834202522048e-06;1.7181223107666133e-06;2.6884799440422698e-06;3.7804760708581853e-06;1.4338475697267035e-06;2.447439699308647e-06;2.2127716849951184e-06;2.3659664851878962e-06;3.798426848645042e-06;4.9446263853462395e-06;4.631732862654195e-06;5.462092997420976e-06;2.286567960369741e-06;2.2353754479521326e-06;3.6671424468986054e-06;4.586116076581353e-06;1.8506000359697214e-06;3.425736737501464e-06;2.585414341710124e-06;6.932015904712656e-05;0.00013924894255241908;7.57587160369816e-05;6.474463526188811e-05;5.0886269455374666e-05;1.2069395012751974e-05;5.122569513678243e-05;3.10778290704456e-05;2.826201930840985e-06;4.054383424111921e-06;7.412618788612467e-06;1.3805621390036073e-08
00:08:46;271;3.996287474191976e-06;4.878623741793099e-06;4.1828877597339655e-05;5.788430457701307e-06;2.6650420289991477e-06;1.3540915494497147e-05;4.27003566630643e-06;5.595408611921729e-06;2.5298795372143767e-06;1.3558111372996058e-06;3.071142669306617e-06;2.509294642778896e-06;2.1138386273701246e-06;3.056844838508513e-06;1.4588043442322693e-06;6.519714318102748e-06;3.67651761758058e-06;1.5076161052772328e-05;5.547875625319348e-06;6.7033040839397716e-06;3.089487408136778e-06;1.930377886275915e-06;4.036399853052726e-06;3.519941869163182e-06;2.483490165899109e-06;4.060066364413787e-06;1.9001466558286584e-06;5.6935363614085527e-05;0.00012520029189775397;4.873738485655011e-05;3.615458521303223e-05;8.179349613208707e-05;2.3283378912960382e-05;6.876636126742057e-05;4.437253975687444e-05;3.577374040596841e-06;4.932494361317397e-06;8.184745992346152e-06;8.5151230512643e-09
00:08:48;272;4.074447708032639e-06;4.896717615061973e-06;3.747298521035622e-05;2.4710634269292147e-06;1.2529289674293151e-05;4.601055633137528e-06;3.393076486446489e-06;4.148162327895348e-06;2.9510722641325837e-06;1.874165482847316e-06;3.3007123087261645e-06;2.654571218194881e-06;3.7203837027665156e-06;5.802896903035886e-06;1.4469214307507885e-06;3.0877787050393392e-06;1.3534818899182639e-05;6.169477210623651e-06;4.622847985887393e-06;5.191770285335546e-06;3.4095548667382785e-06;2.33099090656893e-06;4.236152272260139e-06;3.641655108436634e-06;4.098994766743861e-06;6.624771559253981e-06;1.8117968301903833e-06;6.019962184378281e-05;7.233996438335654e-05;4.558013634645062e-05;6.324981893331452e-05;7.590045854162694e-05;1.4128923417559439e-05;6.850399909027091e-05;3.26443219629432e-05;3.723895081082841e-06;6.135815771817695e-06;7.261755863225791e-06;7.1112888433507006e-09
00:08:50;273;3.473174380016789e-06;4.300293991796428e-06;5.120030038173033e-05;4.138382823981601e-06;4.242505261360789e-06;3.719485692050222e-06;3.864094082282256e-06;1.9993617006845583e-06;2.0813620611257666e-06;2.1229459140928695e-06;3.0726251593969e-06;6.759484025438538e-06;5.658017503407109e-06;2.4180020332664753e-06;1.6018252834048108e-06;4.731810698023212e-06;5.330420216972625e-06;5.171052154327288e-06;5.276350187078963e-06;3.0226116194493836e-06;2.5861706829725993e-06;2.6440522281553036e-06;3.99592016360139e-06;7.559643339086103e-06;5.947033102955496e-06;3.4193375615612675e-06;1.919124219765291e-06;5.9586474830663106e-05;0.00010169994152848094;7.066615015127883e-05;0.00016510800208628296;6.715003542729636e-05;2.3473977231605215e-05;6.830052244732532e-05;4.4112610567883545e-05;3.5539690897727873e-06;2.825010952573228e-06;7.909886715920606e-06;1.702355168102586e-08
00:08:52;274;3.6260482455025507e-06;4.467381989377804e-06;6.0520656525265e-05;1.7070281790926793e-06;3.8366813493501635e-06;5.248238613637051e-06;8.601768010924554e-06;2.2898816147496537e-06;2.0643801549818424e-06;3.958292369917031e-06;2.5860576592474547e-06;6.027221967741525e-06;3.1173583735398904e-06;2.670002905314949e-06;1.4056666541861773e-06;2.304968472943281e-06;4.890612657779652e-06;6.578296109447491e-06;9.85752020122025e-06;3.341685551507148e-06;2.604204961313325e-06;4.52952406105189e-06;3.5687499786047426e-06;6.938410611446325e-06;3.6278686423694254e-06;3.6267750498223857e-06;1.7399654416006838e-06;5.1963930413671024e-05;0.00010264326033587463;0.0001498653967540506;0.00022505003149266142;5.093891712786367e-05;9.728424530664006e-06;7.353563693032405e-05;4.7691811781296536e-05;2.78356699212892e-06;4.096650487673743e-06;7.936781139800934e-06;1.347031717065849e-08
00:08:54;275;2.8762930616659848e-06;3.7377407887659134e-06;4.867742371709802e-05;2.4886826493738825e-06;4.247990849909849e-06;3.9180198356802975e-06;3.2287505443403832e-06;2.3127717774038747e-06;2.0367675472663582e-06;3.802019290430084e-06;3.836328922414044e-06;3.3739527987625646e-06;1.8763183756608337e-06;2.2985916026321074e-06;1.0953215884189727e-06;3.1664090997016698e-06;5.304267857999422e-06;5.259992988186828e-06;4.509130590870686e-06;3.5186613466734505e-06;2.6235942975371113e-06;4.4218869863724175e-06;4.7220889364670935e-06;4.203862870413047e-06;2.3969139434323355e-06;3.2433558656901117e-06;1.482723627005622e-06;7.058691998535877e-05;0.00014676572781749828;8.630072346995434e-05;8.781660921015856e-05;6.6706881723863e-05;1.293851879658639e-05;7.016582511995887e-05;2.75008397723526e-05;4.067450952364722e-06;3.9746445400995656e-06;7.295581914516365e-06;9.361302464890874e-09
00:08:56;276;2.957659670308679e-06;3.79233468472965e-06;5.4051040661610304e-05;1.8306526967457806e-06;2.646679832710416e-06;8.163845656383728e-06;3.0645752603868974e-06;2.20253751705777e-06;2.072189308871037e-06;2.908221862440996e-06;2.764979589125522e-06;2.5505820482733683e-06;1.6918091738043535e-06;3.2372542629585412e-06;2.3585879135817383e-06;2.411987923010259e-06;3.766357636616508e-06;9.314137318879262e-06;4.348758126600186e-06;3.3729738213049682e-06;2.636177694949777e-06;3.4230711229369425e-06;3.7584186919025056e-06;3.426820797623022e-06;2.062918036854977e-06;4.310594082613257e-06;2.6757995287074595e-06;5.5532906381658424e-05;0.00011541695097780023;0.00011966818036234837;0.00017447935575087663;6.032771352672388e-05;1.0635598197647613e-05;6.464237276047156e-05;3.4480649161314474e-05;2.8570048819603987e-06;2.6049812072775504e-06;7.95968583144461e-06;7.088899799907301e-09
00:08:58;277;2.871949042057312e-06;3.736594747731689e-06;4.417361239435413e-05;1.8413437688541927e-06;3.6320707786010398e-06;4.513438092278545e-06;4.087965863355046e-06;2.056131800739794e-06;1.6228048860256195e-06;1.3206737703441718e-06;2.9837715391778374e-06;2.3992881598256974e-06;2.7381228923802197e-06;4.122284153140754e-06;3.145491885383287e-06;2.311823042378543e-06;4.743677747476024e-06;5.691332938723359e-06;5.3527959625159695e-06;3.287012215786248e-06;2.175211504229221e-06;1.9001714690602967e-06;4.0349462790489475e-06;3.3578793003862648e-06;3.306615805648775e-06;5.208737881811073e-06;3.468931287345554e-06;6.0230385696445306e-05;0.00015124259293187287;7.61972648888598e-05;6.068633403973448e-05;5.442528455002018e-05;1.0138563205906515e-05;7.127791911346097e-05;2.9576049448074835e-05;3.647840743432967e-06;4.970369963467809e-06;7.676896814864601e-06;1.3847336109164408e-08
00:09:00;278;3.994885893441526e-06;4.8700442192379734e-06;3.9111871392560314e-05;3.5676429648907e-06;3.4948582260082874e-06;4.244380382994512e-06;3.473537798403082e-06;3.52724780405822e-06;3.4119101622371257e-06;1.3322154447886254e-06;3.067247727240773e-06;2.8807080208924742e-06;1.401927295319183e-05;2.8434367943025958e-06;2.0761708557612026e-06;4.237972907964222e-06;4.506728367842594e-06;5.650194844183485e-06;4.677435023224945e-06;4.631857093586347e-06;4.070838154871989e-06;1.8876568557821378e-06;4.040990743421009e-06;3.8798154802654745e-06;1.4652214914245701e-05;3.86233953669276e-06;2.3424848725167238e-06;7.722207719442281e-05;9.171854951461978e-05;4.292339390821227e-05;6.019330075298215e-05;6.080869730569749e-05;1.8317163604004372e-05;7.090811089598962e-05;3.0901084281241526e-05;3.7000926958474207e-06;5.299584674879709e-06;7.342825503617095e-06;7.576379209664075e-09
00:09:02;279;3.6948979436472613e-06;4.603151013080732e-06;5.391330747594192e-05;1.7950416826486368e-06;3.9469174997399454e-06;5.332701528521449e-06;5.8689709609376966e-06;2.0636987851122255e-06;1.7351675973225673e-06;1.6635974331435932e-06;5.098540524076353e-06;3.7094019705560557e-06;6.837075339014766e-06;4.9586410849723386e-06;1.3290196590112011e-06;2.434957240485012e-06;5.0993443368543584e-06;6.839337028038786e-06;7.262198409932088e-06;3.1628534517511967e-06;2.223442461572516e-06;2.169467747299228e-06;6.225508882437945e-06;4.657384386495945e-06;7.285867704462062e-06;6.135123172337248e-06;1.7423252320959018e-06;5.062567593901679e-05;0.00013888156602124904;8.076511400699215e-05;0.00015060164898651998;6.497216836705999e-05;2.098277566341731e-05;7.290388683431309e-05;4.9460875002977305e-05;2.756001909020566e-06;6.850083887796562e-06;8.146720119132517e-06;1.3172973807770903e-08
00:09:04;280;3.1813470125738066e-06;4.014684210705116e-06;4.9673873968948505e-05;1.94324769027658e-06;3.6071588143923607e-06;3.855022683942686e-06;5.050330049272134e-06;6.971132789407813e-06;1.8104462276821467e-06;1.360681435726783e-06;4.282975572099769e-06;3.3434867227167717e-06;1.955632431589875e-06;2.780055283353859e-06;1.2159934358829167e-06;2.5412870086314152e-06;4.661550611914047e-06;5.239903056106046e-06;6.3574108440385504e-06;8.059464499074008e-06;2.3128589064762757e-06;1.8209912884484294e-06;5.328362962982398e-06;4.171382894888159e-06;2.3626377835079195e-06;3.7553787346433074e-06;1.5649801065293e-06;4.319576002884202e-05;0.00010890688615884897;7.964458051101918e-05;0.00014970182341599174;6.141388807194601e-05;1.2834903854669535e-05;7.44123811078554e-05;4.926222064086997e-05;4.4382788460871e-06;4.4273275206372735e-06;7.84261420245191e-06;5.823268162838061e-09
00:09:06;281;2.7920198445744147e-06;3.628337066678612e-06;4.2578405811208325e-05;1.5277637659203627e-06;2.9076048376259163e-06;7.4542481375384675e-06;3.6787530113067324e-06;2.0289417950181132e-06;1.7400082326898572e-06;1.1883678303222083e-06;3.5932608749466124e-06;2.3553205958522354e-06;1.5945481874688674e-06;2.831193656728136e-06;2.604226233771101e-06;2.1626694283843824e-06;3.906549109966432e-06;8.774237300448349e-06;4.767528316388283e-06;3.1997390613446155e-06;2.302431864877632e-06;1.7496258050690629e-06;4.6118247777071065e-06;3.3178927096051218e-06;1.9818460331511164e-06;3.854053141977498e-06;2.911646623067986e-06;6.700048199824823e-05;0.00011968822613447022;5.0752139336258695e-05;7.450092118623906e-05;5.476578490080772e-05;2.2020850695791235e-05;6.536618207782174e-05;4.175750542675267e-05;3.513340402369788e-06;3.860983033687447e-06;7.700751542555538e-06;1.3702999497591662e-08
00:09:08;282;2.747783386845206e-06;3.6077464404956164e-06;4.152381185164229e-05;2.0110133101396017e-06;3.060611152960746e-06;3.677473002803502e-06;3.2340910090573e-06;2.0321066844595426e-06;6.586439389040648e-06;1.0691259342075134e-06;2.5482641953738554e-06;3.3435726344389525e-06;1.5984043066907816e-06;2.429623963835907e-06;1.3826741059571903e-06;2.675656780491961e-06;4.087906886582724e-06;4.919855125737303e-06;4.531083950956899e-06;3.223192208414603e-06;7.203748282336164e-06;1.5865945913360577e-06;3.534903136156411e-06;4.2783309035706835e-06;2.020994315898861e-06;3.4590716639493485e-06;1.771618268390693e-06;4.600145771300284e-05;8.932668473201922e-05;4.677431365716395e-05;0.00010754237991218985;6.621656262183693e-05;3.216650518221653e-05;6.570857573664513e-05;2.726817147887578e-05;3.761606117121498e-06;5.845400678225758e-06;7.656791355462484e-06;1.7293034947431603e-08
00:09:10;283;3.843547092879424e-06;4.699530494736457e-06;4.9802309735997676e-05;1.803067021426004e-06;5.222067886152941e-06;4.220625944255247e-06;6.020942687776844e-06;4.843806528239983e-06;6.025140004533631e-06;1.6163734975937028e-06;3.676644891728839e-06;3.5077325202854066e-06;1.8541426507277172e-06;2.771994859106609e-06;4.560025203013331e-06;2.41948586928537e-06;6.352939411194308e-06;5.557996318306254e-06;7.337441154130472e-06;5.870218233845847e-06;6.682113807177233e-06;2.094096392347292e-06;4.701976321703574e-06;4.662757948861764e-06;2.293325339790879e-06;3.7809811544056046e-06;4.64103207901598e-06;5.6650508643743716e-05;0.00012953728425023188;5.6358693389494386e-05;0.00013156149260936756;7.555487382727915e-05;3.9189863280952e-05;6.462338507616729e-05;3.016804794148353e-05;3.25618863720552e-06;2.9315656512105436e-06;7.786976928081252e-06;8.83659675537617e-09
00:09:12;284;2.7181396902165034e-06;3.5994685593415186e-06;4.3092232508597574e-05;1.779860299548504e-06;2.5591419364251973e-06;3.6473730545726437e-06;3.3186306423712866e-06;2.1201904879833675e-06;4.261642507492008e-06;3.782427723435107e-06;2.5693553590984535e-06;2.913586326707735e-06;1.6610667076962087e-06;2.701126768882163e-06;1.3032735481517803e-06;2.3756732746192084e-06;3.552447392566931e-06;5.030288628956983e-06;4.746493779080831e-06;3.1688310610673086e-06;4.919724158500248e-06;4.333725120334206e-06;3.5184645605136497e-06;3.893209634641815e-06;2.0812537896641584e-06;3.8783542820481995e-06;1.6951559421648175e-06;5.4185235336489103e-05;0.00010055759018874758;5.9758643439705115e-05;0.00010410928311909172;5.506894438825651e-05;2.7207203589117535e-05;6.297262742098425e-05;3.806944686565614e-05;3.6233037997520823e-06;3.827796464990988e-06;7.703866365639491e-06;2.28491247404485e-08
00:09:14;285;3.0200005050253575e-06;3.872126991972195e-06;4.6430739014034966e-05;2.183820104145246e-06;2.7807181399517522e-06;3.4929617031503373e-06;2.769717359382443e-06;2.8202735406843904e-06;1.713648751465836e-06;1.0380173569175937e-06;4.608681912866462e-06;4.430337687660375e-06;1.6454166179871974e-06;6.022301464786944e-06;2.7341105219846895e-06;2.846229453777446e-06;3.825640133187864e-06;4.88684614089224e-06;4.060544358564377e-06;3.9477493926456135e-06;2.2253659838647362e-06;1.54706756880335e-06;5.622646042440143e-06;5.3172940498151996e-06;2.0471606943299524e-06;7.0892075758751204e-06;3.0497708120826327e-06;6.013972023458365e-05;0.0001253738916362756;6.509625875397798e-05;0.00011617831535545133;5.814775420738372e-05;1.5798443097248465e-05;6.331065542396341e-05;4.042204476381645e-05;2.4788576849836923e-06;2.6209718919920913e-06;7.586502526894224e-06;1.5452591848737712e-08
00:09:16;286;3.1716967334525426e-06;4.06394217896354e-06;4.063082258621017e-05;1.98962220807821e-06;2.7598421179094017e-06;3.1433892647602204e-06;3.875172458962921e-06;4.103271906979506e-06;5.504659934016135e-06;1.689686595004761e-06;2.48352363579391e-06;2.7229855104464336e-06;1.6285780459151573e-06;5.920893661097311e-06;2.238734565487086e-06;2.646682099721953e-06;3.777480644571427e-06;4.595329125515514e-06;5.2031027044455485e-06;5.368428213542653e-06;6.13829848888703e-06;2.2199962767778824e-06;3.470552368111661e-06;3.676110745340039e-06;2.156763486387326e-06;6.911647866402319e-06;2.602912553512293e-06;4.7474214935205376e-05;0.00012939453635348817;5.430493724360156e-05;5.844641374043143e-05;7.311809985451597e-05;8.188711973702391e-06;6.558019509455117e-05;3.506474815066485e-05;3.82223754129381e-06;4.463604819347409e-06;7.702587582266539e-06;9.58374545318625e-09
00:09:18;287;3.11922047237865e-06;3.951028734090984e-06;3.675087503420257e-05;1.788400961059851e-06;5.733293895880045e-06;3.273960878725678e-06;3.929892416982222e-06;2.6113038010710068e-06;1.5862538238890651e-06;1.1941518222742657e-06;4.011916395540993e-06;2.6418403114418383e-06;2.859614894132082e-06;6.333920922297796e-06;1.4660946589276334e-06;2.4364022332911536e-06;6.706206252751651e-06;4.695245942906395e-06;5.1098272245936535e-06;3.6510193982808864e-06;2.119875697316493e-06;1.6648099268664577e-06;4.972655342729162e-06;3.562293254099477e-06;3.350906572910689e-06;7.329377476247528e-06;1.8137239185077156e-06;4.760420657444833e-05;7.170675537656252e-05;5.25041038515314e-05;9.041277019635864e-05;5.532826468035696e-05;1.2940936885565132e-05;6.38038956155901e-05;3.156799025855317e-05;3.82878380677503e-06;3.843228397340398e-06;7.457476247368971e-06;1.208851998019336e-08
00:09:19;288;2.5341866457427966e-06;3.3640605803916916e-06;4.216346083884731e-05;1.8085066404438521e-06;2.953294524811089e-06;3.4102740975392654e-06;3.5604715116412744e-06;2.893532300066423e-06;2.2525617416588064e-06;1.0253521735105087e-06;2.6103075592748777e-06;3.0149688628517364e-06;1.8910246243241213e-06;2.685795030256021e-06;2.3041497316194697e-06;2.353803835566269e-06;4.079242271588175e-06;4.820855542387603e-06;4.770724487996953e-06;3.948444963256568e-06;2.806037451027575e-06;1.5159357601561756e-06;3.619323057493971e-06;3.906965848497599e-06;2.222983326485323e-06;3.7081714063914878e-06;2.6162377381135942e-06;5.999634887665255e-05;0.00012401045846251443;5.481535695136059e-05;7.623879396181084e-05;5.84823599933066e-05;1.4498802405819804e-05;6.654326139179187e-05;3.8126663943905253e-05;3.452423691448397e-06;2.5630815681751513e-06;7.224007153693386e-06;9.971665688809504e-09
00:09:21;289;2.6763480863420144e-06;3.537580420890686e-06;4.336609746024034e-05;1.516149998841017e-06;2.356835569534093e-06;4.406390516787827e-06;3.1245053422940767e-06;2.5042038656860912e-06;2.380511473115183e-06;3.0178841542135872e-06;3.553089411861327e-06;3.1505499280952294e-06;1.6758909460986873e-06;3.161195914167727e-06;1.2689690022811688e-06;2.1054107388477813e-06;3.4171700917795533e-06;5.9209694053249765e-06;4.506794513435114e-06;3.557475751325841e-06;2.9155171144834008e-06;3.5289714649571822e-06;4.62077286723383e-06;4.0451336184260874e-06;2.0459203018548625e-06;4.172472411977928e-06;1.6143558453573928e-06;6.85054818966997e-05;0.00011907635136447398;5.232681919526097e-05;6.411437627278046e-05;7.146365057846189e-05;1.4358009103799852e-05;7.591139495387406e-05;3.796242489641073e-05;4.22083907110075e-06;4.647703795955543e-06;7.786850694910824e-06;1.9267699155388698e-08
00:09:23;290;2.909145935218889e-06;3.7589230239835254e-06;4.829088334877624e-05;1.5610265981665221e-06;5.182785206094629e-06;3.5358286118800852e-06;3.5262638016836885e-06;1.8226824350426278e-06;3.5520888270342126e-06;1.1725284067918487e-06;2.4919668691387127e-06;4.016968065330544e-06;2.410949764033241e-06;4.518152354713513e-06;1.1185093373520452e-06;2.1893118136050144e-06;6.389441526302614e-06;4.955033874247869e-06;4.843665056462589e-06;2.9144383026643388e-06;4.030394606322457e-06;1.7080191286414114e-06;3.49975322093041e-06;4.790804093283464e-06;2.868055425603381e-06;5.398603351048085e-06;1.519554619787264e-06;5.635019334792378e-05;0.00010375727388636296;9.272175824664247e-05;0.00013410611331988022;6.384588928615553e-05;8.68868023028812e-06;6.50734098433609e-05;3.756855142845959e-05;4.007056238263026e-06;5.777602811522725e-06;7.583534151902823e-06;1.0537394552574932e-08
00:09:25;291;2.840594748350482e-06;3.6922908892145506e-06;5.350892222581031e-05;2.118313070166199e-06;3.428877210609471e-06;3.194464008386562e-06;3.1408306509141748e-06;4.9896562618233595e-06;1.6616966255514596e-06;1.051321482032302e-06;2.8807534567091992e-06;2.5149223498873012e-06;4.324937068841709e-06;3.51691999934577e-06;1.2644438350907128e-06;2.7099908156512207e-06;4.515211581816356e-06;4.566004699421383e-06;4.425738184124119e-06;6.101791360045274e-06;2.174000391151603e-06;1.550764485601357e-06;3.913774625162441e-06;3.3654142020790045e-06;4.8970171554151134e-06;4.425520250773429e-06;1.6622621595022884e-06;5.353037896629341e-05;0.00010961283377611199;9.970974328595971e-05;0.00017140951965323415;6.25402688592021e-05;1.457245253752576e-05;7.090254016510644e-05;4.297333170335329e-05;3.7969214663628034e-06;5.56106169211303e-06;7.4793355215350835e-06;1.8679082926167812e-08
00:09:27;292;2.403291493248038e-06;3.276057075801205e-06;4.472488571569738e-05;2.1166438903819085e-06;3.4359105046374596e-06;3.1245003497624357e-06;2.9612203310850047e-06;2.488602907584953e-06;1.6576903999779544e-06;1.5426349900916525e-06;2.47830081741411e-06;2.5852096198713586e-06;1.404023073076582e-06;2.4646201453037975e-06;2.5801399715742366e-06;2.7204831825702635e-06;4.5521126369898915e-06;4.57353706546592e-06;4.313452794271649e-06;3.6190601070336903e-06;2.1661307018688074e-06;2.1309164632776065e-06;3.4118619756163407e-06;3.6234966898254114e-06;1.7803737450719117e-06;3.5262034797125138e-06;2.8950555847413968e-06;4.6321191903525825e-05;0.00010975881568507957;7.458151248166879e-05;0.00010982673541640674;6.506319539565033e-05;1.1272376663801784e-05;6.652154887352761e-05;3.830514089398589e-05;3.840839288099451e-06;3.367798625215072e-06;7.816103216371759e-06;2.3370145036013664e-08
00:09:29;293;2.4993241063823874e-06;3.3832082529362555e-06;4.996850816675718e-05;1.5079332979052074e-06;4.098104267410721e-06;3.118481632278438e-06;2.7258906353143755e-06;2.252175615941548e-06;1.924472120087082e-06;2.635653226980914e-06;2.454945582900078e-06;2.238282779646025e-06;3.203276676961247e-06;2.4779108424930674e-06;1.3547617897816364e-06;2.0602413464582207e-06;5.206740545101546e-06;4.383694880444533e-06;4.022227879236025e-06;3.537448708213353e-06;2.5261078111656435e-06;3.2093806779973616e-06;3.4755981871541415e-06;3.230198841910224e-06;3.774909983700196e-06;3.4595481499504956e-06;1.712401405821086e-06;5.51481081211618e-05;0.00013915150130330137;8.60761114485937e-05;0.00010410514213369298;7.166935321263328e-05;9.616770626531627e-06;7.605659781301956e-05;4.20967791344905e-05;3.6704141702550247e-06;4.735373034038943e-06;7.288099346980246e-06;7.847656387101956e-09
00:09:31;294;3.7817067544536216e-06;4.707475955577058e-06;3.991334560256481e-05;2.5808979809870505e-06;3.042293633176934e-06;1.1608409024497426e-05;3.3307624353152607e-06;6.6283754559425354e-06;1.7635429175170843e-06;4.051690581909704e-06;2.574516442295631e-06;2.6069510760219248e-06;2.819267081283721e-06;3.0876949254380035e-06;1.2860780243590335e-06;3.278327741571945e-06;4.148836918415604e-06;1.33801764558818e-05;4.6953566997896665e-06;7.773312178489758e-06;2.327662609268718e-06;4.486457123963606e-06;3.625728227176941e-06;3.568196176919501e-06;3.3695405795409483e-06;4.098417286536748e-06;1.7376975956952414e-06;5.4042294650557346e-05;9.95846326704568e-05;5.408516836299492e-05;4.107846173553008e-05;7.31544936716494e-05;2.772113429161796e-05;7.086671232406965e-05;4.001664732702392e-05;4.553127380349878e-06;6.11246293255765e-06;7.726146096291877e-06;1.8865787678243865e-08
00:09:33;295;2.9649143326340974e-06;3.7910648948530286e-06;4.935668372397243e-05;6.078815607808834e-06;3.376876787409732e-06;5.477909836121791e-06;2.8889808752939996e-06;2.4630773892394844e-06;2.2806345492524955e-06;1.2573485487524492e-06;2.872889894140423e-06;2.9058571985015904e-06;1.5393127289184152e-06;2.8308512195384208e-06;1.6064165160110313e-06;6.5964679632526e-06;4.398411417092069e-06;6.702151535413393e-06;4.150595026358939e-06;3.655108523875979e-06;2.664832645159895e-06;1.7802107239029144e-06;3.9608482951090206e-06;3.7959785407145297e-06;1.937822572426164e-06;3.859714740739739e-06;1.990635750077292e-06;6.737245001782187e-05;0.00012085235480830753;0.00010044066069498735;0.00010727067888879512;7.114610307334074e-05;6.957752432759588e-06;6.130353780986602e-05;4.3617280525159504e-05;2.924222089978212e-06;2.6281410051173364e-06;7.749932832703312e-06;1.7090508832664323e-08
00:09:35;296;3.051156826023254e-06;3.957597438692332e-06;3.5511470364163965e-05;1.8872793443591718e-06;6.481270001498532e-06;4.874405177833875e-06;2.9431012436020865e-06;1.8083873324056556e-06;1.6523646958981948e-06;1.087101384790078e-06;4.937078786197575e-06;5.1027970238754445e-06;1.3385171149238317e-06;3.3357442086929208e-06;1.1658347090139707e-06;2.619530362930555e-06;7.71305708958262e-06;6.712931206240245e-06;4.228657727955717e-06;2.899473754582629e-06;2.124339768578224e-06;1.6500011614120518e-06;5.928084042755506e-06;5.986170717848456e-06;1.7880806679017893e-06;4.302445343950516e-06;1.5383960534494737e-06;5.484949102499072e-05;9.256238849370244e-05;4.60429681784745e-05;4.057285734991066e-05;6.771421724565936e-05;1.446415292429043e-05;6.26939751887947e-05;3.06782523579008e-05;3.962249545598543e-06;5.383172889441665e-06;7.190519685622433e-06;2.3399485581333173e-08
00:09:37;297;2.121655016845187e-06;2.9569635651430966e-06;4.663470019767018e-05;1.8724031238612973e-06;2.4176300918393228e-06;2.9779578450860424e-06;3.066937559026428e-06;2.3999718249905815e-06;1.5165371827824907e-06;1.2603463081265174e-06;2.376230221721378e-06;2.126790684413167e-06;1.7479505703864684e-06;2.394689097684477e-06;1.3024148867269891e-06;2.5302249972626186e-06;3.418749815000986e-06;4.349227745340705e-06;4.258423149610591e-06;3.5767635335439162e-06;1.9900851729968813e-06;1.7601856944145742e-06;3.4226220405004444e-06;3.0411025850126068e-06;2.120494453760606e-06;3.339591437078168e-06;1.676091381174461e-06;5.95659587639582e-05;0.00011452053647702206;7.57313769814843e-05;0.00010228692652365812;6.463412714057136e-05;1.5074396826208717e-05;7.863341152081552e-05;3.418969453345849e-05;3.56743581642307e-06;3.908251181006387e-06;7.492832879128549e-06;1.1453728307189891e-08
00:09:39;298;2.7378020865336854e-06;3.6042986353037767e-06;4.735220452564568e-05;4.620774445901981e-06;2.479150672711357e-06;3.2741632526009115e-06;3.184301274540179e-06;2.0717858599603933e-06;5.1404012085304824e-06;1.310164676304737e-06;2.416096432094667e-06;2.3000106922052312e-06;2.053602997875714e-06;2.6558971229142325e-06;1.347275394520347e-06;5.303132040146149e-06;3.4946711688853957e-06;4.632058861819973e-06;4.488849000050392e-06;3.209486249897388e-06;5.822017158871985e-06;1.8236859269748066e-06;3.4158138941499682e-06;3.216967242442939e-06;2.463037788667079e-06;3.6955561047105656e-06;1.6863071127600166e-06;4.069623537265963e-05;0.0001183353926128947;6.212578999581065e-05;0.00012041442675940718;6.784446632179284e-05;2.4156114583683654e-05;7.446457183850175e-05;4.470251299564618e-05;3.936274290844914e-06;4.004102832782142e-06;7.541134128881335e-06;5.432574843324454e-09
00:09:41;299;3.450663267366074e-06;4.302230452802039e-06;4.209419285696225e-05;3.267613103087218e-06;3.3407647909458857e-06;3.4428895448518855e-06;5.663330207542313e-06;4.985301965182936e-06;5.014637291754877e-06;1.5457439372115997e-06;2.958398848401151e-06;3.548291030371202e-06;1.917176040387083e-06;2.778262728400901e-06;2.9455487910597227e-06;3.903520273870296e-06;4.372978761999041e-06;4.903221190056971e-06;6.750223643462913e-06;6.281634525777596e-06;5.58132303266103e-06;2.087222234238169e-06;3.974578493386927e-06;4.402320652693964e-06;2.3148760664287095e-06;3.7992208432759852e-06;3.2556442248923176e-06;6.724918378356688e-05;0.00011058974401140054;5.698736378119426e-05;4.732855738378349e-05;8.5588288278228e-05;8.581456183563626e-06;7.823092990727758e-05;3.272660662157516e-05;3.4573079980177724e-06;6.021997464591774e-06;8.357029743607838e-06;1.18491267399158e-08
00:09:43;300;3.1608200049245996e-06;4.052210077226178e-06;4.3605989441189706e-05;1.8545772013050572e-06;2.5577621446292267e-06;4.4419662269231965e-06;3.138281740498108e-06;4.342125732586572e-06;1.8528403340893491e-06;1.1754449654430035e-06;3.031614251272882e-06;3.0579510986425165e-06;3.3844149730813653e-06;7.76593013282226e-06;1.3269304016784067e-06;2.4744045714226247e-06;3.5896528219428213e-06;5.8768775051237156e-06;4.479985893593476e-06;5.501206248792889e-06;2.3362836196047052e-06;1.694349935584071e-06;4.101442775347003e-06;4.051171336419729e-06;3.829993849787478e-06;8.953686643462213e-06;1.73746397715863e-06;5.559108844026554e-05;0.00010425691395772302;5.046684905805136e-05;9.641337355348338e-05;8.070681514873555e-05;1.3285235940707246e-05;7.296877990187054e-05;3.319417185741362e-05;3.9059844654429155e-06;4.555534167369867e-06;7.908586694885997e-06;1.854010832749445e-08
00:09:45;301;4.078033915081133e-06;4.934248627711285e-06;5.871999753360426e-05;2.5309645847409517e-06;5.644108946515044e-06;9.735811931028076e-06;4.386472373854841e-06;1.9739083012963605e-06;7.787693198999726e-06;1.974188878716244e-06;3.221339976181267e-06;2.450980945958101e-06;2.4441900852358667e-06;3.7692395667673653e-06;3.0175063987704997e-06;3.0677730264178997e-06;6.990377152783655e-06;1.107843524286055e-05;5.508256130776283e-06;3.1267316047243313e-06;8.344207845432639e-06;2.503982581045052e-06;4.175932383100477e-06;3.3736624296764176e-06;2.776150517570674e-06;4.8365653537409425e-06;3.428907900883984e-06;6.0505752051275574e-05;0.0001558537354031426;0.00013950549119277547;0.00015496407444823775;5.7136610961072244e-05;1.6405032870143906e-05;8.076704374435725e-05;2.59588345413325e-05;4.048146263846746e-06;2.2669087038085567e-06;7.2205524334026605e-06;7.787789855809384e-09
00:09:47;302;2.8391247988550234e-06;3.6847728793711925e-06;4.113697968227054e-05;4.8689792354717944e-06;3.723471510271152e-06;3.939871166768295e-06;3.2023230900144673e-06;2.0583032228929907e-06;1.471796736525603e-06;1.3248185108949428e-06;3.4425488270141034e-06;3.175827594762123e-06;1.7476517006090573e-06;3.590317319567372e-06;1.523587829636726e-06;5.5174789682910795e-06;4.8066974556339905e-06;5.2908070054261864e-06;4.426238175958271e-06;3.196606001760693e-06;1.9921163509681283e-06;1.8211007113101995e-06;4.429421960018852e-06;4.115029569911252e-06;2.171786006121831e-06;4.550108804300802e-06;1.899882235354394e-06;5.693745551999095e-05;0.00012078458931899649;5.969416736733565e-05;7.440005968441708e-05;6.132056205551316e-05;8.202459049228568e-06;6.797714859975432e-05;3.0283991075184984e-05;3.563578704752339e-06;3.181956908833581e-06;7.276659944051321e-06;2.1127959188176306e-08
00:09:49;303;2.7267933566060325e-06;3.5983361233118993e-06;3.761186146879597e-05;1.5912863087017761e-06;2.262506308041297e-06;4.326206367851042e-06;6.617274310242878e-06;2.4302361261163696e-06;2.8185693258949e-06;1.8332780282938963e-06;2.6595437249648573e-06;2.278586288539941e-06;1.4921461046151825e-06;3.3662480131045993e-06;1.045638493528274e-06;2.2356155185765533e-06;3.2911799335239795e-06;6.0632730333342315e-06;7.719840486740246e-06;3.608590019856693e-06;3.2900656787539528e-06;2.3288681819118394e-06;3.6408568973191777e-06;3.2903691808775264e-06;1.8426840041902785e-06;4.4425472982697144e-06;1.426142065448587e-06;7.201244194002487e-05;0.00010769400930232503;4.258964339418038e-05;2.9125371752121403e-05;5.947521153772593e-05;2.324813772926215e-05;6.881562789576106e-05;3.324571119502781e-05;3.2351973031200576e-06;3.902070532693778e-06;7.988278859544589e-06;1.0636183764510804e-08
00:09:51;304;2.5971803083926015e-06;3.4356612789601567e-06;4.9906779621293345e-05;1.978986472230624e-06;4.489496999130179e-06;2.984435391504483e-06;2.8521323058457297e-06;1.910838458776063e-06;1.5715216779616463e-06;1.8165404119101098e-06;2.358483725247011e-06;2.265964687159732e-06;2.541284148772537e-06;2.419054414559696e-06;3.977424045070228e-06;2.544155175005299e-06;5.614339270438524e-06;4.401369070837052e-06;4.092448684384146e-06;2.973501933365121e-06;2.0521926579689697e-06;2.3330892000685016e-06;3.345702444227144e-06;3.2461770808390897e-06;2.908392841014068e-06;3.43164733058535e-06;4.2849185060904236e-06;6.192946381831399e-05;9.450362999482198e-05;9.155031791234665e-05;0.00014129603326827516;6.538377797835072e-05;1.2935729778874313e-05;7.513459038027408e-05;4.123434353271426e-05;3.789954818755605e-06;2.6870838924303458e-06;8.42320514392542e-06;1.3224936437899668e-08
00:09:53;305;2.767203677675215e-06;3.6494729291790246e-06;4.654912623680952e-05;2.0347025845201085e-06;3.2531582512262958e-06;3.1198311815992175e-06;3.3555585952688656e-06;1.9164487935990398e-06;1.6290460944645702e-06;1.3530720639678215e-06;2.2953294810693334e-06;5.615729325760619e-06;1.4028777478681709e-06;4.7373761227411455e-06;2.4933129627994917e-06;2.681460912328153e-06;4.361895345845127e-06;4.571367373754111e-06;4.79292685679555e-06;3.104244754041834e-06;2.128819834426763e-06;1.941590996086487e-06;3.301253109729939e-06;6.516085768107817e-06;1.8646522586913065e-06;5.702721815580418e-06;2.826654916658253e-06;6.656685623309082e-05;0.00011424822131150107;5.912971717160189e-05;0.00010214124668479955;6.542689530198322e-05;1.4921372099769869e-05;7.40777848344236e-05;4.573095430141768e-05;5.156651917368321e-06;3.658472778892085e-06;7.521911509352109e-06;9.430697514043091e-09
00:09:55;306;3.0381057879548155e-06;3.871472538580574e-06;4.804423768512749e-05;1.490880911250966e-06;2.371864250217858e-06;6.98458346900824e-06;2.968615479820807e-06;2.1964124744432536e-06;1.580839032122583e-06;1.1888487960137246e-06;6.43886615718388e-06;3.378054482280649e-06;1.8175823634048915e-06;4.136591657493744e-06;1.9041294877811508e-06;2.127176974716326e-06;3.4765263034721183e-06;8.222380483282076e-06;4.163044215740136e-06;3.4667014912734377e-06;2.1285052255308663e-06;1.748807812441843e-06;7.3908809847839445e-06;4.216489883277328e-06;2.200079502702615e-06;5.101151301356436e-06;2.215925538229949e-06;5.563577618861963e-05;0.00013332231144445666;8.930454182136564e-05;0.00010590546830942264;5.6657584413243815e-05;1.1075000541142455e-05;6.362039358659031e-05;4.771448858353618e-05;3.6794845012366005e-06;2.3996123627230197e-06;7.174909306334632e-06;4.128116285805884e-08
00:09:57;307;3.276820043913114e-06;4.1157775659842085e-06;6.469329471447152e-05;3.8770025560872705e-06;3.349848496854561e-06;5.397055078404378e-06;5.189980208345188e-06;2.701934423915924e-06;1.805670703059935e-06;1.319222866704515e-06;2.3103733315175323e-06;2.4005473744572536e-06;3.256264677534401e-06;6.017353773237553e-06;1.6965859982353104e-06;4.490221018858381e-06;4.429307098896832e-06;6.6431238383877745e-06;6.567719693417599e-06;3.7883854529469847e-06;2.3567106856855295e-06;1.8192407104592508e-06;3.2767286196344053e-06;3.3072141797697727e-06;3.6008198540463426e-06;7.108067643745431e-06;2.0017905165942363e-06;6.864701542206439e-05;0.00011129802244800551;0.0001755291726236228;0.00022263682867827583;6.328054606728644e-05;7.036149761259106e-06;7.484133451016503e-05;3.849587784642654e-05;3.2218891808224065e-06;3.242672855931389e-06;8.066894383322554e-06;2.3132796476323354e-08
00:09:59;308;3.0491623897303684e-06;3.868914414921118e-06;3.677965641755397e-05;1.9566204826046176e-06;5.319571368289644e-06;3.313477814388803e-06;5.06052721182083e-06;2.3234657785632282e-06;2.9270385393041143e-06;4.098881763458063e-06;2.752130137198802e-06;2.967196197189992e-06;1.8124485421176153e-06;2.783815357948976e-06;1.2747745814904605e-06;2.5003392747864e-06;6.379450044882612e-06;4.72442116581907e-06;6.134600425866665e-06;3.4006659317830918e-06;3.440281883326228e-06;4.492508550575172e-06;3.76922368179547e-06;3.9063568583284755e-06;2.2390069307796612e-06;3.8152638894586475e-06;1.6248530234602358e-06;6.235051017843903e-05;9.683454387042844e-05;3.796631169732028e-05;2.9613451459176377e-05;7.58086188501199e-05;9.515279119778676e-06;7.037226488953547e-05;4.222189927649835e-05;3.5552733604092867e-06;5.362389357685168e-06;7.746647651420742e-06;8.687299835795933e-09
00:10:01;309;3.383561360627916e-06;4.25026684141916e-06;5.035257590417136e-05;4.509652763056755e-06;2.9637588230067213e-06;4.695803493926963e-06;3.589976390504613e-06;5.0608213106267446e-06;3.1541482432764023e-06;4.9315566198774006e-06;2.3427753821762694e-06;2.587702923858873e-06;2.9224390698927167e-06;2.4844508094448967e-06;1.3596496873027129e-06;5.104124307141733e-06;4.01401494060867e-06;6.070304682251372e-06;4.679328927937327e-06;6.282868335928688e-06;3.747409661478235e-06;5.468856946933982e-06;3.379145037866646e-06;3.5136848147218026e-06;3.4504853978939502e-06;3.534073610790995e-06;1.7589035590827745e-06;6.227995365195514e-05;0.00012094459096788369;0.0001171131863097758;0.00011934862598861928;4.6544764783765634e-05;7.423244112345285e-06;8.00001399622955e-05;3.6020464621786754e-05;3.4178573671240166e-06;3.3950703791449834e-06;7.722373125915961e-06;2.0639579444062316e-08
00:10:03;310;2.5089469905284742e-06;3.3889319793967e-06;3.9092706834743e-05;2.4674859986362208e-06;3.9141971558106805e-06;3.285193099535697e-06;2.711169685198911e-06;2.651883770677831e-06;1.896890819934201e-06;1.2389684335448434e-06;2.150050445399126e-06;2.7478600900950183e-06;1.8634908977526783e-06;2.1992480932133485e-06;2.9809244927812206e-06;3.115410606104761e-06;4.967243233329986e-06;4.7890711921584775e-06;3.972128907558796e-06;3.835236932762292e-06;2.4067520742599163e-06;1.785591997546201e-06;3.157704748998726e-06;3.680139671595947e-06;2.357124907276453e-06;3.281595825142234e-06;3.3191829631125326e-06;7.159905649453188e-05;8.436729069944764e-05;5.819124964160412e-05;5.3129169576926475e-05;6.0752601531103754e-05;1.4910843507710756e-05;7.320326340202045e-05;3.483129719254969e-05;4.4017015112926e-06;6.030482427243836e-06;7.687079585835754e-06;8.446446648924428e-09
00:10:05;311;3.294335062520304e-06;4.128685042838075e-06;4.0230649232833475e-05;4.143833764851996e-06;6.592581527151899e-06;3.445820012679881e-06;3.318140981049696e-06;2.6268497001844726e-06;1.6613915129294232e-06;1.0569473131463978e-06;2.5539717747526747e-06;5.438865638751622e-06;1.6101704685537883e-06;5.908386221488048e-06;1.1750609164483772e-06;4.845248184532857e-06;7.709531335514171e-06;4.882811498634821e-06;4.568010756918715e-06;3.7402362033413114e-06;2.210200457600969e-06;1.6187060106824016e-06;3.5957786904079132e-06;6.123208244895943e-06;2.0314433479856973e-06;6.739138457248108e-06;1.4799064743622497e-06;4.2790030282745524e-05;0.00011805667418842387;4.471034298267509e-05;7.351857400295905e-05;6.391961188727376e-05;1.7764837478967378e-05;6.897040451247419e-05;3.773297069088477e-05;3.413283667265531e-06;4.339516790062989e-06;7.5431397847359515e-06;8.40452553355629e-09
00:10:07;312;3.6368307127852195e-06;4.503626380742217e-06;4.5303146186081615e-05;1.7212032785707265e-06;2.910682994829792e-06;3.419020272394329e-06;3.3936403625034472e-06;3.5650691496287705e-06;2.8060867992058487e-06;1.4136493021833407e-06;3.455382457091942e-06;2.368382064203574e-06;2.174375223873426e-06;1.5159111751731045e-05;1.25536357842293e-06;2.4188020702988782e-06;4.00374462710888e-06;4.670969710326672e-06;4.4977929378489265e-06;4.795379899279178e-06;3.330257102996118e-06;1.900862838295014e-06;4.3799216171787e-06;3.3140929472325826e-06;2.6177645372339197e-06;1.6475282089093618e-05;1.6386438866177314e-06;6.281040778961149e-05;0.0001285108086048256;6.501920004729059e-05;7.783942736303768e-05;7.923448621936931e-05;1.0077087097889924e-05;7.079361353690348e-05;3.434564234701822e-05;3.0959794469424227e-06;4.120089616363048e-06;7.768860203916079e-06;2.2151959811549475e-08
00:10:09;313;3.864384266320671e-06;4.737342351290863e-06;4.222174283145282e-05;2.5294390293014017e-06;2.910825489653813e-06;6.551627040804223e-06;3.473673848927464e-06;8.493389751022692e-06;1.797838649347289e-06;1.2251164341589318e-06;2.6009484888269507e-06;2.3965970199087265e-06;2.337245710425474e-06;8.503318813847148e-06;3.5525894581667217e-06;3.2823214277863073e-06;3.999126316626597e-06;8.251535337542837e-06;4.776234408370639e-06;9.6471490917482e-06;2.257039787315379e-06;1.7654248656267728e-06;3.5732778778304847e-06;3.3985493534106076e-06;2.758013346165977e-06;9.408477943665436e-06;3.7309566260209746e-06;5.9538197808546925e-05;0.00010588186919178236;5.538808280730656e-05;5.6746606843364705e-05;8.27526025895462e-05;1.3117295379823153e-05;7.749492312576259e-05;3.890580644733331e-05;3.6781635084276567e-06;5.516887725449887e-06;7.63292018445251e-06;7.558365638031177e-09
00:10:11;314;2.6770553680095914e-06;3.5172098607658937e-06;4.411208747652408e-05;1.8033409290296731e-06;3.19529778830036e-06;3.089355019883752e-06;2.780086821923595e-06;2.010890454878284e-06;1.5444405709078266e-06;2.4053304330125385e-06;5.855768861160661e-06;3.0019864238087477e-06;1.6196081591827878e-06;3.5218428105953206e-06;1.296715221906068e-06;2.397287158612615e-06;4.24288765040003e-06;4.388606502968137e-06;4.200808502267862e-06;3.0524514253948273e-06;2.0432566408331533e-06;2.819312169465982e-06;6.898794288622124e-06;3.869869280744659e-06;2.0544492093029454e-06;4.568706324651522e-06;1.6700884045832614e-06;6.657130506761982e-05;0.00012910863905322148;5.6655741051637865e-05;5.809982849987583e-05;6.311067681703515e-05;1.1000292178376608e-05;8.613861668005034e-05;4.465940169841204e-05;3.3613745756720125e-06;2.6261195765191363e-06;8.005301983641073e-06;7.752536227636732e-09
00:10:13;315;4.898953851553952e-06;5.807739715329504e-06;4.1726270716281166e-05;4.136705134236897e-06;4.01107881680735e-06;5.180828230260721e-06;3.378540943576137e-06;1.4235298777329966e-05;1.819708082803376e-06;1.2612440067692112e-06;3.7823934555738314e-06;2.764333133307353e-06;3.2751416085829987e-06;1.3397642750202397e-05;1.544529257541621e-06;5.063354871674187e-06;4.943409066981985e-06;6.653804051939581e-06;4.622933653956375e-06;1.53578309172063e-05;2.323906683965175e-06;1.8141734722409142e-06;4.7768166173745726e-06;3.767882283601823e-06;3.8395807470944325e-06;1.464468874197521e-05;1.884494008088121e-06;5.5062370461769e-05;0.00012321414460934237;4.428168196848839e-05;5.3832059253889104e-05;7.905429531026423e-05;9.031828222748195e-06;7.828972198998461e-05;4.3214171407310834e-05;2.9350431505377256e-06;4.691338207181489e-06;7.083874125746202e-06;2.471988811182804e-08
00:10:15;316;3.966054794155773e-06;4.804094447259743e-06;4.924095403259171e-05;3.313952085839198e-06;3.237540321973401e-06;4.449101512901424e-06;5.803242179005317e-06;3.263608441272936e-06;2.2710008548446323e-06;1.0570802994552315e-06;4.798461465908717e-06;3.374244177158723e-06;2.158063708502699e-06;1.172261839211718e-05;2.1437424590234597e-06;3.922374257336177e-06;4.3930992082026975e-06;5.705524498335774e-06;7.160831777398442e-06;4.508848552534259e-06;2.7469107557914833e-06;1.5395184353893238e-06;5.938575242585621e-06;4.1424501300234966e-06;2.5541602024278765e-06;1.2557521954534688e-05;2.4793163213042686e-06;5.7696797649579584e-05;9.261113411440257e-05;6.42056284959419e-05;0.00014613254466189685;7.130109752327476e-05;1.545511040950929e-05;7.698491583145915e-05;5.256598124386413e-05;3.0049504355444418e-06;3.271226292395315e-06;7.639168908610573e-06;2.289282462185652e-08
00:10:17;317;4.4856651955688616e-06;5.393651791345741e-06;5.4158899971898226e-05;4.777446635790222e-06;4.142205904661916e-06;4.558003522574112e-06;1.2372822324509384e-05;3.2113907098815533e-06;5.296853900786531e-06;1.5526452850684274e-06;2.3905143589075806e-06;3.156960764724462e-06;1.7561973561054278e-06;2.9146711082652454e-06;7.698268652363408e-06;5.543410567572463e-06;5.295958872702153e-06;6.1386437946681856e-06;1.4097509663286796e-05;4.300683882965005e-06;5.917120210764137e-06;2.043820193683109e-06;3.438955180955199e-06;4.045304991979973e-06;2.123854800675538e-06;3.891496552442513e-06;7.887061316598445e-06;5.005947688071044e-05;9.592781695046355e-05;0.0001166374219796567;0.0001714650684378659;7.948749282158575e-05;8.423110662471635e-06;7.281088042501968e-05;3.976911340267247e-05;3.871381811316721e-06;3.315740255029863e-06;8.13208645894688e-06;7.209577039218786e-09
00:10:19;318;2.753444577311112e-06;3.6085668737921626e-06;4.024822514438056e-05;2.7422568755562016e-06;2.457520052507272e-06;4.197424835180899e-06;4.783751396463355e-06;2.164507026624175e-06;3.423161910053419e-06;1.0905164969831171e-06;2.4876847279516183e-06;4.6024407150856526e-06;1.639583557407191e-06;2.2583680704906843e-06;1.1941183501401105e-06;3.3748908461785517e-06;3.55044939676156e-06;5.601674691989283e-06;5.985358124626491e-06;3.344924872307493e-06;3.981615921624831e-06;1.5782369804514066e-06;3.5497905484382636e-06;5.409304396633598e-06;2.099059682660493e-06;3.263747965872967e-06;1.5637478966283784e-06;5.11149579100108e-05;0.00014088525793195554;4.955725058896527e-05;3.630988782160579e-05;6.270008358346988e-05;8.466496617148766e-06;7.598642482486821e-05;4.0778241713155643e-05;4.115109381639142e-06;5.31884296409358e-06;7.733703937964862e-06;1.2444457689266039e-08
00:10:21;319;2.7922066494893856e-06;3.619745493318688e-06;3.938549969480844e-05;2.182872780309708e-06;2.774735841820137e-06;3.1516558807580126e-06;5.577906399555456e-06;2.2095953646974276e-06;1.7316894443650002e-06;1.2315629940508963e-06;5.349930093439587e-06;3.2773072322230106e-06;1.4345132137514518e-06;2.2023007957081764e-06;2.3824088833441177e-06;2.7463073693761083e-06;3.817735611121435e-06;4.568937330549477e-06;6.705858837288165e-06;3.22844978574169e-06;2.2521758772867705e-06;1.7073489821489636e-06;6.451014012528976e-06;4.237316080100674e-06;1.755679434902763e-06;3.272354541578248e-06;2.693766714545043e-06;5.546013708968145e-05;0.00011281147563578712;5.095043365529896e-05;6.10890674156111e-05;6.402601390642834e-05;9.767985834344466e-06;7.307831168675953e-05;3.0148699334814298e-05;3.522081126828315e-06;4.0024488315919115e-06;7.738533980348273e-06;3.080784020761111e-08
00:10:23;320;2.323232486066796e-06;3.1917911425658023e-06;4.233562157107628e-05;1.5582659385060538e-06;5.359271747031678e-06;3.121909196127345e-06;2.6782768168102806e-06;1.6844532857844414e-06;1.8728251662219526e-06;1.0770709521843649e-06;2.9325159104264356e-06;2.156978677932257e-06;2.022666235067628e-06;2.1570531789840497e-06;1.2575017862559434e-06;2.1807811476086316e-06;6.426803856466225e-06;4.481029210654913e-06;3.929822961380742e-06;2.8257004113227227e-06;2.4358351676618197e-06;1.590419387118541e-06;3.92812556220875e-06;3.099108564036882e-06;2.5146120485340912e-06;3.226713914368184e-06;1.6625406645525339e-06;5.641409182863189e-05;9.366276647464352e-05;5.9252989712223385e-05;0.00010159046084215748;6.063349124829161e-05;1.61421120336789e-05;7.498547592437546e-05;2.917849360858385e-05;2.794443634624044e-06;5.904634849360901e-06;7.462770855057013e-06;5.727841287361853e-09
00:10:25;321;2.7303745914702464e-06;3.6128082188675946e-06;4.868362086824816e-05;1.7546696197841398e-06;3.160807636151927e-06;3.729724119691272e-06;3.223834641181094e-06;2.6903167194609008e-06;2.55416151388617e-06;1.2257496595906177e-06;3.0612900684704156e-06;2.4749343211606276e-06;3.812380169292014e-06;3.913551875456278e-06;1.163073920325401e-06;2.4137799470471563e-06;4.2765588567575995e-06;5.218596994336046e-06;4.612023749820155e-06;3.852156272772891e-06;3.0611580239311953e-06;1.6790999040230291e-06;4.038989797514153e-06;3.3813776012778627e-06;4.317308165337647e-06;4.950426710831978e-06;1.5522213824267595e-06;6.542981227687956e-05;0.00012125985538676614;5.9568793384375575e-05;0.00010672008745523965;6.811369660164455e-05;1.888361875545906e-05;7.757933152625412e-05;4.8761323753854295e-05;4.03448788586532e-06;5.564357422525344e-06;8.282805001301546e-06;5.2809688128019305e-09
00:10:27;322;2.373571308954648e-06;3.227343235773298e-06;4.426033617591438e-05;2.012324837995617e-06;2.0975877975166153e-06;3.231556837881364e-06;2.946589660268728e-06;2.3931535253687097e-06;1.3984345624929906e-06;3.1906256405407745e-06;2.9108212475521937e-06;2.2141445812968126e-06;1.376980292213468e-06;3.5332892461522905e-06;1.177346522092519e-06;2.6603782797320504e-06;3.249851692711258e-06;4.6403543629948435e-06;4.122380474493898e-06;3.5325254738024884e-06;1.911546471086395e-06;3.818417631412592e-06;3.8271846566618205e-06;3.120331821494951e-06;1.789742653623831e-06;4.522449081619764e-06;1.532955372677182e-06;6.924969149427444e-05;0.00012461377530224028;6.595232845014394e-05;6.063817001901059e-05;6.803793320528208e-05;1.4202311043180416e-05;7.691277259267114e-05;3.6338012885397146e-05;3.1575535977326024e-06;3.8983736478357255e-06;8.108719879817718e-06;1.4391993386507664e-08
00:10:29;323;2.9922964156593355e-06;3.885475213987947e-06;6.843974868664557e-05;1.8102147737150434e-06;3.2913770094854624e-06;5.870393680657509e-06;3.3725215570515585e-06;2.415010142087226e-06;1.968939376630694e-06;1.2636908468331078e-06;4.355221869771371e-06;2.367799029169181e-06;1.9109507259816962e-06;5.737944607049754e-06;1.5434924931702974e-06;2.4729872534465622e-06;4.488349402522487e-06;7.133799465032386e-06;4.721681494353291e-06;3.5086243516633645e-06;2.6312332054174796e-06;1.80681431672809e-06;5.547454745133512e-06;3.215366672797061e-06;2.2601744975170595e-06;6.952869634454756e-06;1.8863459522838673e-06;6.386343274182167e-05;0.0001459033107062872;0.00018544709573199881;0.00022351358959071593;5.5483572135907434e-05;1.1136629918235696e-05;7.543896109631357e-05;4.5667536054363585e-05;3.183632363373858e-06;3.773701854389796e-06;7.846131696319829e-06;1.9390350019183717e-08
00:10:31;324;3.118846791817408e-06;3.981928027971225e-06;4.369832700006031e-05;3.2785160945665708e-06;4.347156317343413e-06;3.2729539327647217e-06;5.100342348705246e-06;2.387348992272109e-06;1.71521171342771e-06;1.2019105151947231e-06;5.59891308249405e-06;3.943783406351093e-06;1.7707343857864544e-06;3.4604348765040784e-06;1.3488547906090078e-06;3.904527435639189e-06;5.39940462451479e-06;4.704933287571236e-06;6.303481382882971e-06;3.5225924087091147e-06;2.2530294754803055e-06;1.6797954149124168e-06;6.609709279346825e-06;4.916060722475949e-06;2.2325356529200933e-06;4.5184811778533084e-06;1.7385844480083472e-06;5.554598238881867e-05;0.00011506745778645195;6.47226412579379e-05;6.823176255198605e-05;6.612898973536308e-05;1.6775378941163964e-05;8.711569855932659e-05;3.302129337413185e-05;4.28852511347887e-06;5.160501928756121e-06;8.312003759571231e-06;9.688603737472297e-09
00:10:33;325;2.3479368245205023e-06;3.218763097294546e-06;4.969364080321284e-05;1.4268284255113495e-06;2.356389235816633e-06;2.718362392234946e-06;3.0008987299949426e-06;2.548397759483123e-06;1.522144115720633e-06;9.380969735562804e-07;2.7151688535489238e-06;2.2106024784433616e-06;1.570106450188291e-06;4.7982956190976855e-06;2.36994996185367e-06;2.062623616726756e-06;3.397765625132833e-06;4.09476268066987e-06;4.328011665983226e-06;3.607392175040389e-06;2.083712576930776e-06;1.462375215667151e-06;3.751738594347225e-06;3.213855576131543e-06;1.9930719406458384e-06;5.983292538398409e-06;2.6465536537423622e-06;5.6057873218151015e-05;0.00011023999377266298;0.00010948080395360558;0.00012223977795866722;5.552617461697926e-05;7.727451486921683e-06;7.839957871243152e-05;4.0724742228937144e-05;3.500281364748952e-06;4.456489453301194e-06;7.962373866846193e-06;8.149005301466099e-09
00:10:35;326;2.7690895230136903e-06;3.6257514279262794e-06;5.959806246456979e-05;2.954286364956457e-06;2.296597195406879e-06;4.927036216431898e-06;4.739339607469488e-06;2.0298291863502467e-06;1.7921297695137768e-06;1.0744374278362754e-06;2.3689147308012726e-06;3.8637306596973016e-06;1.4428468706675155e-06;2.3932758110654295e-06;3.3466494689029313e-06;3.604545519943091e-06;3.3873594170069703e-06;6.127316346119418e-06;6.213713075777389e-06;3.168612785217031e-06;2.324470268474756e-06;1.5680007211962726e-06;3.405375652239198e-06;4.803329904715138e-06;1.7951418912265512e-06;3.4320953488267022e-06;3.6790552891218368e-06;5.5183191741883876e-05;0.00012897081159223258;0.00014236238137936252;0.0001862419513831242;6.114462853766743e-05;8.013887109335424e-06;7.985996203959893e-05;3.832397835331063e-05;2.960702660498088e-06;4.166611413728228e-06;7.941443575876663e-06;7.199788218878356e-09
00:10:37;327;2.636767743782994e-06;3.5130596349713585e-06;4.7566142541246064e-05;3.284108880114383e-06;2.8951058864185537e-06;3.953246411922154e-06;2.7111804712376397e-06;2.5377451970146323e-06;2.012339416394711e-06;1.171672090703104e-06;2.901991564062779e-06;2.5311422877649647e-06;2.5604384540659195e-06;3.3510290626411048e-06;1.7312123413210594e-06;3.896143707721951e-06;3.910266741513624e-06;5.452568380354057e-06;4.050356204671413e-06;3.6742707368231795e-06;2.618245736202074e-06;1.6926402301716643e-06;3.815078755480177e-06;3.4718536391688135e-06;3.1325696267507554e-06;4.367092739662842e-06;2.075627750417868e-06;6.91535293494284e-05;0.00010848283039995889;6.853147623226403e-05;0.00011166772254448937;6.42780412737723e-05;1.8718607350766904e-05;7.264697341775066e-05;4.1239354904744295e-05;3.089816866017111e-06;4.969616579041747e-06;7.996153610741585e-06;1.95879659775599e-08
00:10:39;328;2.758363696645202e-06;3.6033752765640975e-06;4.617224170036616e-05;2.9838521454066e-06;2.5189957886856913e-06;3.0157718807867116e-06;4.175243305517349e-06;3.3766796634763936e-06;2.650185908947833e-06;1.7816546015484134e-06;3.2384972613899974e-06;2.2977603160773636e-06;1.6249377347515355e-06;4.072962939522478e-06;1.3638219556517066e-06;3.6160886223495e-06;3.6293609735113497e-06;4.398531735182299e-06;5.244437503118011e-06;4.424474431162489e-06;3.1279752811660498e-06;2.2635530530339877e-06;4.25757001479885e-06;3.2286478742633655e-06;2.0713405974617407e-06;5.212170956642522e-06;1.7663509291058382e-06;6.599844043108006e-05;0.00012846527069080373;9.04803470356586e-05;7.476982298325983e-05;5.6640478276790805e-05;8.160221846280202e-06;8.073340379469075e-05;3.300182741583265e-05;4.092245948981449e-06;3.597852321312081e-06;8.111814146758766e-06;1.5175512944939636e-08
00:10:41;329;2.99218244298965e-06;3.938822325110351e-06;4.633830638070292e-05;2.6689987897363854e-06;3.5615089986668575e-06;6.020499569749725e-06;3.801051359886287e-06;2.7911304431330306e-06;2.055362368141351e-06;1.065082578940749e-06;2.5550339042077686e-06;2.522106222616313e-06;5.328799910260655e-06;2.2367896341599836e-06;1.2998246624494991e-06;3.3758314738049736e-06;4.817191743716683e-06;7.672417101690094e-06;5.223117177247562e-06;4.042556234201618e-06;2.588825254803586e-06;1.5944156600682295e-06;3.5994816146198956e-06;3.4596614381647485e-06;5.926505085121386e-06;3.288395401807664e-06;1.6774681813054669e-06;4.308978075013583e-05;0.0001306697112341723;6.0971240024107194e-05;8.364807097048032e-05;7.757561832378765e-05;2.2460528793509307e-05;7.593557170520951e-05;4.172547300957098e-05;4.289291343901963e-06;7.342148299675702e-06;8.343337342655754e-06;8.904771228604808e-09
00:10:42;330;3.939902101861166e-06;4.7737678385923966e-06;5.391978281077566e-05;9.3212698553719e-06;2.5635668920190566e-06;3.7048404712565612e-06;5.60188342258915e-06;3.391252313472199e-06;3.1409454303728395e-06;2.220399961187654e-06;4.619603666549727e-06;2.587228495120154e-06;1.8483017700596995e-06;5.510407622401979e-06;2.76912390423883e-06;9.694841779330804e-06;3.7309198260233263e-06;5.075626571437446e-06;7.070314161784511e-06;4.4067205347841355e-06;3.669779772868032e-06;2.7647179122946977e-06;5.608756498387967e-06;3.5475482295451117e-06;2.218906464677966e-06;6.46708771962005e-06;3.0299929129554747e-06;8.330008992536428e-05;0.00010839725626244956;8.416808185426542e-05;0.0001401909412255262;6.489357755147768e-05;2.196897941951313e-05;8.135099785456747e-05;4.694111993941595e-05;3.5584956220369373e-06;4.489540280765475e-06;7.756807381648803e-06;2.150641227725969e-08
00:10:44;331;2.7564987370644967e-06;3.6319257572047927e-06;4.104059948820152e-05;4.513423916950966e-06;2.1701856978947633e-06;3.217245805522204e-06;4.057240566946906e-06;3.219696205485951e-06;1.608594975847795e-06;1.1186123652412954e-06;2.0610771344177112e-06;2.198373687211198e-06;5.0787946871108405e-06;2.3183709508923687e-06;1.5163680606116776e-06;5.168961061953487e-06;3.215353306678722e-06;4.60955446019225e-06;5.305094309502998e-06;4.315430566771571e-06;2.1530451784754038e-06;1.6190263686785098e-06;3.0797590959162886e-06;3.212162065337216e-06;5.640432210050596e-06;3.322875097148449e-06;1.941414227444569e-06;7.408986485889564e-05;0.00011632896386294034;4.182158622502547e-05;4.9163466327580246e-05;6.759514529574037e-05;2.2075393581938e-05;6.8682213430315e-05;3.439311914065462e-05;3.5813722913732223e-06;6.906125791419851e-06;7.833364427888629e-06;1.657862464688356e-08
00:10:46;332;1.9672531826583652e-06;2.8191966981766302e-06;4.143972451754649e-05;1.498391065325354e-06;2.239043021454925e-06;2.860864823261977e-06;2.7730746042080185e-06;2.1526816968986395e-06;1.8594748436775241e-06;9.448525270870014e-07;2.051230749377065e-06;2.3032590209223516e-06;1.2309378689678852e-06;2.7017700933061985e-06;9.914571530635705e-07;2.0763711025993653e-06;3.354164936975889e-06;4.196180823414522e-06;4.186101089348822e-06;3.2743097839372667e-06;2.3734480303378234e-06;1.4236539845736429e-06;3.080630258006715e-06;3.131404828827381e-06;1.6603137685740852e-06;3.7093239002330582e-06;1.3644569560399966e-06;6.386117420860116e-05;0.0001277971221718776;4.667671943089651e-05;4.253724059355434e-05;6.885337638339319e-05;1.1366955215340983e-05;7.562343372317237e-05;4.544096325654755e-05;3.1488047633723475e-06;3.848910653898824e-06;8.114129474106042e-06;7.864335797054267e-09
00:10:48;333;4.072641548124135e-06;4.943674938762273e-06;5.024710972380517e-05;1.7239648248754882e-06;6.208442128235509e-06;4.223099137138061e-06;3.4937805752315914e-06;6.9775983116668074e-06;4.52690086337849e-06;7.001389645337626e-06;2.7302092260519184e-06;2.8215226239454565e-06;1.7067771986037625e-06;4.720512341097302e-06;2.7375000953743336e-06;2.3603359617873484e-06;7.212093523661149e-06;5.590770765766022e-06;4.701725004716663e-06;8.17955729940831e-06;5.3057107713437845e-06;7.498731433828008e-06;3.7335057986408024e-06;3.843476495695782e-06;2.078541628974033e-06;5.779128085560853e-06;3.040520801974547e-06;6.996673774820062e-05;0.00011350018077866872;8.580158456461567e-05;0.00011702562693573012;7.943250943271476e-05;1.327422665123326e-05;7.727511134442906e-05;3.2077552492059506e-05;4.628998414599306e-06;2.48765465889113e-06;7.488590480631791e-06;6.54318388783813e-09
00:10:50;334;2.9285238018029634e-06;3.8079477586576057e-06;5.4495924523771036e-05;1.4175066671966037e-06;2.7327879161214757e-06;3.4966271080995948e-06;3.512129693981272e-06;3.828195910089831e-06;2.3817051471233053e-06;2.726143652800126e-06;2.6498167427552683e-06;2.1568659580786043e-06;1.335476815436917e-06;6.959498497978571e-06;1.945530653912897e-06;2.0417798516892976e-06;3.849971893872908e-06;4.796424131591611e-06;4.6415587987695874e-06;5.202698131845093e-06;2.9454267615631268e-06;3.2983655101021743e-06;3.6196178014138185e-06;3.1462436162413886e-06;1.704675427494225e-06;8.118585983423525e-06;2.3300238647411618e-06;7.365923860923128e-05;0.0001403174909514059;0.00010841117358894373;0.00012240599923932327;6.104146930816273e-05;1.6022459867127194e-05;8.386340356841776e-05;3.3165403232214056e-05;2.862377436563908e-06;4.193600555914538e-06;7.98671170165917e-06;2.1766226288920156e-08
00:10:52;335;2.5176380524592124e-06;3.379049159568378e-06;5.266185143774257e-05;1.8678622414437418e-06;3.8792968356011155e-06;3.5776646982328812e-06;3.4761910289272566e-06;1.6732802666684743e-06;2.9390466569558593e-06;1.0680437488762673e-06;2.979797408577476e-06;2.1480277548588136e-06;1.4283877466683945e-06;3.9582383580109725e-06;1.2158190261437405e-06;2.415000949440582e-06;5.0714433275314585e-06;4.971955932669056e-06;4.799397854035709e-06;2.8146621072572755e-06;3.4390883715614224e-06;1.4947038608794818e-06;3.996866087019745e-06;3.0753885306395102e-06;1.8434418881399694e-06;5.059136154596683e-06;1.5675034614439109e-06;6.763477468072965e-05;0.00016196514294731945;0.00011055473654291032;8.221875590465132e-05;6.142121214264099e-05;8.301457471027096e-06;8.265060821250495e-05;4.1779009893202266e-05;3.3771980399419623e-06;3.6543857762294474e-06;8.377168767132259e-06;7.766874621030621e-09
00:10:54;336;3.3292198809481928e-06;4.142915503496026e-06;4.431671800019728e-05;1.5744621584671976e-06;5.4567996350194585e-06;3.553861506491981e-06;2.738931951058858e-06;9.224993768309663e-06;1.6800697742912585e-06;1.0296980777934162e-06;4.4920515058777255e-06;2.2766351998755723e-06;1.7236281026294427e-06;4.7836225737734655e-06;1.415883430217429e-06;2.2428815523371553e-06;6.463193879230685e-06;4.897844634417451e-06;4.036239612174494e-06;1.0162704167577189e-05;2.206059356974003e-06;1.5371324897260602e-06;5.491788097290886e-06;3.118664720584749e-06;2.08439609241971e-06;5.741409852275922e-06;1.732669759679924e-06;6.138107089435702e-05;7.843075869855229e-05;6.274439068026748e-05;0.0001096729423820771;6.594551130913093e-05;1.0335783498840293e-05;7.823063816859341e-05;4.9265110390731004e-05;4.24587145757808e-06;3.5485912598181643e-06;7.983228910513831e-06;1.671835190778888e-08
00:10:56;337;2.9793534036638323e-06;3.8254841922624314e-06;4.832926395793912e-05;1.8712091871138496e-06;2.2176421298909914e-06;4.374722890852147e-06;3.1583888267567257e-06;2.0844582194453922e-06;1.587700003711425e-06;1.713968972083535e-06;5.633952402141838e-06;2.633885001657177e-06;1.4591815067758902e-06;4.780033316881765e-06;4.237097374535572e-06;2.4742159937403223e-06;3.3302373502678327e-06;5.557510849605853e-06;4.40256995785557e-06;3.2528935452307762e-06;2.126345479258747e-06;2.2243440622344367e-06;6.7558089079894564e-06;3.5279907202677833e-06;1.8840047373544886e-06;5.845043803294428e-06;4.524843533648822e-06;7.176912028735459e-05;0.00011858640860542516;6.195419346454379e-05;9.883858738904123e-05;5.894922676232265e-05;1.3123090117749563e-05;8.640107114004564e-05;5.4616006077487126e-05;3.158620689646612e-06;4.3372372820325295e-06;8.191390277190063e-06;2.621540243059276e-08
00:10:58;338;2.6270111784495755e-06;3.5506867979039053e-06;5.593095662789814e-05;2.212949123664936e-06;2.137797123324958e-06;3.519534797259315e-06;5.338987958806869e-06;1.7882989402034417e-06;2.2893241534402167e-06;1.8012879168855471e-06;2.8447031479508022e-06;3.1113807953498838e-06;2.364038823608119e-06;2.7986288259769636e-06;1.3172016215534654e-06;2.9652548469533065e-06;3.284456611945183e-06;4.942456777100716e-06;6.841121301223683e-06;2.8853015361233655e-06;2.9019422239384135e-06;2.2605633396007667e-06;3.988913632280015e-06;4.087861794641292e-06;2.8237461000445147e-06;3.9350674157929786e-06;1.6915548374676797e-06;5.711867416043536e-05;0.0001379337921309731;0.00012305635111126744;0.00013804413841767723;6.586658262207809e-05;6.991191158167844e-06;8.350502956193146e-05;4.13383418098002e-05;4.382438020404706e-06;4.892568922472708e-06;8.03809378732341e-06;4.277832246381911e-09
00:11:00;339;2.697428810901928e-06;3.564020355756666e-06;4.4291311711297683e-05;1.978972824158053e-06;2.4870363212091786e-06;3.891007623092367e-06;5.216732482438147e-06;1.6196394121627897e-06;1.3324006725409534e-06;1.2931287835274672e-06;3.454276058079131e-06;4.063095510466817e-06;2.541571374207892e-06;2.935680812948311e-06;1.5556029255847648e-06;2.644758593259546e-06;3.519336875302266e-06;5.307837728317201e-06;6.745093563765721e-06;2.6568158048150188e-06;1.8488126730931706e-06;1.8006708649386094e-06;4.5099020524825784e-06;4.9229073093683145e-06;3.0159558264131192e-06;3.92439709155698e-06;1.8717546316145648e-06;6.401896648101376e-05;0.00011134501361844956;4.574155412339876e-05;7.909954236305354e-05;6.842990636070885e-05;1.4998088381041236e-05;7.465911082887805e-05;5.391548943992938e-05;3.952530333743126e-06;7.495012317756539e-06;7.834101510245701e-06;6.424777353552521e-09
00:11:02;340;2.5294568955755183e-06;3.4115767598047535e-06;4.73520333800356e-05;2.8892684025485304e-06;3.318977822433763e-06;2.854460959963748e-06;5.611133096424097e-06;1.8118681664508978e-06;1.6178639968732578e-06;9.357026249581033e-07;2.3033240178191052e-06;3.6797577075924952e-06;1.3707856315098803e-06;2.798232055441345e-06;1.1621073674270768e-06;3.5843425111919185e-06;4.391208360083269e-06;4.20751464130435e-06;7.149814734210723e-06;2.9760865503749877e-06;2.083123494909919e-06;1.4395799383502107e-06;3.2758038405287912e-06;4.691242401913999e-06;1.7726280363224104e-06;3.8036898555979352e-06;1.5638858786311359e-06;5.849311408956898e-05;9.905021607822474e-05;6.710170798002334e-05;0.00012334333071382873;6.365053196563974e-05;2.157816962001936e-05;7.57867897766649e-05;4.225096306650443e-05;3.805011307911661e-06;5.0273447605999906e-06;8.121937677881468e-06;1.528352355992423e-08
00:11:04;341;2.044552522597407e-06;2.9009827156624864e-06;4.299259688791732e-05;1.4729320077157901e-06;2.4847530576915293e-06;2.7699135713987744e-06;3.1941116930379496e-06;2.257621089024104e-06;1.360603280224511e-06;1.0980740665835562e-06;2.5758378570308404e-06;1.936466175936599e-06;1.2366969579311806e-06;3.176564343605874e-06;9.710552921356324e-07;2.1142701670318206e-06;3.5799177216107684e-06;4.167685240564781e-06;4.428413174974605e-06;3.3046786207889937e-06;1.868321003459204e-06;1.5719729004512707e-06;3.5996732388216344e-06;2.9852640225243115e-06;1.6540181023410235e-06;4.1505562030233935e-06;1.387021164139731e-06;6.697664827275642e-05;0.0001122898207305905;7.033301943037069e-05;5.98687947073591e-05;5.3895499292356596e-05;7.5885619101833654e-06;8.742300463239776e-05;4.189375013329229e-05;4.036254948038297e-06;3.412306150058378e-06;8.187495453645516e-06;6.006993958811481e-09
00:11:06;342;3.1419902849191574e-06;4.068744103762261e-06;5.801037944664164e-05;3.813977180138812e-06;3.3729547357162137e-06;3.7397295774868864e-06;3.9705158291719105e-06;4.037923786206286e-06;3.675409101268976e-06;1.7844410235506365e-06;4.395968895403774e-06;3.2262699798996603e-06;1.6192425917276927e-06;2.8350141084003284e-06;1.2324357918849025e-06;4.493938117948231e-06;4.530668904776633e-06;5.026816074572293e-06;5.415506595017166e-06;5.348123919892588e-06;4.3740348637929625e-06;2.352137372165803e-06;5.465025720649798e-06;4.214006775661881e-06;2.0851016876194183e-06;3.87568054607015e-06;1.6438871343665067e-06;6.66084467200312e-05;0.00016026430623408417;0.0001248141820408962;0.00011699599483678431;7.300217583625398e-05;7.2050389376294265e-06;8.185783429269451e-05;5.074681098367278e-05;3.5005837486167453e-06;2.8986905610840585e-06;8.206941539081263e-06;2.354762887111346e-08
00:11:08;343;2.6427323847661395e-06;3.5120501850749724e-06;4.703754370577419e-05;5.001315626367903e-06;2.5084558872895908e-06;4.540834413611285e-06;3.247856921265421e-06;3.0314595837213885e-06;1.9575328395017198e-06;1.370741821423009e-06;3.0022228793507626e-06;2.0466901334130356e-06;1.2019600508430337e-06;2.57626873095324e-06;1.2274489377229647e-06;5.525845384149358e-06;3.586253575421428e-06;5.903996029528686e-06;4.715732446336777e-06;4.117293218757679e-06;2.5675263495480678e-06;1.8601923956414138e-06;4.071779968295301e-06;2.9509504553130635e-06;1.639493662631001e-06;3.59499862025598e-06;1.6105386669528055e-06;6.140010663610789e-05;0.00012236773714831268;5.7965873526213045e-05;6.997994344920904e-05;7.86354752000547e-05;2.2520556015722363e-05;8.656355551452844e-05;4.80876346506901e-05;3.7423949307128112e-06;4.601871178302266e-06;8.573651007498933e-06;1.1725211938076322e-08
00:11:10;344;2.3649438179905826e-06;3.2553210599825767e-06;4.585709739195014e-05;1.8762762131853028e-06;2.6647198455071415e-06;4.2963115964250225e-06;5.305037995965862e-06;1.7050546585133992e-06;1.9903078600982194e-06;8.80692986093834e-07;2.04118653066778e-06;2.6389252615837737e-06;1.39795286595175e-06;2.527305136239151e-06;1.0555540307680387e-06;2.4903416269347573e-06;3.7536224859834447e-06;5.686781340828711e-06;6.867941695567931e-06;2.821409193702378e-06;2.556730263205293e-06;1.4070591953009459e-06;3.0699125062123523e-06;3.596484625229061e-06;1.8387387643985988e-06;3.5575985000118806e-06;1.4172315510406889e-06;5.4584832511948774e-05;0.00011144699086874101;5.3112336165595824e-05;9.466488520297872e-05;7.023040202785691e-05;2.1678565867835904e-05;8.533936889464007e-05;4.193872150236141e-05;3.845634852355823e-06;5.383375936115297e-06;8.037547955731018e-06;2.2506917240969522e-08
00:11:12;345;2.3970111038677673e-06;3.2384153983693516e-06;4.7035186395747266e-05;1.4432525101491158e-06;3.1600150604498882e-06;4.71361714524867e-06;2.745955716224299e-06;1.7568835248030465e-06;1.7599427074476248e-06;1.6209499087629162e-06;2.0590195542912295e-06;2.305445643199536e-06;1.399386656815564e-06;4.055827235757451e-06;1.7438367737296092e-06;2.008920074342912e-06;4.263873952828662e-06;5.952056371710039e-06;4.037424623329801e-06;2.842382001935094e-06;2.3356800943186995e-06;2.144630883189557e-06;3.110567253246746e-06;3.2651821238917514e-06;1.7764127884346853e-06;5.039089388976462e-06;2.084764411870598e-06;6.62877443011977e-05;0.00012041029891206401;6.685230549109435e-05;8.671390971618237e-05;7.27616549543397e-05;1.290050962670177e-05;8.11207830479523e-05;4.1101551131431655e-05;3.7527698054555343e-06;4.869633812888135e-06;7.641147305972067e-06;9.928643687361467e-09
00:11:14;346;2.342863221568595e-06;3.2116302383103542e-06;4.713440916358971e-05;1.7929474218030867e-06;2.3868125966169433e-06;3.06949065017906e-06;2.655442753927353e-06;2.441959434985496e-06;1.8340643713249898e-06;1.3779817882308976e-06;2.759414792824993e-06;4.404093091346019e-06;1.8852216670175246e-06;2.414821402235196e-06;1.0921077131116745e-06;2.433315975268451e-06;3.421000607161233e-06;4.413212755486101e-06;3.94846728617083e-06;3.619265130452467e-06;2.3874950364165384e-06;1.8978318414294244e-06;3.7499067165978736e-06;5.418950511831341e-06;2.314892225789479e-06;3.4553922211061138e-06;1.4798314784652748e-06;5.9449148062750814e-05;9.775423870392522e-05;7.010730563586372e-05;0.00011456588511693161;7.24281648587341e-05;1.5176270379963603e-05;8.43120122389518e-05;3.5126233135425355e-05;3.707712170604159e-06;5.068587790307085e-06;7.908525564255952e-06;8.826305363207316e-09
00:11:16;347;2.868993162637294e-06;3.7271274662469043e-06;5.696302629760571e-05;3.777781334626049e-06;2.4222977609995993e-06;3.713002819629516e-06;4.776276900612815e-06;3.0711762430968292e-06;1.548780990487134e-06;1.4156341948779916e-06;3.160909811389894e-06;2.3905091480455356e-06;1.4436475127252182e-06;3.464994299726889e-06;3.2429060200007083e-06;4.527374047236524e-06;3.5432653959692805e-06;4.989622380844018e-06;6.161526793612556e-06;4.210959812990961e-06;2.014806647844413e-06;1.9721625516801477e-06;4.0722607484929514e-06;3.4034172885289013e-06;1.8607794647576594e-06;4.430717322238591e-06;3.5386362996281537e-06;6.417765401105569e-05;0.00011574376070602276;0.00012218272446311494;0.00017457176186187333;7.055901906755607e-05;8.302952342741633e-06;7.483640456617119e-05;3.723424540368845e-05;4.566392111300808e-06;3.584248016957422e-06;7.784745591926097e-06;1.2407428860011255e-08
00:11:18;348;2.83381781361992e-06;3.7318748271198137e-06;4.182002603901103e-05;1.7815105185806344e-06;3.3673836210758945e-06;3.9203568527248285e-06;2.9619078167089894e-06;1.947703387501902e-06;2.6450176967461982e-06;2.02117626441572e-06;3.8023716135300716e-06;2.410781292251262e-06;3.987385236053404e-06;2.495650509521335e-06;2.6645680688956603e-06;2.415343179920824e-06;4.483259562209552e-06;5.480239727874021e-06;4.309708280824095e-06;3.054181098677067e-06;3.2510979508515447e-06;2.5423549050749817e-06;4.8341895319625315e-06;3.450502165982977e-06;4.400306847942317e-06;3.5463583974922564e-06;3.01495487280901e-06;6.682178081224043e-05;0.00012000219668337879;3.576448197958381e-05;4.82859495078013e-05;6.644895710379076e-05;2.779391408172778e-05;7.822360570022862e-05;4.4037853493957704e-05;3.7395981372481583e-06;2.9661242802186766e-06;7.745788669207957e-06;1.0062018748439674e-08
00:11:20;349;2.926280303163573e-06;3.794760471153702e-06;4.6557450480401654e-05;2.3626468923509947e-06;2.3984057416467666e-06;2.6324752535409535e-06;3.992985793000901e-06;2.6850239978867565e-06;1.462805454382538e-06;1.2391821712592395e-06;2.8141634519262095e-06;3.5768627042061367e-06;2.102520424591086e-06;2.849062970029918e-06;6.9992278025924035e-06;3.0556106790017905e-06;3.521180442648868e-06;4.039563455541001e-06;5.520028466141607e-06;3.7811274161200182e-06;2.007762011285367e-06;1.7988520144056945e-06;3.848257807200028e-06;4.604978213839924e-06;2.453533099895462e-06;3.7948853942803976e-06;7.111345341768413e-06;6.260875185013468e-05;0.00014605844047061809;5.6627554666715876e-05;6.8926588692953e-05;7.844535205362463e-05;1.4484131621469053e-05;7.635959321778862e-05;4.052064031419257e-05;3.0665811719393858e-06;3.7552735798322453e-06;7.818863982281254e-06;1.7634143270756633e-08
00:11:22;350;2.1579278519241867e-06;3.0426329638292467e-06;4.786371472610327e-05;1.5440314138359668e-06;2.7776166543379657e-06;2.78479729781173e-06;2.441154729027062e-06;1.6704926096945305e-06;2.139589777753899e-06;1.1728117014119344e-06;2.641260047524115e-06;2.4195007800900923e-06;1.6446023003233925e-06;3.6121838617604722e-06;1.0470921795079458e-06;2.1884292353413775e-06;3.892078577244987e-06;4.17151367216746e-06;3.715702511807292e-06;2.783547589802489e-06;2.645750355498686e-06;1.6571547876716251e-06;3.7506958644279377e-06;3.4220163745920196e-06;2.0613108719334365e-06;4.82414248214314e-06;1.3992525683948495e-06;6.814327203240455e-05;0.0001271394768285437;8.373706380918343e-05;7.914770622601625e-05;6.609978288520525e-05;7.405432836822524e-06;7.842186750629933e-05;4.743689774496942e-05;3.619673100065702e-06;5.503468688909845e-06;7.700975928321769e-06;8.959126497506141e-09
00:11:24;351;3.2843671704731814e-06;4.1354402168784685e-06;3.9425513119376906e-05;1.7429136984568252e-06;4.320972280101966e-06;3.2646309726658274e-06;1.3959511009757493e-05;1.8662060771067568e-06;2.7298077351709726e-06;1.0862887127190262e-06;2.2714511238384394e-06;2.581642681934423e-06;1.560539519910006e-06;2.829479373709567e-06;1.1989619427378206e-06;2.345906897419268e-06;5.5934931165384e-06;4.684190228924964e-06;1.4911198791829704e-05;3.043118006563775e-06;3.255681409842233e-06;1.5672851935085395e-06;3.255119146402488e-06;3.5195205644505466e-06;1.9572631324852503e-06;3.899852535015052e-06;1.5926517152411756e-06;6.936313635998313e-05;0.0001275891516160019;5.383345625370407e-05;2.430462873153331e-05;6.0063150868879487e-05;8.493407193246821e-06;8.220571882303518e-05;3.3355385459658395e-05;3.0618467808333673e-06;3.0548313642242518e-06;7.746225845177919e-06;3.521813624501384e-08
00:11:26;352;3.322901378701524e-06;4.134109735499391e-06;4.3762094052752645e-05;3.061235344406751e-06;3.5621948503655236e-06;3.3624906863720256e-06;3.1820848961866037e-06;2.604751242010004e-06;1.5805632562759797e-06;3.2527097170871726e-06;2.698436003614998e-06;5.345104203771908e-06;4.671232021474287e-06;3.811972389461909e-06;2.7420410297906983e-06;3.7215349862038503e-06;4.6205800601133495e-06;4.834848276672508e-06;4.539482950326313e-06;3.5966793376833783e-06;2.0928145077741186e-06;3.6147634079808786e-06;3.7022510707773317e-06;6.107079827093521e-06;4.935504703213685e-06;4.753134696410241e-06;3.090641250390588e-06;6.258418015820014e-05;0.00010210340271050606;5.364921361844091e-05;7.074848550737132e-05;7.34233209705578e-05;2.1305923727746187e-05;8.610892174739667e-05;4.073703046788578e-05;4.042155887277377e-06;2.3756507695388442e-06;8.063277946765908e-06;3.565121344771235e-09
00:11:28;353;2.4201444565557555e-06;3.279609305951177e-06;4.739563238486619e-05;2.361753079004426e-06;2.856900533839993e-06;2.9531283706903237e-06;4.093911746978889e-06;2.310446892392096e-06;1.7896591746335844e-06;1.2342314104882037e-06;2.409501150521268e-06;2.690408652709793e-06;1.505419625160507e-06;3.690010181855996e-06;1.1463617682591378e-06;3.0158940527270933e-06;3.997474602294483e-06;4.348528703683515e-06;5.276873955292011e-06;3.39910586343292e-06;2.2877255600454917e-06;1.6997785749055443e-06;3.423593588068579e-06;3.6528245034994916e-06;1.858965781219565e-06;4.823757555779501e-06;1.5707878669903188e-06;6.098472987851262e-05;0.00010698119817716371;7.204036513809612e-05;9.532315720633227e-05;7.412307806638493e-05;1.4455912856663635e-05;9.410678731768266e-05;3.4502012739481104e-05;3.2585587860117083e-06;5.194212039508805e-06;7.76726849856233e-06;1.0307913994344175e-08
00:11:30;354;2.1035981640241372e-06;3.0006076946237147e-06;5.013127001733536e-05;1.6654121128632162e-06;3.1528786442242502e-06;3.7141078072460747e-06;2.597303727727959e-06;1.6711742662842901e-06;1.4918600050670896e-06;9.298162252268195e-07;2.2701687469670806e-06;2.035610466128384e-06;2.019538240880727e-06;2.72871023183024e-06;9.665966411114886e-07;2.324621598607429e-06;4.242444689064346e-06;5.0751925179691725e-06;3.912459806663639e-06;2.870649187927852e-06;2.019522616759372e-06;1.4314069383406696e-06;3.347662923376067e-06;3.1075223757939e-06;2.527267829924612e-06;3.7810045839676925e-06;1.367536502222052e-06;8.664513411246131e-05;0.0001229340074432467;0.00010063939041454787;8.44651112691124e-05;6.344340837241878e-05;8.36906723549203e-06;8.499343524435956e-05;3.458091191625207e-05;3.723398674855089e-06;4.073759059392453e-06;7.69184249502368e-06;1.5773970862316985e-08
00:11:32;355;2.3414774901198143e-06;3.217500281170021e-06;5.106853977031819e-05;1.366834425198249e-06;2.630200658483194e-06;3.4230773922868965e-06;4.159766812379799e-06;1.8734170505816585e-06;2.287435002786124e-06;1.0776083910454561e-06;2.6040873552866306e-06;2.6163477097960386e-06;1.3343416813491806e-06;2.730879943997748e-06;1.9937324935235457e-06;2.037502230439115e-06;3.7167461569775765e-06;4.9480763203674435e-06;5.544347076569396e-06;2.9802938455229853e-06;2.8539622756202163e-06;1.5822482874060784e-06;3.601105238229576e-06;3.4942289184522152e-06;1.8052518976507104e-06;3.721672855239307e-06;2.324567070658465e-06;7.427536184629725e-05;9.770330229603023e-05;8.480991442388726e-05;0.00011659301146144342;7.558582324930182e-05;1.1116832214175707e-05;8.554538994393732e-05;5.035441375555011e-05;3.6038212480430103e-06;5.570011270019044e-06;7.647852491425655e-06;1.6743043707619398e-08
00:11:34;356;2.519852648157956e-06;3.4203148280090617e-06;4.760683606146692e-05;2.032567238720937e-06;2.400901701287756e-06;4.618471088881713e-06;2.668514811787759e-06;3.3286324042142663e-06;1.7927789787657906e-06;1.1154870174223674e-06;2.1420314464393186e-06;2.8381550561042768e-06;1.783057576416008e-06;4.506842393422775e-06;1.0107911214292513e-06;2.644128972527061e-06;3.508579180572868e-06;6.218448313891805e-06;4.111375030241774e-06;4.331848870180371e-06;2.3775383115092534e-06;1.6288555189654473e-06;3.144130459986627e-06;3.745287611746801e-06;2.2531253796819042e-06;5.671037527037375e-06;1.4094216423265746e-06;5.435464241564179e-05;0.00011067672910531053;6.764636287999027e-05;0.00010671490389768807;6.76149197751849e-05;1.7612400103159503e-05;8.260735906696091e-05;4.467489438536082e-05;4.352444425800747e-06;6.411929991633495e-06;8.606183340594087e-06;9.26335027808937e-09
00:11:36;357;2.348637320504953e-06;3.233551806376074e-06;5.48806508158263e-05;2.2769605575557637e-06;2.1575503817478587e-06;4.870209066738922e-06;3.7257784868607113e-06;2.485821033459956e-06;1.2963993852563052e-06;9.941654468144505e-07;2.6964532557501157e-06;2.930345823447634e-06;1.2782683483824153e-06;2.573810853334635e-06;8.978843314915769e-07;2.9715338357589964e-06;3.2969980445239895e-06;6.102180025122891e-06;5.211349703073855e-06;3.608830920826751e-06;1.8077495514250898e-06;1.545300971763107e-06;3.826320530203668e-06;3.902074640676272e-06;1.6637810098979537e-06;3.560653699941777e-06;1.3058475596602576e-06;5.243815691863776e-05;0.00012710577721688446;0.00011199125594904595;0.0001613218196475066;5.031758324886078e-05;1.0527314630617046e-05;7.864787181982886e-05;5.194063948905651e-05;4.165470785951215e-06;2.178199811364952e-06;7.919259797156024e-06;1.44604750056517e-08
00:11:38;358;2.629999436656114e-06;3.510184566799074e-06;4.648612435542583e-05;1.645329657810764e-06;2.6023596623080505e-06;2.8608180395133847e-06;3.1448575900195794e-06;3.2070791548089903e-06;3.169484319927433e-06;2.9280011772734516e-06;2.2374088740920426e-06;2.558489452620837e-06;2.2379975653695863e-06;3.914097092015047e-06;1.054069748333704e-06;2.2776029574075275e-06;3.687123477062368e-06;4.279961129651394e-06;4.424163483270581e-06;4.3876197961955904e-06;3.829990131220533e-06;3.4864693830807286e-06;3.2461909304862573e-06;3.548247087000843e-06;2.5561070125334054e-06;4.976440912954947e-06;1.4222974430053967e-06;7.363853294383358e-05;0.00012396292157965252;6.483684141794064e-05;6.882860903556582e-05;7.64874793839585e-05;1.61581139502706e-05;8.297710392182746e-05;3.4670032249169154e-05;4.276336222991188e-06;3.307598047134678e-06;8.685101770331144e-06;4.8217424347019165e-09
00:11:40;359;2.651092213474209e-06;3.538092382941498e-06;4.904527921484323e-05;1.6244255183004632e-06;3.404106189334884e-06;5.503621515856594e-06;2.762490026952946e-06;1.6825814131073777e-06;1.720900435002322e-06;9.719214180137214e-07;3.860961623787644e-06;3.1632626255757983e-06;1.7256436417186065e-06;4.192977663822458e-06;1.2002136656651496e-06;2.2095428583938136e-06;4.580662662883236e-06;6.807091756831763e-06;4.135848582877713e-06;2.939674288162551e-06;2.2601247818312017e-06;1.4908288768552506e-06;4.884271407441886e-06;4.190497681716069e-06;2.1277565142381833e-06;5.232969793792972e-06;1.5978383706894846e-06;7.836048202353128e-05;0.00012435386805410373;6.743430523252501e-05;6.909496896672035e-05;6.794041657618073e-05;2.6561725479626472e-05;8.824252948610722e-05;4.770679571232379e-05;4.4829982607435875e-06;6.045366819240311e-06;8.306415209540943e-06;1.3478757475377248e-08
00:11:42;360;2.4719273393455667e-06;3.3364435550331246e-06;5.076280519977226e-05;1.4780169690163027e-06;4.567297611143576e-06;3.7236273737952596e-06;2.522596880635578e-06;2.383423848425795e-06;2.794302225000484e-06;1.3626144840340648e-06;2.8848884441727436e-06;2.729235533329508e-06;1.3765597054157555e-06;2.805471114732747e-06;1.0350929197403245e-06;2.1231575794468258e-06;5.626576397890524e-06;5.118633976916833e-06;3.8210807758067734e-06;3.4485214160391662e-06;3.3255405929893743e-06;1.8362135379683871e-06;3.892960539584997e-06;3.772003489032187e-06;1.78107846099747e-06;3.887642372929701e-06;1.4039125371882504e-06;7.414959069826481e-05;0.00011079940191441673;0.00010421501892120097;9.286882153040202e-05;6.633180500641362e-05;6.838550514296951e-06;9.130628471535505e-05;4.6627113845762535e-05;3.4693318403147285e-06;4.132177783928587e-06;8.401797455781009e-06;1.3768171129966847e-08
00:11:44;361;2.185105033318409e-06;3.046238986561421e-06;4.99314394069635e-05;1.7272087718047466e-06;2.414777578381559e-06;2.972496726498393e-06;2.847781219082115e-06;3.905956213982749e-06;1.1929364530548592e-06;8.384178320901143e-07;2.6080437759322774e-06;3.1635925862810215e-06;1.3862878953057651e-06;2.198680726615201e-06;9.650796546558447e-07;2.340747447662948e-06;3.570859134234075e-06;4.306594660250349e-06;4.140585714813375e-06;5.089151762126388e-06;1.7069106128980786e-06;1.3267490121334164e-06;3.5911929519241747e-06;4.121839676280373e-06;1.7865290310855695e-06;3.2282409243128348e-06;1.345466216302548e-06;6.72692656410218e-05;0.0001368851385036468;8.282504816547476e-05;9.802098476010679e-05;7.422686686888568e-05;1.1220273661999589e-05;7.602600986308159e-05;3.6700223982506544e-05;3.879430246077998e-06;4.5389466281416485e-06;7.582259186803966e-06;2.825375814826226e-09
00:11:46;362;2.751723199684813e-06;3.684556727593984e-06;4.7489418358920923e-05;1.867372322873383e-06;2.5457825486473564e-06;7.406240790430729e-06;3.056730823529237e-06;3.1400394966205814e-06;1.632880617547466e-06;1.009360224856305e-06;2.265616064856989e-06;2.0830387984202305e-06;1.3263876404485069e-06;5.5958136393676545e-06;1.0914144706381472e-06;2.6121305902765755e-06;3.638325672828971e-06;9.234929615259613e-06;4.420171239008262e-06;4.241950479429105e-06;2.1319205119698958e-06;1.4995144415277974e-06;3.2937836916557267e-06;3.1223995821636878e-06;1.752247043631415e-06;6.7550145276867095e-06;1.5122919322332367e-06;5.7624653997001413e-05;0.00012279109230083085;8.064506067444389e-05;4.8161231206748864e-05;7.309527375988704e-05;3.530861865588616e-05;8.906973130441917e-05;4.4175088052473885e-05;3.822812100365724e-06;6.190464060932536e-06;8.98317576889875e-06;5.8184251628213105e-09
00:11:48;363;3.803930102463937e-06;4.6440186106568184e-06;4.164560829484832e-05;2.272358650579065e-06;5.351022830976407e-06;3.3360987595058718e-06;8.923871075952858e-06;2.7465749595475844e-06;1.5997469656041248e-06;1.5582041254867043e-06;2.759475442169126e-06;7.341611089889904e-06;1.9809328625118963e-06;4.090725506697171e-06;3.686537497574446e-06;2.9158379862288895e-06;6.371113089745116e-06;4.807270425783516e-06;9.946597165713982e-06;3.863459694543905e-06;2.1690142289174483e-06;2.0437473758244744e-06;3.7458656531927337e-06;8.371931989695671e-06;2.3443012147438395e-06;5.173378552551841e-06;3.975704180159978e-06;6.98096890326706e-05;0.00011447574902555309;6.597671703116382e-05;3.700020818573844e-05;6.33585643298921e-05;7.968971539947646e-06;9.24608277398702e-05;3.398306698357378e-05;3.6295904297092697e-06;3.2052856272695823e-06;7.87289253604753e-06;5.73707674372896e-09
00:11:50;364;2.072688337245216e-06;2.9571657924412947e-06;4.6936301000631544e-05;2.064959742753558e-06;2.83198996907753e-06;2.6250315127252963e-06;2.5892843567021373e-06;2.0220939240609615e-06;1.3809087107736155e-06;1.2535873322828583e-06;1.99083340762291e-06;1.9504757098331993e-06;1.2237953524098864e-06;3.7881835349392903e-06;1.1511156414330386e-06;2.7715109857851957e-06;3.9931715439741285e-06;3.9789804822812815e-06;4.009809468767298e-06;3.2366864345505426e-06;1.8736059951439943e-06;1.7450539406967484e-06;3.0369292563257578e-06;2.900020258724148e-06;1.6805746453647323e-06;4.741816935706936e-06;1.5178282056476285e-06;5.7017851689744195e-05;0.0001380355948205598;6.210139583126084e-05;7.672715440405031e-05;7.677360410044589e-05;1.176405042457107e-05;8.50033807349355e-05;4.0297911992754574e-05;3.4484474944040237e-06;3.6889801034833713e-06;8.366951295663671e-06;1.0289115705513517e-08
00:11:52;365;1.923235183554084e-06;2.793998217822275e-06;5.3777022931066067e-05;1.9525873369084157e-06;2.1003979908068065e-06;3.5167005469299344e-06;2.473969476471635e-06;1.521052301485652e-06;1.7656623137311684e-06;1.0802496305150167e-06;2.323915536773701e-06;2.2705909624417844e-06;1.1042582329746542e-06;1.9141723797133636e-06;1.0552647414482665e-06;2.569967158464512e-06;3.2104447810421402e-06;4.771195502639152e-06;3.850831634033828e-06;2.6036723787726687e-06;2.3009219453745607e-06;1.5604537809308625e-06;3.4574682017649403e-06;3.236640461895886e-06;1.5103012771438053e-06;3.0036857384126235e-06;1.4523947712243884e-06;5.813278596237922e-05;0.00014062977852725506;9.744165118589552e-05;0.0001304290469933653;6.343067253005104e-05;8.733511655489369e-06;8.572745564376636e-05;4.4647438303351744e-05;3.7367627658729757e-06;4.051068912268094e-06;8.357115168309996e-06;6.987524788136589e-09
00:11:54;366;2.0609202351160794e-06;2.977630712641396e-06;5.328377534697417e-05;1.4684586388889123e-06;2.612743268283101e-06;2.9436813694484374e-06;3.0962792525457417e-06;1.819216697285242e-06;1.4295362914024616e-06;1.369169822286086e-06;1.9068552944322514e-06;2.7596002664412564e-06;1.5946928420198312e-06;2.198023160330949e-06;1.5327849665877382e-06;2.1472360041242827e-06;3.7432381575370848e-06;4.33622335549444e-06;4.569000065536864e-06;2.943532956146843e-06;2.0149068448034406e-06;1.928830712027844e-06;2.9883551590075192e-06;3.7349523384513812e-06;2.0955606003876193e-06;3.3015060096981353e-06;1.9282254821588093e-06;6.896288102559874e-05;0.00012293224734212242;8.867830102419711e-05;0.0001240676426359269;6.948771051570983e-05;1.3548047207572845e-05;9.017066435388892e-05;4.560681056194338e-05;3.4378317044464695e-06;4.128043889182755e-06;8.377305263258374e-06;7.818639842075155e-09
00:11:56;367;3.0411017991515234e-06;3.962760608454671e-06;4.3505068075803855e-05;3.83557378052563e-06;3.5060638647686138e-06;3.7370708912863972e-06;5.162176473757799e-06;2.023511162428029e-06;1.7106412427187416e-06;1.2464728427600975e-06;2.9657326064060707e-06;5.440573683689433e-06;3.4501974392627104e-06;2.3211016730458183e-06;1.094104911558702e-06;4.506581553523805e-06;4.693583326150451e-06;5.355520941037279e-06;6.2595145266906126e-06;3.1992663241309647e-06;2.2174920493139496e-06;1.766260087566203e-06;4.038308381634032e-06;6.602686656301154e-06;4.032823236356526e-06;3.389367977053806e-06;1.4917209594824282e-06;5.962680071493903e-05;0.00013691375710447832;5.072411724494855e-05;4.3966105915042015e-05;7.306553748836526e-05;1.4741647242842144e-05;8.443055959744463e-05;4.1676960389799736e-05;3.143743084105135e-06;5.7082697154665114e-06;8.05085406649666e-06;1.246434571820982e-08
00:11:58;368;1.9185991081113487e-06;2.8005928833166925e-06;4.7445146273026634e-05;1.4177593961051116e-06;2.7336939206050332e-06;2.5168171965103428e-06;2.823758761846565e-06;1.7413700296680707e-06;1.2363281499167493e-06;1.4483674676571665e-06;2.206882149186578e-06;2.019512786494653e-06;1.3474905059237843e-06;2.0515252058766524e-06;1.4796830300831878e-06;2.0360742964149274e-06;3.875327400214413e-06;3.948587091950754e-06;4.11420392141091e-06;2.8735111331852865e-06;1.7450735027477427e-06;1.9668583893724623e-06;3.1998275830971314e-06;3.0577757599208388e-06;1.7094794216812064e-06;3.1673183094668113e-06;1.9130769009901582e-06;6.125386826226127e-05;0.0001179943708696035;7.465548839021061e-05;8.596880313187198e-05;6.488412229327234e-05;1.0845591368083043e-05;9.306850772761331e-05;4.463143057406663e-05;3.5879534815038896e-06;3.8094701405300984e-06;8.636246215760191e-06;5.902821542704209e-09
00:12:00;369;2.077194039077054e-06;2.9722081411750015e-06;4.6660881028641966e-05;2.0405943672585636e-06;2.1825791433565716e-06;3.0322640427662217e-06;3.210020006411634e-06;1.7273143356856158e-06;2.036955058121686e-06;9.807897890209718e-07;2.6893325266932133e-06;1.9754196555704144e-06;1.7506916225394e-06;2.056450761920494e-06;1.2439162828670192e-06;2.6902901645716835e-06;3.3445693289546466e-06;4.444042732054957e-06;4.453911310808012e-06;2.8870001398002075e-06;2.651367132865387e-06;1.489769549377193e-06;3.8037351921819303e-06;3.0287346198402023e-06;2.0947678915692014e-06;3.1220501505576746e-06;1.656258555115102e-06;8.280828642439189e-05;0.00012005209030728987;7.807738217475665e-05;7.493069984017793e-05;5.675155776871906e-05;9.905643477561399e-06;8.349659784714836e-05;4.053338340208983e-05;3.062686675833361e-06;2.1105460509218077e-06;8.19398202410618e-06;7.716350707429295e-09
00:12:02;370;2.177231203730075e-06;3.0643353292811e-06;4.935432672103799e-05;1.683872734742858e-06;2.2803006158059444e-06;3.0789526908653837e-06;2.371777451447666e-06;3.7072576533474106e-06;1.4226794182321938e-06;9.92413439426798e-07;2.0044082400325825e-06;4.238420547218104e-06;1.259939221560041e-06;2.0002878603587635e-06;1.086463674501462e-06;2.3291822266907695e-06;3.4002178128065667e-06;4.498013517656511e-06;3.8044349044475548e-06;4.757504513368594e-06;1.94739593380406e-06;1.4655671211412597e-06;3.0618058690954886e-06;5.183695517949166e-06;1.721462231677223e-06;3.0818772025852496e-06;1.5208659366595109e-06;6.620388384346316e-05;0.00012380498894564264;8.856355673457942e-05;0.00010777365876673128;5.8606475491433913e-05;9.549722101344505e-06;8.749824811954696e-05;3.5630206097892024e-05;3.6100291068467213e-06;3.3115675462041913e-06;7.689882952168325e-06;9.700946602968685e-09
00:12:04;371;2.374003832466604e-06;3.301530951726887e-06;4.725512452949125e-05;1.5190767582011362e-06;3.0027023337259546e-06;2.9442561555661295e-06;3.1900910708189527e-06;1.7753384830918797e-06;1.4001421136843428e-06;1.8363767384308651e-06;2.017404906078985e-06;2.4107012901453118e-06;4.3049359923295265e-06;2.5350767505407457e-06;1.5519424688389707e-06;2.149149116155945e-06;4.194109086584612e-06;4.423492771222092e-06;4.544008158483871e-06;2.9024389562701927e-06;1.9661588296486705e-06;2.4364726550917526e-06;3.080937890272368e-06;3.4555312716212388e-06;4.902821285812232e-06;3.602178016011795e-06;1.961072292010325e-06;6.915347442619495e-05;0.00013991287070434062;7.729250980144848e-05;6.703122376496766e-05;6.919934376833797e-05;7.052961277046585e-06;8.197311379309391e-05;3.764531886391778e-05;4.483318690279005e-06;5.413144330382766e-06;7.891902945305014e-06;1.2311988580275044e-08
00:12:06;372;2.960388579770717e-06;3.893194069618564e-06;4.2803050525451116e-05;2.5947695144039202e-06;3.143471509112963e-06;1.0049997982910305e-05;2.6573832766597536e-06;2.6081100054591904e-06;1.3288151071609955e-06;1.3955588909133418e-06;2.3878623532621903e-06;2.827772431243406e-06;2.9094868354965926e-06;2.5179891251654722e-06;1.1034449166916458e-06;3.2347304467512465e-06;4.195380905555426e-06;1.1786530436277449e-05;4.129422211319044e-06;3.7275417338881924e-06;1.8530508996954716e-06;1.972947124694299e-06;3.384736268793559e-06;3.914368286316432e-06;3.416309234897291e-06;3.5562879526843993e-06;1.5470216954447925e-06;5.8231520770444765e-05;0.00010943262468877573;6.231379642717025e-05;3.9250916799840084e-05;8.274984722739224e-05;1.794155007429433e-05;7.885717372533581e-05;4.5294462241834656e-05;4.375113901692138e-06;6.877528387909585e-06;8.305980699944124e-06;6.0913607795428505e-09
00:12:08;373;2.542599228534796e-06;3.4191524995364916e-06;5.331643689915732e-05;4.810163817319852e-06;2.4357253896247566e-06;2.8716673147693488e-06;3.1195814954284886e-06;3.1774809910506914e-06;3.078654234656142e-06;1.1458831405358245e-06;2.2260064597258054e-06;2.3254317631101045e-06;1.890653894614564e-06;2.1633910338310485e-06;1.2665502690270811e-06;5.346945937174185e-06;3.540656401047629e-06;4.256078662227175e-06;4.466957687074245e-06;4.320593723582245e-06;3.748961262317607e-06;1.6666856805398e-06;3.2402276082957772e-06;3.3308137972198892e-06;2.2466874278956012e-06;3.208897724798129e-06;1.6563229187743707e-06;6.0017995382026686e-05;0.0001250377796158823;7.648277827250778e-05;0.00013917681444992365;7.756230446956748e-05;2.455006104560352e-05;8.163814596541557e-05;4.074515749423761e-05;2.799784889060056e-06;3.698323401334831e-06;8.068991598254242e-06;1.9106206073978764e-08
00:12:09;374;2.850679037309915e-06;3.725271541572764e-06;4.303790195818984e-05;1.9493210079637246e-06;2.8156837191514486e-06;3.5721927202106682e-06;3.930303847710093e-06;1.985328244751889e-06;2.240285214066324e-06;1.6299192740538098e-06;4.909670128228072e-06;2.1038994107284865e-06;3.864144488829879e-06;3.5717512306183092e-06;1.635648297127933e-06;2.626533503793832e-06;4.050127602026862e-06;4.939080286654828e-06;5.119747702107666e-06;2.99759172672635e-06;2.8285963575790793e-06;2.1582473730436334e-06;5.855990504550149e-06;3.0493518660121114e-06;4.433453134108184e-06;4.6370447002625e-06;2.0074929361265887e-06;6.384583892647719e-05;0.0001372833083786243;4.471740861994265e-05;3.922237910011498e-05;7.896185971361618e-05;1.8397364453316894e-05;8.560576878699583e-05;3.115877349959952e-05;3.096788093044413e-06;6.093388710697712e-06;8.05661771964269e-06;1.532749620556657e-08
00:12:11;375;2.274923491766985e-06;3.183681540956715e-06;5.823342125424633e-05;2.319228858576656e-06;2.100929589652558e-06;2.6600851819451194e-06;4.099599040201114e-06;1.7559678552426694e-06;1.7551507692882173e-06;8.956815922076735e-07;2.598216994927198e-06;2.393278274549392e-06;1.456085235253888e-06;2.3460313738545646e-06;2.918826166461744e-06;3.0258417632754986e-06;3.2094451456297193e-06;4.1396185190046994e-06;5.557923558730112e-06;2.9840086636807116e-06;2.3380388688277476e-06;1.4054495839537836e-06;3.717334061835987e-06;3.334173430354169e-06;1.8616445726642085e-06;3.3868972872070014e-06;3.2438020217698435e-06;6.078066475514887e-05;0.0001223992299840663;8.852114890043452e-05;0.00016911224672539878;7.479317601571569e-05;2.154484744754313e-05;9.358263577592655e-05;5.119049026440628e-05;3.801619347644278e-06;4.822211445669559e-06;8.243287125109335e-06;9.49726389245076e-09
00:12:13;376;2.110367744152923e-06;3.013918831705188e-06;4.5535434854170824e-05;1.396136936645834e-06;2.0891505745559224e-06;3.005161050107962e-06;3.7848433949766953e-06;3.380378357191334e-06;2.0726398607900425e-06;9.231696296296832e-07;1.9233929921889303e-06;2.0527552222078653e-06;1.386730454668659e-06;2.2782458888315205e-06;1.031807584948232e-06;2.0382471353813446e-06;3.2354684945063657e-06;4.492149069916149e-06;5.154750716670444e-06;4.518285095400643e-06;2.6621780114487306e-06;1.3994120911752073e-06;2.9932281870083275e-06;3.06972964021434e-06;1.7887337613685786e-06;3.3765875920109948e-06;1.4382550564076593e-06;7.724397832377814e-05;0.00010643171738556847;6.140976633654818e-05;7.806222113718497e-05;5.295290846742385e-05;2.1902954522917427e-05;8.944113946775864e-05;4.15223831662772e-05;3.817996372270062e-06;5.2270869919421635e-06;8.404052901986846e-06;9.013176393754197e-09
00:12:15;377;2.851119145865575e-06;3.7375240901406246e-06;6.533465453619786e-05;2.26517600232512e-06;2.7870373440208596e-06;3.1840588384891464e-06;4.403931493096087e-06;2.9246153137243236e-06;2.000180003201215e-06;2.1473980533961234e-06;4.49012788421173e-06;2.137567450882278e-06;1.5650476341151758e-06;4.0143179681383465e-06;2.293970726990386e-06;2.9825613755517075e-06;3.897650769224267e-06;4.591683715330827e-06;5.929223328776867e-06;3.885357939539005e-06;2.5459840522855784e-06;2.6575669323127712e-06;5.4821595531854044e-06;3.132620482183138e-06;2.068713965969966e-06;5.049712413731672e-06;2.6270531630911414e-06;6.254761508080809e-05;0.00015481561302417793;0.0001458079097166635;0.000201429095503532;6.305717221713118e-05;1.6841345007612143e-05;8.439581672261519e-05;3.8976603754856e-05;3.5821474715682777e-06;4.168112393959669e-06;8.379465388699658e-06;1.4958152750624414e-08
00:12:17;378;2.4786883860175832e-06;3.4099345721418253e-06;5.244558059307034e-05;3.9106072851069484e-06;2.2496251182699014e-06;3.431183351180907e-06;3.5357667943391005e-06;2.0129167429449137e-06;2.415492503228155e-06;1.0382873012269236e-06;2.5221962062328305e-06;2.374849314696286e-06;2.1300157802399284e-06;2.986977168071483e-06;1.1363421613775804e-06;4.556943913139779e-06;3.3335258514185463e-06;4.9629282364525975e-06;5.039431672702438e-06;3.132491713850995e-06;3.050230475309945e-06;1.5936869310361188e-06;3.6200944903243852e-06;3.4258652554347498e-06;2.5921434239017235e-06;4.076690459706823e-06;1.5351812479924706e-06;5.771538508751416e-05;0.00011332303518006737;6.48315877475727e-05;0.00014062343925738116;7.762750847523316e-05;2.0537913251018398e-05;9.301155025401996e-05;4.494131855729821e-05;3.5461870877731796e-06;4.931158984949654e-06;8.247718723847946e-06;1.0164510168307824e-08
00:12:19;379;1.777001255960768e-06;2.6742819108785855e-06;4.517537006045708e-05;1.8487357243463458e-06;2.7992182396665366e-06;2.485827517646881e-06;2.415655450378877e-06;1.5418373985231038e-06;1.3278533572893345e-06;1.2323484704620826e-06;1.9914256075281855e-06;1.8904307076507043e-06;1.0788252448147195e-06;1.8722110365455469e-06;8.396458507062025e-07;2.5497122797338605e-06;3.862136866159802e-06;3.880305723813061e-06;3.8015922096816165e-06;2.7331978206440242e-06;1.8867699969931996e-06;1.801428298458171e-06;3.018354962627706e-06;2.903759453354585e-06;1.4874504105609038e-06;2.9429455017185618e-06;1.2237285440727347e-06;5.973143978981324e-05;0.00011856105266255344;6.505355066173404e-05;7.82567202426982e-05;6.744130267638213e-05;1.2139186511126556e-05;8.850662437379797e-05;3.7229263049439793e-05;3.2349463458231056e-06;4.08060324499953e-06;7.854666721538521e-06;1.508444557833402e-08
00:12:21;380;2.1413036029568646e-06;3.0533303225074402e-06;4.413116410335345e-05;1.3414567862988427e-06;2.2734665755631442e-06;3.051558510850069e-06;2.5974030460996676e-06;1.7229233782697664e-06;2.5543754587883685e-06;1.209807260512977e-06;1.9279495268940328e-06;3.6728586933840934e-06;2.1380414647609314e-06;2.1203438240746664e-06;1.0854578185776569e-06;1.9466557360725415e-06;3.41292769330203e-06;4.524630947896726e-06;3.983824738877703e-06;2.9569358097248796e-06;3.1670197707091024e-06;1.7063798587008057e-06;2.974752625292079e-06;4.645694294203732e-06;2.651429808850745e-06;3.2189340276136712e-06;1.4507776421551976e-06;7.625120349966413e-05;0.00012894702114844863;5.6719927923741965e-05;4.083572098533338e-05;7.200482852593874e-05;8.095649238654043e-06;9.176053201731574e-05;3.8540696121839805e-05;3.7054548701082867e-06;4.6059410903734534e-06;8.08384045583895e-06;2.315336298430525e-08
00:12:23;381;2.0699268009526475e-06;2.9779956013401173e-06;4.577251790623545e-05;1.3558642387420408e-06;2.334330380064516e-06;2.9161466079069047e-06;3.0291403958089673e-06;2.4804605480710507e-06;1.4989400227705119e-06;1.013021469416357e-06;1.8553357106815775e-06;3.9687371511185825e-06;1.0925462133377033e-06;2.26582446155083e-06;1.0287736078786545e-06;1.9934651460015963e-06;3.553238569491188e-06;4.437570241056095e-06;4.366478249353292e-06;3.67455377387689e-06;2.03443687496474e-06;1.5328493712135978e-06;2.932434720409956e-06;4.992421678897573e-06;1.4955025830480552e-06;3.299172053457484e-06;1.4238229685453248e-06;6.942200121924272e-05;0.00012715296846630496;5.7268681728917615e-05;5.82762302066614e-05;7.43976560495962e-05;1.573342814583247e-05;8.800933372606079e-05;4.1493076212273984e-05;3.817482316668423e-06;5.617539472331218e-06;8.061355999857302e-06;2.0461331078509022e-08
00:12:25;382;2.95408998983827e-06;3.792921098707505e-06;4.5290356471011456e-05;1.7997676000838034e-06;2.113566320102481e-06;3.4727717619566856e-06;7.467812977133483e-06;5.938659584294535e-06;2.2214921396565304e-06;1.4758768620155975e-06;2.2918792948316153e-06;2.518953781722127e-06;1.6324318436001695e-06;3.2110963556032277e-06;1.3047704938303055e-06;2.4013507521586587e-06;3.3138120112267596e-06;4.826827189620566e-06;8.581009671063298e-06;6.939924879830708e-06;2.7836475090202553e-06;1.9577587934265146e-06;3.3436349411526346e-06;3.3819584316490043e-06;2.0508568016488933e-06;4.21576786248818e-06;1.7185027970782945e-06;8.069316626969656e-05;0.00014312851389959862;6.39277071605579e-05;4.769363866541318e-05;5.380937255967157e-05;1.2364244617527127e-05;9.133679162095984e-05;3.532672473470769e-05;4.212964324062588e-06;3.368282651844457e-06;7.6178875002867235e-06;4.983647811230507e-09
00:12:27;383;2.1398401118104133e-06;3.027456824395502e-06;4.4813985021209855e-05;1.3589783601472307e-06;4.312006512014415e-06;2.7932716467918537e-06;2.709659415471451e-06;1.6760772097092833e-06;1.6361047963703805e-06;1.260475849675722e-06;3.017877717423093e-06;2.3080910097919824e-06;1.1894247394682689e-06;2.452311449503823e-06;9.638017991778467e-07;1.98794367274268e-06;5.275551745709683e-06;4.1928045747330475e-06;4.061873867129501e-06;2.8127963206097314e-06;2.2439025378498858e-06;1.8066364263280707e-06;4.032095300973669e-06;3.4090571687879157e-06;1.5673011521185005e-06;3.5630173385205907e-06;1.3765007532681551e-06;7.450363892682932e-05;0.00010285253072616053;5.864652572025434e-05;7.37185538172164e-05;6.41882131334656e-05;1.4176095082389534e-05;8.828415727048283e-05;4.5585758840368084e-05;4.329812535178101e-06;3.6879780510743384e-06;7.789084076700212e-06;5.472074398896576e-09
00:12:29;384;2.744260009215147e-06;3.5942312859080194e-06;4.0897789056913495e-05;2.8546277085181062e-06;3.6756780529985504e-06;3.2678212602958596e-06;6.538906107648885e-06;2.3679261878971727e-06;1.975125567584128e-06;9.939244148120125e-07;3.1306308262525238e-06;3.0751772283369148e-06;1.6953800480673016e-06;2.260778172992094e-06;1.0951437011383094e-06;3.4924533775677134e-06;4.7997195820301655e-06;4.679896680004909e-06;7.681913181921671e-06;3.543649681945036e-06;2.5434789772071217e-06;1.5055110491377053e-06;4.187998571598909e-06;3.892814954235314e-06;1.99737359227146e-06;3.3382052894426756e-06;1.467760039505737e-06;6.681654896520095e-05;0.0001242412893791338;5.4168280120475014e-05;2.6170500087967312e-05;6.317349950780845e-05;1.1835128058912623e-05;8.651088267742242e-05;4.107015950558739e-05;3.6439544343095705e-06;4.752234261773516e-06;8.385606582405331e-06;5.385101965588597e-09
00:12:31;385;2.6679891052791307e-06;3.5581393816916912e-06;5.828062986895809e-05;1.6119740112427197e-06;2.3400882217830796e-06;4.006300945940728e-06;2.6496979369415965e-06;1.7882708709393569e-06;2.7882942146688223e-06;1.0583683021294441e-06;1.9840712541190957e-06;3.2581424440019706e-06;1.696699437755714e-06;7.700362645705768e-06;1.13359813075869e-06;2.2273919236070042e-06;3.479374173147784e-06;5.353494940853908e-06;4.019943389721448e-06;2.9571117839980074e-06;3.392806041154449e-06;1.5148016476054687e-06;3.051218826943954e-06;4.1997818093880635e-06;2.109036056682743e-06;8.88080057272499e-06;1.511910002740985e-06;7.49987561581061e-05;0.00014517246428206033;0.00012948736273538997;0.00013196829714026356;7.16054041205565e-05;9.146452060568422e-06;8.087761403668865e-05;3.967958908969062e-05;3.974469001178024e-06;4.232290789139291e-06;8.21722672464813e-06;7.63228920772853e-09
00:12:33;386;2.338745125320749e-06;3.2152729516705614e-06;4.567094491471124e-05;1.4203604189365715e-06;1.8210593338740078e-06;3.85345123955393e-06;4.799874855233487e-06;2.245481805829286e-06;3.499462774346863e-06;1.52874494574462e-06;2.070042905735001e-06;2.049125413188852e-06;1.5400066777360166e-06;2.276885884681819e-06;9.604443960142817e-07;2.0408491522336786e-06;2.9859262800136657e-06;5.133438507176765e-06;6.039710886490198e-06;3.4632690884894987e-06;4.012937782285514e-06;2.017968658716959e-06;3.123876588607702e-06;3.057049240586694e-06;1.9945841482764034e-06;3.335733826813189e-06;1.3779301501109572e-06;7.259632549271052e-05;0.0001325163071775063;6.779705821165951e-05;4.9484245934315463e-05;7.407163200647938e-05;8.275271454597029e-06;8.756290655868755e-05;3.909468376055431e-05;4.098047846303472e-06;4.43153892541646e-06;8.11517225593358e-06;8.14935237131828e-09
00:12:35;387;2.582672860543508e-06;3.530835455640505e-06;4.524826881780487e-05;1.3857680962332934e-06;2.3932996609168167e-06;5.357257409082711e-06;2.5068985071253667e-06;3.363409885795673e-06;2.765281516013054e-06;8.726623614840889e-07;2.2093535679733702e-06;2.1168008377259184e-06;3.63571171391186e-06;3.0778120160784344e-06;1.3078178532859914e-06;2.0110731677764136e-06;3.5355431412461236e-06;7.034762129018118e-06;3.951005544854237e-06;4.724121841327015e-06;3.3889475674451333e-06;1.4046795247194024e-06;3.2339599450016425e-06;3.1553824032062615e-06;4.107500522371117e-06;4.121606193736245e-06;1.7014423055046838e-06;6.64943264405071e-05;0.0001251569001068089;5.8915719404744e-05;3.888218975109954e-05;8.294557722454957e-05;1.4209846277516122e-05;9.506207484546352e-05;4.1519154932595616e-05;3.88796644930606e-06;7.868608954694406e-06;8.029412298452024e-06;7.449127921601549e-09
00:12:37;388;2.69750933574125e-06;3.6538644444935695e-06;5.2817383152763477e-05;1.370903526617698e-06;2.0444335835569727e-06;2.882916437130234e-06;2.4443673015381053e-06;1.952082587050344e-06;1.4847851965300989e-06;1.0396065770266396e-06;2.143980155350727e-06;2.3239389145986293e-06;1.143224903253006e-05;2.2133536718174893e-06;1.0374941270541171e-06;1.987502941971533e-06;3.1977170416396375e-06;4.213037519099389e-06;3.792946184643646e-06;3.2084515442541406e-06;2.0907584036039327e-06;1.5532561405962042e-06;3.2810815591341153e-06;3.4620970059740666e-06;1.2265673744935422e-05;3.3488722376113158e-06;1.444977364878434e-06;8.61897976970878e-05;0.00011167109093730156;0.00010989678002357433;0.00011343837686543677;5.930024291101974e-05;9.458609621994922e-06;8.962520635715009e-05;3.784672725081438e-05;4.01556235313118e-06;4.585145771140555e-06;7.772109930027569e-06;8.948114482818446e-09
00:12:39;389;2.026110462758559e-06;2.917157209732885e-06;5.076311200937283e-05;1.814070297615186e-06;2.9581119775912157e-06;2.6695776212645486e-06;2.462586241914654e-06;2.240032903409108e-06;1.2953852630559481e-06;8.441001249082092e-07;1.9105155385804293e-06;2.983369993552804e-06;1.3993355477188112e-06;2.7698477176520764e-06;9.663914878837494e-07;2.442446314869559e-06;4.204739341247072e-06;4.081789512970836e-06;3.8650666680686176e-06;3.4179593633699728e-06;1.8254380965797132e-06;1.3407523714606583e-06;2.936216373476598e-06;3.978367111571222e-06;1.771110767468956e-06;3.8099379690732037e-06;1.3320615678395957e-06;5.4728764566461786e-05;0.000157801150793072;7.689713762624363e-05;8.342444660788847e-05;7.26817674730973e-05;1.7395277454886298e-05;9.135772900558807e-05;3.9569375553782686e-05;4.376616571303399e-06;2.9075104349313255e-06;8.001875397547975e-06;1.5692627670973454e-08
00:12:41;390;2.309639873294083e-06;3.202172083432213e-06;5.154336392278309e-05;2.5121426203094703e-06;1.9183626836555785e-06;2.804984753074729e-06;2.4106476105794688e-06;1.5869897822540224e-06;1.5105445281675274e-06;1.1821771613346692e-06;5.073525392292182e-06;2.4877608361218893e-06;2.3291769986661333e-06;2.271068982651059e-06;1.6282962372377534e-06;3.1677753809220386e-06;3.10045527529135e-06;4.19232509258005e-06;3.84949099279305e-06;2.714551547347882e-06;2.051408952716377e-06;1.6706747358143672e-06;6.207278533157144e-06;3.4907855772675987e-06;2.653069609090081e-06;3.323149761670237e-06;2.0050983545808798e-06;7.166152551980286e-05;0.0001427510059251029;7.11695559993523e-05;9.512619879405927e-05;6.744108451307268e-05;1.4424870455601683e-05;8.953085348573237e-05;5.136431131404597e-05;3.6955638846356013e-06;3.3475418820772615e-06;8.000811553812631e-06;7.043746101260413e-09
00:12:43;391;2.2947029653411475e-06;3.1774992766247435e-06;5.333977327931926e-05;3.703272068959636e-06;2.213704998542777e-06;3.5269085740000348e-06;2.5018539857994555e-06;1.5020756657884766e-06;2.022741973271216e-06;9.792123648498896e-07;1.9309466014825394e-06;2.0208673406200846e-06;4.040761213146156e-06;2.08025426751135e-06;1.0138356052458164e-06;4.280881037491873e-06;3.31749219519305e-06;4.924828783858382e-06;3.872080878288296e-06;2.5785509392392934e-06;2.5730957338941776e-06;1.4373421273560353e-06;3.0124726286379007e-06;3.018792347552047e-06;4.54567672149315e-06;3.1757265361780417e-06;1.393050405268592e-06;8.378869353713882e-05;0.00012717103458197688;8.762506121156848e-05;0.00011372141352400457;7.007897467686794e-05;1.0697259449439037e-05;8.565643702452525e-05;4.399882508598599e-05;3.6657157040878243e-06;5.741725280265606e-06;7.91556346738024e-06;1.657580859039893e-08
00:12:45;392;2.5955005821355246e-06;3.513049469353363e-06;5.5443025280047686e-05;2.728640979751421e-06;2.2010270788993838e-06;2.681955027515993e-06;4.102790197438563e-06;1.6326359953663685e-06;1.398410327575887e-06;3.2890935646179287e-06;1.8958293868109877e-06;1.8323939411469714e-06;3.973641378768827e-06;4.398881702692072e-06;1.0107065502912798e-06;3.4312303358990305e-06;3.4073317076749674e-06;4.050579085558155e-06;5.604073366261149e-06;2.762608700541483e-06;2.0038048804260916e-06;3.791443256161557e-06;2.956659203892407e-06;2.8485701304931883e-06;4.322684951228991e-06;5.57962956503892e-06;1.3979777208930235e-06;7.351022747043926e-05;0.00013683859569549526;0.00010047054702437318;0.000128103294953681;6.651430459895077e-05;1.3876146570179336e-05;9.17318918897037e-05;4.017080377571302e-05;3.3930725792161792e-06;2.7664904033230263e-06;7.928861790556832e-06;1.2066608940494244e-08
00:12:47;393;2.0399875421229683e-06;2.955810976322649e-06;5.323142039649398e-05;1.3754944680628838e-06;3.1125114427639615e-06;2.5798186287834763e-06;3.582679249350659e-06;1.7234696635494051e-06;1.320802841966249e-06;1.0951529029695257e-06;1.956007192822023e-06;2.971973805640263e-06;1.2178325985636527e-06;2.0923464501201105e-06;1.4517604599685219e-06;2.035566126323829e-06;4.309701298437556e-06;4.033819576289727e-06;5.142433216941397e-06;2.8423983253502874e-06;1.85187804151921e-06;1.6523226617486033e-06;3.05072886113763e-06;3.960467628404112e-06;1.611922066676695e-06;3.1276806710800747e-06;1.850812145388358e-06;7.195494423899131e-05;0.00013936165661022435;8.535763170598161e-05;0.00010463782865707453;6.864040505073488e-05;1.546090469404689e-05;9.376858972702072e-05;4.293549789945453e-05;4.078888180967098e-06;4.234913379094864e-06;8.33409347478498e-06;1.1691139552111171e-08
00:12:49;394;1.8283125689774495e-06;2.7395985047336627e-06;5.044878882648392e-05;1.3033414344544203e-06;1.9140027151885097e-06;3.108851994100674e-06;2.252840491288246e-06;2.0964110298232246e-06;1.6134530235492859e-06;9.357297371695691e-07;2.0295279712973464e-06;2.204957709750488e-06;1.195441278977295e-06;2.0885858760457476e-06;1.196606979644602e-06;1.9196138481087866e-06;3.0286990488116603e-06;4.411121150801994e-06;3.6140633330686322e-06;3.282685999888772e-06;2.219536555987614e-06;1.4580681358547966e-06;3.1531510385435997e-06;3.3000688454539837e-06;1.6642671060345733e-06;3.223090893295159e-06;1.6008149669641504e-06;6.0406131046138477e-05;0.00012943922583640523;8.106944274157687e-05;0.00011522154030324094;6.9560347155712e-05;1.2168841644900606e-05;8.508485510444096e-05;3.727584560888525e-05;3.8280192651308e-06;3.5221392925253946e-06;7.796515622318947e-06;1.2562296531458582e-08
00:12:51;395;2.2074006939088906e-06;3.124791479836582e-06;4.5266242917667335e-05;1.7650418794413658e-06;2.1024309934215455e-06;3.5224867112049196e-06;2.4689416109941415e-06;1.9990873349423115e-06;1.2518488289617577e-06;1.5568911847810538e-06;4.892111669944783e-06;2.6774843572173848e-06;1.2419374576017554e-06;1.855247142337e-06;1.155298221694972e-06;2.465384420270599e-06;3.278872943351589e-06;5.0298760205678955e-06;3.843772084352006e-06;3.124686369879276e-06;1.751643394585054e-06;2.0964072068406345e-06;6.0347337630791796e-06;3.703600162260022e-06;1.680974564000211e-06;2.947265864902506e-06;1.5402796176963824e-06;6.644218729821966e-05;0.0001051932435919749;5.830174755978502e-05;6.852101721752773e-05;6.237889717972091e-05;1.608126227644068e-05;9.166196034243347e-05;5.669983708429608e-05;3.2481024754459553e-06;6.274039374713419e-06;8.366876239443218e-06;2.5744372007135943e-08
00:12:53;396;3.3916302726311187e-06;4.354391502245194e-06;5.372571800783065e-05;1.8023881957030985e-06;3.6549722563253537e-06;3.4704362192075875e-06;3.864699517014907e-06;2.018656333646618e-06;8.478309931609312e-06;9.330184496922104e-07;2.20280047471342e-06;3.5205008850751214e-06;7.552647140908096e-06;2.0709006994094765e-06;1.1302322868318853e-06;2.468732586864082e-06;4.875564408842975e-06;5.098009368442876e-06;5.426794152437559e-06;3.105564187650618e-06;9.417201016719756e-06;1.4332044121504083e-06;3.280377515256066e-06;4.535724713870094e-06;8.00870201935221e-06;3.1010276698113177e-06;1.5017940615760818e-06;7.463737278922838e-05;0.00011262197035474488;6.886862568853801e-05;0.00013407146525249705;6.479506742550877e-05;4.3229190866418925e-05;8.836379621890775e-05;4.2338530821876235e-05;4.267236154188003e-06;3.4774759430036285e-06;8.02722584472461e-06;1.0658734331791565e-08
00:12:55;397;2.481453735340851e-06;3.3551816901722936e-06;4.7878772400979505e-05;1.5706617668698186e-06;6.944148335786725e-06;2.642396274475025e-06;2.3695991289555836e-06;1.440621077864922e-06;1.4060668882946588e-06;9.69141705876485e-07;2.1486057474620877e-06;3.887109317252618e-06;3.291104526842952e-06;1.951864444455447e-06;1.1561247007014168e-06;2.208604366353052e-06;8.010048923442579e-06;4.104906703922765e-06;3.7270431566636794e-06;2.5510692774885316e-06;1.910995644686432e-06;1.4602110428037306e-06;3.20633937088685e-06;4.889278903946537e-06;3.63137722900584e-06;3.0108197184353794e-06;1.551485302605192e-06;6.094842333118614e-05;0.00010128835617951824;7.610780796414148e-05;0.00010710700793476986;6.86792162382199e-05;1.1128159621645834e-05;8.845518408932879e-05;4.572859581685265e-05;3.3344826083887886e-06;3.455089819467285e-06;8.295915611418121e-06;1.7029596817175586e-08
00:12:57;398;2.120524398175793e-06;3.0132245130885222e-06;5.3507538304358724e-05;1.4210852273518784e-06;2.353521567370494e-06;2.4859669971859106e-06;2.576667272920345e-06;2.4960518087172288e-06;1.4790465109629478e-06;1.0135151151467106e-06;3.6825111751878383e-06;2.305691601766181e-06;1.2861727451155245e-06;3.4343013438328542e-06;9.117605292985331e-07;2.118969891680651e-06;3.4558102447302685e-06;3.8738067509763785e-06;4.015228923199635e-06;3.517810733119174e-06;2.029597046398694e-06;1.4704753819882447e-06;4.777482842390656e-06;3.338327892782252e-06;1.7030445754163695e-06;4.531978404458319e-06;1.3261609734411338e-06;7.035430901277964e-05;0.00012335061498025204;9.454772492322799e-05;0.00012375515965298858;6.230729899802495e-05;1.5690417179380407e-05;9.818314213006887e-05;3.7189976542293596e-05;4.2629872574160155e-06;4.042825789540155e-06;8.388845083223992e-06;1.715810310871593e-08
00:12:59;399;1.843961319151917e-06;2.7316603112162337e-06;4.44596941018541e-05;1.5368649808131998e-06;1.841677402903873e-06;2.79783276191381e-06;3.6682837748390864e-06;1.8736007853060632e-06;1.5014139745614132e-06;1.113319315081508e-06;2.051792172285228e-06;1.7949460454535038e-06;1.211761024532233e-06;1.8169233138626788e-06;9.191196779829108e-07;2.206281929898932e-06;2.9655987237340842e-06;4.245213375138001e-06;4.989499299731909e-06;3.00326934813734e-06;2.022903592798592e-06;1.6309033770623293e-06;3.0753351712185495e-06;2.8247250473306183e-06;1.604888008749853e-06;2.889742649119709e-06;1.3215624358341716e-06;5.9515970153614956e-05;0.00013308803486842896;5.576064699617794e-05;4.474546481926371e-05;8.34344607151969e-05;9.282264609736502e-06;8.949549337527699e-05;4.1314389155906824e-05;4.077659607693616e-06;4.699493493549682e-06;8.094852756948836e-06;7.59867045416638e-09
00:13:01;400;2.061664750191932e-06;2.9681371536672845e-06;4.786565705032955e-05;1.7256602797227123e-06;2.9301617286072523e-06;3.5741226863773465e-06;2.6063021975760008e-06;2.6092821035141678e-06;1.359352090446464e-06;9.573578575147481e-07;2.3609591450353533e-06;2.5392519130594917e-06;1.1224706461279963e-06;1.9517815183046525e-06;1.003274003834194e-06;2.3978566202999845e-06;4.119438546948441e-06;4.950205079061377e-06;4.0425867310556055e-06;3.7777280055442006e-06;1.8521161809064636e-06;1.4239098236703861e-06;3.5343911496413424e-06;3.5275727959397276e-06;1.5336527709119832e-06;3.0486261568765693e-06;1.4095612281771883e-06;7.676216961220864e-05;0.00013277639868754706;7.291680563644351e-05;7.158671673284476e-05;6.648307403090419e-05;1.0575866585679173e-05;8.806697189485757e-05;3.97602278225509e-05;3.86470690912298e-06;3.526262785427687e-06;8.054776026937046e-06;1.3907879430989667e-08
00:13:03;401;2.8687426637025677e-06;3.738061362623106e-06;4.264930122629491e-05;1.4197981432156388e-06;2.0966378529087914e-06;4.371140546572343e-06;1.1461952984151678e-05;1.5409576925180928e-06;1.8488220336494847e-06;1.7090552135521555e-06;3.091139629677028e-06;2.5202707387705914e-06;1.2716184118617817e-06;1.953557650031195e-06;1.139960241596844e-06;2.0533888708754765e-06;3.1731673317740904e-06;5.908887421551471e-06;1.2455414918481956e-05;2.7076297760398615e-06;2.4760878777439608e-06;2.229435335864971e-06;4.1264989456838615e-06;3.533293615470904e-06;1.6409263160980278e-06;2.990837424764737e-06;1.5611677421866607e-06;7.867073913399101e-05;0.0001246142888188782;5.324373903739787e-05;2.792595604933237e-05;6.592893410246436e-05;1.501238156485228e-05;9.614124467357736e-05;3.3499266918542586e-05;3.5959722016186566e-06;4.740403146218071e-06;8.390436642375139e-06;2.8252426290896056e-08
00:13:05;402;2.1421665204519e-06;3.0409861222013415e-06;4.59399331974221e-05;1.2913389573815886e-06;2.394615124210666e-06;3.1529527242794715e-06;6.058597892953023e-06;1.5554863925389255e-06;1.7582280189352353e-06;9.193374865016065e-07;2.3402574540072734e-06;1.9335879210496447e-06;1.3787008462561412e-06;2.089110624129117e-06;8.337838072898633e-07;1.93511923469809e-06;3.6025626790249107e-06;4.7016228448608416e-06;7.240145488957509e-06;2.752060608363996e-06;2.297537040663607e-06;1.3904367187861576e-06;3.4414703108429618e-06;2.9247590686558213e-06;1.8316691239306238e-06;3.147924608531901e-06;1.2265247527944045e-06;6.793064615358701e-05;0.00014439995710199138;6.3653111567126e-05;3.0421726331484445e-05;7.508010106913852e-05;1.0854071630888032e-05;9.769037471076935e-05;4.2836163942971016e-05;4.802663083219328e-06;5.161121098706998e-06;8.438932597438358e-06;1.0329081744795361e-08
00:13:07;403;2.3288636070100726e-06;3.2385264056514805e-06;5.4227030367326906e-05;1.642957701684302e-06;2.281549306169175e-06;2.6734561007011526e-06;3.6079443064677847e-06;2.650368688315232e-06;3.0874173654831854e-06;7.967761675493018e-07;2.252474555642824e-06;3.3299939155220026e-06;1.1347223607607113e-06;2.3539282050031507e-06;2.134773685340137e-06;2.3319697200211616e-06;3.362955843656408e-06;4.038351444481272e-06;4.957489098367521e-06;3.798820723170161e-06;3.750322574415816e-06;1.3217832322223768e-06;3.3990201262883914e-06;4.405539512741667e-06;1.5383508183201885e-06;3.4748033434696e-06;2.482909249183534e-06;7.03333270016771e-05;0.00012200544135849811;8.089639623486979e-05;0.00012794447545304267;7.138098836566001e-05;2.262669343218853e-05;9.734559681519127e-05;4.203214353086547e-05;3.7102640723366795e-06;4.144935847710691e-06;8.29383207318379e-06;1.0270222698930687e-08
00:13:09;404;2.0947580050354664e-06;3.0028289339624498e-06;4.549552905400157e-05;1.378723689074687e-06;2.3910027943814653e-06;2.988071637394734e-06;2.395072456160754e-06;4.664412370529321e-06;1.2028057693281757e-06;1.4238896937483632e-06;2.012183470189267e-06;1.9210534834002146e-06;2.0615802594744794e-06;1.8461381609698306e-06;8.521613894126161e-07;2.0581322699779524e-06;3.4824550029837535e-06;4.386734650624124e-06;3.7862754813627533e-06;5.81325984737155e-06;1.7267135677408261e-06;1.9574687394484913e-06;3.0886263066119532e-06;2.954477294443228e-06;2.5672775250371425e-06;2.9570404692520562e-06;1.2554850579357363e-06;6.838622478169935e-05;0.00013141965655326339;7.418979768439823e-05;6.293405590643376e-05;4.9785800994833936e-05;9.420924994115904e-06;9.133096830314263e-05;4.176974010926446e-05;3.605780889302849e-06;5.07873577031564e-06;8.01387305123112e-06;1.0789610017506173e-08
00:13:11;405;2.558854213609927e-06;3.4473852988585234e-06;4.5850376512498455e-05;1.6460719773903065e-06;2.0915781547937615e-06;2.99792237596302e-06;3.3751294678681503e-06;1.4965536737935023e-06;1.363043559637395e-06;8.441744399269944e-07;2.617335932794421e-06;4.327520772436215e-06;1.3449369533220916e-06;4.4495301429621614e-06;4.15245228908971e-06;2.323555960070804e-06;3.2060213326778603e-06;4.577030800140199e-06;4.695936571737594e-06;2.7278936691293927e-06;1.9341352981427917e-06;1.3385108062824588e-06;3.6280352842483428e-06;5.2058673812593316e-06;1.7507165676772872e-06;5.617419239708305e-06;4.363499757818306e-06;7.63242836954353e-05;0.0001314757495617367;7.046248379298483e-05;4.221469015807126e-05;7.645544003720852e-05;1.0235247824454322e-05;8.804626660296211e-05;3.730930516596996e-05;4.025639471372869e-06;5.4139870547430055e-06;8.228576750762312e-06;1.2848034280107404e-08
00:13:13;406;2.31752033289209e-06;3.234945276019545e-06;4.916694919812519e-05;1.5995433927687683e-06;2.632000974016209e-06;3.383741110499469e-06;2.718952232492391e-06;1.6463806676757609e-06;1.384850683582396e-06;2.2032030488490633e-06;2.322523372975318e-06;2.9905865105529403e-06;1.339950925327571e-06;2.2194786223844236e-06;3.3690315410178133e-06;2.3460911276593325e-06;3.723010828437083e-06;4.952459517834875e-06;4.219600763854377e-06;2.763365993031803e-06;1.9139554009183762e-06;2.7470935368841357e-06;3.36228927326259e-06;4.0453204677806415e-06;1.727416492738922e-06;3.2541448329343268e-06;3.764593924919425e-06;5.514827573787107e-05;9.53153041785284e-05;7.280096161075723e-05;0.00011975830322252971;7.050882777952423e-05;2.5043857397558968e-05;9.182412020463262e-05;4.280809523957865e-05;3.8586978862635485e-06;4.3951119612344496e-06;8.533004509464241e-06;8.83064955908652e-09
00:13:15;407;2.5230712032773473e-06;3.493245533062219e-06;4.8654811677185505e-05;1.8620717360756152e-06;3.205416906449831e-06;2.9101100541853695e-06;2.3266601340504227e-06;1.8981415807220712e-06;3.4475781623461383e-06;9.484340410410979e-07;2.9122212009982915e-06;2.918339727935921e-06;2.7719720568212964e-06;3.065338318205849e-06;2.010569645398293e-06;2.5255226592555947e-06;4.405478884558461e-06;4.405276300369937e-06;3.7670055594907917e-06;3.160538439479302e-06;4.293108992286865e-06;1.5292982469919147e-06;4.015597484414938e-06;3.9724729152952975e-06;3.2639064424466033e-06;4.2134714545636026e-06;2.367268291580538e-06;7.70461472677462e-05;0.0001296274637273662;6.750085534956735e-05;7.2229364867304e-05;6.117138571311714e-05;1.5707672473846323e-05;9.164011133019537e-05;5.0992637723003896e-05;3.7455977160756387e-06;5.598267349981705e-06;8.586556407397308e-06;1.168020062500588e-08
00:13:17;408;2.6500865996193954e-06;3.6157556091375573e-06;4.650752284990263e-05;4.13357378596531e-06;2.802684748524278e-06;4.017689251996486e-06;2.533577656843084e-06;2.123857280267316e-06;3.1180753844753637e-06;1.757233498025166e-06;2.375844291080398e-06;2.084635513745845e-06;3.1956451078875925e-06;2.0716018657264033e-06;1.5866198946183503e-06;4.868314386218531e-06;3.894990479952694e-06;5.72579881895475e-06;4.053690153214811e-06;3.3588631362063904e-06;3.696954190903093e-06;2.2639326332381053e-06;3.4339435312832867e-06;3.1628827527347773e-06;3.741196859998207e-06;3.194628859575137e-06;1.9938707086848923e-06;6.67075517524042e-05;0.0001054819409256731;7.015152079239512e-05;6.310359767924882e-05;8.441519083007698e-05;1.1053390190014912e-05;9.502373467367796e-05;4.429649280542141e-05;3.4166725446841923e-06;5.992439467018097e-06;8.434258078884382e-06;1.3484459332478427e-08
00:13:19;409;2.0905780075963776e-06;2.987413157065527e-06;5.245097678312076e-05;2.018268100685687e-06;2.460719614334876e-06;2.859902403946018e-06;3.250882597136886e-06;1.96880782384183e-06;1.2653496874939016e-06;9.0754056249829e-07;2.089557511908424e-06;1.7596170118559165e-06;1.1281555857581536e-06;3.99469364415433e-06;1.3834406525409742e-06;2.6718598516559215e-06;3.6250797632108724e-06;4.218349365342137e-06;4.73226989786873e-06;3.0773676529907456e-06;1.8042368281707631e-06;1.4342035043124338e-06;3.2233829418296008e-06;2.806859970981269e-06;1.5807443422182828e-06;4.890729303353302e-06;1.7838738030368865e-06;7.186403164615141e-05;0.00011197255917822185;8.919585500538148e-05;0.000124841824387732;6.633107642797759e-05;1.2701531724530618e-05;9.285498060328889e-05;4.2292083524157975e-05;4.1475236287978934e-06;4.99958217456374e-06;8.20386420726925e-06;6.808889376396363e-09
00:13:21;410;2.3654642605079474e-06;3.304662206712145e-06;4.411308018759437e-05;1.9275070300266024e-06;3.4667018784517722e-06;2.8208797815600728e-06;2.2548375029755747e-06;2.1728935833661724e-06;1.3610454006657784e-06;1.918004271850293e-06;5.383021632806876e-06;1.8355622484604468e-06;2.0348172947008565e-06;1.8803932400663308e-06;1.3299063390739072e-06;2.642072574785801e-06;4.6909578998830635e-06;4.369951566447146e-06;3.7813839857266477e-06;3.274846050507095e-06;1.9051639718540333e-06;2.492311477332886e-06;6.408017408738246e-06;2.8526406258376333e-06;2.5270562083520255e-06;2.9855078462534512e-06;1.7260359481376408e-06;6.850542427963712e-05;9.806404090612322e-05;6.229244073832852e-05;7.047975505576257e-05;6.73707234383932e-05;1.6239691929361885e-05;9.188743894051227e-05;3.6094549675109686e-05;3.964508877844709e-06;6.092837222175801e-06;8.334017185885532e-06;3.153400199770779e-08
00:13:23;411;2.7617432584876993e-06;3.7050416681901153e-06;5.075163528961516e-05;4.494967501888038e-06;4.9221126397340375e-06;2.557249151022037e-06;2.9011732726887245e-06;4.687946956688e-06;2.0191568963086453e-06;1.3134698523971493e-06;2.2671134881332735e-06;2.3939973066559745e-06;1.407628356986379e-06;2.2116495382559522e-06;1.964453281579701e-06;5.139602181552158e-06;6.273109446266073e-06;3.961435296229025e-06;4.403327872025813e-06;5.890020716672357e-06;2.6500704164771126e-06;1.816623053751824e-06;3.374034228807984e-06;3.484498378545336e-06;1.9055335512141166e-06;3.2367431484527528e-06;2.3255005245015195e-06;9.626846100053731e-05;0.00014740267986988883;6.82811615143071e-05;4.7374205865480754e-05;7.877720461671827e-05;1.4731878362345657e-05;9.682510354541704e-05;4.258047583103071e-05;3.874742831070924e-06;4.58665751344414e-06;8.30978291552669e-06;7.269609614491775e-09
00:13:25;412;2.3570214536502734e-06;3.276933845962601e-06;5.8268266833829146e-05;1.3509528876586396e-06;2.509826434924569e-06;5.417912137514494e-06;2.49127342125374e-06;1.6811924320559901e-06;1.4107016883939267e-06;9.882558143946663e-07;2.0324177166292596e-06;1.9772092482061123e-06;1.2966202961418494e-06;6.136856946816558e-06;9.910375810904462e-07;2.0374682366355622e-06;3.7652383738693257e-06;6.69674366840406e-06;3.9228435220645186e-06;2.8664697733975002e-06;2.0294395239310505e-06;1.5001216663130194e-06;3.1246303064384663e-06;2.9824676731331686e-06;1.7190662614252053e-06;7.309516069101305e-06;1.3692002011615658e-06;7.872953136389016e-05;0.00014553843378302194;0.00014171746201148617;0.00011315163259084662;6.114672766056646e-05;7.226145076002495e-06;9.436867235393831e-05;4.15946731824583e-05;3.8095928548287375e-06;3.499139632920631e-06;8.431676508088074e-06;5.514987901842013e-09
00:13:27;413;3.075869271446601e-06;3.999347312326537e-06;5.165282308227263e-05;2.001838257179791e-06;5.007543754361037e-06;2.705355236478433e-06;2.4958714889581044e-06;3.5916499599088847e-06;5.724845742349771e-06;8.339300402549942e-07;4.960860575664583e-06;2.2622487072319264e-06;2.2041534855077316e-06;3.9990196311572905e-06;1.1231135082955357e-06;2.7088041538781563e-06;6.1180036614650475e-06;4.113643445300942e-06;3.922193998940063e-06;4.693146043400357e-06;6.4294731025337215e-06;1.3289815258965834e-06;6.102861271192293e-06;3.297787188036832e-06;2.7366012016247188e-06;5.029706192579374e-06;1.5109641052259587e-06;6.418228325636218e-05;0.00010519417107119608;7.440714122272272e-05;0.00014175939367377835;6.117980638189461e-05;3.064097039440585e-05;9.120378042388544e-05;3.645082131091186e-05;3.1373197946876557e-06;4.044059531391613e-06;7.612162566719518e-06;2.1967359315980952e-08
00:13:29;414;2.1478422394174212e-06;3.082041277156338e-06;5.2530619876442616e-05;1.578508110323572e-06;2.1114982937058873e-06;2.50283211561902e-06;2.831656793973862e-06;1.7428355336690515e-06;3.4126170230696187e-06;1.3851508394421588e-06;2.0168308133864086e-06;3.2207593783084576e-06;1.6685882887915424e-06;2.3190990382201706e-06;9.837297782831136e-07;2.233672583177487e-06;3.3044620804618337e-06;3.913266056447874e-06;4.353312170920456e-06;2.9277904691816384e-06;4.131037157313136e-06;1.9566797916496987e-06;3.1128420045482742e-06;4.2086959713086325e-06;2.106061603189107e-06;3.3508336866960444e-06;1.385840732117559e-06;7.049995738533349e-05;0.0001167302478524004;7.313221268706383e-05;0.0001249992072243167;6.863978099505753e-05;2.2307485493156963e-05;8.935311331902583e-05;4.7316163448267215e-05;3.971013287362556e-06;5.196279181523447e-06;8.206358841475698e-06;1.5618802327703894e-08
00:13:30;415;2.764491951720319e-06;3.7077539281763396e-06;5.6340375807978106e-05;1.3201669431982632e-06;5.2869649991293954e-06;3.8060386383552793e-06;5.7076145787830645e-06;1.9004236950175886e-06;1.2401618405342354e-06;1.4969050793244387e-06;4.421268971942606e-06;2.0561701550292355e-06;1.8618056999935624e-06;3.063142044497495e-06;1.0132398969146679e-06;1.951663360654769e-06;6.408658222587487e-06;5.336093227590856e-06;7.304263213375668e-06;3.0582378379141477e-06;1.7862972639175242e-06;2.0476712921387117e-06;5.520913853477488e-06;3.1457690240614873e-06;2.268756117522387e-06;4.2658364697062204e-06;1.3988861809006657e-06;6.214171971148434e-05;0.0001093451562483976;8.802827206695881e-05;0.0001660647108499673;7.445196770183672e-05;1.5735260782981978e-05;9.295040517643666e-05;5.1919583784570126e-05;4.068039043947308e-06;3.3958968574652844e-06;7.968310643563108e-06;1.5186828128087218e-08
00:13:32;416;2.282890009232894e-06;3.2319662318801834e-06;4.934429137704116e-05;1.2914199602223872e-06;2.173381279552638e-06;5.33314938296185e-06;2.604456216107306e-06;1.8525692401541702e-06;2.0413244767263965e-06;1.069553061308878e-06;2.6509026657027914e-06;4.031353534308189e-06;1.215324758567378e-06;2.1457167645102326e-06;9.855278757923842e-07;1.9811887519792918e-06;3.3673109475232562e-06;6.944284013104463e-06;4.11915797358924e-06;2.972529923854266e-06;2.6891915108017547e-06;1.6117776174758523e-06;3.8077664554938437e-06;4.99059201732202e-06;1.6921019474593085e-06;3.2274907537992224e-06;1.3802020721932076e-06;8.44715862963178e-05;0.00010381973456893067;8.03859888674751e-05;7.896694502323484e-05;8.04133775699132e-05;9.627305629887436e-06;8.932529564375423e-05;4.731673318293897e-05;3.7933972847036593e-06;5.317450787935094e-06;8.68121587239872e-06;1.2465797004258804e-08
00:13:34;417;2.4132301060898374e-06;3.35513966058011e-06;5.0193028506483556e-05;1.376826076421816e-06;2.139420967818172e-06;2.4607066256136663e-06;2.557902911703991e-06;2.611376744096364e-06;2.9731231900662825e-06;2.0077171924981485e-06;3.001097764803779e-06;2.173053972724533e-06;1.3998100261147783e-06;4.862324741465458e-06;1.3954000559479596e-06;2.0968482534885017e-06;3.341411595009717e-06;3.985525991889586e-06;3.9797399592857745e-06;3.815716905603638e-06;3.6154322089392343e-06;2.6048020143644875e-06;4.064082195097249e-06;3.203020944194485e-06;1.8256733606973238e-06;5.941275080485981e-06;1.7881463875284358e-06;8.159944142643314e-05;0.00012009587466413328;6.073704522046419e-05;8.27942400258621e-05;7.749925580077974e-05;2.6301154986697797e-05;8.950001414500997e-05;4.614761238773464e-05;4.162459165315203e-06;5.727814271566737e-06;7.736611562133078e-06;1.481842167295954e-08
00:13:36;418;1.6743277287451457e-06;2.5946433571691526e-06;5.9221383382315316e-05;1.257367907327798e-06;1.9019796876048902e-06;3.3070085265762827e-06;2.435852826917798e-06;1.309563800672658e-06;1.2290161862761229e-06;6.596934000281284e-07;1.8046935986019848e-06;2.026076793852512e-06;1.0264644194825998e-06;2.322231556464968e-06;8.119835747615928e-07;1.915541162493873e-06;3.0603888216653185e-06;4.724563403882873e-06;3.853759389579564e-06;2.466279342910109e-06;1.7972321259123096e-06;1.2087631793165893e-06;2.9123016218686127e-06;3.095810120324626e-06;1.4226694882185993e-06;3.4510976777859977e-06;1.2273128465028406e-06;8.441477999070712e-05;0.00013497011658577894;0.00013092199196678325;0.00013737806136334985;6.571443453277355e-05;9.792338483592343e-06;9.213770274095904e-05;3.8445451990041446e-05;3.617027448406669e-06;5.04816054006701e-06;8.199494019839208e-06;1.7040925485580268e-08
00:13:38;419;2.1335958328579223e-06;3.0672971361933446e-06;5.109097967121606e-05;1.4864105930747293e-06;2.530716724019106e-06;2.271837913913156e-06;3.893133723277163e-06;1.8742412237961823e-06;2.100235168647011e-06;2.5078698674912463e-06;1.8327288666080739e-06;1.8848493595801197e-06;1.1712249882672217e-06;2.2044063011347506e-06;1.8454944023072917e-06;2.2260239212542566e-06;3.687719806259361e-06;3.7396819152490934e-06;5.500487232790034e-06;3.1196922970559193e-06;2.5939804866343195e-06;3.1124103327472976e-06;2.887774660883201e-06;2.8459339485875085e-06;1.6169403893342595e-06;3.2738410545444143e-06;2.203078685242066e-06;7.945321735273387e-05;0.00011430869727192598;7.754735843313519e-05;0.00010145830524020878;6.346777227959591e-05;1.6736724598848683e-05;9.501433006328596e-05;4.920408098637971e-05;3.6352315777650457e-06;4.004544851916268e-06;8.25007689151028e-06;1.1416507286924302e-08
00:13:40;420;2.2435379698684055e-06;3.1481061664117424e-06;4.7833743710160494e-05;1.5069580735594845e-06;2.0529272806157906e-06;2.4229854820716086e-06;3.1319901561940613e-06;2.343667224897155e-06;1.3103444655791143e-06;1.7496841565903507e-06;2.955747432344744e-06;2.0692411506282515e-06;3.932765733274189e-06;2.031077900775038e-06;1.4150657301279714e-06;2.1037808653401744e-06;3.2371147230887915e-06;3.862461172974679e-06;4.443493567065806e-06;3.580579476863333e-06;1.8770225968965643e-06;2.175885618068513e-06;4.029684360035919e-06;3.1596199548829056e-06;4.427020191738111e-06;3.0850816085747492e-06;1.7955285905292287e-06;6.195997752012057e-05;0.00013278499970899034;7.215208352844757e-05;7.35540547889697e-05;7.247549103478361e-05;1.0389545536167403e-05;9.306204204939852e-05;3.945005847741755e-05;3.900834753981061e-06;6.0359253429979995e-06;8.231380332166067e-06;8.531448485558139e-09
00:13:42;421;2.3264957764723704e-06;3.237348302050871e-06;5.092964925973976e-05;1.2288378909178474e-06;1.8958733073953289e-06;3.1750988299964176e-06;3.832765416560009e-06;1.95389895374376e-06;2.9393301071484696e-06;8.39171899363384e-07;4.471905774814579e-06;1.9502606157896127e-06;2.033166556972529e-06;2.7102166842884015e-06;8.874224143811721e-07;1.8656429171607693e-06;3.0411412687579837e-06;4.620040980154056e-06;5.214625112969344e-06;3.1531985596417673e-06;3.5314710370170638e-06;1.3270467370948378e-06;5.4935084698385416e-06;3.0243884727692773e-06;2.52705103775952e-06;3.767951220997699e-06;1.282112813890918e-06;8.321974421713183e-05;0.00013492545012597354;0.00010630280406298583;6.459867704054865e-05;6.718276437983759e-05;8.814820883983266e-06;9.439847656324469e-05;3.5216413793661556e-05;3.5126285891181737e-06;4.827355275037582e-06;8.149557196790604e-06;7.098988563731343e-09
00:13:44;422;2.23391217475792e-06;3.1529033509010516e-06;6.276593606555256e-05;1.375268620358709e-06;2.6263612496922986e-06;5.097099565047487e-06;2.2728244075474113e-06;1.4978146064043523e-06;1.560223869696968e-06;9.45243568225865e-07;2.0451917321715674e-06;2.3699219185082465e-06;2.165175837731681e-06;3.995939009177556e-06;8.55880730651651e-07;2.0244980003300517e-06;3.870701163313116e-06;6.48832207233785e-06;3.7125252150918308e-06;2.720089487929381e-06;2.1069751416885254e-06;1.4701414664769695e-06;3.09878487602378e-06;3.409459910886377e-06;2.5349377563232547e-06;5.143489554743437e-06;1.2549148454115623e-06;8.68169466980048e-05;0.00015266698306572573;0.00016519929506050374;0.0001283962050936211;6.166809357575113e-05;7.258454768916994e-06;9.307259813927453e-05;4.220135940750603e-05;4.757808009588947e-06;2.9223793873437955e-06;8.226559956781219e-06;4.5496236126668295e-09
00:13:46;423;2.1913542671760733e-06;3.1242865519789697e-06;4.4170627100593545e-05;1.8039415616238392e-06;2.9042274285664216e-06;3.3554816867690946e-06;2.259246669179437e-06;2.017141336710634e-06;1.6293574324906372e-06;8.525922546147187e-07;3.5871443011940714e-06;2.4462467163033352e-06;1.225254476544535e-06;2.156904262468567e-06;2.0587122149251513e-06;2.483968955857563e-06;4.029448167715646e-06;4.868572717251608e-06;3.7477081225259534e-06;3.2745304083561413e-06;2.1357824466519295e-06;1.3006652192750234e-06;4.73978757960324e-06;3.5568585685090327e-06;1.633857634772804e-06;3.3199074648650766e-06;2.400350394331142e-06;5.99228923831877e-05;0.00010205993735678623;6.47312806812854e-05;6.1194211530579e-05;6.477103722794396e-05;1.0576389782703869e-05;9.743393392645363e-05;5.118547492648238e-05;4.154121894511719e-06;5.277086705445885e-06;8.720075308151257e-06;2.1083483591553688e-08
00:13:48;424;2.3657948879929336e-06;3.3117977193485995e-06;5.203894453048311e-05;3.1040706908281766e-06;3.964545586366729e-06;2.74731308377599e-06;2.6984732964504845e-06;1.8463315177347732e-06;2.553247786771997e-06;2.5658769794939023e-06;1.8321712732022826e-06;1.7911025634763755e-06;1.0954632193683655e-06;3.153645465174422e-06;1.0372962799820584e-06;3.800937318811532e-06;5.302712299706837e-06;4.091931547423606e-06;4.242669201860885e-06;3.1041276191830595e-06;3.184657846103147e-06;3.0798728216090056e-06;2.9944337150401583e-06;2.8327107648243626e-06;1.524208607429788e-06;4.1575071055042746e-06;1.4258028672769267e-06;6.714519340922227e-05;0.00013372045408249428;7.366165373321574e-05;9.588217189058216e-05;7.428786782045988e-05;1.7822039666385803e-05;0.00010182994869085979;4.2649814299042276e-05;3.868231606448248e-06;5.060673579559804e-06;8.519396657392188e-06;1.9888930135061254e-08
00:13:50;425;2.3453468319768365e-06;3.2276895057339638e-06;5.037405573079222e-05;1.658437066787144e-06;2.6141952546122513e-06;2.6502160033394584e-06;4.151050659893165e-06;2.561719847804511e-06;1.6472557662148481e-06;1.0840184598848168e-06;3.729308431520518e-06;2.4686986357380647e-06;1.1868077501763319e-06;3.1928378922559246e-06;1.1996153823029039e-06;2.237948766792848e-06;3.7766613251180755e-06;4.087763992301225e-06;5.4289281781419485e-06;3.527932499655205e-06;2.245534876491075e-06;1.6470462275167307e-06;4.8220949678050345e-06;3.50953741239025e-06;1.633983153676092e-06;4.219260002668583e-06;1.5955815459314687e-06;8.962059756054728e-05;0.00011468759392311756;9.909579419550062e-05;8.068037422718278e-05;6.631652444154381e-05;1.0270180643017246e-05;9.372342262955708e-05;3.390964621436228e-05;3.775251625253141e-06;4.088051321998797e-06;8.299280628852685e-06;2.1951358573421795e-08
00:13:52;426;2.422697341973968e-06;3.3530827865053904e-06;5.380845234016281e-05;1.4131798337596086e-06;3.030041289390924e-06;2.558084053270384e-06;2.5775746493973304e-06;1.7803057365287342e-06;1.976178698822909e-06;2.1651509090664884e-06;2.31598905742203e-06;4.00216574386098e-06;1.1313152935666826e-06;5.12780764662001e-06;9.945743536218545e-07;2.045990606370939e-06;4.28447607721208e-06;3.989218698676913e-06;4.071071425872255e-06;2.9163186325926683e-06;2.589681215956457e-06;2.717197504882532e-06;3.434960668712421e-06;4.910997254631218e-06;1.6142021008184927e-06;6.274442469049651e-06;1.3884359702123094e-06;9.544183609275236e-05;0.00015793154904745026;8.885942315802239e-05;6.216656612149606e-05;6.961152250113248e-05;9.997288451872906e-06;9.84634025053651e-05;4.617855005082422e-05;3.68460313872669e-06;4.592380769385988e-06;8.757678451856625e-06;1.6627793068892616e-08
00:13:54;427;1.9920209209025397e-06;2.892724987299217e-06;4.769475824133187e-05;2.3462753871489834e-06;1.9339345126535466e-06;2.524007007277295e-06;3.835580554581694e-06;1.5342978855899374e-06;1.174745255092737e-06;2.216352823128628e-06;2.348464833349081e-06;1.7935783184309562e-06;1.1961463455278931e-06;1.9795806385629207e-06;1.0212867373611671e-06;2.9779486098211433e-06;3.10756220216395e-06;4.030318133935665e-06;5.143969025383843e-06;2.6488113261149023e-06;1.6917684730241823e-06;2.731719646391544e-06;3.339666939529154e-06;2.89978643655858e-06;1.6131286797702424e-06;3.095699241120074e-06;1.4323200810947668e-06;6.289491270738486e-05;0.00011577038600180384;7.372679517594385e-05;9.39904926428324e-05;6.423122663306666e-05;1.546662152674471e-05;9.291557036314262e-05;3.645457426291189e-05;4.1271049022775516e-06;4.621934386214998e-06;8.13035974589464e-06;7.120547764527873e-09
00:13:56;428;2.1297204457356016e-06;3.0427244256097304e-06;4.877601941114465e-05;2.959398619495346e-06;2.6665149383895614e-06;2.3275121266279215e-06;2.9070367099396064e-06;2.2031448539456218e-06;1.1976055399093803e-06;9.238999212952076e-07;3.1124776822947937e-06;1.8658597345157866e-06;1.2250856473111134e-06;2.699902242301019e-06;1.468206416322847e-06;3.634537456146293e-06;3.788697477266166e-06;3.910546439915897e-06;4.255538396470991e-06;3.3710873594827717e-06;1.7914765426730464e-06;1.4102335469516807e-06;4.168937171534363e-06;2.922925320110406e-06;1.6100129380015748e-06;3.775627805271718e-06;1.873071279895825e-06;7.839532782533548e-05;0.00010316659047265091;8.048281271439127e-05;9.749846574821154e-05;6.560699265450025e-05;1.4661818144592566e-05;9.462687163301349e-05;3.369233586440488e-05;4.300962892304402e-06;4.437245437287439e-06;8.428349286410797e-06;1.4460260632816209e-08
00:13:58;429;1.946445876558042e-06;2.889456151093281e-06;4.814502321729049e-05;1.3604585075054454e-06;2.2570526325502915e-06;2.3881042622197026e-06;2.3441861893241427e-06;4.062285601236226e-06;1.3764402372632132e-06;8.71599708649675e-07;2.102825073987705e-06;1.829546217635425e-06;1.71832476909954e-06;1.941454074515615e-06;1.1050725593587563e-06;2.0170286599658295e-06;3.4554709686687337e-06;3.877102310784549e-06;3.7558150301887094e-06;5.380827161976022e-06;1.8687471981449355e-06;1.4449109537767808e-06;3.219384221734753e-06;2.896081999879934e-06;2.176342848001753e-06;3.022859728740583e-06;1.558901672817942e-06;7.9200441436031e-05;0.00012431171394794;6.512111665115452e-05;5.654335555822436e-05;7.988969182497076e-05;1.3565130165377933e-05;9.760141277523137e-05;4.4574512048720716e-05;3.835434823845718e-06;4.934942760212641e-06;8.138220601495286e-06;2.43060142815679e-08
00:14:00;430;2.345545292053492e-06;3.2154248631890877e-06;4.374520642012796e-05;1.7878155024287812e-06;2.70024523629786e-06;3.81385609445188e-06;4.188073798226035e-06;4.060430747834041e-06;1.380584724763878e-06;1.2465739425351139e-06;2.451963579568945e-06;1.8130068757797475e-06;1.0891992141346598e-06;2.529246602055547e-06;1.0855463706927926e-06;2.4406195472716094e-06;3.821001833969177e-06;5.1429319049745995e-06;5.426784153752135e-06;5.112498422045352e-06;1.9548040890634794e-06;1.685181388571045e-06;3.529051640081106e-06;2.8410867303770103e-06;1.4885231322192408e-06;3.631553699039925e-06;1.5110607591850567e-06;7.069914144433618e-05;0.00011996244112610106;7.144308353016683e-05;5.411995267735128e-05;5.876229534754192e-05;7.566283642455722e-06;9.079889277176409e-05;3.457358533212957e-05;4.083099832382314e-06;4.660639993898686e-06;8.248954541227078e-06;2.41068021808966e-08
00:14:02;431;2.500850020807506e-06;3.4394694541586868e-06;5.2162934170947154e-05;1.4272104853900331e-06;2.8993049419057115e-06;2.7157605925703425e-06;2.681732020125661e-06;3.796513040428677e-06;3.0022836284938523e-06;1.0125802214489e-06;3.69858548507099e-06;2.261066652373891e-06;1.8845494312555191e-06;3.2474380886200875e-06;1.3831748703164626e-06;2.0489248391882776e-06;4.1321746703954575e-06;4.267419160298024e-06;4.093241511926161e-06;5.054585112184558e-06;3.4960976595184663e-06;1.5269159331913941e-06;4.897145589882113e-06;3.3241103895456543e-06;2.2525158253958144e-06;4.382512465378534e-06;1.7979889154463033e-06;7.799274044214412e-05;0.0001522032649716306;7.958583900242598e-05;6.290021745282712e-05;8.338612116498953e-05;9.914754693950454e-06;9.693027024693056e-05;4.662834157883746e-05;3.6568774746657534e-06;4.2890098168632705e-06;8.450531701920152e-06;1.7241504180677263e-08
00:14:04;432;1.8931733112091045e-06;2.831772197951759e-06;4.86665291373905e-05;1.2767975036031098e-06;1.7268394697208835e-06;2.8697343702981986e-06;2.2417572091174263e-06;1.5382796999832946e-06;3.3524368230140245e-06;9.485814745004781e-07;1.9320018742002336e-06;1.882806465403064e-06;1.8817386272215488e-06;2.2179932512048337e-06;8.491123309523568e-07;1.937202263940855e-06;2.926024590239269e-06;4.4137293858926295e-06;3.7711211957051817e-06;2.670131811722553e-06;3.945488587409203e-06;1.4639531299726975e-06;3.0146054282513317e-06;2.89651148428859e-06;2.3748158614407773e-06;3.313707571877889e-06;1.2539742379321748e-06;7.369983997325717e-05;0.00012790599879758272;7.770094246287902e-05;6.0465636610242364e-05;7.59377349116179e-05;8.033472015593713e-06;9.675286776692075e-05;4.5355549889340824e-05;4.438487087110963e-06;5.1768610887659285e-06;8.51523986948576e-06;1.5719175888877307e-08
00:14:06;433;1.6437676835840358e-06;2.5729479798601345e-06;4.6174542754599194e-05;1.068634731492647e-06;1.8910065075836904e-06;2.4827930870814767e-06;2.5584682986331844e-06;1.9465099751026957e-06;1.2636700358438124e-06;1.0294491042647538e-06;1.8017241524988363e-06;2.1343714640535567e-06;9.735353868510865e-07;1.7590866659069413e-06;8.159622986977669e-07;1.6973648227369406e-06;3.0223542986461808e-06;3.978606587858124e-06;4.003208102944825e-06;3.079257169966822e-06;1.8029167239535439e-06;1.5820229190801082e-06;2.9013522108367465e-06;3.253196385380358e-06;1.4271048801766724e-06;2.8887219672515706e-06;1.2392685209617205e-06;8.537192508659662e-05;0.00011502736450847295;6.476140588563321e-05;5.719662294091177e-05;6.289463222196289e-05;9.304484698205313e-06;9.568455637745012e-05;4.7330457506433063e-05;3.939042762897265e-06;4.0393423799023265e-06;8.530964088990032e-06;1.371459773480504e-08
00:14:08;434;1.8578307025310634e-06;2.8157639428195866e-06;5.452640801732213e-05;1.5188863212823767e-06;1.7580316665059699e-06;2.2727094988991583e-06;2.5566371654083366e-06;1.978193408030455e-06;1.4436690867405197e-06;2.5426906101441462e-06;1.7413777285600995e-06;1.7710932420039234e-06;1.1091277875120331e-06;2.7866324678882393e-06;8.14918829952014e-07;2.2274451765364967e-06;2.988161397781046e-06;3.7085145305366184e-06;4.1264687596698354e-06;3.2296151981496176e-06;1.96314843096728e-06;3.2111581774614344e-06;2.8633890040026337e-06;2.8560962941292364e-06;1.5673852494383258e-06;3.828343672386284e-06;1.2194407489298814e-06;7.367844481987528e-05;0.00012092126116185685;9.99700423383832e-05;0.00011327052664757766;7.45576102303048e-05;9.750029654714451e-06;9.691182320791317e-05;4.8304872837074695e-05;4.2174472378629925e-06;4.556951047745106e-06;8.158286807279546e-06;1.960021727780168e-08
00:14:10;435;2.238421526518602e-06;3.170919183192589e-06;5.905871823314708e-05;1.5150675407582526e-06;3.4391726189333194e-06;2.7056048478806876e-06;2.416938831214824e-06;1.7885682975883232e-06;2.1646953740628305e-06;1.0398112119215275e-06;2.2315554787478606e-06;1.821235255212111e-06;1.525594221134115e-06;3.380444964920767e-06;2.8323688682521917e-06;2.1760503965266206e-06;4.647960671534264e-06;4.128738530336612e-06;3.915168166759607e-06;2.9707397878823193e-06;2.774274725761873e-06;1.571894991149195e-06;3.321735906105966e-06;2.8554697990652523e-06;1.9386360506785743e-06;4.521817941225246e-06;3.2285421469433587e-06;7.84904463189663e-05;0.0001404245777201638;0.0001211335272287779;0.0001298953356606327;6.799811906275665e-05;1.3260988616862384e-05;0.0001018463468731114;3.905204973407583e-05;4.24491261471077e-06;4.2453834676241425e-06;8.102761430368308e-06;1.0170069714982866e-08
00:14:12;436;2.1621617940907485e-06;3.0849881464815506e-06;6.616316357474752e-05;1.645791051562252e-06;1.8808838651422506e-06;4.214456941815053e-06;3.1687499951648204e-06;1.4458442578948258e-06;2.35111104726374e-06;8.718972440601259e-07;2.901523812972393e-06;2.7938523635190844e-06;1.2029087109833758e-06;2.513171732458504e-06;9.557496230398628e-07;2.269655720749741e-06;3.087259441127583e-06;5.532576016223543e-06;4.669997710889335e-06;2.619893405297469e-06;2.916163234198094e-06;1.3935862253657444e-06;4.058597343390818e-06;3.865890025563319e-06;1.6538102223605647e-06;3.6002736693792283e-06;1.3521537679008372e-06;7.752393222633914e-05;0.00012987999614748758;0.00013886504459067827;0.00020876508257186387;6.724793352499915e-05;1.6531234495335643e-05;9.109681197067541e-05;4.6678456764891395e-05;4.024829728281108e-06;5.478037327298666e-06;7.856961418616865e-06;9.642130503210197e-09
00:14:14;437;2.092839954993441e-06;3.042089405471991e-06;5.4050074099370864e-05;4.012139957154659e-06;2.4004712858269075e-06;2.3929904304573957e-06;2.515732951735572e-06;1.4833463411114487e-06;1.6700600722139505e-06;7.968063796649393e-07;2.3625856429212244e-06;1.5734540914635886e-06;1.9938984184942785e-06;2.751215478789184e-06;1.1613775191240707e-06;4.727736012095584e-06;3.5899003930203836e-06;3.871388585887676e-06;4.00221564851114e-06;2.6119262662477115e-06;2.2985542745106925e-06;1.362814849324975e-06;3.4227658903270096e-06;2.6872759465881753e-06;2.4580107106839356e-06;3.919926389762277e-06;1.5525569535925512e-06;7.397831040745461e-05;0.00012736818063926295;9.628176716282644e-05;0.00011111161446563227;6.983887889939177e-05;1.5203305966265499e-05;9.895454591398992e-05;3.833071415407448e-05;4.150173799380845e-06;4.994004775685692e-06;8.383080442318536e-06;6.3125661674139e-09
00:14:16;438;2.4491000971884413e-06;3.348764488392486e-06;5.049334629307562e-05;1.4500021555169889e-06;2.2136723387689017e-06;5.891722095247525e-06;5.012700656821649e-06;1.8230520122195706e-06;1.3711369171367302e-06;8.697390856808469e-07;2.388157285502437e-06;2.381720809746019e-06;2.184353920691768e-06;2.6435049572367833e-06;1.159438074034695e-06;2.131721146989675e-06;3.398941316845594e-06;7.271026834708129e-06;6.164139697058907e-06;3.038973532747599e-06;1.924738408957591e-06;1.419289079174494e-06;3.5369367461625406e-06;3.4900735925797955e-06;2.48578484981316e-06;3.771149082079123e-06;1.5523985601254325e-06;8.560232152117067e-05;0.00014348092139135636;9.01492204498534e-05;6.043959693090843e-05;6.220265363156692e-05;6.926672903176932e-06;9.640409740633436e-05;4.7199185539768804e-05;3.103394008626479e-06;2.2886410399321978e-06;8.103268633254505e-06;2.018206095838994e-08
00:14:18;439;2.0331712100585264e-06;2.9706226731705793e-06;5.1129533045451655e-05;1.08370908271447e-06;1.9399841025734656e-06;2.3681520167881134e-06;2.2583908871483387e-06;3.1731638344790656e-06;1.2204462137465166e-06;9.503859759780137e-07;1.7257640229993079e-06;2.5572803864807012e-06;1.520101059249157e-06;3.4152790442993304e-06;2.1853970497496467e-06;1.7827003001555198e-06;3.1134921335228396e-06;3.8910345435247515e-06;3.7641920347527095e-06;4.255644300797087e-06;1.7583910566597147e-06;1.4750758314048768e-06;2.8294810196217163e-06;3.6059725660586855e-06;1.9220813504069135e-06;4.639604504760266e-06;2.6098018852165676e-06;7.663143929181894e-05;0.00012859303406898373;7.857079016883766e-05;9.575991334415538e-05;6.835278059903705e-05;1.323321351437548e-05;8.908065096932237e-05;4.665736324303363e-05;4.072947129167307e-06;4.186282372262412e-06;8.407029399649576e-06;8.952444776469627e-09
00:14:20;440;2.6090613887545673e-06;3.566596038995791e-06;6.670212817122643e-05;1.4134541061623778e-06;2.683599224536951e-06;2.7652309731704152e-06;6.819501338901029e-06;2.0247931431718125e-06;4.637269475244404e-06;1.0237798788927741e-06;1.9032424672231358e-06;2.0850348074348672e-06;2.861899037430827e-06;1.8320648619992013e-06;1.2588664941985557e-06;2.0906722620796394e-06;3.911147342489729e-06;4.097224855516437e-06;8.501667379496673e-06;3.226328648383106e-06;5.281618037954587e-06;1.5372309928951133e-06;3.049467062438349e-06;3.1950176815118103e-06;3.3042271674782535e-06;2.9182385154670073e-06;1.6863109273851444e-06;7.663527616920221e-05;0.00014123555110016125;0.00011788359121671416;0.00020302717896277843;7.997088645692385e-05;2.7759907137114218e-05;9.456136984460625e-05;4.212579625582332e-05;4.806142482845509e-06;4.281646636994992e-06;8.1336571164301e-06;4.5346751225847476e-09
00:14:22;441;1.8398366205086736e-06;2.7525489206744147e-06;5.499856650014203e-05;1.363283307656812e-06;2.167108438235552e-06;3.965344892846319e-06;2.270590844394798e-06;2.092979494767116e-06;1.2527565254252047e-06;7.902239829766183e-07;1.8492474567401793e-06;1.6702265496316604e-06;1.7744564773507094e-06;2.12898225594348e-06;7.528386835547513e-07;2.0245513266523122e-06;3.4279288874004815e-06;5.301290434257266e-06;3.757073166444927e-06;3.2710024294794515e-06;1.7791195101450238e-06;1.2920710296787581e-06;2.9631837792927583e-06;2.7459218817736506e-06;2.1250176903869276e-06;3.202379445346069e-06;1.141046789431544e-06;6.875981537925597e-05;0.0001235777978048184;9.538177090295261e-05;0.00013317975091509847;7.690973587489478e-05;9.367355923180477e-06;9.440540978441377e-05;4.333236975735691e-05;3.186387761273954e-06;3.4681061983006553e-06;8.402348642897311e-06;1.1949057260812128e-08
00:14:24;442;1.7702433179132206e-06;2.6778810519593933e-06;5.70086001231699e-05;1.109506940705723e-06;2.901831691785746e-06;3.1711977399595526e-06;2.3389934277095006e-06;2.0077390927171606e-06;1.3595144547906557e-06;7.239255283715678e-07;2.085229926265051e-06;1.6277274573055096e-06;1.0066804105464526e-06;1.8740050823463539e-06;1.0365675475944933e-06;1.767887269286089e-06;4.063685600722468e-06;4.518405476810125e-06;3.7580814478133107e-06;3.198317440537606e-06;1.8525861550982352e-06;1.2487071609185373e-06;3.1691963829272727e-06;2.7559338052383338e-06;1.4471119287964606e-06;2.9350411451456307e-06;1.4196181306160033e-06;7.847863179091563e-05;0.0001313183273349173;0.00011930066645855989;0.00013856830543673387;5.715687606512022e-05;9.762210349917901e-06;9.01957034802817e-05;4.232467282044422e-05;4.192682065759201e-06;4.5477025521541156e-06;8.248544233231909e-06;8.878890002660616e-09
00:14:26;443;2.3610965493051337e-06;3.2419068305253987e-06;5.493116857127619e-05;2.420171166503141e-06;1.8533342080411848e-06;5.291026534722092e-06;2.7328846917191125e-06;2.882498737962051e-06;1.7431988021146791e-06;1.0086471608646135e-06;1.7921280370813975e-06;2.024489205609825e-06;1.8435158067572646e-06;3.11809316451543e-06;1.623170167890981e-06;3.086547935651387e-06;3.0177440196353074e-06;6.584229773764065e-06;4.142134365551262e-06;4.039422564450364e-06;2.2823370183594973e-06;1.4956438605300328e-06;2.848551166377397e-06;3.0716762725942432e-06;2.170953852287945e-06;4.1472283072247985e-06;2.0164117793545395e-06;8.039182449215769e-05;0.00012078933860220164;0.000122897801837308;0.0001072034652240761;6.670824304343133e-05;6.5420605354834645e-06;9.493721003974038e-05;4.3901393347574116e-05;4.3126457869047505e-06;3.203941567511659e-06;8.27009193583911e-06;1.600644308588837e-08
00:14:28;444;2.355009777168313e-06;3.3266289703326175e-06;5.536182303468768e-05;2.4715838182552052e-06;1.8547725516268345e-06;4.442504193685243e-06;3.009687657076008e-06;4.602837093288641e-06;1.923308318748954e-06;9.859467239808402e-07;1.802427109867918e-06;2.2160541657066024e-06;1.3436277638783685e-06;2.559323955834843e-06;1.0480430907768643e-06;3.1190782845189025e-06;3.1086577317044524e-06;6.069818114098515e-06;4.603526378237411e-06;5.8059247697236034e-06;2.4852849918128806e-06;1.5645617648698146e-06;2.9356706550694254e-06;3.356454418637809e-06;1.7839039847336907e-06;3.6415807111943996e-06;1.4450852349794712e-06;8.045739166742086e-05;0.0001203663296994828;7.932907953402975e-05;0.00010807945407492502;8.844585737557495e-05;2.9131431621527655e-05;9.359665078595867e-05;4.682001562911555e-05;3.997091299804913e-06;5.831384413941217e-06;8.276078340879626e-06;1.111197359107393e-08
00:14:30;445;1.8465459580790429e-06;2.781696726351238e-06;5.04917979089189e-05;1.179993890073919e-06;1.80011670377925e-06;2.348444617439327e-06;2.4075612756746523e-06;1.841542894580202e-06;1.1564047904306045e-06;9.85028016002461e-07;3.4317548763919024e-06;2.976855785390016e-06;1.1329020794612823e-06;2.075142443658251e-06;8.228035923707466e-07;1.8393889682050065e-06;2.9998371856787412e-06;3.85297951514168e-06;3.8453426924793865e-06;3.0417589322254733e-06;1.697645915601818e-06;1.5647086705697962e-06;4.576471380310471e-06;4.050714867936463e-06;1.5649076282921048e-06;3.130452249692259e-06;1.2161522368062293e-06;8.432207478212842e-05;0.00014855786327260591;6.069264685386718e-05;6.301550119199363e-05;8.036423159287256e-05;1.0823715431640289e-05;8.953814768199586e-05;5.237186773482654e-05;4.342616884227646e-06;3.763530952004106e-06;8.084668155631628e-06;2.4710373232926964e-08
00:14:32;446;2.3785417771129214e-06;3.296652640885809e-06;5.433331607734922e-05;1.2769929584877104e-06;3.30120461552755e-06;2.438749022362882e-06;3.5739490991721308e-06;1.754589841418408e-06;2.1881926341197042e-06;1.349995546704654e-06;2.7832109727202434e-06;1.978140211795159e-06;1.1948036404292721e-06;5.7971176013118315e-06;9.05554250575268e-07;1.96306668725281e-06;4.448349258543399e-06;3.928065880936168e-06;4.985945512503982e-06;3.0011080188839365e-06;2.735391527620996e-06;1.9011586838259281e-06;3.884750453202102e-06;2.9784169967144087e-06;1.6307362741401126e-06;6.780148137468016e-06;1.3226934392657279e-06;7.895624616395933e-05;9.71062139605587e-05;9.750805605569186e-05;0.0001423063839432391;6.692228298604162e-05;1.6469194929418653e-05;9.72614737845161e-05;3.862531121143168e-05;4.052921375275051e-06;4.590048308590558e-06;8.18570641798005e-06;1.5953791487895863e-08
00:14:34;447;2.415821017817424e-06;3.369801567104436e-06;5.388822633014586e-05;1.9606797570565444e-06;2.0868623966663336e-06;2.4903467099399923e-06;2.686909122347329e-06;4.872108742468774e-06;3.971424623020167e-06;8.396515703733666e-07;1.920316810616834e-06;1.7855937433288525e-06;3.3313167482744306e-06;2.181740154518572e-06;8.629009484324839e-07;2.627956421206421e-06;3.3128161778475695e-06;3.930230843851157e-06;4.0771688481636605e-06;6.02951421903607e-06;4.742172038703169e-06;1.3798273272773777e-06;3.0285544405931526e-06;2.861929344155353e-06;3.829505671310932e-06;3.3321033081651705e-06;1.2858396278088664e-06;8.651458783518873e-05;0.00013668608823059697;7.133587447095266e-05;0.00011174389230898038;5.600678420760395e-05;2.6768448217514992e-05;9.24671120493996e-05;4.7374551930968584e-05;3.5795369610312864e-06;5.419227928405706e-06;8.738291403806613e-06;2.43204173007863e-08
00:14:36;448;2.680408302263066e-06;3.6542465819319992e-06;5.2595918911748106e-05;2.6308125677135505e-06;3.3873185672141726e-06;3.7221316349897196e-06;2.1465726566754544e-06;2.4728479052720847e-06;1.25616959969286e-06;8.051206171250608e-07;2.813964990880632e-06;2.2693463260478355e-06;3.3085054414915374e-06;5.285562491120675e-06;2.0665459423696575e-06;3.3072756282250983e-06;4.648907412346592e-06;5.308958882007481e-06;3.730735969942474e-06;3.758289825713337e-06;1.8227543432082793e-06;1.3681208565253943e-06;3.9116840393426515e-06;3.398471426120108e-06;3.7598820731948797e-06;6.431620022340212e-06;2.404257400088037e-06;8.249281096083596e-05;0.00014980331948403884;7.01654299329506e-05;7.929039140049252e-05;7.725715907483006e-05;1.9553315948253495e-05;9.519958223761096e-05;3.895414872701629e-05;3.785917278707341e-06;5.969931057599085e-06;8.667856818740155e-06;1.1164019901966509e-08
00:14:38;449;1.8576110545544886e-06;2.8028623517779517e-06;6.242611172309386e-05;1.6411023980564012e-06;3.136913210158551e-06;3.477810053841391e-06;2.78546009837364e-06;1.2798988297484988e-06;1.1897683896674751e-06;1.0014977784855716e-06;1.8408938900129421e-06;1.6918469629700894e-06;1.286240005171635e-06;1.7224633357606287e-06;1.2374371045418477e-06;2.3128517370101297e-06;4.320963864900685e-06;4.880182299115681e-06;4.344092343948248e-06;2.5093129237045762e-06;1.7626235528697652e-06;1.5452706965264999e-06;2.9750415035467295e-06;2.7821831131807846e-06;1.7694528320203925e-06;2.809760641717224e-06;1.6226123393550287e-06;8.373451615380829e-05;0.00014451010762021616;0.00013667246586226487;0.0001509406167126764;6.554673035018688e-05;9.437999794576128e-06;9.699323416692623e-05;4.5157255613118984e-05;4.140259741528181e-06;3.5009381906591827e-06;8.468776002564093e-06;1.0440468600831126e-08
00:14:40;450;2.07117142911076e-06;2.9549687237877036e-06;5.235562742420178e-05;1.4132836996855696e-06;2.0812348868950248e-06;2.2859120193497904e-06;2.5715221197683293e-06;1.5802198777786265e-06;2.154778159538492e-06;1.2390397705013874e-06;2.4410764585460565e-06;2.962890834335884e-06;1.5674008622729667e-06;3.5869884652842385e-06;9.69709121284074e-07;2.060775900530114e-06;3.2555116077570415e-06;3.782428456925348e-06;3.983998599151279e-06;2.713314451791086e-06;2.682474473658658e-06;1.7588113993514515e-06;3.5273207219999467e-06;3.831212584200445e-06;1.940863381617108e-06;4.54377411326185e-06;1.3791380652066114e-06;8.084189765871554e-05;0.00012040371890100472;8.956052032379938e-05;9.742352134835165e-05;7.480801438142845e-05;9.878897061700228e-06;9.236784667704829e-05;4.627480933869324e-05;3.4561849280862017e-06;4.826109545011934e-06;8.419505101626064e-06;6.503824955911614e-09
00:14:42;451;1.9908466334070143e-06;2.931404196715448e-06;5.5629482504978326e-05;1.635271298372487e-06;2.014126018452926e-06;3.1114327003352442e-06;2.085118020709522e-06;2.4029582667915084e-06;1.233137264784871e-06;1.1728091119075659e-06;2.66453147481436e-06;2.3109115411560053e-06;1.3829820626880136e-06;3.0934902926947996e-06;7.833907604231688e-07;2.309928035335556e-06;3.2455430363934514e-06;4.474276791001955e-06;3.5679638182920847e-06;3.643793652833055e-06;1.777711123061555e-06;1.8069358637874274e-06;3.755475051859114e-06;3.354383896386267e-06;1.8488631874650401e-06;4.154532076381081e-06;1.237442831589887e-06;9.001347985223483e-05;0.0001364225964995843;0.00011374076205153877;9.383255691737035e-05;7.706038958063484e-05;7.5759855134068065e-06;9.627037643137939e-05;3.585724166084134e-05;4.1486315102389875e-06;4.443914244744974e-06;8.17990662884073e-06;7.949168924685127e-09
00:14:44;452;1.7493219789085659e-06;2.702834239290162e-06;5.927619728081644e-05;1.3127014940101327e-06;2.285970741427496e-06;2.722180677397742e-06;2.4352429054307447e-06;1.5558141646110357e-06;1.2120412744565101e-06;6.857398188680525e-07;1.8983129424751413e-06;1.6824130676889644e-06;1.85781679155768e-06;2.104689458513256e-06;1.2389399585447078e-06;1.996436885401866e-06;3.572023160813842e-06;4.11887974304234e-06;3.8387827374473214e-06;2.8224615294399156e-06;1.758441589739545e-06;1.2742622283140813e-06;3.0796840179921016e-06;2.7773150758882447e-06;2.36351232022663e-06;3.1694009703066594e-06;1.6628095803338786e-06;8.518109275030236e-05;0.00013995453753164945;0.00010691276976529626;0.00013851792943460524;7.332344166417511e-05;1.1761497709393538e-05;9.05960208578697e-05;4.7638524883460447e-05;3.836884640307864e-06;5.558087544176823e-06;8.019361719457742e-06;1.4218869102719599e-08
00:14:46;453;1.838519012506171e-06;2.7559941038736173e-06;5.7881951186558415e-05;1.5186702637266918e-06;2.752348804626401e-06;5.188334314580474e-06;2.0469528418942673e-06;1.4695301694703486e-06;1.2583807646813419e-06;7.778773284092014e-07;1.6850630258408665e-06;1.7274427347143986e-06;1.16162168546778e-06;1.7282756439711151e-06;7.47729958677274e-07;2.1974613998822805e-06;3.879566839956008e-06;6.545049968102646e-06;3.520787835947851e-06;2.6702589783654512e-06;1.816765752319273e-06;1.2818842695288609e-06;2.7551807911147046e-06;2.790286899492262e-06;1.6414608320344627e-06;2.8207685597373732e-06;1.1524559216134467e-06;9.531842463400809e-05;0.0001315906317952716;0.00011883852293492574;0.00012145118315544738;6.6314797261566e-05;9.669664246300449e-06;9.319981427277245e-05;4.149157364753458e-05;3.5369021146449713e-06;4.825677814262752e-06;8.325020671404227e-06;2.1201690562638684e-08
00:14:48;454;2.085629450799719e-06;2.996411035670877e-06;5.400145597114883e-05;1.442709571445019e-06;2.4102706503790405e-06;4.6094137098732934e-06;2.6088194234380975e-06;1.3092072699485222e-06;2.9449280883785502e-06;8.08541170319285e-07;1.7562801659048495e-06;2.10432236920481e-06;1.9336655077947542e-06;2.175581536983435e-06;9.238130960815222e-07;2.113180878754802e-06;3.610874650400512e-06;5.921109850302706e-06;4.011216031105068e-06;2.5708620221019924e-06;3.582091477267257e-06;1.3471173755119073e-06;2.820248169030757e-06;3.081211724448518e-06;2.284046756151067e-06;3.2799123000816657e-06;1.3350601984942081e-06;8.504403116368842e-05;0.00012205795841546793;0.0001227172089445329;9.610497770766446e-05;6.180049751951334e-05;8.276094504910184e-06;9.637642305984569e-05;4.062761464220478e-05;3.6808024147471636e-06;3.1838542142785183e-06;8.141614478982724e-06;6.394587949770182e-09
00:14:49;455;1.7045358259405352e-06;2.614910491053096e-06;4.867646794605188e-05;1.3721185859435794e-06;2.03972936641993e-06;2.9364928161806407e-06;2.2983133531278615e-06;1.5340238025306585e-06;1.0400757214671072e-06;8.050185852471646e-07;3.0916648457496816e-06;1.622935840989664e-06;1.011757050987812e-06;1.6946650859172119e-06;1.0076343993535952e-06;2.0068302253289574e-06;3.188327995407166e-06;4.350623877270882e-06;3.7344345740546235e-06;2.68901466588892e-06;1.5900947996842545e-06;1.3243689753075665e-06;4.1187234308358425e-06;2.6591117392842846e-06;1.4425284295117033e-06;2.8485676811894187e-06;1.4262986843577087e-06;7.628954088650739e-05;0.0001228420772039555;8.44495752982198e-05;7.916302464982239e-05;6.383225187031896e-05;1.2059666726309601e-05;9.555185203154275e-05;3.320141475557747e-05;4.071692335566398e-06;4.255061124357296e-06;8.391391291711599e-06;1.0067178733282116e-08
00:14:51;456;1.9028703398437197e-06;2.869988163724826e-06;5.1023663953453655e-05;1.3487724239298742e-06;1.7235232670548777e-06;3.332560396529516e-06;2.1757514657009964e-06;1.6384973289262916e-06;1.2781088937914702e-06;1.4802732436177992e-06;2.108207992341187e-06;3.313768532626165e-06;1.2308126543009672e-06;1.864199784116429e-06;1.3399674643401547e-06;2.0408209176038544e-06;2.9465937670258563e-06;4.9017400836914294e-06;3.6862336832822206e-06;2.8839843920811487e-06;1.8324621428694661e-06;2.067088424074784e-06;3.2332064171286322e-06;4.370017021284195e-06;1.6753547811276803e-06;3.0473444255647657e-06;1.7550107505093929e-06;8.227823697603779e-05;0.00013103862028326753;6.503773693381387e-05;8.168602647901854e-05;8.175380172625681e-05;1.4948747308829265e-05;8.855969378078929e-05;4.992667516122749e-05;3.4426288045501904e-06;5.280997373528356e-06;8.315986782817827e-06;1.4815831306792328e-08
00:14:53;457;1.993468579703455e-06;2.954834835230641e-06;4.980162050748327e-05;1.1206254170271668e-06;2.2371354834082138e-06;4.218600986276173e-06;2.7819792793466873e-06;1.2809776434737201e-06;1.2873605026442192e-06;1.5151574123028022e-06;3.919255535384474e-06;1.7496746764968727e-06;1.0787583071673752e-06;1.934615796531344e-06;7.974811160125419e-07;1.7841611544341344e-06;3.4705155278199433e-06;5.831962989989883e-06;4.391399359726936e-06;2.4900267431757462e-06;1.775604415296918e-06;2.0723657368612695e-06;5.028844460740183e-06;2.8433074933822862e-06;1.5254975772832845e-06;3.0409332592608747e-06;1.2033985032320732e-06;6.412419862360987e-05;0.0001229599971793021;6.136026879878895e-05;9.21525511701948e-05;7.82619943585403e-05;1.5388340210544458e-05;9.333930981577284e-05;5.334326467978834e-05;3.6199562107658896e-06;4.993997548847743e-06;8.070749820109476e-06;4.817673534472126e-09
00:14:55;458;1.7640279712920077e-06;2.6991879829300254e-06;6.664973902824099e-05;1.262789922407137e-06;1.8200029491569323e-06;2.6072371996315784e-06;3.584696945905948e-06;1.5258340944674325e-06;1.6027852099269198e-06;1.0625135048155956e-06;1.8360045411275843e-06;1.6385861923075915e-06;9.920398541428777e-07;1.6651882585543893e-06;1.5706564587926086e-06;1.9340146965550035e-06;3.0673775962539e-06;3.996534012083982e-06;5.101214761637067e-06;2.7324416060200516e-06;2.1353435391874075e-06;1.5985159053873103e-06;2.930071261715379e-06;2.753198570437373e-06;1.4011801575098973e-06;2.8179020857143905e-06;1.9224603449079557e-06;7.936445863934564e-05;0.00013122966295309334;0.00013021060085397716;0.00020198759837747012;7.580443422210677e-05;1.808416821313855e-05;9.914111569203067e-05;4.616477735149304e-05;4.205393910177956e-06;4.998999126379939e-06;8.598743788179344e-06;6.915211499277875e-09
00:14:57;459;1.6373812981837235e-06;2.5716439054870338e-06;5.050275348297089e-05;1.1772801213894013e-06;1.978672459980079e-06;2.388841657657343e-06;2.2366574523793115e-06;1.5082501887420108e-06;1.3202244315154004e-06;9.171333495882162e-07;1.7404823578330437e-06;1.834064308425809e-06;1.0917638484577517e-06;2.7285009792553763e-06;7.267039988353733e-07;1.8591362711820785e-06;3.111956533746108e-06;3.8830226607894436e-06;3.652131733326337e-06;2.7706274375857535e-06;1.9204884596593396e-06;1.4223559485546065e-06;2.8121233189946757e-06;2.9252343631037833e-06;1.4854768322418495e-06;3.8906920151562134e-06;1.1264805431857918e-06;7.998314433478055e-05;0.00013872268720239281;7.107621305779596e-05;7.616405403162206e-05;6.991495402576341e-05;1.5000536696745523e-05;9.589112942599243e-05;4.248781879953649e-05;4.058543562492224e-06;4.254905110765931e-06;8.46096343506179e-06;1.8092112701448792e-08
00:14:59;460;1.8671681894359566e-06;2.7920554651855934e-06;4.847104245549313e-05;1.175962422308239e-06;2.291431539867197e-06;2.3932332592447767e-06;2.2306916170384223e-06;1.5118249688099312e-06;2.068901248299746e-06;1.069459728008194e-06;3.211806941294526e-06;2.003171630833704e-06;1.2092537137288095e-06;2.3102973509219797e-06;9.299832827057809e-07;1.8304769217230628e-06;3.469819709688279e-06;3.770713238402924e-06;3.669454758028799e-06;2.7194201127805416e-06;2.7155191460972477e-06;1.6202308562599143e-06;4.200629144732007e-06;3.105145553859132e-06;1.6043108969456568e-06;3.470961610506907e-06;1.3279824747481639e-06;7.178700086898294e-05;0.00013932383370258617;7.392381195446566e-05;6.515092119965918e-05;6.547983242331077e-05;1.6734058420030592e-05;9.940570743288144e-05;3.359043088832955e-05;3.712846558677179e-06;3.979618995402899e-06;8.550718960240785e-06;1.3728061350476513e-08
00:15:01;461;2.1381230859353972e-06;3.0426403923286935e-06;6.147664463880592e-05;1.2631122289522265e-06;2.156951084005114e-06;3.965605349714513e-06;2.213267093961494e-06;1.3816609314432071e-06;1.324393642350556e-06;1.6469588963730075e-06;2.3428916859105895e-06;3.4935208754143847e-06;1.826630531680125e-06;2.5065163961360524e-06;1.5359674665886431e-06;1.9462080847950325e-06;3.4245796472578726e-06;5.290974205665775e-06;3.66734346105751e-06;2.546339194136808e-06;1.834017676697794e-06;2.1239888719949853e-06;3.484344449445209e-06;4.532405702913728e-06;2.2360316066463187e-06;3.5552279596346654e-06;1.8702230083587743e-06;8.08605253159717e-05;0.00012139255192115334;0.00013235831946756694;0.0001617313739122074;7.241680946538112e-05;9.37789332797192e-06;9.741436088439547e-05;4.543038263758174e-05;4.287165550201062e-06;4.013344134767715e-06;8.426328707006967e-06;1.068034146569922e-08
00:15:03;462;2.3186159739649073e-06;3.3024274343224995e-06;5.114012084894242e-05;4.025717939852442e-06;1.850690526565431e-06;5.160862741281459e-06;3.0114146483128934e-06;1.848031460547552e-06;2.478632487297587e-06;8.307153064828815e-07;2.2417530740816782e-06;2.660716759159889e-06;1.1102515000290096e-06;1.8289235423907257e-06;7.756807632572108e-07;4.7151128559493415e-06;3.0311775916847114e-06;6.871721308027789e-06;4.670825785668265e-06;3.1382678038932647e-06;3.0172824021456454e-06;1.3984595696030415e-06;3.3654263939130447e-06;3.7212494480397104e-06;1.586078240829402e-06;2.9277486482551697e-06;1.1857785346255465e-06;5.303503796455519e-05;0.0001295235405282708;8.13958052234827e-05;8.048902005144688e-05;8.417866625757086e-05;7.881991710186159e-06;0.00010190283669508431;5.5744909960660005e-05;4.6461218125926285e-06;6.025531095596353e-06;8.85011154236339e-06;7.877345499638561e-09
00:15:05;463;1.8080379052517772e-06;2.771246525736399e-06;5.173113637686611e-05;2.3040420499982743e-06;2.819740185021725e-06;2.102273410706992e-06;2.495824496245353e-06;1.6882542270027754e-06;1.9602552445909604e-06;6.601622895210177e-07;1.7844136450471317e-06;1.7968570025834134e-06;1.3465444025261386e-06;1.7809178692570784e-06;9.571695614693256e-07;2.956438818359799e-06;4.012680067176064e-06;3.5614386974827274e-06;4.060826995555544e-06;2.9704697787645824e-06;2.5209229344126688e-06;1.1912319843005102e-06;2.91675503894676e-06;2.9296762934940997e-06;1.811671079596198e-06;2.9323774467080003e-06;1.3904684174467317e-06;8.357575154623834e-05;0.0001123450926440912;7.095116598949603e-05;0.00010461031653659448;6.600086648353277e-05;2.0126199374887033e-05;0.00010091773071186635;4.4560606845119505e-05;4.119841580226661e-06;5.1365415661813075e-06;8.41738821304825e-06;1.2135031111553621e-08
00:15:07;464;1.961120279018887e-06;2.875930807862506e-06;5.013624944050826e-05;3.3891917054647407e-06;2.1263391243309115e-06;2.3457863089568964e-06;2.7549257407858105e-06;2.2328894106622825e-06;1.1282316929595027e-06;6.529916456039913e-07;3.0459302299784046e-06;1.7551663489873641e-06;1.1727712058858102e-06;1.9238094185166945e-06;1.0054097924306793e-06;4.0967622939943e-06;3.240612774984756e-06;3.820842951576703e-06;4.130502037685202e-06;3.4410970956626823e-06;1.6560283504215385e-06;1.1969107415005724e-06;4.102840645678446e-06;2.857066570995121e-06;1.5421398264935088e-06;3.0317526887854543e-06;1.3946129283190606e-06;6.564198526977675e-05;0.00011954961487812081;8.057851019047167e-05;8.229758440093463e-05;8.283513346048123e-05;1.4230579852296515e-05;9.917920125450532e-05;4.059279615714165e-05;4.844170548801287e-06;3.469719844414653e-06;8.41034715010741e-06;5.350279047337366e-09
00:15:09;465;1.910180397534201e-06;2.851838845816917e-06;4.987735449377604e-05;1.208321195504554e-06;1.8108307585539374e-06;2.5507461574844372e-06;2.236166344618792e-06;1.5174491035032454e-06;1.4369551828834077e-06;1.9246060894479395e-06;2.446757240613031e-06;1.7625060925881413e-06;2.1451002732481523e-06;2.43030883756939e-06;1.4524168125165913e-06;1.8903466237629166e-06;3.017942195940491e-06;4.083797078617609e-06;3.7437063228129705e-06;2.6605998021330357e-06;1.9904945190054477e-06;2.498032616338467e-06;3.6181704672344495e-06;2.8557481476162117e-06;2.5131220861077985e-06;3.5364791695923764e-06;1.8136263485780834e-06;7.518313542459355e-05;0.00011957582618381111;8.355493246050019e-05;8.662966596983343e-05;6.721922711075973e-05;1.007624970936171e-05;9.220930334945968e-05;4.876883147513537e-05;3.755748964694563e-06;3.258089061637884e-06;8.284035596771366e-06;1.320861875398743e-08
00:15:11;466;1.6465171605129958e-06;2.5778048110842526e-06;4.9571992891711113e-05;1.3630917447700468e-06;2.6522022039575757e-06;2.259234710099246e-06;2.2641312001005853e-06;1.6012349947787512e-06;1.1828980853420292e-06;7.083993008355999e-07;1.6201017854135877e-06;1.7298517572715932e-06;1.6070108733824318e-06;2.012055152307694e-06;7.579936521279701e-07;2.0571584846499107e-06;3.8136757562893716e-06;3.7394742165919456e-06;3.6889224748513617e-06;2.75868229390987e-06;1.7349621061782008e-06;1.221230176157935e-06;2.733874224229768e-06;2.8341126760753033e-06;2.0014687123288633e-06;3.162958698420523e-06;1.1871370637347262e-06;7.598146614096273e-05;0.00011419812187407058;6.998706620530756e-05;9.460196808274926e-05;6.615529364991411e-05;1.4177777757045424e-05;9.8227625296878e-05;4.4414442335061325e-05;3.6252177709697345e-06;5.1717194569470254e-06;8.304976618905733e-06;1.823951172169333e-08
00:15:13;467;1.8328372951065768e-06;2.790465159014735e-06;5.479029210041337e-05;1.0566095360269918e-06;2.388510738688348e-06;3.3177874143384334e-06;2.2198067432684225e-06;1.7893293688751235e-06;1.6879986434888266e-06;9.608410824555527e-07;1.7931103616868944e-06;1.7992816515094938e-06;1.797151510920323e-06;2.2818663005998796e-06;9.017535674535085e-07;1.7213914349978743e-06;3.713504001201658e-06;4.659585458653112e-06;3.6563835116875094e-06;2.994724580655858e-06;2.294711001738932e-06;1.578250859599589e-06;2.9598511259158657e-06;2.908972897163454e-06;2.3326609000176612e-06;3.344931981332535e-06;1.3206130791452698e-06;7.860593487718766e-05;0.00014928639755601572;0.00010068397777678108;0.0001017807961119465;5.851012379076796e-05;1.1184308267077106e-05;9.325933465469567e-05;4.7170492713166095e-05;3.847951243445458e-06;4.83052024097765e-06;8.308574737800306e-06;1.509323509924774e-08
00:15:15;468;1.8199191509764163e-06;2.7937971389050452e-06;5.908226838049275e-05;2.6308977309435537e-06;2.345106906079505e-06;2.511851549384532e-06;2.3136078969411176e-06;2.4580054050331186e-06;1.825519353944442e-06;7.426741820314543e-07;1.6160810587125112e-06;1.7079018903778185e-06;1.1272589782022764e-06;1.7875994299355502e-06;7.725248464767792e-07;3.316342349247447e-06;3.623983309784929e-06;3.989068758689623e-06;3.844463403938674e-06;3.7153220177912507e-06;2.468950420918674e-06;1.2674907549629823e-06;2.7901960709042914e-06;2.8216302311354608e-06;1.5865274254401465e-06;2.892260849991164e-06;1.2093291958610534e-06;7.102528691285546e-05;0.00016437686128511635;0.0001107224992930403;0.00012464419037076785;5.752763654893123e-05;1.4105766428810269e-05;0.0001011950877818158;4.8636484538722364e-05;4.142842377051764e-06;3.948140936543249e-06;8.640893406448383e-06;2.153068580999333e-08
00:15:17;469;2.27670031708013e-06;3.2249426763146287e-06;5.344177599682416e-05;1.5000375949047007e-06;1.970809290470625e-06;2.933119858025438e-06;2.626957230492363e-06;1.8307019493881491e-06;1.2879198067623903e-06;1.0999882885765932e-06;5.1261068527708176e-06;4.11866493944434e-06;1.2438474762500495e-06;2.7645432151178864e-06;8.177064157101974e-07;2.202635109421828e-06;3.186603600647974e-06;4.528912325129775e-06;4.075808966504903e-06;2.9842044453669335e-06;1.8288080435566002e-06;1.6494317400187516e-06;6.276958790490598e-06;5.148691570866504e-06;1.6524965407301399e-06;3.925560962716766e-06;1.239199340362356e-06;7.501177662964271e-05;0.00012758626373871826;7.538051987539154e-05;0.00010217112450306359;7.749655081665655e-05;2.131723156657872e-05;0.0001015792039496061;4.193562364638154e-05;4.4653747767629e-06;5.9415499637852595e-06;8.400266909509225e-06;1.5825585793554e-08
00:15:19;470;1.5763876549163507e-06;2.5410674707133314e-06;5.619962482887386e-05;1.182064974549555e-06;1.939024243956634e-06;2.2072835864538445e-06;2.213579788316751e-06;1.2808555008544689e-06;1.3394553698925e-06;1.1959985125497108e-06;1.8675629195027712e-06;2.024650513667645e-06;1.1789165799540187e-06;1.7275333388446577e-06;7.597260696101671e-07;1.8434040203494906e-06;3.165850949135117e-06;3.719861334629277e-06;3.7544231953331833e-06;2.4936429631855424e-06;1.9005371823483603e-06;1.779025490410691e-06;3.014114056469812e-06;3.191189434110589e-06;1.605256312370928e-06;2.82265738595798e-06;1.202846736037551e-06;7.449155370433621e-05;0.0001279751728789027;9.30105640376902e-05;0.0001317832848104215;7.447706094444663e-05;1.4870517520326465e-05;9.79701368191396e-05;4.251192289796622e-05;3.3678994621542607e-06;5.350447529352932e-06;8.57253545720231e-06;1.4401884547302148e-08
00:15:21;471;1.57248385302854e-06;2.5287829631924056e-06;5.140949800415751e-05;1.0913626281482503e-06;1.8054053923774207e-06;2.0817859466988735e-06;2.4239511220840044e-06;1.2719849219164106e-06;1.2371186731192034e-06;8.492091229812941e-07;1.6989412871285223e-06;1.6141084708013151e-06;1.0235653580472424e-06;3.071000823337303e-06;7.013720389520922e-07;1.7656409411330647e-06;3.0526078138722416e-06;3.5853790156775347e-06;3.892257741944941e-06;2.496081984772209e-06;1.819346342800381e-06;1.335109776748509e-06;2.8006899733151806e-06;2.6949054573160077e-06;1.4735661831672346e-06;4.292193188685136e-06;1.1376163257996787e-06;7.092378407635129e-05;0.00013258461809954162;8.613684601853568e-05;8.665051480815374e-05;6.749317265564137e-05;1.095089095734166e-05;0.00010039335386684041;4.592488765750068e-05;4.092685123534623e-06;3.3058156177445678e-06;8.452854124480659e-06;4.553044224049494e-09
00:15:23;472;2.1078593887709345e-06;3.0717632761238e-06;6.659184389355017e-05;1.66807429897114e-06;1.7470848959856189e-06;2.315565639999694e-06;3.3097498550334463e-06;1.514464402209047e-06;2.4200175169656033e-06;8.018700115221897e-07;3.8095703512975763e-06;1.7137100372301781e-06;1.0626789244128076e-06;3.4595029699925237e-06;1.4720229174581723e-06;2.3232964993647192e-06;2.978443987984387e-06;3.827095192315903e-06;4.898148915080002e-06;2.74890128712056e-06;2.9989756941648908e-06;1.3725408572283896e-06;4.872948500610331e-06;2.819586566320025e-06;1.5015606732912935e-06;4.6488846721009e-06;1.8707754735041356e-06;8.9708419576374e-05;0.00013499860717437233;0.00016501355318926616;0.00015744100748327303;6.805054994821085e-05;7.412058162386067e-06;0.00010338505865201884;5.635428293053155e-05;4.112598112786498e-06;3.9475012678427295e-06;8.669706373682858e-06;8.783851857212419e-09
00:15:25;473;2.0790221912521516e-06;2.9912736972849565e-06;4.814093568982473e-05;1.2560868432648868e-06;1.8021319211863391e-06;2.2880365495581145e-06;6.80103645255382e-06;1.4537965230846082e-06;1.3794680271608037e-06;9.385492143465513e-07;2.359325293516628e-06;1.738769212248056e-06;1.5202833028027385e-06;1.971827079313729e-06;1.4389550509929061e-06;1.9335624200939953e-06;2.984818809037981e-06;3.7303542584699176e-06;7.980204315307547e-06;2.6640396060740177e-06;1.9838336561118508e-06;1.4267240055255858e-06;3.4027887629316506e-06;2.831487549135286e-06;1.988726997360227e-06;3.1069870187187733e-06;1.8617564030966052e-06;8.204592136850713e-05;0.00013748644796418731;7.76509204031971e-05;4.938474064044007e-05;7.267793294031941e-05;8.02953685353033e-06;9.671205692894685e-05;3.708602196049549e-05;4.391008844154174e-06;3.6988590170544707e-06;8.519495854899332e-06;8.285502165237654e-09
00:15:28;474;1.7981125732611438e-06;2.758789384032856e-06;4.9289555798149334e-05;1.6778314758557722e-06;2.068823194534275e-06;2.1608161508171717e-06;4.308400693017492e-06;1.7559187898444604e-06;1.258585784520831e-06;9.22548098923993e-07;1.6623215537818354e-06;2.280752652920755e-06;9.929185004702907e-07;1.6882848724687383e-06;8.001486094306126e-07;2.311908415437376e-06;3.3309011403708853e-06;3.7166575618322916e-06;5.646888980606226e-06;3.0442788758154153e-06;1.8432915106742153e-06;1.4544263197571633e-06;2.8125223641123e-06;3.48680713948023e-06;1.394937441281273e-06;2.8554031483577954e-06;1.2074485953868318e-06;7.782072799253681e-05;0.00014875965219075842;6.7393896987993e-05;4.9161010441066766e-05;7.509128951912324e-05;1.390354690045789e-05;9.800183532481806e-05;4.429162711857564e-05;3.8591146696028535e-06;4.6684830321396416e-06;8.504604775979013e-06;1.8880624740858014e-08
00:15:30;475;1.8660637087270453e-06;2.811398883439531e-06;5.3285963088876684e-05;1.1348207085148942e-06;1.7134881709876284e-06;2.7579921160607186e-06;2.7790169601486654e-06;3.1309714806259206e-06;1.2903838120046565e-06;1.1989890355708481e-06;2.340028430257813e-06;2.031074201431176e-06;1.000132669530403e-06;1.961620271793343e-06;1.0542460248624315e-06;1.8150198246973871e-06;2.935813677428501e-06;4.219440033691022e-06;4.3218044653787985e-06;4.322708508868656e-06;1.835668739129434e-06;1.7289689052159712e-06;3.414592390958827e-06;3.15717245859007e-06;1.4433299238762514e-06;3.120498115117986e-06;1.4217686790473208e-06;7.5048235340471e-05;0.0001303870473245529;9.050693575478868e-05;0.00010035616074950618;7.430244775726938e-05;1.0611142097530549e-05;9.845195611573849e-05;4.319043231925927e-05;3.936690594051984e-06;4.2722860858956424e-06;8.333357123066951e-06;3.486580438916605e-08
00:15:32;476;1.8189190491568752e-06;2.7677528774065534e-06;5.2748114054361574e-05;1.289079326838305e-06;2.353281658913757e-06;2.0867218798963965e-06;2.498623357186344e-06;1.2314038603345911e-06;2.0230205242716632e-06;2.054219913041131e-06;1.7769121781247514e-06;2.0019073427655276e-06;1.1204547033213688e-06;2.5173201335155166e-06;8.740831597106339e-07;1.9688543373756805e-06;3.506212397617593e-06;3.5651119854069122e-06;3.874555478098875e-06;2.408237597143242e-06;2.6614059900370932e-06;2.640058326079857e-06;2.892270166555562e-06;3.1527982150404154e-06;1.5842578612804733e-06;3.6519436434900854e-06;1.3073272578919927e-06;7.969509669906583e-05;0.0001143012912151014;8.420562927958844e-05;0.00010819349988975983;6.879541583178928e-05;1.6915388471686903e-05;0.00010225532808942968;4.066596451249062e-05;4.626310408145803e-06;4.57961949556529e-06;8.735265192681403e-06;8.559567034351378e-09
00:15:34;477;1.737965399877856e-06;2.7091843859827486e-06;5.027525313395673e-05;1.1828067178627903e-06;1.6874693904030251e-06;2.1855367497184117e-06;2.092590412384642e-06;2.325398163804948e-06;1.663973562735712e-06;1.756773426286884e-06;2.8036505748926546e-06;1.4651042669975503e-06;1.0858703934408192e-06;1.8663992438015178e-06;7.400114515509028e-07;1.8300234263664653e-06;2.9477891265615436e-06;3.7160569096573176e-06;3.5675944483172534e-06;3.5110475650232926e-06;2.2385077376315213e-06;2.3278193395261823e-06;4.026803345610299e-06;2.589408923028449e-06;1.5904118506885517e-06;2.9772327338775275e-06;1.1875159724309877e-06;8.658099622245077e-05;0.00013096338445521959;6.835515190858434e-05;7.520645233083326e-05;6.30944731821723e-05;1.648414472871337e-05;9.705979520491463e-05;4.7939645842100465e-05;4.23687294339269e-06;5.018540435362826e-06;8.35393962952083e-06;9.640724215811701e-09
00:15:36;478;1.8967465335735638e-06;2.8657573440358634e-06;5.77872655026641e-05;2.3144571156566682e-06;2.6256090706056057e-06;2.489328595216152e-06;4.013334935008701e-06;2.0587246388456295e-06;1.3164972330867188e-06;7.009368561935762e-07;1.8024119866117354e-06;1.585566990753245e-06;1.1438578492476124e-06;1.7979759736002683e-06;9.122565108170151e-07;3.0644418610434146e-06;3.785670422743512e-06;4.0328579842348e-06;5.690588502919219e-06;3.293908440654481e-06;1.86490121559703e-06;1.2768201454664334e-06;2.8962625532861965e-06;2.682505488579248e-06;1.5591064803756344e-06;2.909754602103332e-06;1.3322694632900988e-06;8.177180545840924e-05;0.00012741419059414836;8.694332691116946e-05;0.0001298101821691945;7.958922357730335e-05;1.884139966340455e-05;0.0001016805854402805;5.042327913562956e-05;3.564186309314623e-06;4.775951250390716e-06;8.6290255769544e-06;4.029945770023129e-09
00:15:38;479;1.6918292570525493e-06;2.6511888186581052e-06;5.810107978009557e-05;1.3935673818142969e-06;2.3864656775174353e-06;3.0339142306313636e-06;2.0853864342029738e-06;1.4835074838873394e-06;1.4638966282408783e-06;8.04321750051558e-07;1.7828177339267044e-06;1.5441466763829483e-06;9.367494754835609e-07;1.7041329627431878e-06;1.683044181193855e-06;2.0892092319212957e-06;3.6627258931373577e-06;4.494893668770946e-06;3.7191134623166756e-06;2.7267401794486867e-06;2.0248143303583273e-06;1.3207828063986188e-06;2.868380459150575e-06;2.6377739272269353e-06;1.3559426767780587e-06;2.8390527505288895e-06;2.0748355733372544e-06;8.621831208418603e-05;0.0001478257072840213;0.00011248619256123048;0.00011168753531695742;6.991057695023084e-05;1.007419930180042e-05;9.639975023789694e-05;4.495554700178177e-05;4.3525159011912205e-06;4.9086427693373964e-06;8.38933412682897e-06;4.643825684106716e-09
00:15:40;480;1.959186292310733e-06;2.9383840332160663e-06;6.263455123247344e-05;1.0824627325398886e-06;1.7767550693744996e-06;2.3617755844766593e-06;4.413838985134982e-06;1.3754163859564466e-06;1.241881119637159e-06;8.253520235338127e-07;2.732486163639888e-06;1.6481400582080141e-06;2.7536649650595666e-06;2.3153519588057425e-06;9.831097056434146e-07;1.7870785716730074e-06;3.0219270160205846e-06;3.913691604989426e-06;5.963218631844524e-06;2.6618666275174326e-06;1.8271231384241667e-06;1.3687380173963257e-06;3.901054227914951e-06;2.7774775574045314e-06;3.237499884021475e-06;3.421104278044644e-06;1.3798282166250449e-06;7.62540339450119e-05;0.00013998352567882072;0.00011339898052512427;0.00015263629056073817;7.82457636428568e-05;1.3575889982524598e-05;0.00010412055948064886;5.5721164231048056e-05;3.7829018419976045e-06;5.265101141659902e-06;8.621433976249296e-06;8.969783001344268e-09
00:15:42;481;2.0261931678336706e-06;2.9646768860955123e-06;5.117696405516894e-05;1.5881311176842288e-06;3.318252660604189e-06;2.5319524716849173e-06;2.4273959677856283e-06;1.5874155103936325e-06;1.2410752351467058e-06;2.1783590314199004e-06;1.909092917852139e-06;1.6596504803991572e-06;2.716420440504211e-06;2.3028261855790273e-06;8.537450744341222e-07;2.2539853457774255e-06;4.51851273674383e-06;3.961231742104695e-06;3.917466241131755e-06;2.804161140432635e-06;1.8105743728932495e-06;2.6803203663975976e-06;3.0693503593375924e-06;2.824511635550106e-06;3.0554805435494466e-06;3.4254773473100002e-06;1.2550499305585686e-06;7.477851531422175e-05;0.00011144630459967064;7.639425795611598e-05;0.00010072890518275335;7.255336786129224e-05;1.0195881378310577e-05;0.00010208712177692718;4.991301143687608e-05;3.877742229714199e-06;3.29041018031131e-06;8.845291730304338e-06;1.2759015529628065e-08
00:15:44;482;1.989875830494208e-06;2.9214176944911234e-06;4.6573568725416814e-05;1.751800366020265e-06;1.948816174778368e-06;2.36762497349022e-06;4.298688877988545e-06;1.5570642238186978e-06;2.8868648391396206e-06;6.869295463764822e-07;1.7856069087168243e-06;1.8059610111203546e-06;1.932361094247881e-06;1.849156142793876e-06;1.0076349987125417e-06;2.4405330085629212e-06;3.1225100296460714e-06;3.86646112491678e-06;5.593304712984039e-06;2.7455794498230635e-06;3.4579527523361966e-06;1.210745015041654e-06;2.880562323286851e-06;2.8931469712547313e-06;2.469558790846948e-06;2.9391603243599507e-06;1.4374968968753175e-06;7.778886995776797e-05;0.00012019871759001028;7.338762413724054e-05;4.0012969644451214e-05;7.082443105389054e-05;8.728526257670532e-06;0.0001079590417080808;4.293484328742174e-05;3.508491016333815e-06;4.7027643376451086e-06;8.8258071556397e-06;1.0738558849418651e-08
00:15:46;483;1.5508218473443818e-06;2.5132802633540647e-06;4.970169709519961e-05;1.3678585424740803e-06;1.8854832788406384e-06;2.242020522690392e-06;2.0100716057281818e-06;1.6014380690230403e-06;9.695170795480252e-07;1.1596892520625668e-06;1.642839833867785e-06;1.7771597184564185e-06;1.0629503703896148e-06;1.844878334141113e-06;1.0459551585255285e-06;2.0375069621140822e-06;3.0682652155933915e-06;3.816049897229473e-06;3.5802689966704414e-06;2.7633127271506456e-06;1.5100570216924973e-06;1.7703904282376542e-06;2.7877592827603104e-06;2.908879180354176e-06;1.4726711274133892e-06;2.9643803965790296e-06;1.4798208703320563e-06;7.165078996057652e-05;0.0001264461829718192;7.011430395226204e-05;7.93901412228728e-05;7.950618365651958e-05;1.2412454382735406e-05;9.953956066248463e-05;4.053454616524572e-05;3.6184899965163317e-06;4.6476206553490354e-06;8.550802959294276e-06;9.28855671982382e-09
00:15:48;484;2.1620362772009374e-06;3.141493639132138e-06;5.341847463731857e-05;2.0825321175007874e-06;2.243456143282494e-06;2.5399324037132165e-06;3.1804548510776116e-06;1.7853182210168164e-06;2.3700721550183475e-06;1.852619423849753e-06;1.7475739265390446e-06;2.633259380728377e-06;1.2604143965301195e-06;2.76995801939961e-06;1.4788433423295155e-06;2.774717534555725e-06;3.4572178834953117e-06;4.109845507674102e-06;4.84419190717192e-06;3.0278454750823815e-06;2.9624838195064235e-06;2.4293904565454313e-06;2.875708429212553e-06;3.7410257685028057e-06;1.718752963525627e-06;3.8467155833661565e-06;1.910027427854828e-06;6.807600139780723e-05;0.00011742974012031827;9.373389548537654e-05;0.000113388949319644;7.727299053831447e-05;7.879007520094384e-06;9.632521653962183e-05;4.978951216378003e-05;3.896220774810977e-06;4.755362019067843e-06;8.461209576356736e-06;1.3590192630417545e-08
00:15:50;485;1.8358293558471608e-06;2.8038805253402908e-06;5.033909707040166e-05;1.3613903430838419e-06;1.7579115771129947e-06;2.9145556579896432e-06;2.4474492158981835e-06;2.265682520627169e-06;1.6245290723950554e-06;1.3131374029352505e-06;1.7104036152656734e-06;1.7964973747003847e-06;2.061421746352659e-06;2.027373159211007e-06;7.496000500721451e-07;2.0238865004160553e-06;3.024168049820748e-06;4.550311578447081e-06;3.8799390621753e-06;3.515158852356371e-06;2.1870500312374296e-06;1.9057217122845262e-06;2.8500097972868436e-06;2.9463676554182195e-06;2.395751115601124e-06;3.188472587795861e-06;1.1797285589602348e-06;8.892155340184456e-05;0.00012382703403144438;7.000318044584512e-05;5.7684938221769005e-05;8.118202853621928e-05;1.0588308742337763e-05;0.00010270955046078146;5.194201578710913e-05;4.411670010556199e-06;4.140671772392203e-06;8.64937495064493e-06;8.838483875639316e-09
00:15:52;486;1.598240691791375e-06;2.5418876277076895e-06;5.7933782837631656e-05;1.9922276420881633e-06;1.8349236901632986e-06;2.566852919307714e-06;1.9711684257376048e-06;1.7449578712878313e-06;1.261407991070097e-06;6.835799063363946e-07;1.7198312973350354e-06;1.595927939458296e-06;9.45340567846322e-07;1.8598626640392075e-06;1.0028069189583666e-06;2.6845899626522034e-06;3.044723951150652e-06;4.009965829902308e-06;3.469716415842229e-06;2.927466395496733e-06;1.8084616382871394e-06;1.218368869129773e-06;2.8789520427703275e-06;2.683564379298378e-06;1.3842536063000094e-06;2.9943908622977064e-06;1.3981968411199093e-06;8.6390297116774e-05;0.00015034490920587886;0.0001305287224602203;0.0001015647878305412;6.804501432354898e-05;6.942434834050527e-06;9.643396086622635e-05;4.006926694328264e-05;3.4893832096964724e-06;3.198500837832649e-06;8.172568116299793e-06;2.5548307228180065e-08
00:15:54;487;1.957141240829039e-06;2.9299053753502564e-06;4.834306784476657e-05;1.3558164933384504e-06;1.989841956015229e-06;3.825624440749338e-06;2.159657446008303e-06;1.6230013879110898e-06;1.5850034052113735e-06;1.369083307732989e-06;1.955583442413523e-06;1.8272190613091963e-06;2.520414068482327e-06;1.8990140316012891e-06;1.375435106335229e-06;1.981679185484632e-06;3.2229957302166163e-06;5.3976383829258e-06;3.7886024897546387e-06;2.812026194458414e-06;2.1321991641654467e-06;1.9525923411366203e-06;3.112574351194504e-06;2.935040678885689e-06;3.023382840735935e-06;3.0131859761286827e-06;1.7869463146659736e-06;7.662764433163058e-05;0.0001179875656994665;7.322998456755818e-05;5.7428687090930646e-05;7.679003164440246e-05;1.1589543454952616e-05;0.00010118500870331891;4.667748339587114e-05;4.0681246288643624e-06;6.201517780899417e-06;8.315514879370758e-06;1.570795993314547e-08
00:15:56;488;1.8874497055388806e-06;2.8192478543754573e-06;6.2938421690776e-05;1.2086505495839168e-06;1.8373809200576054e-06;2.710541664412021e-06;2.9294751387515756e-06;1.3842289589308363e-06;1.1132393487045533e-06;1.0876652439312744e-06;3.1727790506379123e-06;1.7447294936477997e-06;2.6392624228321893e-06;1.9508700363440372e-06;8.705729826727097e-07;1.8715361823558828e-06;3.0182608457558856e-06;4.082464579656931e-06;4.533872559569559e-06;2.6094631991753297e-06;1.6563607937602187e-06;1.5948275165412062e-06;4.327239568300672e-06;2.7933118428935113e-06;3.0007345403531342e-06;3.087489246837909e-06;1.2554122354001116e-06;8.117086761512822e-05;0.00013306288175168163;0.00011594619860644576;0.00016492745285037115;7.699220267812341e-05;1.3019305550387347e-05;9.863620460409641e-05;5.541835130838459e-05;4.2764622694850635e-06;3.271064764312136e-06;8.517313205515773e-06;2.2755085380498775e-08
00:15:58;489;1.8797235910028576e-06;2.831092215389237e-06;4.903116831007738e-05;1.1337545246060576e-06;1.5874663590118778e-06;3.4150721836696944e-06;2.105057388038486e-06;1.867554594202726e-06;1.521658498598361e-06;7.362615182173535e-07;2.58833390550964e-06;4.0710221198155106e-06;1.092485077998488e-06;1.7385358952863457e-06;6.994803613900238e-07;1.859193711816606e-06;2.7992466958851222e-06;5.004891139073658e-06;3.6476668770497965e-06;3.0892406933081833e-06;2.0584484546597644e-06;1.257731405516258e-06;3.631934978790313e-06;5.109089569705708e-06;1.5485973396112692e-06;2.835667166575057e-06;1.1313976823991733e-06;7.980847142283124e-05;0.0001253650559707139;6.0048152441457323e-05;7.102203778945537e-05;8.327594551338602e-05;1.718435561019513e-05;9.310419760484446e-05;4.090378278062676e-05;3.3437418184432423e-06;5.606221149089797e-06;8.690508386882427e-06;2.1549233002939834e-08
00:16:00;490;2.7620565642326835e-06;3.7433742277301727e-06;5.407667893581769e-05;1.3961790901588373e-06;2.761251681849718e-06;2.2510723197396745e-06;2.326894165026839e-06;6.6892255842726005e-06;1.441054849671275e-06;8.819943172175019e-07;2.399742266396226e-06;1.792913645104477e-06;2.7583927129497128e-06;7.541256529464135e-06;9.047005690457607e-07;2.037089079519169e-06;4.007574523688785e-06;3.743510277776226e-06;3.850265862131926e-06;7.898565103506037e-06;2.0942568051948543e-06;1.4045417233204187e-06;3.4782721274806836e-06;2.8825085800684675e-06;3.332709212959862e-06;8.829612409188692e-06;1.3615832711774934e-06;8.66774851590513e-05;0.00015040297228777823;8.925756706891628e-05;8.709391833112402e-05;6.139534973419777e-05;1.3102606704687706e-05;9.992379208225978e-05;4.348417759808707e-05;3.492063727750305e-06;5.322717363212498e-06;8.754971666777225e-06;1.2525505969922939e-08
00:16:02;491;2.9757231332765017e-06;3.964988398457777e-06;6.62106484353152e-05;1.5822734408356032e-06;7.206842834183259e-06;2.695977319853362e-06;6.690740316369928e-06;5.316052709955247e-06;1.50524026842902e-06;9.061864910170864e-07;3.689930843623043e-06;1.7297227202884746e-06;1.251413721738779e-06;2.019789410793878e-06;1.114506501794081e-06;2.247185905824015e-06;8.681617514469774e-06;4.149213178676245e-06;8.226937253208303e-06;6.697079945435597e-06;2.0243227096170236e-06;1.4837145876806028e-06;4.85973230499002e-06;2.8354292200237056e-06;1.745345592766332e-06;3.170023271909313e-06;1.4592578686115533e-06;7.284686723974906e-05;0.00016210762227719438;0.00011910395289734882;0.00016762066009287535;8.528088710525824e-05;1.3156388643439494e-05;9.656325507936466e-05;6.0518388144599956e-05;3.828190396664892e-06;4.684417573721037e-06;8.791845538846885e-06;2.530623471925564e-08
00:16:04;492;1.8307397640688288e-06;2.77550812721598e-06;6.0874173404215446e-05;1.2841194173450854e-06;1.729555797166685e-06;3.6216962510205906e-06;2.264731278632904e-06;1.3006804465799282e-06;1.305239195513831e-06;7.330406247664133e-07;3.633088659814699e-06;2.5243186007757727e-06;9.789519036215468e-07;1.76515660803163e-06;8.282978557988036e-07;1.951920374935232e-06;2.957920198149381e-06;4.97437644057006e-06;3.812226617511338e-06;2.5633507730277945e-06;1.829778474403392e-06;1.2418863021490392e-06;4.842256476543218e-06;3.600756472914776e-06;1.3994592661761032e-06;2.9149330433178474e-06;1.2172321371048084e-06;8.757336136574207e-05;0.00013237408230748718;0.00011210973153883651;0.00014649203277490702;6.792305463958235e-05;1.1718556912284242e-05;0.00010115883366069505;5.39692615513329e-05;4.01605659017764e-06;4.674942342103213e-06;8.469992026521637e-06;1.0175140915590694e-08
00:16:06;493;1.8745299423402044e-06;2.828384643905764e-06;5.1613809124173236e-05;3.5600877061690217e-06;2.146407579995856e-06;2.194691890364001e-06;2.302183435079738e-06;1.6714785462794297e-06;1.6252597129128399e-06;9.159797084863768e-07;1.980232293131611e-06;1.7124862943453743e-06;9.516177725417534e-07;2.1536331134603355e-06;1.2803007086019265e-06;4.233855291584151e-06;3.342289694875392e-06;3.7078023242314355e-06;3.887964567184099e-06;2.863763725893282e-06;2.1636734731192186e-06;1.431282733311848e-06;3.0844489916904144e-06;2.864813347537453e-06;1.3803856116778027e-06;3.3098978741391772e-06;1.6704373015733225e-06;8.088785706068735e-05;0.00011894024437908344;9.234898198434485e-05;8.116109037913247e-05;7.386250629544145e-05;7.023074728593661e-06;0.00010238419413736076;4.48319253373902e-05;4.455112586214204e-06;4.681600059871112e-06;8.778685884417768e-06;1.0436657541576853e-08
00:16:08;494;1.7876380501940565e-06;2.7616520301192775e-06;4.8011350050483186e-05;1.627906357190315e-06;1.6588602225198201e-06;3.655842758379632e-06;3.003874019989119e-06;1.3374230162939553e-06;1.4090561342363437e-06;8.458725196644227e-07;2.1157977758499347e-06;1.636239666586386e-06;1.2108293794681075e-06;1.947312740956487e-06;1.0026414732002629e-06;2.324017509923993e-06;2.9183810989085446e-06;5.204997930227767e-06;4.409320164212877e-06;2.582076047163562e-06;2.071935599113065e-06;1.4041410167919821e-06;3.277729495528524e-06;2.8058149946676316e-06;1.6762588188612426e-06;3.0448198611085464e-06;1.4203310622144296e-06;7.402508248190985e-05;0.00014302730937239177;5.720179530820334e-05;5.649101218475677e-05;7.047862026336955e-05;1.8024901710801972e-05;9.71403102970021e-05;4.2368202741143106e-05;4.3798379348701075e-06;4.518460177323742e-06;8.470399129946707e-06;1.0269004079221846e-08
00:16:10;495;1.9036222445640243e-06;2.882542589701833e-06;4.6778903557932276e-05;1.0457604444624735e-06;1.7093161636823466e-06;3.083241810389578e-06;3.836205908088046e-06;2.4705072320007173e-06;2.342580916157224e-06;8.748005933382914e-07;1.9427952286124848e-06;1.527591557491028e-06;1.190536874095084e-06;1.8454612445075533e-06;9.746682587887598e-07;1.7263648053041742e-06;2.957404960766383e-06;4.682261403645441e-06;5.180604361318924e-06;3.7169441706674097e-06;3.0110270875446055e-06;1.4237276734317525e-06;3.0763174988892332e-06;2.6788261781308115e-06;1.6745801528336818e-06;3.0532364632298467e-06;1.4092152985574989e-06;7.998218914162521e-05;0.0001327569005760946;6.312566695969014e-05;4.863143944281203e-05;6.527836055135899e-05;1.637094522504106e-05;0.0001001906247015409;3.7917281755626476e-05;3.966566762591069e-06;4.569611262280961e-06;8.542788558054966e-06;1.446775847074018e-08
00:16:12;496;1.8327272370429042e-06;2.8061699105842594e-06;5.065273532417165e-05;1.180436940115018e-06;2.5086923885324226e-06;2.618781820083107e-06;2.8285180696227288e-06;2.2541687031721578e-06;2.0531037208115777e-06;1.1846771637215945e-06;1.7376843279040797e-06;1.7575435163795883e-06;1.084976121148238e-06;1.8479842104245459e-06;9.361592875042649e-07;1.8762814191557227e-06;3.7319240060311084e-06;4.136304766424347e-06;4.310431910497858e-06;3.4901505743987455e-06;2.7557382279006052e-06;1.7284463616548077e-06;2.8991004746440243e-06;2.874608606914621e-06;1.5491194514502644e-06;2.9868728323073144e-06;1.335059322817743e-06;8.579797000085123e-05;0.00016483063432932117;6.117478011684723e-05;5.044593382267284e-05;6.481189164763165e-05;1.489280963143746e-05;9.949815312885559e-05;4.928229831471696e-05;3.5931502474262484e-06;5.002781451148528e-06;8.487796035211738e-06;1.4625163939296502e-08
00:16:14;497;1.5876334325587942e-06;2.5413251541631556e-06;5.027981973017193e-05;1.3802524810363985e-06;1.7820625377786634e-06;2.2581259023465607e-06;2.433835118089498e-06;1.2859076790857928e-06;1.6120932353076838e-06;7.689272271833985e-07;1.941070333153696e-06;1.73369895215749e-06;1.215640024441391e-06;1.5805558923079586e-06;1.0594313595291283e-06;2.0378834598219165e-06;3.0119130375583786e-06;3.699501173252452e-06;3.852889980281143e-06;2.5393008189882805e-06;2.228216002077727e-06;1.2959531308228226e-06;3.1414167580483598e-06;2.8274872762797056e-06;1.6978232980087525e-06;2.7189067634624944e-06;1.4446089932611174e-06;7.907291472489725e-05;0.0001417877661339054;6.971200786930356e-05;7.196336085387543e-05;6.914178524339092e-05;1.5786636845574425e-05;9.828083950770597e-05;4.1876896081842405e-05;3.4568292618457817e-06;3.9001068418461816e-06;8.360856061424354e-06;1.7837336451459426e-08
00:16:16;498;1.5583029830553001e-06;2.5234849378153462e-06;5.914999035954458e-05;1.364466276127468e-06;1.975371713314189e-06;2.1717103583734403e-06;2.150624323475499e-06;1.2633674583252163e-06;1.9299006849978055e-06;8.436593566075633e-07;1.6715153011210242e-06;1.6025656120113105e-06;9.753588965983278e-07;1.8079998424463446e-06;9.430954875226534e-07;2.065163366290718e-06;3.2086372006164358e-06;3.631632183252022e-06;3.685889641007945e-06;2.491659561028543e-06;2.539564512010691e-06;1.4002445069205419e-06;2.8073589036570343e-06;2.726780097919466e-06;1.39095336592192e-06;2.971826619660199e-06;1.3621083579419985e-06;9.06461701520036e-05;0.00012262561917862389;0.00010359423852062176;0.00014058085828759365;7.357360456280719e-05;1.756254903216571e-05;0.00010009169045355991;4.3542848137414986e-05;3.952010117191001e-06;4.982237948641365e-06;8.639387454918977e-06;8.670468993169397e-09
00:16:18;499;1.7152645477706714e-06;2.650188469465032e-06;5.105344228924576e-05;1.208897511469202e-06;1.747207824562028e-06;2.9932551433828083e-06;2.812857854033785e-06;1.2396854503745916e-06;1.2571866871979864e-06;1.3897863903751655e-06;1.567227774466253e-06;1.5937690901165782e-06;9.515490205881282e-07;3.0330155549116644e-06;7.887357751570143e-07;1.8930228047275141e-06;2.942924829422057e-06;4.372176132924727e-06;4.197204609365052e-06;2.4395834255796494e-06;1.8053012629220748e-06;1.953795768120564e-06;2.7452847649052457e-06;2.6738946143602415e-06;1.3706246144914686e-06;4.196514182004199e-06;1.2119335897036936e-06;6.98190543324436e-05;0.0001294123835330582;8.157657353276653e-05;9.854020376624678e-05;6.712421470084403e-05;1.06529399978531e-05;9.815605702992504e-05;4.132673252212788e-05;3.7663215616718145e-06;4.026006548144387e-06;8.232163978393528e-06;8.655967474127009e-09
00:16:20;500;1.5587240132155309e-06;2.515205082251864e-06;6.114368149094535e-05;1.2389781577258996e-06;2.4208451338900905e-06;2.292306754919144e-06;2.740928263184566e-06;1.7712553781670046e-06;9.936346728845924e-07;5.929096703302409e-07;1.5919377648029611e-06;1.500369881345488e-06;9.098543874682977e-07;1.6572893182242865e-06;9.943782862574901e-07;1.8933731242421206e-06;3.6318360827540862e-06;3.7579142878677907e-06;4.332369403355303e-06;3.0199992657292603e-06;1.5663733085050268e-06;1.1508216887912429e-06;2.7393322515987925e-06;2.6108443417118146e-06;1.326422091960346e-06;2.773673528177893e-06;1.3795009838131706e-06;7.89617744282957e-05;0.00014315574856785165;0.00011299951575391025;0.00014898899357986751;7.372557767522091e-05;1.4563123370188945e-05;9.718333326130356e-05;4.7473788767737267e-05;3.968638641651781e-06;4.325017845725406e-06;8.367986016673349e-06;1.0679982917882055e-08
00:16:22;501;1.7886481551634212e-06;2.7651453877561963e-06;5.050428169879517e-05;1.155892567197079e-06;1.567852791998932e-06;2.8582581387775523e-06;2.1221037584950864e-06;1.3000615569131406e-06;1.0249669589028216e-06;9.356857995079793e-07;4.464779438445083e-06;2.3371020370694335e-06;1.061110142056262e-06;1.870487399877809e-06;7.654767735232326e-07;1.808970890561807e-06;2.858780454758583e-06;4.463599757803456e-06;3.647931655133924e-06;2.5260625450962698e-06;1.5623037931699044e-06;1.5163315792298956e-06;5.674009260681349e-06;3.436843570265801e-06;1.4819939848811247e-06;3.0103885316023052e-06;1.1945279222253462e-06;8.37889232315993e-05;0.00013205669853632476;6.604201930151286e-05;6.881410452718963e-05;7.10254880851713e-05;1.4662345958057725e-05;0.00010009586973937966;5.2296697764690606e-05;3.7797147348157028e-06;4.8027492176682886e-06;8.677124167369478e-06;9.645121762830674e-09
00:16:24;502;1.764974184581547e-06;2.7182582735930955e-06;4.904221438174374e-05;1.1899474200337645e-06;3.4258605048555846e-06;3.581478769957998e-06;2.1174044552455227e-06;1.2673738710621374e-06;9.920629552598568e-07;6.786821200790236e-07;1.8507282058392733e-06;1.503998181995314e-06;1.469975660225745e-06;1.6881946764160913e-06;1.4139829141900473e-06;1.8899459294666082e-06;4.622704533245223e-06;5.264335736165212e-06;3.6155236966230486e-06;2.4656684848230704e-06;1.499356772634385e-06;1.177069343957325e-06;2.9682060450127957e-06;2.661009136629011e-06;1.8495743590760925e-06;2.7978407811306054e-06;1.8078636901320144e-06;8.040543876331977e-05;0.00010985412264098146;6.782291170298325e-05;7.8768913353326e-05;7.261514034336212e-05;1.5065840994870387e-05;0.00010032871747527374;4.569505994525555e-05;3.765455875749097e-06;5.18970043526582e-06;8.987898327483399e-06;7.372723054347559e-09
00:16:26;503;1.7656006168209615e-06;2.7085822256583326e-06;4.540599584762429e-05;1.1068380662105814e-06;2.3123757325100254e-06;2.1564966605971203e-06;4.689071013333742e-06;1.6192272225268312e-06;9.796996737098207e-07;6.290250511575834e-07;1.77301571218697e-06;1.6279417070143929e-06;1.2929019861183313e-06;1.8734674777996154e-06;1.127146560813747e-06;1.7216634501846207e-06;3.58416627069012e-06;3.69408541148373e-06;6.1112177085121825e-06;2.897844393385329e-06;1.5201934833316092e-06;1.1783637765353277e-06;2.9367019342777283e-06;2.7540883498267812e-06;1.6863633503287675e-06;2.9276457631061055e-06;1.4906518297525335e-06;8.702005226795986e-05;0.00013015003920631896;5.4691683395806255e-05;3.27341332776579e-05;7.165887888297568e-05;1.1920233994847363e-05;0.00010295770056575852;3.771793169037301e-05;3.90456008114823e-06;3.5153821658331965e-06;8.579119649413919e-06;2.2234993398376438e-08
00:16:28;504;1.5926533136352687e-06;2.571264787225636e-06;4.919431856702104e-05;1.0555728863114278e-06;3.080520582701948e-06;2.2814310599079075e-06;2.5185165221198633e-06;1.3891447181244778e-06;1.0838050935097436e-06;8.658757041873405e-07;1.5692670087022718e-06;1.4806546384123336e-06;9.896371424970725e-07;2.062357730087621e-06;7.350562364439771e-07;1.7054145257732878e-06;4.374349957656762e-06;3.789879103719671e-06;4.119071758672178e-06;2.717421224749355e-06;1.6543177707717405e-06;1.4002636057696264e-06;2.7605603241981146e-06;2.551619966456938e-06;1.4280653411195181e-06;3.2197924337530903e-06;1.1344203182454317e-06;8.205213698882535e-05;0.0001450849902312433;6.591803855178736e-05;4.859720270814376e-05;7.315803356344531e-05;1.159457244752942e-05;0.00010207516418580974;4.276773302748496e-05;4.9162448538015045e-06;5.5077833593723645e-06;8.639823515563677e-06;2.009937124569822e-08
00:16:30;505;1.6670947505691525e-06;2.632696054252513e-06;4.9096081305938076e-05;1.4174596451739645e-06;1.6919433618993325e-06;2.032155946710387e-06;3.001677392624267e-06;1.3131829967669908e-06;1.1939898980628527e-06;1.4866482822965694e-06;1.6255911934528264e-06;2.55770819796391e-06;9.999708901728157e-07;1.8474645425602498e-06;8.373442693564538e-07;2.1124298534312953e-06;2.956486637346263e-06;3.6062036352758914e-06;4.448325508067832e-06;2.551656078577264e-06;1.7649438429451706e-06;2.0286479944336895e-06;2.753920234336195e-06;3.7140910800316523e-06;1.4175467413224396e-06;3.002479741242703e-06;1.2356204067571848e-06;9.020778418851158e-05;0.00012777811664043114;7.64512114427742e-05;5.813929296027408e-05;6.489628369265099e-05;8.883336208495822e-06;0.00010272994227861231;4.294475291600526e-05;4.305947734475748e-06;4.290908314587808e-06;8.502793236398846e-06;2.2606058039179475e-08
00:16:32;506;1.7843619141447418e-06;2.7481820135234775e-06;5.699068756132098e-05;2.271912309190973e-06;1.698787567021172e-06;2.767798358828021e-06;2.0849227256162934e-06;1.3051395779067383e-06;3.3176216733013772e-06;6.505875394776953e-07;1.801292497786862e-06;2.02092255318188e-06;9.340211129375704e-07;1.564632961051612e-06;9.9470356622207e-07;2.9849879664180675e-06;2.918660023089062e-06;4.2797222433847895e-06;3.5586802201992846e-06;2.5839742388770786e-06;3.953590734615514e-06;1.1821726842224708e-06;2.906807047778945e-06;3.087102405066916e-06;1.371090446309033e-06;2.7257166122373883e-06;1.4256785593543215e-06;8.425061037147435e-05;0.00014062487682073565;0.00013117982002805911;8.953401646541692e-05;6.542431680761514e-05;8.843419818534623e-06;9.771037302076919e-05;4.886056785731075e-05;4.0226844249599965e-06;4.772640583462105e-06;8.648666203080667e-06;1.6258334433215553e-08
00:16:33;507;2.2017615268765667e-06;3.124322266914901e-06;5.848005817728954e-05;1.6633562692062882e-06;1.7860439117162679e-06;5.014144959600034e-06;3.2829677333009757e-06;2.2277491316719473e-06;1.4260702437919226e-06;1.430926530235607e-06;2.1503498976600937e-06;2.0754533823270034e-06;1.6080244616260715e-06;2.9961814566351306e-06;7.598694743729791e-07;2.2694950092943457e-06;2.981392611540678e-06;6.3965358238627095e-06;4.562939736814182e-06;3.5005875441681925e-06;2.029427116235926e-06;1.932382940019205e-06;3.2276638009960472e-06;3.2578273453221795e-06;1.9735877205238454e-06;4.204144335998063e-06;1.1558823108673465e-06;9.160624336395745e-05;0.00016206090306503102;0.00013567893606226942;8.806734121596187e-05;6.962446113085786e-05;8.052218345044212e-06;9.462665970034992e-05;3.69524235125963e-05;3.5344795445668625e-06;3.115253512194693e-06;8.429052362257317e-06;1.2726312387677156e-08
00:16:35;508;1.9150470116358065e-06;2.8776945771225446e-06;5.830032581179915e-05;1.3989154917288198e-06;2.0544287384829185e-06;2.146735277138005e-06;4.257756897436076e-06;2.8279482944461942e-06;1.1813064944829224e-06;1.065046820675713e-06;2.0694164235961083e-06;1.769409364723887e-06;9.989956910998061e-07;1.7054236227664887e-06;1.5051802716537954e-06;2.0926551346574458e-06;3.262814450149735e-06;3.673951469645084e-06;5.941231220391803e-06;4.040832485586605e-06;1.7285042750251094e-06;1.5405482172412386e-06;3.1512797129006327e-06;2.905582850641472e-06;1.4203839229962853e-06;2.860333802633664e-06;1.9142167907030174e-06;7.36826057371043e-05;0.00011051624594290687;0.00010011949552863033;0.0001530795347001557;8.375161779522216e-05;1.560079118425323e-05;9.962734379955698e-05;4.514732485948427e-05;4.9751567501261506e-06;4.785859283717464e-06;8.311140913642392e-06;6.79324678996272e-09
00:16:37;509;1.6782740154365106e-06;2.6401808330014827e-06;5.3277879001125805e-05;2.1554661841252907e-06;2.226201090461576e-06;2.012078936756852e-06;2.044576303493851e-06;2.220445165593529e-06;1.383721509898547e-06;6.258470650408945e-07;1.5836258940153543e-06;1.5490882451532881e-06;1.2483478513529307e-06;1.952510097683299e-06;1.1373793426275567e-06;2.831170466471363e-06;3.395766388845764e-06;3.493443037319893e-06;3.594130297458349e-06;3.481530176388701e-06;1.938246602744757e-06;1.2114438627836362e-06;2.7095495265194022e-06;2.6660664250904363e-06;1.7021787709980552e-06;3.089520931363167e-06;1.5691230534880733e-06;7.743510464760697e-05;0.0001224313720101506;8.897155139903918e-05;9.643549209892386e-05;8.151090023700718e-05;1.1222120722545135e-05;9.988822981698181e-05;4.3880361667407353e-05;4.087470519389994e-06;5.009044192607554e-06;8.453009465558396e-06;9.891236291698796e-09
00:16:39;510;1.6044087920037824e-06;2.6081918435863107e-06;6.068455058811327e-05;1.122410169251964e-06;2.2758222041442298e-06;1.9938415857335587e-06;2.406244616569676e-06;1.1984919963126117e-06;1.074277026527878e-06;1.0221137041390513e-06;2.0293257879767555e-06;2.119587536597578e-06;9.57452492642765e-07;1.5570420869405088e-06;1.4962958459334303e-06;1.8257049512474715e-06;3.5831032901229794e-06;3.5263057604505416e-06;4.018907984688287e-06;2.4570779116195036e-06;1.6519666938689578e-06;1.6030204649930827e-06;3.2375946513546962e-06;3.325417235575077e-06;1.4167657645539524e-06;2.721680568321995e-06;1.930755978477625e-06;8.339533261452368e-05;0.00013683170795902354;0.00010839285498921846;0.00013659426997272853;7.371219283280635e-05;1.4978382338639923e-05;0.0001058469439242563;5.122754167496112e-05;4.012036526924425e-06;4.458229791620678e-06;8.747847785631413e-06;1.7266647024808826e-08
00:16:41;511;1.546318329785508e-06;2.526787065556774e-06;5.028638517201109e-05;1.148480943720513e-06;1.6796780688756805e-06;2.486672048395245e-06;2.0360816950024874e-06;2.254307974231489e-06;1.0550682744439852e-06;7.149493702517485e-07;1.7017846031757762e-06;1.550145452565811e-06;1.0628329035856543e-06;2.1856715369301067e-06;6.801466527357873e-07;1.8752303138263656e-06;2.8341132430704176e-06;4.055013574497359e-06;3.4962104397396338e-06;3.5729557915066284e-06;1.6277266482414037e-06;1.2629459289903164e-06;2.8946844461447483e-06;2.7314964481890076e-06;1.5079911699552823e-06;3.342234722252595e-06;1.1208408536040685e-06;7.78556218876877e-05;0.00012221899933826158;7.614000657532557e-05;6.110895956838883e-05;8.2124951347799e-05;1.3269511340773356e-05;0.00010555355170560134;4.567125386927084e-05;4.39501288747103e-06;6.3744992352294e-06;8.71570479923358e-06;8.549509090869717e-09
00:16:43;512;2.1546564233819834e-06;3.1297435835088585e-06;5.478896539418699e-05;1.8394659591081108e-06;2.3792126450801603e-06;2.616538581922224e-06;2.2629427334017938e-06;4.6675272141850534e-06;1.3470202747162767e-06;9.051936025385807e-07;2.7036695038744214e-06;2.564295713951155e-06;1.9078138118996693e-06;1.6572578433611667e-06;1.004938335617696e-06;2.5284801834839275e-06;3.6481355690267277e-06;4.1890430053816875e-06;3.887829849720473e-06;5.8074372997067215e-06;1.8911084248717503e-06;1.461145939318365e-06;3.922947215973112e-06;3.605660793577436e-06;2.3293554947854374e-06;2.8528664870464127e-06;1.4329117160327135e-06;7.064863182492438e-05;0.00012088107956076917;8.408225893694327e-05;0.00012746877593403948;6.491433233206124e-05;1.2026210170146995e-05;0.00010214837107349788;5.791498678280128e-05;4.105084111361487e-06;4.4865406355332744e-06;8.784712768706942e-06;6.600599458486088e-09
00:16:45;513;1.380766426770854e-06;2.353826359950877e-06;5.091995209128032e-05;1.5583472566501913e-06;1.623650952515215e-06;1.950341333928856e-06;2.1821332201390287e-06;1.1474828149489595e-06;9.098055273200472e-07;5.453316988686523e-07;1.69002046991228e-06;1.4902575517859098e-06;1.0174454788175973e-06;1.836925396115806e-06;6.174548793874185e-07;2.246227036496898e-06;2.846878395516048e-06;3.493638800298154e-06;3.6895599327802797e-06;2.3968200050056778e-06;1.4609632517655156e-06;1.0929735923628535e-06;2.8444117998344752e-06;2.655462371646386e-06;1.4338225152549726e-06;3.0306969611507455e-06;1.054460582310317e-06;8.208353188508935e-05;0.00012476114439147185;7.814186680122488e-05;8.43848930072176e-05;7.003741880381206e-05;1.2371979765502443e-05;9.944816823355817e-05;4.426625527539088e-05;3.5722946153593725e-06;3.3542123480297617e-06;8.601140124796731e-06;1.6519843910715665e-08
00:16:47;514;1.7330613327456748e-06;2.7215222025570487e-06;5.2435222757091536e-05;1.281350147602273e-06;1.615205561462057e-06;2.2707649087940562e-06;2.5956811577707772e-06;1.6581329105717786e-06;2.517967369800286e-06;7.449941899344155e-07;1.6229663403906485e-06;1.7893352682369306e-06;1.4829137778736945e-06;1.6182351994167086e-06;1.599188708890541e-06;1.9678833438509954e-06;2.8454836393405146e-06;3.7363850142240533e-06;4.1120881546761025e-06;2.8877348820025894e-06;3.2146448880160313e-06;1.3069179363476824e-06;2.8341433743996358e-06;2.998749801296486e-06;1.983731268162817e-06;2.7332847723669202e-06;2.0372186889900047e-06;9.167629772313368e-05;0.00014238349735936823;8.361741301067305e-05;7.266423558675088e-05;6.851635891746211e-05;1.2672732581430285e-05;9.822619699626796e-05;4.211751045432064e-05;5.0214996356735265e-06;3.966293090679084e-06;8.336764402942564e-06;2.3873326396581504e-08
00:16:49;515;1.620414216060598e-06;2.588834483584476e-06;5.253323714728293e-05;1.0748857222479686e-06;1.7291940490402815e-06;2.0144403449571446e-06;2.0247826639583555e-06;1.5841716769089813e-06;1.0591559752884647e-06;7.033014944565511e-07;1.6008281071642407e-06;1.4784903089290227e-06;1.564064566346572e-06;1.522866502800081e-06;3.088788760924837e-06;1.745525081257912e-06;2.921748392233169e-06;3.576120926608601e-06;3.5551443551976493e-06;2.807956266109084e-06;1.5940721624834232e-06;1.2348571613578131e-06;2.7436853047853403e-06;2.6169153325329866e-06;2.066820877212482e-06;2.6993513077436145e-06;3.5038158128810223e-06;8.085066267323051e-05;0.0001420601955306796;7.940301835425494e-05;7.932211411460925e-05;6.893168014315685e-05;1.247323372512337e-05;0.00010228731792137941;4.621568105510406e-05;4.874961309404819e-06;5.724312527488461e-06;8.245160615363105e-06;1.0507797600658256e-08
00:16:51;516;1.6567957045894714e-06;2.5949282419937443e-06;5.2425198143006465e-05;1.10529978301279e-06;2.0001135341891025e-06;2.5020837970402e-06;4.123061718466013e-06;1.3797077069519694e-06;1.153325993173062e-06;6.905697848305888e-07;1.6915757060137986e-06;1.91944014799555e-06;1.0326975855870755e-06;1.5744223490185307e-06;7.09249856259672e-07;1.759892053904636e-06;3.2021768266197715e-06;3.932415429977782e-06;5.4479744823213335e-06;2.613684230283657e-06;1.713469570651934e-06;1.2454624252428932e-06;2.9048232916097676e-06;3.007707270706858e-06;1.4262309442713131e-06;2.724700620311074e-06;1.1606008265833317e-06;8.77855485005004e-05;0.0001431032285958372;8.852655332170906e-05;7.491956442518642e-05;6.900071059550352e-05;7.727743756878458e-06;9.853593925085205e-05;4.243413225970291e-05;3.462664501428927e-06;4.895406418294774e-06;8.684684023174162e-06;2.6202067009771974e-08
00:16:53;517;1.6152105093425462e-06;2.5678760905549687e-06;4.8051750851084695e-05;1.1436826419242152e-06;2.100620348534996e-06;2.452204126383735e-06;2.4421615062341186e-06;1.334019233341492e-06;1.094910916760677e-06;1.0821739285288794e-06;1.7551696159498222e-06;1.6611548262187883e-06;1.1302547800311076e-06;1.8761272079327218e-06;1.310046519103542e-06;1.8208374982189329e-06;3.2265364592880176e-06;4.008948839258711e-06;3.919896048328271e-06;2.5949476968337334e-06;1.635763842847454e-06;1.604613567284519e-06;2.9460622580343257e-06;2.768732486666649e-06;1.537792401524965e-06;3.065972011047305e-06;1.6844091322305941e-06;8.79196345821147e-05;0.00012037264240795012;6.327984379310295e-05;5.652982563405345e-05;7.361087716844145e-05;1.3315963747986147e-05;9.408223553765657e-05;4.9656387859603356e-05;4.4418005440911355e-06;4.787315268661047e-06;8.613258600470634e-06;1.1225068884636172e-08
00:16:55;518;1.6188878596456002e-06;2.5709779654075817e-06;4.8574376720159915e-05;1.5580734864719468e-06;1.8686553137182604e-06;2.0356523074063015e-06;2.6262759945762e-06;1.333326554619031e-06;1.3271451714561264e-06;8.277458897703643e-07;2.184042377254255e-06;1.5793689217053435e-06;1.0129103391194731e-06;2.3985529173325464e-06;6.74904534602273e-07;2.252801626910477e-06;3.0748144639156763e-06;3.548920780810442e-06;4.090040719451212e-06;2.5253487745177628e-06;1.858653358276915e-06;1.3695783887019215e-06;3.295751963389792e-06;2.7306502928856586e-06;1.4186729986882894e-06;3.600321990602482e-06;1.0861793841625893e-06;9.455041978928183e-05;0.00012974824890043605;6.518293886027648e-05;4.8870365850868126e-05;7.75995634981952e-05;1.0795462678201164e-05;0.00010119720690553977;3.7845213795771405e-05;4.361794269438472e-06;4.169322543158946e-06;8.556942251093618e-06;1.5041299658013116e-08
00:16:57;519;1.4898073134746297e-06;2.4782254162277288e-06;6.216542845273648e-05;1.0889384392985912e-06;1.7477998326207647e-06;2.36440233371902e-06;2.1052390374814483e-06;1.5885767794543426e-06;1.1505577204508974e-06;6.520291857951706e-07;1.7026583924591292e-06;1.4680911113047883e-06;1.3165481551815426e-06;1.6699358471392791e-06;1.022910495579959e-06;1.7692169994685933e-06;2.9789626503632556e-06;3.860194248796066e-06;3.695091099640954e-06;2.882404045740719e-06;1.7622613120670106e-06;1.2053497053911305e-06;2.8825429451530853e-06;2.6448176758773876e-06;1.7674838263586405e-06;2.839131256327095e-06;1.4512482891140154e-06;8.7773382445114e-05;0.00013574793438984634;0.00013114789360246958;0.00014973373127859344;6.188104425820025e-05;1.0792059893442881e-05;0.0001023689364226417;4.810617878263053e-05;4.46325550760654e-06;5.293879027438314e-06;8.66950676988274e-06;7.339054971192247e-09
00:16:59;520;1.640519433430334e-06;2.6290335046977342e-06;5.3872596889658e-05;1.129739681521807e-06;1.8458015195480213e-06;2.25483794464248e-06;1.8928224163000158e-06;1.5691534407189713e-06;3.203956214680271e-06;7.030411951592829e-07;1.5159050171898902e-06;1.4782801819021332e-06;1.1675379458382777e-06;2.146428775485664e-06;7.787283859366828e-07;1.8386215950020506e-06;3.1352058662193912e-06;3.7626264605058147e-06;3.417342308630741e-06;2.819647505343192e-06;3.934415880843217e-06;1.2496517290890528e-06;2.688712912240129e-06;2.5986398610902014e-06;1.6034282028365712e-06;3.306783580078848e-06;1.1933253414168529e-06;7.814303336496079e-05;0.00014300882874768132;7.415966472454863e-05;9.32951120822083e-05;7.47936329020092e-05;2.0795826433755163e-05;0.00010216062305873813;4.296967755215359e-05;3.2293409777583643e-06;5.281534894783203e-06;8.62264298167356e-06;1.1244955625999033e-08
00:17:01;521;1.6569983560608328e-06;2.6390859711912676e-06;5.246762063738043e-05;1.900733761575876e-06;1.9164064823939952e-06;2.12796926298124e-06;2.0410117271425903e-06;1.5162614170288242e-06;1.1472105697730617e-06;6.606947976192404e-07;2.6662111338928507e-06;1.5635155990910798e-06;8.867270565492514e-07;2.338895036596062e-06;1.1183430372470453e-06;2.5850911573728855e-06;3.215353626153127e-06;3.6754087046528517e-06;3.6091992316431957e-06;2.778611363432498e-06;1.6947656120787023e-06;1.1966076487935218e-06;3.86491285697255e-06;2.7011029571233076e-06;1.309532481057811e-06;3.4739064032484885e-06;1.5645388155986392e-06;7.90198223328677e-05;0.00013943580270582697;7.464330945430895e-05;7.668035766521247e-05;7.394006868957535e-05;1.0206092629908796e-05;0.0001059866621561769;5.200797669704438e-05;3.6172210584615574e-06;4.750223895049305e-06;9.31160612640205e-06;1.230423773059103e-08
00:17:03;522;1.708151339001192e-06;2.6871250294697104e-06;5.65218584320773e-05;1.1062230477905515e-06;1.821245251579481e-06;2.2513411934710348e-06;2.174985821829461e-06;1.3415931721509495e-06;1.4952660286514752e-06;8.584384564000206e-07;2.731864712789512e-06;2.6868418720611813e-06;1.5522609930358882e-06;1.753871583076716e-06;7.238834697725399e-07;1.8041806064318252e-06;3.033147855097048e-06;3.737968867587565e-06;3.7386316042885265e-06;2.595370230515476e-06;2.096005622477122e-06;1.3997038497362593e-06;3.924174193401351e-06;3.864828163156595e-06;2.010517604664724e-06;2.877079902611536e-06;1.1638910319573058e-06;7.801470029433325e-05;0.00011604034519960145;9.806477563855545e-05;0.000122010130229444;7.944553213195526e-05;1.0849903000122563e-05;0.00010619663482063753;5.00414591161209e-05;3.944423917845808e-06;5.128663578410732e-06;8.513958921863282e-06;1.1774336037449593e-08
00:17:05;523;1.9869977913538666e-06;2.976681266370144e-06;5.541409542285326e-05;1.1639673004023878e-06;1.7768261540076289e-06;3.604233359443366e-06;2.073354395968543e-06;4.923878707268676e-06;1.0871480112907184e-06;1.0301119449158074e-06;1.7486713883776226e-06;1.966993939607097e-06;1.4133929751025676e-06;2.1395225906091624e-06;9.15871901632024e-07;1.8660763230457897e-06;3.039774436372313e-06;5.153674525404945e-06;3.580938758930159e-06;6.239655908469599e-06;1.6944429112702926e-06;1.6121152162967624e-06;2.9067596274159504e-06;3.083687451053956e-06;1.8865614895765224e-06;3.291161729239205e-06;1.3653260660110483e-06;8.567117547775815e-05;0.00011865711821204023;0.00011209651269550381;0.00011406495769181666;6.046224494366057e-05;7.085133058142851e-06;0.00010613843923487692;4.327398963428903e-05;3.7751965796015512e-06;5.070936108890227e-06;8.663701954399756e-06;9.739483259420975e-09
00:17:07;524;1.7017164286996107e-06;2.6863239891329762e-06;5.195873316528997e-05;1.1294521654098781e-06;1.8910042509645564e-06;1.9322071438600896e-06;2.077798102623712e-06;1.755355584039235e-06;1.1364410442188893e-06;1.0663741652937697e-06;1.6508850401467354e-06;2.8475494032226773e-06;1.1811090278742014e-06;2.048391530577605e-06;1.7040292509565544e-06;1.8189686952725044e-06;3.1507092078846897e-06;3.4429824091039105e-06;3.650701639252233e-06;3.048287538471805e-06;1.7195343907242435e-06;1.626049448630142e-06;2.8464698597060848e-06;3.9949726082732355e-06;1.6596667127418233e-06;3.2087936480958794e-06;2.0687507954686294e-06;8.148791414031304e-05;0.0001307626390571693;7.880434853267807e-05;8.848962047232405e-05;6.522931572395987e-05;1.2839025501584536e-05;0.00010192861568621777;4.716605569372839e-05;3.908726973626828e-06;4.3181182517436784e-06;8.553709745199242e-06;1.670820493484019e-08
00:17:09;525;1.4532833958469382e-06;2.4362360029873702e-06;5.342037289784901e-05;9.559584620465567e-07;1.5412133356207391e-06;2.029061541493475e-06;1.8753093419153866e-06;2.2711270506257297e-06;9.113421846668696e-07;6.516181810699674e-07;1.5872348477168947e-06;1.446172257098381e-06;1.9477679220614164e-06;1.5317179013636788e-06;6.908772996926483e-07;1.644359297389673e-06;2.812550082114596e-06;3.5668101127502947e-06;3.4653152069259256e-06;3.5496932123581395e-06;1.479111278104604e-06;1.2137113996479595e-06;2.7574595862138784e-06;2.5771945027234418e-06;2.3810164480615824e-06;2.6736845959159743e-06;1.1139253742868864e-06;8.157330153558335e-05;0.00013437743017625598;8.373434816859405e-05;8.39357914063103e-05;7.911664217691286e-05;1.0517983521038892e-05;0.00010175708491003657;4.777764177915354e-05;3.727083213185487e-06;6.189914683622128e-06;8.325765918234788e-06;1.1487285260117201e-08
00:17:11;526;1.65074834270549e-06;2.6390458354203303e-06;5.679482355295376e-05;1.3969772165722816e-06;2.0744346463627297e-06;3.1144560165588784e-06;1.9383497769289515e-06;1.5373473899157633e-06;1.1899471855546617e-06;7.055495980184451e-07;2.3668713671815507e-06;1.7878697769126781e-06;1.0374208084100318e-06;1.8994286174618806e-06;7.603273102835767e-07;2.1094140798089063e-06;3.350070194675384e-06;4.525682283477906e-06;3.5447890442373124e-06;2.8176424393677735e-06;1.7736146380425626e-06;1.2798662979387504e-06;3.5585653015143086e-06;2.9414620021731324e-06;1.5444400335731695e-06;3.021322714354212e-06;1.20168005616529e-06;7.433148899125773e-05;0.00013287469954932206;0.00011304479958369565;0.0001181103650855551;6.490636296391082e-05;6.877487177791545e-06;0.00010430401917244314;5.056852744673316e-05;3.3254569936367087e-06;4.484125885374452e-06;8.698481652168016e-06;1.2068133556503447e-08
00:17:12;527;1.8171330316815473e-06;2.8282868358094017e-06;4.774700781765185e-05;1.0651375440641109e-06;1.7061609771056914e-06;5.926827015591905e-06;2.2859735940143495e-06;1.5924200426973492e-06;1.3097003700547238e-06;7.9339393919333e-07;1.6555480133462197e-06;1.6345674991313786e-06;1.0954738905091042e-06;2.0682974132571728e-06;6.720955671194159e-07;1.758743385121479e-06;2.928840098021179e-06;7.755672327278528e-06;3.8330317002424934e-06;2.8586945449251865e-06;1.8952577354152882e-06;1.352197217499187e-06;2.8043596736281443e-06;2.8347342941178564e-06;1.5157323240359052e-06;3.2931703209456665e-06;1.1090075864109466e-06;7.837388448153836e-05;0.00011210903400044509;7.190110216706282e-05;4.983770936303797e-05;7.590454558418652e-05;1.413025859792477e-05;0.00010373248282709433;4.7854711646400954e-05;4.555640197178959e-06;5.90058496296219e-06;8.644332395504908e-06;1.9807588485269985e-08
00:17:14;528;1.724129736757618e-06;2.712313128344986e-06;4.929189478118188e-05;2.5519079160122002e-06;2.962923696452952e-06;1.9592990919389566e-06;1.9042411232496967e-06;1.2528364948300401e-06;2.241474783559738e-06;6.419018734327153e-07;1.6852378180619676e-06;1.5279248410332065e-06;1.377085687986385e-06;1.7871596022057579e-06;7.975634174509335e-07;3.2301944325878092e-06;4.205415904570019e-06;3.5816465127407103e-06;3.530264906013271e-06;2.4725373212369293e-06;2.806778784188397e-06;1.1752629576031849e-06;2.81701239410849e-06;2.7312237638329e-06;1.7954429310946902e-06;2.9803873651791395e-06;1.221589283737051e-06;6.950028216753288e-05;0.00011615763294022223;8.134249564256292e-05;7.913022555219192e-05;6.82427758129788e-05;9.137557711397363e-06;0.00010859700848431638;4.2689800222623825e-05;3.99372035803337e-06;3.658816608243844e-06;9.041083327401818e-06;1.1338546677164992e-08
00:17:16;529;1.3653302310956406e-06;2.3374494630152646e-06;5.069594336867074e-05;1.0783834311987242e-06;1.6492460487394955e-06;2.049689011488195e-06;2.1081068183225295e-06;1.1587463525263397e-06;9.696232168691794e-07;7.039278183785701e-07;1.7310354222356172e-06;1.5237023834980723e-06;1.0176140170514714e-06;1.694911199188389e-06;6.989765532433073e-07;1.7641431659745948e-06;2.915338650612434e-06;3.5791126115730583e-06;3.6208007834749328e-06;2.4089113298078368e-06;1.5135870908240197e-06;1.2640807653951924e-06;2.9146092171536512e-06;2.659278802811853e-06;1.4791512246373242e-06;2.805667197461372e-06;1.1247117814186419e-06;7.709516908762862e-05;0.00012550829952087978;6.688535045142548e-05;8.823315925784513e-05;7.00406810296653e-05;1.625841192234383e-05;0.0001011238169855902;4.599888195085021e-05;3.692290389409135e-06;4.92523985602149e-06;8.579611470507697e-06;1.040850188191547e-08
00:17:18;530;1.7587722148962568e-06;2.7655101181567893e-06;5.1996437804236266e-05;1.418051612699468e-06;1.8625510032873907e-06;2.954422875072799e-06;1.880601369660698e-06;1.3952131012538096e-06;2.2403329635070888e-06;1.1872487471930138e-06;2.4197423570303624e-06;1.5589149291046893e-06;1.671327026190025e-06;1.8265597685675836e-06;6.903003594596865e-07;2.1132928142395927e-06;3.1752688502382613e-06;4.585146019893774e-06;3.483455487449773e-06;2.704142059572612e-06;2.7349083225838316e-06;1.7040024550204156e-06;3.6310566515509626e-06;2.7356134299374897e-06;2.155543940336682e-06;3.028796422307706e-06;1.134894237658287e-06;7.898471558406575e-05;0.0001314821275262928;7.112532503108142e-05;8.092173315089078e-05;7.722100977292653e-05;1.3513444665334306e-05;0.00010117836300305563;5.152220963706436e-05;3.7517605784300434e-06;5.6588652574602944e-06;8.586417135197737e-06;1.128230903568383e-08
00:17:20;531;1.696320286661355e-06;2.661203800154816e-06;6.430497308301251e-05;1.0449347977599515e-06;1.5123869069423212e-06;4.070229957681642e-06;2.352349498867635e-06;1.9225548518035525e-06;1.0608802700964113e-06;6.339496810937494e-07;1.6075767998396435e-06;1.5290443480253657e-06;2.0625512602895863e-06;1.881355105643417e-06;6.780294656232916e-07;1.7564232483074434e-06;2.7389981288608764e-06;5.506363227659331e-06;3.9183070977650216e-06;3.1256484209987756e-06;1.6622134799496351e-06;1.1735599197799033e-06;2.793221210019591e-06;2.6552731506980526e-06;2.4791355023888723e-06;3.0122522416662187e-06;1.1130487886867177e-06;8.56518331224145e-05;0.0001414516285382763;0.00013598166185129032;0.0001568380667093773;7.266479011254551e-05;1.1583976636568427e-05;0.00010342777833684093;4.787052221256542e-05;4.006895452561243e-06;3.4528911653179495e-06;8.699769766529038e-06;2.986309186310104e-08
00:17:22;532;1.3695373484975706e-06;2.3589436002307764e-06;5.1239367724020384e-05;9.42734557327831e-07;1.8037177955676498e-06;2.3250129918298255e-06;2.265764732036566e-06;1.1400330949969244e-06;9.095913990493769e-07;5.690617254588465e-07;1.6653293897823056e-06;1.6705378486586204e-06;8.268612274067974e-07;1.5382254210585053e-06;7.775775388019213e-07;1.6498294993238508e-06;3.0453694894794917e-06;3.976174515559297e-06;3.8832491969238805e-06;2.328380163172496e-06;1.4743028299839169e-06;1.14593709459377e-06;2.823926380026737e-06;2.785755770984699e-06;1.2677118884542473e-06;2.7078298706305473e-06;1.2188556722114438e-06;7.853368204091012e-05;0.00012276465300558063;6.379382649925143e-05;8.11181477626503e-05;7.735491245270919e-05;1.6780507453826655e-05;0.00010413812974958584;5.233041141980526e-05;3.7298459274932714e-06;5.504676940981534e-06;8.81503238656451e-06;8.587048885982953e-09
00:17:24;533;1.543971469463269e-06;2.523504310628124e-06;5.3029151195124464e-05;1.2492945857609719e-06;1.608867578152161e-06;1.9982662277196925e-06;1.989162512120143e-06;1.2615699526657471e-06;1.5450004924714862e-06;1.8251995133056198e-06;1.702353222993674e-06;1.910444832795768e-06;1.1327147929113772e-06;1.5425264084227437e-06;7.622570498032711e-07;1.9565775504862025e-06;2.906974773280506e-06;3.481555581799247e-06;3.6137358718037775e-06;2.454070347913687e-06;2.146049365376401e-06;2.383126252713242e-06;2.9153648863686177e-06;3.001967666944127e-06;1.5736513498982103e-06;2.6711776946527445e-06;1.17779952645407e-06;8.690817490593242e-05;0.00012897974035494438;8.710282466723461e-05;8.406107370167544e-05;7.450468015744957e-05;1.1033198078090413e-05;0.00010155239446533983;4.535756171809409e-05;3.4693976570206215e-06;4.6953625251446735e-06;8.664232435718905e-06;2.1173674848560125e-08
00:17:26;534;1.781947587789742e-06;2.753291413728796e-06;5.1800521645096183e-05;2.031389997951423e-06;3.142294659141953e-06;2.1493843004417488e-06;2.721213235352076e-06;1.5692285213475543e-06;2.093135529144454e-06;7.868222201052272e-07;1.6055008392644832e-06;1.5009506306930895e-06;9.963646265214783e-07;1.6056361840099953e-06;1.1814497744566665e-06;2.7135996704808212e-06;4.347373766294471e-06;3.6919688935523494e-06;4.1822265728437225e-06;2.823715313936674e-06;2.689798540952232e-06;1.2887194496019956e-06;2.790271607893051e-06;2.6902036316192906e-06;1.4335507389544926e-06;2.7760392419012635e-06;1.612028892729621e-06;9.274314226041848e-05;0.00011353593973796524;8.418765982858952e-05;7.340605584338293e-05;7.346802995116494e-05;7.986336284453529e-06;0.00010674937717083252;5.048666764631748e-05;4.449455066922055e-06;5.55610572691189e-06;9.02571700856573e-06;1.1773215629967008e-08
00:17:28;535;1.6264521204592794e-06;2.587916011939745e-06;6.163768779622252e-05;1.4115365267741709e-06;1.7735606307215077e-06;2.1480038644741937e-06;2.3965892520617547e-06;1.6941694180064557e-06;9.711909063221795e-07;7.704127583158477e-07;1.4505361565623915e-06;1.6137669556215428e-06;1.9662216089632136e-06;1.8202794416827766e-06;1.5011574658481535e-06;2.100092619681923e-06;2.962504198231854e-06;3.6752000936228545e-06;3.968886515774758e-06;2.9469093070025636e-06;1.5143594619306136e-06;1.2827953191499777e-06;2.594008915539119e-06;2.7337755483718473e-06;2.349457504293886e-06;3.0323593131170935e-06;1.8946425111780512e-06;8.590594290352651e-05;0.00012709033319593154;0.00012321635952149989;0.00014497387379794091;7.677753820789817e-05;9.943896268536089e-06;0.00010499420565217696;4.899246713100521e-05;3.930803039449572e-06;5.11769773346837e-06;8.69953442113535e-06;9.60168210128377e-09
00:17:30;536;2.0011448685605417e-06;3.0198893305571835e-06;5.035721938090025e-05;1.6327140616470812e-06;2.222968842860692e-06;5.191023713990717e-06;3.2330559669446757e-06;1.386912143918163e-06;1.4031721198293212e-06;8.664887151626549e-07;1.6098617690635757e-06;2.0529437634309033e-06;1.2449160803643364e-06;1.9408568426758745e-06;1.2288235572522799e-06;2.3259506265218723e-06;3.5591316087516996e-06;6.927498269518926e-06;4.685110548340577e-06;2.642813860457184e-06;1.9928107933451484e-06;1.5165870619759655e-06;2.8414736556142895e-06;3.242318045890955e-06;1.7107870037969267e-06;3.1439392646289095e-06;1.6502504392312542e-06;8.010107597974513e-05;0.00015432384356054958;6.447390090647052e-05;3.2771127635904526e-05;8.181330346976235e-05;1.958365861908181e-05;0.00010735559443614797;4.501709381052115e-05;4.390346450737303e-06;5.8225108232855904e-06;8.623906265584667e-06;1.0270613012371512e-08
00:17:31;537;1.5519137616205503e-06;2.5379441680504184e-06;5.763095824809348e-05;1.4518305582391442e-06;2.2839144221106524e-06;2.011857068334228e-06;3.3223690626920703e-06;1.2315041611123754e-06;9.216170760692225e-07;6.206335815777725e-07;1.7943833052152576e-06;1.448688604632764e-06;9.930383660826758e-07;1.5256014123918051e-06;1.0175270517881978e-06;2.1436559278944386e-06;3.5375686953165877e-06;3.508517342128517e-06;5.003896002206234e-06;2.516620032951369e-06;1.4727253128627655e-06;1.157175460151203e-06;2.9894880785659667e-06;2.615704051083723e-06;1.4088905916800792e-06;2.6839248845780148e-06;1.417162651780271e-06;7.831508530580276e-05;0.00011400874790007745;9.765411085378385e-05;0.0001366739909843527;7.688274080850914e-05;1.1269200109933025e-05;0.00010607132336764646;5.1428217691161283e-05;4.556630993888344e-06;5.914548180826996e-06;8.789332135882613e-06;7.570645257213957e-09
00:17:33;538;1.5935480566624123e-06;2.565983006114706e-06;4.8926866647409516e-05;1.4713012158102339e-06;2.115774029188732e-06;2.1893945530073533e-06;2.815319957605311e-06;1.7858925822622496e-06;1.1499726675558783e-06;7.062155335272021e-07;1.790101046465638e-06;1.482191188774028e-06;1.0249685388914869e-06;1.9199330390568487e-06;6.715118396692012e-07;2.176914127239452e-06;3.377767474306939e-06;3.8004822462299454e-06;4.27267507837291e-06;2.974721639152967e-06;1.7417027182298486e-06;1.2191210266446663e-06;2.9465672333813765e-06;2.610868915337649e-06;1.4571420623022138e-06;3.0960946928701825e-06;1.1177380760923543e-06;8.084619379055431e-05;0.00011457190227323286;8.444601226743839e-05;6.733576705028609e-05;6.556171121868153e-05;7.404148585914392e-06;0.00010365982489756753;4.5494343295911136e-05;3.954159807511006e-06;5.122919095405592e-06;8.712339866247762e-06;1.3077620163529748e-08
00:17:35;539;1.4359784669631443e-06;2.4419963769036305e-06;5.963051850080658e-05;1.009479411981121e-06;1.6181621792813159e-06;1.8888344475569014e-06;2.4201327460040356e-06;1.055662675497615e-06;9.872947438180093e-07;6.502393854064663e-07;1.5087856141833682e-06;1.528123249676257e-06;2.0312247681821627e-06;1.5545790301113078e-06;9.792228811649812e-07;1.7104588309100305e-06;2.90071747995286e-06;3.426691142821359e-06;4.045830161850995e-06;2.3548609245648827e-06;1.5727476042966488e-06;1.2120732428310119e-06;2.684605051341995e-06;2.744161967792577e-06;2.508677595605023e-06;2.7576115668079516e-06;1.3855201301984254e-06;7.309997891294625e-05;0.0001373402139066817;0.00010734491111966907;0.00014241981122822952;7.168747909519367e-05;1.154072621363835e-05;0.00010386828949077998;5.0039596491085075e-05;4.0708777421057345e-06;5.494873646118207e-06;8.649616348459258e-06;9.847814771977492e-09
00:17:37;540;1.517127123404097e-06;2.5083069851484938e-06;5.132130545695531e-05;1.7529789527838024e-06;1.603136905972943e-06;2.330748536071393e-06;2.5239422719894575e-06;1.1331884668599266e-06;9.075344804543306e-07;6.357407172414237e-07;1.7307787442436249e-06;1.5152722494930644e-06;1.1385879218036878e-06;2.056023060894383e-06;8.775927669417301e-07;2.4628038931087425e-06;2.8784996022548948e-06;3.955961387240493e-06;4.0085862185404475e-06;2.375180542912858e-06;1.4859725809666214e-06;1.1711538321188653e-06;2.8875312703153042e-06;2.694579252362663e-06;1.6150899093962017e-06;3.2558238436200853e-06;1.3085005251250089e-06;7.559311649269474e-05;0.000128263366316555;7.763330978808401e-05;7.28468665521673e-05;7.716272146090624e-05;1.2338118493171771e-05;0.00010594690698443346;4.8121556066429416e-05;3.9571070495718415e-06;5.233190946146104e-06;8.749946089335003e-06;9.459243968784309e-09
00:17:39;541;1.6323073246191846e-06;2.6319671172742244e-06;6.358809220867677e-05;1.1108748071722827e-06;2.2355625733635778e-06;3.044596564033048e-06;1.9292171005764143e-06;2.072171054624438e-06;1.016989004847863e-06;6.167676676453611e-07;1.5759712005705948e-06;1.6538572485655125e-06;1.5683468024072702e-06;2.000774983104944e-06;7.625583885955739e-07;1.7816558404694108e-06;3.6138649768792124e-06;4.531381525535098e-06;3.5335831254789946e-06;3.376504507079655e-06;1.591459257597998e-06;1.1729341992974431e-06;2.7453527050229125e-06;2.8719777092882844e-06;1.9403837037500608e-06;3.2633461764414244e-06;1.161160509763583e-06;7.911933763935484e-05;0.0001675760781298041;0.00012792149349629314;0.00013670213273957255;7.480260465307291e-05;9.868477417207334e-06;0.00010303972895965756;4.751249430932525e-05;3.4510985287023343e-06;4.319423702601899e-06;8.723093979927354e-06;2.114294860230134e-08
00:17:41;542;1.605365750798817e-06;2.602824935498183e-06;5.622113024580716e-05;1.1316044401319594e-06;1.9255783467932797e-06;2.3152606996035274e-06;1.9334219476328163e-06;1.1693649289283443e-06;1.5102101214833654e-06;1.3573489485516823e-06;1.823922701275778e-06;2.254047173557503e-06;1.4163743313553503e-06;1.7036168190093741e-06;7.236380390261068e-07;1.84481844434795e-06;3.2226284123611596e-06;3.871049496905747e-06;3.5232704312529907e-06;2.3890312708248577e-06;2.1095231414631287e-06;1.9649770233109284e-06;3.030783560300538e-06;3.3892030260867153e-06;1.921339597036514e-06;2.8196354746854278e-06;1.1476381511720665e-06;7.854432408509925e-05;0.0001423473463748129;9.359680179776936e-05;0.0001049110665106597;7.511475576587143e-05;1.3388209302130885e-05;0.00010347790407991132;4.518206181638649e-05;4.314540452553467e-06;5.0373964575787924e-06;8.717882514630599e-06;2.127379228164754e-08
00:17:43;543;1.4691376894017016e-06;2.461462833097461e-06;5.413990575274297e-05;1.1438828746435092e-06;1.6924342536710086e-06;2.3028928122024373e-06;1.9668599936618523e-06;1.2134183245264425e-06;1.6879240928605297e-06;7.158112180973639e-07;1.5698349271014484e-06;1.997049230953704e-06;9.725664479018095e-07;1.6841140787381514e-06;6.828635486965208e-07;1.8346027365071137e-06;2.965164298984746e-06;3.879267573026908e-06;3.5047303817573496e-06;2.508057939739726e-06;2.3010232993490004e-06;1.2451418848441685e-06;2.749786756483652e-06;3.191677864425067e-06;1.3648486129522431e-06;2.88105949885339e-06;1.1121922062136922e-06;7.982762960529843e-05;0.0001279946837072695;7.31714545789998e-05;9.704724123224929e-05;7.591958534305826e-05;1.9348260540538673e-05;0.00010473425785447988;5.451240794642905e-05;3.828414601300818e-06;4.3150629162790916e-06;8.95995441643365e-06;1.9916290579062766e-08
00:17:45;544;1.6651632785363353e-06;2.6543417979028855e-06;5.210618932190616e-05;1.1406607768226318e-06;2.6211164324249383e-06;2.1638959784424245e-06;1.9411863026099563e-06;1.8712445069820918e-06;1.3550329002692314e-06;6.680171191965976e-07;1.9261288985590723e-06;1.499175156945269e-06;1.520672055832506e-06;2.4327369329507125e-06;8.420917857970328e-07;1.8246585516897516e-06;3.81594242431283e-06;3.7318598262135298e-06;3.55430144356686e-06;3.131229582725644e-06;1.90275239772377e-06;1.1946895268059778e-06;3.108855328062856e-06;2.6433720613913234e-06;1.965563302015837e-06;3.694127325950002e-06;1.284748698987607e-06;7.659299089750713e-05;0.00012385030441699812;8.793618387330769e-05;8.884851474207896e-05;7.267355510038548e-05;9.153335137895205e-06;0.00010173553531663076;4.532384081830675e-05;4.382422896281936e-06;6.091387860937967e-06;8.677037297924113e-06;9.163504619779936e-09
00:17:47;545;1.5797587622692142e-06;2.5841618595752404e-06;5.69624805273968e-05;1.5439226710837901e-06;2.016955413999064e-06;2.44292036054684e-06;2.090354574849326e-06;1.4384824614698355e-06;9.515759365929067e-07;8.301422842471595e-07;1.5579148980971913e-06;1.8809410722298026e-06;1.4824535605548952e-06;2.0339540824920732e-06;6.874873532680681e-07;2.2583269468139154e-06;3.351769303467163e-06;3.936715423070739e-06;3.724049526071316e-06;2.776463721210912e-06;1.5297302159616507e-06;1.4222321892789238e-06;2.6873685178946323e-06;3.0485832091552407e-06;1.8799268984159564e-06;3.274369649411307e-06;1.1204059654729358e-06;7.58900551841214e-05;0.00014952366796298666;0.0001148599046183992;0.00010126315129116655;7.449238937718837e-05;8.39864780917011e-06;0.00010249455098746607;3.987151786347634e-05;4.151124289728899e-06;4.016198217059543e-06;8.57090885375267e-06;1.7649874245829183e-08
00:17:48;546;1.6009688920025733e-06;2.613306533827268e-06;5.2505581262763365e-05;1.2059256244902692e-06;1.6031721573707036e-06;2.0130289495121834e-06;1.927028295641135e-06;1.7760752287058907e-06;3.3989094296254567e-06;6.222782829629575e-07;1.570540287881334e-06;1.504208586699075e-06;1.0339051380693254e-06;1.8380499438434712e-06;7.185043556487162e-07;1.9162031940486255e-06;2.885961440726901e-06;3.548896379873475e-06;3.5278099121454414e-06;3.086951843399703e-06;4.106175575670241e-06;1.1810356812918456e-06;2.7778591897280237e-06;2.659478261331877e-06;1.4810031767479766e-06;3.0352602270565363e-06;1.1530425489340065e-06;8.764110056444194e-05;0.00014540266774238817;6.39412732394809e-05;7.55135729241283e-05;6.313734644006392e-05;2.520600755565166e-05;0.00010447674428720804;4.876182997198508e-05;4.048690103985487e-06;3.587018138883915e-06;8.331676647884622e-06;1.9047537058179342e-08
00:17:50;547;1.6357600092220537e-06;2.6079731791860813e-06;5.666692790684362e-05;1.0143681087820318e-06;1.7116256633445657e-06;2.1028453174309902e-06;1.991262598366461e-06;3.543935135817058e-06;1.0202045304714085e-06;1.263470535145023e-06;1.5615807992152109e-06;1.4580372276801705e-06;9.323712662540567e-07;1.5025562571935325e-06;1.5268622509364862e-06;1.7118068099886e-06;2.9779077689039973e-06;3.6849146080028364e-06;3.4564765762378198e-06;4.785194727147324e-06;1.6135889229443347e-06;1.7788334028271584e-06;2.7183233053424203e-06;2.5968676804432453e-06;1.3793478292945674e-06;2.664439167819171e-06;1.9279764302742085e-06;8.01916347865547e-05;0.0001259528169396825;0.00011031381983205771;0.00012248094518362406;6.492129005048401e-05;9.403087826743751e-06;0.00010028773786539602;4.8833715176546204e-05;3.9078966181478425e-06;5.006819986366237e-06;8.689442970591082e-06;1.3927645929335327e-08
00:17:52;548;1.485784374240366e-06;2.4557593716756083e-06;4.786760405883453e-05;1.1279002393070992e-06;1.7609504177264832e-06;2.083439260629079e-06;2.207821185187051e-06;1.187157136796977e-06;1.3776088005295668e-06;6.25832003513112e-07;1.5033838339077605e-06;1.5587178482883763e-06;1.2910198129939039e-06;2.4442335224896605e-06;6.613480134844771e-07;1.832312798658769e-06;2.970308095934308e-06;3.6523454933627316e-06;3.704492572276511e-06;2.409124380380801e-06;1.9552015324918585e-06;1.1734668955249376e-06;2.7115894051314193e-06;2.6566780509054733e-06;1.6971161608413654e-06;3.6049962551559577e-06;1.1014802042390777e-06;7.991261397139735e-05;0.0001242889239931132;6.623725748344824e-05;5.813605544797691e-05;7.413613622716888e-05;1.3545942917079755e-05;0.00010285448946518048;3.880442547239757e-05;3.5949393357765744e-06;4.3336174738623105e-06;8.549071802343721e-06;1.7775116269445587e-08
00:17:54;549;1.7104606980082466e-06;2.7236955926887678e-06;5.0181129888606726e-05;1.0528386585177558e-06;1.5336171393023144e-06;4.900817512133347e-06;2.1423975146655554e-06;1.5061122296796983e-06;1.0500513637591202e-06;6.993399668657347e-07;1.5194077351439588e-06;1.8297053554696483e-06;1.2732141639175283e-06;2.2758736728724993e-06;7.421525925124037e-07;1.768002431174553e-06;2.7966379398497372e-06;6.612134723271291e-06;3.724366539659692e-06;2.804499797692395e-06;1.6270574400251357e-06;1.2626104909388601e-06;2.6701312691916945e-06;3.071234358904354e-06;1.7119522744560757e-06;3.4751800210616712e-06;1.1605390521777689e-06;7.953595144488294e-05;0.00012772654541901121;7.557810483291039e-05;5.885633193905235e-05;7.955594730547897e-05;1.181860263326661e-05;0.00010115052510957082;4.84101540736316e-05;4.432496636415372e-06;6.22030864263705e-06;8.881520830782665e-06;7.069795640651353e-09
00:17:56;550;1.7370869541172789e-06;2.7310125955685906e-06;5.647403450049409e-05;1.24616450055984e-06;1.7472223520119778e-06;2.112650174559214e-06;2.3517461810678757e-06;2.118483292951561e-06;1.2033251944775325e-06;7.288298390664946e-07;1.5869231075074905e-06;1.5813122690066062e-06;3.790202261781546e-06;1.6271233732500046e-06;7.510604037283289e-07;1.9810133965079386e-06;2.977104900943416e-06;3.6278653037179884e-06;3.97453209188825e-06;3.419269907819306e-06;1.7649236074075931e-06;1.2465737347683094e-06;2.756733737488169e-06;2.7334711223628327e-06;4.335737026227849e-06;2.76759518512819e-06;1.1873302624631901e-06;7.808074993911024e-05;0.00012187924026751468;0.00010586551904281202;0.00012212334919616016;6.949249077828072e-05;1.0574170121360312e-05;0.00010291604526901076;4.770883030162146e-05;3.7828812952767585e-06;6.5490979477333145e-06;8.703515483153002e-06;1.252436389575648e-08
00:17:58;551;1.6203543307113932e-06;2.613530629292378e-06;5.377728229527982e-05;1.7759352911897706e-06;1.5523097838254785e-06;1.9716007529621296e-06;2.0115383338812554e-06;1.7450618821483617e-06;1.2867885880881018e-06;5.904269203246574e-07;2.78974226119999e-06;1.3778036089010213e-06;1.9462310935383895e-06;1.6601382340749895e-06;7.366747948625826e-07;2.4920116721901487e-06;2.8304237295880645e-06;3.4663049990729035e-06;3.597162785924031e-06;2.9872525852002996e-06;1.86649611097454e-06;1.1728877744138151e-06;3.937826342067476e-06;2.5747160821716718e-06;2.387012627187238e-06;2.8557111116104446e-06;1.1945606647541469e-06;7.339857539256818e-05;0.00013951096611015498;8.348570033367547e-05;0.00010018172280171558;7.099989586840541e-05;1.2344533933730443e-05;0.00010333339765935324;4.3833708373755235e-05;4.162221150081988e-06;5.1684448427532784e-06;8.892817442542437e-06;1.5403634621690273e-08
00:18:00;552;1.7912026299365442e-06;2.8099179583973005e-06;6.0767712276524155e-05;2.718551586188379e-06;1.546891642818919e-06;2.065606555942426e-06;2.733308192468733e-06;1.3888264368039864e-06;3.1285605304793247e-06;7.134330689853837e-07;2.3304168526230096e-06;1.674402983618186e-06;9.138900346786468e-07;1.5900283103094508e-06;6.905148186575616e-07;3.453476374834051e-06;2.858970760768633e-06;3.6060423007014996e-06;4.4138757109262945e-06;2.658697448617814e-06;3.7425517739738777e-06;1.3140246387247547e-06;3.5277695892948975e-06;2.8520926955738844e-06;1.3568111161406752e-06;2.8213159848861853e-06;1.113385984566937e-06;8.721323441440643e-05;0.00012910282937503604;9.190753782719051e-05;0.0001502007218011754;7.352547476772455e-05;2.5375276012056072e-05;0.00010350819194232126;5.1137174600291e-05;3.7264324700115326e-06;5.020416219800385e-06;8.483759029487519e-06;1.149885878932627e-08
00:18:02;553;1.360037802458888e-06;2.345846551294546e-06;5.884405420582562e-05;8.906004766793465e-07;1.6644791862383748e-06;2.5159398020300405e-06;1.9067217060999362e-06;1.2449417402425989e-06;1.2963817530575739e-06;7.445814155944546e-07;1.448525352836844e-06;1.450691335058707e-06;8.153126087797411e-07;1.5797198766875908e-06;7.625579694561033e-07;1.5724678080373509e-06;2.957491947027053e-06;4.014598421753927e-06;3.461040291134666e-06;2.5180004948059016e-06;1.8296810073675433e-06;1.307042581733116e-06;2.634728674175803e-06;2.6499602093200696e-06;1.2420710605292236e-06;2.8121783779619065e-06;1.1508968235588487e-06;7.998373870695105e-05;0.0001464961654378644;0.00011682325854670088;0.00011157191873859125;7.813145833918352e-05;7.150012945421209e-06;0.0001040629215237616;4.4854702910594064e-05;3.7317118058446847e-06;4.475813233957559e-06;8.833457142897384e-06;1.3491138139904004e-08
00:18:04;554;1.7337409665494554e-06;2.681705759238832e-06;5.609060123211112e-05;9.534202781612645e-07;1.7322797958094973e-06;2.156217395501223e-06;2.1849653868018364e-06;2.313728498974528e-06;9.896536492122592e-07;7.338893437604874e-07;1.7159978650159824e-06;3.4623602131618596e-06;1.088803700855966e-06;2.463612980366489e-06;1.0099620623452408e-06;1.641766279066406e-06;2.9939174602319164e-06;3.653412405479754e-06;3.668918026638102e-06;3.4582529460288853e-06;1.5834843748916106e-06;1.293477795645484e-06;2.919242220580404e-06;4.462812616042402e-06;1.5085119456141657e-06;3.5643780721110937e-06;1.4322939007429283e-06;8.000532019940527e-05;0.00013104103348048635;0.0001024246582905188;0.0001127991811900363;6.882639785160272e-05;1.3543132510830427e-05;0.00010581902811569185;4.268985849175714e-05;3.966804153867553e-06;3.631115778792053e-06;8.32141611402289e-06;1.9268608321954013e-08
00:18:05;555;1.649011945982114e-06;2.660174692509021e-06;6.0589812876006516e-05;1.1608143343525255e-06;3.7853401657628183e-06;2.3144681844591086e-06;1.8364908842145993e-06;1.2463473316030744e-06;9.650193151244935e-07;6.265607912099695e-07;2.3704881584116966e-06;1.5612945963154474e-06;9.352258056467959e-07;1.6644054034806934e-06;1.321687890122224e-06;1.8685866305969295e-06;5.213717621458434e-06;3.8487728718941575e-06;3.5030537541779613e-06;2.545086239985687e-06;1.4930343065281728e-06;1.1765359227963558e-06;3.6059608865349518e-06;2.6888028327724713e-06;1.4045799026703957e-06;2.8500495948754157e-06;1.723914815815815e-06;8.883212113779799e-05;0.00015307068817153446;0.00012150675787767522;0.0001102350238389962;6.974328226428314e-05;7.769951153481124e-06;0.00011148813670933726;4.77685678985093e-05;3.916144415866279e-06;3.692370264246031e-06;9.045968766570035e-06;8.742013780961625e-09
00:18:07;556;1.3727213618737593e-06;2.3501074936782834e-06;5.764761081705001e-05;9.930421118944175e-07;1.8942896429634133e-06;2.7154923060056615e-06;1.9018036280339279e-06;1.1002398576048285e-06;9.384592754619286e-07;6.852554476582445e-07;1.4682537223203502e-06;1.5081762455470094e-06;1.0953654779170692e-06;1.4347380233365408e-06;7.375401493577143e-07;1.6710202689691984e-06;3.184062504110846e-06;4.181635188304634e-06;3.5085219241397993e-06;2.369534517808311e-06;1.4870063951035908e-06;1.2510765169379369e-06;2.6635098887294867e-06;2.644131844918556e-06;1.5085315170191405e-06;2.558943163110805e-06;1.1733155017132452e-06;8.232626902141693e-05;0.00013969741528163415;0.0001128691162740852;0.00010977766030891732;7.203564703488213e-05;6.1292927841790365e-06;0.00010441014197076262;4.826119181446451e-05;4.437888065983355e-06;3.4183543054536233e-06;8.397247483973847e-06;1.1105458847199721e-08
00:18:09;557;1.3758099703538433e-06;2.3716115230877508e-06;6.244525251795274e-05;1.0823343907582419e-06;1.464270989227533e-06;2.25730099775748e-06;2.235295915556631e-06;1.1633279350740302e-06;1.252718914783331e-06;7.522383835430317e-07;1.4341833794097945e-06;1.5933245971892647e-06;8.921558106419784e-07;1.5182527908017753e-06;8.643151291645975e-07;1.8347052532532606e-06;2.8001110022275118e-06;3.7863349295053645e-06;3.8868699039660815e-06;2.4523183948894014e-06;1.8055594435719296e-06;1.267897206634177e-06;2.574388574856452e-06;2.7411831841255905e-06;1.3505405603080108e-06;2.6791090266658414e-06;1.280319615569722e-06;7.228979440255303e-05;0.0001521709910117162;0.00013416849216822316;0.00013529701297212022;8.053148234607013e-05;7.896293280041098e-06;0.00010271392729901114;4.621951948474053e-05;4.826250631989657e-06;4.722398363560783e-06;8.494597507031261e-06;1.2270748375826178e-08
00:18:11;558;1.4814271937653571e-06;2.479094271482701e-06;5.2663574741558355e-05;1.0529283588053575e-06;2.4294693436001e-06;1.92225196713671e-06;2.449183200167485e-06;1.4857204925727336e-06;1.242935935427428e-06;6.304381698705377e-07;1.8244998985556486e-06;1.5354690282879089e-06;9.74393312460429e-07;1.5685066750072771e-06;6.61329484669631e-07;1.7516476197060106e-06;3.7995640796688797e-06;3.519674410084388e-06;3.952969716666775e-06;2.802996974262701e-06;1.7717458480477991e-06;1.1848469012109697e-06;3.0162857427380397e-06;2.6978956787423137e-06;1.4174420832343366e-06;2.749643968693622e-06;1.0844170942705147e-06;8.251934710857357e-05;0.0001474781079313493;7.90675737330822e-05;6.633854289347562e-05;7.8863371515015e-05;8.199072460326702e-06;0.00010471011663106163;4.719013401610243e-05;3.6625449258817506e-06;5.339435721756232e-06;8.580422463870875e-06;1.4227498205235541e-08
00:18:13;559;1.6121361097793334e-06;2.597689030429863e-06;5.07857394083832e-05;1.4348371288684028e-06;1.653712630268377e-06;2.0100612206616377e-06;2.083116750125927e-06;2.4097718864398003e-06;1.0164498161945412e-06;6.690071477405918e-07;2.0752315074449e-06;1.4341509453947248e-06;1.160162239247339e-06;2.486467213619841e-06;9.126642878210977e-07;2.143935135572514e-06;2.919891376741016e-06;3.5304405046881123e-06;3.615475047290947e-06;3.6926100398276606e-06;1.58937043248512e-06;1.2237979124712424e-06;3.257377145444802e-06;2.6281369055371364e-06;1.6333745693258077e-06;3.6073998021320337e-06;1.3304587697877905e-06;7.665242538508384e-05;0.00012681536136871426;7.373654906966979e-05;8.13293242551917e-05;6.731605157978224e-05;1.2873556119270109e-05;0.00010241939802181459;5.031159276177077e-05;4.129863312723682e-06;5.356466058557634e-06;8.475921195333572e-06;1.2363772685987368e-08
00:18:15;560;1.8968051061950642e-06;2.8939945498021624e-06;5.985595103795842e-05;1.1815981482143911e-06;1.5935209450968946e-06;4.592512794943104e-06;2.0608148571067306e-06;1.6042721652130931e-06;9.392654797369847e-07;1.5391605872656038e-06;1.496839249720045e-06;4.060205937925978e-06;8.968037261489961e-07;2.077546590115922e-06;7.191201795658292e-07;1.895435181861011e-06;2.88560376754469e-06;6.088963685595191e-06;3.58220574836898e-06;2.9155580431840544e-06;1.499196330285808e-06;2.155715593070903e-06;2.6575388473466325e-06;5.27427561527348e-06;1.3384573367723452e-06;3.2656381520184048e-06;1.1693453745776217e-06;9.02066523011833e-05;0.0001399564617142139;0.0001379461410021285;0.00011452070337133461;7.03243373431684e-05;6.63104874296871e-06;9.986370357806055e-05;4.242164881082685e-05;3.310293237949393e-06;4.8525545893580114e-06;8.220485793407055e-06;1.7381970901660534e-08
00:18:17;561;1.6089278696411342e-06;2.5730820814001334e-06;5.338528932310845e-05;1.1425391494316015e-06;1.72558261223411e-06;2.0959797475809823e-06;3.3983505590190983e-06;1.0986817023030746e-06;1.0021218516827317e-06;8.22438181921373e-07;2.0902791362040962e-06;1.7743547394194985e-06;8.734373373251649e-07;2.4452199545973743e-06;8.381489712373412e-07;1.8278470026669748e-06;3.0091116370178634e-06;3.6389970727547815e-06;4.767931852855534e-06;2.3639743708775347e-06;1.5628880967458918e-06;1.3442848201008664e-06;3.2692148809623685e-06;2.9413090991326926e-06;1.2788072942523194e-06;3.615344773687509e-06;1.2572730147900373e-06;9.402881385720747e-05;0.00013115412143174476;8.506577168645146e-05;8.435521858952253e-05;7.672071486781316e-05;1.0501845800241414e-05;0.00010361409814808325;3.889198037150048e-05;3.2792194815441426e-06;4.529707722947323e-06;8.474135232047855e-06;7.844688197576558e-09
00:18:19;562;1.3730517954128758e-06;2.359098574098552e-06;5.265738661591916e-05;1.0103256007971078e-06;1.4405732483266123e-06;2.1102612538212187e-06;2.2436561408767375e-06;1.0556358403170727e-06;1.0147461521564145e-06;9.307646648970547e-07;1.4415341594348712e-06;1.680775447386974e-06;1.3508411035413237e-06;1.5953781203589559e-06;6.021293523985414e-07;1.7086193505332906e-06;2.7282419106212946e-06;3.688790295914087e-06;3.7745911367316775e-06;2.3158659348466035e-06;1.5772638168032879e-06;1.504588610685782e-06;2.6478447433517064e-06;2.8301332956945335e-06;1.751682495661861e-06;2.750118427039651e-06;1.031441996341919e-06;8.704247735998165e-05;0.00014163597050920383;8.092278480083725e-05;6.836416552024638e-05;7.037573197237189e-05;1.1057633201316243e-05;0.00010545023324887817;4.912623578933781e-05;4.132798296630884e-06;4.841318338384348e-06;8.930914502279444e-06;8.375851562087646e-09
00:18:21;563;1.5192419786041518e-06;2.5303536432734807e-06;5.2660376186393126e-05;1.7101937469409345e-06;1.5200127799662833e-06;2.67499958830151e-06;1.8888391263193294e-06;1.2284281446607215e-06;9.318686931598047e-07;6.606463504335832e-07;1.4671692219924248e-06;1.8484027696724132e-06;9.521348034043213e-07;2.4154154392164173e-06;9.32792678169521e-07;2.4105107884886683e-06;2.782123850678706e-06;4.34408787418473e-06;3.5340968547125504e-06;2.4906579267424813e-06;1.5026210253899644e-06;1.2067497505229974e-06;2.6965026480163806e-06;3.026820632851612e-06;1.3971848177996296e-06;3.6184877945409344e-06;1.354398989406036e-06;8.991921513385621e-05;0.00012092526592503579;8.046309299180289e-05;7.236080465099795e-05;8.147475315594066e-05;1.1540111400873699e-05;0.00010838168012285615;4.7819703786674125e-05;4.620086323869184e-06;5.4678959337679075e-06;8.945494042091645e-06;6.410768951264072e-09
00:18:23;564;1.602894510455144e-06;2.5852818936660304e-06;5.3874856643624e-05;1.0701150757438684e-06;1.5389399367778238e-06;2.087406779790771e-06;2.1449996269689624e-06;1.7134553436710058e-06;9.464065573248284e-07;5.830101569999484e-07;2.248772770259548e-06;1.583052107502102e-06;1.4019301942366527e-06;1.892275136422034e-06;2.0243699526386907e-06;1.7561327856324342e-06;2.812697746926057e-06;3.6237819775906938e-06;3.728138487611984e-06;3.017737955377913e-06;1.4983351337821062e-06;1.1593129122905373e-06;3.4646420283047805e-06;2.6979652248664473e-06;1.8030508758611292e-06;3.0369625061281066e-06;2.4246239919665628e-06;8.66198375071284e-05;0.00013401951228042075;9.032071766072784e-05;8.161870626387372e-05;7.045977350475109e-05;7.282855468498248e-06;0.00010680260414186452;5.3170815896849086e-05;3.3674529341425668e-06;3.977439572455256e-06;8.841814996285888e-06;1.674949649070687e-08
00:18:25;565;1.314157893940081e-06;2.3050371700138167e-06;5.643038774808065e-05;9.603254320241077e-07;1.4667856195900568e-06;1.8531258034344815e-06;2.2707556008457046e-06;1.0753374993687326e-06;1.178675761841093e-06;5.715789567307571e-07;1.8512046160233033e-06;1.5535623415597788e-06;9.36937673385268e-07;1.423868692042938e-06;6.277362040275524e-07;1.6398841344658948e-06;2.7365082129868316e-06;3.4164252674254616e-06;3.801941691655216e-06;2.359199191267157e-06;1.7076695502498608e-06;1.136545894787214e-06;3.026550022200987e-06;2.748510647633557e-06;1.3702191899592666e-06;2.6572889190660297e-06;1.059702371917468e-06;8.366332325221996e-05;0.00014270007207327595;0.00010978154406973665;9.734707498573049e-05;6.731196293064845e-05;7.724750641625805e-06;0.00010246081216640847;4.904430391603615e-05;3.7859797109957666e-06;4.594459387638072e-06;8.731377094789896e-06;1.8992747861980457e-08
00:18:27;566;1.514239777284326e-06;2.509370233383379e-06;6.331453584444851e-05;9.280241238100602e-07;1.529799235329547e-06;2.8584499898378435e-06;1.8321205383516186e-06;1.1891459036047793e-06;2.4979131172386815e-06;7.610372383191268e-07;1.5041095279984389e-06;1.515125673489205e-06;1.0112007489126995e-06;1.7343729096937337e-06;8.095778936123565e-07;1.625510831333106e-06;2.8705266176869752e-06;4.281663251863911e-06;3.4140418012865192e-06;2.4334278387995473e-06;3.2091845725195133e-06;1.3433987265394719e-06;2.699239097395709e-06;2.677385731359105e-06;1.4695706189614394e-06;2.863320983296829e-06;1.225171644496704e-06;9.327028169165651e-05;0.00014067430049582056;0.00013846293153521128;0.00014446366952176155;6.79433937494067e-05;1.312450300864043e-05;0.00010660402462417553;3.905538068600919e-05;3.829096549441353e-06;3.7926263529082715e-06;8.546567122945486e-06;7.654795405457484e-09
00:18:29;567;1.415302449781951e-06;2.4020751085647386e-06;5.145861191817474e-05;9.41396751744347e-07;1.817486272835047e-06;2.21637281150322e-06;1.8480445758745583e-06;1.1224809167002676e-06;1.445620586308523e-06;7.972830507715659e-07;1.751407326964418e-06;1.4578623011018976e-06;1.0231587409234324e-06;1.529973652093407e-06;1.0325419462472754e-06;1.6528567179009287e-06;3.072201396414901e-06;3.788297380185524e-06;3.350952257750566e-06;2.3081879302066504e-06;2.054792691777476e-06;1.342775412548333e-06;2.9299384423902205e-06;2.648592277481943e-06;1.4675688822834777e-06;2.7437187186421132e-06;1.4650185641608293e-06;7.891131805083491e-05;0.00012082399790801775;7.399442858871023e-05;9.40281292801641e-05;6.71330763986162e-05;1.6607168253271967e-05;0.0001047730434104975;4.465579045741528e-05;4.121782714567673e-06;3.735061727014118e-06;8.71080603763182e-06;8.740191355406634e-09
00:18:31;568;1.4885187083732179e-06;2.5083142294464825e-06;5.7394465511064435e-05;1.5668145967721743e-06;1.8637397136700429e-06;1.9024744367354431e-06;1.888648698443841e-06;2.863631920035914e-06;9.985713022525096e-07;9.216827720431359e-07;1.479805657001908e-06;1.4243086808559982e-06;8.330925519540632e-07;1.3873726439199303e-06;7.320810580776796e-07;2.271987509745106e-06;3.203450703466255e-06;3.456317066409127e-06;3.560374850593102e-06;4.116925791532605e-06;1.5633353328505822e-06;1.5152244712606008e-06;2.691196096126492e-06;2.6527161581506783e-06;1.3043898555143998e-06;2.593424029857741e-06;1.1704277991916973e-06;9.220170097649371e-05;0.0001412625767848882;8.57805024764313e-05;9.504514181587302e-05;8.614352877007707e-05;1.608270639677102e-05;0.00010812715540206185;4.5964863032495304e-05;4.619024498272524e-06;4.631990866185736e-06;8.86121418651149e-06;1.318092671190371e-08
00:18:32;569;1.547282896232425e-06;2.5868980599947856e-06;5.0192229013987885e-05;1.590544785818276e-06;1.5588143314330822e-06;3.8292925533508795e-06;1.853909320362587e-06;1.6867450119468168e-06;9.29601103972676e-07;7.684139960288534e-07;1.5767038764703434e-06;1.5398586206542704e-06;1.0188070507636966e-06;1.5575312023553456e-06;6.571724236711677e-07;2.302929315307285e-06;2.8900728403077434e-06;5.5556106532624e-06;3.534670777528995e-06;3.0479925369577303e-06;1.5180443890844626e-06;1.3368425699429535e-06;2.758693063938902e-06;2.743288717605929e-06;1.4967630772268503e-06;2.7429069428141206e-06;1.114961253854664e-06;7.766747291343535e-05;0.00012400445291441784;6.795572674389951e-05;6.12396870958261e-05;8.713604896259267e-05;1.5393754428187866e-05;0.00010713454466862808;4.2810274733901703e-05;4.197022202678837e-06;6.05696471884573e-06;8.699539747093434e-06;1.1259038347408774e-08
00:18:34;570;1.7023027530624093e-06;2.7036009893741212e-06;6.12898284127262e-05;1.1122757466579132e-06;1.5345550287451912e-06;2.19049853149174e-06;2.6030377509236113e-06;1.2408301964099295e-06;1.4254604569042717e-06;1.9749671362554655e-06;1.933065819092018e-06;2.783638263569411e-06;1.0626824304971194e-06;1.8284889571744274e-06;7.381322873327307e-07;1.8332847434112986e-06;2.8017268591553792e-06;3.6980416846549644e-06;4.176649620407998e-06;2.557631326373114e-06;2.021259731492724e-06;2.512739772382817e-06;3.152177145285016e-06;3.996274383006252e-06;1.4878673951737059e-06;3.04316130398006e-06;1.1623968519651947e-06;7.741118734659975e-05;0.00013978439359844377;0.0001089187613170245;0.0001503685098285916;7.512908868149602e-05;1.2390240991875444e-05;0.00010126054481776664;5.2733871909526714e-05;3.86595002436267e-06;4.8556615926696214e-06;8.750131674162917e-06;9.599170194588533e-09
00:18:36;571;1.5722282314036626e-06;2.565084595160074e-06;6.511971929412887e-05;9.716113397476276e-07;1.5752049402224926e-06;2.541221784759593e-06;2.764890582505266e-06;1.9258885605469542e-06;9.459097086212348e-07;8.23981265077575e-07;1.6362269010401902e-06;1.4334734105987805e-06;8.175834144646449e-07;1.5877301917655018e-06;1.8430162185077072e-06;1.6746060935797168e-06;2.8884332775156e-06;4.023877437835445e-06;4.442438092708103e-06;3.1617614911139544e-06;1.4728275331596902e-06;1.3740583581325097e-06;2.807828984340274e-06;2.6148746955290267e-06;1.2832300266773364e-06;2.76735052241897e-06;2.269727901818177e-06;8.013431678596212e-05;0.00013782834099762008;0.00012328676634811334;0.00017662663403093597;8.16627401611835e-05;1.311115371162495e-05;0.00010399154718819485;4.757456144690273e-05;3.884659538267528e-06;4.7630278293308655e-06;8.557195682122402e-06;1.5687809287694985e-08
00:18:38;572;1.8014751187355282e-06;2.7817801724901257e-06;5.535603355227158e-05;1.1564816235966966e-06;2.3903946663688718e-06;2.519037822294608e-06;2.872581177371103e-06;1.2859224981812387e-06;9.939720258180593e-07;5.857038931028119e-07;1.9458020691264335e-06;2.5853533347295543e-06;1.8581466083779994e-06;2.3916890381705325e-06;1.0326161894850956e-06;1.8518977050249145e-06;3.7280442081248133e-06;4.0596096426535165e-06;4.290628420319622e-06;2.555700565539201e-06;1.565692052362108e-06;1.1421184001248341e-06;3.115611195736867e-06;3.7739705389925158e-06;2.215017776892683e-06;3.633315255004313e-06;1.449755326218651e-06;8.044605190235012e-05;0.00015089626134550673;9.900841020910968e-05;9.094942479429372e-05;7.168858963304254e-05;8.295336181323552e-06;0.00010576503717313844;4.1192574682540224e-05;4.064631422737954e-06;3.262497019658873e-06;8.689851774288744e-06;1.3736489268307399e-08
00:18:40;573;1.5343943752748663e-06;2.5505096576275317e-06;5.891949662152583e-05;1.142145629790486e-06;2.8400404013175584e-06;2.178262953930502e-06;1.8577842133347324e-06;1.3522307366771584e-06;1.404198532804137e-06;6.916204773736596e-07;1.772932186192768e-06;1.4036296234400745e-06;9.059165563969755e-07;2.1574644832676104e-06;7.0650625374278e-07;1.8602554965133394e-06;4.189816847221802e-06;3.6754782119219903e-06;3.458301989667234e-06;2.6880373533907615e-06;2.0452247629035336e-06;1.3129606770689861e-06;2.9876121853024564e-06;2.5587302636406e-06;1.3330619213498905e-06;3.359830753663717e-06;1.1368044287297105e-06;7.969900585631052e-05;0.00015453907049228733;9.653981116829343e-05;0.00011778092673147732;7.549253772102437e-05;1.6393056742847356e-05;0.0001062641799464426;4.312120940432386e-05;3.5814598868382165e-06;4.851163388355e-06;8.75867591138656e-06;1.2862208723397485e-08
00:18:42;574;1.694839369615796e-06;2.6727420068318333e-06;5.4396135119497384e-05;1.5984115245938246e-06;2.0451514353551787e-06;4.310594907443808e-06;1.9105399121341096e-06;1.2042283281262072e-06;1.1842677114515254e-06;6.632278386285086e-07;1.6812870470385055e-06;1.494857045178125e-06;1.3098357378121312e-06;2.14344242993098e-06;7.922281147866205e-07;2.310397098593552e-06;3.348112927539395e-06;5.721388247423684e-06;3.4988273380551183e-06;2.490306201252679e-06;1.744295417078711e-06;1.2198467530490947e-06;2.9435720183686546e-06;2.602087863435165e-06;1.6853867480135762e-06;3.3019053440696126e-06;1.2067773836199333e-06;8.730785631140904e-05;0.0001263479201259456;8.116104807175123e-05;0.00010269841710661098;7.230316300255045e-05;1.2646335866274705e-05;0.00010351100854307161;5.1154159883574924e-05;3.9576009918945455e-06;3.3692088931832795e-06;8.284366326357099e-06;1.253631134497586e-08
00:18:44;575;1.4979628091473594e-06;2.477918277564422e-06;6.220822092223705e-05;1.0060791014025612e-06;1.6859732960031435e-06;2.7535466716440995e-06;1.925768503612863e-06;1.1136512463316706e-06;1.359011993526141e-06;6.361003896141167e-07;2.071649904713333e-06;2.039006666620935e-06;1.0747319729114742e-06;1.5677634334985349e-06;7.422700333977033e-07;1.7012525017314228e-06;2.9702122090015963e-06;4.22075862256343e-06;3.515556410910662e-06;2.394838608917688e-06;1.95688630379042e-06;1.1506268669673094e-06;3.2685183317811654e-06;3.1292557403365302e-06;1.5397904469783854e-06;2.7254236369393582e-06;1.1618985909771703e-06;9.223141517902399e-05;0.00013138565651479622;0.0001318966019738909;0.00014847344549744334;6.920848065199546e-05;1.0314824948797565e-05;0.00010419628784520986;4.035427481581018e-05;4.161837384552407e-06;5.671432395223083e-06;8.585472986340871e-06;1.8920873760570266e-08
00:18:46;576;1.3093105163296637e-06;2.312697581975401e-06;6.0355758600977493e-05;1.239676254175234e-06;1.4940581221493816e-06;2.2786756549532004e-06;2.0706474852325774e-06;1.1397713087274946e-06;9.428104837445e-07;5.175061122257447e-07;1.4225469985004482e-06;1.554049244683659e-06;9.615230589914021e-07;1.4687383614774385e-06;6.217226654311762e-07;1.9444963754722266e-06;2.81646205483504e-06;3.763152568653017e-06;3.769177242880871e-06;2.4485591266171998e-06;1.4984269107197731e-06;1.0826001451139838e-06;2.650285903402181e-06;2.7390689111494862e-06;1.3782847882863233e-06;2.6136141905571773e-06;1.0482416838339637e-06;8.509924740208552e-05;0.00013049414873929466;0.00012110131733602239;0.00013731097423780276;7.082120426650908e-05;9.075962094302479e-06;0.00010703526419672001;4.571719209049492e-05;4.532950803244229e-06;4.490944333998218e-06;8.58060185302549e-06;9.295858230493658e-09
00:18:47;577;1.35115286345214e-06;2.331552641868556e-06;6.149237537392259e-05;9.222216378839737e-07;1.676200711806721e-06;2.8718662492947673e-06;1.8599232184289927e-06;1.198222708205647e-06;1.2767600613114185e-06;5.341914679490856e-07;1.4077778639790237e-06;1.4490532374819312e-06;8.742804325349725e-07;1.4275143728910549e-06;7.158219990896245e-07;1.595561972367883e-06;2.964647786582277e-06;4.326767059899771e-06;3.4272197578352863e-06;2.5067432701850717e-06;1.8097356475284213e-06;1.1006375203417323e-06;2.6232057058522617e-06;2.6037638549438915e-06;1.320148319077989e-06;2.57669173635482e-06;1.1235082000940232e-06;9.579998880833523e-05;0.0001360717168284485;0.00013310695829967046;0.00011238442291022034;7.661584475186091e-05;6.312700844220847e-06;0.00010560596568546439;5.44848270455671e-05;4.0588455922673975e-06;4.438439077163676e-06;9.01509124999893e-06;1.3703393853278169e-08
00:18:49;578;1.4071717533425954e-06;2.40607594697636e-06;5.410702565310259e-05;1.0131986501510875e-06;1.4644044222093684e-06;1.896841026794892e-06;1.988621472099277e-06;1.1544962196746218e-06;1.8931094326097246e-06;8.411600135215348e-07;2.070904145057284e-06;1.345193105108742e-06;1.0832624605005103e-06;1.4687568367997208e-06;6.661127543287777e-07;1.7116662873008806e-06;2.7620252510558523e-06;3.4482827916840105e-06;3.537787221565723e-06;2.3909952670703803e-06;2.4828066561664705e-06;1.448118369589332e-06;3.2785407648025054e-06;2.544813449138111e-06;1.5605310534427397e-06;2.602361451529679e-06;1.104981477501957e-06;8.422046710185558e-05;0.00013200760022196342;8.09971305590937e-05;0.00010057927777902678;6.971465620682287e-05;1.3367317525432823e-05;0.00010336544031692669;4.720979610029106e-05;3.910028710999734e-06;5.019818808465321e-06;8.87767287788006e-06;1.5101628472985255e-08
00:18:51;579;1.971945234011876e-06;2.9450471180397574e-06;5.0585705711272986e-05;2.9338831399075813e-06;1.6150991760161497e-06;2.1095053004607034e-06;3.7379152108097844e-06;2.1583552861737974e-06;1.1483776322601165e-06;7.941688061518061e-07;1.7603738206937372e-06;3.8115963628177436e-06;1.1880993705627352e-06;1.6484902587230656e-06;7.574776604745249e-07;3.567625653195597e-06;2.8548666572924394e-06;3.684270631069173e-06;5.145876860331532e-06;3.5250647031233122e-06;1.6781761279519202e-06;1.3546464969844628e-06;2.915635334403892e-06;4.973645865925679e-06;1.5841730631316611e-06;2.827653574219962e-06;1.2289298298657995e-06;8.605879179063891e-05;0.00011884745217866255;8.138606901639435e-05;7.082567615720774e-05;7.540509771850085e-05;9.869747336338115e-06;0.00010222824829889963;4.403715395970378e-05;4.159046876542968e-06;5.311028778529134e-06;8.8916620135887e-06;8.494410269078012e-09
00:18:53;580;1.4897936142106842e-06;2.4851064200113716e-06;5.96008653299242e-05;2.6317430566923474e-06;1.5306818847578412e-06;2.044194940189279e-06;1.853951197006154e-06;1.4616080669811864e-06;1.3874857513423484e-06;6.285607370350796e-07;1.4821801211019967e-06;1.5820650873395308e-06;8.59813219612381e-07;1.6408606087607454e-06;7.743782896938647e-07;3.3846051173550453e-06;2.807945644304663e-06;3.573759697039488e-06;3.4482663891197527e-06;2.687606555107639e-06;1.991727144798725e-06;1.1862672880121137e-06;2.6881218558098883e-06;2.6951993752074392e-06;1.3294253492375314e-06;2.8398747610504247e-06;1.1884769906551994e-06;9.624524490230564e-05;0.00014580418572529208;0.00010747140333057432;0.00011034913700010707;7.216484074273809e-05;1.3911766979937907e-05;0.00010590480326813245;4.590983183831544e-05;3.958907900199435e-06;4.646070142891976e-06;8.839175638874563e-06;5.016489721430736e-09
00:18:55;581;1.4505183128157093e-06;2.4555496122646427e-06;5.824750993287776e-05;9.172424717136933e-07;1.7531372156815388e-06;2.64148679915169e-06;2.1721639691789236e-06;1.8257975063950094e-06;9.410149133450638e-07;5.855226054714406e-07;1.682589268238065e-06;1.3099886398264133e-06;8.830767193853976e-07;1.4652002417812262e-06;1.2289989780614716e-06;1.654708164177107e-06;3.034303347968616e-06;4.155998291209954e-06;3.884204318902574e-06;3.094298522861393e-06;1.5193209152659874e-06;1.1316423533830684e-06;2.8980489116891686e-06;2.465154503751583e-06;1.3509662505983422e-06;2.6365666593547655e-06;1.6413825010837356e-06;8.092169112189507e-05;0.00013194323563703553;0.00010775837441777327;0.00012964749480912633;7.009974580455984e-05;1.0674654428229636e-05;0.00010488141127099942;4.566232868400838e-05;3.915535090846235e-06;4.857725152102829e-06;8.601923399969196e-06;5.99937798733467e-09
00:18:57;582;1.2607780833077826e-06;2.258039958063289e-06;5.498197415949561e-05;9.943498958361632e-07;1.4735200235740173e-06;2.085807058707897e-06;1.7798650136765817e-06;1.1917610599386885e-06;8.368941251517144e-07;5.553720791130378e-07;1.615018180523009e-06;1.4139161791684982e-06;1.1258128152553064e-06;1.4835672370594466e-06;5.734528744386321e-07;1.6805004395193257e-06;2.7638478899507967e-06;3.6286919092024712e-06;3.370827102968823e-06;2.504623774809802e-06;1.40827733393732e-06;1.1042842044665848e-06;2.8500924202754632e-06;2.5790631401763723e-06;1.5449130427717863e-06;2.658468881950112e-06;1.0028884875299799e-06;9.453536836026838e-05;0.00012764933267241273;9.499378935183104e-05;8.786032914268235e-05;7.579585579016313e-05;9.029432493098858e-06;0.00010810526545279662;4.4669213714513834e-05;4.230439629383497e-06;4.0912683391009525e-06;8.811202399689108e-06;1.2192568006728884e-08
00:18:59;583;1.8703396904775425e-06;2.8736414197403893e-06;6.023551044877468e-05;1.1778387095953944e-06;1.9800080710361745e-06;5.595732670116149e-06;2.577751825812284e-06;1.2865667692419824e-06;9.849833212495118e-07;6.569478142895687e-07;1.6482969526650364e-06;2.8524079680054952e-06;1.2174789077496422e-06;1.5668724415718316e-06;8.991901192926961e-07;1.8686303036115014e-06;3.287013467780537e-06;7.1888688166203604e-06;4.142063245080287e-06;2.600650440157712e-06;1.5486991425767642e-06;1.22688826393964e-06;2.8484389071009798e-06;4.0542844245361334e-06;1.6108496673709102e-06;2.7932123568369873e-06;1.3140974126916354e-06;8.606603854629272e-05;0.00014289854114663285;0.00013529657246695752;0.00011600796904968212;7.000597963459743e-05;7.101088482820065e-06;0.00010678927251587629;4.35995428787132e-05;3.206754619891102e-06;3.3058391634026007e-06;8.541344545657093e-06;7.182334773449341e-09
00:19:01;584;1.4533569129585286e-06;2.4663212789624894e-06;5.5295258272793545e-05;1.0175777491335096e-06;2.009873649975382e-06;1.8484557236772305e-06;1.9023466974617391e-06;1.4523555462921742e-06;8.499736164195455e-07;9.283113719747085e-07;1.80741255416773e-06;1.4840346902870878e-06;8.83376588363531e-07;2.5125647545562204e-06;7.439996006749797e-07;1.6784214324880976e-06;3.354671509694964e-06;3.43049873087774e-06;3.523389163483789e-06;2.76421646267869e-06;1.4454745210174753e-06;1.514112041236273e-06;3.0610089272412078e-06;2.6514600265243964e-06;1.3503751013478352e-06;3.654634803774858e-06;1.167591724885214e-06;8.820653487209542e-05;0.00014074174529350402;9.176165067031169e-05;8.51114299442577e-05;7.50100712178406e-05;9.276008366732456e-06;0.00010474334849040676;5.095644964335658e-05;4.336446349070954e-06;4.750875036863821e-06;8.63262924284419e-06;1.5910146238148685e-08
00:19:02;585;1.339186704317864e-06;2.327830785200408e-06;5.704780943288296e-05;1.0814469181174113e-06;1.477399336929414e-06;1.919151658278586e-06;1.8067019188999274e-06;1.5339914295576695e-06;1.1055329575429793e-06;6.233194385085739e-07;1.4527106538315076e-06;2.2335005836734725e-06;8.06358164967042e-07;1.3722146908050221e-06;6.579121897781254e-07;1.7868011901797057e-06;2.7566648490208053e-06;3.494792151827766e-06;3.4259306268055135e-06;2.801905156093774e-06;1.636387606549185e-06;1.1812032700813861e-06;2.602333598254437e-06;3.385398903320274e-06;1.216366470837588e-06;2.563155660510934e-06;1.0830288941558793e-06;9.027384894236719e-05;0.00014401986236924787;9.855387905678266e-05;8.284253257274642e-05;8.297741379146964e-05;8.553981315399815e-06;0.0001081796821079503;5.125861528409484e-05;4.362974746076492e-06;4.631529557664168e-06;8.900747057803496e-06;1.86463929924446e-08
00:19:04;586;1.3722030031844539e-06;2.382357505194716e-06;5.6780103966190896e-05;9.899051044729132e-07;1.4772734998916546e-06;2.305615457422825e-06;1.8210423393066384e-06;1.102235307309291e-06;9.432131556605131e-07;1.587127482206473e-06;1.6237464404963733e-06;1.568263445005481e-06;8.545448679988319e-07;1.5355292760946524e-06;6.579392357799272e-07;1.7073654609841377e-06;2.771650214745483e-06;3.924806148311694e-06;3.4611342971977966e-06;2.3615945571081386e-06;1.4960533669953385e-06;2.189086856134641e-06;2.8370802709427546e-06;2.7250073056661045e-06;1.2848917922210718e-06;2.7169605887080896e-06;1.112658238782065e-06;7.803481291567034e-05;0.000127596888757747;8.830323197031405e-05;0.00011843161379231812;7.400513917202652e-05;1.7538213010898156e-05;0.00010764495274334028;5.085528437880556e-05;4.8823852527080724e-06;5.26339456739026e-06;8.79684014474621e-06;8.490888326171894e-09
00:19:06;587;1.398528650624216e-06;2.392227111446533e-06;4.962027627637948e-05;8.7093635729603e-07;1.8671767280603098e-06;1.9081148961481116e-06;2.749691260461873e-06;1.2395328198199318e-06;1.3599267145927094e-06;7.334041507837825e-07;1.5044630370588472e-06;1.4590069317547845e-06;9.79262632195731e-07;1.4154546582903746e-06;6.953731009592704e-07;1.5667334914321111e-06;3.091763853228281e-06;3.49132490762575e-06;4.233725723126922e-06;2.570052072458773e-06;1.9244117823555954e-06;1.3223317690557726e-06;2.699622293992526e-06;2.616258108924118e-06;1.4096743998264554e-06;2.6286681698861053e-06;1.1521579840288574e-06;8.778161719680853e-05;0.00011637357574725227;7.488204195929913e-05;6.512514364879392e-05;7.314194703163936e-05;9.90131713895565e-06;0.0001084848320698961;4.2779790193172056e-05;3.744820656646762e-06;4.512246551002119e-06;8.704783991446554e-06;1.1199131641336952e-08
00:19:08;588;1.352005946389764e-06;2.367280074717592e-06;5.54545929727052e-05;1.0737309129896486e-06;1.3802967241909931e-06;2.0636427015703744e-06;1.97191832963416e-06;1.0591721279434358e-06;1.1573013720678205e-06;7.73400587612953e-07;1.409460529218491e-06;1.8431134643554452e-06;1.3574455029121488e-06;1.489361515893961e-06;6.452271098825432e-07;1.7567474587043694e-06;2.676059585909674e-06;3.592254838795155e-06;3.659061133165076e-06;2.352572925149075e-06;1.7535009015209422e-06;1.3297172797679138e-06;2.6174148192522013e-06;3.048025878860808e-06;1.8773990615056989e-06;2.6585951793923772e-06;1.086011188083865e-06;8.536322368585908e-05;0.0001391296079540542;9.516970433921766e-05;9.112009931095496e-05;7.176140767613063e-05;8.540507124317653e-06;0.00010431161143681864;5.206848525847708e-05;4.025989472322102e-06;5.1970189279197085e-06;8.750141163709322e-06;1.731932268133905e-08
00:19:10;589;1.5354424602068404e-06;2.5542647511463635e-06;5.852884816787352e-05;9.475963772845571e-07;2.102951134442709e-06;1.993822036119106e-06;1.983998616304141e-06;1.4101589816658846e-06;9.8581388224323e-07;2.293390863075925e-06;1.909672886410166e-06;1.8385139918757949e-06;8.733973011487706e-07;1.3910687527934391e-06;6.949242096109355e-07;1.6725234197882038e-06;3.3665120744318083e-06;3.5350870929724358e-06;3.7035255203752255e-06;2.6790851826504715e-06;1.5529537904512836e-06;2.8781872397533484e-06;3.0857346545521e-06;3.0636310407604883e-06;1.3312784885841476e-06;2.6255020706046225e-06;1.1571555653143703e-06;8.385296744862404e-05;0.00011994166086524542;0.00011282397538353195;0.00013132533513123318;7.571193352687765e-05;8.931597773925074e-06;0.0001072333222031611;4.5344529704985067e-05;3.880902277637818e-06;4.507045076147514e-06;8.784382110325537e-06;8.526512787753964e-09
00:19:12;590;1.3127473732701198e-06;2.3352245525990228e-06;5.560680412542772e-05;1.3083063919500597e-06;1.4670433978736241e-06;1.8468191909900868e-06;1.7639859288013069e-06;1.1992918553199223e-06;1.2402967298864487e-06;7.075863643699811e-07;1.551405011891337e-06;1.5141079726565077e-06;8.42384324719412e-07;1.5801989111966206e-06;7.315419871483703e-07;2.0241713881187947e-06;2.7408124571040756e-06;3.443356159619679e-06;3.3836840021315685e-06;2.4971022838466917e-06;1.866317307482134e-06;1.2943650365085415e-06;2.7881608405009557e-06;2.7197924127098236e-06;1.2772823385856537e-06;2.8249236078685315e-06;1.1627258059094476e-06;7.900654855286563e-05;0.00011976583901934624;9.332119694526417e-05;0.00011457632865690191;7.210656745400702e-05;1.2180690919620841e-05;0.00010789606738985739;5.0566860246436703e-05;4.6583050999765704e-06;4.11541327587914e-06;9.076337615529684e-06;1.1494329447139017e-08
00:19:14;591;1.3149341483139922e-06;2.336591530331157e-06;5.377407077219561e-05;1.0035141747072822e-06;1.4924388929542105e-06;2.041535991249465e-06;1.7224534084289447e-06;1.7177150831412549e-06;8.233429490512766e-07;6.073006671285115e-07;1.4700436557743304e-06;1.3618120572221992e-06;1.3387031862841716e-06;1.491697706448101e-06;7.086515862201023e-07;1.712422763116765e-06;2.7693637364307826e-06;3.6447874110676877e-06;3.362484949896417e-06;3.026378606913959e-06;1.395152168375325e-06;1.2056648122065954e-06;2.6777102151800713e-06;2.575024933332914e-06;1.8454209263053817e-06;2.680515206209955e-06;1.144171688027407e-06;8.950816886016962e-05;0.0001273162716040944;7.606034941567025e-05;8.476440673514387e-05;8.219077803233577e-05;1.615958806533015e-05;0.0001042112147554349;4.6570018421978044e-05;3.856559704796935e-06;6.103142758406284e-06;8.5325671997701e-06;1.5783713217266193e-08
00:19:16;592;1.3842116619790865e-06;2.363753555061832e-06;5.235670507033116e-05;9.81255533797051e-07;1.462856018622202e-06;1.875482832632129e-06;3.3397168297129425e-06;1.1680698632978512e-06;9.752693356739945e-07;6.003482901513606e-07;1.8050630594275545e-06;1.4126742511131531e-06;8.365089323447705e-07;1.3986424218388875e-06;7.54652125517003e-07;1.6889749211926916e-06;2.772638364909147e-06;3.4269266242391278e-06;4.790110499960042e-06;2.402200722446904e-06;1.5077436305373455e-06;1.157799837977719e-06;3.0286707278374027e-06;2.530730683512174e-06;1.2435393915162605e-06;2.6138426435380418e-06;1.2018636377427967e-06;8.971335998885982e-05;0.0001309139544766854;8.255506558277681e-05;6.42337549884796e-05;7.632087057846591e-05;1.0566181980834814e-05;0.00011059897384305179;4.643881110081561e-05;3.868092007378259e-06;4.1778687064550736e-06;8.878525592385065e-06;1.5001997785985165e-08
00:19:17;593;1.6234488425097156e-06;2.647572768459029e-06;5.3885717240536545e-05;1.0425237317464435e-06;1.5795955435781262e-06;2.3147304134854805e-06;1.9132356111516526e-06;2.9537755632121203e-06;1.0597489094750627e-06;1.1388948999233797e-06;1.7355596914373192e-06;1.8758341023525107e-06;1.275547370192178e-06;1.929336366789481e-06;6.626034313147758e-07;1.7664122703501585e-06;2.849751008628268e-06;3.962422912496273e-06;3.6042560531072175e-06;4.198623182213551e-06;1.6387360211652616e-06;1.7478365987388522e-06;2.991616052964627e-06;3.1107396312742096e-06;1.7152191348135534e-06;3.0775647212090293e-06;1.1076949351574305e-06;8.684434974433278e-05;0.00012871428923440565;8.141515987414712e-05;9.800869126448131e-05;8.186567809380848e-05;1.3501345151922344e-05;9.741163422716603e-05;4.0507251840733973e-05;4.036188726591877e-06;5.731774244281101e-06;8.574381368188839e-06;1.7863116379038108e-08
00:19:19;594;1.3773587000639767e-06;2.3869740312253685e-06;5.7302623239731316e-05;1.2131111904103229e-06;1.7973331568105715e-06;1.7939350491567232e-06;1.751391182545283e-06;1.6807702791574932e-06;9.93987843185677e-07;5.823648136252498e-07;1.8189473986816231e-06;1.483551206246406e-06;1.1438535575694884e-06;1.650739629352219e-06;6.183186656016915e-07;1.9260338028369557e-06;3.1331233780684106e-06;3.3861769184746847e-06;3.3484884250908723e-06;2.9195676844106924e-06;1.5745919372305632e-06;1.137398913393738e-06;3.0496570921462114e-06;2.657424747494703e-06;1.63861777534144e-06;2.8241778668243684e-06;1.0484288541019966e-06;9.540279804025328e-05;0.0001337799485722512;0.00010141750111632902;0.00010105053465498252;7.076227604708665e-05;9.899966839946499e-06;0.0001070189716032493;4.962980880553804e-05;4.19957426263713e-06;5.2414854624627745e-06;9.209990295870537e-06;1.8623176168815123e-08
00:19:21;595;1.3153658396835122e-06;2.333477561501528e-06;5.32837156725783e-05;1.3113341856425946e-06;1.4805932741653165e-06;2.3012737901950686e-06;1.7247802890161459e-06;1.011732133949682e-06;8.619588422010726e-07;5.453069413191064e-07;1.8583766386758394e-06;1.4763447980893252e-06;8.126111114105005e-07;1.5409494210739572e-06;8.591281516504264e-07;2.054762078358503e-06;2.7561323715325427e-06;3.967795784106622e-06;3.3049665881098687e-06;2.313632329545887e-06;1.4241583468752145e-06;1.0905335465153417e-06;3.0730078030581904e-06;2.6890197515760656e-06;1.2856224006836898e-06;2.7455904889589135e-06;1.2965081492450424e-06;8.29315079064873e-05;0.00013730506475026431;7.417446641955256e-05;8.323001423430926e-05;7.789146970086607e-05;1.5758287373237088e-05;0.00010689049102763541;4.345697004181317e-05;4.215107218078962e-06;4.604452629328809e-06;8.939106606827131e-06;7.650162539597556e-09
00:19:23;596;1.5267427982866944e-06;2.546748053738398e-06;5.338405998346909e-05;1.0181467522003955e-06;2.388342970989625e-06;2.9833273183560944e-06;1.7896143626410839e-06;1.435022122787576e-06;8.791564960475284e-07;6.991428733726934e-07;1.9850340903944512e-06;1.506578301305436e-06;1.2028524242908971e-06;1.3168042413237335e-06;1.1168911284316478e-06;1.74918725377533e-06;3.6845042071531048e-06;4.7273473124801924e-06;3.4119530402124295e-06;2.6788403242272016e-06;1.4596455910957703e-06;1.2734133787046319e-06;3.1622502250730244e-06;2.7533458279909217e-06;1.603312972592097e-06;2.533013197178293e-06;1.5241621346969531e-06;8.893555428340466e-05;0.00011375122237187535;8.133522023015957e-05;8.259016541557343e-05;8.194289821518746e-05;1.212549280068202e-05;0.00010909122910766396;5.290851996470207e-05;4.66881203549943e-06;4.302609379045659e-06;8.952822874414951e-06;4.173123420439261e-09
00:19:25;597;1.3847371136612516e-06;2.373669821845627e-06;5.508571623574022e-05;9.870727636463916e-07;1.512759413493179e-06;1.8872300137993327e-06;2.3385208636610018e-06;1.3838223096711162e-06;1.0491352540255925e-06;8.006678886764782e-07;2.247117944165211e-06;1.4244537866823428e-06;8.575848431391364e-07;1.5117407784582715e-06;6.167390796447075e-07;1.682112329640001e-06;2.7388112679937313e-06;3.4545158409337437e-06;3.8064866180032863e-06;2.70111669020549e-06;1.6348372850465055e-06;1.3545575566413275e-06;3.4103856671231656e-06;2.634493949710903e-06;1.2893945119708694e-06;2.7269631625096757e-06;1.0503621754081376e-06;8.902966460464609e-05;0.00013333827007482298;8.531851018308242e-05;8.570263527058246e-05;8.276103838529488e-05;1.000445647830328e-05;0.00010505415738651803;5.2283715785817656e-05;4.126627646037355e-06;4.847558896515096e-06;8.55445754665424e-06;7.502570608025491e-09
00:19:27;598;1.2447638959982172e-06;2.255285633947108e-06;5.244111604769537e-05;9.59102000566955e-07;1.7636277773130422e-06;1.8750626394589434e-06;1.777347800087496e-06;1.102056035923676e-06;1.0422337236480994e-06;5.429433845546586e-07;1.4460696670003481e-06;1.4515730368006272e-06;8.852718575172699e-07;1.4365332714886976e-06;6.553451489356054e-07;1.6848865388792662e-06;3.0565983816134725e-06;3.5119205964707084e-06;3.3741699018166768e-06;2.3572793386133697e-06;1.5874387830230768e-06;1.1164733125410806e-06;2.657197310500008e-06;2.619793992633714e-06;1.3466358721796242e-06;2.641735782565809e-06;1.1092967719078738e-06;8.090709529326808e-05;0.0001260150443722874;8.487276025318148e-05;7.846749137799212e-05;7.846488227229153e-05;9.12497711097031e-06;0.00010813603387046696;4.4736272376067806e-05;4.379377204223995e-06;5.156673189452847e-06;9.013421128153005e-06;1.9364123988815073e-08
00:19:29;599;1.2691152174423594e-06;2.276902898325094e-06;5.770792878637412e-05;9.069294193218205e-07;1.8074645471634974e-06;1.9106353674141534e-06;1.8870719475927444e-06;1.157587099549899e-06;8.91656923488168e-07;6.066154584710209e-07;1.5081593062081888e-06;1.6020348528978834e-06;8.813709306630038e-07;1.4514661155409023e-06;6.183901634396446e-07;1.6003576271216416e-06;3.14368690287435e-06;3.424175653165122e-06;3.495141599263592e-06;2.4562800933692206e-06;1.429974541028796e-06;1.187415369293353e-06;2.7600553258258814e-06;2.801045487886549e-06;1.3631090633058607e-06;2.6239739410604807e-06;1.037618319457314e-06;9.294993023715013e-05;0.000152110290852113;9.695818842194394e-05;9.27722519085228e-05;7.66921454842325e-05;1.0634448576372384e-05;0.0001052893775600946;4.7431001515938823e-05;4.108357158919813e-06;4.859957203299144e-06;8.67393329621084e-06;1.526322169148329e-08
00:19:31;600;1.4541837406961184e-06;2.450684808571145e-06;5.4156612074004024e-05;9.977168963327576e-07;1.7792072226024465e-06;1.924763361542277e-06;1.7921836956702464e-06;1.477536491701802e-06;1.6637876761164834e-06;5.868412839711694e-07;1.7692834457314823e-06;1.4884796933597757e-06;9.30562357594831e-07;1.3580536148567872e-06;1.6817886482233357e-06;1.6925699824990064e-06;3.056695470172887e-06;3.5428129914306955e-06;3.4131489048630537e-06;2.7477572204957197e-06;2.1854673852569155e-06;1.1268939639320924e-06;2.9634003066682534e-06;2.6753481149712515e-06;1.3754141783649657e-06;2.549514850308029e-06;2.0791933884193216e-06;8.444412332335201e-05;0.00012716611965978396;9.632339872250966e-05;9.030471238225804e-05;7.059264254562507e-05;7.464078594020193e-06;0.00010745335922726519;4.8238716643614305e-05;4.78644330032525e-06;4.399005015173835e-06;8.694893779762718e-06;1.1851694358293081e-08
00:19:33;601;1.50098575540431e-06;2.5137506879759657e-06;5.952082526240002e-05;1.5693751308599635e-06;1.5542516554586685e-06;1.9194998537712267e-06;2.5732322582234186e-06;1.1605544770047644e-06;1.4998359189762183e-06;7.260903025092928e-07;2.3741340657453107e-06;1.5080184796254705e-06;9.52745870480049e-07;1.4228604490185148e-06;7.512300871875316e-07;2.2501816547331526e-06;2.8671679242679487e-06;3.4885863240998346e-06;4.283127391548227e-06;2.4454235745572906e-06;2.0505576109907093e-06;1.2817635038866487e-06;3.598257028932471e-06;2.7052984259620345e-06;1.3935860580734042e-06;2.6201549857594015e-06;1.1809028518931698e-06;9.444720528455177e-05;0.00011898888578815349;9.768897614041422e-05;0.0001345482853219144;7.211282041586928e-05;1.5011482792060312e-05;0.00010853903931264911;5.3643748213841295e-05;4.397823903334268e-06;5.859482317967691e-06;9.001211478971678e-06;1.0942179072772844e-08
00:19:34;602;1.2225310972043117e-06;2.250968439603881e-06;5.303518361178871e-05;9.56644363563958e-07;1.5152899669569242e-06;2.104993558208176e-06;1.7690402038603927e-06;1.0899923744195854e-06;9.105658815238887e-07;5.838387656361991e-07;1.3575545813957681e-06;1.6468177861383992e-06;8.032089193350926e-07;1.2755672279237986e-06;6.568591002029869e-07;1.6984972170334164e-06;2.829474818652302e-06;3.7196856611225933e-06;3.4707254484071857e-06;2.4094476870393206e-06;1.4767118742222723e-06;1.1513121183391296e-06;2.5812064162477605e-06;2.8470620458093333e-06;1.2462351589961087e-06;2.5013038989700247e-06;1.0799580608467227e-06;7.952380252137084e-05;0.00012247284212393728;7.879594113858951e-05;9.376256100823852e-05;7.676128958260246e-05;1.3707412622829758e-05;0.00010428597561105895;4.968172866277461e-05;4.103545184916711e-06;4.619290550512294e-06;8.689023032632651e-06;1.879130200121115e-08
00:19:36;603;1.5433186754424097e-06;2.5807452074550844e-06;5.156939021182797e-05;1.344904093385098e-06;2.1744601472952563e-06;3.5915654159814703e-06;1.7893623339401445e-06;1.3194276297796974e-06;1.066314787821134e-06;5.64370101319156e-07;1.474100110824979e-06;1.675196185728241e-06;8.289702013315874e-07;1.8903914958653703e-06;8.007611111970903e-07;2.05430005792815e-06;3.4328004662538776e-06;5.392908647829959e-06;3.4481650552923478e-06;2.5806399377605757e-06;1.6745051036909726e-06;1.1543091591768562e-06;2.7044130314307847e-06;2.9043686190907234e-06;1.2646831797161511e-06;3.119909392865603e-06;1.2379389375647532e-06;8.48146064945264e-05;0.00011400234587959776;8.268531099567505e-05;7.23438225043587e-05;8.466268090571032e-05;1.1601037343329353e-05;0.0001066466879376031;4.439053782390407e-05;3.888624741599679e-06;4.869772675101691e-06;8.914561311646372e-06;1.2693928883216212e-08
00:19:38;604;1.214948796114289e-06;2.23670156605916e-06;5.8966601671652724e-05;9.996803012865287e-07;1.752795402961996e-06;1.7293233264775216e-06;1.7576923664431765e-06;1.0208228791567948e-06;1.2681120606120286e-06;5.293612563042868e-07;1.423419496372379e-06;1.2910104108986398e-06;7.686109114824934e-07;1.414909580287439e-06;6.236471305033252e-07;1.7219715976387283e-06;3.0492562352345527e-06;3.333701255818412e-06;3.4000455211235367e-06;2.26704256978268e-06;1.855467996991345e-06;1.1245168056138016e-06;2.698779552172456e-06;2.497110905338398e-06;1.1953220139937773e-06;2.634946970173115e-06;1.062256269376662e-06;9.64609119146949e-05;0.00013251503761272103;0.00010508889988955314;0.00011531145313379467;7.359959933896913e-05;1.1879923825521516e-05;0.0001065809967678653;4.8804106256105215e-05;4.177670071527455e-06;4.583040361817946e-06;8.589048824616627e-06;8.532062645757309e-09
00:19:40;605;1.3783850605555223e-06;2.3866301990558814e-06;5.31573381023585e-05;1.1378341825104856e-06;2.037653624982609e-06;2.0010007826052534e-06;2.201113747672552e-06;1.4387244971138877e-06;8.328465738878648e-07;9.377635437876367e-07;1.462858218882378e-06;1.2929050330547718e-06;8.945489853105151e-07;1.6763301415261884e-06;6.270409571775624e-07;1.8485229644928824e-06;3.3330444509800465e-06;3.6439086175683953e-06;3.7673104503206743e-06;2.698116213938607e-06;1.4127118084857851e-06;1.4778948954981503e-06;2.6634469954439703e-06;2.5205693035890294e-06;1.3474472292371132e-06;2.8545098950440037e-06;1.0720785934165776e-06;8.370805931069883e-05;0.00011336439971189029;8.439788268079839e-05;9.081893006913438e-05;7.75460658274628e-05;8.474477709775455e-06;0.00010710251314240165;5.41008529103502e-05;3.748220364512097e-06;5.656610429429038e-06;8.956961677280037e-06;1.3083394568960908e-08
00:19:42;606;1.3542405498415375e-06;2.3743900150109284e-06;5.594708552299128e-05;1.6991520001916818e-06;2.2391465344510793e-06;1.8892491056021754e-06;1.9226507687748877e-06;1.0795229413415344e-06;1.0543200314410746e-06;5.596327005242717e-07;1.4082598021047943e-06;1.4154337847248721e-06;7.978998216079897e-07;1.4949541988975377e-06;6.906644268621743e-07;2.367989289188147e-06;3.6127059525203054e-06;3.4125804361366725e-06;3.486931000570391e-06;2.4038732817643904e-06;1.6777438762041635e-06;1.1426449892824858e-06;2.612206479838439e-06;2.6798488200175956e-06;1.287095124443792e-06;2.6836446940124697e-06;1.1254151154734924e-06;7.754586542529798e-05;0.00015480531289794347;0.00010075461514290737;9.12032109707375e-05;6.732192231413324e-05;9.974672102120145e-06;0.00010771939130472032;4.458009081923212e-05;4.602760380000351e-06;4.26176643530493e-06;8.586955522039314e-06;8.462961458389821e-09
00:19:44;607;1.6014265267407588e-06;2.6332447760069044e-06;5.292595034690357e-05;1.3067894507915154e-06;3.312378183941498e-06;2.8293367915210865e-06;1.7348795307015052e-06;1.4451868463958497e-06;1.413706066715809e-06;5.60071021318074e-07;1.636014181985698e-06;1.8187268500921308e-06;8.140655687731297e-07;1.6908122719301715e-06;6.551511506232415e-07;2.048075090517412e-06;4.572374993148503e-06;4.511723514215076e-06;3.3586656650474156e-06;2.718751307504964e-06;2.042362742814257e-06;1.1438152787118443e-06;2.8744958986471483e-06;3.0456071438988424e-06;1.2829685203277096e-06;2.891329825304845e-06;1.108766409498469e-06;8.844299034425938e-05;0.0001096822009559843;7.594559464224588e-05;9.210993225413444e-05;8.204524771533244e-05;1.5895460368765336e-05;0.00010722247221733947;4.609508713986714e-05;4.369206120108557e-06;4.810969183734256e-06;8.4770128134862e-06;1.5230407585643545e-08
00:19:46;608;1.2393490587731486e-06;2.236435914457178e-06;5.65759009178814e-05;9.134914692151855e-07;1.593100037747516e-06;2.156061381067528e-06;1.9743078875998e-06;1.0394599627099927e-06;8.33618692216734e-07;5.394451755594528e-07;1.3315012251556946e-06;1.3886541622457313e-06;9.693724284690317e-07;1.3786477565215127e-06;7.545280677428484e-07;1.6015423173634696e-06;2.9353860393516527e-06;3.672326265932267e-06;3.5511073269557114e-06;2.3016658055491428e-06;1.3951652862534169e-06;1.1117978200978035e-06;2.533859494949958e-06;2.5985484108223087e-06;1.3860082669418285e-06;2.56310507418537e-06;1.1867181329543649e-06;8.480453004182775e-05;0.00014722096154777753;0.00010162396666179178;8.772448745400597e-05;7.971221915688877e-05;8.157732560092658e-06;0.00010721182655726212;4.523763270273515e-05;4.019688260119334e-06;4.358086376440166e-06;8.82703586371685e-06;1.2643831918892486e-08
00:19:48;609;1.4661175594777764e-06;2.4744271245887105e-06;5.871687342793381e-05;1.0291437772283727e-06;2.0198926770379186e-06;2.462652495341641e-06;1.753769581760232e-06;1.0799408742621288e-06;9.024617314456019e-07;7.279133533105214e-07;1.3731711023206634e-06;2.8613812366790565e-06;8.706647527390032e-07;1.4838915603347531e-06;1.0285271968254763e-06;1.7628398485543632e-06;3.31691420267563e-06;4.011735153987582e-06;3.3081232082116037e-06;2.352715428002474e-06;1.474201917805163e-06;1.3175745134705284e-06;2.5808890630379453e-06;4.096482460319081e-06;1.3301718357219721e-06;2.6958373655936985e-06;1.4456395223521524e-06;9.55145269337027e-05;0.0001391827897706948;0.00011460703750037648;0.0001089382042123845;7.162723795608406e-05;8.82228284265399e-06;0.00010452233381822682;4.444728015481569e-05;3.7947944154497714e-06;4.615404309792565e-06;8.514021848579485e-06;1.6567372444998273e-08
00:19:50;610;1.288748729389898e-06;2.2985050553053286e-06;5.871938688464871e-05;9.217042614392571e-07;1.8182534671431292e-06;2.152522980060987e-06;1.955104499629101e-06;1.0404756054314326e-06;8.339324779010388e-07;5.787597734396854e-07;1.3788096239702503e-06;1.63811893649779e-06;1.057218219554815e-06;1.4717829961632198e-06;6.183014300149963e-07;1.6394291266426334e-06;3.157561218646566e-06;3.661374798463805e-06;3.6390377323486166e-06;2.306377363702613e-06;1.4083560311323536e-06;1.1500032155133421e-06;2.614676923603608e-06;2.816271439424102e-06;1.5271734932406317e-06;2.6165735366530613e-06;1.0452249071770697e-06;8.27720734027185e-05;0.0001416227586530588;0.00010566478255036111;0.00011402000811502318;7.635695408283849e-05;9.621607016042027e-06;0.00010733517724274814;4.921375579964766e-05;3.860309691681862e-06;5.54146276079254e-06;8.608821055216318e-06;1.4932245655955142e-08
00:19:52;611;1.3436627261336815e-06;2.3686125362623496e-06;5.3451891295475014e-05;8.545111183492922e-07;1.843216419737039e-06;2.2863635309859505e-06;1.7266033884249572e-06;1.1541864171475553e-06;9.61936678998334e-07;5.406348054086281e-07;1.5972472385525096e-06;2.2759258535161435e-06;7.931016976896061e-07;1.4489104141933817e-06;6.413147118810126e-07;1.5655377850796154e-06;3.145037801833853e-06;3.9452406320989105e-06;3.398613455518196e-06;2.403334501132467e-06;1.5526531362549485e-06;1.0832489783823908e-06;2.869130608078079e-06;3.5035019825241023e-06;1.2477697650923156e-06;2.6289719569463104e-06;1.0803086516267584e-06;8.468070430937832e-05;0.00011647162668191429;8.397906912870519e-05;9.543449645654736e-05;7.38315787469625e-05;1.1512208285419263e-05;0.00010879756420200384;4.877649587363813e-05;4.493461875955263e-06;4.5908507744972345e-06;8.843693681052805e-06;1.0945529625887496e-08
00:19:53;612;1.324839346753234e-06;2.3486974286346526e-06;5.2982669259330106e-05;1.0530317961448594e-06;1.4604280726970842e-06;2.1834848334249686e-06;1.7359410011282121e-06;1.0997511226533292e-06;9.94784420656329e-07;5.887003600763502e-07;1.430657593443579e-06;1.4078122443967283e-06;1.008164716557887e-06;2.1318894633475853e-06;8.034260774245829e-07;1.7750262112356353e-06;2.7531189493568986e-06;3.9151429426723715e-06;3.369674479610602e-06;2.3811174760857848e-06;1.5528475839196693e-06;1.1617273987465961e-06;2.614300402870591e-06;2.6166311183168302e-06;1.4487195650147014e-06;3.354345306180693e-06;1.2417166605205873e-06;7.592665054336864e-05;0.00012187484795003681;8.921548329659982e-05;8.846373389143005e-05;8.089468331939404e-05;1.0071009772765415e-05;0.00010740801018387288;4.3512200592787877e-05;4.093856179223835e-06;5.40581212823615e-06;8.913755510061861e-06;1.1987744183996144e-08
00:19:55;613;1.408439874950318e-06;2.420361883932971e-06;5.9650579388852196e-05;8.989305342927362e-07;1.748477643397967e-06;2.8582897750469143e-06;1.9128560366384177e-06;1.1056727870243064e-06;9.169358471697561e-07;5.16159978072104e-07;1.7185653081629548e-06;1.8503120033324711e-06;8.642440226903535e-07;1.8388173513143742e-06;6.720167755400943e-07;1.635249982658174e-06;2.9777044061764954e-06;4.380290589969137e-06;3.583581652676486e-06;2.44972953117247e-06;1.4855265198657665e-06;1.1019425063681457e-06;2.908715053976427e-06;3.0567330098545174e-06;1.2716177767702627e-06;3.077517331066586e-06;1.1157329439195368e-06;8.924932223903667e-05;0.00012528658946554875;0.0001248031912145689;0.0001285396711084168;7.255687427437283e-05;7.583235585372439e-06;0.00010959762155157224;4.0794838858125096e-05;3.6943455379947426e-06;4.852939768021522e-06;8.835798051974759e-06;1.2525011221470664e-08
00:19:57;614;1.394720294650204e-06;2.424040628825366e-06;5.7511384881353295e-05;9.136303273522954e-07;1.4375777959556175e-06;2.012056735849073e-06;2.4178703197980607e-06;1.2446128204824836e-06;1.5034557724840687e-06;5.603266584860737e-07;1.8052170819192848e-06;1.4182070113832879e-06;9.144702523303491e-07;1.3812099554593777e-06;1.1280083876256826e-06;1.6363946695238627e-06;2.7529450934005444e-06;3.5986418747079715e-06;4.155703174569968e-06;2.5499459364059305e-06;2.0919518865872604e-06;1.1280369224700331e-06;3.075304693072523e-06;2.6213967237685834e-06;1.3646326086801092e-06;2.5754729055239018e-06;1.5380599152885673e-06;8.076112121683939e-05;0.00012856516146364297;8.884326021703873e-05;0.00011753631734509712;7.68192650119898e-05;1.8938441293644575e-05;0.00010804941110709094;5.202470883838614e-05;4.160410655223402e-06;5.5806504087083155e-06;8.843829316381159e-06;1.4041702197119898e-08
00:19:59;615;1.320207936992481e-06;2.3335514147738304e-06;5.779847462491253e-05;1.083509939305636e-06;1.5544734446719262e-06;1.771345806034219e-06;1.740457225613506e-06;1.8008331638826163e-06;1.0570866706416382e-06;5.39664511018339e-07;1.3898839594391048e-06;1.3258648953689607e-06;8.122179938316069e-07;1.347408046389634e-06;1.419749085730292e-06;1.7914088155383161e-06;2.8293026809501784e-06;3.344880114231204e-06;3.3623438515791396e-06;3.0754556893400517e-06;1.6599761575210472e-06;1.1243853433353262e-06;2.6257256091481348e-06;2.5540033102745987e-06;1.2300315143253515e-06;2.5483984340490115e-06;1.8567045205162675e-06;8.538882117782108e-05;0.0001308157499480284;9.800327148929305e-05;0.00012166326417613511;7.634283798289858e-05;1.3466827393300831e-05;0.0001067386862969503;4.4223151249506016e-05;3.907388095282162e-06;4.338387654527296e-06;8.673976734875468e-06;1.9333300332412477e-08
00:20:01;616;1.3668135767439729e-06;2.3738664655371117e-06;5.5030700545443046e-05;1.590957882284401e-06;1.487026421997939e-06;2.245081568410321e-06;1.8921851884941403e-06;1.1484700313182181e-06;1.0078855930860764e-06;5.919425917917791e-07;1.6984787228386204e-06;1.6044068892026333e-06;1.1212698724253043e-06;1.3723994106807813e-06;6.416582468996265e-07;2.3154751399396202e-06;2.7686932805374475e-06;3.747680308105707e-06;3.4649246998337214e-06;2.443949372868298e-06;1.601722518196628e-06;1.1471030856892877e-06;2.8915905264926273e-06;2.829429237425745e-06;1.5968372235299366e-06;2.5940975452221773e-06;1.0848937468444655e-06;8.339948366361302e-05;0.00013042924086995752;0.00010104426114734392;9.813561060654305e-05;6.877575474440477e-05;7.851257996244512e-06;0.00010857445957411391;4.448732194195171e-05;4.372694880845372e-06;4.4866989167998046e-06;8.798442262285072e-06;1.3179941213885592e-08
00:20:03;617;1.3906247188928815e-06;2.4162832347958353e-06;6.289394965853982e-05;9.756111943365846e-07;1.45529043401896e-06;1.7652934761646189e-06;2.3002255363477078e-06;1.0428727509841968e-06;1.2230422404936225e-06;6.762651824794701e-07;1.3959960871319637e-06;2.193923540778025e-06;1.4199218009057868e-06;1.5381208794709975e-06;7.009330693237685e-07;1.6775451242694222e-06;2.738774591756438e-06;3.3374542223860264e-06;3.997821767359111e-06;2.3536341039956986e-06;1.845036127299783e-06;1.2105695325720296e-06;2.6106776250010544e-06;3.4360428753068017e-06;1.8712480351507709e-06;2.7660885035413828e-06;1.1505052159348832e-06;9.044221426416839e-05;0.00013918934832074883;0.00011834087313297389;0.00014160277642844295;7.240161061535155e-05;1.3595500808284662e-05;0.0001076409960525372;5.2433942443725265e-05;4.637842598159925e-06;5.624339670755571e-06;8.806647850698918e-06;1.1303716630827308e-08
00:20:05;618;1.4606222865542018e-06;2.4951905288617127e-06;5.386918284924615e-05;9.662770905840354e-07;2.6632336760973825e-06;2.4520672551824934e-06;2.394270591727315e-06;1.421613229559491e-06;1.0972129188243942e-06;6.724563901272518e-07;1.5945120864880768e-06;1.375434726921557e-06;8.773119114412576e-07;1.3626871526122903e-06;6.503900067400536e-07;1.6799931904355203e-06;3.992512807898596e-06;4.154508412249948e-06;3.957170304291347e-06;2.7718841362071497e-06;1.6961765348103746e-06;1.2711372825885485e-06;2.808185778248335e-06;2.640005306280336e-06;1.3334115493894906e-06;2.5545338723555064e-06;1.0827663955648018e-06;8.502428412849684e-05;0.00014974023089454148;7.419357012227135e-05;6.933013464768356e-05;7.925705941616233e-05;1.7204643713981692e-05;0.00010890253899586927;4.394830192047699e-05;4.5567644211259755e-06;5.3184172078821145e-06;8.937806243298688e-06;1.644247916351364e-08
00:20:07;619;1.4709514907128674e-06;2.464161680914982e-06;5.429160176481791e-05;1.270155456367661e-06;1.4741301461931109e-06;2.2358208642068367e-06;2.3794689179820496e-06;1.3048879891770908e-06;8.695816343359556e-07;7.882549365961272e-07;1.6351734012881087e-06;2.2824689322414376e-06;8.853766865516118e-07;1.7680717783589857e-06;7.580266434346263e-07;1.9689848570607544e-06;2.78597199759375e-06;3.764323684110791e-06;3.856496729745634e-06;2.57495775160719e-06;1.4576766206913287e-06;1.3180430424723407e-06;2.848153547382003e-06;3.5055316091736904e-06;1.361204158312623e-06;2.9288085592776918e-06;1.1997867911212538e-06;9.549348863906084e-05;0.0001271730072308308;0.00010105908571297502;8.192223794195797e-05;6.819421462875682e-05;7.826055603501573e-06;0.00010918749299478319;4.256072800075887e-05;4.221926290927232e-06;5.164628787817167e-06;8.68547584963498e-06;1.0879496810678017e-08
00:20:09;620;1.200983757695698e-06;2.228957322286884e-06;5.5850265469212316e-05;1.1187616832941671e-06;1.3371452096677672e-06;1.788363134186904e-06;1.6887212441348125e-06;1.3190593090522447e-06;9.231024503978088e-07;7.569119390654128e-07;1.3450767757787347e-06;1.2368331927122127e-06;8.532792225517999e-07;1.4047264583861752e-06;6.398240093700864e-07;1.8430851330869032e-06;2.635884378591233e-06;3.3826330867599656e-06;3.3382214128265977e-06;2.6199005805199106e-06;1.5231753710809878e-06;1.3628059209507608e-06;2.6084011093949304e-06;2.4499413844359533e-06;1.2820005905913478e-06;2.6152044650684097e-06;1.0862335361534976e-06;9.160986258151637e-05;0.00013969444466703864;9.617627187561753e-05;8.544110173778685e-05;7.813862847147589e-05;9.532057721232104e-06;0.00010749962138866595;4.42812402089224e-05;3.5992749854247364e-06;5.565044563346399e-06;8.653452584479827e-06;1.2184845040978815e-08
00:20:11;621;1.3737244035638696e-06;2.3991032223789317e-06;5.0678283290825665e-05;9.103646745536118e-07;1.380637287162756e-06;2.3885607184258686e-06;1.820218973930759e-06;1.748101101287344e-06;9.508096609842844e-07;5.789279468744595e-07;1.7896910511955804e-06;1.5395006562486784e-06;1.0044892309450533e-06;1.655841119814609e-06;7.175499240846311e-07;1.6480780053641383e-06;2.6899184632971417e-06;4.033553526064276e-06;3.4158928647690417e-06;3.0552155942155254e-06;1.5466134028383173e-06;1.146381125161359e-06;3.0032275747003097e-06;2.800385092558815e-06;1.4732589675134742e-06;2.821561932688394e-06;1.155151198728865e-06;8.320925068268356e-05;0.0001252540780993858;7.130313124022868e-05;6.412771198396035e-05;7.667011538875971e-05;1.0840228320575912e-05;0.00010949898735932408;4.955241606178471e-05;4.17281763324871e-06;4.759818192789407e-06;8.72937985756757e-06;2.1464669599580157e-08
00:20:12;622;1.347536356923549e-06;2.3685399292280405e-06;5.749977190036061e-05;1.0023727608751445e-06;1.7592682677112428e-06;1.7726849475187898e-06;1.7026102749895244e-06;1.6224953902430819e-06;8.325184222002235e-07;7.094465053001577e-07;1.5168122173230876e-06;1.4584072399030519e-06;8.740228385080555e-07;2.2561031941234235e-06;6.636938007660702e-07;1.7246752634756502e-06;3.051526679387913e-06;3.3866009790138297e-06;3.378869957452503e-06;2.9364276539886706e-06;1.4071890472557324e-06;1.2824478367695554e-06;2.726635659511678e-06;2.6395853427845707e-06;1.3487015433130654e-06;3.426368266445934e-06;1.1134500184983994e-06;9.650053923903448e-05;0.00012515116179338934;0.00010413744531048565;9.763561701231308e-05;7.809290977927292e-05;9.44877213765342e-06;0.00010993074617155216;5.1317611466102466e-05;3.873125381515978e-06;5.006126620284214e-06;8.877812342935224e-06;2.5395549788548508e-08
00:20:14;623;1.2792966122403144e-06;2.2889547032799424e-06;5.43581228439311e-05;8.775452369617782e-07;1.4448583555451675e-06;1.932813353891757e-06;1.7424550457854273e-06;1.097240889258444e-06;1.2042693942665943e-06;5.051508793485482e-07;1.5180698518044913e-06;1.3113307160139698e-06;1.4599401628633368e-06;1.4638094177596175e-06;7.940755691781088e-07;1.5898631893752638e-06;2.7527442835901327e-06;3.535979897295172e-06;3.346706434277172e-06;2.3599543222684865e-06;1.757367574353776e-06;1.0857193730391627e-06;2.7296168349194784e-06;2.5634195636381333e-06;1.8477105914492232e-06;2.6579662868312833e-06;1.240407128459739e-06;9.311675637832779e-05;0.00011902977086601916;8.87306132173464e-05;8.838501116762778e-05;7.78618843479116e-05;8.889824916880405e-06;0.00010750599540120918;5.1657419218618116e-05;3.981735343581628e-06;4.571834886470787e-06;8.557826436297668e-06;8.801946882811373e-09
00:20:16;624;1.2798954647634404e-06;2.2881699489424802e-06;4.984440158079252e-05;8.839806070975503e-07;1.3355230003917675e-06;2.0070842973880914e-06;3.249434375392339e-06;9.978775001458344e-07;9.17153312044147e-07;5.080045951778477e-07;1.389585100400578e-06;1.2684018683050236e-06;7.922584261360105e-07;1.4185823695520774e-06;5.908596761356416e-07;1.5995670402176824e-06;2.6331992753684857e-06;3.647631375096802e-06;4.739175262295271e-06;2.2615460630167714e-06;1.4864171684558078e-06;1.0920769266450878e-06;2.612547292830894e-06;2.4896251739225095e-06;1.2484667618255001e-06;2.614348676604406e-06;1.0334374838414906e-06;8.887582930184523e-05;0.0001346538012281523;7.117534330863159e-05;5.033971940565301e-05;7.60662657225021e-05;7.985944926032793e-06;0.0001052694433471642;4.595649088734261e-05;3.5025003125273388e-06;5.386715782198199e-06;8.90793461637127e-06;1.2830131089461208e-08
00:20:18;625;1.1616201217085569e-06;2.175501540938357e-06;5.465200605573088e-05;8.744482031404615e-07;1.402943894794491e-06;1.8097125357870296e-06;1.785335191522625e-06;1.1313502415303973e-06;8.052758420488844e-07;5.327147512607605e-07;1.4316479868270449e-06;1.3517964722547566e-06;7.778723974041022e-07;1.4749824570614578e-06;5.613610506135817e-07;1.5889603144134088e-06;2.7068103616076333e-06;3.3734575544822522e-06;3.374736816343252e-06;2.4585459986835154e-06;1.3758818888935003e-06;1.0846317807107293e-06;2.682879090870405e-06;2.5389909835004937e-06;1.2453281589289332e-06;2.667409770351063e-06;1.0083846521560696e-06;9.727055938286525e-05;0.00013238605903043266;8.290070606767599e-05;8.392041252551614e-05;7.125112197662133e-05;1.2363910872152813e-05;0.00010638722658743796;5.171282902911021e-05;3.668890970316505e-06;4.845518106886662e-06;9.101671037008469e-06;1.5167082746600518e-08
00:20:20;626;1.3117607047454591e-06;2.337645343997585e-06;5.314700026273084e-05;9.00193454081685e-07;1.52172761728893e-06;2.2475887173230418e-06;1.916282660471583e-06;1.4799391804164552e-06;8.345611229966142e-07;5.645999405375206e-07;1.936422849139903e-06;1.3952949217032151e-06;8.69677935646316e-07;1.3377075656477317e-06;7.371320362992151e-07;1.6220532778547e-06;2.8818753055273627e-06;3.908038819115719e-06;3.542972743023803e-06;2.758058759020888e-06;1.4213107527821999e-06;1.13686270330756e-06;3.206130561264655e-06;2.5518673576502635e-06;1.3064218350498064e-06;2.551462282813018e-06;1.164688873232771e-06;7.652268709251897e-05;0.00013717993609854132;7.842297193672479e-05;7.985116524148062e-05;7.371001351485031e-05;1.3362606462332258e-05;0.0001089594739105983;5.199014285058427e-05;3.5586966371475064e-06;5.606218748897639e-06;8.58880317796731e-06;1.1287481126902031e-08
00:20:22;627;1.3687175908216886e-06;2.390999092128794e-06;5.151249042266036e-05;9.172322132529458e-07;2.308750732088976e-06;1.911977855877984e-06;2.19284073775906e-06;1.3105753159886098e-06;1.2233817256205013e-06;6.616860784140628e-07;1.3992915924147682e-06;1.3250201678487046e-06;8.566649096763967e-07;1.4065135362657926e-06;9.106757783428066e-07;1.6180842818311581e-06;3.7220913206591472e-06;3.4881251987734442e-06;3.7480414897500748e-06;2.597229172927574e-06;1.8187784540207792e-06;1.24456867257046e-06;2.646214481294148e-06;2.552175761259524e-06;1.315374725327044e-06;2.6001492265498234e-06;1.3411553855440857e-06;8.720246197216156e-05;0.0001411315963485871;7.629171726808577e-05;6.284742246615843e-05;6.946671078144255e-05;1.1903685558343388e-05;0.0001078406432578948;4.364437551157935e-05;4.2206634105575486e-06;4.647076781602694e-06;8.944198263192713e-06;9.333452318150652e-09
00:20:24;628;1.377335628983577e-06;2.4013412931259453e-06;6.165569786354766e-05;1.1362221472375402e-06;1.3629913794782118e-06;2.4967030602144034e-06;1.8689259276333752e-06;1.0488136834170674e-06;1.2712874408939776e-06;7.887437370709708e-07;1.4536403608903212e-06;1.2841180399418435e-06;1.1537125025833979e-06;1.8163553306264775e-06;8.465135276383958e-07;1.8444520647686727e-06;2.6920888946929324e-06;4.07054414919705e-06;3.5258049742476e-06;2.342788799886634e-06;1.820591196404546e-06;1.3517607017754788e-06;2.6726177082632086e-06;2.523890848754525e-06;1.6143492497219626e-06;3.085364386595158e-06;1.2718417679025151e-06;8.86226828532752e-05;0.0001284418725338383;0.00013496522017635075;0.00013488378078134263;6.864094075287888e-05;6.519606145952048e-06;0.00010771134602380976;5.103459786200237e-05;4.512192150027031e-06;5.627008421935953e-06;8.902158369196655e-06;6.968291962408148e-09
00:20:26;629;1.2624250537062276e-06;2.279298229628302e-06;5.8767303083827195e-05;1.0130927842088122e-06;1.5963230655719423e-06;2.2493881593729528e-06;1.8143016406407304e-06;1.015596365308821e-06;1.0787958472394363e-06;5.613756559002586e-07;1.4085588620331309e-06;1.5216716652782287e-06;7.73503780784133e-07;1.4712874140827963e-06;6.452049550792988e-07;1.7488470236078028e-06;2.8523860867642703e-06;3.8065756045766703e-06;3.4690241867608592e-06;2.3152854570485665e-06;1.6463664183626135e-06;1.1282786890430394e-06;2.628871820428386e-06;2.7566208464583113e-06;1.2039028115683737e-06;2.7234233429329765e-06;1.071995667502903e-06;9.126755902541108e-05;0.00012652234741686007;0.00010310020221566098;0.00013683707702688715;7.063212531630461e-05;1.312460581963089e-05;0.00010040199918478767;4.608184793969172e-05;3.944225028449383e-06;4.6852297785075945e-06;8.592517508410054e-06;1.7900745325230318e-08
00:20:27;630;1.3131706521366224e-06;2.3524360965640445e-06;5.91539444212405e-05;9.045593986976221e-07;1.8560574367140505e-06;1.801484435727151e-06;1.6763384007780566e-06;1.0268941916600418e-06;8.273075297150388e-07;5.278561378703599e-07;2.6399575340331114e-06;1.3702124803671722e-06;9.603959592041633e-07;1.3879853020461816e-06;7.789985947616949e-07;1.6054023726149964e-06;3.2137731761993773e-06;3.3829320629961386e-06;3.375778498616743e-06;2.394875014609089e-06;1.407131138922189e-06;1.0950081978483502e-06;3.902223029341902e-06;2.5931219121232544e-06;1.464389804714071e-06;2.5771766064004807e-06;1.217420573757869e-06;9.068700721762851e-05;0.00013574577111797207;0.00010349543763806485;0.00011384355241664898;7.701903146021749e-05;1.0008823917932029e-05;0.00010884902267437704;5.238397334464933e-05;3.783395715595613e-06;5.315949127311038e-06;8.706157946744286e-06;9.210477744729114e-09
00:20:29;631;1.1607233508085941e-06;2.175859134971504e-06;5.553378180594095e-05;8.383659623492886e-07;1.294235343785033e-06;1.8836510029338818e-06;1.7467573378837642e-06;1.0305046222408072e-06;8.783335348332018e-07;5.744805615457629e-07;1.6298332038321528e-06;1.2850768224901479e-06;7.653207178699843e-07;1.3358374057016353e-06;6.66283253095398e-07;1.553887585354851e-06;2.649248132531537e-06;3.4341894805245692e-06;3.3490309588275142e-06;2.3125871978122687e-06;1.4829085652700433e-06;1.1549923285685186e-06;2.8673140881253375e-06;2.487728478845844e-06;1.2159884210885576e-06;2.4998910795389585e-06;1.1025425116794038e-06;8.704808352735742e-05;0.00013494347960668867;9.268026334447967e-05;9.243691426787043e-05;7.254922710577176e-05;9.674504591667795e-06;0.00010796606104147147;5.089242151296525e-05;4.458567118606152e-06;4.900575254895477e-06;8.843114938349506e-06;1.216936116799743e-08
00:20:31;632;1.2038836033926001e-06;2.235443639907731e-06;5.7129388641275745e-05;8.401371093763094e-07;1.638967407528598e-06;1.762065800744753e-06;1.7748094071573013e-06;1.0481634560299824e-06;9.544822156083332e-07;4.948233180979145e-07;1.7002507661991537e-06;1.3946809785442775e-06;7.988431837236863e-07;1.4255838338492957e-06;6.13795310375955e-07;1.5781419886226576e-06;3.0090931276494234e-06;3.352089514677734e-06;3.3731376310864602e-06;2.432495362087668e-06;1.536168889443512e-06;1.0786762683742785e-06;2.9349320187330832e-06;2.589220297856708e-06;1.2762891869206675e-06;2.619694536797742e-06;1.045383864401387e-06;8.751306861294566e-05;0.00013310437956934838;9.595947099499675e-05;9.996992876484107e-05;7.80801439670922e-05;1.219349089778991e-05;0.00010922358851754905;5.1202534798415475e-05;4.015396793870033e-06;5.379145156172028e-06;8.893191107881615e-06;1.832451440674306e-08
00:20:33;633;1.243410105221766e-06;2.2922027535025357e-06;5.5283375062936884e-05;1.1987232838673767e-06;1.5282692719412436e-06;1.8391780688308368e-06;1.8900982970264253e-06;9.620058223156682e-07;8.276907122108732e-07;1.182683112575169e-06;1.3429572678156567e-06;1.4116568353857288e-06;7.409241009413072e-07;1.3914134306958204e-06;6.053205977876982e-07;1.9214052907598303e-06;2.861675667087253e-06;3.4713100635426714e-06;3.6171296282582607e-06;2.2516197025686758e-06;1.4376128344246112e-06;1.7994202262573858e-06;2.604115524309812e-06;2.643903590529889e-06;1.2024900324313767e-06;2.630415184008782e-06;1.0653342689140487e-06;7.498919960735252e-05;0.00015617601458517232;8.592921653002738e-05;8.739730441652858e-05;7.333540649708968e-05;1.2141271904884509e-05;0.00010670325124285959;4.8745926355746094e-05;4.2417374719933076e-06;4.9971608084345155e-06;8.726181036325441e-06;1.7830298828720466e-08
00:20:35;634;1.256010500131052e-06;2.3070847735745035e-06;5.4179992669090107e-05;9.464747624835209e-07;1.4781861926009428e-06;2.0082063315708285e-06;2.1750792909810714e-06;1.0136677939859788e-06;1.0532312893345037e-06;6.200134376819413e-07;1.701110139862294e-06;1.2678875648768957e-06;8.108642740488715e-07;1.4011444138262164e-06;5.962600514341044e-07;1.6689295370834092e-06;2.81317130872905e-06;3.667814999522606e-06;3.951430293270704e-06;2.338705801868187e-06;1.6326465742213835e-06;1.2314219090276772e-06;2.9900315059674976e-06;2.5122966707374274e-06;1.2629227901211552e-06;2.585310970154083e-06;1.0303339281505677e-06;8.100481256451814e-05;0.00012537693175762796;7.761153120751888e-05;9.694610178798446e-05;7.392255579505153e-05;1.892603486505886e-05;0.00010663500363590325;5.121446609071943e-05;4.531412254510612e-06;4.924839413547288e-06;9.049314394658256e-06;1.6908261982589462e-08
00:20:37;635;1.4611531280259917e-06;2.473936932847785e-06;5.792822305568461e-05;1.2443989560815474e-06;1.3834060428924937e-06;2.402940988652993e-06;1.7103874634988807e-06;1.8570187193231194e-06;8.930220556570909e-07;7.958681963157491e-07;1.5329115909552953e-06;2.194458529397087e-06;1.2736908447537458e-06;1.5606133547472403e-06;6.851203430035081e-07;1.949739012334133e-06;2.713662047138809e-06;3.97176623791202e-06;3.361551330559865e-06;3.1144176854111353e-06;1.4773563159768038e-06;1.3612624602328767e-06;2.7643109911256447e-06;3.3469776824375324e-06;1.7657163068720307e-06;2.713570602627212e-06;1.1469115559267738e-06;8.729437321292243e-05;0.00013463738429666703;0.00010860815268377264;0.00011694573041782528;6.718081171852016e-05;9.286352780844863e-06;0.00010581326919934231;4.712452975130726e-05;4.134274054075358e-06;5.191573467999148e-06;8.907496526462588e-06;1.4728558476140004e-08
00:20:39;636;1.3151185283403906e-06;2.339963857536267e-06;5.506385292399138e-05;9.251510723567497e-07;1.915476452361211e-06;2.1373762896943886e-06;1.869469799974478e-06;1.5972274192547915e-06;8.636031497195001e-07;7.129026435848118e-07;1.5703527039531453e-06;1.2534372876192956e-06;7.680070225032668e-07;1.5334187011071456e-06;6.349993054205977e-07;1.6300433960364162e-06;3.275411216558887e-06;3.6751137693361764e-06;3.492213561659372e-06;2.9044816022213105e-06;1.4524790117320663e-06;1.2839869252211775e-06;2.833487716503165e-06;2.4751613990920766e-06;1.2366919138371544e-06;2.74904042829734e-06;1.071454460232624e-06;8.68069157098182e-05;0.00014329892702644257;9.175283530745802e-05;8.40212172013264e-05;7.720358612773702e-05;9.896368959499202e-06;0.00010535767620869692;4.463581291826726e-05;4.104074382325382e-06;5.049002252389285e-06;8.624676897922023e-06;1.514209601436193e-08
00:20:41;637;1.3153693660748125e-06;2.336078025593129e-06;5.960815979687824e-05;8.506428074251847e-07;1.6666539833080791e-06;1.9709511837556253e-06;1.6839854394974778e-06;1.0757495051517585e-06;1.0423386024204329e-06;4.999160463370345e-07;1.3734226998513515e-06;1.5629914987320086e-06;8.852824978947379e-07;1.378283727310697e-06;1.7942139283794683e-06;1.5744031336136594e-06;2.9955549248543205e-06;3.51879871059397e-06;3.373657948400308e-06;2.3753707927990266e-06;1.6197537370662527e-06;1.074331862582767e-06;2.6057313049667627e-06;2.7710902624584135e-06;1.3725814383926976e-06;2.569888776426662e-06;2.1817725313713376e-06;8.7447579526733e-05;0.00014413982947096546;0.00011074599906731012;0.00011613967531848957;7.923234486823204e-05;1.1168369245592077e-05;0.00010582137233060575;4.283463496556089e-05;3.925706479949275e-06;5.240524376496078e-06;8.58976038529894e-06;1.2121527305707216e-08
00:20:42;638;1.2889483064720315e-06;2.3178748258804356e-06;5.534987825584027e-05;8.741561449648377e-07;1.6367448986445963e-06;1.8526702018174423e-06;1.820649087976149e-06;1.5864872237743426e-06;8.712397741836045e-07;5.157881433474771e-07;1.3719324666216048e-06;1.4207035630355656e-06;1.1461270793847431e-06;1.7398848204599269e-06;6.309958228246547e-07;1.6094761619995874e-06;3.0279543108020023e-06;3.4109330447825393e-06;3.4379645080949972e-06;2.915874305575857e-06;1.4403272256792742e-06;1.1088754387735288e-06;2.620320883637115e-06;2.603400500297942e-06;1.6211435413885127e-06;2.9470321218860027e-06;1.0711948426674848e-06;8.71004085661367e-05;0.000139346222589802;8.748610264044733e-05;8.777285593298398e-05;7.701359550738624e-05;1.0537364517169796e-05;0.00010708940064133282;4.9662973634068754e-05;4.44950763967263e-06;4.836940994520843e-06;8.896568146972996e-06;6.598259589210738e-09
00:20:44;639;1.3054781490172795e-06;2.345190569606449e-06;5.5862236463445993e-05;8.597710740526116e-07;1.5287338958361571e-06;1.7024840958415863e-06;1.8773554810926705e-06;1.1857270006258731e-06;1.0192315783283137e-06;9.412257625013803e-07;1.2945790241823054e-06;1.8225155850744428e-06;9.84899272198964e-07;1.8809429175415848e-06;5.682716452151934e-07;1.5934626484914025e-06;2.8531150294988546e-06;3.319077766810793e-06;3.566743138251212e-06;2.4649783409597746e-06;1.6214688066266038e-06;1.5687281982340946e-06;2.5239746388320735e-06;3.0431230001501914e-06;1.476297898712985e-06;3.0976191412633e-06;1.0136971204385099e-06;8.480758947596562e-05;0.00013163619826566238;8.948667769377725e-05;0.00010700190542198884;7.63301050000924e-05;1.2713333175320818e-05;0.0001053505017054439;4.515367528009008e-05;3.855148881589724e-06;5.5958753881579566e-06;8.404259836281622e-06;1.1567436981379412e-08
00:20:46;640;1.335315588849281e-06;2.3885893197190473e-06;5.800121833908787e-05;9.11008691353097e-07;1.797103014037046e-06;2.0994146246909975e-06;1.661831550996014e-06;1.967034823832395e-06;8.325417451195769e-07;5.201087601007388e-07;1.6825099765133638e-06;1.403368998544672e-06;1.2708240234683321e-06;1.3065305482355556e-06;5.715098043297799e-07;1.6412964559773932e-06;3.2165426120305318e-06;3.7323028451121703e-06;3.325260226856814e-06;3.297143485966283e-06;1.434846576788154e-06;1.1256491427070902e-06;2.950697421510995e-06;2.647422596780842e-06;1.7622288638288213e-06;2.5211160811545883e-06;1.008564632810922e-06;9.523532543268226e-05;0.00014765293354468311;9.409054105420342e-05;9.277756855561837e-05;7.961312478970447e-05;1.2389888546059653e-05;0.00010634897371430532;4.913636023441358e-05;4.502544249906558e-06;5.321829152278394e-06;8.933475692533592e-06;1.2055102665865867e-08
00:20:48;641;1.3237499129171615e-06;2.354290507332447e-06;5.773595988212569e-05;9.908803058067406e-07;1.41572531637218e-06;1.7890305789530265e-06;1.790909873571939e-06;1.1237403812329334e-06;8.541658499697488e-07;1.0195899772953836e-06;2.4133238126273166e-06;1.2741528310817267e-06;8.59464349144513e-07;1.4463603824116882e-06;9.076548482912404e-07;1.6922070725268906e-06;2.7569435415104255e-06;3.403114849880936e-06;3.4928031387216488e-06;2.4536866922522976e-06;1.4040198309401926e-06;1.5608605488385457e-06;3.6527187804967058e-06;2.525109131298289e-06;1.321989963821867e-06;2.6515492160072e-06;1.3364823085863416e-06;8.213031503740677e-05;0.00013410698332608532;9.899854516402215e-05;0.00010844014862042175;7.73253891269233e-05;9.222167340105513e-06;0.00010755382171830536;5.665727700652332e-05;4.17005400565853e-06;5.188520156054032e-06;9.027870751591153e-06;1.0426332411025161e-08
00:20:50;642;1.1784694019018553e-06;2.2201856819276743e-06;5.695096798973297e-05;8.626391569550988e-07;1.5359106993916394e-06;1.6727859107587308e-06;1.8403712462664792e-06;1.0074655236926653e-06;1.202649930996038e-06;5.012568597367367e-07;1.359567935485276e-06;1.2881084238843115e-06;7.254500032613268e-07;1.5456962447757405e-06;5.997304295200159e-07;1.592856273839084e-06;2.8987075614202673e-06;3.2789754399507015e-06;3.546528734912937e-06;2.3229237231019777e-06;1.782476807662372e-06;1.0717674814702462e-06;2.6516428551064876e-06;2.5118468421411145e-06;1.1733686071376632e-06;2.757912287201686e-06;1.053220590617307e-06;8.017315274648701e-05;0.00013197501866189063;9.008918069050665e-05;0.00012015961961904338;7.401078966443282e-05;1.4034974548284795e-05;0.00010519157918398521;4.9398163112270785e-05;3.913428444323892e-06;5.537134718441819e-06;8.913453563274574e-06;1.5120923853799234e-08
00:20:52;643;1.2358146808111314e-06;2.246788377490276e-06;5.758323359584159e-05;1.1662859376441888e-06;1.8944270901887317e-06;2.0510317528406445e-06;1.6871340557339016e-06;1.0225122503048179e-06;8.564025375725557e-07;4.780177447407461e-07;1.3723329680717908e-06;1.2548652484799627e-06;8.163127427351924e-07;1.4147532405382115e-06;8.157001598618763e-07;1.8700389785097493e-06;3.184209765981617e-06;3.6229596332040145e-06;3.3412665565081142e-06;2.297664338262229e-06;1.399814348305766e-06;1.0468591932450076e-06;2.6006924913360043e-06;2.471825231496732e-06;1.2357290633121058e-06;2.6206066491749303e-06;1.2697932059186141e-06;9.284441104114222e-05;0.00013153389186214932;0.0001032669724497154;0.0001031891624693612;8.155717948050672e-05;6.722175362639239e-06;0.00010619720793055259;4.878327369876248e-05;3.6500844770340028e-06;4.569757490598088e-06;8.669836668134129e-06;1.4850219503721857e-08
00:20:54;644;1.1685071461542407e-06;2.194749206093455e-06;5.680509612398525e-05;1.1456806765508531e-06;1.3802590060795306e-06;1.924649381282703e-06;1.6756245265657876e-06;1.0170365907023118e-06;8.753225870188947e-07;4.813784152301149e-07;1.296533329263706e-06;1.2847956329134744e-06;7.533957242713349e-07;1.4060786538326975e-06;7.813307747865523e-07;1.857476413130791e-06;2.7197598551020183e-06;3.5434115684611127e-06;3.335843774936931e-06;2.276720510099615e-06;1.4662072190512384e-06;1.038334184967644e-06;2.541615926239052e-06;2.5247286372822472e-06;1.1951822094039315e-06;2.6239906861243255e-06;1.2137186421471057e-06;8.483119275891515e-05;0.00013089229743946641;9.416560716454898e-05;0.00011015748702256592;7.915520514140039e-05;9.639026875187521e-06;0.00010508170938815868;5.0723038230365124e-05;4.263828245224933e-06;3.969247822947656e-06;8.770465108535549e-06;1.2048290506871606e-08
00:20:56;645;1.1046893297490938e-06;2.137413587983638e-06;5.617544853456753e-05;8.487267263939718e-07;1.3336518300216034e-06;1.7877943700803847e-06;1.6569689645413115e-06;9.984207999348305e-07;7.789825541786916e-07;5.754873294269461e-07;1.3690967302082413e-06;1.3523425531726152e-06;7.695773056794828e-07;1.2360009851164477e-06;5.492213747227869e-07;1.564972679468927e-06;2.631371150723853e-06;3.3731648410956707e-06;3.30650274193005e-06;2.302658708973882e-06;1.3663842307173985e-06;1.1784237628915757e-06;2.6063696767076044e-06;2.637878851543709e-06;1.2017845717850775e-06;2.4937333514169006e-06;9.857174344273792e-07;9.202610815351178e-05;0.00012459839055251374;9.443220690985376e-05;0.00010121106566721867;7.623115969187764e-05;1.1378596393910455e-05;0.00010868087227029657;4.7734323591566744e-05;4.4465435562886245e-06;4.557133988904414e-06;8.794238010328673e-06;1.474362853894512e-08
00:20:58;646;1.1616569071519351e-06;2.214452887862616e-06;5.7785120907920364e-05;8.916237562414412e-07;1.3958729217348904e-06;1.9039241504582482e-06;1.7917137896975275e-06;9.590476706122786e-07;8.681765781029779e-07;6.565036359792745e-07;1.3340069889945416e-06;1.4413113041652794e-06;8.558560402605053e-07;1.257554671951766e-06;5.842909303055421e-07;1.6164020145211747e-06;2.7438237983788677e-06;3.581918828693901e-06;3.535792141324064e-06;2.285647315723428e-06;1.447854478694261e-06;1.2233625257010052e-06;2.6032572419307477e-06;2.703705500676687e-06;1.3030922159602216e-06;2.4779934116124905e-06;1.050584192131006e-06;8.654793322741384e-05;0.00012824150031296862;0.0001002458552999173;0.00011398042795410626;8.008854035895652e-05;1.0689692782784204e-05;0.00010775892105043574;4.916513572757182e-05;3.8885569109864e-06;4.085467298606247e-06;8.716206224426271e-06;1.321374687129432e-08
00:21:00;647;1.2020270136823477e-06;2.2239528809361124e-06;5.462164149594108e-05;1.1152187080880212e-06;1.3828636835229573e-06;1.7307801443357882e-06;1.7213557746874708e-06;9.628827014102563e-07;8.497162326486835e-07;4.96098602864592e-07;1.4195108559307683e-06;1.8268202068647745e-06;1.0650985116908176e-06;1.2834582012934768e-06;5.705200740522478e-07;1.8153340464824063e-06;2.7159984095110133e-06;3.2962364607153142e-06;3.358695143037085e-06;2.246177471913799e-06;1.426420598380889e-06;1.0615673105907194e-06;2.6501017796535846e-06;3.050240088323565e-06;1.5414066658333376e-06;2.4895784558275755e-06;1.0356770983550252e-06;8.606117103377063e-05;0.0001328987039256712;9.000150624223523e-05;8.351778237344915e-05;7.795643125220597e-05;8.987630973159081e-06;0.00011025365164842872;4.7512820235045935e-05;3.726393973986097e-06;5.423503501202789e-06;9.109395320309266e-06;1.0707471829026169e-08
00:21:01;648;1.4011080576959889e-06;2.443071963758093e-06;4.8200404595113224e-05;9.734626435851303e-07;1.357183737191938e-06;3.0541802586790046e-06;2.390350168953019e-06;1.0395484024301864e-06;8.409072392755558e-07;1.5040214649466386e-06;1.321713736356468e-06;1.2956029989458722e-06;8.436442867934798e-07;1.3974091032603104e-06;7.952722212888442e-07;1.7077696752551939e-06;2.6743448789959442e-06;4.810895504732211e-06;3.994451059112134e-06;2.3303899752136203e-06;1.4061399947652866e-06;2.125266882581233e-06;2.5431182891651e-06;2.541837844385359e-06;1.303364658551915e-06;2.6421610188283264e-06;1.237123085919721e-06;8.256337486774682e-05;0.00013689772325713875;6.201134155938818e-05;3.371172053542145e-05;7.574471766104519e-05;1.3865804199278314e-05;0.00010779365726513345;4.755700337979962e-05;4.1589953445643225e-06;5.116939661117519e-06;8.9690080160894e-06;1.4569394635708478e-08
00:21:03;649;1.269902453092765e-06;2.2947857932874136e-06;5.594663637412988e-05;1.1476775867436118e-06;1.3676198353190279e-06;2.0278959981952354e-06;1.9405646066223365e-06;1.1069971259658473e-06;8.884863952441823e-07;6.928291754042122e-07;1.4533042682820316e-06;1.2615680797396904e-06;8.383627659566432e-07;1.9245985497013347e-06;5.889245985425294e-07;1.8900881941532779e-06;2.6500859052294467e-06;3.586597537107565e-06;3.536149555472974e-06;2.441011578343069e-06;1.4921330735496321e-06;1.271482829054813e-06;2.6489768469552554e-06;2.5130391824997693e-06;1.2669538138272655e-06;3.199366600239057e-06;1.0415434399166332e-06;8.671499126017682e-05;0.0001407968738535276;9.158726611384899e-05;9.548693264646177e-05;7.497737473453076e-05;1.1516100746977629e-05;0.00010692444498574229;4.614883311872757e-05;3.890708846117219e-06;4.319132999532218e-06;8.98706547797052e-06;9.911705945263672e-09
00:21:05;650;1.2395067689009342e-06;2.2896624988236366e-06;5.6203135504533596e-05;8.793889170794439e-07;1.892987262699173e-06;2.031027315784296e-06;1.7716848999588757e-06;9.659747082224612e-07;9.408663521009492e-07;7.263953087114058e-07;1.3752121455338924e-06;1.62619353554822e-06;7.79894346799895e-07;1.3146678767435431e-06;5.697880855218526e-07;1.5988424809021828e-06;3.2747137809081643e-06;3.690827966986749e-06;3.4404814886317893e-06;2.2717886642705613e-06;1.5690529720284504e-06;1.3203297031896576e-06;2.6409213818670318e-06;2.860183120084244e-06;1.2402006602107715e-06;2.5506157418378647e-06;1.0179913162222806e-06;9.418552516433022e-05;0.00013187692882265213;9.249788200512544e-05;9.334969157071776e-05;7.850919958719032e-05;1.1402918441814e-05;0.00010860216574318766;4.617927889569796e-05;4.089908777355422e-06;4.76553208888741e-06;8.963089963283275e-06;1.5504994161477782e-08
00:21:07;651;1.2144025042136841e-06;2.23477065843971e-06;5.5308880296682255e-05;8.449966493790323e-07;1.386024687910492e-06;2.031040050647965e-06;1.7361268239600813e-06;1.1616990109269472e-06;8.329653935490455e-07;4.876406435417767e-07;1.794665271665446e-06;1.464651176341647e-06;9.618693651670573e-07;1.2791638306162347e-06;5.919866919900197e-07;1.5673697016839619e-06;2.6997500017272085e-06;3.5808548724346593e-06;3.375937251492567e-06;2.4864493162809432e-06;1.3964356344907092e-06;1.067766785167172e-06;3.008827480364663e-06;2.6922381165823487e-06;1.389382023147316e-06;2.511927755509947e-06;1.0403077816348901e-06;8.492162558213016e-05;0.00012638876912610494;9.47627552349011e-05;0.00010224283582006542;7.561191535418514e-05;7.975589242147284e-06;0.00010535056465097941;4.9173633652902865e-05;3.905851551684085e-06;4.518426652240726e-06;8.84143685232651e-06;1.315984051926294e-08
00:21:09;652;1.5360825750770408e-06;2.55721735949827e-06;6.369989206329449e-05;8.20884884955575e-07;1.67214677353074e-06;2.96379994049997e-06;1.838400065068413e-06;1.0716020828673642e-06;9.337895901366395e-07;9.362562893855397e-07;1.4072279691422873e-06;2.024349266317348e-06;9.29533180285799e-07;3.1909793382179816e-06;6.440211089268773e-07;1.5538266607224234e-06;3.031321625712735e-06;4.4482030975641576e-06;3.486504343941939e-06;2.3767569332391494e-06;1.5413701522113943e-06;1.5471898843281475e-06;2.656437798957742e-06;3.187316520733809e-06;1.3761640689787056e-06;4.39517335116416e-06;1.0863430834951596e-06;9.582000248056916e-05;0.0001496257893766169;0.00014574756926302227;0.00012340553742365082;7.249948324669373e-05;6.948987203746465e-06;0.00010652491096297374;4.6948520161491345e-05;4.2875721037213955e-06;3.784611160509332e-06;8.791623573637661e-06;1.4097802901081166e-08
00:21:11;653;1.214480850593573e-06;2.2495362056268943e-06;6.201840434768751e-05;9.104860360603145e-07;1.34556390094722e-06;1.963333550201376e-06;2.0574396890021323e-06;1.1178380553321754e-06;8.575544839895987e-07;5.163253026745968e-07;1.491642762358419e-06;1.5364383778985897e-06;8.01600784699536e-07;1.3374112032787429e-06;6.381356511895511e-07;1.6349999766675807e-06;2.683298357854405e-06;3.5689410070298884e-06;3.749055127351496e-06;2.4476047184191573e-06;1.4279888363535641e-06;1.0799021071352976e-06;2.7380040612253558e-06;2.7911414201321636e-06;1.243255619815327e-06;2.5589438279629448e-06;1.0712984574270137e-06;8.311805778795816e-05;0.00013279456367403447;0.00011466301904824835;0.00014725943082810947;7.649123970930977e-05;1.24496541358547e-05;0.00010801614673136682;5.10195292078058e-05;3.847793521049219e-06;5.682520141816004e-06;8.87153144416491e-06;7.365942532514018e-09
00:21:13;654;1.1375418470617082e-06;2.173784050855714e-06;5.38719279431953e-05;8.63359260124112e-07;1.390764587454059e-06;1.8119788753071218e-06;1.6466766330289964e-06;1.1082282901465523e-06;8.269443231189267e-07;4.961070866842993e-07;1.4048024176654457e-06;1.3142578861162364e-06;9.03431866044519e-07;1.3239097190652738e-06;5.60040771071322e-07;1.560809142240861e-06;2.717024343998869e-06;3.421762182335465e-06;3.280622100255296e-06;2.4335118735196584e-06;1.4161834807181767e-06;1.0662464697942814e-06;2.6509602462341073e-06;2.580573097095365e-06;1.3849180612552013e-06;2.556583817289421e-06;1.0162127964548158e-06;8.620150888317644e-05;0.0001271161081929652;8.480229924141948e-05;8.514118448144938e-05;7.840033590598474e-05;8.576020772699565e-06;0.00010774386448669118;5.052829306622629e-05;4.0048301721966115e-06;5.017215924812477e-06;8.9190385278576e-06;1.2435662864572296e-08
00:21:14;655;1.1479933059923362e-06;2.180448773345498e-06;5.8136891127677977e-05;8.781004829927497e-07;1.3904606143649352e-06;1.7110345567061813e-06;1.6640996433765891e-06;1.092393088552125e-06;1.0583446958408031e-06;5.016588339886012e-07;1.3208955992024842e-06;1.2400159237202502e-06;7.77050000667533e-07;1.2510722648558086e-06;8.907935177372327e-07;1.613940249810668e-06;2.7137910054287067e-06;3.288695851655506e-06;3.346554016204635e-06;2.394734127835674e-06;1.6426451689836493e-06;1.0724132727163228e-06;2.5777654495350708e-06;2.4702599623335024e-06;1.2132809927929365e-06;2.4949911681987135e-06;1.3363131314189892e-06;8.54248632711496e-05;0.000129467017493097;9.680069303574295e-05;0.00011938444314441753;7.728538758999496e-05;1.2258886955753514e-05;0.0001086276449223663;5.055584822731542e-05;4.196697292470725e-06;4.7702499439209816e-06;8.858271772706652e-06;1.2689883200275453e-08
00:21:16;656;1.180094599978981e-06;2.2051274731605685e-06;5.6619082732706185e-05;9.064991711211173e-07;1.3227735149445863e-06;1.999310551862007e-06;1.947440451485508e-06;1.2529286363971437e-06;9.712676347235898e-07;5.682710259126044e-07;1.36223003051454e-06;1.2196416180029503e-06;7.575905492839364e-07;1.3016624763909332e-06;5.515190897915029e-07;1.6176661042260969e-06;2.639591627220271e-06;3.574092963528436e-06;3.494743263609398e-06;2.5729956060106965e-06;1.5911607972698163e-06;1.1479544304729874e-06;2.613314486149613e-06;2.490927121344393e-06;1.1911780783912382e-06;2.529701927000409e-06;9.982022444851685e-07;9.751716382708469e-05;0.00013634243645032457;9.866111326840756e-05;9.206368988689238e-05;7.885357568512427e-05;8.09561119384784e-06;0.00010520786448506082;4.5359558335211314e-05;3.894197406485262e-06;4.633425482399392e-06;8.77665320422874e-06;2.3703567407410208e-08
00:21:18;657;1.1247273412416028e-06;2.1533399713237636e-06;5.8396594143801515e-05;8.838241027930849e-07;1.372664209126578e-06;1.8358155403125858e-06;1.6734786826591828e-06;1.0091751316630073e-06;7.654617278615464e-07;5.139805211743206e-07;1.5341230937725536e-06;1.2559664190286475e-06;7.518832533147769e-07;1.2691104865196352e-06;6.312444725719114e-07;1.595842223374532e-06;2.711650313934034e-06;3.4069297800923304e-06;3.3167597526307527e-06;2.3312054818406862e-06;1.3380722377198392e-06;1.067323551846521e-06;2.770631891519459e-06;2.5106268917107064e-06;1.2154567638724156e-06;2.4917321435985952e-06;1.0838476905058698e-06;8.536642182273939e-05;0.00012855851968087429;0.00011046272023723171;0.00011881989724511821;7.364164564023758e-05;6.879781047020207e-06;0.00010766599479874126;5.142049554828599e-05;4.358947150454059e-06;4.685618758059948e-06;8.889994604852079e-06;9.093192003522405e-09
00:21:20;658;1.1615677105422408e-06;2.205977770118588e-06;5.579350343734562e-05;9.609498677191781e-07;1.2975078725380678e-06;1.8185320489875907e-06;1.6967946907733087e-06;1.2382059128316056e-06;9.094386459260952e-07;4.592784507454181e-07;1.3353004182774115e-06;1.2347940633619912e-06;8.202633021703321e-07;1.323264923252571e-06;8.444818372265285e-07;1.7032164900620392e-06;2.625778905249844e-06;3.448156561878218e-06;3.372277180023036e-06;2.5874344934971855e-06;1.4939431334996583e-06;1.030152783284934e-06;2.546792840596165e-06;2.519857802430055e-06;1.291867015770319e-06;2.5737489539994697e-06;1.2785063198620424e-06;8.760523216922633e-05;0.00012987951976913063;8.848013316374405e-05;9.052300994467845e-05;8.390609756987441e-05;9.599495617573438e-06;0.00010895449044004382;5.1718676851638846e-05;4.3987457076167e-06;5.5292460713629946e-06;8.916087737827287e-06;1.13062054305237e-08
00:21:22;659;1.3153038159236468e-06;2.3515371517129972e-06;6.396128763714263e-05;8.804129197802592e-07;1.7105281319858405e-06;2.3101960585333616e-06;1.9598606595394585e-06;9.893126609645202e-07;7.832656405087396e-07;7.763387887297054e-07;1.4059267214670192e-06;1.3063023007540344e-06;7.872249856836917e-07;1.7942057849945121e-06;1.080070668780696e-06;1.5815816601688416e-06;3.0828538415968252e-06;3.802636793128081e-06;3.6677286119166766e-06;2.3661321815952645e-06;1.3914834300832601e-06;1.3485436992124061e-06;2.678736404384007e-06;2.547689672886734e-06;1.2418628416468627e-06;3.0374175182685896e-06;1.4717783148159781e-06;9.042828093810642e-05;0.0001461958915719763;0.00013750889208869276;0.00013202245755062304;7.429671736638939e-05;7.566763879069996e-06;0.00011148885860485455;5.041425606879947e-05;4.162687896796016e-06;4.2889060934607085e-06;9.153850300493538e-06;7.889286449263018e-09
00:21:24;660;1.1489417811493363e-06;2.1849948898076796e-06;5.9026520727615514e-05;8.626215514824636e-07;1.345934381159385e-06;1.7336575674032806e-06;1.6025985106244371e-06;1.062064351939088e-06;8.55979736546043e-07;6.18349856570691e-07;1.341741801542572e-06;1.4010206723243228e-06;1.0681806627908166e-06;1.2718678666216605e-06;6.232839608877327e-07;1.5641776573392224e-06;2.695548710395502e-06;3.332800260287064e-06;3.256024767117335e-06;2.388498521351629e-06;1.4571467105108954e-06;1.1971053265968501e-06;2.561529842313564e-06;2.668391408705351e-06;1.5443423672255863e-06;2.496606350200924e-06;1.0577657326465774e-06;8.8265754454549e-05;0.00014608119540573578;9.825759994988088e-05;0.00011469429277889249;7.479391561323828e-05;1.2334991492819278e-05;0.000106269015169117;4.9591072499801376e-05;3.912186625262203e-06;5.11263293372705e-06;8.985675798438156e-06;1.9916009924740392e-08
00:21:26;661;1.1106418097933164e-06;2.1347123254001208e-06;5.482638130426421e-05;8.348020688457454e-07;1.4224324762905511e-06;1.7060914620453167e-06;1.6717971889270509e-06;9.693110710852115e-07;9.451227533122361e-07;4.539374119422684e-07;1.2971823749294034e-06;1.290262376617658e-06;8.901838969389463e-07;1.244783751953481e-06;6.017944639179585e-07;1.5495496050282816e-06;2.709513532403135e-06;3.293328311112326e-06;3.311810317001478e-06;2.273374674805842e-06;1.5456583276295244e-06;1.049863655386812e-06;2.565087135125499e-06;2.4998684529801043e-06;1.3395969624151447e-06;2.4271011662803393e-06;1.0517949688251007e-06;9.335392374516071e-05;0.00013134973417583816;9.358448794963513e-05;8.488287716953158e-05;7.58899849667371e-05;9.547002196131008e-06;0.00010773338513727877;4.376781792992811e-05;4.193831366613735e-06;4.847172457922738e-06;8.755070779358545e-06;1.1287777034995449e-08
00:21:28;662;1.2389648625023917e-06;2.2842110652912e-06;5.6861385584790716e-05;8.346742364747942e-07;1.5320017216844597e-06;1.7252295872309404e-06;1.610423809336484e-06;9.523337164519706e-07;9.82443183533183e-07;4.778894819666071e-07;1.3673471479917638e-06;1.2337419983410314e-06;7.686519153696477e-07;2.7123701812247316e-06;6.704709372342486e-07;1.563130782887117e-06;2.8865029354521906e-06;3.3488117734825346e-06;3.3186244297523235e-06;2.2834032296475327e-06;1.5667515719565305e-06;1.0410556521486498e-06;2.603553830743329e-06;2.469842676954256e-06;1.2065022582347306e-06;4.021603401753642e-06;1.1007491165648528e-06;8.862463646286697e-05;0.00014404954325164716;9.856187685961176e-05;9.276289250814378e-05;7.657389322107493e-05;7.280694399958712e-06;0.00010772798472749004;4.8582675033738945e-05;3.855281760438054e-06;5.303997878863521e-06;9.002325562979491e-06;1.0825350675318749e-08
00:21:30;663;1.1873321125480372e-06;2.230651449004838e-06;5.570819728868517e-05;8.619455862592738e-07;1.277292726213504e-06;1.6924849814162455e-06;1.6341056092918713e-06;1.1650367950366558e-06;8.333635937289459e-07;7.304685452877183e-07;1.2815897012721031e-06;1.2981966343936981e-06;1.1825070759353584e-06;1.548491872262823e-06;7.425017704918637e-07;1.5620952929485968e-06;2.6245026640049504e-06;3.2739344648309522e-06;3.3247673814636257e-06;2.5213757865032356e-06;1.4021013374916994e-06;1.333006793307113e-06;2.531114239877464e-06;2.5764173826729937e-06;1.6729188226097995e-06;2.7522534845600236e-06;1.1933288603122953e-06;8.057179073314643e-05;0.00012959194158354418;9.079335409196927e-05;0.00010483075153784789;7.802716417711815e-05;1.0523142683153757e-05;0.00010690612917906756;4.832723002411376e-05;4.3068166632667815e-06;5.710174563882912e-06;8.902845134731094e-06;7.027092380285201e-09
00:21:32;664;1.302963324143682e-06;2.332501975892044e-06;5.1876339702709284e-05;1.1137106813340447e-06;1.5130778923122534e-06;1.7563888735336066e-06;1.923378496955634e-06;1.133480722776364e-06;1.0645606800126344e-06;5.304587324546488e-07;1.8865141523282214e-06;1.3666375334024523e-06;9.910687419824946e-07;1.36966535559744e-06;9.86617598044213e-07;1.8197987257528578e-06;2.83827776894225e-06;3.3742577572779793e-06;3.5567405673277734e-06;2.431298490085317e-06;1.7049292578236948e-06;1.115082595845971e-06;3.16458796607802e-06;2.5789712222094634e-06;1.418160875461201e-06;2.560898330637981e-06;1.427019273987868e-06;9.434003062766869e-05;0.00012807355247768874;7.845756288118003e-05;7.30865061141869e-05;7.174283454642131e-05;1.074366560839975e-05;0.00010395211696479333;4.498063908184534e-05;4.152812355602854e-06;4.2829820065796844e-06;8.691962611824066e-06;1.1411156320505078e-08
00:21:34;665;1.2206731811207048e-06;2.2618883035705304e-06;4.9999955529771545e-05;8.502729254415571e-07;1.6733291415927842e-06;2.137066385188291e-06;2.2160477629091186e-06;9.347686168145489e-07;9.34828750409622e-07;6.081543292795805e-07;1.3201952639783279e-06;1.2229123050776602e-06;7.307052217439295e-07;1.2504890159319033e-06;7.693080008989868e-07;1.5716467753665273e-06;2.973805871528085e-06;3.857512249655711e-06;3.821327335215388e-06;2.2551908234416695e-06;1.5456937274082727e-06;1.1899692145861186e-06;2.575567082836826e-06;2.4886290671192795e-06;1.1783181708445146e-06;2.4753186006462416e-06;1.2096798963704737e-06;8.942553476245074e-05;0.000126976748637884;7.479182922972079e-05;5.404734263356025e-05;7.600042191595372e-05;9.580655642638247e-06;0.0001066365169593451;4.47352152770967e-05;4.0163517087089995e-06;4.8947484153599855e-06;8.882568937004356e-06;1.1532237535738256e-08
00:21:36;666;1.3045980551205296e-06;2.338523653968049e-06;5.741593346591746e-05;8.774861217843786e-07;1.5379638204587371e-06;1.9070877068246133e-06;1.703011444026908e-06;1.2877431244168684e-06;7.801735135098459e-07;5.986864373141998e-07;1.3174459413501827e-06;2.2746137334066092e-06;1.002760597789244e-06;1.7464349124842535e-06;6.217688324609711e-07;1.5879904922948747e-06;2.88927590852698e-06;3.5345498838092057e-06;3.3650742813123645e-06;2.5951431417766636e-06;1.3747055510365603e-06;1.171577540804443e-06;2.581667491206564e-06;3.4899062714579994e-06;1.491664466478061e-06;2.9113522993577156e-06;1.0693756197741994e-06;9.270066611904553e-05;0.0001437454344065269;9.862027851915984e-05;9.540249135401128e-05;7.695792060720804e-05;9.35553769137828e-06;0.00010531978767739003;4.819900303231621e-05;3.938212267024702e-06;5.889226014540402e-06;8.836860553679914e-06;2.57833487283055e-08
00:21:38;667;1.2273341486558242e-06;2.2671238990438677e-06;5.912659160987966e-05;9.767577559700995e-07;1.5587348775754477e-06;2.048603564119844e-06;1.8100928520099884e-06;1.225669846989645e-06;9.706470110902965e-07;4.918254155454478e-07;1.55899023484613e-06;1.2702651900039799e-06;7.427888041614236e-07;1.4927335382320839e-06;5.80900184237782e-07;1.7151164338659477e-06;2.877237967610038e-06;3.748362466547958e-06;3.499460556472341e-06;2.5067666623312384e-06;1.5351588610394197e-06;1.0557760530693624e-06;2.8318525256175154e-06;2.4934171537834233e-06;1.2077783692434365e-06;2.7173723768250564e-06;1.0171864450708372e-06;8.500651787971352e-05;0.0001301040894111695;9.919413478218648e-05;0.00012405072570597942;7.89474771163927e-05;1.3571393335364606e-05;0.00010798239418040572;5.176327015756091e-05;4.216369945990062e-06;5.845501105281837e-06;8.820377257027787e-06;1.684844148350373e-08
00:21:40;668;1.2264379117125785e-06;2.269693388508948e-06;6.41701183620234e-05;8.159729344728558e-07;1.6803603542957613e-06;1.9698961952550254e-06;2.400149191152743e-06;1.049543425744239e-06;9.645984204518434e-07;5.269067484951635e-07;1.477152721352969e-06;1.2111318495171148e-06;7.971427585089104e-07;1.2666228586381707e-06;5.577770670390175e-07;1.5558389206282438e-06;2.9982301488347777e-06;3.5496054892916353e-06;4.123884024655909e-06;2.370501060277438e-06;1.5432237729282284e-06;1.1188978570443614e-06;2.7469106018105764e-06;2.469533156623653e-06;1.2651199343261258e-06;2.4997955653263856e-06;9.947791316427597e-07;8.928151813018836e-05;0.00012850895695490074;0.00013620267020923192;0.00015402040672485976;7.769965114099791e-05;7.634986272393172e-06;0.00010893348090460018;5.0102788248339514e-05;3.844974897919462e-06;4.887806133974372e-06;8.916434644125486e-06;7.746082750099863e-09
00:21:42;669;1.0834351598502807e-06;2.1262386150703627e-06;5.35621145229827e-05;7.983634068186131e-07;1.4013215047338112e-06;1.7447914268134665e-06;1.6252223709045666e-06;9.204522075443513e-07;8.09063806253815e-07;4.4960312137944736e-07;1.2468042089672984e-06;1.2577879534670833e-06;8.199145038871465e-07;1.3201163778281904e-06;6.077805705182662e-07;1.5203937563674578e-06;2.696735372168566e-06;3.3931646813943176e-06;3.3070151529719175e-06;2.2295689689864176e-06;1.397395093118587e-06;1.0321054720073253e-06;2.5207054227106296e-06;2.502363588375167e-06;1.2794570965571105e-06;2.5824586853997074e-06;1.053499164383331e-06;8.365501372963772e-05;0.0001292108920820813;7.986662292982733e-05;8.343529840365867e-05;8.086962209617201e-05;1.2000314591701175e-05;0.00010808783077196587;4.723185965707324e-05;3.88334405708522e-06;5.513752769888035e-06;8.978866697290404e-06;1.1956489411278226e-08
00:21:44;670;1.1565906436220272e-06;2.2025365803494445e-06;5.3822867918406416e-05;9.096224483135468e-07;1.2959624096289055e-06;1.856948478298002e-06;1.879697040604614e-06;1.1402236562606627e-06;8.93078442713731e-07;6.632724525975934e-07;1.4787826906438217e-06;1.2176558777842284e-06;7.193962299806794e-07;1.2716388112207513e-06;5.528087744737836e-07;1.6323469856592677e-06;2.6315075907589317e-06;3.510368644497306e-06;3.503547569506955e-06;2.4375890274590163e-06;1.4919137694810564e-06;1.267509167553703e-06;2.7398322391157227e-06;2.503266198547425e-06;1.170227285110971e-06;2.5183226171066053e-06;1.0240065422104761e-06;8.570453383799631e-05;0.00013821608240076222;8.248787579029408e-05;7.667922033648525e-05;8.01823574951381e-05;1.1966583597539635e-05;0.00010897508611935667;4.320444734713174e-05;3.897441824054224e-06;5.438624594090712e-06;9.107966098175545e-06;1.4195579852420722e-08
00:21:46;671;1.139762613743368e-06;2.1974037361912993e-06;5.8876899295326225e-05;7.900193868789788e-07;1.2991150706298527e-06;1.7190177117724788e-06;1.6413546573607556e-06;9.346386553588104e-07;8.295094800946469e-07;5.011081246922541e-07;1.8489439674660637e-06;1.259891297955562e-06;1.0127856550180458e-06;1.303925766390793e-06;5.368411352427412e-07;1.5128325584774309e-06;2.6331554872280023e-06;3.3513355953766244e-06;3.3513471194803773e-06;2.2802469865831582e-06;1.4405841478590077e-06;1.0929849214720936e-06;3.126896685208072e-06;2.521890202175039e-06;1.4942262130060482e-06;2.5620954789425197e-06;1.0012482233691968e-06;8.78781402853692e-05;0.00013458972513870893;0.00010571991270313405;0.0001187972620009223;7.44169886220467e-05;9.492268471951515e-06;0.00010591612207586592;5.144844936556097e-05;3.976308379571265e-06;5.568210225507955e-06;8.71183571709826e-06;7.568558177716626e-09
00:21:48;672;1.1798225668354947e-06;2.216574521701694e-06;6.089539713025795e-05;1.3310580331675355e-06;1.281085609150523e-06;2.4210377361878375e-06;1.610797949005225e-06;9.666920674046187e-07;7.652303952115408e-07;4.570897382614383e-07;1.3650226557970768e-06;1.3146795634355612e-06;8.302248506856942e-07;1.276168731417277e-06;5.387830337433286e-07;2.0496796190555767e-06;2.636332294658339e-06;3.9662406489017634e-06;3.3460400768662906e-06;2.294516305114427e-06;1.3545069775111326e-06;1.0365353094999316e-06;2.615522085945969e-06;2.544358789570732e-06;1.2581963267598151e-06;2.5090553280382596e-06;9.87909676427126e-07;9.033159038518421e-05;0.0001361319115659718;0.00012622718350726241;0.00012918885556964199;6.98677473374505e-05;7.431590124234574e-06;0.00010674349096333141;4.7326754431263386e-05;3.92576524505628e-06;4.556797643643905e-06;8.993113983571722e-06;1.9964806483199187e-08
00:21:50;673;1.1176389269416311e-06;2.164821941871104e-06;5.719907227253821e-05;9.319650660896431e-07;1.3844809669614413e-06;1.8113484322154507e-06;1.6782574584988714e-06;9.99924955482421e-07;7.849528787366595e-07;5.458629155958244e-07;1.2832148337855125e-06;1.2665318785662096e-06;7.279018773186475e-07;1.4525051219975311e-06;5.44720256577914e-07;1.6540187643150154e-06;2.7238506198022774e-06;3.4164542676425978e-06;3.3581418507840023e-06;2.3924373658989185e-06;1.3788260419667356e-06;1.136371611425913e-06;2.53609714404832e-06;2.5178408050929716e-06;1.1829766854537445e-06;2.6767733219504074e-06;1.0040737055521588e-06;8.736532296020734e-05;0.0001305757365341997;0.00010267077488576645;0.00011161400197040632;7.384163088641806e-05;9.148188574623915e-06;0.00010558109469191808;4.784955268157169e-05;3.7656213856337322e-06;5.0738570692138375e-06;8.888776767615983e-06;1.4308862883439877e-08
00:21:52;674;1.1507515347892132e-06;2.196705457243274e-06;5.212189294701595e-05;8.62018385884188e-07;1.325309345661713e-06;2.1681877650856696e-06;1.6908834150215895e-06;9.05864625654441e-07;7.950397970271891e-07;4.465027717256734e-07;1.292383160570151e-06;1.3609892680318838e-06;7.702469991922488e-07;1.4296170422024479e-06;7.61975381094712e-07;1.5777848191163097e-06;2.646471353106295e-06;3.87906242728685e-06;3.349055238882274e-06;2.177587960639219e-06;1.4089218123882358e-06;1.0166473474828885e-06;2.55856939532615e-06;2.638320704792494e-06;1.2020100624323288e-06;2.693702662085504e-06;1.2123305384504213e-06;9.173556220774297e-05;0.00012042554457491998;7.495340693479216e-05;7.722482269527568e-05;7.394430250136378e-05;1.4631332903470592e-05;0.00010672100120609695;4.7407282852515216e-05;4.058000362452432e-06;5.318288962378796e-06;9.029507427382782e-06;1.3662735800091956e-08
00:21:54;675;1.1738896288965799e-06;2.2018970156163443e-06;5.675271542981275e-05;8.211560433644329e-07;1.309526331735614e-06;2.569393409792362e-06;1.7365923025248653e-06;9.494799639045678e-07;7.68218936020304e-07;4.7670557695217947e-07;1.3179285416533368e-06;1.4417809264861086e-06;7.803840123201475e-07;1.3256400128724977e-06;5.898690637758235e-07;1.5199096202494834e-06;2.6646714501756705e-06;4.081755533558022e-06;3.3788100775877233e-06;2.2715777593567752e-06;1.3620463547236864e-06;1.052839440023801e-06;2.5502492543280456e-06;2.6846820446735364e-06;1.2454494188930284e-06;2.568810898566558e-06;1.0419614559856499e-06;8.684031830807806e-05;0.00014834268533326985;9.854590230374644e-05;9.480922231351416e-05;7.270351397236697e-05;8.533401009945722e-06;0.00010663691679665728;4.662369162956413e-05;4.238405464905209e-06;4.635766337837461e-06;9.106699422074277e-06;1.606226579333142e-08
00:21:56;676;1.2709029734865722e-06;2.29045896866168e-06;5.5300367427271973e-05;8.561142365531343e-07;1.3136204889912568e-06;1.6350311256826702e-06;2.7065280825411264e-06;1.512971603516307e-06;7.744288357258711e-07;4.599575496235595e-07;1.2816391440653971e-06;1.2808562905258276e-06;1.4563716961291107e-06;1.4322479541755746e-06;5.410682051489666e-07;1.5886562294649074e-06;2.630078449351746e-06;3.2734576305739223e-06;4.1972828028842225e-06;2.8490056144009134e-06;1.330854612965998e-06;1.0322775381155225e-06;2.5153979181538224e-06;2.5257630162557206e-06;1.857355923790767e-06;2.6910091417195437e-06;9.943680037009425e-07;9.107637743135571e-05;0.00014216098421416848;9.019830352975132e-05;7.814312951907223e-05;7.899801081653642e-05;9.647584121759626e-06;0.00010858197313826907;4.7195705860621544e-05;4.405990676283175e-06;4.369673167950358e-06;8.811224147371873e-06;1.5452504123761056e-08
00:21:58;677;1.1564400947960962e-06;2.205127287520036e-06;5.3623710333167345e-05;1.0058717938576933e-06;1.6413304470704175e-06;1.8093789981450796e-06;1.647783228006264e-06;1.1327436852746267e-06;9.527136229824474e-07;4.903494778299685e-07;1.4193795810610057e-06;1.1915195822321711e-06;7.151467504649325e-07;1.2840128073515251e-06;5.870507200356201e-07;1.734563377656833e-06;2.949787666336847e-06;3.467896793246169e-06;3.3552827534538067e-06;2.4339597032423306e-06;1.558697009167639e-06;1.0688783682965123e-06;2.692853939474326e-06;2.4720216708397233e-06;1.1705337589221386e-06;2.4984229838405037e-06;1.0586288515731189e-06;8.634890535933536e-05;0.00012449601502027865;8.69242683879231e-05;8.647589129189653e-05;7.648793528028199e-05;9.369587895007586e-06;0.0001061939988733507;4.8679994051608774e-05;4.32626566122997e-06;5.321736149278556e-06;8.850410188692322e-06;9.515839124568947e-09
00:21:59;678;1.1595910915121719e-06;2.1878257928021203e-06;5.1802027305887216e-05;9.087145085699562e-07;1.6597112433493841e-06;1.629146826816323e-06;1.8556789065371504e-06;1.0787640967180323e-06;7.680067323515257e-07;6.211284033774689e-07;1.2678701191956323e-06;1.2160807019157005e-06;7.396959385210586e-07;1.361911579794201e-06;8.083836151180761e-07;1.625264225874127e-06;2.9233908533201374e-06;3.2316559358887504e-06;3.4749188118808034e-06;2.404801200929244e-06;1.3668278353191142e-06;1.1974994889367482e-06;2.527271744205607e-06;2.5023224380571333e-06;1.1691877089221254e-06;2.581607710637883e-06;1.2491605746076915e-06;8.409799575092418e-05;0.0001296525146014974;8.236774827212557e-05;7.345569389011096e-05;7.356776554519235e-05;9.609152662029235e-06;0.0001074180039976677;4.364727208443654e-05;4.232942971472768e-06;4.515927913520097e-06;9.045931212616871e-06;1.3378769052868095e-08
00:22:01;679;1.173216091710959e-06;2.19509463707404e-06;6.0495327788333595e-05;9.94871408447037e-07;1.6006505754779192e-06;1.8339962888156627e-06;1.6989832980485176e-06;9.139991191372846e-07;9.283883989655547e-07;5.16003269002141e-07;1.258659820086388e-06;1.1861836955098035e-06;1.2112128939206264e-06;1.3558498772199683e-06;5.797939826428107e-07;1.703601741656378e-06;2.9637607774101166e-06;3.387739646233415e-06;3.299946413364201e-06;2.2185625058699758e-06;1.5222993665069042e-06;1.0817788314639823e-06;2.511686186809601e-06;2.434364593878117e-06;1.5998788321264294e-06;2.595339776833705e-06;1.0221759952447095e-06;8.740794653731633e-05;0.00014730351967976338;0.0001132044048221247;0.00012153337993909157;7.414814517987157e-05;1.0104070086683036e-05;0.00010858586607578344;4.664959053009501e-05;4.010755496342927e-06;4.20520315379519e-06;8.783520394945403e-06;7.531564190580796e-09
00:22:03;680;1.173978716502559e-06;2.21992635793361e-06;5.622523852072439e-05;9.71508393409305e-07;1.8855864782290672e-06;1.614270848306696e-06;1.610848360478201e-06;9.511807516979978e-07;9.15403329461061e-07;5.739871905047716e-07;1.5064285356106408e-06;1.4294616295500036e-06;8.212261018285134e-07;1.2786125410164055e-06;5.292300219475717e-07;1.6913641911166532e-06;3.208120702604706e-06;3.237064574241691e-06;3.3013136055183454e-06;2.253736361529298e-06;1.5368573474317393e-06;1.1699249889313216e-06;2.7593431080081075e-06;2.6774963083581394e-06;1.2535299677587824e-06;2.5660358863240596e-06;9.843284424623331e-07;9.329556859558966e-05;0.00013548780880309725;9.772112774822916e-05;9.159353475948489e-05;7.861421781036091e-05;9.621949955493982e-06;0.00010481407611563948;4.621119093103153e-05;4.140401440937785e-06;4.486051084275061e-06;8.708671807791584e-06;8.263196761598007e-09
00:22:05;681;1.144996468628211e-06;2.194659370466473e-06;5.621468433312103e-05;8.649263862701353e-07;1.2993187650649092e-06;1.6280928912916115e-06;1.74376876445463e-06;1.0217668858881657e-06;1.2549884016847686e-06;4.98825827956815e-07;1.2784044271670196e-06;1.2630711901031397e-06;7.183008251229498e-07;1.3199123059980489e-06;8.485805019069077e-07;1.619406536024777e-06;2.630331645769165e-06;3.2370181957681963e-06;3.507307365919276e-06;2.3523608876841326e-06;1.844592742876373e-06;1.0777649248223185e-06;2.5568271100002928e-06;2.5262903864707287e-06;1.1714312589429948e-06;2.5356832520053185e-06;1.2768973467441529e-06;9.157202828239505e-05;0.00013751143994696947;8.530217839005298e-05;9.979377857547357e-05;7.492760278608047e-05;1.2821704916888815e-05;0.00010691575680779389;4.8525440822560245e-05;3.875650410057287e-06;4.423717980419422e-06;8.897118842351516e-06;9.794236409462644e-09
00:22:07;682;1.2118746431417031e-06;2.2606861271418018e-06;5.574787356032381e-05;9.939510359819275e-07;1.370139311502266e-06;1.8022345456810998e-06;2.0589356375792662e-06;1.0144601507924087e-06;1.0774996759075541e-06;1.0434453802817116e-06;1.3044506071676922e-06;1.1762419536154312e-06;7.588307072400627e-07;1.3544516772803015e-06;5.878546142595359e-07;1.719066431235925e-06;2.6799697842520053e-06;3.48937248729064e-06;3.825689933779082e-06;2.2500930322454638e-06;1.7063899019975204e-06;1.627881278890055e-06;2.5563374550339305e-06;2.435181259679206e-06;1.2085477463567914e-06;2.592118313501326e-06;1.0375850138908516e-06;9.043784692905225e-05;0.0001278724249214905;8.040029827045392e-05;9.909064613054179e-05;8.041007842028831e-05;1.596805615037133e-05;0.00010872349078253364;4.814965441725015e-05;4.492629821649907e-06;4.2848651885755485e-06;9.133156449788109e-06;1.1335241890254766e-08
00:22:09;683;1.150147355940848e-06;2.187418960855649e-06;5.6725741270671164e-05;7.997275190357361e-07;1.5700208572414196e-06;1.7516517913727305e-06;1.5378595073753134e-06;1.1428456504379947e-06;8.294295096401459e-07;7.968371355476284e-07;1.3681155515951362e-06;1.1535824615549473e-06;9.982582490731706e-07;1.2782578904044974e-06;5.75181708242021e-07;1.5048665778821592e-06;2.859070518810123e-06;3.347090041010049e-06;3.239302023308782e-06;2.417582082452549e-06;1.4408808604319439e-06;1.373309188135023e-06;2.6417694338697748e-06;2.4238169693996463e-06;1.4221864616265982e-06;2.5480538578783207e-06;1.0310988405371627e-06;9.206138482683068e-05;0.00012831599200123107;9.513140314568134e-05;0.00010640591710232192;7.325549163301621e-05;9.28888860120253e-06;0.00010912191826609653;5.052910120183671e-05;4.049906349906436e-06;3.8135962527790524e-06;8.717567864198145e-06;1.7728002953274793e-08
00:22:11;684;1.1348407520372916e-06;2.1740114763378175e-06;5.349156615374576e-05;8.150269527960254e-07;1.33027430933423e-06;1.657887629200807e-06;1.7569130980761698e-06;1.1630173154228176e-06;1.056155682587313e-06;7.336500420910981e-07;1.2552244461616624e-06;1.214362373971121e-06;7.757385971564965e-07;1.3032282644557953e-06;5.566098586080996e-07;1.5358123085183873e-06;2.683881171269374e-06;3.29144428420316e-06;3.3838741325746035e-06;2.385492729145777e-06;1.671202784552717e-06;1.3397296270398593e-06;2.525872584463954e-06;2.4695003500560634e-06;1.245303100335196e-06;2.5507931033782276e-06;1.005230583532351e-06;9.046465768603858e-05;0.000134709904739198;8.531499091549567e-05;7.507334706431821e-05;7.384290192616376e-05;1.075341263180548e-05;0.00010760528765111157;4.6484830213771995e-05;4.173683089861635e-06;4.465486599474125e-06;8.99854540496712e-06;1.174592274303384e-08
00:22:13;685;1.0997637246939524e-06;2.144231573282336e-06;5.6605295191618366e-05;8.248897610227149e-07;1.328690407799048e-06;1.67408160094014e-06;1.5185615062791995e-06;1.0523824178967154e-06;7.699622468897034e-07;6.330637982721043e-07;1.4646486308222961e-06;1.2696512965022904e-06;7.270354801827946e-07;1.3326867652258494e-06;6.015103407283365e-07;1.5559639660762202e-06;2.6376868330357234e-06;3.3563094751150835e-06;3.2063684344232373e-06;2.3467700712105018e-06;1.334877439707201e-06;1.23380181309896e-06;2.7298358274285556e-06;2.52047640993002e-06;1.167802359972645e-06;2.5899955845270136e-06;1.0508898071748263e-06;8.530855080173983e-05;0.00013663059996152582;9.060066015577513e-05;0.00010101165830694785;7.553757468579656e-05;1.046553421404911e-05;0.00010961318086688738;5.146286395604969e-05;4.015073009698663e-06;5.431779969172969e-06;9.163450932181339e-06;2.261543959613306e-08
00:22:15;686;1.220836410712164e-06;2.2704143573350792e-06;5.458061662377044e-05;9.896399574574586e-07;1.6215924798501646e-06;1.6710084474105067e-06;1.5374527667139597e-06;1.0277289530917373e-06;7.963640165491044e-07;4.730298534084586e-07;1.4886346823511138e-06;1.2872146808653249e-06;8.341390292427259e-07;2.2338473272366275e-06;6.893843066099495e-07;1.7152519716016942e-06;2.920875936415311e-06;3.3270344121337062e-06;3.2452638445451896e-06;2.3337132112909426e-06;1.3800970492998722e-06;1.0426160781086846e-06;2.7628616595117093e-06;2.577231453823849e-06;1.2970718049887816e-06;3.5010959085342667e-06;1.1418583627098858e-06;8.395293763866364e-05;0.0001261947748792741;8.512414600201908e-05;0.00010234909524066422;7.440104718861298e-05;1.0373698611075846e-05;0.00010658307553694197;4.784075617175348e-05;3.987369430969066e-06;5.121127925433152e-06;9.026782908399289e-06;1.2587951438282666e-08
00:22:17;687;1.1143967112335995e-06;2.177731017536068e-06;6.11758810891008e-05;8.126091163195394e-07;1.2534306939441948e-06;1.6484002573429797e-06;1.6776961618735309e-06;1.088329631345046e-06;8.386950394380996e-07;4.892740894253804e-07;1.2843706466047034e-06;1.184222837528766e-06;8.053357336153382e-07;1.7408152503344871e-06;5.495806462444105e-07;1.5574492212918018e-06;2.6111281918422753e-06;3.298756420135069e-06;3.416997017240324e-06;2.4216619188256477e-06;1.446362883638634e-06;1.0562370916915502e-06;2.5469940432737496e-06;2.4714797674174474e-06;1.2422283880023545e-06;3.0619749976940972e-06;1.0015015077500076e-06;9.084269472891979e-05;0.00012852794113841609;0.00010990459679365057;0.00013470216344162438;8.099482517184264e-05;1.089002650289445e-05;0.00010873093835803851;5.170182528306801e-05;4.104237522047068e-06;4.798119589223595e-06;8.903384421316548e-06;9.820118167984076e-09
00:22:19;688;1.2267937781599998e-06;2.2680736475206374e-06;5.115805204362625e-05;7.810452852555468e-07;1.375479915259477e-06;1.8478252930200576e-06;2.9595663256675277e-06;9.534827767736105e-07;7.559206315041226e-07;4.8013711043379e-07;1.2947265217116473e-06;1.5421074926116127e-06;8.650647733497088e-07;1.3087151138952373e-06;5.574536430847327e-07;1.5001803085742491e-06;2.741949650711992e-06;3.549991264708872e-06;4.525913119565141e-06;2.265777253986799e-06;1.3310109553930477e-06;1.0519421130515805e-06;2.5460602829079556e-06;2.8182861990012784e-06;1.309036089067008e-06;2.5494847837371362e-06;1.0272509961874054e-06;8.992920004368675e-05;0.0001395977392928093;7.302184498794159e-05;4.974245407816347e-05;7.494949464416625e-05;1.1999172777237035e-05;0.00010943281180003074;4.765980995621351e-05;4.288590451744068e-06;4.3459863609046185e-06;8.913480892888315e-06;1.6039237729118445e-08
00:22:21;689;1.1188994543816348e-06;2.16723303678976e-06;5.1115240917566374e-05;7.976352527159427e-07;1.3969484562246428e-06;2.0257316157441934e-06;1.7271076702130017e-06;9.63978358228055e-07;9.148104029450947e-07;5.278988604029422e-07;1.2509208130753988e-06;1.2892122418506347e-06;7.969263617498128e-07;1.2183163110276754e-06;5.173066391412301e-07;1.534394425705821e-06;2.7070877028068657e-06;3.7577698048487118e-06;3.4154257298700655e-06;2.2603966142555636e-06;1.502080789854333e-06;1.125113922703752e-06;2.5299584707037084e-06;2.5425705416637356e-06;1.2188597095332567e-06;2.433168963796538e-06;9.799689839578778e-07;8.265457680722591e-05;0.0001329005815932442;7.089781059767154e-05;5.6103478643771293e-05;8.127388949060947e-05;1.4998758281189763e-05;0.00010890034307465807;4.723533369506243e-05;3.842033616869405e-06;5.5949305569838464e-06;8.971368068850964e-06;9.786584659604867e-09
00:22:23;690;1.1723907125116284e-06;2.2085453355418706e-06;5.753761789761962e-05;1.1278046675141953e-06;1.4149831214605901e-06;1.8086534329210158e-06;1.664879285908941e-06;9.773248893810402e-07;9.716507124547424e-07;9.23697120246526e-07;1.239722916243383e-06;1.2155922393120022e-06;7.334486452928698e-07;1.3927242475246389e-06;5.982068070393093e-07;1.857954585726544e-06;2.7320788701758774e-06;3.3920804485838927e-06;3.3363267454050504e-06;2.2672846191337064e-06;1.5824558630224082e-06;1.5143959626008918e-06;2.505407514600168e-06;2.456918647872447e-06;1.186338058428364e-06;2.625587564545663e-06;1.0457142135277811e-06;8.628092807442064e-05;0.00014113527682491772;9.839003092202691e-05;0.00010842658420815464;7.210828764733929e-05;1.0507685552073974e-05;0.0001075063128942578;4.926019122021285e-05;3.852132275311428e-06;4.419027936164539e-06;8.552568281314998e-06;1.238893524068119e-08
00:22:24;691;1.1744934844480006e-06;2.2251788927457676e-06;5.8950127726084513e-05;7.807714623921733e-07;1.2685272461545403e-06;1.825548224103231e-06;1.7491250807340335e-06;1.0162448558630062e-06;8.049040569411339e-07;4.5816234073292605e-07;1.3801094098653266e-06;1.2118738459611997e-06;7.037726499348196e-07;2.170043782970507e-06;7.248384275015951e-07;1.5147850464490137e-06;2.599737508947478e-06;3.42332039715846e-06;3.471903485810396e-06;2.2994487567935905e-06;1.4004800768413554e-06;1.062777141093728e-06;2.6850352279451944e-06;2.4826174467307283e-06;1.1625407640317059e-06;3.4321226437412726e-06;1.1673774086467588e-06;9.148349422527501e-05;0.0001310370442730772;0.00010644061630458536;0.00011701111685592361;7.877501384863481e-05;9.077688566625121e-06;0.0001077129732195523;4.8130459343021615e-05;4.098053618096914e-06;4.489251383925467e-06;9.126642948883579e-06;1.9178125413232377e-08
00:22:26;692;1.086239132742538e-06;2.1520093848922917e-06;5.686038404779662e-05;7.884781771332944e-07;1.3615784217274103e-06;1.6188692806486735e-06;1.5097651438528652e-06;9.856427904963994e-07;8.160895353028572e-07;4.295854323982889e-07;1.2484270142110176e-06;1.2808929488789482e-06;1.1658319187610935e-06;1.231220903492995e-06;5.984875998020879e-07;1.52871802319042e-06;2.727990016565751e-06;3.2648619098030326e-06;3.2507476716310072e-06;2.308601859665573e-06;1.438050808649712e-06;1.0219859658966154e-06;2.5017509141768723e-06;2.5779514383234357e-06;1.6716166938646052e-06;2.4748649297226287e-06;1.056971754025331e-06;8.993743169048538e-05;0.00014240978159662642;9.678166767113995e-05;8.960288197803097e-05;7.709462868564482e-05;9.087391100822809e-06;0.0001110879859711905;4.772003597503251e-05;4.110524890454116e-06;5.613720016171422e-06;8.871191522100901e-06;7.367475859674268e-09
00:22:28;693;1.131819548467144e-06;2.1741660314350895e-06;5.374251740969461e-05;8.163788499357142e-07;1.7105658087566347e-06;1.7215718691429318e-06;1.6152212147185259e-06;9.311226021324615e-07;7.815345961100077e-07;5.24438279247974e-07;1.2607041783044535e-06;1.6374084800768236e-06;7.369673802528418e-07;1.3180104841869034e-06;5.279103853051869e-07;1.5435501635221055e-06;3.0391980714474684e-06;3.4064243946092194e-06;3.295206886809577e-06;2.2126339545829517e-06;1.3679397667043372e-06;1.0887702940627157e-06;2.5149148325597917e-06;2.8876755590594074e-06;1.1943009414170763e-06;2.5576783970411522e-06;9.816981751503624e-07;8.931317384382373e-05;0.00012005025478956461;7.904906331261566e-05;8.85950153472269e-05;7.773023030044354e-05;1.365790082878398e-05;0.000109248486804895;4.86773809215944e-05;4.173404255046644e-06;5.233178352049906e-06;9.171191091371523e-06;1.0929068919583847e-08
00:22:30;694;1.1477615179894036e-06;2.197629617547113e-06;5.710082860366604e-05;8.247619647441049e-07;1.5385956759963257e-06;1.7353291781319058e-06;1.894134241776545e-06;1.0393106334337754e-06;7.761348395489294e-07;9.253213237253083e-07;1.2595799870593085e-06;1.1986314451691142e-06;7.796494003529311e-07;1.2648012224629341e-06;5.368878220789565e-07;1.5558825706176332e-06;2.890699234636555e-06;3.3822239983456263e-06;3.5396170270486654e-06;2.371168425040046e-06;1.373051018997759e-06;1.5498769180685255e-06;2.518199953325925e-06;2.454699617512141e-06;1.219624483049221e-06;2.521064313349356e-06;9.95446888193236e-07;8.171099622023035e-05;0.0001426338231347391;9.370152343627191e-05;9.877904401840185e-05;7.987752355758313e-05;9.566224870439756e-06;0.00010686076985549912;5.406337397064286e-05;4.011036815714833e-06;4.851784529684435e-06;9.139070552608462e-06;1.4772282176694051e-08
00:22:32;695;1.2313030243081935e-06;2.295552075672357e-06;6.0092613361733515e-05;9.581301938510478e-07;1.4994298547031029e-06;1.6770598513944761e-06;1.8555964969024785e-06;9.246996941088397e-07;9.123222261693669e-07;5.231913419672712e-07;1.3498059860142773e-06;1.2678329725866113e-06;1.6872554425940611e-06;1.3441396051951735e-06;7.761721712220357e-07;1.6848455029676073e-06;2.820635219467465e-06;3.2813186839742725e-06;3.6040939874832868e-06;2.244651388732736e-06;1.530186831230453e-06;1.117095123419536e-06;2.676948806938411e-06;2.5749038050440803e-06;2.209952905231367e-06;2.5954363933768817e-06;1.20655537984873e-06;8.943650924636803e-05;0.0001285115571413678;0.00010907192553241895;0.00013315866773788983;7.185366503982192e-05;1.2004116042227262e-05;0.00010792745888574093;5.05845054303701e-05;4.368878717231194e-06;5.368227524189378e-06;8.815819440345034e-06;1.0029602831725594e-08
00:22:34;696;1.0950373894919545e-06;2.137527545367252e-06;5.44038360185062e-05;7.816264180539954e-07;1.2886434583656772e-06;1.6741158332742792e-06;1.5466886270329185e-06;1.3325098537302955e-06;8.053520998368474e-07;4.692283328757505e-07;1.261964602796504e-06;1.2122056837911415e-06;8.685371399863584e-07;1.2997439111246805e-06;5.998322436327121e-07;1.5040312631224625e-06;2.6210163578301185e-06;3.314365556756848e-06;3.230703835965236e-06;2.6538868821803534e-06;1.410890459720588e-06;1.0420812146359038e-06;2.50421088004501e-06;2.4733555383596766e-06;1.2957562842219184e-06;2.5497239909172197e-06;1.0503075665112674e-06;8.516569278861486e-05;0.00013319071442129016;8.579955253690033e-05;8.347039954147563e-05;7.765978774978265e-05;9.501650510179161e-06;0.00011017317317976268;4.969577019371745e-05;4.40845526111362e-06;4.842218133028953e-06;8.93197889477486e-06;6.639011433898392e-09
00:22:36;697;1.090530695161104e-06;2.1313891583983455e-06;5.492463313599795e-05;8.188106708621619e-07;1.2998341796849837e-06;1.5978811576515413e-06;2.0436226157791926e-06;9.462856310255513e-07;8.212055210389156e-07;4.692284802931823e-07;1.279452496434756e-06;1.2138898074195739e-06;7.107983095040864e-07;1.3443234380229219e-06;5.410355881287707e-07;1.5287869116577837e-06;2.6357534271839908e-06;3.2224231457388946e-06;3.644712579225137e-06;2.277030790261235e-06;1.4289840984204175e-06;1.0624878998326874e-06;2.5276085608898546e-06;2.49430297571962e-06;1.1520664546119002e-06;2.611960179463126e-06;9.9055189200988e-07;8.716383259940222e-05;0.0001443676939747437;9.164060297883716e-05;8.116113487856919e-05;7.462524750514512e-05;8.189144559459728e-06;0.00010648068956154768;4.722137902731218e-05;3.978000344309162e-06;5.400284175990167e-06;8.85589289425713e-06;1.1695132402038647e-08
00:22:38;698;1.160477085901138e-06;2.186818112966625e-06;5.4132862073955274e-05;8.509301164300548e-07;1.5962075370558957e-06;1.8430951753084008e-06;1.743343754447644e-06;1.1062182831977907e-06;1.0617809128890796e-06;5.060220667535925e-07;1.3012691597389583e-06;1.348010399062425e-06;7.243741324749273e-07;1.3139957288708295e-06;5.304773445160358e-07;1.557431858865256e-06;2.9157597394639854e-06;3.4473082968925386e-06;3.342568072207829e-06;2.4202072021971963e-06;1.633235352597648e-06;1.0709831620928686e-06;2.5479348076121917e-06;2.6045847012546455e-06;1.1687245494647845e-06;2.538847611446462e-06;9.942309387480247e-07;8.760823804150203e-05;0.00012382873011816697;9.122483572053781e-05;8.536804652172893e-05;7.863731992379892e-05;7.883621913125948e-06;0.00010860871026033323;4.844052320026533e-05;3.995009850198591e-06;5.067392277298026e-06;8.922853454820979e-06;9.063605686673845e-09
00:22:40;699;1.1602469663817383e-06;2.2132749612680954e-06;5.915956873865283e-05;7.845342475867121e-07;1.2828253981502578e-06;1.615722277505747e-06;1.7245836203146196e-06;1.0883167865894838e-06;1.0860845628099272e-06;4.4259074145019445e-07;1.4166606492338474e-06;1.2156583780832297e-06;1.3625274951129478e-06;1.3697260931942103e-06;5.337328784998424e-07;1.5182598860830487e-06;2.648637716240184e-06;3.2241088653871526e-06;3.462532268264412e-06;2.410161300758773e-06;1.6649927432164203e-06;1.0215426588234274e-06;2.6675340617243187e-06;2.4890587760234632e-06;1.8611703201057463e-06;2.6056418276691805e-06;9.856581186795665e-07;8.345764552834121e-05;0.0001393056368643652;0.00010034291625627448;0.00011529869364242317;8.455732487916494e-05;8.960248504090416e-06;0.00010758093221384817;5.1537633203166236e-05;4.304326519235043e-06;5.666921987422101e-06;8.892225843270396e-06;1.0319422232913239e-08
00:22:42;700;1.1833967345447667e-06;2.2122114209012097e-06;5.638384164836229e-05;8.146820594296339e-07;1.4734873361051242e-06;1.632669425756138e-06;1.8593942813732218e-06;1.0056914976756688e-06;7.266708930344443e-07;6.073210534877789e-07;1.2561251146307613e-06;1.5499774182520747e-06;1.2420788117624553e-06;1.1954101168337223e-06;8.372523445048846e-07;1.529575453637738e-06;2.7975755238348708e-06;3.2691593183192742e-06;3.508279702099905e-06;2.3158926886693897e-06;1.3192309756671916e-06;1.197758916903902e-06;2.501513763433385e-06;2.7740761249298906e-06;1.626391004184727e-06;2.444111852945511e-06;1.262970795827457e-06;9.571648357746276e-05;0.00013736103723354227;9.550272121009877e-05;9.154615000543346e-05;7.179817239347503e-05;1.0042151666077005e-05;0.00010847107592233145;4.924511252386888e-05;3.939034497080412e-06;4.150365806524589e-06;8.821310749585414e-06;1.2484194867302284e-08
00:22:43;701;1.0875452886532406e-06;2.150162979691968e-06;5.169067066200932e-05;8.301392438913137e-07;1.3347969051674176e-06;1.7637749342663318e-06;1.5361633941456498e-06;1.1792375080462008e-06;7.770993827417204e-07;6.434828485007477e-07;1.2226339120922283e-06;1.3202965768757933e-06;7.064542615544476e-07;1.203290437149204e-06;5.331736193961686e-07;1.554486139360086e-06;2.677554841249753e-06;3.4555134501301204e-06;3.241915528288021e-06;2.529342580175258e-06;1.373495022222944e-06;1.245592870455893e-06;2.510225303749509e-06;2.593738076075745e-06;1.1760343037293969e-06;2.4490083320945157e-06;9.950485931928793e-07;8.377834292976715e-05;0.00012791299305254492;7.720329730702131e-05;6.965071005919433e-05;7.917810860768138e-05;1.0987769337710136e-05;0.00010574798098837871;4.738595496113716e-05;4.369752210354285e-06;5.201609565286847e-06;8.859792131506913e-06;1.1736793528532358e-08
00:22:45;702;1.099440277566285e-06;2.1578824541243595e-06;6.042287741160158e-05;8.058870909589576e-07;1.3671963557242024e-06;1.6397973325058244e-06;1.723500292624439e-06;1.0275058644734516e-06;7.698859731145288e-07;4.895673741552158e-07;1.256023148356953e-06;1.3990627054447848e-06;7.292072250677315e-07;1.4620494887490116e-06;5.236000442917802e-07;1.5472713891563505e-06;2.762438027816585e-06;3.255218379182006e-06;3.4697309217070923e-06;2.3596579205355115e-06;1.3782936537010548e-06;1.0792115772404296e-06;2.5138352033467574e-06;2.660030743386357e-06;1.183807714651381e-06;2.7053032022482926e-06;9.797898437221803e-07;8.23587742211661e-05;0.00013639455217049704;0.00011117455097544137;0.00013094084198738226;7.882283771818482e-05;9.963803920466681e-06;0.00010895446510494096;4.900816048815247e-05;4.159499747032883e-06;4.512819822681369e-06;8.769785636776142e-06;1.4437146497295036e-08
00:22:47;703;1.1622131378498002e-06;2.205853664385865e-06;5.36410156229183e-05;9.022947974234409e-07;1.627997292530381e-06;1.8111517194279776e-06;1.577999239640607e-06;1.2994719220671413e-06;9.91918858081223e-07;5.236682924060109e-07;1.2540284054810256e-06;1.17680194566816e-06;9.215622121578287e-07;1.2872201916087016e-06;5.724423116536638e-07;1.6361780414131951e-06;2.93804593143883e-06;3.4169904205255886e-06;3.2447373190665577e-06;2.6734251366489634e-06;1.5779208432590327e-06;1.091136739375278e-06;2.517372835531136e-06;2.4644955359851534e-06;1.3628115743525581e-06;2.5206972401364612e-06;1.0264311007447277e-06;8.254022091171255e-05;0.00011974421628767428;8.780508849503299e-05;9.638603225876187e-05;7.805926599034793e-05;8.249150161731596e-06;0.00010645132850185978;4.650896905264519e-05;4.175870338963094e-06;4.721154263810561e-06;9.041869594860698e-06;9.021617618975376e-09
00:22:49;704;1.1550404468833748e-06;2.1985476732994886e-06;5.566346743241754e-05;7.870373655016749e-07;1.4329136566586116e-06;1.945410818296719e-06;1.575605938164415e-06;1.0415252497221095e-06;8.296328489653216e-07;4.355201025677244e-07;1.2841429084531342e-06;1.9053892422636987e-06;8.034482300477531e-07;1.205074649361522e-06;6.147839123035485e-07;1.5039562643473397e-06;2.755840298533845e-06;3.5317773122360334e-06;3.242717273770964e-06;2.3681425937302035e-06;1.454162033116771e-06;1.0130623129239384e-06;2.529686396514932e-06;3.197450533788688e-06;1.266667638872927e-06;2.4462527775701543e-06;1.0728557149060997e-06;9.67627096859467e-05;0.00012382472439519606;9.005474767652864e-05;9.937973722184984e-05;7.422160573169841e-05;1.179075913058557e-05;0.00010770306075461886;4.625818059118103e-05;3.690103663358476e-06;5.3457305444520295e-06;8.918725410921226e-06;1.1524382673748524e-08
00:22:51;705;1.2213722684541815e-06;2.283136573571972e-06;5.2321154585199956e-05;8.813175323267459e-07;1.9124182210364635e-06;2.05296645461317e-06;1.6968324261638785e-06;9.916430376642118e-07;1.4492820313546675e-06;5.092951953096629e-07;1.2217707889435174e-06;1.222026120537769e-06;7.62229626810102e-07;1.1992346513006231e-06;7.574506910175542e-07;1.598551244005418e-06;3.2252613534724277e-06;3.776382366399785e-06;3.386254366553577e-06;2.334775358634298e-06;2.0576958060609043e-06;1.0703112286304117e-06;2.492541294555803e-06;2.523282739298626e-06;1.2499766043381183e-06;2.477261756223614e-06;1.2053439807551754e-06;9.043482518569021e-05;0.00012485611660765616;8.363044227184008e-05;6.59933785755429e-05;8.118424967328869e-05;8.594759093804927e-06;0.00010696171164817196;4.7663101648364016e-05;4.651835394900193e-06;4.975795200716705e-06;8.894305244318687e-06;1.3334478105109876e-08
00:22:53;706;1.0916479741173257e-06;2.1351617971061075e-06;5.789500099836641e-05;7.677356847227398e-07;1.2785979119103983e-06;1.8317391611591658e-06;1.5466668711832716e-06;1.0197536359577632e-06;7.538483113704459e-07;4.349918914161386e-07;1.2004104745373794e-06;1.3174796031508023e-06;7.112288559308798e-07;1.3226016221617505e-06;9.147212200617942e-07;1.4948993837122866e-06;2.62470474020039e-06;3.412853454357924e-06;3.2471705167211704e-06;2.352083133470692e-06;1.3430760372436534e-06;1.0435201291536803e-06;2.455210457085315e-06;2.5618452124795514e-06;1.1511272430341912e-06;2.5818063114698654e-06;1.353644348409368e-06;9.169396300919213e-05;0.00014175699394580057;0.00010642222737917002;9.74240096936882e-05;7.466435640806145e-05;8.172148948883459e-06;0.0001087012904962823;4.821838212906916e-05;4.190470179373183e-06;4.558227953135517e-06;8.929986926889497e-06;7.954910851279536e-09
00:22:55;707;1.0519859577390827e-06;2.10392399850794e-06;5.556472905003908e-05;7.62929369054048e-07;1.2900962112735472e-06;1.7787848903726522e-06;1.5079612766558368e-06;8.958848565625162e-07;6.997908682829487e-07;4.161715903006069e-07;1.3975299260464298e-06;1.199553131007876e-06;7.356069257563097e-07;1.4271995437585938e-06;5.123224807622829e-07;1.506720377044156e-06;2.6624007340373444e-06;3.36823219082431e-06;3.228497165810616e-06;2.261815893689345e-06;1.3094912343218264e-06;9.979168066964328e-07;2.6778313765676047e-06;2.468482647070888e-06;1.1751079099828727e-06;2.628760788682001e-06;9.618299845695657e-07;9.023743809686254e-05;0.00014032766282666743;9.67722696068514e-05;8.303604993713416e-05;7.405499353981865e-05;9.3520699389885e-06;0.00010810491022038961;4.608225814198321e-05;4.6547118619609845e-06;5.332447619562698e-06;8.813766666266996e-06;8.170143982711862e-09
00:22:57;708;1.1180386134477451e-06;2.179076104076108e-06;6.249121337672221e-05;9.012248015335703e-07;1.2242917647756455e-06;1.733675536221633e-06;1.782737443001281e-06;9.294498173127088e-07;1.2530805086896635e-06;5.04276076855477e-07;1.328503023065056e-06;1.1819974123512948e-06;7.216706537007476e-07;1.3203123095031153e-06;5.352435544881861e-07;1.6302063481298665e-06;2.6223254531320395e-06;3.304408860631041e-06;3.5199022960701375e-06;2.2695894139809453e-06;1.8990357001355363e-06;1.0929979116323771e-06;2.619650086683267e-06;2.4701264234713964e-06;1.1702685081022364e-06;2.550509584234763e-06;9.998916776636132e-07;8.954077415415242e-05;0.00014200951985608403;0.0001120275725976528;0.00014246338428023725;7.554362953870924e-05;1.3571944459282035e-05;0.00010836798981298207;4.91159766432437e-05;4.124073855980386e-06;4.304600377093211e-06;8.804262158527926e-06;2.083278672142803e-08
00:22:59;709;1.1150643987954048e-06;2.1697887039500772e-06;5.468957015499624e-05;1.140477344240377e-06;1.2513374893850162e-06;1.7176192195413684e-06;1.610389087858266e-06;8.964402908065691e-07;8.367453546204667e-07;8.562818439760246e-07;1.2502095103818853e-06;1.180926085566434e-06;8.073009832349437e-07;1.3032206363758094e-06;5.298244912698248e-07;1.8736313976763927e-06;2.5824639279459075e-06;3.3892831825026786e-06;3.2941458403577518e-06;2.2188629384489313e-06;1.4477238820187336e-06;1.4492591090753263e-06;2.507744645437832e-06;2.455824735851003e-06;1.2832985762427977e-06;2.5353199837038025e-06;9.999051006253708e-07;8.657737741381393e-05;0.0001236446232062403;8.674082805077717e-05;9.370701074948887e-05;7.798836341205982e-05;1.0548928371850305e-05;0.0001100330451578965;4.884969031037022e-05;3.908651605322008e-06;5.574744628877282e-06;8.689522902707415e-06;1.2056050550958445e-08
00:23:00;710;1.0747624842624957e-06;2.1346229042264203e-06;5.5635719937654636e-05;7.610271039207558e-07;1.4217800171129562e-06;1.5928381764270099e-06;1.7210485265615396e-06;9.178955378401228e-07;9.312936152351302e-07;4.73718076644435e-07;1.2648136504205871e-06;1.1657518206511306e-06;8.112212121441137e-07;1.1789424260267756e-06;6.568191578909027e-07;1.4806087395449646e-06;2.7929897709603936e-06;3.2263755449232028e-06;3.374519910491322e-06;2.2907920207286178e-06;1.5530453313808317e-06;1.0882941014527585e-06;2.532097494311736e-06;2.4623541868337108e-06;1.2755624502863645e-06;2.438232050286687e-06;1.1006023889502656e-06;9.49614021591966e-05;0.00014671583083582506;9.093309953795919e-05;7.890007773722269e-05;7.475118679655322e-05;1.0893383392422938e-05;0.00010669549013380569;4.5441464609705554e-05;4.014087044361215e-06;5.363640785850965e-06;8.947629952330747e-06;1.1346266621904618e-08
00:23:02;711;1.151689296415141e-06;2.2060196773894906e-06;5.587700909173602e-05;7.94196195596054e-07;1.4475879845932127e-06;1.5830122063288277e-06;1.5194863038914264e-06;1.7849142156220212e-06;7.934724749570808e-07;4.3159436424744513e-07;1.3980244358532703e-06;1.5025124653143187e-06;8.191132104716882e-07;1.2226689859350481e-06;5.23688244769005e-07;1.5240796649697033e-06;2.806229627833689e-06;3.226971718700215e-06;3.227341506006476e-06;3.1304904139319605e-06;1.4070115835411228e-06;1.0236363530428299e-06;2.640863148302788e-06;2.777294569085238e-06;1.2641291578526036e-06;2.4702038326952938e-06;9.73983634223052e-07;8.996448000953702e-05;0.00014419832748121405;8.643698143212552e-05;8.598242069285766e-05;8.072835131219841e-05;1.1678806411818126e-05;0.00010786305364715255;4.59059785965547e-05;4.160223676546595e-06;4.604624826141666e-06;8.989130329284394e-06;1.1730685401687888e-08
00:23:04;712;1.2413052898290806e-06;2.292215991543298e-06;5.70322784804661e-05;2.2047403481066525e-06;1.8043719795069923e-06;1.6400865843606156e-06;1.5621919049670716e-06;9.400702811745987e-07;7.837330362873858e-07;5.496408012163233e-07;1.246010900275833e-06;1.3938769849049364e-06;7.158669529484417e-07;1.4973316554322091e-06;5.577415723611135e-07;2.9421606552803705e-06;3.1379343532028577e-06;3.305627445380323e-06;3.298552322040807e-06;2.2553410080715217e-06;1.3599784105730279e-06;1.1277361085364958e-06;2.4997084754523955e-06;2.692115529072585e-06;1.1700332432650887e-06;2.7036744612918414e-06;1.0137288502190569e-06;0.00010488701054397155;0.00011657613769291408;9.507878713821949e-05;0.00010210676365653204;7.751493227256388e-05;1.2544762074838234e-05;0.00010837717934432826;4.878292221381762e-05;4.262666624393392e-06;5.288593252073998e-06;8.949232932231434e-06;1.8354019709389557e-08
00:23:06;713;1.0817646625744197e-06;2.13633587849518e-06;5.308274491562499e-05;8.052278556259683e-07;1.25466220952058e-06;1.6970951829297187e-06;1.6957211880320633e-06;9.644007931635719e-07;9.59380949067617e-07;5.017736618529899e-07;1.2643699950455234e-06;1.2228468757995032e-06;8.306028264777736e-07;1.2610293942798152e-06;5.240645950330893e-07;1.5321820050119158e-06;2.648441086939438e-06;3.4024440255846837e-06;3.3510034945375313e-06;2.3011196784449844e-06;1.5574483110775632e-06;1.0861184584508563e-06;2.5368169371510784e-06;2.450363939703804e-06;1.2654600392942243e-06;2.5235750224021125e-06;9.81056556499045e-07;8.787695938737756e-05;0.0001331419343445819;8.229192035555052e-05;7.549513563807718e-05;7.468872759153891e-05;1.1703581047515849e-05;0.00010790429011250871;4.624022974291485e-05;4.080235794849731e-06;4.6836409894327126e-06;8.8735342593725e-06;1.2749723779533106e-08
00:23:08;714;1.0457451057826523e-06;2.1110829090468563e-06;5.764468282744869e-05;7.883317944697281e-07;1.2516567828251885e-06;1.740415250947339e-06;1.664669907777946e-06;8.993830546169787e-07;7.466224846052295e-07;4.811751523690269e-07;1.266049810443416e-06;1.1663519093571297e-06;6.962358127602577e-07;1.2426247420936998e-06;6.054241362382388e-07;1.518487478497724e-06;2.6014298224323237e-06;3.4315315945064013e-06;3.4023850264331277e-06;2.249843830697178e-06;1.3487094366333806e-06;1.0574500061299164e-06;2.555884849025e-06;2.464972334265336e-06;1.1462819064128112e-06;2.499653397777204e-06;1.0563642795607882e-06;8.84269958751497e-05;0.0001289933296629939;9.898015742866874e-05;0.00011073495635050951;7.630080872288532e-05;1.2318376348894304e-05;0.00010780865139730611;4.957167778999152e-05;4.217152924223908e-06;5.152086457844543e-06;9.218697541043083e-06;1.3303429873532793e-08
00:23:10;715;1.1336984163566977e-06;2.193426931752802e-06;5.7585562903443874e-05;1.3552541321101588e-06;1.3216713001604965e-06;1.658506664528855e-06;1.520733802722935e-06;9.042682513893396e-07;7.633492351353446e-07;5.161146571937407e-07;1.233528822197627e-06;1.2145388031857929e-06;9.559206095779225e-07;1.6248779689026998e-06;5.356163012913064e-07;2.107323197539895e-06;2.6973574852525395e-06;3.283036615852601e-06;3.24301530885281e-06;2.2334888580523592e-06;1.3584984151725333e-06;1.0671483172573754e-06;2.531771873622393e-06;2.482551433533007e-06;1.4308142528787795e-06;2.9129761301940365e-06;9.731403473537444e-07;9.514005561378956e-05;0.00013077756401784103;9.536622656696547e-05;0.00010548148463395177;7.529248449869606e-05;1.03440581889672e-05;0.00011008563846231573;5.01432372485172e-05;4.079281808020021e-06;5.1537770565097185e-06;9.152337899147097e-06;1.0608846605636766e-08
00:23:12;716;1.0790750486287173e-06;2.1403495088346558e-06;5.3810688701854634e-05;7.846265253680879e-07;1.2834833872881808e-06;1.7728419913512736e-06;1.64023255987512e-06;9.367301745590659e-07;8.159501681991411e-07;4.4583268240830615e-07;1.4034356364721712e-06;1.1598776269136382e-06;8.173195134020261e-07;1.187355235304272e-06;7.01214634680657e-07;1.5164103566532986e-06;2.6592029262016545e-06;3.470880609354567e-06;3.3291862046444063e-06;2.2292722420227423e-06;1.4381998923880341e-06;1.029061399716324e-06;2.6976813804922822e-06;2.449303713524099e-06;1.2912036271688833e-06;2.418102185344386e-06;1.1556887759352436e-06;8.701663456786026e-05;0.00014000428571211488;8.347111196397966e-05;7.478347478264653e-05;7.561806191048013e-05;8.899674579230707e-06;0.00010789965152126914;4.9531465700352736e-05;3.9316480478913e-06;5.66337155776709e-06;8.89550858371473e-06;1.3375494948433544e-08
00:23:14;717;1.1674340300128383e-06;2.2250859918913885e-06;6.032286509357299e-05;7.793255336013322e-07;1.2937093473265226e-06;1.94434464819502e-06;1.5922026709605772e-06;1.5416009202114238e-06;7.484233193996462e-07;5.373129839240804e-07;1.2016745599393888e-06;1.1695011816344318e-06;7.696082176393433e-07;1.883381436907815e-06;5.481230901080184e-07;1.519423804732273e-06;2.6638407433305867e-06;3.528740762703819e-06;3.3170127821156e-06;2.8971315697174448e-06;1.3247896079726931e-06;1.1256732187731254e-06;2.4678020082906704e-06;2.4973175606669715e-06;1.208065821375857e-06;3.1413332773716986e-06;1.0098999451610658e-06;9.290661381780378e-05;0.00013301755724692537;0.00011129049127579008;0.00012418471861106513;7.760170025232357e-05;9.54636104905549e-06;0.00010787045075278053;4.9828578239786055e-05;4.2581300088434826e-06;4.5529071161288075e-06;8.804725984177575e-06;1.2146768196108476e-08
00:23:16;718;1.1712732093307274e-06;2.2185324220301964e-06;5.805414550375217e-05;1.4004655436136462e-06;1.2318815604766604e-06;2.128205980253287e-06;1.7984536712392893e-06;9.045908736011138e-07;8.368618245248947e-07;4.5706641211234517e-07;1.3113156366822472e-06;1.269549929183711e-06;9.054446227129244e-07;1.2010082719045427e-06;6.104337173921821e-07;2.108484707179419e-06;2.574885314383601e-06;3.7375173380059083e-06;3.4477401485777523e-06;2.2483100139330025e-06;1.438690586365749e-06;1.0482502592753055e-06;2.591256773058963e-06;2.5524055094068946e-06;1.3799327120977978e-06;2.4419300053765093e-06;1.0529847382782417e-06;0.00010301518214692688;0.00013150976512056527;0.00010532391013521663;0.0001024369836746275;7.359436033000573e-05;1.0361913900655473e-05;0.00010724544411566291;4.554027106246646e-05;3.968971907706107e-06;4.758481811953846e-06;8.88227770181005e-06;1.2184137429171437e-08
00:23:18;719;1.0875800289446922e-06;2.1371278569835963e-06;5.908023165803301e-05;9.126277507447029e-07;1.3230985518510672e-06;1.7395789155019967e-06;1.5223408565260983e-06;8.966347783033836e-07;7.835551092809241e-07;4.6197126822956525e-07;1.2045744278407513e-06;1.5656886935227539e-06;6.980320918049575e-07;1.2500927743469055e-06;6.927646918745851e-07;1.6606415838511186e-06;2.660755557417936e-06;3.339764387857042e-06;3.1915523483999266e-06;2.2355877293401e-06;1.3904023797847543e-06;1.0536197105667742e-06;2.4833101737316657e-06;2.8507251997751475e-06;1.148192127345018e-06;2.5026344048133586e-06;1.128348082265572e-06;9.039099673555021e-05;0.0001398719609536975;0.00010579838041797553;0.00011285252073827052;7.608333470337516e-05;1.1058875506337014e-05;0.00010768724338168403;4.7300033092668645e-05;3.92131503737232e-06;5.197841026368654e-06;8.7783968960387e-06;2.18814070577473e-08
00:23:19;720;1.0623950671922506e-06;2.1304668631342746e-06;5.95943680383879e-05;8.509654566456571e-07;1.280155082141541e-06;1.5770820828658378e-06;1.58780004812862e-06;9.39175455708349e-07;9.84786366150817e-07;4.4014105806476e-07;1.2959381898915787e-06;1.119310878488539e-06;7.264585906567462e-07;1.2913868205091914e-06;6.555403189975354e-07;1.5914799903356065e-06;2.630123718299268e-06;3.205038632287038e-06;3.3480330330348806e-06;2.287369331693471e-06;1.5677196916506465e-06;1.0573013422414031e-06;2.5958487585624805e-06;2.4118080574813183e-06;1.1841755592078837e-06;2.573909062482903e-06;1.1127940718877284e-06;8.600708309035626e-05;0.00012779459056667017;0.00011573925807949419;0.00012050281638884913;7.771512197549787e-05;7.483700569134871e-06;0.00011092555402268667;5.086157628307959e-05;4.379571954787716e-06;4.648561504618902e-06;9.06036982616014e-06;1.4212199319197703e-08
00:23:21;721;1.096692953824045e-06;2.1470961765092547e-06;5.407723773351712e-05;8.740944614580506e-07;1.2395957616333093e-06;1.6431522293913758e-06;1.914828900692359e-06;9.034918746082936e-07;7.651114401838945e-07;4.6098200283269236e-07;1.6086641034201483e-06;1.2578953799388417e-06;7.828473465839895e-07;1.18688540716828e-06;5.227660911428184e-07;1.6097232135714737e-06;2.595331489207143e-06;3.3156199715679726e-06;3.526692076959563e-06;2.2237758518218193e-06;1.3591823537491927e-06;1.0469808651440054e-06;2.871112919417066e-06;2.5424342412188246e-06;1.2414817691231153e-06;2.4349022808138805e-06;9.97916259488584e-07;8.729478895227974e-05;0.0001350177660408002;8.679576552106842e-05;8.356880767424566e-05;7.528692711259729e-05;9.582506706763264e-06;0.00010821319135327513;4.47830473113312e-05;4.106493197903146e-06;5.192948644604638e-06;9.068476517905967e-06;1.6133769430631626e-08
00:23:23;722;1.0737457496064322e-06;2.122198138807372e-06;5.5106808113553035e-05;8.067347257294117e-07;1.2659169784353965e-06;1.5604514192317382e-06;1.5914279486136964e-06;1.1310459303682696e-06;7.823395048557235e-07;5.785322424961042e-07;1.230815572128563e-06;1.3782155415304425e-06;7.334450243105679e-07;1.3159158987525126e-06;5.1010778219633e-07;1.5293284625069554e-06;2.6259445743148085e-06;3.2076939509973767e-06;3.260278194657191e-06;2.459944176976772e-06;1.3712229101829392e-06;1.1633163264645466e-06;2.520722032501528e-06;2.595067788989363e-06;1.1930843720907847e-06;2.578401182014388e-06;9.61372830907242e-07;9.160027546383434e-05;0.0001353731345496989;9.2496253155472e-05;8.352284608599008e-05;7.95788853691986e-05;8.232535638991054e-06;0.00010626645748528024;4.611177507441553e-05;4.063762093240462e-06;5.0489181560564305e-06;8.975214814835302e-06;1.1639475623314304e-08
00:23:25;723;1.0605274317721969e-06;2.122018350988422e-06;5.7576587729959914e-05;1.0295993642308396e-06;1.2531916949014161e-06;1.6100692730573614e-06;1.4908916347942316e-06;9.921973706477678e-07;8.951835608945141e-07;4.2935830991585144e-07;1.3956490821213792e-06;1.1686182848080762e-06;7.272575467499497e-07;1.2239769238546345e-06;5.103357022831742e-07;1.7770257612408132e-06;2.590975677315938e-06;3.2361604760670255e-06;3.1701336474380017e-06;2.374017909356622e-06;1.489987312197627e-06;1.018333808613971e-06;2.6944773457838478e-06;2.4700835721680187e-06;1.160594593594523e-06;2.5081668610842433e-06;9.742624421983525e-07;8.965061061785185e-05;0.0001394575682677442;0.00010045757965815838;0.00010020682610021284;7.600354029321984e-05;7.666935227463083e-06;0.00010750746945736893;5.180467692182817e-05;4.222888731858691e-06;5.023084367562919e-06;8.907172342568669e-06;1.0700773681486725e-08
00:23:27;724;1.1995350109569616e-06;2.2621119068723682e-06;5.703472878478598e-05;8.294228664692841e-07;1.4694205510549936e-06;1.6642925453941808e-06;1.5554161976990857e-06;2.011584398528302e-06;7.839079158325742e-07;4.7353976749920823e-07;1.9291361461817114e-06;1.1559599172014403e-06;7.366284906092218e-07;1.221618497834501e-06;5.634923647690471e-07;1.5634427338135297e-06;2.8451943739749863e-06;3.304291817872996e-06;3.279825679345765e-06;3.397575239973718e-06;1.3646705203623415e-06;1.0732941996426648e-06;3.1978411617630994e-06;2.4468074355043636e-06;1.1730517367371398e-06;2.474021967724253e-06;1.0253250767578445e-06;9.015417520144799e-05;0.00013522835224925476;9.783608940240042e-05;9.53779909939469e-05;8.186141829790503e-05;9.166257384133068e-06;0.00010935816213254256;4.7625251741912607e-05;4.159325613487764e-06;4.575765018161446e-06;9.063410876602807e-06;1.0546505636531194e-08
00:23:29;725;1.1128490699457478e-06;2.158996634062544e-06;5.312693659198584e-05;8.823988784101289e-07;1.2797452850160147e-06;1.6956936522402346e-06;2.122577955822955e-06;9.438058074063737e-07;7.705018801570677e-07;5.481249446649304e-07;1.2796004454009655e-06;1.190285466876808e-06;7.258695551293215e-07;1.388349607480486e-06;5.272349113657785e-07;1.6022508468348504e-06;2.6421798016208067e-06;3.362471218253309e-06;3.745042312966919e-06;2.2541635462978694e-06;1.3565718456413402e-06;1.1454969707520383e-06;2.5620596805403027e-06;2.467669886916351e-06;1.1571420668012333e-06;2.6213013462680302e-06;9.916092393222576e-07;9.816399625375076e-05;0.00013343429320666534;7.407823879094897e-05;6.481712278529216e-05;7.871912959356849e-05;9.738832787228079e-06;0.00010874593841111307;5.127092781248356e-05;4.106692109557699e-06;5.308408307728927e-06;9.129138029109411e-06;1.0521016383514208e-08
00:23:31;726;1.0780687282683423e-06;2.1391412278544637e-06;5.499333051617038e-05;8.391744973054475e-07;1.4037831890851231e-06;1.5869126213500935e-06;1.4952080542585122e-06;9.601296925186953e-07;8.859213426697982e-07;4.334240745499071e-07;1.219308730759927e-06;1.1891593414212955e-06;1.1862831374997995e-06;1.2105555470366303e-06;5.2696411115524e-07;1.578581604831073e-06;2.7398806625132225e-06;3.2259791232372894e-06;3.2405707885647896e-06;2.3168242990587842e-06;1.4777061253397146e-06;1.0181700204185877e-06;2.514863739680216e-06;2.4705072168148082e-06;1.6667527320293365e-06;2.4330521124353207e-06;9.86805614617499e-07;9.083826739633562e-05;0.00012777723270732206;9.163789703850399e-05;8.930323420822586e-05;7.67352780995787e-05;9.28937222563186e-06;0.00010778617138428923;4.830875135739868e-05;4.2903713566726495e-06;5.122950796733239e-06;8.81874037594922e-06;1.1699247403574028e-08
00:23:33;727;1.124307108665593e-06;2.176915628193525e-06;5.313577208078499e-05;1.0969230141988362e-06;1.2645732237117422e-06;1.651922942839819e-06;1.625952312264448e-06;1.2349587204984014e-06;7.185026935035471e-07;4.802629965434074e-07;1.5047885260279579e-06;1.2862844724701652e-06;9.2078475825859e-07;1.183404688344002e-06;5.233265074622295e-07;1.8193368161311948e-06;2.632103272372672e-06;3.310662169163071e-06;3.3323650008748666e-06;2.555780451409272e-06;1.3182943565811048e-06;1.0384958177901007e-06;2.8030018815046834e-06;2.5506987461810667e-06;1.3353923986294002e-06;2.447143702462383e-06;9.797121445248931e-07;9.055460236890251e-05;0.00013638518358365147;7.811900877791023e-05;7.389829853204231e-05;7.154492834137685e-05;1.01982387060534e-05;0.00010862427608245123;4.967863466215466e-05;4.300419643150485e-06;5.232548778719924e-06;9.077581124301247e-06;1.5544368705699443e-08
00:23:34;728;1.2663826318905855e-06;2.3256247727025582e-06;5.724196981721425e-05;7.938150515504364e-07;1.612764875505687e-06;1.673027130086072e-06;1.6583114091210533e-06;9.926639604852416e-07;7.91205031915674e-07;6.409271810251224e-07;1.3075701348341795e-06;1.185148972737693e-06;7.557381359097287e-07;3.1918866014925906e-06;5.935325966468306e-07;1.5242358188780725e-06;3.0143828639608463e-06;3.360767918878347e-06;3.341306896627545e-06;2.3346824736097317e-06;1.3933595579158152e-06;1.2068867935300384e-06;2.5909887110082066e-06;2.472514372325522e-06;1.1958000419626037e-06;4.447963650058734e-06;1.0246074062890812e-06;8.657469278779592e-05;0.00013423759183501537;0.00010159027414847428;0.00010406176265187779;7.371684944018464e-05;9.710607955600439e-06;0.00010917050602578886;4.9700341841576776e-05;4.224911055358927e-06;4.745539287246999e-06;9.157108288736943e-06;1.345248891391372e-08
00:23:36;729;1.1281252981473502e-06;2.1879532328690586e-06;5.5293916868420454e-05;1.0960372605465936e-06;1.2979539810619267e-06;1.8189905615690287e-06;1.5461245435459277e-06;9.578846462687807e-07;7.939486567985135e-07;5.09143822496389e-07;1.2077488879698577e-06;1.2641500624481368e-06;1.187467264558832e-06;1.2003767725265002e-06;6.576766662582465e-07;1.8271762373727522e-06;2.6175826901002254e-06;3.4539102959075258e-06;3.271793678357403e-06;2.2993992915065905e-06;1.4010671225726502e-06;1.0861909348892093e-06;2.4909357011029564e-06;2.560859743310555e-06;1.6547504930966608e-06;2.4802260512946236e-06;1.1115456274344266e-06;8.53837489034795e-05;0.00012578365112087743;9.022683530048498e-05;0.00010301084429261701;7.396859520773406e-05;9.82712627738e-06;0.00010839249152708206;4.868772323463712e-05;3.989137583562808e-06;5.342042906462151e-06;8.90448694182913e-06;1.0319124899290113e-08
00:23:38;730;1.0881209177329962e-06;2.136221716763073e-06;5.571158257213689e-05;7.57803349122293e-07;1.2900814028362426e-06;1.5839701101457009e-06;2.1739854438671746e-06;9.077688564476912e-07;8.399288432446962e-07;4.3432973514692913e-07;1.2949791576036516e-06;1.1465018948765182e-06;6.982837572005512e-07;1.383358339233289e-06;5.464596852194409e-07;1.4735197521675425e-06;2.6278088974242013e-06;3.2436093528004574e-06;3.7670914837149267e-06;2.2651703778172283e-06;1.4184500120296159e-06;1.0159312528000406e-06;2.5782737232394897e-06;2.4431650085198617e-06;1.1532820288185932e-06;2.6460603320157146e-06;1.0022975886783305e-06;9.015421772998415e-05;0.00013560132066031908;9.927535222489014e-05;8.508624045840727e-05;7.417909214109815e-05;7.87904763471556e-06;0.00011044082606715433;4.818345782489163e-05;4.297890275710819e-06;4.46856049840706e-06;8.96137409590606e-06;1.1611254158255714e-08
00:23:40;731;1.0142926855588092e-06;2.0829307539868383e-06;5.512050484067184e-05;7.402408249196862e-07;1.2155201126840998e-06;1.5331646029504886e-06;1.5613716979536527e-06;9.711963801254084e-07;7.334533205833277e-07;6.579160130430624e-07;1.20676305522109e-06;1.1171728317387937e-06;7.665468847148108e-07;1.1722844641681718e-06;4.958815923943921e-07;1.479170162849785e-06;2.572389505501955e-06;3.1851274533310753e-06;3.2744052578557704e-06;2.308707110652121e-06;1.338013422050205e-06;1.281059326894264e-06;2.5017637895710126e-06;2.391480114090859e-06;1.2577234139791495e-06;2.437667954905873e-06;9.676606604835233e-07;8.871236977345982e-05;0.00012817364386694867;9.108866597702668e-05;9.342906293560565e-05;7.265538747540196e-05;1.122931571169886e-05;0.00010978126599670198;4.839574048710426e-05;4.048638316147446e-06;4.949729906698177e-06;8.972340165820774e-06;9.897475447800546e-09
00:23:42;732;1.0558373389328453e-06;2.129225474820049e-06;5.7532102599818124e-05;7.456541017767584e-07;1.325289941627778e-06;1.8475639618613244e-06;1.4856439117300562e-06;1.0595674069852572e-06;7.184604764857867e-07;4.892727579449999e-07;1.2586125924100728e-06;1.1460987464931547e-06;7.423916754072996e-07;1.32587121298206e-06;5.25620805385591e-07;1.4671593132184574e-06;2.7020537791492032e-06;3.4919008048515785e-06;3.2546405248156798e-06;2.4085908984189598e-06;1.329100283311175e-06;1.086568060752799e-06;2.5607886113269886e-06;2.4551370053146294e-06;1.2240238859277857e-06;2.5864885556880904e-06;9.842529518837067e-07;9.153334190337622e-05;0.00014411220731202893;8.68087260712234e-05;9.371986014928435e-05;8.34874329392557e-05;1.3345354024740655e-05;0.0001079721562997955;5.0848058341131234e-05;4.1990266293552845e-06;5.28655995788173e-06;9.059079980403952e-06;1.342758934046283e-08
00:23:44;733;1.1412953940299013e-06;2.211803368620075e-06;5.8130532282649205e-05;7.958255922540564e-07;1.4115291028137345e-06;1.704507545532217e-06;1.7380473125363303e-06;9.543919145084023e-07;9.444854533620499e-07;5.245670114849655e-07;1.2752441361482427e-06;1.1901228102411727e-06;7.630202766183526e-07;1.6912002188976514e-06;7.026029068849223e-07;1.5303256773970847e-06;2.8013514666562963e-06;3.3690710615356014e-06;3.5117018342134543e-06;2.295346106782031e-06;1.5590852669873452e-06;1.1107244753204696e-06;2.5681170318190958e-06;2.4493538522976818e-06;1.2501790424606423e-06;2.947174197334455e-06;1.149209629579385e-06;8.343713001081836e-05;0.00013508789941304666;8.888782465141167e-05;0.00011653988982174407;7.795188479085346e-05;1.6910075198644196e-05;0.0001087293905466059;5.159368989601234e-05;3.972756625659583e-06;5.27448318995908e-06;9.170663482782607e-06;1.0699764252552583e-08
00:23:46;734;1.0941624378252806e-06;2.1629706985043447e-06;5.364922334755609e-05;8.31366034197019e-07;1.2589241865544987e-06;1.8105366175999196e-06;1.506736034122143e-06;8.833665476679833e-07;7.105970576404275e-07;5.034524264752543e-07;1.2369281953442366e-06;1.461930171990518e-06;9.978724406778383e-07;1.2872316331231042e-06;6.410074687611779e-07;1.5667993348191125e-06;2.6518308053525715e-06;3.491850840205937e-06;3.2394922026803296e-06;2.1920447401314477e-06;1.3133310892930861e-06;1.0887608024709556e-06;2.537331529828971e-06;2.7338563912260588e-06;1.4921955135268714e-06;2.5457795167128524e-06;1.1023749031025972e-06;8.395762858613419e-05;0.00014136247290528724;7.66734771536494e-05;7.968245230689997e-05;7.585683927104279e-05;1.192400324802838e-05;0.00010720745421034428;4.877051930441966e-05;3.9252006612220885e-06;5.6190850291042765e-06;8.797249912927945e-06;1.4297581612982423e-08
00:23:48;735;1.046069233416476e-06;2.10347929877099e-06;5.7315954519605225e-05;8.725148312132608e-07;1.418530713821879e-06;1.6727938220061456e-06;1.49283263415547e-06;9.911910518215192e-07;8.922122433994353e-07;4.276314607269556e-07;1.1903883802717856e-06;1.128623168175383e-06;7.044355611556857e-07;1.2403042742354324e-06;5.213721990905317e-07;1.6119107944108738e-06;2.763823040022774e-06;3.3299641795047483e-06;3.193383889405987e-06;2.3633400285436e-06;1.5022251706991656e-06;1.004882793909652e-06;2.4442755015507264e-06;2.4162840565070295e-06;1.1519382798977387e-06;2.4762226311844344e-06;9.835002241357823e-07;8.854876697499089e-05;0.00012687920070881476;0.00010720790810297231;0.00010652711601805116;7.629118019317053e-05;7.283394274758226e-06;0.00010930967891436252;4.7833336464080854e-05;4.409585287128714e-06;4.640105482529153e-06;8.846913647185712e-06;1.4268167217521296e-08
00:23:50;736;1.0561496554893004e-06;2.117423140520305e-06;5.54358245072662e-05;7.495408239128148e-07;1.222681941066965e-06;1.5402167746455833e-06;1.536662896807105e-06;9.21589550612561e-07;7.30457919121105e-07;4.72544740448555e-07;1.2988333522236737e-06;1.1175924317702817e-06;6.822126297414208e-07;1.858378756254679e-06;5.430836193683191e-07;1.46858511741328e-06;2.568913432581592e-06;3.1941999594304827e-06;3.2339592197083993e-06;2.2607781472829573e-06;1.3498176983801708e-06;1.0527548271557529e-06;2.5847637666226512e-06;2.4078580932100406e-06;1.1468484690858186e-06;3.134362635114197e-06;1.0062358496811554e-06;9.138017279252775e-05;0.00014139311172653717;8.90650708676332e-05;8.367720302554232e-05;7.787730599369903e-05;1.0910188240463085e-05;0.00010847312185438784;4.413786340496923e-05;4.447081623722641e-06;4.733662350218974e-06;9.120966126647966e-06;1.4146080845157951e-08
00:23:52;737;1.0956477077525308e-06;2.1481702753613094e-06;5.768795934735393e-05;8.559335607959507e-07;1.5114662584959537e-06;1.7344473769947462e-06;1.4658106388474514e-06;9.58385822500609e-07;7.940124113355167e-07;4.137775183498217e-07;1.2207406242223131e-06;1.5733677417887035e-06;7.114954147463043e-07;1.1995237930212903e-06;7.088108745601961e-07;1.5653291395118444e-06;2.9105352737881534e-06;3.3656377219145562e-06;3.2039034073322103e-06;2.2893712777566845e-06;1.363516352877831e-06;1.0183748571175265e-06;2.485049380878461e-06;2.812919522604048e-06;1.1672250747600445e-06;2.4450292222596383e-06;1.1511511805893643e-06;9.111496438664289e-05;0.00015027857501710527;9.650508056789144e-05;9.584100418396648e-05;7.165580529750005e-05;1.0074050907287223e-05;0.00010867131936483758;5.042188346157757e-05;3.946993041445492e-06;4.684248121659823e-06;9.048454556768431e-06;1.3133261564907422e-08
00:23:53;738;1.1346403399867002e-06;2.2076347010935724e-06;5.7139120157963484e-05;1.0421112123540608e-06;1.3306886018133406e-06;1.6603751711711952e-06;1.5962064484721272e-06;1.2402733470554237e-06;7.788257919795104e-07;4.367528791354209e-07;1.3366239550323526e-06;1.153056972811519e-06;1.2704649985777068e-06;1.2578626426512136e-06;5.124415855691082e-07;1.7874121043906265e-06;2.7172309360081916e-06;3.311097215592332e-06;3.360315652490856e-06;2.563815533454844e-06;1.3910137991106124e-06;1.0216765092450317e-06;2.628390434380625e-06;2.457161074260834e-06;1.7743037126739539e-06;2.508773053693714e-06;9.70425595790955e-07;8.928282764834869e-05;0.00012748350126191916;9.232957351022533e-05;0.00011240755040097225;7.37399053538022e-05;1.1561509533157042e-05;0.00010743888936494794;5.278485084694318e-05;4.105744648813926e-06;5.548099192872789e-06;8.974666110462257e-06;1.232402309721143e-08
00:23:55;739;1.0024518864297378e-06;2.0690316904608465e-06;5.59190019107382e-05;8.137080493852977e-07;1.2078284136084572e-06;1.5735754415047154e-06;1.511204506259906e-06;9.762833441067704e-07;7.080243989886593e-07;4.417856988115819e-07;1.190406426926865e-06;1.1329665216502411e-06;7.122928951310634e-07;1.180393411863308e-06;5.809531136158341e-07;1.5411595926753429e-06;2.549663715307119e-06;3.249146929296261e-06;3.2994632097661106e-06;2.2978300361086717e-06;1.31664892452608e-06;1.0511332207679055e-06;2.4822287615060753e-06;2.4124590383876294e-06;1.1820634808194698e-06;2.4138283675665085e-06;1.0327537945843837e-06;8.657657534811726e-05;0.0001290660010344739;9.625309094167741e-05;9.671351819813124e-05;7.853535435820625e-05;8.947200433218153e-06;0.00010745883701078273;4.8836031783602624e-05;4.411667865030672e-06;5.13523644115363e-06;9.083249495109032e-06;1.1260019355659378e-08
00:23:57;740;1.0262746236671723e-06;2.0847664639899726e-06;5.508188999236986e-05;7.477861872344378e-07;1.2558862204737797e-06;1.5547373000337281e-06;1.6956051468755815e-06;9.733621952486131e-07;7.081637406985469e-07;4.6584457332036905e-07;1.2706842696436576e-06;1.1229803500030626e-06;6.880598507114594e-07;1.3141549075612602e-06;5.180302895737363e-07;1.4827872556578986e-06;2.624161337263115e-06;3.2239440424976387e-06;3.379578260989282e-06;2.335563483282823e-06;1.2971711536137481e-06;1.0539784468648254e-06;2.559008692779698e-06;2.3891092945333082e-06;1.1374332633680798e-06;2.554134663183458e-06;9.803270312993017e-07;9.753813904180039e-05;0.00013387700428551817;8.888460330144527e-05;7.919887885548594e-05;7.689531269035504e-05;8.744437578942703e-06;0.00010920076273940579;4.865712788496438e-05;4.2854811361391735e-06;4.8188088082367916e-06;8.873332107496658e-06;8.791478648275992e-09
00:23:59;741;1.0370805265063672e-06;2.1134246017487684e-06;5.6057924637421956e-05;8.616092997858583e-07;1.4457535011593656e-06;1.665495170141443e-06;1.4813003862715588e-06;8.632254099810216e-07;7.276109799114749e-07;4.160586188704165e-07;1.3858957961041731e-06;1.1112074312016127e-06;7.046081275612953e-07;1.2118167341509691e-06;5.703844478349202e-07;1.6016119541492589e-06;2.8500142699285097e-06;3.362695434600626e-06;3.2290499486315396e-06;2.230964964204575e-06;1.3290849902728904e-06;1.0238307330710778e-06;2.6462792914260926e-06;2.4149162311603714e-06;1.1494613495069874e-06;2.4910875320333446e-06;1.0320976556774636e-06;8.796406874655695e-05;0.0001389718137648406;9.048874155407194e-05;8.587580636503337e-05;7.744993114100875e-05;1.0937365433606542e-05;0.00011090038931414269;5.158194788114943e-05;4.283211955243297e-06;5.128957975459243e-06;9.096739376565794e-06;1.6122141384991975e-08
00:24:01;742;1.0106278660806176e-06;2.0729655155183895e-06;5.674660732860156e-05;7.40225942077253e-07;1.2616148361162387e-06;1.6459294956467312e-06;1.5439071405574303e-06;9.344759807173763e-07;7.198537079150019e-07;4.3359286868009533e-07;1.2279946637731727e-06;1.1275722229051801e-06;7.509186434682327e-07;1.1866156430784258e-06;5.548328632087873e-07;1.4790521767788016e-06;2.666362385027725e-06;3.2774439832677142e-06;3.2473381688299625e-06;2.2846416707384207e-06;1.3218648521764914e-06;1.0329940530079477e-06;2.529158545649243e-06;2.3888270072370974e-06;1.1777017521759446e-06;2.46411468651786e-06;1.0060858863089149e-06;8.60511812774645e-05;0.00014141878764549094;9.868569352189139e-05;9.790308012078399e-05;7.658415286870126e-05;8.871747454526652e-06;0.00010636976741519882;4.7423905596226294e-05;4.305191537481672e-06;4.548109154746951e-06;8.78287523202236e-06;1.4796118683631699e-08
00:24:03;743;1.006489017382509e-06;2.0754516610188284e-06;5.7894444886460996e-05;8.103243269113652e-07;1.2240486260947394e-06;1.5589654202714924e-06;1.5115916040480732e-06;8.857871699160827e-07;6.958486125893418e-07;4.166617428857933e-07;1.2768703427115922e-06;1.1364051517177969e-06;8.541797488316082e-07;1.1894283745403103e-06;5.177566652182396e-07;1.5589301089181115e-06;2.612596323517578e-06;3.2066694483880464e-06;3.259656419755583e-06;2.212311639446346e-06;1.3163687713764559e-06;1.0090469017305174e-06;2.567445138290939e-06;2.400311229935084e-06;1.3527016693831086e-06;2.4268844302391297e-06;9.82496973409968e-07;8.865129321676984e-05;0.0001377632660351425;9.500532213414426e-05;0.00010688793783079766;7.737620102855365e-05;9.666774748335966e-06;0.00010888149541181078;5.2901123669425104e-05;3.758176787088195e-06;4.84428447565959e-06;8.980993132865705e-06;1.6470166938524266e-08
00:24:05;744;1.0587153968056773e-06;2.1212428786775836e-06;5.737496729235887e-05;9.33958002087691e-07;1.247942331129469e-06;1.4955416407502753e-06;1.5310273440957447e-06;9.844832227818239e-07;7.605851862667702e-07;4.3246297441103887e-07;1.2285741158150771e-06;1.3836935049870258e-06;7.422651116377339e-07;1.181756327825215e-06;7.822945703753444e-07;1.6681860812885917e-06;2.63506379850915e-06;3.173881119621484e-06;3.2286569836011224e-06;2.341342629918046e-06;1.377401626478222e-06;1.0242210365343257e-06;2.5506473165581997e-06;2.656274420898419e-06;1.1799458986929436e-06;2.4029666076474523e-06;1.2163262084281477e-06;9.302780623086507e-05;0.0001415324822298541;9.863086057094889e-05;9.48664776757442e-05;7.92773354352531e-05;8.999626516788385e-06;0.00010756986063442951;4.696367087396009e-05;4.03586999605039e-06;4.62313932552077e-06;8.963507973897277e-06;8.970044994640108e-09
00:24:07;745;1.09522903352593e-06;2.1731214307197383e-06;6.014068250251577e-05;1.0763330619506013e-06;1.3093707859371504e-06;1.5411174030659098e-06;1.5915041581170508e-06;1.3566843703410376e-06;7.475129510129105e-07;4.1594774337980955e-07;1.2040559091178435e-06;1.287140936703033e-06;8.440839773400781e-07;1.2447726598969149e-06;5.24223982223404e-07;1.823991702115598e-06;2.6662142870550214e-06;3.2105335344855535e-06;3.3474982040998736e-06;2.742661287143913e-06;1.349444132065861e-06;1.0065989042801977e-06;2.5133708156398466e-06;2.595455616525974e-06;1.3388654833128201e-06;2.505801676940066e-06;9.77020676278307e-07;9.507520628431228e-05;0.00014008178458818415;0.00010079349432067105;0.00011596745163063888;7.850319951672297e-05;1.3166350254622847e-05;0.00011039109947705422;4.939517039455187e-05;4.294360098673209e-06;5.094827700383014e-06;8.914854180462129e-06;1.0391583912547181e-08
00:24:09;746;1.0041435095137723e-06;2.067053530850047e-06;5.820469921459717e-05;8.102065434717981e-07;1.3512066349040774e-06;1.5756155636769231e-06;1.4957685807524193e-06;9.146862690298266e-07;6.977591427072902e-07;4.217335385157319e-07;1.170867676672768e-06;1.1186774280247391e-06;6.807870039825626e-07;1.1745364369178644e-06;6.378768773387187e-07;1.5552120139891255e-06;2.7129198634853148e-06;3.225910047690319e-06;3.213431895507906e-06;2.247397993656544e-06;1.2866948496375237e-06;1.0197062602234342e-06;2.4697117298642353e-06;2.41739194337507e-06;1.1261130368116547e-06;2.4429440790173213e-06;1.0872076956407518e-06;9.13211858784595e-05;0.00013096562642852204;0.00010385484212438094;0.0001154605720871248;7.550317621170912e-05;8.788565747972836e-06;0.00010656873309415042;4.819442603623947e-05;4.010482522456928e-06;4.792008956511812e-06;8.98380310906428e-06;1.2968378573720473e-08
00:24:10;747;1.072135187659998e-06;2.140277752293019e-06;5.715537509466462e-05;7.737173725142942e-07;1.2661444790396104e-06;1.7061766381942789e-06;1.5150554826057963e-06;8.951076695608926e-07;6.970725437679707e-07;1.0627242430707249e-06;1.2495746727448809e-06;1.2990278984210073e-06;6.664329072026863e-07;1.222156348002944e-06;5.124315682084298e-07;1.5054588064380874e-06;2.6607423265725432e-06;3.406734500642898e-06;3.2349131357431694e-06;2.2193616847646266e-06;1.305481459980853e-06;1.660882894957237e-06;2.5342264487197193e-06;2.585943903634675e-06;1.1337059605247753e-06;2.453296670127996e-06;9.825844208938213e-07;9.030026539837819e-05;0.00013805391458956406;9.785985516789231e-05;9.493639225945715e-05;7.86873223034537e-05;9.643693153537137e-06;0.00010972670880382087;4.8184898336135635e-05;4.274218924413429e-06;5.120150826879747e-06;9.064913720523102e-06;1.2167651919945479e-08
00:24:12;748;1.0015128162747673e-06;2.067547999518589e-06;5.773486031758699e-05;7.988813544024254e-07;1.2155948306129134e-06;1.5558480172892721e-06;1.4706502620950603e-06;9.925144438841214e-07;7.507301414461603e-07;4.297512108397683e-07;1.2208131176679031e-06;1.1326303675154101e-06;7.314781311167967e-07;1.1995158082972972e-06;5.197457219355525e-07;1.545975125356816e-06;2.600738846784317e-06;3.2156046725941464e-06;3.193366390267421e-06;2.346288769348564e-06;1.3439132602153348e-06;1.0155309067596146e-06;2.4984516429971268e-06;2.425746882619035e-06;1.169895017339306e-06;2.47364951957036e-06;9.814141724780688e-07;8.346711593702466e-05;0.00013949133328789007;9.575705081514533e-05;0.00011176242742627786;7.716839147493553e-05;1.2130201037010631e-05;0.00010761063941563799;4.728233795974768e-05;4.1025468497365774e-06;5.038471727446666e-06;8.999756094124635e-06;8.051786066132717e-09
00:24:14;749;1.0015738292068477e-06;2.069598138727479e-06;5.619841117151036e-05;7.775799627215721e-07;1.2108671932606088e-06;1.5523648021184302e-06;1.5584553387591107e-06;8.921524279740951e-07;7.123911729613817e-07;4.2522730030066086e-07;1.1917933203552489e-06;1.1072340139700094e-06;8.443859579220326e-07;1.2030667535321207e-06;5.433673113473183e-07;1.5170380116108424e-06;2.5813925086494455e-06;3.2198451196874676e-06;3.250064951949937e-06;2.2469430448353116e-06;1.3058752582350556e-06;1.012157604581941e-06;2.4967645547895943e-06;2.4208035429067802e-06;1.3201241721375642e-06;2.4731215305535763e-06;9.910466078393636e-07;8.99161438976238e-05;0.00014376132719453295;9.228748384534986e-05;8.873031501687584e-05;7.491126271489633e-05;1.0435448620707707e-05;0.00010714204118467568;4.8765156409094896e-05;4.413239248132081e-06;5.156101351059125e-06;8.85028289559404e-06;1.2131679582141615e-08
00:24:16;750;1.0173442272851865e-06;2.087170537667094e-06;6.013740583137297e-05;9.04900481334504e-07;1.2256034651805046e-06;1.5648930629714124e-06;1.584632051758335e-06;8.815876144652179e-07;7.132993126662318e-07;5.08267607234426e-07;1.1707671478753603e-06;1.1171499673617353e-06;7.440392716081848e-07;1.2693813394354885e-06;5.236089930123327e-07;1.6432167202063144e-06;2.5873608589641154e-06;3.1672031317485344e-06;3.3503469458543194e-06;2.2214987620252113e-06;1.3196818080175462e-06;1.109211027927744e-06;2.472544479190484e-06;2.418614797856599e-06;1.2082168723281939e-06;2.561028574020867e-06;9.871216075427145e-07;9.661026636708762e-05;0.0001295673399610235;0.00010947701296604121;0.00012192633703619196;7.740866662507003e-05;1.0203103611471544e-05;0.00010995360666307565;4.778027679710162e-05;4.303810326332207e-06;5.3099048283274485e-06;9.097783360397518e-06;1.0761434355353812e-08
00:24:18;751;1.0511218823823625e-06;2.125098243987286e-06;5.836030559764276e-05;7.947835936050751e-07;1.2068157924296294e-06;1.6847840559431793e-06;1.4801521058513147e-06;8.756906780311108e-07;7.280239857430295e-07;4.416553331337331e-07;1.2389434781535547e-06;1.229521471140577e-06;1.1816061447269341e-06;1.2018442893820107e-06;5.496411951436383e-07;1.5152969818769587e-06;2.6003604279128324e-06;3.326094765955681e-06;3.199888192572376e-06;2.239377739828388e-06;1.327230631311148e-06;1.0262357835196055e-06;2.5485694535907183e-06;2.5532215693578733e-06;1.6617046507626929e-06;2.4961804318173806e-06;1.0070174747524324e-06;9.310915670580142e-05;0.00014521762090518464;0.00010509626999361282;9.602776633580056e-05;7.595044579620749e-05;8.642263180521121e-06;0.0001088474185883717;4.883145640472709e-05;4.249030643028096e-06;5.33624360815882e-06;9.001896292215281e-06;1.4098718084431968e-08
00:24:20;752;1.0869037042514729e-06;2.1471542604098132e-06;6.146310556352892e-05;7.781045859351304e-07;1.2496416561737853e-06;1.8355625055477276e-06;1.5453717429765716e-06;8.763145676983118e-07;7.683602500111161e-07;4.429577554451472e-07;1.250614668955243e-06;1.2256315587483806e-06;7.601183014733176e-07;1.191875578434385e-06;1.118290778766674e-06;1.5121468455226586e-06;2.5957829641039913e-06;3.479983085606916e-06;3.3036913470213324e-06;2.229810322545216e-06;1.3506075657471826e-06;1.0184608094036026e-06;2.5232840445386488e-06;2.5619969513092105e-06;1.2015685826232193e-06;2.4343546585119446e-06;1.55416294494933e-06;8.890803959287051e-05;0.0001343785896096979;0.00012185144992794578;0.00013065440429980117;7.573505411695426e-05;8.121243556450463e-06;0.00010997439905340141;4.989654183215375e-05;4.386498407133888e-06;4.581744771821991e-06;9.057202329823e-06;1.209926429298089e-08
00:24:22;753;1.0495821757575383e-06;2.1150916436569407e-06;6.073884386571825e-05;7.937470939512924e-07;1.4125758629872238e-06;2.043434787440452e-06;1.5183099367665032e-06;9.172084113631936e-07;7.245681047475149e-07;4.3453615616861896e-07;1.2222086188370698e-06;1.1123355211463026e-06;6.835662619780242e-07;1.2275508276134288e-06;5.049441047914756e-07;1.529971541458508e-06;2.7816391000761785e-06;3.7014029266738592e-06;3.228983299363157e-06;2.266385208022717e-06;1.3397062478453577e-06;1.0142214779523186e-06;2.4964808125896755e-06;2.398075668932944e-06;1.1513090930460334e-06;2.5072898995260193e-06;9.656337763490113e-07;8.760760232034429e-05;0.00014484343748905043;0.00012032397417163788;0.00011970731603816668;7.48442387622216e-05;8.167297855526401e-06;0.00011007890607109645;4.533677448050572e-05;4.20069479721859e-06;4.898721834683047e-06;8.846877282732192e-06;1.0285285435771203e-08
00:24:24;754;1.0422911629539364e-06;2.096526315389256e-06;5.469896000895593e-05;8.159574045924439e-07;1.4524956793690338e-06;1.6597804008775732e-06;1.6893318726926312e-06;8.693043587597189e-07;7.383651600033726e-07;4.3201929686179336e-07;1.204389176592067e-06;1.1619548881857222e-06;8.172179593237481e-07;1.158773504302117e-06;5.079038186795902e-07;1.543385156431133e-06;2.8249030348681254e-06;3.293575319511996e-06;3.3621618173658387e-06;2.2100450002043647e-06;1.3342494091513708e-06;1.015627213182367e-06;2.4736092427701806e-06;2.474131085502357e-06;1.2468904258242484e-06;2.4176650608924204e-06;9.620719299475033e-07;9.876068224550889e-05;0.00013480541822411416;8.87693791712736e-05;7.639316277911084e-05;7.606957873665468e-05;9.483943587294485e-06;0.00010833411833571634;4.647526749805401e-05;4.128775674143624e-06;4.200638848366124e-06;8.954739294424608e-06;1.1815712809835393e-08
00:24:26;755;1.0609545201166848e-06;2.1167261898374852e-06;5.393777648715894e-05;8.928127074011886e-07;1.2696244106148347e-06;1.704179237161828e-06;1.7684052149908263e-06;8.595506920369448e-07;7.008536990356489e-07;4.1877217350393503e-07;1.1781526576144912e-06;1.190239470135039e-06;6.807613135832598e-07;1.2423511005398391e-06;8.257511524657378e-07;1.6320458558490101e-06;2.66006319306362e-06;3.3625767800798183e-06;3.435974133624975e-06;2.1664384291133373e-06;1.3248250919372643e-06;1.0179652470389003e-06;2.472231863411932e-06;2.479157235282838e-06;1.1272621481100344e-06;2.464969192767023e-06;1.2572045781918768e-06;8.704813501792936e-05;0.00013855023801461914;8.447575067691965e-05;7.90512048598283e-05;7.596587470724629e-05;9.687108687682947e-06;0.00010638232538282389;4.8293649596576515e-05;4.451981153594856e-06;4.555775107119638e-06;8.77397524991766e-06;1.7299391649179117e-08
00:24:28;756;1.0361316160611977e-06;2.099703209164027e-06;5.6686374723840843e-05;8.539511379236263e-07;1.2225693586387365e-06;1.5509871783659823e-06;1.49980855565249e-06;9.39575706772964e-07;7.386380800737542e-07;4.2822503070800105e-07;1.3050270888987308e-06;1.2945005608858393e-06;7.45853497670494e-07;1.1928507552221907e-06;6.61592006875625e-07;1.5789534737577232e-06;2.5709828165256826e-06;3.178444797102409e-06;3.2194431863485356e-06;2.315452500429101e-06;1.34233387229812e-06;1.0198888402055096e-06;2.5892720757354575e-06;2.5930596779335823e-06;1.2134547105981968e-06;2.440607004303539e-06;1.13454471970784e-06;8.849887366960975e-05;0.0001408663803827118;9.389416597059203e-05;9.37641552013512e-05;7.602302037930053e-05;9.699646376732935e-06;0.0001091818877795738;5.029001571905645e-05;3.990706384845715e-06;5.070278879087595e-06;8.94510194735412e-06;1.2263995874210514e-08
00:24:29;757;1.0384481605124114e-06;2.1007827074213365e-06;5.46704958247867e-05;7.918269964157787e-07;1.4869671761371963e-06;1.643562946508258e-06;1.524405884109373e-06;9.336748657450368e-07;7.239934587197829e-07;4.4624390615023335e-07;1.2436866190638924e-06;1.1410977622199943e-06;6.954990999281047e-07;1.3354476326393245e-06;4.949711264695172e-07;1.5273448545623886e-06;2.8418563773167208e-06;3.346441785709695e-06;3.204074415361326e-06;2.2734497915850245e-06;1.3110715043913394e-06;1.0288125345515611e-06;2.5207784226121117e-06;2.44487824470007e-06;1.1520489194964871e-06;2.60254238485145e-06;9.560923958700567e-07;9.552472026582199e-05;0.0001289518340774655;7.779759402999078e-05;8.192641975504381e-05;8.000927443574304e-05;1.208178486466557e-05;0.00010951866829783728;5.169773950958746e-05;4.125217601338311e-06;5.236112250500982e-06;9.161762229526466e-06;1.482257991933759e-08
00:24:31;758;1.0604901628367842e-06;2.1409942945278482e-06;5.909374314833617e-05;7.821665849954745e-07;1.3462039311174967e-06;1.6057196608314102e-06;1.5706814909709588e-06;8.660861379991306e-07;7.0515393374942e-07;4.2842964216709006e-07;1.2582281778089117e-06;1.1385813032595913e-06;1.1096889298365589e-06;1.3873889539439688e-06;5.275527526342345e-07;1.532591628761744e-06;2.7024701766198564e-06;3.30721018490064e-06;3.3310286912465132e-06;2.2071667257754414e-06;1.3221888366388157e-06;1.0181058110999942e-06;2.5756045419303185e-06;2.439984600526639e-06;1.6076606350078335e-06;2.6528885707159155e-06;9.950302126215527e-07;9.499745818107656e-05;0.00013379257785536478;0.00010247936309146165;0.00011543161759395979;7.566325771134038e-05;1.17100743429586e-05;0.00010720785690848307;4.914808447431735e-05;4.214246633568942e-06;5.344319189954967e-06;9.12528030020071e-06;1.0781497347295504e-08
00:24:33;759;9.855691827098667e-07;2.0535900390152878e-06;5.736328413742075e-05;7.52186134671136e-07;1.2390386280617092e-06;1.5427036156817115e-06;1.488517730973239e-06;8.394868146895234e-07;7.196414431233997e-07;4.0658655825980877e-07;1.1595608325653084e-06;1.0870443905827445e-06;8.92504322729854e-07;1.1706084972473718e-06;5.289508281481791e-07;1.4889884099933556e-06;2.6045115905444733e-06;3.199849231085737e-06;3.1989658642096055e-06;2.1709460834475216e-06;1.3197446487768652e-06;9.99731721002476e-07;2.4545058821889984e-06;2.3721438437169588e-06;1.3918423423080951e-06;2.4558511500523493e-06;9.859987298419077e-07;9.68030318029386e-05;0.00012798159605083645;9.66576811206239e-05;0.00010255093210321789;7.727126650878665e-05;9.596145372646444e-06;0.00010876650270975278;5.029410800648194e-05;4.07404157543642e-06;5.444672955835487e-06;8.909149995077328e-06;1.0281447415275877e-08
00:24:35;760;1.0215133107071106e-06;2.0922078287576715e-06;5.386748052911616e-05;8.041246046404509e-07;1.2260476540278247e-06;1.5201402679662381e-06;1.6699176935798154e-06;9.296598833782613e-07;7.402501976243188e-07;6.053739774520234e-07;1.178828157109215e-06;1.1203802591129952e-06;6.88096952830816e-07;1.271438858035429e-06;5.039008225631908e-07;1.529451665220809e-06;2.6086256552901697e-06;3.19779317440499e-06;3.3490643798796567e-06;2.2605261963839947e-06;1.3515034403340745e-06;1.2120726110775718e-06;2.484169467779678e-06;2.4345069010174668e-06;1.1635248653609653e-06;2.5456200975458147e-06;9.696345280564303e-07;9.091228128489018e-05;0.00013811495791880396;8.249826052993745e-05;7.207159842645534e-05;7.550665685386816e-05;9.695387309914436e-06;0.00011111440849206534;4.7878891807054255e-05;4.297986619119205e-06;5.266910004385102e-06;9.042203360106831e-06;1.0223742793563671e-08
00:24:37;761;1.0459011464579826e-06;2.115361930515939e-06;5.8475182552737594e-05;8.446647330664157e-07;1.4938604302663159e-06;1.5125073948851764e-06;1.5448363877013094e-06;8.766797443549024e-07;8.940636551102443e-07;4.6325654191502574e-07;1.4483155640444456e-06;1.1242235368898306e-06;6.792010203149346e-07;1.1687940687207545e-06;5.004101946552582e-07;1.5771360054552846e-06;2.851043921544237e-06;3.172689350575166e-06;3.292792163985631e-06;2.196508390464064e-06;1.5170649287685154e-06;1.0778501075636293e-06;2.75786266073841e-06;2.388486942563068e-06;1.1564597378287256e-06;2.4345585695266003e-06;9.61889626627384e-07;9.654226178483403e-05;0.00013103244097595703;9.488433535357996e-05;0.00010719327959546306;7.866503145051161e-05;1.2183398449589961e-05;0.00011120992723910405;5.2046009555656914e-05;3.955515628584422e-06;4.890514726347176e-06;9.087271913755241e-06;1.2203959467481561e-08
00:24:39;762;1.059408052839217e-06;2.1255929486639466e-06;5.321504532122584e-05;9.406512530512662e-07;1.3938919654873674e-06;1.5664818911919165e-06;1.5838399100525697e-06;9.069342674840961e-07;8.361549281652649e-07;4.2499238930091754e-07;1.5116291972493523e-06;1.1049775907197428e-06;7.007031341013911e-07;1.213172748038005e-06;5.294669315102464e-07;1.6926607578412426e-06;2.746704080315875e-06;3.261047799863758e-06;3.295567144568504e-06;2.2496368314299432e-06;1.4271890868661137e-06;1.0256693010749678e-06;2.801215605128923e-06;2.382900617439064e-06;1.1553370320972492e-06;2.4867241909075197e-06;9.824620952955069e-07;9.33929167357583e-05;0.00012837784882209735;8.297732222986448e-05;6.85148458397277e-05;7.922636435622109e-05;8.903315854694783e-06;0.00011080198269051726;4.838485351569921e-05;4.196078542826286e-06;4.836857148269802e-06;8.958933260691739e-06;9.224858341997989e-09
00:24:41;763;1.0159046077908649e-06;2.089904953635009e-06;5.8975459686718205e-05;8.359958461247949e-07;1.1850072867212382e-06;1.531046857617856e-06;1.5116864956577947e-06;1.0068505272348653e-06;7.768696339964394e-07;4.511675755214384e-07;1.1944331291308623e-06;1.128924296348285e-06;6.695639087617167e-07;1.2091212951274728e-06;6.901880223705606e-07;1.5705706812385167e-06;2.571576615830768e-06;3.1741581240774258e-06;3.245753403093601e-06;2.341492967089731e-06;1.4194803407296109e-06;1.0640749234759905e-06;2.497709922725427e-06;2.4600309056432143e-06;1.1293217074966425e-06;2.4603870159911753e-06;1.1443020414994459e-06;9.28143081720909e-05;0.00013201309793795294;0.00010403406374772745;0.00011122189992322723;7.870228808158073e-05;1.0590331779567712e-05;0.00011044101431427167;4.9353619488904917e-05;4.468482033654048e-06;4.993884410275908e-06;9.060043846896013e-06;1.2482504468842165e-08
00:24:43;764;9.768054014939893e-07;2.0369471494171804e-06;5.859384167483395e-05;7.068821107852391e-07;1.2441076985583974e-06;1.5569876062377313e-06;1.5636932160425296e-06;8.545960932047272e-07;7.010279310987694e-07;4.089247838527528e-07;1.223664119365253e-06;1.0915664083328962e-06;6.73923004714603e-07;1.1761666590165925e-06;5.201248309221801e-07;1.443088888352784e-06;2.6176885541322525e-06;3.188695009618031e-06;3.2431308118017874e-06;2.2131588049795694e-06;1.286310597480005e-06;9.901120484277893e-07;2.5020444694216824e-06;2.3780851451986944e-06;1.1362325065857487e-06;2.47138745082707e-06;9.734307355566797e-07;9.239495113755765e-05;0.0001372520757680371;0.00010244532175686156;0.00010416285027071894;7.76391822672883e-05;9.879288768553921e-06;0.00011019730163937579;5.080248287438288e-05;3.980900487646912e-06;5.322303090236822e-06;9.037484516915592e-06;1.1957520431978562e-08
00:24:45;765;1.0668755704333999e-06;2.1286114191108155e-06;5.574239170125786e-05;7.724666520577986e-07;1.2073019929236362e-06;1.52519592583838e-06;1.7106934202941333e-06;1.187638301965292e-06;7.185656681391545e-07;5.408699369592217e-07;1.3237174257728734e-06;1.2560916798000996e-06;6.821115194697505e-07;1.1651952196636082e-06;7.126586663019907e-07;1.5107252362282405e-06;2.566792837753866e-06;3.1823684004180742e-06;3.3838980557390377e-06;2.5380395815278184e-06;1.326528095582541e-06;1.1340622550741949e-06;2.609974184094967e-06;2.5592830248754154e-06;1.1299875245352764e-06;2.4401745467682154e-06;1.1615025276206566e-06;9.529531906436637e-05;0.0001376367776170283;9.31561394097108e-05;8.215337741257572e-05;7.933123119490739e-05;9.601015359292446e-06;0.00010842031702478;4.487997564198031e-05;4.2789462474805315e-06;5.227123999393956e-06;8.915211849067552e-06;1.3265594510932083e-08
00:24:47;766;9.99523032098957e-07;2.0692497274248574e-06;5.824605767129128e-05;7.283262667715203e-07;1.240859740211678e-06;1.5245265949042681e-06;1.529736108048367e-06;8.754803703810281e-07;7.005244964714502e-07;4.733743316725542e-07;1.4043652262106898e-06;1.11345683428965e-06;6.847061288052135e-07;1.2102718592159207e-06;5.086479895459335e-07;1.467173410386335e-06;2.608228534214343e-06;3.173759575440295e-06;3.2923279791881398e-06;2.212593699368881e-06;1.2891507745861636e-06;1.0779151389531854e-06;2.730480339697708e-06;2.4143277017438905e-06;1.135142119575811e-06;2.4640323901990142e-06;9.65864417621618e-07;9.280328746006533e-05;0.00014126861111435167;0.00010048409938839692;0.00010389793970753712;7.296067319754128e-05;1.090859426091121e-05;0.00010933415438484602;4.9741441051928503e-05;4.014662710631471e-06;4.475073728705309e-06;9.053113455919165e-06;1.1041594661374241e-08
00:24:48;767;1.008401078679681e-06;2.075899060458406e-06;5.696631813834611e-05;7.420749365297493e-07;1.221656806665356e-06;1.5677658499090408e-06;1.5002059971665331e-06;8.62405822875768e-07;7.467378796926544e-07;4.0712911962937814e-07;1.3196314591371303e-06;1.2350306252431862e-06;7.294452255961077e-07;1.2246376058687825e-06;5.440912378821978e-07;1.4861854415818315e-06;2.582744748825819e-06;3.22451778686892e-06;3.217960966139799e-06;2.2091105994506873e-06;1.344930514928992e-06;1.0006172285010266e-06;2.6225890727616815e-06;2.5352686159611133e-06;1.1767838381723478e-06;2.5134440961607387e-06;9.966352246885459e-07;9.198402484518223e-05;0.00013263695618561522;9.497282274074639e-05;0.00010003425249695421;7.787746882926026e-05;9.735365207491594e-06;0.00010829674136357453;4.9689429911511316e-05;4.1125124781097456e-06;5.2538700793269075e-06;8.988400457532602e-06;1.3973064848330983e-08
00:24:50;768;1.0002526778569114e-06;2.062793023066626e-06;5.599402988143483e-05;7.348172569814954e-07;1.2719904161881148e-06;1.5256963390442024e-06;1.4729843697093192e-06;9.750048497055146e-07;7.134054830114745e-07;4.160269387371523e-07;1.1890804641529422e-06;1.353844224606281e-06;6.759453808397547e-07;1.1672776608729796e-06;5.069583699501834e-07;1.4715450938235301e-06;2.6208361397280734e-06;3.1929311999307704e-06;3.2126053144876796e-06;2.339494378385915e-06;1.3118954022582882e-06;9.944645400157496e-07;2.4724300166919326e-06;2.6490844421931784e-06;1.1187030438548713e-06;2.4097916717506403e-06;9.597342673720349e-07;9.002295693698949e-05;0.0001296061961105762;9.567389820872562e-05;9.335316715591294e-05;7.993311693006724e-05;8.427519346320673e-06;0.00010946087505037764;4.7603176956565325e-05;4.194615840775613e-06;4.576947019602882e-06;9.063707806862693e-06;1.2181214441334206e-08
00:24:52;769;1.0526115483890728e-06;2.1124381612048923e-06;5.479998877746394e-05;7.257554236775573e-07;1.2127542430497649e-06;1.7152377785575625e-06;1.5171135498577697e-06;1.28106581609444e-06;9.236057314510049e-07;4.2482194105953785e-07;1.158264133493958e-06;1.1383850383562721e-06;8.669667972214448e-07;1.1665940864637812e-06;5.007735830453441e-07;1.470365308665074e-06;2.5960117696579604e-06;3.421115620825086e-06;3.180809255953343e-06;2.5954753908403683e-06;1.520303622852179e-06;1.0247905136917393e-06;2.430910232265611e-06;2.4491155574904477e-06;1.2918964088546287e-06;2.414641624201539e-06;9.538218250781938e-07;9.293073784847938e-05;0.00013672762898795038;7.882861174147385e-05;8.287810051697119e-05;7.979998964761847e-05;1.4069102714817134e-05;0.00010859343434596556;4.575503682512438e-05;4.1659841856390314e-06;4.9001154806643145e-06;8.93103742918991e-06;2.0085605673711112e-08
00:24:54;770;9.98332466311586e-07;2.0665686766341987e-06;5.6564354097118566e-05;8.008308832640022e-07;1.2091138645864419e-06;1.589320418382556e-06;1.6820943987997081e-06;8.831402716195798e-07;6.811032686535803e-07;4.0645472220258616e-07;1.1957812437205204e-06;1.1147037265760415e-06;6.91582112466449e-07;1.2285327324738788e-06;4.973315838344402e-07;1.537204823336329e-06;2.5938194600217407e-06;3.2669836544508007e-06;3.347179699630942e-06;2.235802467227206e-06;1.280679735897092e-06;1.0061612538467233e-06;2.487715909974443e-06;2.431861226980374e-06;1.161737427652572e-06;2.4925491144833495e-06;9.571285492216427e-07;9.62179091617112e-05;0.00013582727588300344;9.717288391204121e-05;9.352250159902687e-05;7.223734197848333e-05;9.097887071838771e-06;0.0001098442951374988;4.6858830156066676e-05;4.168179044833635e-06;4.763463823694545e-06;9.042489087894181e-06;1.919230933007174e-08
00:24:56;771;1.018421215723012e-06;2.0864335116544403e-06;5.6346186182323253e-05;7.304371536711394e-07;1.2849611018045886e-06;1.4924380051795083e-06;1.4364897059334938e-06;8.969511791079299e-07;7.534695166778637e-07;5.845272086761484e-07;1.1565738886206005e-06;1.4157083566859994e-06;8.399705579168167e-07;1.1137667911175309e-06;5.157607126836762e-07;1.4698589266232904e-06;2.6590965987878328e-06;3.159340633517993e-06;3.1398820605709607e-06;2.240933226167277e-06;1.3456254933610384e-06;1.1643537769613649e-06;2.4514493007481627e-06;2.7256985676898164e-06;1.3112877590623313e-06;2.3982107490431916e-06;9.71464382467885e-07;8.821260671741047e-05;0.00013193077413373356;9.041814971987657e-05;0.00010148255861651766;7.541651936067216e-05;1.1643044880572606e-05;0.00010983418520039039;4.898188510480969e-05;3.820064424239198e-06;5.366880712264883e-06;9.03296015790841e-06;1.4605159483304815e-08
00:24:58;772;9.623480124302959e-07;2.0321097701549038e-06;5.581071038635726e-05;8.257064414026032e-07;1.185694006412451e-06;1.5027730559744803e-06;1.5051298541250575e-06;9.013409892394914e-07;6.748143531238265e-07;3.987425776836256e-07;1.1321373113336686e-06;1.1026330104322504e-06;6.582188918358156e-07;1.1691133035411512e-06;4.918720107176129e-07;1.5684181735080909e-06;2.5423190764522126e-06;3.1796527039233886e-06;3.1955485788969354e-06;2.250572351783111e-06;1.2911801019083812e-06;9.912784703460544e-07;2.434152605341688e-06;2.429435259233011e-06;1.116641864071057e-06;2.427671901548106e-06;9.584454702074057e-07;9.271699948914513e-05;0.0001336930455177243;9.063765418190493e-05;9.25819000087982e-05;7.784877184653214e-05;1.0550619167361858e-05;0.00010766037507063272;4.612932118344813e-05;4.077066256075096e-06;4.827367777309118e-06;8.991375209531265e-06;1.4028927824333966e-08
00:25:00;773;1.0607222340071458e-06;2.135303751672353e-06;6.232591922766065e-05;7.722015191320835e-07;1.2933065466246385e-06;1.92802561625107e-06;1.4963891222695802e-06;9.753670484613508e-07;7.271714851274748e-07;6.59884125201157e-07;1.3097382991489326e-06;1.1047834681835154e-06;6.846643474793397e-07;1.2076936929294002e-06;5.694411553604859e-07;1.5111347786703937e-06;2.693301373451677e-06;3.5590926530213565e-06;3.2262016645025923e-06;2.3315372193136208e-06;1.356867615620875e-06;1.2575035152132865e-06;2.625080213287611e-06;2.390663402239406e-06;1.1582649128424145e-06;2.48440954991669e-06;1.0295873538826194e-06;9.558349246822272e-05;0.00013968481770840853;0.00012629261816904673;0.00013218585805975822;7.164762748435533e-05;8.878430484525743e-06;0.00010769344042037481;4.8075175224095314e-05;4.2666908879419835e-06;4.489937652096137e-06;9.098800480460562e-06;1.4141692641789464e-08
00:25:02;774;1.041139359210645e-06;2.1091940094334812e-06;5.677141150156845e-05;7.60042292375312e-07;1.366238409597739e-06;1.6283629689891912e-06;1.54272089850335e-06;9.083083847888868e-07;8.183689900288403e-07;4.932383291699306e-07;1.1921339185311746e-06;1.3035709496087768e-06;7.136363297875128e-07;1.1867093282188792e-06;5.803411041828032e-07;1.503091591041107e-06;2.7347054923136714e-06;3.280220915234789e-06;3.317465811212255e-06;2.2243943010236553e-06;1.4633973805009387e-06;1.0846057115273492e-06;2.459725542797094e-06;2.594763352906831e-06;1.183657503398662e-06;2.4253958881787714e-06;1.038903857479339e-06;9.488349982421784e-05;0.0001344195255797301;9.379466509830114e-05;9.967121415448011e-05;7.322404879518477e-05;1.1024967298705595e-05;0.00010995423847755274;4.651201333145319e-05;4.103505444862476e-06;4.682344754223006e-06;8.97428123156218e-06;1.2634028548279472e-08
00:25:04;775;1.0463223601481724e-06;2.1056900976286153e-06;5.292528280974449e-05;1.0174168588828925e-06;1.2566040438502766e-06;1.6121470850808093e-06;1.7380224658257826e-06;8.590062959128049e-07;7.835891244150678e-07;4.375600513230957e-07;1.3108101095873146e-06;1.10298832548236e-06;7.304811931099018e-07;1.1661667972294831e-06;5.410755164924165e-07;1.7315840068476973e-06;2.6090825785207858e-06;3.3078139310844883e-06;3.398895010325794e-06;2.1749205990389885e-06;1.3864075840444192e-06;1.028712125688902e-06;2.604116238090464e-06;2.410035344377021e-06;1.1647654996004694e-06;2.4488592613078587e-06;1.0030880665724425e-06;8.765796769760677e-05;0.00013760599522972592;7.872993677386098e-05;7.409389793642566e-05;7.703284801378361e-05;1.0729790645677022e-05;0.00010738363673234506;4.366441180426596e-05;4.379197573784691e-06;4.791004704311416e-06;9.019933816301164e-06;1.4772788845608323e-08
00:25:06;776;9.903970121592145e-07;2.058467742567182e-06;5.703614644484339e-05;7.567662761897121e-07;1.1881617342527049e-06;1.5735253307205064e-06;1.4979571115635404e-06;8.767111809859784e-07;6.891202711901588e-07;4.06879088583006e-07;1.3590877331831115e-06;1.1974672288094335e-06;6.761399409249691e-07;1.1654293058685736e-06;4.97518567071415e-07;1.491187547315671e-06;2.562434271475226e-06;3.240302896324753e-06;3.1841781423327697e-06;2.2031249068565062e-06;1.3017715094905772e-06;1.0181555728362168e-06;2.6553369016716105e-06;2.49784978919545e-06;1.1498260036366642e-06;2.4410682836108357e-06;9.563765068326609e-07;9.235535264669694e-05;0.00013952323222744703;0.00010053879262533346;9.06724809826468e-05;7.69202127754847e-05;1.003237907414528e-05;0.00011066240403531264;4.533247600697741e-05;4.272835044148068e-06;5.012125708436384e-06;9.095540368463275e-06;1.5925843028429863e-08
00:25:08;777;9.665379103942293e-07;2.0331538671943914e-06;5.491343443727587e-05;7.903160387941326e-07;1.1746893682420343e-06;1.5131371500422894e-06;1.5366663205734261e-06;8.67559034551329e-07;6.931263978528854e-07;3.992277800467615e-07;1.1955566424536424e-06;1.0986128444947305e-06;6.708467951648861e-07;1.1587314857114899e-06;4.999847019233011e-07;1.5235093571068838e-06;2.548023929458522e-06;3.198225322539426e-06;3.240272816802195e-06;2.22927645275296e-06;1.2794555387596188e-06;9.829753834529135e-07;2.477256562605926e-06;2.3884451230756733e-06;1.138632999127482e-06;2.4261936056938815e-06;9.655786105305438e-07;9.075531230272584e-05;0.00013664137488708422;8.645639605834183e-05;8.596590654854482e-05;7.571314455291042e-05;1.158618589623921e-05;0.00010814089203383057;4.5296083655799384e-05;4.225012840800871e-06;5.177473238785788e-06;8.985031431928831e-06;1.8399800318589177e-08
00:25:10;778;1.003733904961476e-06;2.06996644810485e-06;5.7931946673212936e-05;7.158631271602706e-07;1.1964763793059774e-06;1.8619001154589072e-06;1.455750480323042e-06;8.696855363542578e-07;7.100316185913094e-07;4.5045615126859673e-07;1.1860251475067942e-06;1.1444795142297308e-06;6.99823953655774e-07;1.2288158771734847e-06;5.254985577997993e-07;1.450196758538322e-06;2.562844722692544e-06;3.4748366263706483e-06;3.178864546176164e-06;2.215438276443474e-06;1.3177488252535389e-06;1.0532378084169264e-06;2.4749562389612798e-06;2.4575655849811124e-06;1.1602225095263252e-06;2.5189735591579215e-06;9.747111609089235e-07;9.822228515556169e-05;0.00013748284434767633;0.00010221437127184253;9.867457534435533e-05;7.738912919179593e-05;7.884302591606664e-06;0.00010611307024600707;4.960807275237977e-05;4.09050623871681e-06;4.675072408716396e-06;8.815987542628457e-06;1.3142987268271643e-08
00:25:11;779;1.006095367905857e-06;2.0745024090225526e-06;5.528759828886567e-05;7.593630454539767e-07;1.3311503870900248e-06;1.6719962842935068e-06;1.4488864194074258e-06;9.080724242852253e-07;7.633181327419565e-07;4.2484703520851885e-07;1.2239939043726364e-06;1.0987552169923602e-06;7.753859178969626e-07;1.1598221524199526e-06;5.075530807762231e-07;1.5024330593140677e-06;2.680855532795433e-06;3.3873054949081167e-06;3.2012558797679407e-06;2.235896376872386e-06;1.3667456512480327e-06;1.0138511804943615e-06;2.507232818659966e-06;2.3979892654972012e-06;1.220743115482037e-06;2.412465230722601e-06;9.67254435466467e-07;9.757368262434156e-05;0.00013430326585523274;8.108026711701362e-05;8.396241488153292e-05;7.768045544654205e-05;1.2499687275934174e-05;0.00010846798213318075;4.9561869969041036e-05;4.2313155580402116e-06;4.991738472647019e-06;9.086392514500805e-06;1.21076183812178e-08
00:25:13;780;1.0017614769223955e-06;2.0619364272821672e-06;5.923136743850302e-05;7.101131964468912e-07;1.2226679292449594e-06;1.6487770019582824e-06;1.522293498045325e-06;9.326037572905803e-07;7.614504414474058e-07;4.305533417872906e-07;1.2717513390663788e-06;1.0780610831111077e-06;6.63885767693273e-07;1.210683749051291e-06;5.682961814266398e-07;1.4418961421752906e-06;2.6106342815344047e-06;3.25543832723615e-06;3.1985356156527114e-06;2.2855134358008088e-06;1.3761199174720637e-06;1.0199265579725347e-06;2.5552227196132227e-06;2.3786072958926845e-06;1.1147763940197698e-06;2.468015699251518e-06;1.0385498658079202e-06;9.243109266982332e-05;0.00013811632933991884;0.00010779438078451143;0.00011207377251870746;7.613574843014063e-05;9.042951160330649e-06;0.00011031071666821167;4.6802410544678104e-05;4.1190241135201295e-06;4.8160602274178e-06;9.114343406774858e-06;1.9579398001215506e-08
00:25:15;781;1.0037901241523948e-06;2.074199154419689e-06;5.626124755094542e-05;7.295183686230964e-07;1.3144542398373977e-06;1.5090863245086956e-06;1.5464083792079721e-06;9.463073664470947e-07;7.629004131860416e-07;4.5654072173222976e-07;1.145807845452525e-06;1.0960970518296294e-06;7.31922016570443e-07;1.1666099882487204e-06;6.398283914405506e-07;1.4546543122343815e-06;2.7036439989756274e-06;3.16897710404249e-06;3.222765748939275e-06;2.2849142327732474e-06;1.4045305338013465e-06;1.0700895169912092e-06;2.4416908485640122e-06;2.4008406105363236e-06;1.2186068865555137e-06;2.4358408448083366e-06;1.0838343646816e-06;9.684595615144866e-05;0.00013984960222394402;8.873603415547722e-05;8.682349358187503e-05;7.737040457689263e-05;1.1581876775600393e-05;0.000108481816040494;4.673473597293596e-05;4.4388858417380365e-06;5.1711175970455176e-06;9.08127358112324e-06;1.9774112770481608e-08
00:25:17;782;1.0130913778186565e-06;2.0792008054061775e-06;6.16474437832573e-05;7.197221874235347e-07;1.2072120762434741e-06;1.539638522855698e-06;1.6704435217688869e-06;8.899945818702742e-07;6.986814623420979e-07;5.259767988425262e-07;1.2083318190873755e-06;1.1196054027319169e-06;7.67981669208046e-07;1.1736421965189627e-06;6.358658536678971e-07;1.4456258317226504e-06;2.5954880431780547e-06;3.1896852709030988e-06;3.409634277713964e-06;2.233112137288071e-06;1.307978814427862e-06;1.1059860734020949e-06;2.516305480179354e-06;2.407882547392742e-06;1.2074791426084054e-06;2.450247556041603e-06;1.0809836985255878e-06;8.857169447225347e-05;0.00013649677022612884;0.0001121113112887341;0.000135979065394965;7.625278415931413e-05;1.1246043868540304e-05;0.0001090780204765728;5.23789496951804e-05;4.2202517140751335e-06;4.440497824772333e-06;8.977557633715244e-06;1.637864483580743e-08
00:25:19;783;1.000531735926493e-06;2.075869055767691e-06;5.7802930721875654e-05;7.561197457241839e-07;1.3947360630468935e-06;1.5611455816966213e-06;1.5196974529694465e-06;9.316517035819836e-07;7.870961550405685e-07;4.1248054866665546e-07;1.2208834102881125e-06;1.1075404863932063e-06;6.810288645747226e-07;1.1521482901470521e-06;4.818521189326413e-07;1.4952143235951794e-06;2.7683781118418054e-06;3.2518715077550285e-06;3.2810764561780827e-06;2.2700688558398737e-06;1.3976612462378214e-06;1.017803325322359e-06;2.507142321058992e-06;2.416501183976339e-06;1.1382282977299124e-06;2.4209650947813303e-06;9.455173519971232e-07;9.53864759864326e-05;0.00013597380369908608;9.319795508007939e-05;9.865068031469779e-05;7.998171807551775e-05;1.2168649336669431e-05;0.00010995917474196068;5.001638908794865e-05;4.336742378107054e-06;4.745227171274909e-06;9.205725552708594e-06;1.2627238024953726e-08
00:25:21;784;9.57203851696549e-07;2.040976147626783e-06;5.925570543105783e-05;7.397432454874836e-07;1.2007515149454144e-06;1.4844930208726934e-06;1.47865418414545e-06;8.494312375908273e-07;7.89097264621639e-07;3.8518857574261617e-07;1.182541436005703e-06;1.1187728233931116e-06;6.516139518065632e-07;1.1366246798710284e-06;4.6953396530420705e-07;1.4833610101026973e-06;2.5912116077247618e-06;3.1725586740310375e-06;3.2245400464639314e-06;2.2074292833685485e-06;1.4037924810094685e-06;9.89949151738684e-07;2.5007903726458885e-06;2.436728822477228e-06;1.1311186157503403e-06;2.4178493127185936e-06;9.323837038140528e-07;9.42509005936215e-05;0.0001367125894911604;9.912537818417045e-05;0.00011211032395164965;7.83760269999566e-05;1.2258176402228237e-05;0.00010963683026112189;5.029031170773195e-05;3.913279210213959e-06;5.280143765504467e-06;9.102668471384419e-06;1.183613395027588e-08
00:25:23;785;9.835002781470465e-07;2.057743476822757e-06;5.8808061958856736e-05;7.947298303889738e-07;1.1933305325713532e-06;1.504435754155638e-06;1.4871634240843823e-06;8.515416547248058e-07;7.129745211190394e-07;5.383792546321718e-07;1.1781062667637343e-06;1.151637720540257e-06;7.431071446668951e-07;1.165537208403965e-06;4.810596446040578e-07;1.5401731564486885e-06;2.5990209120278403e-06;3.1583258043633864e-06;3.2274214839772764e-06;2.1786903142681327e-06;1.33257017972638e-06;1.153350441312266e-06;2.501625576596895e-06;2.4299042807578638e-06;1.21816495271859e-06;2.4134793849515505e-06;9.401946943519681e-07;9.041777871529105e-05;0.00014103487943578524;0.00010029873200583753;0.00011094786849762318;7.587308202518913e-05;1.1049239804707062e-05;0.00010974187753779881;4.84843466832959e-05;3.94587762326002e-06;4.771107675188093e-06;9.121818418805453e-06;1.0135083499733695e-08
00:25:25;786;9.734028488301243e-07;2.046709387804749e-06;5.70143897151028e-05;7.652293389655411e-07;1.183436699909118e-06;1.5959015458639152e-06;1.4214461258952518e-06;9.407460161173472e-07;7.248082648009752e-07;4.221663796120303e-07;1.1795237773171152e-06;1.1282332786002123e-06;6.775921750962705e-07;1.113562261310299e-06;5.281879726320488e-07;1.5025033350486664e-06;2.5830731771483314e-06;3.2290718139203037e-06;3.1700405681384593e-06;2.301007469536153e-06;1.3369378934782352e-06;1.0093564015543178e-06;2.4753103087024575e-06;2.4321868404743477e-06;1.128988141680324e-06;2.4073849789590297e-06;9.846506802487171e-07;9.068286992634915e-05;0.0001419089311722402;9.44620890999952e-05;9.634813311819056e-05;7.274790511881906e-05;1.0401184705829557e-05;0.00010965430984215817;4.969110175774634e-05;4.197754280401285e-06;5.090911452551993e-06;8.968655654486335e-06;1.8830452465590538e-08
00:25:27;787;9.754150471572778e-07;2.0476236818179627e-06;5.818917043050795e-05;7.995715024219666e-07;1.2011465120309595e-06;1.5750741732292992e-06;1.4758137347344173e-06;8.69717582558332e-07;7.419086820044511e-07;4.5934056473613666e-07;1.1413855426053745e-06;1.0834269270015346e-06;6.820177012236492e-07;1.1280457749310555e-06;5.475315310638446e-07;1.527111635368783e-06;2.586188097205805e-06;3.1985741713205115e-06;3.2122606534116292e-06;2.2238723654712125e-06;1.3508984723764886e-06;1.0631173518337578e-06;2.447367938956735e-06;2.4078952443417193e-06;1.1455614067247702e-06;2.3978904975385513e-06;1.0107453766102457e-06;9.454234048205401e-05;0.0001405868685001337;9.711498727124206e-05;0.00010266611625034953;7.555867156010955e-05;1.1649352444473032e-05;0.00011034889983434425;4.760122627190807e-05;4.322104192370085e-06;4.833914606477256e-06;9.031483410572677e-06;1.4080342061502845e-08
00:25:29;788;9.699872061119663e-07;2.048852848077596e-06;5.9271215375871775e-05;7.140860085060168e-07;1.1513443441463715e-06;1.6091935777431197e-06;1.4865507507783542e-06;8.90332926737549e-07;7.255892321725551e-07;4.1640181587658404e-07;1.1251002020949066e-06;1.0688100399876403e-06;7.119078225108084e-07;1.1698397580740438e-06;5.706896301789626e-07;1.4577658173695016e-06;2.5391872688625787e-06;3.274588722508523e-06;3.2220918479030347e-06;2.2568410368197114e-06;1.347575912663897e-06;1.0138356773512886e-06;2.4447958274990177e-06;2.3882240885207385e-06;1.1805410147506428e-06;2.4407748550045286e-06;1.0200114424657806e-06;9.681343270820864e-05;0.00013852163621697283;0.00010599888619394757;0.00010927307278636149;7.728595874858346e-05;1.0629374252316066e-05;0.00010803873926183131;4.65654017551485e-05;4.0094010138453205e-06;5.043365586029997e-06;9.061985114322996e-06;1.3330872893364231e-08
00:25:31;789;9.734524682094368e-07;2.045012901005607e-06;5.503618379313889e-05;7.211085443114097e-07;1.1612020714676676e-06;1.4738889556104533e-06;1.5326873053147303e-06;8.456127365199315e-07;7.295085487610012e-07;5.527259998381531e-07;1.1487182050825853e-06;1.0749183571528482e-06;6.810026738079955e-07;1.2761804626393314e-06;4.838754163612307e-07;1.4606683394740224e-06;2.5447679283526574e-06;3.170608064050888e-06;3.237227667364383e-06;2.202876663731435e-06;1.3251191422234943e-06;1.1571753608551044e-06;2.4322147052621805e-06;2.380551332183281e-06;1.132065822822611e-06;2.5461074125780236e-06;9.507714593572801e-07;9.295974659570128e-05;0.00013248052317790037;9.033372173086584e-05;8.545240355282516e-05;7.529350283402546e-05;8.698069276684477e-06;0.00010892400762601092;4.759651496265339e-05;4.292351397993601e-06;5.339723874530997e-06;9.053302355932219e-06;1.0338132543039326e-08
00:25:33;790;9.622002470747888e-07;2.023824528137832e-06;5.8474579434105856e-05;7.507300648609575e-07;1.2075290416065214e-06;1.4644692968604742e-06;1.477730800674754e-06;9.041126253318442e-07;6.725868178362888e-07;4.1417502758746916e-07;1.1696643803011335e-06;1.1526164988915546e-06;6.652903556947365e-07;1.1091267510078173e-06;5.583709729331784e-07;1.4770254066908958e-06;2.5907467249764313e-06;3.1571212851223567e-06;3.1587055356702633e-06;2.2245669409625684e-06;1.2864888606001634e-06;1.0091868214462747e-06;2.4470107493033525e-06;2.452496893298142e-06;1.1058277461323755e-06;2.3708309046486634e-06;1.0058856035593174e-06;9.558123063047763e-05;0.0001451007892019536;0.00010327611552975252;9.514870743402947e-05;7.822747912398752e-05;9.029418134896676e-06;0.00010989604771426244;4.751299164358615e-05;4.0309506745663225e-06;4.875284378187724e-06;9.004091612807518e-06;1.1847130762686575e-08
00:25:34;791;9.883545940457916e-07;2.0560115067785807e-06;5.990147705088424e-05;7.58259036569665e-07;1.2010429206328737e-06;1.6909379456238454e-06;1.4314314770270575e-06;8.611160469129686e-07;7.544863043824018e-07;4.0817995543159086e-07;1.1896051016984706e-06;1.089325326426986e-06;6.84412980188721e-07;1.3054049016696985e-06;4.860527705975347e-07;1.4969121746363743e-06;2.584747012924363e-06;3.333005348464166e-06;3.1616444066227664e-06;2.217699994052734e-06;1.3737762410067873e-06;9.96640772318412e-07;2.4851587058832063e-06;2.381340482891493e-06;1.1322093222346826e-06;2.5642685755031645e-06;9.447340379927459e-07;9.886554406857132e-05;0.0001371339975412384;0.00010731529050508369;0.00011474799232937285;7.480128804086994e-05;1.0970903448639473e-05;0.00010969638046140345;4.712171532480169e-05;4.090857494041549e-06;4.9569301209949545e-06;9.10685570127136e-06;9.969574322322886e-09
00:25:36;792;9.870670535473314e-07;2.0614195335251163e-06;5.793316232254018e-05;7.333257796156416e-07;1.1823461958180494e-06;1.5631140117216609e-06;1.4576200050600816e-06;1.0563593074214788e-06;6.808842370728289e-07;4.61012204421397e-07;1.1675241974015451e-06;1.074200079109744e-06;6.955367576838062e-07;1.2479130905195357e-06;5.249684289297043e-07;1.465390757598643e-06;2.565326405624834e-06;3.2158150479287393e-06;3.2230937570522105e-06;2.390390196938548e-06;1.2884119605241952e-06;1.065761178819506e-06;2.490555887768867e-06;2.3724532935329413e-06;1.1555439687647696e-06;2.522266322845513e-06;9.820247114504714e-07;9.374799998138574e-05;0.00013906440507878933;9.916733121123557e-05;0.00010184835839326621;7.375809938934796e-05;1.0341433206566895e-05;0.00011021782783766476;4.882661351903874e-05;4.127089829303999e-06;5.153060364412451e-06;8.935644624324431e-06;1.0084435146025333e-08
00:25:38;793;9.544691306408801e-07;2.0241026176554903e-06;5.697426617015059e-05;7.164770146869418e-07;1.1648462665547754e-06;1.4988965570950086e-06;1.448342088685515e-06;8.484497242555733e-07;6.859261566819183e-07;5.175872970623758e-07;1.148717058847963e-06;1.0663219880413521e-06;6.988841487753916e-07;1.150186848430934e-06;5.089940926517045e-07;1.4606892974266953e-06;2.556513724317207e-06;3.150905378120863e-06;3.1757829392402907e-06;2.1828650733944333e-06;1.2947116511274049e-06;1.1114500225601982e-06;2.449756325289325e-06;2.386183255802729e-06;1.1468435819908706e-06;2.4005527569022867e-06;9.729763853901883e-07;9.541431623731886e-05;0.00013430930338503952;9.414221378830811e-05;9.54870390953518e-05;7.68440999017398e-05;1.1058873720884386e-05;0.00010981651137382182;4.8610490505290624e-05;4.121227907227907e-06;4.971094956194667e-06;8.902163827477048e-06;1.3859343152583237e-08
00:25:40;794;1.0034685889498911e-06;2.0792101392394617e-06;5.7565155834542036e-05;7.610390540787907e-07;1.2468343528546846e-06;1.5143360763338685e-06;1.501259011407993e-06;8.998431634568956e-07;7.233914611568728e-07;6.766142176236914e-07;1.2653116597311447e-06;1.086933761420348e-06;6.638489681197836e-07;1.1941752272290076e-06;5.080357465017923e-07;1.5045671612893737e-06;2.6479940040961176e-06;3.1795591842672344e-06;3.2749011310604343e-06;2.224375937001679e-06;1.3282852465417357e-06;1.2887954596862983e-06;2.5723020889581906e-06;2.394132815125782e-06;1.1213367930061314e-06;2.4447882608484768e-06;9.694827291454363e-07;9.248012706790693e-05;0.000136253279297427;9.429448741081202e-05;0.00010133020363382792;7.723820437444397e-05;1.0191010187733596e-05;0.00010882819349053521;5.2030354729903805e-05;4.006242567440758e-06;5.17722198212614e-06;8.93858454635295e-06;1.3960725994184601e-08
00:25:42;795;1.0002338721322572e-06;2.078157544468623e-06;5.5820762715409816e-05;7.182036559411581e-07;1.3754940947049734e-06;1.5121337541304767e-06;1.5330286971184457e-06;8.58326848384262e-07;7.127967679129458e-07;4.1466179809016263e-07;1.1815697659885287e-06;1.2307623491671713e-06;7.542695723359507e-07;1.1394898058256977e-06;5.720689396940511e-07;1.4466096013453767e-06;2.7826433174998817e-06;3.17669737572182e-06;3.2383680787415293e-06;2.2327220151481335e-06;1.339007921407894e-06;1.0203911277222928e-06;2.483596350844615e-06;2.5474555585891653e-06;1.2392420542341767e-06;2.4129557649631134e-06;1.0182002542818207e-06;9.150808951621007e-05;0.000142929744268368;8.829406407415647e-05;8.710455450232726e-05;7.236819377315428e-05;1.0962585857297455e-05;0.00010964779936389516;4.89378553685056e-05;4.078280822906477e-06;4.99044803562377e-06;9.012612898672108e-06;1.4924103801164464e-08
00:25:44;796;9.582770716740832e-07;2.0306673619254783e-06;5.4948445087919865e-05;7.57417485781014e-07;1.1457226504903288e-06;1.4842250752070383e-06;1.4893481568023503e-06;8.472636202324938e-07;7.096181268857875e-07;3.9011927462210977e-07;1.1601209916763238e-06;1.1133686200860315e-06;7.215457796502537e-07;1.1931365725717766e-06;4.874381851684781e-07;1.492111254311233e-06;2.5226315022371615e-06;3.1672868541896097e-06;3.201296812785816e-06;2.193344301568813e-06;1.3224088177916592e-06;9.879085521506452e-07;2.447191086848531e-06;2.4229040482629288e-06;1.1876745436237326e-06;2.4685242924303416e-06;9.5472550592143e-07;9.32177450532168e-05;0.0001273526514324308;9.126921332134206e-05;8.545491517266948e-05;7.520580489490108e-05;9.89336612337241e-06;0.00011097127241344161;4.76745252533412e-05;4.03189722384379e-06;5.08352480719319e-06;9.208936100846217e-06;1.7489258439835766e-08
00:25:46;797;9.477692750210891e-07;2.0246064618904596e-06;6.003171932057823e-05;7.180637230677885e-07;1.2016015220404277e-06;1.6103671993470605e-06;1.4131333307561404e-06;8.462842504351122e-07;7.029693036968028e-07;3.9323157992447605e-07;1.1352437085741165e-06;1.0704029801512538e-06;6.491897620283541e-07;1.1477224772187873e-06;4.850211001514928e-07;1.46897161812376e-06;2.5771254933738705e-06;3.2800270057837053e-06;3.1412992202488947e-06;2.220954503558506e-06;1.302535159089829e-06;9.971305726312379e-07;2.4252895377397676e-06;2.387782170513628e-06;1.1300863205558672e-06;2.4219524145993565e-06;9.421227054754357e-07;9.381294322287549e-05;0.0001369368760989801;0.00011528910052365727;0.00011688440475325328;7.571141349191759e-05;8.65490920199604e-06;0.00010866946059609673;4.666023134146415e-05;3.817452040959258e-06;4.813782011687569e-06;9.110953639041176e-06;1.9104925010123507e-08
00:25:48;798;1.0028094674652266e-06;2.0764927705409095e-06;5.585124190815831e-05;8.400767308458512e-07;1.2099877297283064e-06;1.6035954899316287e-06;1.476065265651724e-06;8.800064995090845e-07;7.15343554411809e-07;3.99770544647702e-07;1.1537018798080112e-06;1.1258432440057349e-06;7.678955470683232e-07;1.3758373240690958e-06;4.855893585413313e-07;1.568428294514796e-06;2.5803303958438637e-06;3.3089404755455804e-06;3.1971887086841936e-06;2.228588361009039e-06;1.3300244450540877e-06;9.764849230980906e-07;2.457705560820752e-06;2.4153214801255578e-06;1.2534242188526669e-06;2.656454047541093e-06;9.450213658251587e-07;9.313730256418258e-05;0.00013468251989486905;8.808333022198774e-05;9.047417660881148e-05;7.41668625890359e-05;1.1731237766809398e-05;0.00011062983190973229;4.8755518786440066e-05;3.941015536916222e-06;5.420733201925916e-06;9.17977703267118e-06;1.2596784517753075e-08
00:25:50;799;9.67259165853627e-07;2.0441390377734797e-06;5.802341720924388e-05;7.279786521879378e-07;1.2038779651552483e-06;1.4830200401857754e-06;1.4247167238291458e-06;8.672055020349361e-07;7.11938891557134e-07;4.225703410823653e-07;1.146216816572121e-06;1.129721065948078e-06;8.644334385269045e-07;1.1196905578068275e-06;5.057396458386553e-07;1.4728699110077562e-06;2.5747965566229657e-06;3.152339967861816e-06;3.1798220426267855e-06;2.2262617519601597e-06;1.340604848038207e-06;1.0023791733751347e-06;2.4619087445346307e-06;2.439430018863346e-06;1.3307865030376117e-06;2.3920409902633696e-06;9.564271762647429e-07;9.039639848196488e-05;0.00013352765088885723;9.905655487834613e-05;0.00010600620598154218;7.889334957889057e-05;1.0658847395141101e-05;0.00011029345348393532;4.866295179923171e-05;4.032282672126773e-06;5.656746981219072e-06;9.080788316371177e-06;1.577605330047812e-08
00:25:51;800;9.544579960324933e-07;2.027836176872554e-06;5.723270141419151e-05;7.60783905853011e-07;1.1782498374947956e-06;1.5298759134681332e-06;1.4569625995361237e-06;8.425505717759372e-07;7.168136051192355e-07;4.018227437452282e-07;1.2068762236855883e-06;1.0813330508179837e-06;6.691549109563962e-07;1.1203631712061481e-06;4.887090766009744e-07;1.4974354132702294e-06;2.550581294726035e-06;3.211872877681678e-06;3.1959815242783095e-06;2.177565657871991e-06;1.3166997202368961e-06;9.962382169397884e-07;2.508237541198607e-06;2.3784264388418304e-06;1.138077416588295e-06;2.3911116377809166e-06;9.71805592644735e-07;9.088652661045564e-05;0.0001316846914216691;9.559058873802902e-05;0.00010249478544058539;7.92537710782216e-05;9.447755968404327e-06;0.00010926640966905701;4.9716278359293985e-05;4.076888209692901e-06;5.360844243623049e-06;9.002754979908705e-06;1.1122251357602394e-08
00:25:53;801;9.651899547885086e-07;2.0382765802723145e-06;5.4543827345671244e-05;6.963269528254495e-07;1.1700550953977737e-06;1.4870707437966955e-06;1.668959613580641e-06;8.569001742922663e-07;6.817383461795017e-07;4.2391232683720986e-07;1.2078151556884429e-06;1.069704283697025e-06;6.523667821702681e-07;1.1310557763912563e-06;5.363738358920113e-07;1.4492010244552308e-06;2.5654609230571888e-06;3.1631609688909384e-06;3.344577836759515e-06;2.1949769927831067e-06;1.3052048915643021e-06;1.024082027032807e-06;2.5043805108804077e-06;2.375227438013881e-06;1.11497847237382e-06;2.4096228093807026e-06;1.008444221900425e-06;9.063032343189543e-05;0.00012809182901763714;8.958540885900338e-05;8.584926746579204e-05;7.752364583591758e-05;1.0547036350460501e-05;0.00010945904530322269;4.522262065808852e-05;3.964306170466442e-06;4.641435497318969e-06;8.999230698689843e-06;1.1778859562276161e-08
00:25:55;802;9.895880912289747e-07;2.063640431803338e-06;5.7306924654998615e-05;7.161030013413949e-07;1.4333856605895015e-06;1.5365294576887643e-06;1.5159305645117238e-06;8.954409891550406e-07;7.123565188636085e-07;4.2104671553340595e-07;1.1592168387217974e-06;1.1066756010177672e-06;6.94551369872055e-07;1.1795213291744167e-06;5.042987036851798e-07;1.4812569509535645e-06;2.7770086121505946e-06;3.2016033643069735e-06;3.304429088253712e-06;2.2383507936715834e-06;1.335953736025094e-06;1.0058832715400703e-06;2.4688830751385258e-06;2.385535402003992e-06;1.144759251105767e-06;2.4607611651304124e-06;9.592595204916897e-07;9.220266843460335e-05;0.00013109856415251072;9.413840648152185e-05;0.000108606629449213;7.497056689369301e-05;1.15655173341414e-05;0.00010867390231071187;4.824398351499319e-05;4.01227848517259e-06;5.1010042202995486e-06;9.054311088142232e-06;1.52634949809077e-08
00:25:57;803;9.619831808713932e-07;2.043780447901197e-06;5.3311067133307876e-05;7.516540418366963e-07;1.1967188320709128e-06;1.5833059258018134e-06;1.455859224609345e-06;8.384155191523942e-07;7.226629804467745e-07;3.9882141137067867e-07;1.139742442484765e-06;1.0954804160366971e-06;7.269046057603842e-07;1.1423788042399317e-06;4.918536142413514e-07;1.4916023135960637e-06;2.585109865333523e-06;3.275299020601721e-06;3.2017301179356636e-06;2.201553213667409e-06;1.3202925236362693e-06;1.0032632597882137e-06;2.435974320351191e-06;2.407700654208683e-06;1.2092825115843557e-06;2.4388227555828975e-06;9.547340698501805e-07;9.119443004968905e-05;0.0001263714456845971;7.94700585826044e-05;7.975876126305588e-05;7.776572535035125e-05;1.008970068514939e-05;0.00010868210866957722;4.792604725610534e-05;4.014404027628101e-06;5.381084285326285e-06;9.066000510943e-06;1.3039234667517007e-08
00:25:59;804;9.60012574728482e-07;2.036906638047956e-06;5.9326108878168784e-05;7.039570883791348e-07;1.1476280729767878e-06;1.6375402992384702e-06;1.508015577058395e-06;8.448699784628517e-07;6.784405778584554e-07;4.209702480545923e-07;1.1611760618085947e-06;1.0695855652478123e-06;6.855017389688229e-07;1.1126702019546222e-06;5.49795120662434e-07;1.4403066318122968e-06;2.5394106246437067e-06;3.27386764575185e-06;3.2770873922690722e-06;2.2032697122281377e-06;1.2796444164888282e-06;1.0305336662106957e-06;2.4662363405039722e-06;2.3859571082182443e-06;1.158747191835527e-06;2.3843567573115977e-06;1.0034613004606826e-06;9.649662312110852e-05;0.00013460582586834644;0.00011123134413373443;0.00011075331986401097;7.35213490113559e-05;8.03505057704073e-06;0.00010896711766532609;5.026003320934905e-05;4.00846727755036e-06;4.9982735413487655e-06;9.025181761298726e-06;1.0720507555507094e-08
00:26:01;805;9.757402017675851e-07;2.0461925199510283e-06;6.032826131886046e-05;7.102826629079573e-07;1.2550162064331714e-06;1.5237890740719835e-06;1.5825779915636737e-06;9.250674798299098e-07;7.085957564550488e-07;4.384036115144919e-07;1.2119335479419326e-06;1.0752918338367707e-06;6.549390210769895e-07;1.119033685109178e-06;5.039511924936396e-07;1.4712382616829629e-06;2.6317589350882474e-06;3.155697879863717e-06;3.337375925253536e-06;2.2591628415203917e-06;1.3101995508102707e-06;1.0327372657413917e-06;2.510192784996699e-06;2.3847658097490897e-06;1.1097718857520623e-06;2.3881842751023534e-06;9.632240561056934e-07;9.619344471380028e-05;0.00013302544163773213;0.00010643688857881815;0.00012224097937114332;7.828345938410435e-05;1.0127058935683819e-05;0.00010893647238580586;5.084740240336795e-05;4.12574477759358e-06;4.694824582791618e-06;9.013893292163008e-06;1.352576332138784e-08
00:26:03;806;9.951529928997616e-07;2.0718601311998527e-06;5.8272652016196006e-05;7.253101656249069e-07;1.4235618890558819e-06;1.5000208822128642e-06;1.4511271926309632e-06;8.515102300841384e-07;6.883916048507708e-07;4.202943051569783e-07;1.1718498428595323e-06;1.1078805240478056e-06;6.592354430022919e-07;1.3586604748735711e-06;5.839929498773312e-07;1.4608264656331652e-06;2.811244498152979e-06;3.1808185897866277e-06;3.202704727853047e-06;2.207371323228345e-06;1.2940187190584375e-06;1.0058858618730816e-06;2.476493344009306e-06;2.416855201910856e-06;1.1098312813684763e-06;2.654634164472658e-06;1.0416365390034415e-06;8.977586005945094e-05;0.00014447601084469216;9.961061330484959e-05;0.00010213803171445962;7.614168833499214e-05;9.893264094917698e-06;0.00010965808004776183;4.951746454843801e-05;4.238929515789449e-06;4.798614422218133e-06;9.007313717098686e-06;1.5953589683891235e-08
00:26:05;807;9.646174724441503e-07;2.0340761782882753e-06;5.761973190485146e-05;7.4002021104908e-07;1.3421651487180695e-06;1.5378191905345384e-06;1.4423877987759035e-06;8.72490092133789e-07;7.385134895136631e-07;3.967225913841849e-07;1.1286342389156672e-06;1.1019475367746168e-06;6.449671147056403e-07;1.1470839194061e-06;4.826579953487453e-07;1.4821444450936276e-06;2.724204701056046e-06;3.198849540988508e-06;3.198701048709557e-06;2.230113930440721e-06;1.3056262286561004e-06;9.81701635043775e-07;2.4294604243182165e-06;2.396596639151033e-06;1.1028997812013874e-06;2.4101228616559582e-06;9.484923264355092e-07;9.428787106877873e-05;0.00012852727608279012;0.00010222272724866665;0.00010559667004909628;7.595821043984858e-05;8.99323618412095e-06;0.00010939678384389143;4.84311395131735e-05;4.105797069770675e-06;4.979889669269239e-06;8.920993409010686e-06;1.6188279800660916e-08
00:26:07;808;1.0030386229073232e-06;2.0864118017856573e-06;5.7093525888751515e-05;7.067386747343236e-07;1.192309277975312e-06;1.6637835479439322e-06;1.5612282106306194e-06;8.685201991134115e-07;6.905680764193985e-07;4.771517562073381e-07;1.2015930537436568e-06;1.3968010720591648e-06;6.729112594815557e-07;1.1180392915315969e-06;4.868186601715184e-07;1.4582946575984939e-06;2.5768467303696294e-06;3.3566353706675407e-06;3.3503387229860823e-06;2.223755267308822e-06;1.2972657230743088e-06;1.08334636393068e-06;2.5095515955491708e-06;2.701459325065496e-06;1.1466070334998083e-06;2.3809359851228794e-06;9.519038478974604e-07;9.609341461437033e-05;0.00012624475653349331;8.885561060072255e-05;0.00010034971478549106;8.062129197687302e-05;1.3142992195532139e-05;0.00011047935665846127;5.074244850852069e-05;4.035530239236864e-06;5.418155009709704e-06;9.124651063919097e-06;1.4388478688100779e-08
00:26:08;809;9.809931950402726e-07;2.058000862384285e-06;5.675205016218842e-05;8.765229570848667e-07;1.1394477224384176e-06;1.6271547979714156e-06;1.4439656541979802e-06;9.206190209357342e-07;6.927739855717102e-07;4.0081707407647504e-07;1.3006686925882087e-06;1.0739657435688732e-06;6.4192237832343e-07;1.1616094790702711e-06;4.924504775677913e-07;1.6161604443817552e-06;2.5262499743976035e-06;3.30191356693785e-06;3.176259951942484e-06;2.2652759151794813e-06;1.3037495899523123e-06;1.0086147204973818e-06;2.6262044307662143e-06;2.3879570107965264e-06;1.1110512764101754e-06;2.4163463525768795e-06;9.562262959397105e-07;8.623881123652732e-05;0.0001350254770036223;9.219886247728733e-05;0.00010009828108360008;7.847547738073379e-05;1.2136752521114895e-05;0.00011010622877072114;4.835156511096838e-05;4.265962589280911e-06;5.102643609010354e-06;9.01043213422662e-06;1.4108029167580744e-08
00:26:10;810;9.586491534334258e-07;2.047367874920498e-06;6.004810287731758e-05;7.057462070505303e-07;1.1563128980379196e-06;1.546862601887643e-06;1.4914546752367839e-06;9.434140717927293e-07;6.815856651197872e-07;4.87220669405501e-07;1.1892501101067927e-06;1.089037066425259e-06;6.312498623615361e-07;1.102624540601353e-06;4.790311240605987e-07;1.4610588926165913e-06;2.545663419426356e-06;3.244658121073809e-06;3.2809277307691608e-06;2.3131136182385063e-06;1.294973030118992e-06;1.0907160264817816e-06;2.505568133954834e-06;2.406562738185671e-06;1.1014339203846916e-06;2.378817133013641e-06;9.449208756548246e-07;9.276226617298582e-05;0.00014034913069843697;0.00010327687711568643;0.00011426802223457728;8.080682562563768e-05;1.1563389524304163e-05;0.00010952403553609572;4.980845347396776e-05;4.164486856297848e-06;5.063333377901759e-06;8.977217132812927e-06;1.3196779106500744e-08
00:26:12;811;9.453180273314129e-07;2.0217593304597025e-06;5.4049468467585555e-05;7.060228311075243e-07;1.1961147287177132e-06;1.5258309037268314e-06;1.5262408876120566e-06;8.362043118543222e-07;7.233588785737766e-07;3.8276842317941373e-07;1.13067644435073e-06;1.0544889389149406e-06;6.600494304252116e-07;1.1158914774030264e-06;4.861687470784788e-07;1.4539342248410114e-06;2.5684442786619403e-06;3.2008855715169294e-06;3.220448298876202e-06;2.1737017199990953e-06;1.3450456170958897e-06;9.903035082153351e-07;2.4473942437884657e-06;2.3807989464330603e-06;1.134111513854091e-06;2.398844325789814e-06;9.471989001299277e-07;9.029985378497723e-05;0.00013251125086678446;8.104209327917662e-05;8.149366027300988e-05;7.44737733847648e-05;1.1548121644373504e-05;0.00010976885117731193;4.936883740949266e-05;4.067251644452362e-06;4.931796864311501e-06;9.07765407219378e-06;1.0477210178004387e-08
00:26:14;812;9.503448288519032e-07;2.0222621730992405e-06;5.857107716148913e-05;7.304915552049223e-07;1.1775675154979126e-06;1.5426746835926637e-06;1.4283305056685756e-06;8.975604397094954e-07;6.839831496741056e-07;3.95001283156918e-07;1.1465965929440876e-06;1.1097336479243773e-06;6.559006526190619e-07;1.1483187945577293e-06;4.879787705227365e-07;1.4818573145942225e-06;2.5533719914349177e-06;3.2028519134529015e-06;3.1494374565503493e-06;2.2400596162121555e-06;1.2972928265920513e-06;1.0014282477359187e-06;2.4524693767661914e-06;2.418316381420171e-06;1.1117528846556571e-06;2.410603968523383e-06;9.477034412364309e-07;9.469639502033612e-05;0.00013250379471689268;0.00010369071907229607;0.00010638807285720373;7.792654439219795e-05;9.99256946222618e-06;0.00011101437448092106;4.855320960746031e-05;4.249428762105048e-06;4.76153724338235e-06;9.06474799676308e-06;1.153232608484908e-08
00:26:16;813;9.634172540144577e-07;2.0359225878058203e-06;5.6822647931369716e-05;8.296399313807838e-07;1.1500136407605055e-06;1.4740569516517739e-06;1.4905946129931378e-06;8.474693621610382e-07;6.91956712776816e-07;3.8955549033013104e-07;1.2599879945860628e-06;1.0787597937358193e-06;7.30084131493992e-07;1.1341891746593804e-06;4.84698924188817e-07;1.5735650802963402e-06;2.5317788056413464e-06;3.168624938196076e-06;3.18867991373287e-06;2.190927745364724e-06;1.3042434894671288e-06;9.793007140177895e-07;2.5677932387535993e-06;2.398731236167759e-06;1.1707485263102598e-06;2.4134438225574523e-06;9.432326966292795e-07;9.660739241069834e-05;0.00013242998503908555;9.409884480505693e-05;9.477037071316236e-05;7.607290382742036e-05;1.0604424900949715e-05;0.00010948818886335511;4.9587948928287786e-05;4.162650977805159e-06;4.90887349403969e-06;9.130199550730277e-06;9.991665845302352e-09
00:26:18;814;9.344461833003173e-07;2.0161554428778813e-06;5.707004889540956e-05;7.344428237294148e-07;1.1401908160250813e-06;1.4684561734671062e-06;1.4140961555659197e-06;9.071592785241994e-07;6.727780374824668e-07;3.967162560075172e-07;1.2063954221859645e-06;1.042246086566869e-06;6.457861463360359e-07;1.116377966151302e-06;4.687086968243906e-07;1.4706191548243566e-06;2.5376410962099393e-06;3.1839430609775434e-06;3.1502879808820444e-06;2.2672353063885396e-06;1.2717190019475887e-06;1.0068685039814112e-06;2.4988267865364256e-06;2.347427312088257e-06;1.1083714589058448e-06;2.4043354950306453e-06;9.465895235694639e-07;9.613464626535881e-05;0.00013065059104556644;9.419219698386373e-05;9.757442941333194e-05;7.813529372014709e-05;9.855082921375578e-06;0.00011043296436547223;4.969375935348877e-05;4.11599044002448e-06;4.915099315918029e-06;9.126682642103017e-06;1.3850278264695992e-08
00:26:20;815;9.350047504726304e-07;2.0200269286933574e-06;5.5551157098293694e-05;7.84435022392994e-07;1.148334665094937e-06;1.4951836813507797e-06;1.4149114303630872e-06;8.327973848309966e-07;6.900600454687574e-07;3.9631716147231993e-07;1.1227809909283595e-06;1.0700099408531762e-06;6.792809570186555e-07;1.108837299716599e-06;4.771080888951477e-07;1.5392998112831634e-06;2.535390537179663e-06;3.1770271251141685e-06;3.1611254765761537e-06;2.2042557563071556e-06;1.3005783150415655e-06;9.805984582645935e-07;2.442910767334795e-06;2.3877629372910184e-06;1.1539266806779134e-06;2.4078160549834138e-06;9.496301935300087e-07;8.956826836623794e-05;0.00013385433837041072;8.90761212830759e-05;9.302819082557799e-05;7.613289959146304e-05;1.0214729937011622e-05;0.00010908675271710047;4.751045450649644e-05;4.145396909294499e-06;5.022300958044842e-06;8.957833287378399e-06;1.6598427432419066e-08
00:26:22;816;9.402687284937822e-07;2.012075379131107e-06;5.628302711371559e-05;7.212033417742186e-07;1.1617638195298758e-06;1.486549071798167e-06;1.4259695246821025e-06;8.615880837064599e-07;6.822287533691064e-07;4.179115423214535e-07;1.1577531868957955e-06;1.1201352693875193e-06;6.383799231457488e-07;1.1305562768384256e-06;4.791856099796054e-07;1.4549251632103468e-06;2.531284170040232e-06;3.165026437503152e-06;3.1270801340310122e-06;2.226126229334689e-06;1.2849358760912408e-06;1.0182854917079394e-06;2.4757587975209736e-06;2.4222960884707147e-06;1.0978379826823744e-06;2.40792380276317e-06;9.334235437131899e-07;9.800710045695172e-05;0.00013000113004528254;9.099559484455394e-05;9.094579558221369e-05;7.671569177958335e-05;1.0771082675724759e-05;0.00011068464105038893;4.928584638206542e-05;4.170058928885589e-06;4.822324425197596e-06;8.984499506105324e-06;1.2559687634230341e-08
00:26:23;817;9.373939770669764e-07;2.012398268458197e-06;5.710381100679738e-05;6.995363253103903e-07;1.1709100095170688e-06;1.4872864105538755e-06;1.49309804391025e-06;8.30735053959263e-07;6.935451608973282e-07;3.923036489197138e-07;1.1225709113786437e-06;1.1019136103775715e-06;6.459073199930029e-07;1.0942515657626344e-06;5.166693118189998e-07;1.4397145147845953e-06;2.551017467950156e-06;3.1496649367172607e-06;3.213894862848882e-06;2.188732150322802e-06;1.3093804378640234e-06;9.88323696547704e-07;2.4260563856807515e-06;2.4205293201806785e-06;1.1040158679124828e-06;2.3758869367985785e-06;9.815621060365802e-07;9.661671428158425e-05;0.00013369975541478634;9.891727199385776e-05;9.440324419599861e-05;7.451258670467853e-05;9.547644887287331e-06;0.00011091919686523117;4.8369673279733334e-05;4.274771650481241e-06;4.8947421145903676e-06;9.077609392908624e-06;1.2521300431072667e-08
00:26:25;818;9.540892524513693e-07;2.0378622723369573e-06;5.983968701847664e-05;7.249552198955329e-07;1.250500012711148e-06;1.4838109852729788e-06;1.4853645402142361e-06;8.449113665275444e-07;7.670750851476978e-07;4.049373575444225e-07;1.1369188911526284e-06;1.0814701804791453e-06;6.762026199990213e-07;1.1031132493112172e-06;4.898111977831703e-07;1.4618529699942836e-06;2.645488510247157e-06;3.156816077696217e-06;3.2583281142562346e-06;2.2002858284832668e-06;1.4052891574350195e-06;9.91891610804291e-07;2.459511804346808e-06;2.4119853945574253e-06;1.1344807967649518e-06;2.3832249400837535e-06;9.451912970672322e-07;9.392455497654098e-05;0.00013289718488836862;0.00010424004255578929;0.0001215301806293191;7.719356648559177e-05;1.2674374430947757e-05;0.0001096895387855469;4.7379786845372314e-05;4.085559379303045e-06;5.406183787495997e-06;9.043553784082821e-06;1.1717673360895933e-08
00:26:27;819;9.409983413083917e-07;2.0213740803044374e-06;5.5610527109042244e-05;7.611923488294213e-07;1.2652146598280856e-06;1.4613233752766321e-06;1.4093411272756127e-06;8.369054006171243e-07;6.664498690689413e-07;4.2001924984511807e-07;1.129101368927107e-06;1.06802129879407e-06;6.77818759746303e-07;1.1154203238626017e-06;4.81172014293369e-07;1.5090512119335288e-06;2.6300142047758425e-06;3.1395266121969916e-06;3.152654699078994e-06;2.2039867149666135e-06;1.290848783925487e-06;1.013463431027509e-06;2.4358744903560065e-06;2.3827472726029384e-06;1.1616999527292666e-06;2.385738876979257e-06;9.508818647467521e-07;9.060284387449094e-05;0.00012814799585218506;9.569309797560893e-05;9.379373690592396e-05;7.539424357096342e-05;9.13546328481087e-06;0.00010989253212726246;4.666645799272716e-05;4.134460163951176e-06;4.865144835995856e-06;8.986495830147617e-06;1.3852894439440203e-08
00:26:29;820;9.524478716019499e-07;2.0293998601763505e-06;5.6220693603072e-05;7.496783217643032e-07;1.1599283829190974e-06;1.4614681855817935e-06;1.4161384381917619e-06;9.092716492469838e-07;6.569820458566447e-07;4.6462957424931905e-07;1.1711611813680634e-06;1.091236449484773e-06;6.797016651334657e-07;1.1252439797715397e-06;5.43934267607036e-07;1.4788606331652012e-06;2.5509806952949116e-06;3.13516756526767e-06;3.1849025088123673e-06;2.2451851556312087e-06;1.263753088269253e-06;1.0737389310392406e-06;2.4992147565413526e-06;2.3948908444219363e-06;1.1481851687031975e-06;2.3819092610187622e-06;9.960088958375964e-07;9.546381203777915e-05;0.00013239586979046765;9.234424798661442e-05;9.168093182052106e-05;7.58216187566443e-05;1.005884677253985e-05;0.00010915954432773628;4.9264980237196976e-05;4.156613718423375e-06;5.283479578498547e-06;9.004078235197015e-06;1.4299975245350603e-08
00:26:31;821;9.612105960469948e-07;2.0387628663666887e-06;5.91932884930171e-05;7.568538515911882e-07;1.1420583234666992e-06;1.5112915589683822e-06;1.4743519622132082e-06;8.57798073501796e-07;7.016603365802868e-07;4.690522298244172e-07;1.1992130082496353e-06;1.0712103539554298e-06;7.450987980545615e-07;1.1109260722654633e-06;4.950122675398657e-07;1.4996372927478521e-06;2.539693819995545e-06;3.1919240467963207e-06;3.177824481421731e-06;2.2310084587739834e-06;1.3094435671576585e-06;1.0645859409546747e-06;2.521645202722527e-06;2.3992771128730598e-06;1.2089618182840298e-06;2.3702027632841433e-06;9.509491133894123e-07;9.089853664473411e-05;0.0001370802877387517;0.00010668577302033698;0.00011356733762720424;7.44128308234747e-05;9.794127565134311e-06;0.00011045120459144592;4.9428864515459005e-05;4.228325731000058e-06;4.764593760796073e-06;8.99362331512061e-06;1.3956582747674985e-08
00:26:33;822;9.73480306143415e-07;2.052611828535019e-06;5.436838176598431e-05;7.402864265835454e-07;1.2681602840978392e-06;1.5903013251726927e-06;1.438375655592562e-06;8.396680622721223e-07;6.580828835806524e-07;5.10256759107945e-07;1.1473005454767169e-06;1.050257781106981e-06;7.718192594939989e-07;1.1528121924539194e-06;5.14442167774056e-07;1.4843056455499175e-06;2.632999772237171e-06;3.27521712866264e-06;3.173381527849875e-06;2.1941028323822194e-06;1.276544187217214e-06;1.1089364227677545e-06;2.4586026276803656e-06;2.375492021823033e-06;1.2599207020915095e-06;2.419286698580125e-06;9.72551859130754e-07;9.110622885755784e-05;0.0001302396845367519;8.59027733826568e-05;8.350289399696425e-05;7.546266011892947e-05;1.0735755269770417e-05;0.0001089475302704718;4.801546121973838e-05;4.119477196952335e-06;5.323587867375294e-06;9.05282060853756e-06;1.1707866105835549e-08
00:26:35;823;9.406335982443569e-07;2.01640249157162e-06;5.668122211663608e-05;7.387938680219525e-07;1.169498922592993e-06;1.4962754724123783e-06;1.4111515010255133e-06;8.400970614113651e-07;6.695888868822987e-07;3.9709960969974195e-07;1.1331903165318573e-06;1.1032073401473497e-06;6.559688640353752e-07;1.1631776468880937e-06;5.095533545006571e-07;1.4803197303345895e-06;2.539049497684147e-06;3.146854698823955e-06;3.1977008088860997e-06;2.2009539430033742e-06;1.2775304399619466e-06;9.86243590783557e-07;2.4570370980447615e-06;2.3931467645709318e-06;1.1075940157833073e-06;2.4336317181545775e-06;9.767670567731628e-07;9.196009364552816e-05;0.0001336873698377062;9.269766672033896e-05;9.945672137247307e-05;7.628872680025644e-05;1.0576663525774711e-05;0.00010825827018696683;4.88849950793732e-05;4.423204007633731e-06;4.956437605214308e-06;8.972795948522947e-06;1.1720669844356419e-08
00:26:37;824;9.644282634724277e-07;2.038681007526307e-06;5.8986739155900184e-05;7.2268512140251e-07;1.1602112893042844e-06;1.7138158619125285e-06;1.4068055375979973e-06;8.302617138446842e-07;7.825932318749164e-07;4.1947919721623866e-07;1.194127517837015e-06;1.0613630214706404e-06;6.575583228221856e-07;1.1328367591060968e-06;4.914012245197082e-07;1.4666199900556754e-06;2.5515149960897993e-06;3.3451706488599083e-06;3.140245015154367e-06;2.1926749868610766e-06;1.4215606882581722e-06;1.00967454517547e-06;2.500715976842728e-06;2.363869696959619e-06;1.1252574728431787e-06;2.387303795008456e-06;9.595634521788212e-07;9.426637954998092e-05;0.0001314871073820659;0.00011413121665896076;0.00011127489362029821;7.418003666359058e-05;7.60652759311932e-06;0.0001081401086339006;4.899690247096363e-05;4.019485042431096e-06;4.85733323577186e-06;8.870191437831365e-06;1.0687581888164162e-08
00:26:39;825;9.338801014118819e-07;2.0057846258963234e-06;5.6430029944238705e-05;7.153881045935345e-07;1.1622389617180964e-06;1.4661224128076356e-06;1.41430986332448e-06;8.263764625724626e-07;7.127296836757906e-07;3.99996461851838e-07;1.118199492596132e-06;1.0864696850470585e-06;6.338415698566151e-07;1.101144389004105e-06;5.69743852096849e-07;1.4474494419924736e-06;2.540338774060383e-06;3.1320264324791953e-06;3.146457128757073e-06;2.1760120552808306e-06;1.326768505828401e-06;9.916689418211799e-07;2.4288312842364127e-06;2.3915652928747165e-06;1.0870214542949185e-06;2.375805778787184e-06;1.0254695166047067e-06;9.571721735044021e-05;0.00012786967780712205;9.218302254345297e-05;9.853228187104008e-05;7.581905663906002e-05;1.0705782073712779e-05;0.0001088415044525127;4.91035656196604e-05;4.333279879803116e-06;4.9721930622270676e-06;9.06759443581413e-06;1.518359601894034e-08
00:26:40;826;9.469125992402703e-07;2.0227577556109777e-06;5.793379033561329e-05;7.297142642460518e-07;1.1719137694205466e-06;1.5081718146671041e-06;1.414687495714485e-06;8.631554578157492e-07;6.635879357523451e-07;3.998547086971691e-07;1.189599737343046e-06;1.0736458552913901e-06;6.854490200083128e-07;1.1825774370260496e-06;4.805933790728225e-07;1.4701367132158937e-06;2.5430419937843976e-06;3.1828249264642954e-06;3.1655245153690227e-06;2.2232019779338873e-06;1.2698098984562617e-06;1.0005243092984552e-06;2.4913693372398e-06;2.370626035210794e-06;1.1419891403489554e-06;2.4765665957487197e-06;9.374769509545504e-07;9.29107477486133e-05;0.000134000508458886;9.842237788083513e-05;0.0001060950436920381;7.534131223391014e-05;1.0456095078407402e-05;0.00010940867283807344;5.013850337372717e-05;4.16302233637359e-06;5.125390308785876e-06;9.1292239391365e-06;1.4586138572882669e-08
00:26:42;827;9.59630181459917e-07;2.0359623004890325e-06;5.498921862674536e-05;7.163350117522782e-07;1.1700253735566237e-06;1.495494651993955e-06;1.5210821279703686e-06;8.237615049482888e-07;7.592409572154679e-07;5.002858622926709e-07;1.167521754910891e-06;1.0512994135034794e-06;6.659519873734738e-07;1.1449902322430654e-06;4.995729615441359e-07;1.4586908022626827e-06;2.5663804696901196e-06;3.1582868025826787e-06;3.261422782226781e-06;2.16445831955741e-06;1.3828182193121186e-06;1.110672471866887e-06;2.4673346301882058e-06;2.366979483840508e-06;1.128262185024072e-06;2.4051059147530374e-06;9.611347548392403e-07;9.635951992257344e-05;0.00013545248405372166;8.376499709898889e-05;8.289160256946408e-05;7.427795934996874e-05;1.2424913044771093e-05;0.00010851960382884394;4.815544639354247e-05;4.153962219258908e-06;4.883973536102824e-06;8.970467967363882e-06;1.5693536344412387e-08
00:26:44;828;9.60758967413514e-07;2.0372108755382906e-06;5.868665603940963e-05;8.100000098533077e-07;1.1846655362549283e-06;1.5416015394332694e-06;1.4248809177401385e-06;8.380165611948148e-07;6.755491826140123e-07;4.0393569727454287e-07;1.1980171163792555e-06;1.2316797578616379e-06;6.390909916023898e-07;1.108066578290525e-06;4.736033710256942e-07;1.5447564290793073e-06;2.5777759029678454e-06;3.18784239575104e-06;3.180124314342179e-06;2.2049310784288673e-06;1.2826593345817866e-06;9.995866299746762e-07;2.512136343514762e-06;2.5298622858827002e-06;1.1060630728497006e-06;2.36875439297157e-06;9.520374299317833e-07;9.310623699232487e-05;0.00014316789625792474;0.00010765394029377544;0.00010098084867003415;7.74017533582542e-05;9.134436270217468e-06;0.00010932604434820769;4.557939720236413e-05;4.141204602590944e-06;4.675041017388809e-06;9.056254321187197e-06;1.681913864586168e-08
00:26:46;829;9.521681923726791e-07;2.0211792311381e-06;5.545993696878991e-05;6.99141097500315e-07;1.2549414021895637e-06;1.459561235509196e-06;1.5981588723108913e-06;8.429275348427594e-07;6.649337754344681e-07;4.0527863126077984e-07;1.1211841247739007e-06;1.0647873986161214e-06;6.517250092728168e-07;1.167761692193055e-06;4.956172054174343e-07;1.4399977432351333e-06;2.6207268924333186e-06;3.142890335179282e-06;3.279801951895381e-06;2.1906350132701824e-06;1.2636464737601894e-06;9.867340930046753e-07;2.440462345717445e-06;2.3814150427490777e-06;1.1260490282438695e-06;2.423538725901081e-06;9.582524720498659e-07;9.211317624241975e-05;0.0001303119715943424;9.479917356991575e-05;9.054593121891198e-05;7.343793368142679e-05;8.919249004226708e-06;0.00010885345025171778;4.850637760456744e-05;4.206876871785031e-06;4.770374152649246e-06;9.0418001218349e-06;1.2929311681232433e-08
00:26:48;830;9.553817965433289e-07;2.021691342852597e-06;5.714669067692524e-05;7.571154431880571e-07;1.172170525087779e-06;1.5387665897844984e-06;1.5825749851604665e-06;8.901265634878283e-07;6.846687215158263e-07;4.0326821260094903e-07;1.1425924739683069e-06;1.0619624467881037e-06;6.381040086625686e-07;1.1094333132985215e-06;4.837979265688701e-07;1.4932118781733244e-06;2.5619008441981927e-06;3.2006043045241104e-06;3.2292157184316768e-06;2.2167509536003206e-06;1.3079490594164677e-06;1.000629861770984e-06;2.436441368905734e-06;2.3741910213117725e-06;1.0989299210139714e-06;2.391772431732119e-06;9.486979253039598e-07;9.487444251758989e-05;0.0001388153371939283;9.949321754861403e-05;9.510872877670183e-05;7.299051328440489e-05;9.466682820676188e-06;0.00011015947326094534;4.6983284361733034e-05;4.213098318590382e-06;4.569384006966614e-06;9.069562336772908e-06;1.6563696179420274e-08
00:26:50;831;9.192359527303169e-07;1.9954263475656147e-06;5.660972005032341e-05;6.889281144350047e-07;1.1769521986499336e-06;1.466409488383068e-06;1.3780451023525198e-06;8.418596999313557e-07;6.56035413710237e-07;3.7465403290859456e-07;1.1127242231461827e-06;1.0974762165716356e-06;6.402421802821255e-07;1.1060358982623535e-06;4.914685620895718e-07;1.4301786750999055e-06;2.5585796602402447e-06;3.1468873744358197e-06;3.1525898342622413e-06;2.186117501279816e-06;1.2585973527626564e-06;9.754693215205706e-07;2.4191070043009778e-06;2.4007331102772777e-06;1.102698019443594e-06;2.3557497815079244e-06;9.584077923746813e-07;9.096735812143503e-05;0.00013210279291878295;9.243191306516374e-05;9.89524733728945e-05;7.605992664858206e-05;1.0835551077006484e-05;0.00011021883381211374;4.9605042679477144e-05;4.023749510178123e-06;5.079797336196929e-06;9.024409565099219e-06;1.4792496951032705e-08
00:26:52;832;9.457548681979233e-07;2.0296723373058176e-06;5.784359730271678e-05;6.936670897481825e-07;1.1490124946046298e-06;1.4546704219368807e-06;1.4054835998871857e-06;8.987225669927894e-07;6.81210939899237e-07;4.512915001697593e-07;1.15518938495737e-06;1.082944549873394e-06;7.004613817862548e-07;1.115523645415935e-06;5.608805033146586e-07;1.434797343192051e-06;2.5353248017232037e-06;3.145655118484533e-06;3.1439768129449835e-06;2.2553195313327095e-06;1.310554761737047e-06;1.0473471993924548e-06;2.4569325478872007e-06;2.420183263202949e-06;1.1861021546424069e-06;2.395343959863026e-06;1.0245296236255083e-06;9.621253397879595e-05;0.000141674758445669;9.414194510573534e-05;9.805210944658876e-05;7.547923708188738e-05;1.2523389525543707e-05;0.00010980934627559626;4.750827333788512e-05;4.313682709969255e-06;5.336628095602582e-06;9.057691258975252e-06;1.357237035287519e-08
00:26:54;833;9.30330782431745e-07;2.00803278742949e-06;5.795622966392813e-05;7.409192915762798e-07;1.218649703250595e-06;1.4984615158394634e-06;1.394965490029356e-06;8.178774437907841e-07;6.720382967693375e-07;4.0138330798472116e-07;1.131550811434517e-06;1.06307924939809e-06;6.336777783711899e-07;1.116510492302971e-06;4.7485573267442244e-07;1.4831999748556756e-06;2.5705741238566644e-06;3.1732621192543463e-06;3.155479860168593e-06;2.1844868650630448e-06;1.2874254170865358e-06;1.0008568868307762e-06;2.4385786541124962e-06;2.3717035518633497e-06;1.099420686225844e-06;2.3951188959011844e-06;9.362857397292506e-07;9.750291467605979e-05;0.00013255689932587553;0.00010398979672591216;0.0001011392603536218;7.569800883186892e-05;9.490294224459286e-06;0.00011081099310817381;4.6309618531786174e-05;4.0732178716019825e-06;4.831429833562313e-06;9.057129956277447e-06;1.5192527938320206e-08
00:26:55;834;9.545715148430067e-07;2.029431548583523e-06;5.486327539450932e-05;9.594044228158147e-07;1.1788518564547312e-06;1.5060139206016485e-06;1.4298217171864798e-06;8.410060165043763e-07;6.63639561163362e-07;4.1344115959079436e-07;1.1752241178603577e-06;1.031429464746416e-06;6.51691682234718e-07;1.1208486494496128e-06;4.834852679829799e-07;1.685257950180418e-06;2.5769932079451275e-06;3.1826406156360924e-06;3.1438157086224143e-06;2.1971221511631497e-06;1.2811269676845608e-06;1.001941848532129e-06;2.4744806293561343e-06;2.35308168526047e-06;1.1023354123965333e-06;2.4147498684617892e-06;9.39631732601615e-07;9.128006842620227e-05;0.00013439567786803768;8.510255899195575e-05;8.339130736427168e-05;7.605972808063666e-05;9.993311574168813e-06;0.00011015838650917637;4.959695515411031e-05;4.2562655433794075e-06;5.049440541005512e-06;9.058983624078354e-06;1.662105708913225e-08
00:26:57;835;9.218474609924825e-07;1.998664732967928e-06;5.5484905497204384e-05;6.861663297350808e-07;1.1540218882318114e-06;1.4646882549646472e-06;1.4416922724726853e-06;8.273130057387138e-07;6.598677484022502e-07;3.8743031825141183e-07;1.1174503564087053e-06;1.0834586403001885e-06;6.29648090192089e-07;1.0995477231742514e-06;5.108845974549131e-07;1.4268834786578943e-06;2.5379010418839265e-06;3.1566034574063473e-06;3.154242314181668e-06;2.190950052449174e-06;1.2728645796000185e-06;9.806330057518275e-07;2.4110531653662557e-06;2.4064476223475716e-06;1.1021436860205482e-06;2.3803835678267252e-06;9.638700700484554e-07;9.631064288504487e-05;0.00012973929955382668;9.047630170121854e-05;8.580321370568075e-05;7.765926375148227e-05;1.0856527594298703e-05;0.00010953378282011291;4.73661943672495e-05;4.191895690153277e-06;4.832800029806556e-06;9.035873475100947e-06;1.307039247753351e-08
00:26:59;836;9.40032969768109e-07;2.025887070724625e-06;5.9185568981581506e-05;7.159199590328119e-07;1.1377918863237306e-06;1.4436514373434244e-06;1.484434380588146e-06;8.533957450202417e-07;7.76045598086225e-07;3.8590838847728615e-07;1.1579724055592195e-06;1.0626178032037037e-06;6.633425648368401e-07;1.1149115287555456e-06;4.844036156031512e-07;1.4583900804298744e-06;2.531408140500009e-06;3.1338855720444175e-06;3.2762892444708675e-06;2.2139639840928265e-06;1.4206947831046853e-06;9.776433516804048e-07;2.470109223660201e-06;2.353445268719169e-06;1.1385306709000153e-06;2.3813588699386522e-06;9.54924964441454e-07;9.411404542897977e-05;0.00013321558789152298;0.00010267997228795105;0.0001137447351747214;7.588884378666839e-05;1.1356954213610822e-05;0.00011110729290695118;4.983129025321889e-05;4.035168111182964e-06;5.029545930649283e-06;9.207352021173845e-06;1.6039772347467212e-08
00:27:01;837;9.362852758957015e-07;2.01520326668345e-06;5.7737981236250984e-05;6.876440601579568e-07;1.1385292032786962e-06;1.4758725229410432e-06;1.4086355985492622e-06;9.410286006589724e-07;6.507655068559033e-07;4.959341766343848e-07;1.1097206883515687e-06;1.0673769821536248e-06;6.371169006914489e-07;1.100764480455041e-06;5.220342779469175e-07;1.4306542731924598e-06;2.5087058647726206e-06;3.151736457686086e-06;3.166879918629818e-06;2.312721685024072e-06;1.2621380141975846e-06;1.0983155177683916e-06;2.4148747081221986e-06;2.3924008306908668e-06;1.094718930324211e-06;2.373801990709385e-06;9.754903539453176e-07;9.70232717615185e-05;0.00013849642692882356;9.681527474956046e-05;9.58925587765233e-05;8.03089789582326e-05;1.0005262723570685e-05;0.00010880899207458208;4.7234690531018036e-05;4.0293972446242435e-06;5.198475595358519e-06;9.030914397384723e-06;1.1531093815362867e-08
00:27:03;838;9.600428328679103e-07;2.0394216815912854e-06;5.493926185496016e-05;6.955314269984182e-07;1.136357305788558e-06;1.676499165270684e-06;1.4865929495077135e-06;8.325843184583707e-07;6.6870226547974e-07;5.783217812517126e-07;1.142397101603556e-06;1.0575494331568145e-06;6.283364081563744e-07;1.1019993227440688e-06;5.156421395727503e-07;1.4446233843598378e-06;2.517719961740769e-06;3.382306727825714e-06;3.2201599976901833e-06;2.1762641234643157e-06;1.2783045501893429e-06;1.1901120527437353e-06;2.4452894341622963e-06;2.3764755799018966e-06;1.0983197680731411e-06;2.3715885928843045e-06;9.718950584297263e-07;9.393624925454001e-05;0.0001302734812634298;8.339646951584242e-05;8.457225582007975e-05;7.685474090565633e-05;1.109830768246397e-05;0.00011074785820435841;4.988589041630838e-05;4.187740550645763e-06;5.15670371209896e-06;9.148212907316112e-06;1.32320267822501e-08
00:27:05;839;9.487800329630793e-07;2.0268386640941285e-06;5.7902535576286535e-05;8.096760143562097e-07;1.1441229697792013e-06;1.5701891627725475e-06;1.3936130973264809e-06;9.005404741913026e-07;6.56685369718443e-07;3.8907179831439786e-07;1.1313522208763773e-06;1.0718464594267567e-06;6.36572736785594e-07;1.183614698938775e-06;4.980750625271924e-07;1.5487841587452715e-06;2.5393187987775273e-06;3.1993950852677387e-06;3.146070357500701e-06;2.2748421150061382e-06;1.2783012827720639e-06;9.86592256082721e-07;2.432169239161535e-06;2.3753800503613947e-06;1.0939637467966845e-06;2.4824603070567407e-06;9.647857038394653e-07;9.185472253318589e-05;0.000137337922364807;0.00010351173504925618;0.0001029448572774905;7.645229350136098e-05;9.000514015060965e-06;0.00010864371805969686;4.72861388670162e-05;4.188558389589633e-06;4.739331389547624e-06;8.857349523501613e-06;1.3285944924922134e-08
00:27:07;840;9.333822049807271e-07;2.016306109597488e-06;5.84209494147937e-05;6.888840862195877e-07;1.1576664899431484e-06;1.521816098511279e-06;1.4273452239941455e-06;8.196735424545213e-07;6.666701838656505e-07;3.8528925260340363e-07;1.20215302601423e-06;1.0440937121749336e-06;6.696265623611969e-07;1.1108084397354838e-06;5.065595053320816e-07;1.4335016053740253e-06;2.564943499720944e-06;3.188414253496445e-06;3.1851498913712495e-06;2.187918705169091e-06;1.2812388902176868e-06;9.761696043789949e-07;2.5248785297800984e-06;2.3686720822619856e-06;1.139312890308811e-06;2.3936603614096892e-06;9.518121188090005e-07;9.598898232715057e-05;0.00013837256787253393;0.00010018823021801206;0.00010554216373209532;7.557859520017729e-05;1.0279811101061201e-05;0.0001083714397457646;4.8658479836593725e-05;4.246930234272104e-06;4.9289671136825775e-06;8.882803013268435e-06;1.2422582912820048e-08
00:27:09;841;9.539559584290849e-07;2.030279125691881e-06;5.850534398933669e-05;7.199399766849074e-07;1.1483642310204025e-06;1.594264764648301e-06;1.3901480158522035e-06;8.486560515340681e-07;7.588998921806674e-07;3.9091584058681406e-07;1.1531515324039985e-06;1.1200458497642982e-06;6.558292613221475e-07;1.1883502711963378e-06;4.789054885384109e-07;1.4542255027513823e-06;2.5354963047937396e-06;3.253551974783569e-06;3.147469442410511e-06;2.228079287899071e-06;1.3609964776438988e-06;9.815074615226313e-07;2.4435010955936446e-06;2.4304002662102916e-06;1.1078308787120155e-06;2.4722288111362e-06;9.480610424649472e-07;9.478854775659616e-05;0.00013563799896280747;0.00010732665530571789;0.00010485192732803315;7.51020440750455e-05;7.925000545632207e-06;0.00010908481179710758;4.949229329407568e-05;4.127587873264013e-06;4.654581917785337e-06;9.060238284237168e-06;1.2440731738057497e-08
00:27:11;842;9.350041523248365e-07;2.0177632654561916e-06;5.6104758387713736e-05;7.133722497165706e-07;1.1870244175876172e-06;1.5347853226705348e-06;1.4091530254586617e-06;8.270196291025979e-07;6.76540682869648e-07;4.2253514479203863e-07;1.1226236878285207e-06;1.0390515908685993e-06;7.008642050559449e-07;1.096925176146225e-06;4.901543730087806e-07;1.4514219507953938e-06;2.560813751947938e-06;3.229667368895541e-06;3.1503811494041678e-06;2.196485722172067e-06;1.2944500181392753e-06;1.0311191847248193e-06;2.4230745914711765e-06;2.364299332471034e-06;1.1766608484414305e-06;2.381348652513996e-06;9.534359381327301e-07;9.562028082174854e-05;0.0001282749285165116;9.395400069742755e-05;9.29361203724602e-05;7.817139077894313e-05;8.634655173875043e-06;0.000107684745709863;4.942669303611521e-05;4.144894294988753e-06;5.3739377845964266e-06;9.021388923792056e-06;1.4064542243435345e-08
00:27:13;843;9.488606354776411e-07;2.021426795020293e-06;5.674032128474196e-05;7.34503108355191e-07;1.291687395831399e-06;1.456456589756592e-06;1.393890937541962e-06;8.074306873207991e-07;6.522325301668146e-07;4.961678060330402e-07;1.1079615508694216e-06;1.0764764358290273e-06;6.868664393619187e-07;1.194591583955881e-06;4.88062218760955e-07;1.4927101580114245e-06;2.6702581811185134e-06;3.1178877099039167e-06;3.1439632050622304e-06;2.139418311459469e-06;1.2607435954848797e-06;1.084985189197452e-06;2.4065826031617207e-06;2.386159620453074e-06;1.1364597816846302e-06;2.457168804965799e-06;9.607835443580082e-07;9.15864997485031e-05;0.00013133614974217766;9.492265472415232e-05;0.00010159203385549307;7.608662422501448e-05;9.77327543561081e-06;0.00010875993986457387;4.869032042003623e-05;4.210241317536497e-06;4.835286110040511e-06;9.074846372824717e-06;1.5983600940313745e-08
00:27:15;844;9.165816060888429e-07;1.9908317889979727e-06;5.6749519780943826e-05;6.988759270692474e-07;1.1545660975962526e-06;1.459745154167277e-06;1.3960423856121649e-06;8.190824420333859e-07;6.829595687369244e-07;3.9148264939882116e-07;1.1098854083064162e-06;1.1006134735712758e-06;6.310851692942715e-07;1.0947485921422837e-06;4.598921378667404e-07;1.4317365236785941e-06;2.5375885484266556e-06;3.140453677991025e-06;3.1441928438399847e-06;2.1795898347487378e-06;1.2888298150571672e-06;9.85815849812925e-07;2.406916872685174e-06;2.3828872916147946e-06;1.0903713405817062e-06;2.367489242669187e-06;9.341089289188824e-07;9.585177772521108e-05;0.00013483195575911117;9.509296181991246e-05;9.312465837349599e-05;7.696155507685117e-05;9.839294245211626e-06;0.00010908070779914267;4.77275622415433e-05;4.291320264026505e-06;5.128003955149068e-06;9.052153251373106e-06;1.2286860297744988e-08
00:27:17;845;9.190529774792047e-07;2.0059999055947513e-06;5.7799858615634355e-05;7.160381200289511e-07;1.1374891174430568e-06;1.484997446707129e-06;1.4020461419729135e-06;8.038268663619745e-07;6.631746009314295e-07;4.188632653047041e-07;1.135048940978126e-06;1.0376291650551004e-06;6.539128753227627e-07;1.1126818338621805e-06;4.6292704086232045e-07;1.4608124425775931e-06;2.5302382813537453e-06;3.1478058144209253e-06;3.141748945231887e-06;2.1774656494316435e-06;1.3019173804964281e-06;1.0183445261168056e-06;2.449908377837093e-06;2.3791639786038646e-06;1.127873694793932e-06;2.39889442139118e-06;9.378245500798423e-07;9.452869505461178e-05;0.00013453173731447325;0.00010127339655974979;0.00010323288270056015;7.51104032670615e-05;9.702978467136925e-06;0.00010943644846079672;4.715149320205757e-05;4.3499107418732016e-06;5.17173569161564e-06;9.094487042927249e-06;1.4134884748579087e-08
00:27:19;846;9.28580521162494e-07;2.016388728268886e-06;5.598592549985612e-05;7.090869219067936e-07;1.118750453731433e-06;1.4864939484579312e-06;1.3926624236049179e-06;8.1301296579865e-07;6.542173671888272e-07;3.862336581066989e-07;1.1074915040800513e-06;1.1049987235526002e-06;6.80099072533383e-07;1.1239431685148495e-06;5.659757481669591e-07;1.4460259921225437e-06;2.5082658751245297e-06;3.210589572023033e-06;3.1421204795738566e-06;2.1643538557442828e-06;1.2643336847908864e-06;9.89100082310697e-07;2.4370244917215905e-06;2.4435899411377873e-06;1.1522192892963302e-06;2.415605241033437e-06;1.0234356288573152e-06;9.433992790448959e-05;0.00013463655416124707;8.755088154625417e-05;9.071121817073462e-05;7.63248491098031e-05;1.1361414049883093e-05;0.00010954763145623203;4.876882865437902e-05;4.268978291518845e-06;5.2083379032327e-06;9.099243689310884e-06;1.3241061188343577e-08
00:27:21;847;9.237558162440833e-07;2.002068063581036e-06;5.7160688459133176e-05;7.11828823198666e-07;1.1323289370388714e-06;1.5310664111079963e-06;1.3925104310853376e-06;8.288345730956724e-07;6.735183032301574e-07;4.4360638944014724e-07;1.1046751840543771e-06;1.067329930134778e-06;6.300035291027164e-07;1.0898439945253555e-06;4.795229937570866e-07;1.4632578169559704e-06;2.5159394474168854e-06;3.1918074818108087e-06;3.1355216637903256e-06;2.1781893798405793e-06;1.281451736442158e-06;1.0418548105364977e-06;2.4042591348916176e-06;2.3934371221935466e-06;1.1002667271228187e-06;2.3774248923392765e-06;9.414057646171375e-07;9.329989973454678e-05;0.0001336032570750543;9.720594645390494e-05;9.829677151282533e-05;7.748407354883372e-05;9.221275639841581e-06;0.0001100863953091205;4.859545944816419e-05;4.015256248907619e-06;4.966014905174739e-06;9.141273274318259e-06;1.2638358906396367e-08
00:27:23;848;9.324105721055596e-07;2.0120066000333593e-06;5.763086338302516e-05;7.951430539453564e-07;1.1350150042459135e-06;1.5053822864627167e-06;1.403094205184888e-06;8.531353245673627e-07;7.211241623637157e-07;3.979086948016883e-07;1.118616550499496e-06;1.0490668862898773e-06;6.472548405931569e-07;1.0860976678825098e-06;4.770878910113781e-07;1.5505954562988475e-06;2.52126270407655e-06;3.1685624061181076e-06;3.115710647255617e-06;2.214707573001979e-06;1.3474505772425305e-06;9.96552404187034e-07;2.429228533389816e-06;2.373820566275224e-06;1.1104190308069058e-06;2.367917790240737e-06;9.478508531306551e-07;9.523261585963678e-05;0.0001347139527332554;9.569925649608463e-05;0.00010336656633086167;7.752964696677415e-05;1.0997803412553917e-05;0.00010932350339354614;4.683683683517021e-05;3.89860379501831e-06;4.8890162308491945e-06;9.066761294796596e-06;1.5797247755073292e-08
00:27:25;849;9.365087056552439e-07;2.0211654592009225e-06;5.950515242210522e-05;6.970326038781913e-07;1.142885924888436e-06;1.4795041405335496e-06;1.392689852492362e-06;8.14686183807241e-07;6.637476554241769e-07;3.773911877548063e-07;1.132377779504297e-06;1.0837432456092053e-06;7.164810358743652e-07;1.2531715254191702e-06;4.843930094205523e-07;1.4326417220252528e-06;2.5377494685477658e-06;3.1493577462472935e-06;3.148946159600672e-06;2.1941223512609973e-06;1.279089526144185e-06;9.851406223103218e-07;2.452706808129088e-06;2.3946240012667693e-06;1.194957174223568e-06;2.531597752876442e-06;9.530514773094965e-07;9.736394703886734e-05;0.00013706164002414158;0.00010684658419291091;0.00011022816787121452;7.49521737784604e-05;9.566398959594722e-06;0.00011084770618619663;4.917183365772767e-05;4.191492198919171e-06;4.7980056233555745e-06;9.021064663378105e-06;1.2814870496142586e-08
00:27:27;850;9.297999037372051e-07;2.0115206003146904e-06;5.73411005418506e-05;6.917633215747737e-07;1.136151598983433e-06;1.520325268021917e-06;1.4075592719658465e-06;8.185361399591009e-07;6.565103397884994e-07;4.2735380139708407e-07;1.1774211093783615e-06;1.056764524049408e-06;6.612803363074833e-07;1.1274055478274e-06;4.7652730169903374e-07;1.4299287194768988e-06;2.5200837873991892e-06;3.1916862858855018e-06;3.2063466641133508e-06;2.1804203012684812e-06;1.272390746531597e-06;1.0209751564351665e-06;2.4800937154982938e-06;2.3628515536178315e-06;1.1331199969770497e-06;2.401642518634617e-06;9.387069211168384e-07;9.429019810939105e-05;0.00012953450828907158;9.665349748560338e-05;0.00010233824363928942;7.733206170300272e-05;1.033135528499962e-05;0.0001085767536604313;5.028583798772098e-05;4.2139446613966364e-06;5.371506563795604e-06;9.150232035033085e-06;1.5067082471814913e-08
00:27:29;851;9.159406140213378e-07;1.9991535403197662e-06;5.757827627930667e-05;7.318917254069262e-07;1.1554122762385595e-06;1.429639342505466e-06;1.4261509337516869e-06;8.151000704493715e-07;6.631124686119382e-07;3.940337264151207e-07;1.099660914731389e-06;1.0486966533950304e-06;6.396709657317181e-07;1.0823688346403317e-06;5.055491852620523e-07;1.4804999916088514e-06;2.5413933950472663e-06;3.1401437964528736e-06;3.1687895639324664e-06;2.1856124194412967e-06;1.2624007293692833e-06;9.915803668229297e-07;2.4138940828759335e-06;2.367197920867062e-06;1.0949393870909768e-06;2.379032819969981e-06;9.64357121370373e-07;9.715645609708172e-05;0.00013757268757726967;9.557161652059694e-05;9.629277873783129e-05;7.828334567818033e-05;1.0863396343655335e-05;0.00010907502726538255;4.822608776551692e-05;3.932485842659119e-06;4.843399054400892e-06;9.104851145220401e-06;1.7183323885361886e-08
00:27:31;852;9.171765510306397e-07;1.998879701826394e-06;5.666956271965364e-05;7.241442194973822e-07;1.159950835342856e-06;1.4613204178039816e-06;1.4176897462031042e-06;8.360584073133478e-07;6.867780918911653e-07;3.9035734392375593e-07;1.1214272141205326e-06;1.0303161054023038e-06;6.279407277790224e-07;1.079205058086462e-06;4.7093015265176064e-07;1.4694303315623016e-06;2.557189565225058e-06;3.151818919498429e-06;3.156228000148939e-06;2.189492915298431e-06;1.3080067267051336e-06;9.738672836595504e-07;2.429051861165849e-06;2.342376027443123e-06;1.0990229024564888e-06;2.372436077891933e-06;9.376350679395969e-07;9.687262312482227e-05;0.0001352518488601108;9.301646736921659e-05;9.16144973136938e-05;7.708933077180859e-05;1.1451191464006785e-05;0.00011006580391115296;4.6265314593952605e-05;4.231143417178349e-06;5.059058240156365e-06;9.105719459870276e-06;1.175410987446333e-08
00:27:32;853;9.2280489076431e-07;2.0061586512752057e-06;5.9519052720495345e-05;6.868057625649985e-07;1.1383638182396991e-06;1.4728308148838984e-06;1.417539652608985e-06;8.39992145981486e-07;6.972751668983661e-07;4.7385064357156764e-07;1.0929525879080613e-06;1.0407127355449575e-06;6.294087718895401e-07;1.1055529682027752e-06;4.783733138098838e-07;1.427065489126476e-06;2.525606990424928e-06;3.1469117552257524e-06;3.1476937076863407e-06;2.2253290543504373e-06;1.307435030136005e-06;1.0840663599428578e-06;2.405949741634824e-06;2.3614888341053532e-06;1.1028339435706815e-06;2.3911676004865534e-06;9.483546639071565e-07;9.565958766762405e-05;0.00013813163119630851;0.00010295893300169948;0.00011084100798607342;7.878481797414618e-05;1.1772429098057559e-05;0.00010981517345496024;4.8055987916505105e-05;4.112192327840538e-06;5.083482141178373e-06;9.001661144537826e-06;1.1728737012901654e-08
00:27:34;854;9.215835516940274e-07;2.0002007716621975e-06;5.706149906868931e-05;7.189349111187808e-07;1.121815695932908e-06;1.5268684120686968e-06;1.4128310053187285e-06;8.117718130019501e-07;6.638667692742734e-07;3.832454898080393e-07;1.1195367114166546e-06;1.0447546269725712e-06;6.455618290843936e-07;1.119392011326361e-06;4.904230529961301e-07;1.4632281079949406e-06;2.5003595383859186e-06;3.186551678861835e-06;3.1450756811369224e-06;2.1791516468211637e-06;1.2942891318364017e-06;9.78545261023676e-07;2.432946395188831e-06;2.3607286390029866e-06;1.120371960876329e-06;2.3963297254812447e-06;9.448309356949848e-07;9.661132149687749e-05;0.0001366061350210627;9.631808238459822e-05;9.200967621701101e-05;7.672362864085824e-05;1.0104210671471548e-05;0.00010991350551468692;4.811057005370105e-05;4.060725068931214e-06;5.154656117498053e-06;9.112891208554014e-06;1.258642902119379e-08
00:27:36;855;9.414193086501851e-07;2.0178340635746144e-06;5.8410581454317804e-05;7.389850480230755e-07;1.1444685413505598e-06;1.5706282185138063e-06;1.385024346847982e-06;9.797334017201045e-07;6.574263682537016e-07;3.868092338553776e-07;1.1127631955674324e-06;1.0534496700419604e-06;6.945039312129935e-07;1.0948209220823009e-06;4.784185259671342e-07;1.4733648113984668e-06;2.5356696139020133e-06;3.211326113067784e-06;3.1385381670231797e-06;2.357705826870176e-06;1.262922929711323e-06;9.88921211901355e-07;2.4252416798983083e-06;2.360947221376004e-06;1.1419677276489316e-06;2.3797858599969405e-06;9.376169219373153e-07;9.348559655291169e-05;0.00013780311741695803;0.00010620947956179925;0.00010040663371401573;7.928220956311559e-05;8.255696230184087e-06;0.00010972241927722496;4.7995833577905585e-05;4.070814866892768e-06;4.6010566646871676e-06;9.082206756985924e-06;1.191326913277322e-08
00:27:38;856;9.170743083718559e-07;1.996968981535546e-06;5.7107726367097635e-05;6.880745210773914e-07;1.1275183523002335e-06;1.4426237164047704e-06;1.4273644276227317e-06;8.277335945550135e-07;6.703346402403554e-07;3.869751889030614e-07;1.1338126084064533e-06;1.0917935837830648e-06;6.44256083835095e-07;1.0904259035109993e-06;4.739787846652632e-07;1.4309204644471523e-06;2.5171017543033473e-06;3.132275046885332e-06;3.1477933520409928e-06;2.1923779677654008e-06;1.2803225973308328e-06;9.914593389095e-07;2.4519386218493818e-06;2.389329104436358e-06;1.0969914776840688e-06;2.3819138185657883e-06;9.51203252760001e-07;9.548693965162456e-05;0.00013906124733695905;9.416375458589037e-05;9.248483249828754e-05;7.874104725613593e-05;1.0881894407792366e-05;0.00010891653996836161;4.7146436477254864e-05;4.110313260479738e-06;5.128188031076796e-06;9.157068432339235e-06;1.4454498969959492e-08
00:27:40;857;9.152987848860438e-07;1.995322443552233e-06;5.725328168347678e-05;6.722885710756672e-07;1.1406314578915107e-06;1.5095306616010682e-06;1.382669178827779e-06;8.065171641243167e-07;6.505465717232539e-07;4.1029608884150676e-07;1.1797747857432805e-06;1.0644294352601946e-06;6.250145127511592e-07;1.0833067484677434e-06;4.5857990616969924e-07;1.4258279568107528e-06;2.52378712462538e-06;3.1522448824932638e-06;3.130475142479784e-06;2.182865794370455e-06;1.2713870644433825e-06;1.0136374499589818e-06;2.499079672113883e-06;2.3720370054319044e-06;1.0814894973826754e-06;2.3680273469363796e-06;9.230097372771605e-07;9.52647412093945e-05;0.00013917497176148367;9.848774650058156e-05;9.144337838330509e-05;7.581800689391636e-05;8.810211917886585e-06;0.00011029926833189342;4.94561938767283e-05;4.184397028177928e-06;4.998268963481108e-06;9.088632078501124e-06;1.3563256371520977e-08
00:27:42;858;9.226399523175711e-07;2.006077691856009e-06;5.7461499570929686e-05;6.810224306102503e-07;1.1359804316606932e-06;1.4738379618154083e-06;1.4125582165776378e-06;7.961903120235935e-07;7.889917897200989e-07;4.003285190416635e-07;1.1207914043318759e-06;1.0362524151087304e-06;6.316284016220792e-07;1.1073211884396725e-06;4.86776052395625e-07;1.424653002623363e-06;2.5414247898833643e-06;3.1298868979999348e-06;3.1593896714000466e-06;2.1800609242227784e-06;1.416408518057151e-06;1.0173296912059033e-06;2.4411778906740647e-06;2.341238415064703e-06;1.1056405542782342e-06;2.3724230197354077e-06;9.432982291763196e-07;9.526231523204497e-05;0.00013509991333693412;9.321777954711905e-05;0.00010069773915909896;7.677232877707784e-05;1.2088715035100974e-05;0.00010927346774492379;4.9011571323041484e-05;4.1333173639542845e-06;4.85875658530496e-06;9.111739851261196e-06;1.0350895294787087e-08
00:27:44;859;9.199399315045814e-07;2.00400103051523e-06;5.791060325888253e-05;6.981957692401992e-07;1.12801669540439e-06;1.4519522424775873e-06;1.3868063221425784e-06;8.682957615135933e-07;6.539155422803266e-07;4.2412165418054765e-07;1.0953607995583587e-06;1.1073935811173834e-06;6.398609311084804e-07;1.112650135501073e-06;4.727094428215072e-07;1.4523327061258989e-06;2.5189731576563047e-06;3.1415072873089597e-06;3.140363039360809e-06;2.2280785676425865e-06;1.2607717041957378e-06;1.0267474253764761e-06;2.423471109575041e-06;2.4131783263754507e-06;1.1190704674822594e-06;2.3883566819112954e-06;9.351611074375969e-07;9.271456689790563e-05;0.00013757177310921075;9.880406886858378e-05;9.841691389004131e-05;8.004411978379232e-05;1.0005474465161304e-05;0.0001103948842566718;4.86468903031513e-05;4.1442637112466565e-06;5.030314276956051e-06;9.143889056912722e-06;1.0080486956538787e-08
00:27:46;860;9.269294395476312e-07;2.0122151635739182e-06;5.731845879733758e-05;7.146331367477191e-07;1.115323621176339e-06;1.5211684762726143e-06;1.3889268448091292e-06;8.143608758246692e-07;6.70122672948152e-07;4.223267926282339e-07;1.1195662677336444e-06;1.071347887011081e-06;6.677731850308016e-07;1.1246572097854048e-06;4.929460063776955e-07;1.4482053846314798e-06;2.522458334158129e-06;3.203793778682873e-06;3.1442435999762683e-06;2.1894073436474e-06;1.2870274800558104e-06;1.019434695466817e-06;2.4397033551199285e-06;2.3903942277845286e-06;1.1434650890736567e-06;2.406038397221212e-06;9.524095866732129e-07;9.412861286356247e-05;0.00013660144148262306;9.716283762852764e-05;9.779794554366527e-05;7.552663822483565e-05;9.511036960186555e-06;0.0001092540220756961;4.94747187494003e-05;4.097722202782603e-06;5.228815961413566e-06;9.027479468083184e-06;1.0234407274693339e-08
00:27:48;861;9.239758937760392e-07;2.0068437295983904e-06;5.574284831408546e-05;7.151695482286093e-07;1.1275775118461824e-06;1.4508098390532031e-06;1.500142322040755e-06;8.209750964706007e-07;6.960787107924592e-07;3.8416290251949453e-07;1.1016538226307013e-06;1.0452773533196271e-06;6.58695632220359e-07;1.1067085433131234e-06;4.804591315506328e-07;1.4535570759522395e-06;2.5316199520303496e-06;3.152123646273888e-06;3.2233794506363307e-06;2.1871671416319477e-06;1.2937996488393696e-06;9.866051397515365e-07;2.435880633762465e-06;2.3611422633782437e-06;1.1192928310219364e-06;2.392564621764398e-06;9.449916680169517e-07;9.251841527933781e-05;0.00013956780380404196;8.686467851200072e-05;8.508162006369735e-05;7.846922011240887e-05;1.1042617164753642e-05;0.00010920858618814647;4.801529604272003e-05;4.0903279415530135e-06;5.015072740279342e-06;9.029399567131604e-06;1.114235295476576e-08
00:27:50;862;9.375240781685854e-07;2.0175205080808087e-06;5.747979516893103e-05;6.997121683676771e-07;1.1219955412432692e-06;1.5084876694034093e-06;1.5085698486768964e-06;8.147018976213293e-07;7.658260998284887e-07;3.805086745285861e-07;1.145844975186156e-06;1.041777341241486e-06;6.427883704095517e-07;1.1225030600379362e-06;4.975729849153833e-07;1.4354312207051177e-06;2.5164354429428305e-06;3.1716800244391345e-06;3.2273063609438075e-06;2.1931597460980478e-06;1.3687986520553635e-06;9.861062916213626e-07;2.4634148432965104e-06;2.3623382704971833e-06;1.1211742618417956e-06;2.396716141286365e-06;9.676839051246157e-07;9.588212794730646e-05;0.00013773225372654574;0.0001037287686355693;9.28865819194279e-05;7.560931713492897e-05;7.70580848293911e-06;0.00010933546083022418;4.861532563398006e-05;4.2370481150064396e-06;4.92950848882178e-06;9.082537238728946e-06;1.2803873693508638e-08
00:27:51;863;9.268548386161384e-07;2.0069923283688097e-06;5.7437922382348803e-05;6.800629990457516e-07;1.16289999109075e-06;1.5305893339827166e-06;1.3998684060015618e-06;8.418035668937436e-07;6.808847305366844e-07;3.857903397953454e-07;1.1324261367820752e-06;1.041456305033767e-06;6.352094540463714e-07;1.1243187964476482e-06;5.069477428146482e-07;1.4219166777239262e-06;2.527345957246383e-06;3.2010327657512273e-06;3.136616727070886e-06;2.2288873199763255e-06;1.3035610568813008e-06;9.832351852195114e-07;2.4493177819104986e-06;2.372791208230571e-06;1.097964964404277e-06;2.399542692521347e-06;9.616947310509135e-07;9.605255179762596e-05;0.000135356362959887;9.720452782417315e-05;9.616545320970293e-05;7.723261396590742e-05;1.0110072999971482e-05;0.00010971064732827198;4.9411068588512154e-05;4.093763026378294e-06;4.868855751507943e-06;9.037661961882263e-06;1.1489174365024162e-08
00:27:53;864;9.132743254172934e-07;1.996147215656573e-06;5.7885900594867025e-05;6.853876007346055e-07;1.1283793447089154e-06;1.4839275821869209e-06;1.397444124942834e-06;8.400212364488947e-07;6.430678193987531e-07;3.907830570854481e-07;1.1287531535715671e-06;1.0609308265039565e-06;6.345329722263154e-07;1.0836838348702507e-06;4.8238007019111e-07;1.4255410954181662e-06;2.5192504283409163e-06;3.1656266493215136e-06;3.140605111737018e-06;2.211313994273122e-06;1.2589801471383194e-06;9.837560745652326e-07;2.439384220336631e-06;2.393534308609986e-06;1.1131958368550149e-06;2.3582922207009965e-06;9.442857260004345e-07;9.64759589817934e-05;0.00014242498668899463;0.00010247094498012728;9.373100044159689e-05;7.53989479995858e-05;9.125136183653713e-06;0.00011008833018549907;4.6697195194042486e-05;4.155350541517595e-06;5.056390583518597e-06;8.99358857393447e-06;1.2976784140480346e-08
00:27:55;865;9.138391951844163e-07;2.00180976996388e-06;5.8342461979026965e-05;7.008837669434084e-07;1.1319953183304547e-06;1.433129557975638e-06;1.3557734703795177e-06;8.3864848924006e-07;6.450244416569071e-07;3.9072135864111473e-07;1.1589504208037675e-06;1.0467609646140503e-06;6.241400991994923e-07;1.1300371167295835e-06;5.100050322867392e-07;1.4400194343959557e-06;2.5391915170087175e-06;3.124872439255779e-06;3.1216897460132103e-06;2.2284266350065474e-06;1.2601721313261852e-06;9.995773310389336e-07;2.479497098486522e-06;2.369544202775626e-06;1.0880458928654604e-06;2.4008379784701692e-06;9.69842272044406e-07;9.14749130463839e-05;0.00013890563135496143;9.785763028928403e-05;0.00010459452644503676;7.825600624967697e-05;9.941805407838889e-06;0.00011034525431405574;5.054499966917602e-05;4.218190625178432e-06;4.993320032757061e-06;8.96742576075687e-06;9.840553217412283e-09
00:27:57;866;9.181455845305467e-07;2.000593841745009e-06;5.770515883760157e-05;7.267119087505204e-07;1.1410242697351691e-06;1.4418297482812001e-06;1.3890487942092022e-06;8.178319788660299e-07;6.56021062927049e-07;3.868935291533921e-07;1.115492398814669e-06;1.068548134904161e-06;7.012231394331149e-07;1.1031976302175197e-06;4.6992412639955783e-07;1.4705189837686588e-06;2.5223363280342193e-06;3.1387605643810933e-06;3.1609696076044155e-06;2.1651807756664115e-06;1.268914641951608e-06;9.911940334047898e-07;2.432672768239322e-06;2.3651953847835517e-06;1.1824414859572094e-06;2.3755454647102796e-06;9.333952024120133e-07;9.413984020626837e-05;0.00013574248210143603;9.736764868286094e-05;9.910528465457969e-05;7.733958864264317e-05;1.0163014473635917e-05;0.00011081996210013834;4.9078612685828375e-05;4.298735243430315e-06;5.317852078155149e-06;9.075552851799797e-06;1.3332330443034253e-08
00:27:59;867;9.237781188079194e-07;2.0032768036258004e-06;5.810426820186999e-05;7.126824487729327e-07;1.1265194148018571e-06;1.6424240149733165e-06;1.4016961735954034e-06;8.003156426461544e-07;6.562458080384591e-07;3.8311065304002573e-07;1.1368752877287265e-06;1.0332382437315923e-06;6.295824542913341e-07;1.088479045967135e-06;4.741679711499232e-07;1.4581749942868854e-06;2.5231549466585834e-06;3.298505768000297e-06;3.1422361523335536e-06;2.1736433669917183e-06;1.266244950490741e-06;9.828001736877923e-07;2.4311056196455853e-06;2.364269309072358e-06;1.0960276154900717e-06;2.3721388069583255e-06;9.310192646082698e-07;9.607251058598184e-05;0.00014121189572580605;0.00010318863458898158;9.627813244597404e-05;7.481973767034584e-05;8.835146570288846e-06;0.0001107715803441722;4.7737990088227516e-05;4.14598247771208e-06;4.968971471846206e-06;9.20832177767359e-06;1.2314675430198411e-08
00:28:01;868;9.122011843261517e-07;1.9961153905373805e-06;5.7091002838300036e-05;6.753441690321438e-07;1.1227468544367463e-06;1.4193431368799994e-06;1.5037150082684227e-06;8.445485093892686e-07;6.607994006525463e-07;3.77598063200873e-07;1.099948615745916e-06;1.0354695206725817e-06;6.335474547001432e-07;1.1000149656613767e-06;4.7333823060092717e-07;1.4259735392822877e-06;2.5050648797401617e-06;3.1316756956331593e-06;3.2183031865465235e-06;2.2151908104183063e-06;1.2670559470602193e-06;9.827507943854575e-07;2.4111695389549396e-06;2.3698025640292545e-06;1.10260966462365e-06;2.3818476628997515e-06;9.419398905645468e-07;9.547062653913158e-05;0.00013676638839964182;9.713427552619837e-05;9.28849345653544e-05;7.752961588253239e-05;9.50782448367262e-06;0.00010973546784858955;4.798402437808852e-05;4.158139911828583e-06;4.831941322661202e-06;9.075426323160856e-06;1.3368878740524495e-08
00:28:03;869;9.176854624083252e-07;2.0047467053619943e-06;5.88158385188179e-05;6.753182118563411e-07;1.1264600154477349e-06;1.4648166270251037e-06;1.3917948888739964e-06;8.54296387489936e-07;6.693268694846211e-07;3.739536057175999e-07;1.1399208417599156e-06;1.0496119120517733e-06;7.006577678048131e-07;1.100702561338742e-06;4.6536560415301087e-07;1.429981861597701e-06;2.524867251757982e-06;3.149932120932941e-06;3.1477777265766385e-06;2.237020028794948e-06;1.2945574896168436e-06;9.844225589743853e-07;2.4442426273466643e-06;2.366368795564189e-06;1.1773417016436585e-06;2.3681885419206036e-06;9.3225913955641e-07;9.519648869815496e-05;0.00013470622973398174;0.00010394964814809652;0.00010884533138400289;7.645781899089985e-05;1.0311696697501578e-05;0.00010939214484918443;4.867672033074069e-05;4.070960691143405e-06;5.065120413393382e-06;9.10443018349281e-06;1.3472105222774135e-08
00:28:05;870;9.24929195456059e-07;2.006045822125526e-06;5.5426155948025693e-05;6.89823891261457e-07;1.1205993040971665e-06;1.4672381470600984e-06;1.4909819460678426e-06;8.011581067244513e-07;6.583242722270974e-07;4.0850506734877645e-07;1.1084372347657345e-06;1.1427517130548701e-06;6.513878174226178e-07;1.0890518969862806e-06;4.708906459306338e-07;1.4449684347053773e-06;2.51360203883796e-06;3.1795969570788358e-06;3.2128203409091023e-06;2.1594583709953393e-06;1.2739202331224217e-06;1.0113070967995958e-06;2.4310600657614324e-06;2.4395564084063405e-06;1.1078208692335374e-06;2.3676568429713187e-06;9.307812914340514e-07;9.367032870888283e-05;0.000138635262167608;8.785598003074053e-05;8.194209833765079e-05;7.547610939392409e-05;1.0818140219354144e-05;0.00011020841016845558;4.806085972954367e-05;4.15206728308237e-06;5.150776266185974e-06;9.131050500731919e-06;1.27885701483341e-08
00:28:07;871;9.149972366047492e-07;1.990997964616948e-06;5.766898853204882e-05;6.841807977941983e-07;1.1286336090356806e-06;1.4901958782105722e-06;1.409911825027295e-06;8.158348392810084e-07;6.811069152719411e-07;4.3423718794470417e-07;1.1304806777962477e-06;1.0302379993957929e-06;6.268350762087235e-07;1.0840294719245818e-06;4.642822761802279e-07;1.418196582482226e-06;2.514619989343845e-06;3.157878594881563e-06;3.1336246046279647e-06;2.1775710630335415e-06;1.2958632383524212e-06;1.035912161362059e-06;2.434713457049942e-06;2.3515146201330197e-06;1.0837680413634545e-06;2.3671774313329423e-06;9.211349855590176e-07;9.415375691310906e-05;0.00013490648940586914;9.656724712269855e-05;0.00010244595522610077;7.630024952364465e-05;1.073493202452081e-05;0.00010945773054964414;4.919562959373753e-05;4.2888686737910855e-06;4.9641020519189625e-06;9.000840997454552e-06;1.2060302096568364e-08
00:28:08;872;9.078096256135123e-07;1.9876851704598095e-06;5.774304860682054e-05;7.004565716137925e-07;1.1316332954339456e-06;1.4905836143567925e-06;1.398329502128542e-06;8.096393344445765e-07;6.475757609743353e-07;3.6855642239107633e-07;1.1012838632140642e-06;1.03898001474983e-06;6.159549438581021e-07;1.1073064738263063e-06;4.834154689073696e-07;1.4309154125782433e-06;2.516615378986392e-06;3.1834409191669923e-06;3.113931868454851e-06;2.1819383457827655e-06;1.2654433517933353e-06;9.709387574897432e-07;2.417783005949798e-06;2.3536077358447167e-06;1.0814304838403804e-06;2.397892084837058e-06;9.382841107731398e-07;9.683766641107142e-05;0.00013758539939005287;9.780786137751622e-05;9.752737131620778e-05;7.605944691261665e-05;9.518892700991324e-06;0.00010998164565766641;4.9277160806706346e-05;4.257582011543853e-06;4.958485497462435e-06;9.0920102264662e-06;1.3060973545025592e-08
00:28:10;873;9.109967573033889e-07;1.997656870370048e-06;5.7210130722084886e-05;6.896033979408855e-07;1.1729235733781707e-06;1.4502162014292965e-06;1.3856587146386026e-06;8.066451018251541e-07;6.474367815201276e-07;4.087132009601323e-07;1.14941529013893e-06;1.0241614138983834e-06;6.383895710645763e-07;1.0839906883219896e-06;4.74806855792083e-07;1.4357798493078975e-06;2.548182767239706e-06;3.1590844265579855e-06;3.138702451699057e-06;2.1778955339028424e-06;1.2665610955980212e-06;1.0091505938402682e-06;2.460848888196917e-06;2.3658619479820002e-06;1.1028927959367e-06;2.369959618797882e-06;9.369617522466636e-07;9.480603523429857e-05;0.00013131400277490693;9.57342710888679e-05;9.998742430930373e-05;7.811756095742973e-05;1.0034875162640522e-05;0.00010937929677961852;4.907585401639247e-05;4.076963673374609e-06;4.8788192117736825e-06;9.10253528776624e-06;1.3930168645832866e-08
00:28:12;874;9.136628155462486e-07;1.9950946583016556e-06;5.595825160996716e-05;7.360107598134132e-07;1.136768368164615e-06;1.4478437921703537e-06;1.4501820969121064e-06;8.008979856280715e-07;6.47019141496553e-07;3.8948083970101843e-07;1.1198014708633444e-06;1.055816902593356e-06;6.173910473770341e-07;1.0985598594036683e-06;4.641812444719759e-07;1.4745614085377037e-06;2.5209421748306477e-06;3.1340094273782828e-06;3.1870882404418116e-06;2.1700226383634086e-06;1.2625770734844024e-06;9.836224576333677e-07;2.4277833621385118e-06;2.381021279032649e-06;1.0863331337382482e-06;2.382032570943621e-06;9.311413275755984e-07;9.383960760836909e-05;0.00013458496888850828;8.9727064123307e-05;8.901321019353095e-05;7.662556356136226e-05;9.687440193386496e-06;0.00010973439700087166;5.0160692527924906e-05;4.139749296902721e-06;4.888036706577736e-06;9.08384981236565e-06;1.44394064991583e-08
00:28:14;875;9.061251536576523e-07;1.995648130438975e-06;5.852610096358904e-05;6.982982728215797e-07;1.1060232740980134e-06;1.44088713001493e-06;1.4086107920489739e-06;8.133126392967877e-07;6.773947425613032e-07;3.8551101208287003e-07;1.1093382711021862e-06;1.0393196368176725e-06;6.255370223826808e-07;1.083754979011334e-06;4.855137910698591e-07;1.4507601854693118e-06;2.511651169824509e-06;3.139062084899913e-06;3.179446081693514e-06;2.174627066099824e-06;1.3047588383783535e-06;9.872239821803145e-07;2.436840615493704e-06;2.356010642432909e-06;1.0850280937465638e-06;2.3761208611383927e-06;9.462473621647693e-07;9.009510576102973e-05;0.00013805089272412105;9.917782796983743e-05;0.00010672130561371575;7.823515545356251e-05;1.0932235457898016e-05;0.0001103381057589187;5.036584704178825e-05;4.259106498860427e-06;5.046855692252526e-06;9.077508301981184e-06;1.32652891030024e-08
00:28:16;876;9.175512289355031e-07;2.006707462252179e-06;5.756658110567939e-05;6.881822695138272e-07;1.1313561771460328e-06;1.4280016498573063e-06;1.378914465762064e-06;8.434438607742643e-07;7.034315815087925e-07;3.928652636542296e-07;1.103111739811621e-06;1.077876882537122e-06;6.593374808955782e-07;1.0874293379294706e-06;5.166637619150291e-07;1.4305036273394243e-06;2.5232235703363504e-06;3.1362868165022613e-06;3.12185353276952e-06;2.217854572175188e-06;1.3353006087400682e-06;9.90240002244108e-07;2.430717682739358e-06;2.4002360642273892e-06;1.1383313052002576e-06;2.3763927698336707e-06;9.795482832965096e-07;9.694789559039028e-05;0.00013533871352677262;9.439885319551496e-05;9.929711266433578e-05;7.583435206370847e-05;1.1555148289610578e-05;0.00011065309916426934;4.839963083844072e-05;4.097541600720696e-06;5.156539902705912e-06;9.106610448985552e-06;1.3475982697885793e-08
00:28:18;877;9.101393205151515e-07;1.999897525693777e-06;5.949995185792304e-05;6.784883931859104e-07;1.1205779824052797e-06;1.4265872476054204e-06;1.4178120445765527e-06;8.228226320900428e-07;6.545970741617618e-07;3.789473504282755e-07;1.0879429230634876e-06;1.0616701060102556e-06;6.350805431845882e-07;1.159201822208512e-06;4.779434241506599e-07;1.4227821878516288e-06;2.5101232345553433e-06;3.131046713849484e-06;3.1855620594037244e-06;2.184248647965801e-06;1.273292080964847e-06;9.738828573172444e-07;2.4102329939811585e-06;2.3948740590640227e-06;1.101456698046305e-06;2.4662278528461385e-06;9.450402292057771e-07;9.46150391045243e-05;0.0001344357271117423;0.00010615685749613739;0.00011400629490532961;7.756386893201173e-05;1.0231462634526468e-05;0.00011032228665594913;4.8223271153720193e-05;4.268590734340814e-06;5.026335458404583e-06;9.140009354638e-06;9.67875375169628e-09
00:28:20;878;9.054475827693668e-07;1.9948554021930595e-06;5.744575569937579e-05;6.760875601182064e-07;1.1107201040129089e-06;1.4538815888572159e-06;1.3828105169205236e-06;8.201013738813727e-07;6.385658397208132e-07;3.733280670058615e-07;1.1180505244855576e-06;1.0423173512983588e-06;6.254493320428428e-07;1.1521455132975946e-06;4.7191293701070497e-07;1.4226515242591655e-06;2.508095537703849e-06;3.137821462173e-06;3.151030085386474e-06;2.204614276384354e-06;1.263368196443388e-06;9.736144077958416e-07;2.4300494056039e-06;2.3687013789283443e-06;1.089871848825733e-06;2.4560690517434143e-06;9.323769329713758e-07;9.2774506307449e-05;0.0001378848871633487;9.413401556627473e-05;9.849413002146261e-05;7.841838367018177e-05;1.0736909441339882e-05;0.00011002400533173812;4.85064389212885e-05;4.101400894179358e-06;5.147497896684937e-06;9.114352521102112e-06;1.2540657459758093e-08
00:28:22;879;9.063808587713011e-07;1.9880282715797577e-06;5.649665479432855e-05;6.87725177977489e-07;1.1207764476495186e-06;1.439505884190143e-06;1.4496417210064683e-06;8.043981662986255e-07;6.537310314898419e-07;3.8067580415185825e-07;1.1125764837093366e-06;1.0218653283544654e-06;6.245646023795747e-07;1.1139862558871207e-06;4.6712310708407756e-07;1.431931135397739e-06;2.5198620678450805e-06;3.12915829488679e-06;3.1665544807028594e-06;2.176017033037434e-06;1.263396457696079e-06;9.763814590815522e-07;2.4137444638021223e-06;2.3567986505164483e-06;1.0935583524850343e-06;2.3947589115662975e-06;9.341772806116831e-07;9.436249111943206e-05;0.00013468896520817683;9.245798308480453e-05;9.106507438228701e-05;7.734956231796923e-05;1.0778967497801213e-05;0.00011134948732719266;4.767137966268757e-05;4.157889129466295e-06;4.921997672176793e-06;9.145042539895171e-06;1.1017590053220787e-08
00:28:23;880;9.131476496161316e-07;1.998818430377158e-06;5.6975687648836496e-05;6.770085973041194e-07;1.1990932573333815e-06;1.4501976020042662e-06;1.3813842293879992e-06;7.998064738985859e-07;6.507726040474247e-07;4.00031492557447e-07;1.1465980570658407e-06;1.0290345718967264e-06;6.63113457679352e-07;1.0784622575179335e-06;4.8226889467787e-07;1.4306929188023787e-06;2.5904154343359414e-06;3.1328957827755877e-06;3.165156236212204e-06;2.1706551501953486e-06;1.2504432218900293e-06;1.0027173690519428e-06;2.460421985486829e-06;2.3471970185318805e-06;1.1119890820126889e-06;2.382968925959648e-06;9.402672686473459e-07;9.408825071928783e-05;0.0001336415016800175;9.271528923146892e-05;9.833861473933565e-05;7.580774236046641e-05;1.05958900775146e-05;0.00011019087659480121;5.028214868402052e-05;4.11201715459048e-06;4.795391340959312e-06;9.128123149858171e-06;1.2406053717471364e-08
00:28:25;881;8.97323201440062e-07;1.9916279422397587e-06;5.768071879787333e-05;6.622626555839097e-07;1.1127350801584415e-06;1.4210352563346553e-06;1.369022714747814e-06;7.996278336848532e-07;6.562305136868154e-07;4.0325120386309654e-07;1.1209804019978782e-06;1.0251073101485986e-06;6.214153530737964e-07;1.0794775607533582e-06;4.967322319935554e-07;1.4214211002489478e-06;2.52027831996927e-06;3.133104500297053e-06;3.139944939465738e-06;2.1559932364756537e-06;1.2737737706571996e-06;1.0179423549709123e-06;2.447335669163709e-06;2.3612105085795763e-06;1.0869053584474963e-06;2.374017040155989e-06;9.676078020401625e-07;9.496220570343404e-05;0.0001373661298734416;9.597730652456249e-05;0.00010027637074254138;7.591187172315084e-05;1.1015234593748014e-05;0.0001092780154404089;4.902942779824394e-05;4.209943862989656e-06;5.017686125316769e-06;9.109571422802409e-06;1.4861763839926701e-08
00:28:27;882;9.145396130899092e-07;1.990357231355845e-06;5.7106336651517344e-05;7.028012920719882e-07;1.1045969331132968e-06;1.4778586833489014e-06;1.4490770408250662e-06;8.554217443481413e-07;6.544560868994929e-07;3.809111253083586e-07;1.0848350354596514e-06;1.0671357676305215e-06;6.29203110139284e-07;1.102755775906804e-06;4.654224674347709e-07;1.4430265174510918e-06;2.5110794300831635e-06;3.1413950683266113e-06;3.1580485754119174e-06;2.232018251169957e-06;1.257467478284571e-06;9.76657038854337e-07;2.4082543724276385e-06;2.3760736105861174e-06;1.0842161401929452e-06;2.369890397904449e-06;9.261592184930698e-07;9.41808484932432e-05;0.00013676767091497246;9.699798585308866e-05;9.468707262331575e-05;7.880676276287782e-05;9.3511408404824e-06;0.00010866417394618278;4.780494734730172e-05;4.041983792650745e-06;4.888027465874408e-06;9.071638540772968e-06;1.378723744521941e-08
00:28:29;883;9.043466394328706e-07;1.988439102712584e-06;5.659628911311591e-05;6.818404106777688e-07;1.12175750619705e-06;1.4323696934810797e-06;1.4463945557223341e-06;8.223096038035232e-07;6.455213005745525e-07;3.9005706709005494e-07;1.0800195461190365e-06;1.039957095247149e-06;6.217454341271956e-07;1.0837455923380772e-06;4.864415887873008e-07;1.4259689975650746e-06;2.5054783285484036e-06;3.122148773169861e-06;3.187310643556021e-06;2.1828102461181e-06;1.2586592070368204e-06;9.93969921323754e-07;2.4033932498851652e-06;2.362799580025032e-06;1.0836983793938723e-06;2.3842915816548836e-06;9.507395568878656e-07;9.320816822506076e-05;0.00013836930630559499;9.441159310427904e-05;9.047105746243281e-05;7.570787584140111e-05;9.581035894567456e-06;0.00011027437857603317;4.877671785259488e-05;4.099023064015114e-06;5.09649084191412e-06;9.1460653998216e-06;1.3756789675807903e-08
00:28:31;884;9.071385705636007e-07;1.9917855582472058e-06;5.903503360806225e-05;6.764103705834337e-07;1.1160968350732892e-06;1.4855521346390788e-06;1.3939805460242125e-06;7.939700343648972e-07;6.534064612605629e-07;3.7104635471200836e-07;1.1163884246944245e-06;1.0456815002577649e-06;6.635704457025327e-07;1.111557056055933e-06;4.580024168002436e-07;1.4207635413358615e-06;2.5194104576752857e-06;3.151646227752856e-06;3.1323527252160474e-06;2.1749817114705596e-06;1.2692750112387618e-06;9.75781164516441e-07;2.4345625269798123e-06;2.3693802361350797e-06;1.1471234976933018e-06;2.3805434690835174e-06;9.256051066874038e-07;9.598747941054901e-05;0.0001354635851112209;0.00010758663512094064;0.00010700098581091195;7.567052262508997e-05;9.040556721930475e-06;0.00011061402243990626;4.8796189478699405e-05;4.152953607980058e-06;5.07334956764286e-06;9.022413532582964e-06;1.1709869292486355e-08
00:28:33;885;8.979941444180057e-07;1.9873995747327137e-06;5.706256111044023e-05;6.911196340876234e-07;1.1222710311771649e-06;1.4375166658647294e-06;1.3577339460401172e-06;7.993614890011713e-07;6.436553620597413e-07;3.916272128610323e-07;1.1041191512588129e-06;1.0293362922424039e-06;6.240382834315544e-07;1.0844101514932576e-06;4.907402345902508e-07;1.4406986197115392e-06;2.526509083969658e-06;3.138450682842942e-06;3.1206823165765726e-06;2.1822286587940896e-06;1.2545436427761252e-06;9.81912470522246e-07;2.4276569697173693e-06;2.3638889834279624e-06;1.0867000637632902e-06;2.3791381760089233e-06;9.463843580421401e-07;9.408195280233422e-05;0.0001335656871358146;9.659819374170469e-05;9.587928933435089e-05;7.70147260544024e-05;9.7426188560853e-06;0.0001107684305113788;4.8759353772934076e-05;4.108891471304854e-06;5.104643488663752e-06;9.115967886118009e-06;1.0978270191047167e-08
00:28:35;886;9.080118501940277e-07;1.996027323532215e-06;5.594796335136218e-05;6.684026291639807e-07;1.1122999818172472e-06;1.4392656238532646e-06;1.3749445006377476e-06;8.056839850632194e-07;6.408713449620765e-07;3.778846850382484e-07;1.1413961929950356e-06;1.040756778294203e-06;6.39814447725681e-07;1.1055734905340842e-06;5.492482139606897e-07;1.4288382677086356e-06;2.5038437708552676e-06;3.137693922809963e-06;3.1261649175714316e-06;2.1700267569928967e-06;1.253220544565667e-06;9.787295178866079e-07;2.460045617295645e-06;2.371819126766022e-06;1.1109496058394788e-06;2.398705750169075e-06;1.0122893381258455e-06;9.107701411897535e-05;0.00013746433943431994;9.085045257562518e-05;8.912581945028429e-05;7.768233173205283e-05;1.0574091255236556e-05;0.00010943674946850699;4.678688467891118e-05;4.106330752042559e-06;5.083465180272675e-06;9.174469618057607e-06;1.3611952060729234e-08
00:28:37;887;8.967228562119864e-07;1.9874073097549003e-06;5.614582799765447e-05;6.806412940737775e-07;1.1091683512664086e-06;1.4172573414648262e-06;1.4168827795883616e-06;8.005717553933261e-07;6.424632819685366e-07;4.1066888958128023e-07;1.0986397309473908e-06;1.0133556902693706e-06;6.134603631141095e-07;1.0783919489912561e-06;4.791725924531547e-07;1.4339098756748552e-06;2.5127638891026897e-06;3.126715248210438e-06;3.158649017482103e-06;2.1634709277856893e-06;1.2621083253835894e-06;1.0218777396247892e-06;2.4263414575849494e-06;2.350805323635253e-06;1.0826367299700848e-06;2.3609642427420365e-06;9.486442660159764e-07;9.471116955782307e-05;0.00013588106584405647;9.266478569481298e-05;8.753776614469087e-05;7.769753123840743e-05;9.313648241502029e-06;0.00011027654567379056;4.771806360759532e-05;4.0160295661359065e-06;4.832813608937164e-06;9.087814290138779e-06;1.2702503963063372e-08
00:28:38;888;8.974543580206077e-07;1.9863322093074147e-06;5.748786067059478e-05;6.885955292029228e-07;1.116295026516344e-06;1.4294282541465526e-06;1.3714937885176617e-06;8.026804044870449e-07;6.428015321640662e-07;3.860256031596908e-07;1.0829524471521845e-06;1.0544401967329329e-06;6.23584781226069e-07;1.1030113718956225e-06;4.681430962882871e-07;1.432323403196854e-06;2.5186578882254897e-06;3.1113693009352065e-06;3.153629081622702e-06;2.1791340411911298e-06;1.2730611160804983e-06;9.788504979508304e-07;2.4118822834737594e-06;2.370547202742814e-06;1.0835829030677618e-06;2.393766188025795e-06;9.291819521963531e-07;9.12971138184461e-05;0.0001371715883986737;9.44634209296387e-05;0.00010080493902320898;7.806721572119024e-05;1.1051204530401072e-05;0.00010986829052446927;4.878913908600075e-05;4.046097881858534e-06;5.190717967404753e-06;9.092678525671324e-06;1.1921640173958012e-08
00:28:40;889;9.02276793643156e-07;1.990368884976248e-06;5.8537789977357996e-05;6.746564063368639e-07;1.1151023313615838e-06;1.5110348095991422e-06;1.3720013497834058e-06;8.110671910250228e-07;6.548334969622907e-07;3.898507464930842e-07;1.132250985010201e-06;1.0239498931176947e-06;6.269337171425284e-07;1.0494956853467452e-06;4.661446412706544e-07;1.413410198962037e-06;2.5170183225551987e-06;3.180121131110723e-06;3.1369093857726593e-06;2.1850759960124135e-06;1.272253128614535e-06;9.938877678329926e-07;2.459793723240101e-06;2.34958472130437e-06;1.0871757841771256e-06;2.353130206514995e-06;9.360654574501945e-07;9.62411065220399e-05;0.00013735669798249647;9.984668957892587e-05;0.00010351401607223553;7.778392018618544e-05;1.0074873831268919e-05;0.00010957419483919429;5.022283336545307e-05;3.903957790822223e-06;4.8494509200411994e-06;9.07041078702526e-06;1.5327852607932205e-08
00:28:42;890;9.012778393501332e-07;1.988538375786171e-06;5.758576300096977e-05;6.993451337629479e-07;1.1413437944247045e-06;1.4370135286964372e-06;1.3815166158534256e-06;8.100377369676696e-07;6.602423707555907e-07;3.823322370416998e-07;1.0933308973322524e-06;1.0335627482760401e-06;6.266764741479459e-07;1.0879055083053273e-06;4.620267879396067e-07;1.4514165125351437e-06;2.551013968122443e-06;3.1330872227758675e-06;3.1395959525335585e-06;2.1744705322759463e-06;1.272482082393115e-06;9.792959636348613e-07;2.401694781481269e-06;2.364066462972385e-06;1.0953234349000024e-06;2.371992569708168e-06;9.280203468584152e-07;9.256281793683523e-05;0.00013662777084479062;9.766174394198453e-05;0.00010052770494412774;7.778391787790172e-05;1.0259981169384636e-05;0.00010953685309141931;4.7849173212309325e-05;4.076342699356461e-06;4.982800578676936e-06;9.144349217980857e-06;1.5700496869730073e-08
00:28:44;891;9.166969237836301e-07;2.0037550553706175e-06;5.7621860990035204e-05;6.783218541205439e-07;1.1440610400047613e-06;1.446328659181585e-06;1.383284913604076e-06;8.622853302497901e-07;6.465192155373374e-07;4.4670700151027243e-07;1.0874884544391379e-06;1.0637830588936223e-06;6.422461648967406e-07;1.1363337003477236e-06;4.630033884370474e-07;1.42378782492173e-06;2.544164209511213e-06;3.1291826051621017e-06;3.1464162648147447e-06;2.2354980297056004e-06;1.256232803969604e-06;1.063268769030401e-06;2.407847544798389e-06;2.385666823988398e-06;1.1099064269291365e-06;2.411346277376306e-06;9.317422308689672e-07;9.377738562288483e-05;0.00014109892276562046;9.642990890407767e-05;9.53806629218969e-05;7.901240500538141e-05;1.054755692198009e-05;0.00010964096990760166;4.737264328502198e-05;4.120169148630871e-06;5.0624063663343455e-06;9.004847457786069e-06;1.4453573206364562e-08
00:28:46;892;9.041974055954618e-07;1.988095129513855e-06;5.880603892936216e-05;6.746413485636538e-07;1.1389529388303934e-06;1.4618760148269159e-06;1.3723731309347251e-06;8.054933126156915e-07;6.709342842515685e-07;4.114359627337517e-07;1.1117740201591821e-06;1.0267496285914552e-06;6.275174439064234e-07;1.0865424431698174e-06;4.6207803300840117e-07;1.4200702768408243e-06;2.5295659963974895e-06;3.1456960299163004e-06;3.1198198335408085e-06;2.17293900939556e-06;1.2873395353150805e-06;1.0150512735038584e-06;2.422132146294425e-06;2.3535220850446212e-06;1.1016046816126343e-06;2.365595094753316e-06;9.238046619096087e-07;9.68777068804533e-05;0.00013931693761383985;0.00010443684531247094;0.00010422367368660731;7.562358631268604e-05;1.0153066800935544e-05;0.00010950921675597651;4.7428846685145776e-05;4.043745316343106e-06;4.950128830955223e-06;9.096220925349687e-06;1.249203158238273e-08
00:28:48;893;9.036154787655061e-07;1.987722937515115e-06;5.763743080527009e-05;6.758930124271181e-07;1.1309084455164835e-06;1.44693335470756e-06;1.3923334300452501e-06;7.971873831361361e-07;6.494723158067085e-07;3.753405085929726e-07;1.1725978250609614e-06;1.0377791174288509e-06;6.186483016373306e-07;1.087958169211266e-06;4.5833359229131465e-07;1.4247803275643895e-06;2.51513507418501e-06;3.1394656386360513e-06;3.1337007661747948e-06;2.177115973183068e-06;1.2676471452392387e-06;9.704566396729067e-07;2.4868227948117455e-06;2.364380189715984e-06;1.0797155869688969e-06;2.3718114133299436e-06;9.216428372550167e-07;9.377159060479267e-05;0.00013512040837795452;9.705986810355319e-05;0.00010228242781309359;7.591437310925705e-05;1.0666038570641553e-05;0.00010950153841178612;4.933875379935328e-05;4.097115574621099e-06;4.834499031688052e-06;9.047913871236877e-06;1.4642395262848859e-08
00:28:50;894;9.156525127613174e-07;2.0015630536962117e-06;5.636874447273234e-05;7.216931999484447e-07;1.127691123107995e-06;1.5052293486790673e-06;1.3627832137107598e-06;7.996850914793185e-07;6.455611445006908e-07;4.0010167647672934e-07;1.12031124361261e-06;1.1194788016992292e-06;6.414945144780663e-07;1.0708447868233086e-06;4.729557183467328e-07;1.4702305617004329e-06;2.512185164096657e-06;3.207088132547119e-06;3.133129497010613e-06;2.1576294160050694e-06;1.2615937355838445e-06;9.960411663501597e-07;2.456547045894004e-06;2.4244532415316745e-06;1.0981273725277948e-06;2.3612759590994043e-06;9.40454667728128e-07;9.211857498962097e-05;0.00013279330164084387;9.040644372576676e-05;9.51621067107783e-05;7.662399961443666e-05;1.0958808819862998e-05;0.00010945341612308582;5.045165004947683e-05;4.173828071242957e-06;5.144207598610721e-06;9.125931383178078e-06;1.2664945884119064e-08
00:28:52;895;9.00604472210308e-07;1.9846320859685392e-06;5.713860814179537e-05;6.750695663481178e-07;1.1196882672754265e-06;1.4239315716838261e-06;1.3774534284910993e-06;8.147575505581337e-07;6.546665776354452e-07;3.861485243480703e-07;1.0974992878942658e-06;1.0292002879840434e-06;6.296075981379349e-07;1.0901896306107646e-06;5.090411035721135e-07;1.4202918021199573e-06;2.5068002790974305e-06;3.126227963398781e-06;3.1271856095130878e-06;2.183271283660982e-06;1.2576162576587642e-06;9.843939106108164e-07;2.4155703334179613e-06;2.355605409297535e-06;1.0973555353176162e-06;2.368571711175016e-06;9.72693977571539e-07;9.282414579746479e-05;0.0001352273746112972;9.456666460380842e-05;9.784653645674895e-05;7.67312292424939e-05;1.0225826297474568e-05;0.0001101360466814086;4.97657904215311e-05;4.0790577703505145e-06;5.170432283165127e-06;9.077099274085583e-06;1.3094261715737755e-08
00:28:54;896;9.067108772888652e-07;1.9913276794715234e-06;5.787997885906848e-05;6.936583230234625e-07;1.112755129090653e-06;1.4894072279341748e-06;1.372010146060244e-06;8.241504203128485e-07;6.557703252338146e-07;3.84933657595419e-07;1.1013138782348362e-06;1.017676880543661e-06;6.287765243422944e-07;1.1254484629090329e-06;4.746292742668407e-07;1.42702136208409e-06;2.497417643939162e-06;3.1589417395031277e-06;3.1598710070802208e-06;2.1910372085205633e-06;1.281939542198565e-06;9.761853773484233e-07;2.414133510234323e-06;2.3446058695656033e-06;1.095009064170835e-06;2.4132586396504686e-06;9.365104273732683e-07;9.417684453163995e-05;0.00013180528904280881;9.927492321438813e-05;0.000105024822090996;7.729356272288029e-05;1.0258264302132493e-05;0.00010975485630337416;4.8593730997582975e-05;4.12920760083088e-06;5.079585205672151e-06;9.157247851165842e-06;1.1412445350255584e-08
00:28:56;897;8.947366051291862e-07;1.982189803440426e-06;5.7119089188473935e-05;6.974210660698982e-07;1.117291201053144e-06;1.426192988919116e-06;1.373916788823108e-06;7.94552370402874e-07;6.372967095461232e-07;3.7992404588006357e-07;1.0943236422084561e-06;1.0529093668054657e-06;6.259533669576585e-07;1.0752715568041926e-06;4.617858913440061e-07;1.444571912284291e-06;2.5156294968031875e-06;3.126550839774206e-06;3.1135328391670393e-06;2.1666831666544004e-06;1.2569010516040468e-06;9.789239245377228e-07;2.411342888357283e-06;2.3771534455867184e-06;1.0900639220185267e-06;2.3692545920323625e-06;9.356687562241767e-07;9.351438159519616e-05;0.00013193878335647968;9.72361963473918e-05;0.00010015389002338487;7.708709751601276e-05;1.035618316698344e-05;0.00010967606957885944;4.746294485897881e-05;4.087163733134601e-06;4.791474228529366e-06;9.110752032339948e-06;1.4133824396216346e-08
00:28:57;898;8.999216428213169e-07;1.98825793194362e-06;5.609294947807883e-05;6.867829980676405e-07;1.1387079348133191e-06;1.4256012530466933e-06;1.3781148768417366e-06;8.047078836816788e-07;6.479753392437974e-07;4.057727588884836e-07;1.1133342283642378e-06;1.0402673731717145e-06;6.103889629697918e-07;1.0869936768061321e-06;4.6041217925043365e-07;1.435680881317976e-06;2.5217744905603467e-06;3.149555590126407e-06;3.132348917426521e-06;2.1741286083184442e-06;1.25318254438039e-06;1.0103338191048708e-06;2.4372741163576013e-06;2.3530720923938847e-06;1.0798707033049877e-06;2.3882488578606227e-06;9.236238401160646e-07;9.388750165580205e-05;0.00013269301342608858;9.294419828359803e-05;9.101279143277345e-05;7.655978028269262e-05;9.551406833075807e-06;0.00010929195807197608;4.908407404817182e-05;4.1336025373640665e-06;4.897113196785703e-06;9.047073119775598e-06;1.2880848842313577e-08
00:28:59;899;8.958692281750431e-07;1.9849332395235157e-06;5.599896705538337e-05;6.820816261697938e-07;1.096064177035833e-06;1.4202069228924137e-06;1.403516952032517e-06;7.975540329981228e-07;6.348397861137429e-07;3.987320404559695e-07;1.106714431290098e-06;1.044381244435561e-06;6.221447751319044e-07;1.0871174505246792e-06;4.570770384808172e-07;1.4180029680412903e-06;2.504856273027386e-06;3.1178350340430567e-06;3.1506914684207832e-06;2.1612969130958995e-06;1.257282908423067e-06;1.0106701184420533e-06;2.435586546060314e-06;2.379708539995625e-06;1.09746926172987e-06;2.3595916885985585e-06;9.26206409683547e-07;9.363022218751674e-05;0.000136684654739115;9.099893587766876e-05;8.629392830180463e-05;7.768939386989707e-05;9.885645800322574e-06;0.00010995510608463485;4.845308856373904e-05;4.070121211725793e-06;5.178501132185179e-06;9.135453453671842e-06;1.2553442319140953e-08
00:29:01;900;8.99009720727923e-07;1.9880481293604378e-06;5.7464824661169285e-05;6.776247435896271e-07;1.0975358176633743e-06;1.4354731533540066e-06;1.379980298517451e-06;7.938172905271172e-07;6.748965106773142e-07;3.8384326382014744e-07;1.1121908431797258e-06;1.027783620796444e-06;6.406521364319608e-07;1.0726922370968788e-06;4.916264607534128e-07;1.427973784360157e-06;2.493883642538221e-06;3.133860186780906e-06;3.138677457863645e-06;2.159273904747156e-06;1.2943609452214573e-06;9.93475724640178e-07;2.4377328931153944e-06;2.3507795397482727e-06;1.1124537431436394e-06;2.360249094969812e-06;9.538557908198055e-07;9.587753593651968e-05;0.00013685492239982268;9.45931167461267e-05;9.64172012033861e-05;7.704649527565331e-05;1.0999116687951205e-05;0.00010984389772654521;4.9452167960578456e-05;4.1468047931623785e-06;5.2330913974413134e-06;9.100094682336811e-06;1.3451124507677676e-08
00:29:03;901;8.962052541699511e-07;1.980834339738527e-06;5.8637239049775154e-05;6.878455004769276e-07;1.1061081829860149e-06;1.4529217130420202e-06;1.3586513752434308e-06;7.953073042153072e-07;6.674161352874948e-07;3.6928846841083834e-07;1.110901455027922e-06;1.031197387762523e-06;6.334382674550393e-07;1.0664793980455753e-06;4.7490757427614094e-07;1.4348246222768086e-06;2.499973239145784e-06;3.1434662180143713e-06;3.124030045691592e-06;2.1733602587038508e-06;1.275326292503865e-06;9.695050937928418e-07;2.418055317585767e-06;2.344967393709558e-06;1.0890962764992591e-06;2.3579146480049624e-06;9.394920460158285e-07;9.516457911662763e-05;0.00013453951569575903;9.896127209514573e-05;0.00010871230756627465;7.711587176267177e-05;1.064122345083651e-05;0.00011017336693701132;5.0151415361864405e-05;4.101047561959389e-06;4.9417257973513644e-06;9.129080554893268e-06;1.5462696906715074e-08
00:29:05;902;8.931110968355618e-07;1.9835079001495615e-06;5.750740138752965e-05;6.821369742191699e-07;1.1133566760241302e-06;1.4211639200406074e-06;1.3531218422099558e-06;8.037397968992237e-07;6.675809028002597e-07;3.920469543753055e-07;1.093194322621116e-06;1.0189507472931196e-06;6.213217365451258e-07;1.0749334332144593e-06;4.7578557879371625e-07;1.4270348001561235e-06;2.497155401503238e-06;3.126424630115448e-06;3.124259134743118e-06;2.1731075594864625e-06;1.2966383897497807e-06;1.0019533668795863e-06;2.4168653329910787e-06;2.3466235547800087e-06;1.0814481995595675e-06;2.3709785766554943e-06;9.396052932164752e-07;9.437371534027638e-05;0.00013609644393501512;9.757685065566524e-05;9.959574809561364e-05;7.704543037396744e-05;1.027066164853543e-05;0.00010916364002560097;4.7918095149271184e-05;4.124819442944161e-06;4.875556757054978e-06;9.034306215006295e-06;1.3549011404796943e-08
00:29:07;903;8.853756083030103e-07;1.9814971872481786e-06;5.630039473471756e-05;7.017738173606151e-07;1.1042288935346856e-06;1.3927110527460358e-06;1.3656406961230645e-06;7.942613911217997e-07;6.3002258448625e-07;3.741575175343247e-07;1.0890722478184112e-06;1.0034472948722788e-06;6.170850479492174e-07;1.0713949335797421e-06;4.807115728710055e-07;1.4480479945586345e-06;2.5007206782971433e-06;3.114583941618249e-06;3.136521290568303e-06;2.1662192912577965e-06;1.2510642700593202e-06;9.818256418401678e-07;2.416232426852891e-06;2.3545578958966205e-06;1.0951008339131327e-06;2.3579019064446942e-06;9.551894568694133e-07;9.201392273175838e-05;0.00013363459874179344;9.374028944877142e-05;9.393978483633196e-05;7.715673906846152e-05;1.0024986681079247e-05;0.00010973881467595595;4.695032226692898e-05;4.146484043570823e-06;5.1531308408488125e-06;9.093110335012796e-06;1.2553146097344934e-08
00:29:09;904;8.923754983443515e-07;1.983091426407992e-06;5.73788963100951e-05;6.909481726163397e-07;1.1313528074778518e-06;1.4264871524813119e-06;1.3489900811756363e-06;7.91205156381768e-07;6.339884623749661e-07;4.10134966776322e-07;1.088549862612612e-06;1.0099532505656519e-06;6.405957659075509e-07;1.0682833434830483e-06;4.680166849220639e-07;1.4367322571932255e-06;2.502977779357347e-06;3.1229452487642e-06;3.1233619556357403e-06;2.1659587606002707e-06;1.2553017281961614e-06;1.0171936123783723e-06;2.41950962839538e-06;2.346255186400608e-06;1.1122832834016778e-06;2.3571962982933207e-06;9.373808037293478e-07;9.342130868068339e-05;0.00013624495208737554;9.742754702295787e-05;9.768535209272693e-05;7.614986858035816e-05;9.918572810901204e-06;0.00011012917769307438;4.910176521329123e-05;4.1212839880995795e-06;5.219849784281244e-06;9.113690227672368e-06;1.3387539719339547e-08
00:29:11;905;8.994769450477623e-07;1.9823702474770723e-06;5.709279318305345e-05;6.827488118300483e-07;1.1159012231425953e-06;1.4575419404749823e-06;1.3674773901522548e-06;8.005433044143796e-07;6.462467693101427e-07;3.820234800419345e-07;1.106765191655706e-06;1.0135637627780882e-06;6.325548949283963e-07;1.1263832665778493e-06;4.6197302960848674e-07;1.4306018657188809e-06;2.49401246843332e-06;3.1313682259828564e-06;3.1383251121329936e-06;2.1744838667346594e-06;1.2499889551898238e-06;9.745533106922002e-07;2.413110730196445e-06;2.3421455223428838e-06;1.0898039144643618e-06;2.4194696926557137e-06;9.305787165995074e-07;9.457837442562014e-05;0.00013533654752890596;9.898815278457587e-05;9.509365499887699e-05;7.608659413276538e-05;9.679978926160943e-06;0.00011004500072618217;4.700693824473989e-05;4.204924837336239e-06;4.921623445397291e-06;9.15787204475024e-06;1.3856101330363692e-08
00:29:13;906;8.957706734752885e-07;1.9797902326255226e-06;5.693703960807885e-05;6.845828325633104e-07;1.1109350481158293e-06;1.4466866324689611e-06;1.3715903167979802e-06;7.974965738293865e-07;6.41859026736827e-07;3.7798159850539875e-07;1.0922702985315491e-06;1.0267199946799688e-06;6.190062812226994e-07;1.085657333325814e-06;4.944619226792729e-07;1.4291264005230086e-06;2.5022864741614182e-06;3.1235802904880476e-06;3.1172925693819613e-06;2.169643674082918e-06;1.2504143662998195e-06;9.781625339247179e-07;2.413662989194471e-06;2.3528481091765387e-06;1.0809437876099465e-06;2.3884064911369566e-06;9.51114462260435e-07;9.503106153032477e-05;0.00013491556550683073;9.933338926284405e-05;9.267689139046405e-05;7.604249833769277e-05;8.800379450764182e-06;0.00011067571801760131;4.7740506868535364e-05;4.054126136122224e-06;4.875587722031241e-06;9.085022083443915e-06;1.3728990291413818e-08
00:29:14;907;8.985425914431744e-07;1.9821406461152396e-06;5.8532145333527745e-05;6.771639661128471e-07;1.115929828301241e-06;1.455917038726475e-06;1.369786538661024e-06;8.267757256193291e-07;6.345002555282778e-07;3.8016797433325744e-07;1.1160755851623672e-06;1.0395374179239525e-06;6.104858824523324e-07;1.0952002620356893e-06;4.609703418171049e-07;1.4222438835531648e-06;2.5024343951280327e-06;3.1361317678026434e-06;3.1222239791716248e-06;2.210733473302868e-06;1.2489161709317723e-06;9.797675697364303e-07;2.413017099731601e-06;2.363771352088694e-06;1.0850011672349105e-06;2.3763073161866995e-06;9.251386611048233e-07;9.510257136139556e-05;0.0001367226600607116;0.0001010410667086938;0.00010569986364623986;7.634617864283812e-05;1.0117208506567292e-05;0.00011040446155232154;4.868975576234677e-05;4.088831557737641e-06;5.01274301885893e-06;9.148896427966944e-06;1.1506756654956363e-08
00:29:16;908;8.917599539612101e-07;1.982939595477604e-06;5.704158749978536e-05;6.729994820824975e-07;1.132434943313337e-06;1.4329158609559622e-06;1.3406005826252256e-06;7.803817210216835e-07;6.530788201140261e-07;3.702462067641092e-07;1.1120323765661573e-06;1.0201805813055258e-06;6.237401524571014e-07;1.0783306309295169e-06;4.84177813660351e-07;1.42513313307915e-06;2.538353334174748e-06;3.129686380321524e-06;3.1211946844462234e-06;2.157629885143159e-06;1.2701064743171777e-06;9.601137533168127e-07;2.424064835487357e-06;2.3593152180390325e-06;1.0853903647698702e-06;2.373060599985607e-06;9.512256055350468e-07;9.414012983198993e-05;0.0001311834711692404;9.451997604774604e-05;0.0001003926819514994;7.647474720129838e-05;1.0539191946292018e-05;0.00010975989020944692;4.91193474082365e-05;4.0830287995212925e-06;5.151879026283946e-06;9.121509567749432e-06;1.3196838119862337e-08
00:29:18;909;8.968321741808051e-07;1.9799340723785706e-06;5.709358562103895e-05;6.996023366280145e-07;1.1400128172376547e-06;1.4332006045785823e-06;1.3647547663288926e-06;8.0871781425109e-07;6.293290030111688e-07;3.80675781584052e-07;1.0983217562906846e-06;1.0158615650497764e-06;6.395492308267333e-07;1.0759896128834354e-06;4.7597051808991675e-07;1.451993667511557e-06;2.5253737856220615e-06;3.1123513623772194e-06;3.1048962717227082e-06;2.174222517963624e-06;1.2558538504821674e-06;9.861000967680123e-07;2.417948526790151e-06;2.340609499478427e-06;1.0972381025705453e-06;2.3547393760664715e-06;9.378811963455795e-07;9.364867831277075e-05;0.000135162003658691;9.563311693467192e-05;9.691122118938744e-05;7.7801795992322e-05;1.0026902930192693e-05;0.00010947990704266515;4.852890962542599e-05;4.070928488924658e-06;4.837006387185714e-06;9.009979308306785e-06;1.2577581923597978e-08
00:29:20;910;8.892604351470627e-07;1.983520939598126e-06;5.7610827326102306e-05;7.167266752619835e-07;1.1104046122993467e-06;1.4173314911209383e-06;1.360182224791567e-06;7.977520968260876e-07;6.260353551112985e-07;3.696823932833579e-07;1.094468823126249e-06;1.0233544503922654e-06;6.25671789024971e-07;1.0655928481413794e-06;4.639222483343081e-07;1.4628491084571395e-06;2.5048837449480457e-06;3.1388087560876958e-06;3.121467072353109e-06;2.1879466160072887e-06;1.2536765359959357e-06;9.785787551088187e-07;2.4151024185409335e-06;2.353190385707145e-06;1.1027811209242838e-06;2.356482906191248e-06;9.264829899724576e-07;9.148871454074186e-05;0.00013607683220618732;9.823159613811029e-05;0.00010184012419604712;7.683255834793418e-05;9.908558796509867e-06;0.00011027515589470644;4.8505771760467034e-05;4.103699398221416e-06;4.946442210075206e-06;9.10701053549465e-06;1.3463888732255924e-08
00:29:22;911;8.921467647062606e-07;1.98117784523824e-06;5.860656434975603e-05;6.83441139681662e-07;1.117405343041934e-06;1.4206401858532756e-06;1.3640233213636903e-06;8.056631615586825e-07;6.397829148483616e-07;3.971003951926248e-07;1.1073712752430642e-06;1.0246649184091956e-06;6.24506958187125e-07;1.0583048981806862e-06;4.628563878031597e-07;1.4344964184498235e-06;2.5067155377920372e-06;3.122022954939203e-06;3.1282934805513154e-06;2.1853261574229875e-06;1.2533579084861865e-06;1.0035792224928777e-06;2.4316645098961205e-06;2.349787296858451e-06;1.0869514563015814e-06;2.348832003629963e-06;9.231062678356719e-07;9.544426505635305e-05;0.00013400496596119315;0.00010239429583175454;0.00010616650618315121;7.848477562214267e-05;9.703274586086978e-06;0.00011007668445263679;4.896186296417713e-05;4.090845267155584e-06;4.844045342078193e-06;9.091871414193991e-06;1.537951614890889e-08
00:29:24;912;8.98298777504439e-07;1.9793863738057186e-06;5.850616199750096e-05;6.771441207753526e-07;1.1162557537696733e-06;1.4958984265431043e-06;1.3599913052689514e-06;7.960789830573457e-07;6.413416427829656e-07;3.890620043911497e-07;1.1161588255668355e-06;1.038011130867615e-06;6.160521171174402e-07;1.077190849973032e-06;4.563998877816676e-07;1.4218648940888809e-06;2.5104883837264403e-06;3.1526728458008124e-06;3.1123000968087765e-06;2.165740907118181e-06;1.247730086946877e-06;9.84016090034304e-07;2.4453451104922283e-06;2.358624648209864e-06;1.0792563799280091e-06;2.3452062871715327e-06;9.293900451597483e-07;9.465848544585292e-05;0.00013535126251691405;0.00010215867356636002;0.00010628152818795185;7.64863827651613e-05;9.722954517335314e-06;0.00011032251702749278;4.914162391289783e-05;4.091402037051858e-06;4.740796009952916e-06;9.104911899389456e-06;1.3406083651322925e-08
00:29:26;913;8.923979502836491e-07;1.98040237580555e-06;5.784469890281814e-05;6.904104122346605e-07;1.1348417124811372e-06;1.4520706768711926e-06;1.343921626186593e-06;7.970886227423338e-07;6.439417928983847e-07;3.6620646495031584e-07;1.1173360370264618e-06;1.0222045729464795e-06;6.197259455508298e-07;1.0631958776001356e-06;4.5783141019742596e-07;1.4321492306442428e-06;2.512291534682695e-06;3.12335967614269e-06;3.113674046853933e-06;2.172493741224421e-06;1.2627853218677783e-06;9.72846813695043e-07;2.4463833936731792e-06;2.3539534762261888e-06;1.0889566086214334e-06;2.359216405469092e-06;9.26717662270929e-07;9.372531568284872e-05;0.00013257514941524587;9.997526864508126e-05;0.00010561668930105734;7.594966138757665e-05;1.0200786132675369e-05;0.00010982965547511773;4.8229116558725855e-05;4.091189287368638e-06;4.8511970809919135e-06;9.076434363783806e-06;1.5923503344687883e-08
00:29:28;914;8.881356814427477e-07;1.981108041519879e-06;5.69225665325918e-05;6.653187125671423e-07;1.099191626769363e-06;1.404337591023622e-06;1.343411878790784e-06;7.926088522483806e-07;6.503551145297205e-07;3.7548934392087313e-07;1.0678222922454561e-06;1.0729465963779914e-06;6.426606432069998e-07;1.0749878890078692e-06;4.6849738351410636e-07;1.4150353710152283e-06;2.5082610268845765e-06;3.1165734958161506e-06;3.1107052316518187e-06;2.164750874645863e-06;1.2689840312166872e-06;9.770030307139724e-07;2.4073862841990526e-06;2.4009142206051378e-06;1.112156069988878e-06;2.357194757045179e-06;9.343314158591459e-07;9.673542167310336e-05;0.00013094463144872398;9.69207386491185e-05;9.715794286230638e-05;7.608483340912907e-05;1.0001472456328478e-05;0.00010991229152220292;4.6910267564569455e-05;4.162254145836313e-06;5.098075126560991e-06;9.127127333315598e-06;1.574219990662997e-08
00:29:30;915;8.884185091837729e-07;1.9795564147771766e-06;5.7162426876752424e-05;6.734622594948483e-07;1.1173936485581686e-06;1.4391720090403934e-06;1.3599485056465193e-06;7.88458524207543e-07;6.464544310363413e-07;3.694021109001966e-07;1.0962511234941468e-06;1.021904809823065e-06;6.275014276675832e-07;1.0608304135734608e-06;4.6024258186379413e-07;1.4266979892281712e-06;2.51303799670288e-06;3.1260461191432345e-06;3.126227292790346e-06;2.1687644387879395e-06;1.2662259511176396e-06;9.695802451097975e-07;2.415510623363901e-06;2.357286079235495e-06;1.0949725714154633e-06;2.3629003986639826e-06;9.27426523089074e-07;9.308715442164943e-05;0.0001370129551395043;9.597225991871776e-05;9.774917113696177e-05;7.596046935631529e-05;1.0475097999888419e-05;0.00010959126963297034;4.797072573442622e-05;4.070101240581283e-06;4.978439238002043e-06;9.06695783508745e-06;1.452086692485605e-08
00:29:32;916;8.871541573282374e-07;1.9749343497511013e-06;5.722635426167481e-05;6.676056482584675e-07;1.1239440845497741e-06;1.4138828095382068e-06;1.3597950448872676e-06;7.853901974431597e-07;6.508721214114711e-07;3.8023557524802243e-07;1.0884635333658304e-06;1.0138868089335709e-06;6.194301580351371e-07;1.0704118377931464e-06;4.7193178056368557e-07;1.4194690994038784e-06;2.5021719080495465e-06;3.1152994434026518e-06;3.122594094586734e-06;2.1548582345772794e-06;1.2574897702587448e-06;9.81332965538162e-07;2.4108383677575827e-06;2.351946451671199e-06;1.080649619319657e-06;2.355352943929655e-06;9.472087207299571e-07;9.427380492828633e-05;0.00013415299013281554;9.928166028491587e-05;9.695306756773222e-05;7.670538162680425e-05;9.54359021121148e-06;0.00011037475930028283;4.7259096314528296e-05;4.059369396699967e-06;5.015780550841858e-06;9.083902948401732e-06;1.284787757723015e-08
00:29:34;917;8.922858825951866e-07;1.979250008602482e-06;5.730442946398488e-05;6.71070322724984e-07;1.1054031368635202e-06;1.4202942426196201e-06;1.3758211816685482e-06;8.067743837840298e-07;6.514492585778116e-07;3.688712074375902e-07;1.081415006593483e-06;1.0296249673464268e-06;6.376979478210516e-07;1.0908789008274249e-06;4.6812975596953843e-07;1.4178990733818888e-06;2.512189190625416e-06;3.105384586911274e-06;3.1165746211719368e-06;2.1750028773694102e-06;1.2673882795902097e-06;9.726725796220226e-07;2.408548376663504e-06;2.3564853008102097e-06;1.1103078364451707e-06;2.3731271398843736e-06;9.354194017742896e-07;9.416809441244253e-05;0.0001383661893157966;9.470078827977821e-05;9.611720279518153e-05;7.751657597693162e-05;1.066771343761216e-05;0.0001094143157373612;4.853576227769962e-05;4.063597350702169e-06;4.984711395787976e-06;9.105630782179431e-06;1.2571806345418416e-08
00:29:36;918;8.907955251012047e-07;1.9770130732847722e-06;5.664359129730232e-05;6.677249130585236e-07;1.1357402358378657e-06;1.4441151660352345e-06;1.3505646886099756e-06;7.927764462274793e-07;6.343114760311928e-07;3.90247292420492e-07;1.0853511180706412e-06;1.0169651445805656e-06;6.136777950451553e-07;1.0980608769725366e-06;4.600108786011571e-07;1.4205624912001094e-06;2.5348452188350336e-06;3.124678898207612e-06;3.1129838036945385e-06;2.156563973182494e-06;1.2476115180509657e-06;9.861082782628751e-07;2.4075149388443584e-06;2.3414117184166814e-06;1.0813752262809522e-06;2.3801620238396312e-06;9.303380001906762e-07;9.490212670019738e-05;0.00013157870401542962;9.420275984309069e-05;9.641694375399602e-05;7.601313988161452e-05;9.993206297938953e-06;0.00011003957129219882;4.825616509494953e-05;4.025467350320182e-06;5.149922864342073e-06;9.130889757063717e-06;1.4198716486152552e-08
00:29:37;919;8.866186180385553e-07;1.9794929487402497e-06;5.799907947419351e-05;6.741107425802604e-07;1.1021506076276792e-06;1.4035462452872076e-06;1.3544511582611305e-06;8.013369573960977e-07;6.365089359421977e-07;3.670740719062916e-07;1.1286952306122089e-06;1.0195130630628249e-06;6.161967729603e-07;1.0657092675811244e-06;4.701301312289145e-07;1.419382422544096e-06;2.501395783838234e-06;3.1163434943917745e-06;3.138765129123489e-06;2.176162864468753e-06;1.2512109728498828e-06;9.727677891106983e-07;2.4351532178852837e-06;2.3439756861552256e-06;1.0875323197714225e-06;2.3681402192582766e-06;9.430849818100002e-07;9.350409779358362e-05;0.00013372472632321628;9.928205149042893e-05;0.00010495110546357875;7.674307014794689e-05;1.018503937448879e-05;0.00011008383709103749;4.91986039598482e-05;4.1393644854751045e-06;5.0378166341111556e-06;9.126295669642858e-06;1.2945256963837355e-08
00:29:39;920;8.891886485300078e-07;1.978339624553042e-06;5.7433095388424655e-05;6.780039520926096e-07;1.1253565478274263e-06;1.4111765542779153e-06;1.3511264295667564e-06;7.917125782035002e-07;6.271252112762098e-07;3.929254997733525e-07;1.0870371905240135e-06;1.0406141142318213e-06;6.276770514255439e-07;1.0784943026723424e-06;4.590140438651893e-07;1.4255601134992285e-06;2.5181276211547303e-06;3.1206670048303275e-06;3.1128768920167157e-06;2.1753055908804894e-06;1.24462901437796e-06;9.98599973569716e-07;2.4110070905373526e-06;2.3605036657028008e-06;1.0832020017938082e-06;2.366072254241046e-06;9.235234812612235e-07;9.3730428213573e-05;0.0001326676785706996;9.777341503184387e-05;0.00010121068026750524;7.761745879840594e-05;9.898639964817043e-06;0.00010964467025123694;4.844880147685888e-05;4.184078901715185e-06;4.897387964075513e-06;9.111159502956193e-06;1.2745717408749494e-08
00:29:41;921;8.966433275051341e-07;1.9825349494843793e-06;5.6931102200486546e-05;6.704255279417608e-07;1.1081284615567133e-06;1.4273116208133016e-06;1.3742705299403146e-06;8.165958276442418e-07;6.388902174172337e-07;3.912761800016863e-07;1.0964441145718111e-06;1.057885796659522e-06;6.454223115555506e-07;1.0735268432588379e-06;4.595422271804559e-07;1.4185260109610956e-06;2.505868993938736e-06;3.119977386229004e-06;3.1230235084807693e-06;2.1822801330282474e-06;1.2526692591011311e-06;9.98258885714147e-07;2.426873724968423e-06;2.37810198668049e-06;1.1128672156966003e-06;2.348627804800528e-06;9.233435241712062e-07;9.37039757876713e-05;0.00013257214510446438;9.543271437988415e-05;9.720606861942163e-05;7.783117796773046e-05;9.65006696466584e-06;0.00010917425387933204;4.9118065725316695e-05;4.148085301230674e-06;5.268180366087862e-06;9.055770738676527e-06;1.2721571357021557e-08
00:29:43;922;8.904782668815094e-07;1.976099503125728e-06;5.6718191691359795e-05;6.664409874058596e-07;1.1196477754635028e-06;1.4213823346603311e-06;1.4114625383628137e-06;7.952323073984696e-07;6.586524226632146e-07;3.741374634749015e-07;1.0861555032351786e-06;1.0090529767707452e-06;6.212436052860876e-07;1.061532361971858e-06;4.60798651014116e-07;1.4102612743079566e-06;2.5164128739469318e-06;3.1083851020331526e-06;3.1283999202129006e-06;2.169630348258648e-06;1.2755479062860426e-06;9.828691445421365e-07;2.406630279679869e-06;2.350374482179914e-06;1.0870962796616368e-06;2.344205257296507e-06;9.333804331966268e-07;9.588405514458515e-05;0.00013373857158207128;9.378834475424122e-05;9.439759187399687e-05;7.710058872961183e-05;1.0336858099969892e-05;0.00010945026336220579;4.77074077366825e-05;4.096692222870697e-06;5.030093724383408e-06;9.075372149973044e-06;1.2460915725982525e-08
00:29:45;923;8.893706072205471e-07;1.9737843987531038e-06;5.788521995762614e-05;6.770308816199262e-07;1.1069561208675405e-06;1.432452878495512e-06;1.360951389725332e-06;7.853666485631421e-07;6.426339859447435e-07;3.697564685343415e-07;1.099865177439147e-06;1.0322474554317038e-06;6.216114019882727e-07;1.0833577022947596e-06;4.6021692713292917e-07;1.417224203848917e-06;2.5042431037876715e-06;3.1136476225790693e-06;3.117626975617435e-06;2.159062673163595e-06;1.2531559207937915e-06;9.71203065716244e-07;2.4181575623469477e-06;2.3611487464061414e-06;1.0792424065204868e-06;2.367637104633772e-06;9.230626513047504e-07;9.608341370723865e-05;0.0001353374408055623;9.987549371777608e-05;0.00010046147005207212;7.671616520155058e-05;9.9483007678928e-06;0.00010941932246604576;4.840657187951301e-05;4.301109428515205e-06;4.960000469512203e-06;9.10113274669446e-06;1.2218249140458682e-08
00:29:47;924;8.913985183121234e-07;1.9779657099828496e-06;5.7847672607509115e-05;6.763590915216288e-07;1.1103690187106643e-06;1.4229737013755022e-06;1.3598954147814817e-06;8.203058145881605e-07;6.556247246113468e-07;3.7446563785146414e-07;1.1023561059531062e-06;1.0160743583479102e-06;6.094277728523939e-07;1.0944524519793866e-06;4.544778545824034e-07;1.420845192230065e-06;2.503697604119731e-06;3.107397723213097e-06;3.11131487516049e-06;2.200317053508645e-06;1.2628944425240305e-06;9.817394995963373e-07;2.4197151957840887e-06;2.349643883071276e-06;1.078452481590519e-06;2.3775297418242074e-06;9.220401070951072e-07;9.458123829679398e-05;0.00013665107266673922;9.821602503761624e-05;0.00010021595991627192;7.760431981038377e-05;1.0438839459310958e-05;0.00010976866246129488;4.8569819638538954e-05;4.17094499487534e-06;4.84216648009062e-06;9.101498504945626e-06;1.1524023247872863e-08
00:29:49;925;8.925961691794917e-07;1.9740978218521112e-06;5.735478489534367e-05;6.630522371961237e-07;1.131567778710586e-06;1.4421973366651741e-06;1.3733238261340572e-06;8.035003829963795e-07;6.371808443700838e-07;3.687067593662683e-07;1.1004225496885118e-06;1.0316443447390033e-06;6.158452185787346e-07;1.073454233784849e-06;4.7025826122037984e-07;1.4164698067752743e-06;2.4992328025279987e-06;3.1275017438273134e-06;3.118514976311509e-06;2.16783809109178e-06;1.2473992078815206e-06;9.71409787242217e-07;2.4231832055734175e-06;2.3521320634222034e-06;1.0748567252115127e-06;2.35786732837714e-06;9.327675001449152e-07;9.304746316888674e-05;0.00013637646337630048;9.71292291873333e-05;9.887869245698436e-05;7.626650688087454e-05;1.002664875102049e-05;0.00010970091347365757;4.859769123610832e-05;4.142101586117918e-06;4.990471043306416e-06;9.088693726531674e-06;1.2543857002242423e-08
00:29:51;926;8.870800754159156e-07;1.9747843406882647e-06;5.662880321569458e-05;6.666552880235149e-07;1.1095720906921387e-06;1.4186951432616401e-06;1.3845418264808855e-06;7.937844605459593e-07;6.318753482064726e-07;3.760768426574014e-07;1.08988388043811e-06;1.0096943725153422e-06;6.282410271603438e-07;1.065687798613107e-06;4.7025258822295446e-07;1.4186220576310098e-06;2.5002225054523952e-06;3.115780027886253e-06;3.132900321614653e-06;2.156443411888775e-06;1.2503180181439243e-06;9.7477984358872e-07;2.4056935317966684e-06;2.3537446104801117e-06;1.0971412852765603e-06;2.349594819285893e-06;9.421709327991174e-07;9.328053827360027e-05;0.00013631890751723204;9.294870369219575e-05;9.353409521291277e-05;7.657361335411273e-05;1.0135767767852626e-05;0.00010949222558834977;4.890507282634129e-05;4.108365717596896e-06;5.141302274358244e-06;9.094828172688132e-06;1.2218191094250744e-08
00:29:53;927;8.951464263970169e-07;1.978307436787228e-06;5.826817840923103e-05;6.680461461188775e-07;1.1198510463181968e-06;1.4439645128887109e-06;1.3558180403837705e-06;7.914018076830716e-07;6.628819606759671e-07;3.8952373667991674e-07;1.1107781345225993e-06;1.0328484476573863e-06;6.154415948584296e-07;1.0780808717666703e-06;4.7312055594484936e-07;1.4128205542632873e-06;2.509588658897342e-06;3.1294883133859566e-06;3.1126886410041878e-06;2.162973893967929e-06;1.273659933436256e-06;9.852698205657914e-07;2.4341843426773728e-06;2.3460806382497105e-06;1.082622156468748e-06;2.3554638979660495e-06;9.348475364737468e-07;9.524572326193134e-05;0.0001383183555089727;9.849899798988461e-05;0.00010308306289619554;7.654827575789906e-05;1.0750528201807188e-05;0.00010956733393287421;4.891268930136866e-05;4.123375924899203e-06;5.009774393339872e-06;9.147433945006909e-06;1.2589796593133978e-08
00:29:55;928;8.837424646624857e-07;1.974831179665406e-06;5.744138846959739e-05;6.770571765457589e-07;1.1056329287258264e-06;1.416882582009035e-06;1.337994661974242e-06;7.891012526638587e-07;6.481174679768226e-07;3.9216417923139024e-07;1.0734905927410987e-06;1.0081133656343737e-06;6.142762467575835e-07;1.0882992197122379e-06;4.537796580111381e-07;1.4154853046639352e-06;2.5003182858936386e-06;3.1234792905257863e-06;3.1114455114105492e-06;2.1763117747986707e-06;1.262439282878473e-06;9.902530323386922e-07;2.4056620952274274e-06;2.3458288837843346e-06;1.081105157441649e-06;2.3607916301455277e-06;9.248531207820725e-07;9.380394150236797e-05;0.0001376286670646039;9.637606528675407e-05;9.674268217465147e-05;7.738358991519063e-05;1.0487439437934884e-05;0.00011005400146510066;4.8483504171997137e-05;4.13418901769603e-06;5.089501530134617e-06;9.099627345220067e-06;1.3452723517285442e-08
00:29:56;929;8.90324444472154e-07;1.9753665928644146e-06;5.7153920219090984e-05;6.688978569419585e-07;1.1146951284437343e-06;1.437191515210853e-06;1.3580160687289642e-06;8.106159327215711e-07;6.419034043293369e-07;3.817613626030694e-07;1.083768556271862e-06;1.0329195841278378e-06;6.18062749545668e-07;1.0788616140253928e-06;4.5719930496058614e-07;1.4182448835584447e-06;2.4999627670050487e-06;3.1216719360346834e-06;3.115793060139448e-06;2.190113726020529e-06;1.2517788630685583e-06;9.765330910599741e-07;2.4043136527670637e-06;2.351708718102784e-06;1.0843697411842243e-06;2.3677395019367857e-06;9.221682855868379e-07;9.423412927839083e-05;0.00013553014303875619;9.798525017403854e-05;9.576843800629284e-05;7.743781380849494e-05;9.407037733367795e-06;0.00010962240115370379;4.761890863496415e-05;4.16899728690342e-06;5.017769383614462e-06;9.044056834579903e-06;1.2097295985085526e-08
00:29:58;930;8.896907291696979e-07;1.9799100427226683e-06;5.761496568840844e-05;6.693095802035032e-07;1.1147459265165531e-06;1.4174947627797574e-06;1.361804479203179e-06;8.083508197355048e-07;6.342717533414088e-07;3.846548245175799e-07;1.1293943455599602e-06;1.0089630411158623e-06;6.18015343749208e-07;1.0550754561739433e-06;4.7420819598348823e-07;1.418359714459913e-06;2.5062268067111154e-06;3.109454587214299e-06;3.1355648244945906e-06;2.166973692648661e-06;1.2502838919455734e-06;9.92713892951024e-07;2.4638114707699914e-06;2.345384261757375e-06;1.078500905707556e-06;2.3537574556537004e-06;9.378880679234291e-07;9.282278734842342e-05;0.0001354041531249073;9.681837737298373e-05;0.00010190873684613245;7.684319264396897e-05;1.0224997780234238e-05;0.00010943102589545293;4.972267417998694e-05;4.203133536659798e-06;4.946669248724461e-06;9.041501880866708e-06;1.2338402560447545e-08
00:30:00;931;8.882985570547351e-07;1.9704751173753435e-06;5.7614663161832266e-05;6.794176003617607e-07;1.1092521984582246e-06;1.414153481992354e-06;1.3752311460118511e-06;8.072218170260018e-07;6.376824862496345e-07;3.7310378473633743e-07;1.0859390526201713e-06;1.0300777053954975e-06;6.160478444947806e-07;1.071504673917771e-06;4.5995061363642137e-07;1.4266760383145107e-06;2.5003461751457277e-06;3.1116011861073113e-06;3.1089519676312146e-06;2.181676845908971e-06;1.2562356878736898e-06;9.722350601442727e-07;2.396074085516352e-06;2.34069594752546e-06;1.0825105987408543e-06;2.343163770737065e-06;9.2553310190552e-07;9.411095152376483e-05;0.0001372387891658586;9.858995248399067e-05;9.857139454979284e-05;7.70487951561111e-05;1.0095952328745725e-05;0.00010979196667464606;4.7629892148751794e-05;4.147936397201168e-06;5.077562439982727e-06;9.06057348614227e-06;1.2191586999396372e-08
00:30:02;932;8.900363984406826e-07;1.9794040758537035e-06;5.724860813452937e-05;6.67614403436868e-07;1.1040089393787866e-06;1.4442324163255194e-06;1.344412495188604e-06;8.155247888714195e-07;6.563108811974416e-07;3.645283030378527e-07;1.0978222236733937e-06;1.0208434846539014e-06;6.186607989940156e-07;1.0747583603693494e-06;4.717194149840186e-07;1.4156762582572383e-06;2.4974401668846957e-06;3.120689920643035e-06;3.1211344160314922e-06;2.1902104253104548e-06;1.2804338363038586e-06;9.686179878429622e-07;2.425843137954664e-06;2.347393322601926e-06;1.0874271774349537e-06;2.3618492947736992e-06;9.361323488427601e-07;9.468280548471444e-05;0.00013664506191177382;9.269777506861114e-05;9.665747831842535e-05;7.810224064432271e-05;1.116988712134629e-05;0.00010981163895065749;4.8803162905792344e-05;4.189177722384184e-06;5.095486628292318e-06;9.116065946675597e-06;1.2516911356861856e-08
00:30:04;933;8.85656174257318e-07;1.9769770590214704e-06;5.7725727837946285e-05;6.699135597769286e-07;1.091635031096933e-06;1.4114119407357153e-06;1.3466689409663053e-06;7.953063658951784e-07;6.4264422357367e-07;4.1913395477554227e-07;1.093796328177632e-06;1.0229408881976745e-06;6.143875224734979e-07;1.0617510647651072e-06;4.5828403581118304e-07;1.4145352719700712e-06;2.4979416769418073e-06;3.108723409597956e-06;3.112883796693265e-06;2.174490915318598e-06;1.255565847184445e-06;1.0343574294576592e-06;2.4177791290847244e-06;2.3494691809394715e-06;1.0890947071891764e-06;2.342961734835695e-06;9.259209035388014e-07;9.476987985733121e-05;0.00013802548147345456;9.656765871355374e-05;9.899873445690029e-05;7.754332068271449e-05;1.041241403644174e-05;0.0001097767725461787;4.827479236969929e-05;4.086440213955632e-06;5.171632180821932e-06;9.069257498048169e-06;1.2350026255449422e-08
00:30:06;934;8.936168940174773e-07;1.9777933348335335e-06;5.683422568805823e-05;6.715810335723337e-07;1.1105389999114963e-06;1.4147039300027586e-06;1.4040928231812637e-06;8.049280342864956e-07;6.475533947442552e-07;3.8298514852415494e-07;1.094052778957436e-06;1.027177920417702e-06;6.19800098234823e-07;1.0795979186991902e-06;4.663903556286057e-07;1.4169595286585729e-06;2.496004683478854e-06;3.1184161378382383e-06;3.1279191774311713e-06;2.182750808049006e-06;1.2651870225120466e-06;9.891518814157867e-07;2.4192930636039635e-06;2.3591140772416247e-06;1.0812514313881906e-06;2.3514415410824733e-06;9.260303062535369e-07;9.425337426943162e-05;0.00013840297140134636;9.252893279713465e-05;9.166218018375898e-05;7.77513291335236e-05;1.0947087844022457e-05;0.0001101512770453838;4.807776788435281e-05;4.125000081236051e-06;5.043610806151357e-06;9.054916179761195e-06;1.2260630595665763e-08
00:30:08;935;8.84967586323171e-07;1.9742730708319962e-06;5.713878721578757e-05;6.703139118920247e-07;1.1107806314343676e-06;1.4207030417555766e-06;1.349435729138613e-06;8.009199142284212e-07;6.398807272731879e-07;3.80530862376105e-07;1.0926793084080217e-06;1.0039392220985055e-06;6.074738563086803e-07;1.0819106892802985e-06;4.610428551659657e-07;1.4185368903597436e-06;2.5022826893970737e-06;3.1180500662207747e-06;3.1153359642199644e-06;2.167147221215704e-06;1.250067519990059e-06;9.87232262251739e-07;2.4114272382345767e-06;2.3412585102925753e-06;1.0738133930398006e-06;2.3800414625459122e-06;9.260830400371214e-07;9.396575068332454e-05;0.00013548596395963945;9.460726958030022e-05;9.62673537280633e-05;7.747327924016765e-05;1.046304752639499e-05;0.00010994615337408159;4.912996179710536e-05;4.171742687714142e-06;5.00940116018589e-06;9.133033054871434e-06;1.2489797602134741e-08
00:30:10;936;8.829845416452092e-07;1.974832951165371e-06;5.6937737153534564e-05;6.796109322173358e-07;1.1122420945465128e-06;1.4033658818458539e-06;1.3437114578997786e-06;7.953912092194638e-07;6.226124298145599e-07;3.740652973028734e-07;1.1087267764089213e-06;1.0159784005203676e-06;6.104303492984994e-07;1.07418310432453e-06;4.5549628085501065e-07;1.4325247497818285e-06;2.498556902618118e-06;3.1168102378626515e-06;3.1167386381800694e-06;2.162190990999033e-06;1.2419183409707054e-06;9.706459552403488e-07;2.4296312596584643e-06;2.3590205460728795e-06;1.0804347447205306e-06;2.368265497836224e-06;9.212567578334195e-07;9.351944914750319e-05;0.00013572607288058215;9.425864716876246e-05;9.531354541566862e-05;7.677629158212727e-05;1.033040027672663e-05;0.0001097348695750748;4.928293250162655e-05;4.172771601055119e-06;5.057360453469045e-06;9.0668215406693e-06;1.3683699149655505e-08
00:30:12;937;8.873490311826644e-07;1.972831330332858e-06;5.667856648453002e-05;6.66834331349135e-07;1.1073546402264676e-06;1.4287347314931056e-06;1.3781567295852297e-06;8.063423742851487e-07;6.439627967838842e-07;3.824984595522032e-07;1.0774806769637217e-06;1.0192292198916355e-06;6.097963577321831e-07;1.068584463904575e-06;4.5921332899903883e-07;1.4132456430207307e-06;2.4958828960941764e-06;3.115465193055754e-06;3.137458611202914e-06;2.1698215580071045e-06;1.2553943088565989e-06;9.8033981998924e-07;2.4058101485888407e-06;2.3445286330305734e-06;1.0799167817315754e-06;2.346621796231709e-06;9.29489992079687e-07;9.507244095452001e-05;0.0001359754913038145;9.36242735044874e-05;9.113586221816789e-05;7.79001216473877e-05;1.0147475267937652e-05;0.00010990064772877661;4.816309329891181e-05;4.0673790514507475e-06;5.038616264525456e-06;9.10384956392827e-06;1.354701045223446e-08
00:30:14;938;8.77711001818165e-07;1.9712699279611854e-06;5.7007140901938695e-05;6.660663571396568e-07;1.1035511418617199e-06;1.398860507348135e-06;1.3340276401117215e-06;7.851606672301418e-07;6.325853407560735e-07;3.7331418742151096e-07;1.0765885071509471e-06;1.0193172738194212e-06;6.120803641303367e-07;1.0806492258617275e-06;4.5033057372023677e-07;1.4186457692515812e-06;2.5022936364321947e-06;3.107537012614488e-06;3.1113955467649077e-06;2.1718711532460624e-06;1.2451562003915097e-06;9.764627786289912e-07;2.405340119712261e-06;2.354950800485934e-06;1.07622144863439e-06;2.3633457618139984e-06;9.220181703923014e-07;9.36662366555497e-05;0.00013480505388692795;9.58323605771739e-05;9.621969377191535e-05;7.677639221124373e-05;1.0284369267344882e-05;0.00011009956546170008;4.815304603585348e-05;4.1521480346142784e-06;4.957744751855324e-06;9.125929029437273e-06;1.3151139648506523e-08
00:30:16;939;8.832938013337742e-07;1.9729452776429543e-06;5.7667282366493945e-05;6.625857790916583e-07;1.1025878944404999e-06;1.4099160135152353e-06;1.3750746601976454e-06;7.918784496816691e-07;6.419632638406241e-07;3.739923691746906e-07;1.0847113336835563e-06;1.0091414665519045e-06;6.329475825481914e-07;1.0627173244030659e-06;4.5200922354544043e-07;1.4125603999235853e-06;2.50090043877369e-06;3.1188965266077896e-06;3.1102349451810117e-06;2.1632737091841834e-06;1.2615248593486089e-06;9.685448069779375e-07;2.4074889966592493e-06;2.348318448524349e-06;1.099849253944429e-06;2.3602167042945785e-06;9.235335288751598e-07;9.576028487610142e-05;0.00013597758581334208;9.842922151169736e-05;9.857358730209005e-05;7.678537120375447e-05;1.0033804572645058e-05;0.0001097740402267703;4.848285138004353e-05;4.140788015959762e-06;4.9231194659478935e-06;9.113055561280332e-06;1.36784682951208e-08
00:30:18;940;8.876482779514432e-07;1.974658814589607e-06;5.7619024428861486e-05;6.64402940825875e-07;1.118830073032484e-06;1.4135854687195732e-06;1.3525825618320264e-06;8.127851213886443e-07;6.448531361416795e-07;3.946052674518409e-07;1.1008335557056108e-06;1.0102403382526084e-06;6.110571540076457e-07;1.0758191232408298e-06;4.5218435573701754e-07;1.4147904212107658e-06;2.5048546238487022e-06;3.112346109757502e-06;3.113655068347403e-06;2.181288624066112e-06;1.250664384522541e-06;9.98648331849122e-07;2.4252087654001773e-06;2.3450153019186038e-06;1.0765607599532353e-06;2.350724626127505e-06;9.221480827881914e-07;9.395884518136216e-05;0.00013440029483756171;9.72455741209602e-05;0.00010036221383578138;7.791413476724337e-05;1.039032452722545e-05;0.00011018830673320703;4.8680937241549576e-05;4.1942008976302516e-06;4.976198077131118e-06;9.103252217083518e-06;1.4010709602178879e-08
00:30:20;941;8.824911338255571e-07;1.9728930335042627e-06;5.686261884129559e-05;6.738960918991924e-07;1.107698416304779e-06;1.4049860655905955e-06;1.345397507421999e-06;7.845684282450158e-07;6.451112356632326e-07;3.747192315429647e-07;1.0780350767221463e-06;1.0132504619584572e-06;6.298707896671115e-07;1.0797638916315577e-06;4.525961950875189e-07;1.4186050118007211e-06;2.497025745262501e-06;3.1107836352757774e-06;3.1131797451179627e-06;2.1647154763061885e-06;1.2598122110300865e-06;9.728779009290957e-07;2.402662240640467e-06;2.349777670893166e-06;1.1024706824645353e-06;2.3576076057596065e-06;9.251979293631975e-07;9.395801978774315e-05;0.00013423574094636288;9.426364837074028e-05;9.560378317530178e-05;7.695506669979475e-05;1.057598975750769e-05;0.00011028301230201004;4.8086371599074e-05;4.213708891473111e-06;5.063308552029768e-06;9.099850309522848e-06;1.2925703986492917e-08
00:30:22;942;8.865144225176571e-07;1.9701106517643466e-06;5.731405038499504e-05;6.676129223993531e-07;1.1056007064201945e-06;1.4211662318075469e-06;1.3550382336191547e-06;7.949794366640167e-07;6.36970358317254e-07;3.840467251285547e-07;1.0817762853579635e-06;1.0269906111788756e-06;6.168344364984338e-07;1.082795155033461e-06;4.6436168643637643e-07;1.410893576754645e-06;2.4995660344791737e-06;3.1033056863715142e-06;3.110876875751596e-06;2.1639710822351913e-06;1.2555451396306298e-06;9.876773883143306e-07;2.396800233569432e-06;2.346064409813394e-06;1.084897778409983e-06;2.3506142563551122e-06;9.311145298610588e-07;9.52786572137866e-05;0.0001374778344124389;9.583319726438986e-05;9.552996395172999e-05;7.716175486442988e-05;1.0140421116551128e-05;0.00010991138301610798;4.8132561747262556e-05;4.093971662459391e-06;5.0989075083797115e-06;9.096052842142534e-06;1.3899020262047887e-08
00:30:24;943;8.785652411640915e-07;1.9735433466802866e-06;5.776469080406445e-05;6.62560087965664e-07;1.1022857889079902e-06;1.4003850337118706e-06;1.3507882914835663e-06;7.915243381940617e-07;6.314495256373479e-07;3.914302052185095e-07;1.0674164031049764e-06;1.0081917807269747e-06;6.159443289552061e-07;1.0552741303015978e-06;4.655327430214129e-07;1.41211304941252e-06;2.4971252601005025e-06;3.108964378204487e-06;3.107148468419077e-06;2.168994771199311e-06;1.2558310483562977e-06;9.93684411941092e-07;2.407804657518164e-06;2.353355289184797e-06;1.0916502405156211e-06;2.35581850448179e-06;9.300293483411684e-07;9.546663141760772e-05;0.0001366908742324735;9.878249756949498e-05;9.879262300920621e-05;7.688754504999235e-05;9.952433875467112e-06;0.00010998822128406474;4.825027713991451e-05;4.184481615254892e-06;5.0736443087515565e-06;9.093861881774716e-06;1.3198264771174865e-08
00:30:26;944;8.805541159259437e-07;1.973323908058302e-06;5.7460355713063235e-05;6.658890070454504e-07;1.106274228991243e-06;1.4007735368405283e-06;1.3564756516421477e-06;7.897053335299957e-07;6.481310783825542e-07;3.6613394049922476e-07;1.0872381651145184e-06;1.0083694650992407e-06;6.241721277611134e-07;1.06336139295913e-06;4.501252404748806e-07;1.4128229467236383e-06;2.4988170900565196e-06;3.109475620718352e-06;3.1141577713967735e-06;2.179009410196435e-06;1.2615534746134783e-06;9.728287910933479e-07;2.415458314466884e-06;2.3408367580279583e-06;1.0973516174389365e-06;2.358182461095935e-06;9.193919278102471e-07;9.515252574023108e-05;0.00013542708544815062;9.68024011755047e-05;9.899275394619327e-05;7.670856980546571e-05;1.0463480428599111e-05;0.0001096120864795955;4.818991465038941e-05;4.1392083351753015e-06;4.95942563107632e-06;9.06265431885036e-06;1.4162597527546534e-08
00:30:28;945;8.842676588536527e-07;1.9710882563945063e-06;5.7800656086420505e-05;6.833946032100161e-07;1.1071410364655259e-06;1.426683352789837e-06;1.3433342789652287e-06;7.971478677956415e-07;6.323622921058167e-07;3.697479801728127e-07;1.081194033293219e-06;1.0204870830386106e-06;6.187872314342904e-07;1.0716441450594774e-06;4.5928775405101874e-07;1.4321089588808223e-06;2.499302780374301e-06;3.119703110257168e-06;3.1082963543460346e-06;2.1730071193239464e-06;1.2463208795912877e-06;9.775401423799458e-07;2.4002942718883027e-06;2.341475385923953e-06;1.083803862790854e-06;2.3438239487646407e-06;9.273817326336225e-07;9.321887985477823e-05;0.00013553586352850654;0.00010041569625108147;0.00010212542248322256;7.681213285531278e-05;9.620233372296395e-06;0.00010977266036294336;4.792835488731399e-05;4.1291352997667065e-06;4.982459980931931e-06;9.053363688346896e-06;1.3670472545316697e-08
00:30:30;946;8.86481689509434e-07;1.9712130428091815e-06;5.737919058827243e-05;6.642759714817456e-07;1.1165041197842966e-06;1.4176110679674603e-06;1.3628827127056617e-06;8.103978585567844e-07;6.367591698364095e-07;3.9169100506487486e-07;1.0793470134632086e-06;1.015062364505649e-06;6.128656698901512e-07;1.0698431207600834e-06;4.6053993424893297e-07;1.4122898015050885e-06;2.5014460377377283e-06;3.1061764574691483e-06;3.1147217818722277e-06;2.177650158852044e-06;1.2501808765603216e-06;9.943325916900662e-07;2.3980928011076664e-06;2.3484366295898454e-06;1.076321616092403e-06;2.3519431907297524e-06;9.229639045724405e-07;9.503113295406778e-05;0.0001359250168906928;9.69753328424611e-05;9.709912413752295e-05;7.740961430115014e-05;1.0256723901352963e-05;0.00010994311113569665;4.76450266577703e-05;4.175971096125679e-06;5.0076547098782294e-06;9.067812264186575e-06;1.3766168364160496e-08
00:30:32;947;8.801395496860209e-07;1.970896804881635e-06;5.7732152011715324e-05;6.742661234601403e-07;1.121596760275426e-06;1.4168190980838475e-06;1.3424288278168268e-06;7.86751976617433e-07;6.454553191723924e-07;3.705636714651012e-07;1.0699971642451218e-06;1.009026644985508e-06;6.067487029571726e-07;1.065063721742118e-06;4.529562826230657e-07;1.4266869716784294e-06;2.5087382899856275e-06;3.110878452976585e-06;3.1099805802355897e-06;2.1684973035007715e-06;1.2500183871291287e-06;9.702286774162405e-07;2.403174060222964e-06;2.3544374137519657e-06;1.0783703047148068e-06;2.3467786955803557e-06;9.229716985966569e-07;9.245905325266327e-05;0.00013590369990171294;9.833099756406987e-05;0.00010232067784772284;7.686916563128978e-05;1.0220426479245721e-05;0.00010975716643114755;4.88220071332754e-05;4.137010474021131e-06;4.92552934007325e-06;9.02618815798959e-06;1.3901927372401696e-08
00:30:34;948;8.831059027481946e-07;1.9686005854757377e-06;5.774664769896859e-05;6.690222674642466e-07;1.1162116425499458e-06;1.4302013406302712e-06;1.3594376756419602e-06;7.88724590649149e-07;6.3702249253339e-07;3.770470817989555e-07;1.0787312589854992e-06;1.017204878712102e-06;6.050866333641057e-07;1.060675059460049e-06;4.579056469555809e-07;1.4219155869059135e-06;2.501339491584675e-06;3.11923160057355e-06;3.1031665883669513e-06;2.161289243551575e-06;1.2487276846306625e-06;9.751490991571768e-07;2.4030092171864154e-06;2.3408154582952355e-06;1.0773161226454618e-06;2.350000874132461e-06;9.212452056677256e-07;9.325284375171297e-05;0.00013513718691913703;9.849647146835318e-05;0.00010239734958782267;7.648606169461017e-05;1.0188967441187546e-05;0.00011012990579790335;4.86097148257163e-05;4.1262210549376535e-06;5.060762397537783e-06;9.060425191645142e-06;1.3862257059296366e-08
00:30:36;949;8.847639155459578e-07;1.9753279335832935e-06;5.74140141908428e-05;6.58034878102272e-07;1.1005907621223927e-06;1.408012722899214e-06;1.3373334116066489e-06;7.85875353762319e-07;6.488052735872688e-07;3.9036997198396956e-07;1.0868873648368032e-06;1.0083863331415572e-06;6.376221117967227e-07;1.070396473517638e-06;4.848520863586326e-07;1.4115606716908978e-06;2.500510622436955e-06;3.1097617114868673e-06;3.106889204866116e-06;2.1633394280912928e-06;1.2644475695012688e-06;9.893411160353222e-07;2.400505769700534e-06;2.349046801238636e-06;1.1100137444257978e-06;2.353388055458317e-06;9.451299448499735e-07;9.500970174847474e-05;0.00013465911189238126;9.495314197976381e-05;9.979844497692165e-05;7.636798447027106e-05;1.1170975353383625e-05;0.0001100800621420372;4.848606319632612e-05;4.113367600233232e-06;5.2150825532816156e-06;9.100695682064298e-06;1.3538694974976217e-08
00:30:38;950;8.778025199647614e-07;1.9709754229276043e-06;5.7353004518771585e-05;6.686033708902528e-07;1.1124360739245276e-06;1.386462727817869e-06;1.3299257803305926e-06;7.925970336214955e-07;6.338976855343762e-07;3.721970035407519e-07;1.075248786331816e-06;1.0309947844142833e-06;6.130992153963177e-07;1.059798120453789e-06;4.583693737297329e-07;1.416659968158398e-06;2.499778188509101e-06;3.1097395871648023e-06;3.108854709261081e-06;2.168080249812422e-06;1.2500166825460998e-06;9.767777584461847e-07;2.400248732394889e-06;2.3639703529832195e-06;1.0828387327727555e-06;2.3510493445175162e-06;9.236901778249491e-07;9.431943717268906e-05;0.00013462519743422737;9.569857543053326e-05;9.833355694588784e-05;7.794385814264892e-05;1.0610851770963527e-05;0.00011000385009026775;4.8358461054306516e-05;4.166722097704954e-06;5.078649825114399e-06;9.083520887856966e-06;1.337337305871289e-08
00:30:40;951;8.783084693481608e-07;1.9706784311743323e-06;5.7022429038540044e-05;6.604687566151441e-07;1.096523410979635e-06;1.4157217699564937e-06;1.3496291775474198e-06;7.848702669606538e-07;6.336730220142655e-07;3.795221311967109e-07;1.0807931725344908e-06;1.0183362353770193e-06;6.078241359119829e-07;1.0623803704231962e-06;4.4995889539575534e-07;1.4129552853981156e-06;2.496514476845306e-06;3.110802561975647e-06;3.1175038628456998e-06;2.162855435880708e-06;1.2463586955751062e-06;9.856509359019871e-07;2.4088145463320883e-06;2.3579099192081427e-06;1.0827100917986518e-06;2.3446061271598307e-06;9.214583933124784e-07;9.385428530908616e-05;0.00013562492731738931;9.567706109918898e-05;9.566807574810923e-05;7.6886054444593e-05;1.0031957944141357e-05;0.00011011009352297466;4.8183396745998836e-05;4.13812331155357e-06;5.00643932008732e-06;9.075624966274435e-06;1.3108733083356666e-08
00:30:41;952;8.838711965966891e-07;1.9721313633511537e-06;5.725317586203813e-05;6.837205596435777e-07;1.1044287317412744e-06;1.4150494580533746e-06;1.3513033735211943e-06;7.920149399351121e-07;6.433958200153195e-07;3.7096486579538374e-07;1.0739386731825364e-06;1.0261333796809682e-06;6.169198231053098e-07;1.0654013211854683e-06;4.6318315312503117e-07;1.4353238154249487e-06;2.500604599718608e-06;3.113760578367252e-06;3.1160964456980363e-06;2.1597024048292674e-06;1.2549137301292935e-06;9.747049340361788e-07;2.409121123756576e-06;2.3445168225511156e-06;1.0786837465217749e-06;2.346952699761321e-06;9.311949445907862e-07;9.297371018367573e-05;0.00013419238009832862;9.670806425092866e-05;9.931041982456232e-05;7.659361322452138e-05;1.0294997170766898e-05;0.0001097693409637099;4.8851913580770364e-05;4.1770996596148925e-06;5.0643748970884515e-06;9.088766778721042e-06;1.3429711769356366e-08
00:30:43;953;8.811357616070578e-07;1.9704468554031153e-06;5.7331118459629764e-05;6.736343730102073e-07;1.094056604422633e-06;1.4286141765331515e-06;1.3401149590434742e-06;7.994281893433904e-07;6.361980376048202e-07;3.679938333248342e-07;1.0756498450735885e-06;1.0227132456464005e-06;6.160258379769604e-07;1.0639478083198448e-06;4.55251991700449e-07;1.416887607342975e-06;2.4965725506723473e-06;3.1244613922618683e-06;3.106456711353945e-06;2.1702136610322587e-06;1.245453474922802e-06;9.735298420574635e-07;2.404163506992207e-06;2.3511562173403437e-06;1.0800903944844414e-06;2.3533538688188625e-06;9.230223748643398e-07;9.560403011703799e-05;0.00013455427280600776;9.640573633138028e-05;9.776546520170035e-05;7.71743235854779e-05;1.00790368824796e-05;0.0001096509512441854;4.8453718045608444e-05;4.149402288088225e-06;5.042284266355922e-06;9.080641075949041e-06;1.3559671286260179e-08
00:30:45;954;8.841913376820478e-07;1.9727540463083894e-06;5.6604187974488116e-05;6.661553216521813e-07;1.0969228013186176e-06;1.401996725663485e-06;1.3725977989764715e-06;7.95754133294095e-07;6.343873140337373e-07;3.7466959908320646e-07;1.0822851495814492e-06;1.0221213920499652e-06;6.291954599355811e-07;1.0721047736048852e-06;4.621053276295099e-07;1.4131486393666761e-06;2.4930721185481597e-06;3.1160534519263427e-06;3.122507796203386e-06;2.1626431170768194e-06;1.2466906330793122e-06;9.745388868545484e-07;2.4042246777062707e-06;2.345521740803806e-06;1.1030522841792845e-06;2.3621407072374794e-06;9.294535903457392e-07;9.574235125287992e-05;0.00013434826283296582;9.440416251670886e-05;9.126231244391214e-05;7.729517147609878e-05;9.699088014029643e-06;0.00011014522988492949;4.796543106676151e-05;4.164601264423956e-06;5.094264000705951e-06;9.116308745177318e-06;1.3072195264161616e-08
00:30:47;955;8.798051831313749e-07;1.9707053188309906e-06;5.751178375266454e-05;6.668477672278073e-07;1.0974788819143297e-06;1.416287697463371e-06;1.3409803137808363e-06;7.92170925139663e-07;6.341758785585486e-07;3.696596274537324e-07;1.065958566425319e-06;1.0246683772989358e-06;6.184499790668435e-07;1.066332529265811e-06;4.6465139990171556e-07;1.4193808956866932e-06;2.5023623478934693e-06;3.109152108272265e-06;3.1119723621198813e-06;2.1552897365675366e-06;1.2481334910193301e-06;9.745707260047115e-07;2.402375447603891e-06;2.362121227933234e-06;1.0831359152033184e-06;2.345433011824649e-06;9.34535630158625e-07;9.497401976841178e-05;0.00013604536470287372;9.767933330667604e-05;9.809579684166199e-05;7.690640329976769e-05;9.892246597769995e-06;0.00011004164273128749;4.822195667022394e-05;4.129770467468826e-06;5.038416898154706e-06;9.102358089074198e-06;1.4095658604164151e-08
00:30:49;956;8.796086635630797e-07;1.970229009835932e-06;5.713358214970205e-05;6.739483844936894e-07;1.1011036497941198e-06;1.4096157878123512e-06;1.3489572696847383e-06;7.892262988191073e-07;6.457129190128409e-07;3.705806568075267e-07;1.0704645983365553e-06;1.020560642944252e-06;6.116781801876218e-07;1.054108571581351e-06;4.5934670491541074e-07;1.4239415136965166e-06;2.5004627703517917e-06;3.110499366374813e-06;3.1071710071944238e-06;2.165871182160693e-06;1.2559922246325613e-06;9.732158645552382e-07;2.401045595100105e-06;2.3477224963647166e-06;1.0837268262870957e-06;2.3488811623942237e-06;9.242174796839473e-07;9.386339225029298e-05;0.00013567844054950063;9.462862888746302e-05;9.718607351566431e-05;7.705292529049996e-05;1.0749663514390812e-05;0.00010995390540406773;4.820842822418354e-05;4.131005243466322e-06;5.036396252238931e-06;9.100469932261054e-06;1.3656732395323363e-08
00:30:51;957;8.827914536753538e-07;1.972101624889109e-06;5.7755747314283005e-05;6.695555932316339e-07;1.0945830655599438e-06;1.416366011626606e-06;1.3530956648466486e-06;7.934818918687757e-07;6.350264632521369e-07;3.807609722870289e-07;1.0821429448687974e-06;1.0249095984026335e-06;6.15605485295005e-07;1.0615689547612626e-06;4.6640051965983853e-07;1.4134760689719056e-06;2.4998069296929363e-06;3.1056452607566527e-06;3.1108869377562713e-06;2.168707890379227e-06;1.2468468575023025e-06;9.79935868708938e-07;2.409051594901329e-06;2.3485907558430962e-06;1.0887779979649293e-06;2.3625047080276077e-06;9.309877654393144e-07;9.495892989154737e-05;0.00013521147536823175;9.781830749539788e-05;0.00010011866083091072;7.772547591232091e-05;1.0011300615360038e-05;0.000110010243970247;4.895335992963373e-05;4.096584543699562e-06;5.037944576979144e-06;9.11248327347648e-06;1.4201363591508122e-08
00:30:53;958;8.806348213884586e-07;1.9687296301100694e-06;5.7712267250188246e-05;6.658862747260291e-07;1.0898184984352677e-06;1.4250064082268274e-06;1.3618835379021603e-06;7.881591222093995e-07;6.340064913472205e-07;3.6869383225234353e-07;1.090606533567366e-06;1.012466028672453e-06;6.244535682078187e-07;1.056153515431969e-06;4.504837995562964e-07;1.4149635122993448e-06;2.4977249509741145e-06;3.106460510509028e-06;3.1070987599285884e-06;2.165140983834135e-06;1.2472010790657758e-06;9.721068584474755e-07;2.4070270812812906e-06;2.344611340924553e-06;1.0904834365232366e-06;2.3451510914922817e-06;9.267852365040579e-07;9.523311151364858e-05;0.0001366135000043078;9.900262744767215e-05;9.830492118583308e-05;7.682760969242021e-05;9.824133780771064e-06;0.000110290651823572;4.811002507096224e-05;4.153453022156398e-06;5.0572076129078284e-06;9.116210763082729e-06;1.375508492501816e-08
00:30:55;959;8.828477185670894e-07;1.9685296060340045e-06;5.787293189674786e-05;6.677900386200328e-07;1.1009938870093998e-06;1.4126950610527833e-06;1.3630756521074907e-06;8.079844806955934e-07;6.352983694264807e-07;3.79134850968622e-07;1.0700137330520543e-06;1.0287367519462072e-06;6.078343090672305e-07;1.0685308224496608e-06;4.520844028829432e-07;1.4144081341086509e-06;2.500127992835253e-06;3.1100089012098476e-06;3.108561633227878e-06;2.1740340381383466e-06;1.2420321695572056e-06;9.798661513350107e-07;2.3995474932718614e-06;2.3461656875169173e-06;1.0766968812334463e-06;2.3482527821434366e-06;9.226528098949955e-07;9.553192277114575e-05;0.00013598307068928616;9.99260605837097e-05;9.974551424839552e-05;7.680327373778964e-05;9.789091308479912e-06;0.00011014649830942604;4.8359035624328766e-05;4.1626363521472435e-06;4.910972450435237e-06;9.10305270252819e-06;1.4053983301959825e-08
00:30:57;960;8.81040172292816e-07;1.9713493648402008e-06;5.7274478352650284e-05;6.800859668955959e-07;1.0960923141244516e-06;1.4110185376478315e-06;1.3439619229222382e-06;7.827228853749737e-07;6.374113197260556e-07;3.72631748427307e-07;1.0866132192013176e-06;1.0097217352334942e-06;6.21613273703177e-07;1.063377904034465e-06;4.6723096862196073e-07;1.4238168352123836e-06;2.4957413056136266e-06;3.10618088406045e-06;3.1168435812048036e-06;2.156397527017626e-06;1.2546692185228321e-06;9.77631211653025e-07;2.4042375861991107e-06;2.3462099519908603e-06;1.0964449390047765e-06;2.3466867013425306e-06;9.313319365107038e-07;9.374651652021947e-05;0.00013505839771121248;9.620845648647686e-05;9.816022937964784e-05;7.722758331778735e-05;1.0319184840629762e-05;0.00011015874045280505;4.8097724042631295e-05;4.118207034202761e-06;5.080210133291902e-06;9.104577862615724e-06;1.391245028285233e-08
00:30:59;961;8.788295749310877e-07;1.9731344050514848e-06;5.824192632673798e-05;6.738745324177196e-07;1.0988291462187372e-06;1.403616001205421e-06;1.3576573800542426e-06;7.879726580723395e-07;6.348410975495514e-07;3.6202663465025675e-07;1.0775169894924632e-06;1.0131408689773025e-06;6.102373742887902e-07;1.0732287221754626e-06;4.530132770524437e-07;1.4184075089821207e-06;2.5019525370640344e-06;3.1136812364671133e-06;3.1132185569409165e-06;2.1739865918720217e-06;1.2526361006799745e-06;9.725271831507886e-07;2.407698235125465e-06;2.3491227368508645e-06;1.0804857505361355e-06;2.3691826628018583e-06;9.247130614761474e-07;9.427212252445774e-05;0.0001363758692222942;0.00010099138108309387;0.00010334270601166196;7.738749925384966e-05;1.0081137863287828e-05;0.0001099210700193235;4.826701690614424e-05;4.1158729009471745e-06;5.0317341860730055e-06;9.102751987338955e-06;1.3953962383658748e-08
00:31:01;962;8.7719395044675e-07;1.9697764916105093e-06;5.7669980050365786e-05;6.673105110104932e-07;1.1051759515626456e-06;1.4099533150710188e-06;1.3435179788084446e-06;7.922765096908662e-07;6.319731923231199e-07;3.779146194972004e-07;1.0669960761398236e-06;1.0113218141715274e-06;6.06471771025241e-07;1.061076241416391e-06;4.523391599468725e-07;1.4200204215647986e-06;2.4995164123331188e-06;3.10936621944269e-06;3.111698725096855e-06;2.168178552950204e-06;1.2542822681017598e-06;9.776728602503946e-07;2.4033736410642688e-06;2.345283515072119e-06;1.0773269782993902e-06;2.34457930138335e-06;9.260182993404922e-07;9.408450159794677e-05;0.00013580007483369457;9.791416063682589e-05;9.978381217125321e-05;7.777008632068685e-05;1.0104743589081251e-05;0.00011002013746996875;4.8426034213070555e-05;4.102642596581075e-06;4.9483877302237625e-06;9.071134637100932e-06;1.4044807955774316e-08
00:31:03;963;8.805431980330912e-07;1.9706601347888287e-06;5.7215804663835584e-05;6.635207635451547e-07;1.1071931060868678e-06;1.4118394167700836e-06;1.3382130063471271e-06;7.988186866728338e-07;6.320261038568602e-07;3.776209852893428e-07;1.0743528236338435e-06;1.0220539379672418e-06;6.174125066962042e-07;1.0708794898920102e-06;4.5258727264897336e-07;1.4165238051450442e-06;2.5039982698286575e-06;3.107298181032691e-06;3.1116447166535676e-06;2.1694915855583023e-06;1.2496680632973005e-06;9.822711445803512e-07;2.4037092777079227e-06;2.3503699649269567e-06;1.0815921745855616e-06;2.346027153629321e-06;9.253263278533499e-07;9.366083751093161e-05;0.0001344600441197201;9.641752488154911e-05;9.810642833511732e-05;7.710465738346494e-05;1.0094050552908732e-05;0.00011006992671254418;4.8414351740869755e-05;4.146119456976727e-06;5.011292487658793e-06;9.090636806820526e-06;1.3785977465297184e-08
00:31:05;964;8.815653743161017e-07;1.9714331376488625e-06;5.686364193303376e-05;6.685307497488292e-07;1.0937168421840873e-06;1.4133772093704133e-06;1.3740281699496522e-06;7.825269199896406e-07;6.400210691930913e-07;3.690766038041718e-07;1.0807669124091035e-06;1.0152595854926651e-06;6.120812739076407e-07;1.0694591985327406e-06;4.5993968464133867e-07;1.4154776113748913e-06;2.4967139828547688e-06;3.111802007430314e-06;3.114644020075226e-06;2.163153230637213e-06;1.2542238539337425e-06;9.737499645993172e-07;2.410899571570346e-06;2.343311543479069e-06;1.0867768534658757e-06;2.3579004371502472e-06;9.285438261773793e-07;9.474829494851373e-05;0.00013485900818602546;9.379798660217375e-05;9.452590117516423e-05;7.6766047908328e-05;1.0270131675791947e-05;0.00011007442192139351;4.8995522546508994e-05;4.153761369217216e-06;5.035256369719749e-06;9.123871468921078e-06;1.3499024647638839e-08
00:31:07;965;8.80399344296088e-07;1.96842529476271e-06;5.736251497564067e-05;6.703004307969965e-07;1.0992430681255883e-06;1.4101956650494882e-06;1.3555507109524518e-06;7.853224816707764e-07;6.414183724358999e-07;3.6567696864492855e-07;1.0798651945975735e-06;1.0169083575206628e-06;6.085310302126536e-07;1.0690868196373449e-06;4.6269276773616946e-07;1.4153181958055386e-06;2.497602461321376e-06;3.1048013820682057e-06;3.1078435698919415e-06;2.1678386199514364e-06;1.2507214610713727e-06;9.796567203926614e-07;2.4000307932879024e-06;2.349293147664314e-06;1.077597316245512e-06;2.344994928949469e-06;9.254041601649723e-07;9.503583383708473e-05;0.00013516860842822614;9.630908423105204e-05;9.735173552941474e-05;7.741492811433097e-05;1.0117546305577005e-05;0.00011008069140211795;4.865984216473641e-05;4.118432626854072e-06;5.001217694217377e-06;9.078506721892556e-06;1.3752652184305251e-08
00:31:08;966;8.802500566835131e-07;1.9687675597807254e-06;5.7754194636948e-05;6.685765252937999e-07;1.1079127493409466e-06;1.4194336455310783e-06;1.3418142488028841e-06;7.865263534205398e-07;6.348673793141948e-07;3.745012932492903e-07;1.0763910200333788e-06;1.0149313027179636e-06;6.146296584817115e-07;1.055753239821332e-06;4.6766299525864824e-07;1.416208872457521e-06;2.4994171147952756e-06;3.1076515283587733e-06;3.1101685635803733e-06;2.158546798270862e-06;1.2503496166089785e-06;9.72614513709888e-07;2.407389822881761e-06;2.3469140922868606e-06;1.0839892306188332e-06;2.341899410486251e-06;9.300606269720493e-07;9.501233424616845e-05;0.00013613296038269605;9.774883264359528e-05;9.956827751429889e-05;7.732075143399502e-05;1.013824362961948e-05;0.00011007693887709987;4.879773984465994e-05;4.111685567625031e-06;5.022998590645867e-06;9.10587875687806e-06;1.3694156094147946e-08
00:31:10;967;8.790327969359685e-07;1.969349220497504e-06;5.7228864226786016e-05;6.692922264083346e-07;1.1162232563709618e-06;1.418948330550956e-06;1.3255898409654647e-06;7.968270553685127e-07;6.281641470822824e-07;3.797219428084117e-07;1.0738427952910519e-06;1.0068035370251622e-06;6.082177542620183e-07;1.0649063299051809e-06;4.5985607798438755e-07;1.41870133549236e-06;2.4976248115780423e-06;3.1090051183864604e-06;3.1114292067033167e-06;2.1638984996651384e-06;1.247873788548831e-06;9.804486963626982e-07;2.3982667477256757e-06;2.3467793014304654e-06;1.0781815644171546e-06;2.3527160137055495e-06;9.272647978061194e-07;9.473107913455485e-05;0.00013460258415446926;9.622335170749328e-05;9.707799793996464e-05;7.739098731634603e-05;1.0025931108973485e-05;0.00011007299879518153;4.8383229855993465e-05;4.077321815482052e-06;5.034491961591219e-06;9.112721041625221e-06;1.3675889756987568e-08
00:31:12;968;8.754046118300803e-07;1.9692786281666486e-06;5.757543181756383e-05;6.620497407264477e-07;1.086115767424577e-06;1.4023680923584565e-06;1.3491048952732596e-06;7.858258185177259e-07;6.358215243196241e-07;3.7781276257026714e-07;1.0647952631130537e-06;1.011259897073816e-06;6.142692493246474e-07;1.0555889693655083e-06;4.5984314005083476e-07;1.414186087165231e-06;2.497336658616635e-06;3.109164302984453e-06;3.1077652094401992e-06;2.166458032897475e-06;1.2539428546086681e-06;9.800772242606745e-07;2.4039274398713628e-06;2.342154797174138e-06;1.0819423257285225e-06;2.3478197806381804e-06;9.26567902887413e-07;9.519580207109117e-05;0.0001354930685119333;9.730770245467759e-05;9.86253711067686e-05;7.695704006990525e-05;1.0185603959083081e-05;0.00011020706650981542;4.8694171206341454e-05;4.138230039025367e-06;4.973368954395201e-06;9.11425684323636e-06;1.3500084493035954e-08
00:31:14;969;8.800920056567013e-07;1.9690777708667984e-06;5.73149532367675e-05;6.622306872165624e-07;1.0852231275231878e-06;1.4077829555829298e-06;1.3581902334923834e-06;7.951983226238791e-07;6.340975054525638e-07;3.856354927106958e-07;1.0797076294043573e-06;1.0159616051068228e-06;6.188433220008253e-07;1.0638233523187843e-06;4.544095977478755e-07;1.4135280684680351e-06;2.4963347494674596e-06;3.1038722785455367e-06;3.1102642936540306e-06;2.1697796305891677e-06;1.2511832663601782e-06;9.815721101185311e-07;2.4023295656108897e-06;2.3488411949949317e-06;1.0835423082322518e-06;2.342658150684909e-06;9.250269216938503e-07;9.492285079519556e-05;0.00013563927871762004;9.574419717940821e-05;9.678974617514283e-05;7.742994814148574e-05;1.047212145649698e-05;0.00011011104165357054;4.840511083595998e-05;4.1678632432486915e-06;5.015290751269726e-06;9.068109066842468e-06;1.3880824969343614e-08
00:31:16;970;8.839774212823024e-07;1.971109802208865e-06;5.756176496672083e-05;6.71829233255362e-07;1.0979173258621442e-06;1.4102932580942449e-06;1.355723577441252e-06;7.977588013216322e-07;6.433317275264275e-07;3.807075204380213e-07;1.0762034792222153e-06;1.031213551721583e-06;6.222879946691442e-07;1.0588743217193104e-06;4.6158798787261773e-07;1.4261549187169663e-06;2.4971195771976902e-06;3.1049240199455557e-06;3.11149958029494e-06;2.165020985937846e-06;1.2550556616703563e-06;9.758113177915359e-07;2.406868282355102e-06;2.348486125097397e-06;1.0889459781825695e-06;2.3462968936402395e-06;9.271337658107388e-07;9.443553736452996e-05;0.00013537977477635232;9.654140129563353e-05;9.912365100418617e-05;7.770248478080763e-05;1.0400547359811192e-05;0.00011005663523018995;4.8805551904961874e-05;4.151800444888206e-06;5.0514253888048946e-06;9.078649679915924e-06;1.3720370568342209e-08
00:31:18;971;8.742330904451282e-07;1.9699915597650746e-06;5.751767468820833e-05;6.69132018561346e-07;1.1000658297823727e-06;1.3943980924257071e-06;1.339906676036471e-06;7.837621399967273e-07;6.285667392640965e-07;3.6764266647166205e-07;1.0773963331186822e-06;1.0001571263306242e-06;6.099023416003294e-07;1.06485938644596e-06;4.550074431170453e-07;1.4183894536414945e-06;2.4994477238970267e-06;3.1072385918608383e-06;3.108636994649622e-06;2.168630998502395e-06;1.2469593520673019e-06;9.776697417772637e-07;2.409970689665057e-06;2.343326894080309e-06;1.079266187936142e-06;2.358419859360132e-06;9.219415612934898e-07;9.445965238244425e-05;0.00013439361565265867;9.716209056587449e-05;9.939669001138281e-05;7.764340519156655e-05;1.008330788260152e-05;0.0001100603085012104;4.8723196607923356e-05;4.1405221477090246e-06;5.031979352974194e-06;9.10358053035324e-06;1.3747431801330751e-08
00:31:20;972;8.755777189344888e-07;1.9702980940173456e-06;5.759655721449691e-05;6.696506971967412e-07;1.0919437067678153e-06;1.4171579966092518e-06;1.3346349787759302e-06;7.833516108103243e-07;6.310916230812712e-07;3.682811102341658e-07;1.0715038757683457e-06;1.013501954038144e-06;6.115792605272801e-07;1.0490329807246532e-06;4.652025713334431e-07;1.4223151378580123e-06;2.4953551459636597e-06;3.1087413534103552e-06;3.109387037085658e-06;2.1703540038357413e-06;1.2521977307095526e-06;9.741453965621595e-07;2.409990970533462e-06;2.3452581974450803e-06;1.0797008033627714e-06;2.347521770020591e-06;9.286091633701381e-07;9.461583125147022e-05;0.00013607942115002614;9.772800496716925e-05;9.826574216057255e-05;7.725565470040103e-05;1.0129229456874392e-05;0.00011005386710926294;4.8728193158764454e-05;4.1740274181220756e-06;5.024226880060186e-06;9.090957105006794e-06;1.353121623298468e-08
00:31:22;973;8.756001177445683e-07;1.9693715606806536e-06;5.713711106304563e-05;6.613235924939948e-07;1.0983899939082613e-06;1.4018771556933984e-06;1.3644082229288559e-06;7.875310354954479e-07;6.284323964645854e-07;3.737184415264494e-07;1.0703946941732894e-06;9.920481072986123e-07;6.118812889901257e-07;1.0635771207583906e-06;4.536191077309969e-07;1.4124430233003963e-06;2.496185328985846e-06;3.1088385455830896e-06;3.114932614832319e-06;2.1669595141731086e-06;1.2471235194586567e-06;9.816923411447913e-07;2.4030548775620365e-06;2.342411814332749e-06;1.0787144311749056e-06;2.3543403482177335e-06;9.257618164380652e-07;9.467842372311243e-05;0.00013515195222729004;9.546131086173116e-05;9.616324465150379e-05;7.712184394505377e-05;1.0257499813243038e-05;0.00011004399155054607;4.851240428058051e-05;4.153504291941227e-06;5.006389892657256e-06;9.081314656887843e-06;1.3452862000517268e-08
00:31:24;974;8.825875972688508e-07;1.9684914849665204e-06;5.729024060374026e-05;6.578664614680979e-07;1.1027558788547573e-06;1.4290814367838451e-06;1.3629019906990048e-06;7.838545401852379e-07;6.354825716153362e-07;3.8569805565541965e-07;1.0814541478897477e-06;1.0200317193726443e-06;6.077637657384762e-07;1.0632576626014931e-06;4.609026750963933e-07;1.4121515273703303e-06;2.4938124688215115e-06;3.109662452804019e-06;3.1109913857395855e-06;2.167590193344443e-06;1.2489162198602847e-06;9.848542750268843e-07;2.4027224558094646e-06;2.3435638706958553e-06;1.078792632608982e-06;2.3460040334681206e-06;9.228355463763571e-07;9.544014827374058e-05;0.00013528925711693495;9.621840981929346e-05;9.632118224454088e-05;7.712047295407477e-05;1.016148214275752e-05;0.00011001363748643493;4.869364659678585e-05;4.134943448947896e-06;4.990576977927376e-06;9.085390921135146e-06;1.37392623096479e-08
00:31:26;975;8.819019627701798e-07;1.9683409276165296e-06;5.7310253067275365e-05;6.730992300499591e-07;1.1017865279521806e-06;1.425810869936196e-06;1.3519894199731652e-06;7.921716101674551e-07;6.411939383887955e-07;3.713969890416603e-07;1.0832055484496808e-06;1.0093533059060436e-06;6.058900331350582e-07;1.0676117669109173e-06;4.5931407701502924e-07;1.4138151788204055e-06;2.4953118816460742e-06;3.111690493594174e-06;3.1083073287235595e-06;2.165195505307266e-06;1.2459055132170808e-06;9.713156099292927e-07;2.4027447600157663e-06;2.3432628912688197e-06;1.0784622766469867e-06;2.3547643929270656e-06;9.293146103452353e-07;9.435815847322908e-05;0.00013574937003136558;9.679495093854496e-05;9.723207546223173e-05;7.66845294609738e-05;9.900347230640096e-06;0.00010997713220363238;4.8780973420500784e-05;4.114646969611874e-06;5.023184368760271e-06;9.094031126902911e-06;1.3637120910840757e-08
00:31:28;976;8.778980836025725e-07;1.9694366543101554e-06;5.7233570969610505e-05;6.594536147859613e-07;1.0985910456895454e-06;1.4050062947422826e-06;1.3453191616880582e-06;7.933879209771016e-07;6.295034225606794e-07;3.75891108804861e-07;1.0706534068205542e-06;1.0237543263226134e-06;6.176590346659597e-07;1.0622457716668132e-06;4.5331162704362077e-07;1.4140917155773307e-06;2.496536604045519e-06;3.1087798428807564e-06;3.108743661684883e-06;2.1664255091079063e-06;1.2485450798245622e-06;9.796949249264316e-07;2.400742141905044e-06;2.3531401663454236e-06;1.0841603789576535e-06;2.3485077630124856e-06;9.23871261529942e-07;9.475176232531725e-05;0.00013543057841032134;9.580996460439163e-05;9.656631951755168e-05;7.720410366498567e-05;1.0203314609132508e-05;0.00010996835294686455;4.857574256699738e-05;4.129864374332685e-06;5.0572231307981205e-06;9.092105715214398e-06;1.3519769418894882e-08
00:31:29;977;8.802883469433648e-07;1.9689799627704367e-06;5.7425818591521804e-05;6.685143287428601e-07;1.1089100213432992e-06;1.3984771343380296e-06;1.3496490149316804e-06;7.837483927307755e-07;6.338638637405257e-07;3.6847052942157177e-07;1.089571462629315e-06;1.0090271472907764e-06;6.182893642322799e-07;1.0713594164551472e-06;4.635792493717423e-07;1.4150291729239615e-06;2.497497358559439e-06;3.1079057350060665e-06;3.106019834422689e-06;2.1608569090570695e-06;1.2513166498023036e-06;9.763032087189631e-07;2.4032489654582836e-06;2.345765458041477e-06;1.0841516718410506e-06;2.3507847837335466e-06;9.288789030212879e-07;9.488565082189683e-05;0.00013525475348164686;9.628765851775426e-05;9.844004619083824e-05;7.684037787786636e-05;1.0422117568793962e-05;0.00011018454095763101;4.8514102399709965e-05;4.142341435437947e-06;5.019505968156912e-06;9.105462805053863e-06;1.3265073475396666e-08
00:31:31;978;8.836558703348177e-07;1.968760173014421e-06;5.722125307270785e-05;6.690128735442613e-07;1.1030701685803153e-06;1.4223672332068882e-06;1.3752897312293364e-06;7.864082721989715e-07;6.312141671167963e-07;3.753872955309328e-07;1.0755619343040157e-06;1.0316408039753613e-06;6.058515608390022e-07;1.0678442103895236e-06;4.602219321394394e-07;1.4115338394385848e-06;2.4972574937225857e-06;3.106015885603921e-06;3.1105715042710322e-06;2.1641108695561505e-06;1.2488737592654697e-06;9.767932346066223e-07;2.4010277908778736e-06;2.3527118619773618e-06;1.0794465902396455e-06;2.3543982090618385e-06;9.22380395365243e-07;9.481845525916472e-05;0.00013482495127419984;9.604317429849179e-05;9.677087221373679e-05;7.722933445263737e-05;1.0240410538152712e-05;0.00011018232146159967;4.829665657899696e-05;4.164842532487895e-06;4.971259420037991e-06;9.099297617058889e-06;1.3461225929535901e-08
00:31:33;979;8.827443463068427e-07;1.968397487537833e-06;5.762542884407135e-05;6.656915010742766e-07;1.1011841659131443e-06;1.4224860932801873e-06;1.3485849318070367e-06;7.905529651918254e-07;6.324675219508564e-07;3.772214790027045e-07;1.088769058829345e-06;1.0134973254981683e-06;6.180631865294505e-07;1.0782738282861197e-06;4.56139810266588e-07;1.4128348514624363e-06;2.4938616016824416e-06;3.106702231751207e-06;3.108253780783919e-06;2.1667985818198703e-06;1.24930269106975e-06;9.775959683735627e-07;2.4066301775056224e-06;2.3466226395290112e-06;1.0841158317056903e-06;2.345684192099541e-06;9.223665021860903e-07;9.477770811256281e-05;0.00013548229251118002;9.77018835380215e-05;9.950778084143061e-05;7.689362085873988e-05;1.0141684565215817e-05;0.00011009997974662047;4.861641061464234e-05;4.150941146315457e-06;5.035010071979233e-06;9.084473375552066e-06;1.3360746596053344e-08
00:31:35;980;8.752285453151775e-07;1.9676778469769074e-06;5.734822599029736e-05;6.603924089596738e-07;1.0988307170833878e-06;1.396050481237345e-06;1.3304398292552315e-06;7.961004787110876e-07;6.337341636514732e-07;3.624125398570367e-07;1.0705511305724775e-06;1.0205202596515826e-06;6.148148462660107e-07;1.0618659143091236e-06;4.5702950874309584e-07;1.4179256271734032e-06;2.4954051465861486e-06;3.1056283314913493e-06;3.1077715672686683e-06;2.169440931596265e-06;1.246653915108876e-06;9.680201454597684e-07;2.4008839280996436e-06;2.3513514780818153e-06;1.0789852008431957e-06;2.348632425666806e-06;9.214348835220208e-07;9.435486601607874e-05;0.0001356436810526472;9.656260085035554e-05;9.755374080047305e-05;7.72350797937077e-05;1.0092667245876301e-05;0.00010996765050992255;4.848678185311939e-05;4.143607480433375e-06;5.035216156089874e-06;9.089503325201117e-06;1.331679966343812e-08
00:31:37;981;8.774387798156495e-07;1.9677372936804447e-06;5.7433286925091905e-05;6.674862459118717e-07;1.087094572905688e-06;1.3981342819652747e-06;1.3483464596962913e-06;7.916730863997337e-07;6.247874329416576e-07;3.7181458348553326e-07;1.0794416471782142e-06;1.0275015766710154e-06;6.13130345605839e-07;1.057254153800293e-06;4.626007230612572e-07;1.4143010116065024e-06;2.4933232585289825e-06;3.102447244255248e-06;3.108872723588101e-06;2.1619917483400934e-06;1.2463098390163637e-06;9.774798156827216e-07;2.4075194129250984e-06;2.346239383930165e-06;1.0805516853043295e-06;2.3488474995776666e-06;9.249629883176762e-07;9.446170013992007e-05;0.00013592921297088742;9.747176954981206e-05;9.774824018060868e-05;7.69327715913015e-05;9.929763242644902e-06;0.00011000247986318588;4.8461110482488286e-05;4.143553618927972e-06;5.023074855611233e-06;9.0823637428259e-06;1.3402862889261073e-08
00:31:39;982;8.797243190078968e-07;1.967718897998842e-06;5.737818944435579e-05;6.681167363192292e-07;1.1006511480005088e-06;1.4044600230275508e-06;1.3565694199483986e-06;7.868738301749804e-07;6.345599338511673e-07;3.771104009670461e-07;1.0761870790480672e-06;1.0183869382532604e-06;6.154261047845595e-07;1.0632280812540207e-06;4.5512188248411883e-07;1.4150260508531458e-06;2.4960339930968776e-06;3.106104115224436e-06;3.1090071532369484e-06;2.1602856298193707e-06;1.2455563104238166e-06;9.717851592344968e-07;2.4045230423360387e-06;2.348425659529542e-06;1.080886379354582e-06;2.3484055355201914e-06;9.265871213595151e-07;9.461272307271934e-05;0.00013579518818962702;9.653320134111054e-05;9.768971651014547e-05;7.691270978464589e-05;1.0096120104846632e-05;0.00010999730374477016;4.8616240245843114e-05;4.1345316379347155e-06;5.048154023185861e-06;9.088857652391606e-06;1.3527025049218379e-08
00:31:41;983;8.829514363287413e-07;1.9677415130451053e-06;5.7327816711932053e-05;6.731075754955058e-07;1.1129154083956327e-06;1.4213336209000327e-06;1.3531698904016438e-06;7.93718716650783e-07;6.340652620325087e-07;3.7817030862363765e-07;1.090213782765788e-06;1.0146560920354375e-06;6.150248768851699e-07;1.0503377090096613e-06;4.587037013256437e-07;1.4124513389888999e-06;2.4971930131385627e-06;3.10567194118667e-06;3.1077647316676663e-06;2.1612464318227296e-06;1.245451016984589e-06;9.820905249766896e-07;2.402151395310998e-06;2.342848702776596e-06;1.0814792605305218e-06;2.346770867018366e-06;9.277781622344425e-07;9.464459637233659e-05;0.00013530817078449194;9.617254850496955e-05;9.742943466421534e-05;7.73255605459224e-05;1.0229774952251064e-05;0.00011000843604705891;4.8555306027428244e-05;4.123603158477013e-06;5.02524921328384e-06;9.097594438103312e-06;1.3525834646201197e-08
00:31:43;984;8.767525919010795e-07;1.9681501495902413e-06;5.731170632418135e-05;6.597499236623864e-07;1.087595787894393e-06;1.4003130464472364e-06;1.3485203835211286e-06;7.898923696135863e-07;6.372260159133574e-07;3.760660677007169e-07;1.080973440294806e-06;1.0155291105010376e-06;6.12217329115145e-07;1.0580024139208242e-06;4.5494499319302534e-07;1.412064917427484e-06;2.492768796308823e-06;3.1052633622044894e-06;3.1070033550856317e-06;2.164606883790056e-06;1.2467994443346769e-06;9.808261776775402e-07;2.4019490298617054e-06;2.3455317164640475e-06;1.084353487564115e-06;2.349937344776283e-06;9.26696588832576e-07;9.481721795132897e-05;0.00013598115939394403;9.616192078267031e-05;9.65365116345066e-05;7.731598284383006e-05;1.0154658980142335e-05;0.0001100426858085927;4.845491951452113e-05;4.132359682611124e-06;5.032227897278695e-06;9.097413454418908e-06;1.3417946331206897e-08
00:31:45;985;8.761562568793124e-07;1.9673129323748554e-06;5.728695711269078e-05;6.651738649181156e-07;1.1097298169686227e-06;1.395542160134963e-06;1.3466114992381635e-06;7.829656749210172e-07;6.314829401610211e-07;3.749051602901106e-07;1.0814040775580287e-06;1.006103975162179e-06;6.110957100347036e-07;1.0546590786152488e-06;4.542009031105465e-07;1.415243920165048e-06;2.494530927902769e-06;3.1044232222300224e-06;3.10696783586375e-06;2.1637275434426833e-06;1.2460416222651635e-06;9.760862467431517e-07;2.4024579497103033e-06;2.343536404531491e-06;1.0796184271753248e-06;2.3488733539792682e-06;9.262471218035795e-07;9.450983923231232e-05;0.00013517013483266394;9.59771909638968e-05;9.743814877249387e-05;7.733354876263242e-05;1.0186381269588104e-05;0.00011001257422862175;4.8556346891224534e-05;4.1301993350353955e-06;5.0212796965480495e-06;9.09434172727148e-06;1.3499640000710268e-08
00:31:47;986;8.777610667400702e-07;1.9669492496200578e-06;5.7359637460658814e-05;6.572986179181389e-07;1.115314480124787e-06;1.4017709680690482e-06;1.3414328628093906e-06;7.909293257910768e-07;6.352114100978539e-07;3.72554953614374e-07;1.085075596243066e-06;1.010719977449655e-06;6.093940826704366e-07;1.057215392159931e-06;4.562149098900777e-07;1.4138523810392075e-06;2.4954523597225027e-06;3.105397693996312e-06;3.1059854175314115e-06;2.1625593327555662e-06;1.2465558645285628e-06;9.771966692593956e-07;2.403746915246578e-06;2.3429824200838648e-06;1.0773798333249505e-06;2.3478410371986867e-06;9.244403317892118e-07;9.469383400801319e-05;0.00013509041115030917;9.625831951835264e-05;9.800459387325783e-05;7.718610448119076e-05;1.0277514155125845e-05;0.00011005655347745342;4.850702376418145e-05;4.1289770234429135e-06;5.0102195456917845e-06;9.088591640367062e-06;1.3506890519558399e-08
00:31:48;987;8.801464341991825e-07;1.9671174831147037e-06;5.7354577442712936e-05;6.724189054855985e-07;1.1103835524586068e-06;1.4071317964563108e-06;1.3561387457046563e-06;7.817789971346785e-07;6.277702875110627e-07;3.865054694679964e-07;1.0673024195349192e-06;1.015330302823646e-06;6.048428200713183e-07;1.0676415866131803e-06;4.6451206606431844e-07;1.4151600048880706e-06;2.494444550370357e-06;3.1042463226323795e-06;3.106803110831261e-06;2.163385020830441e-06;1.2457252202831932e-06;9.802739931515884e-07;2.4022419936471444e-06;2.3447226691201602e-06;1.0777111102942388e-06;2.3450021703693098e-06;9.256929402028296e-07;9.438447340155999e-05;0.00013543686513316463;9.658035974907801e-05;9.781420099307518e-05;7.708212311790265e-05;1.0098180642159406e-05;0.00011006685715397115;4.8562288633663594e-05;4.131400761019096e-06;4.995008127857178e-06;9.089673762321502e-06;1.3497836782637446e-08
00:31:50;988;8.796252340656255e-07;1.9674679652446603e-06;5.73638492034112e-05;6.621595941053665e-07;1.0951186122780272e-06;1.4125013630658403e-06;1.3541469632888885e-06;7.991096378551726e-07;6.372099096455227e-07;3.691183276406788e-07;1.0747792473382716e-06;1.0169762820149748e-06;6.20470698497012e-07;1.0563005861512083e-06;4.5761131700123253e-07;1.4139676235158097e-06;2.494329139522109e-06;3.1048754598360356e-06;3.10850335361327e-06;2.1641686267869346e-06;1.2461091580030658e-06;9.745853027439647e-07;2.400506872031138e-06;2.3466379800567345e-06;1.080590293498327e-06;2.349258179607734e-06;9.260829806753233e-07;9.449541190136523e-05;0.00013542698854203085;9.674309324433388e-05;9.762080838079075e-05;7.711526104995486e-05;1.0118140197464883e-05;0.0001100708704085402;4.850144523810264e-05;4.145568724379231e-06;5.0180687561083355e-06;9.097082497793147e-06;1.3451500070294212e-08
00:31:52;989;8.745355335258089e-07;1.9677578249477074e-06;5.746810038292449e-05;6.599254143146993e-07;1.09315901607555e-06;1.3983543678945538e-06;1.3374852188199136e-06;7.801952331864083e-07;6.316839279934589e-07;3.75127172839869e-07;1.0859227209568767e-06;1.0081401555178167e-06;6.109463283155879e-07;1.0601249093931322e-06;4.533616877466784e-07;1.4136586665826362e-06;2.4940802948641492e-06;3.1047276640688495e-06;3.1075337919671106e-06;2.1623719343943212e-06;1.246625089019681e-06;9.827372321933004e-07;2.4038642429412544e-06;2.3450433437125256e-06;1.0814161297978128e-06;2.3464261642091724e-06;9.246087498450845e-07;9.446808183323915e-05;0.00013561456707900977;9.69694317995667e-05;9.833318148512048e-05;7.713487124607799e-05;1.0102735633940386e-05;0.00011011829990878176;4.8600441812056655e-05;4.150813192314295e-06;5.017645557934057e-06;9.093707232013857e-06;1.3427815038684542e-08
00:31:54;990;8.773539391558994e-07;1.9675844899361035e-06;5.75220660068175e-05;6.558217923068422e-07;1.1022919440248105e-06;1.4267321762805418e-06;1.3549888938545573e-06;7.840419792999724e-07;6.29131759496718e-07;3.7731669195134093e-07;1.0806956488483943e-06;1.0086937062584154e-06;6.085069110009752e-07;1.0551400947310763e-06;4.4488540003455185e-07;1.414343134018952e-06;2.4954241840947084e-06;3.1049420515414623e-06;3.107509261513493e-06;2.163154138692841e-06;1.2456922136843325e-06;9.795148464145544e-07;2.402056209207273e-06;2.343416395842148e-06;1.082600335071738e-06;2.347273984521018e-06;9.250862942850819e-07;9.435427824282427e-05;0.00013525216219519628;9.742797440444246e-05;9.918725825503796e-05;7.715664904354645e-05;1.0114345407002081e-05;0.00011009100238989177;4.840035060048067e-05;4.15160727518193e-06;5.0241991799176905e-06;9.091562442134e-06;1.3402646154288101e-08
00:31:56;991;8.73618622614975e-07;1.967652405589514e-06;5.7507295238996374e-05;6.635945023380042e-07;1.0922390856003197e-06;1.4016077522847261e-06;1.3364150983428338e-06;7.871081490423199e-07;6.224825767569603e-07;3.723243085961382e-07;1.0765010892396534e-06;1.0036585292154272e-06;6.138256565257905e-07;1.0572279268604812e-06;4.564385279838167e-07;1.4139646057778515e-06;2.494166774570808e-06;3.1047209522282024e-06;3.107172610322743e-06;2.1644586937166227e-06;1.2454087211637348e-06;9.761553805726146e-07;2.4037171120262082e-06;2.3449927401180746e-06;1.0821400005164534e-06;2.349209884287811e-06;9.257207244025243e-07;9.441413792560577e-05;0.00013561157916350017;9.725282551875188e-05;9.865720771995812e-05;7.715607311487368e-05;1.0122965843546189e-05;0.00011007663121375263;4.850559769197607e-05;4.1488437968558e-06;5.033984075723541e-06;9.094304269204966e-06;1.3392534207701209e-08
00:31:58;992;8.81368600163574e-07;1.967500984795186e-06;5.747688147783397e-05;6.662596698186524e-07;1.099387595667038e-06;1.4085178021099927e-06;1.3488563141579717e-06;7.925004067937441e-07;6.356771095364618e-07;3.8504423990640385e-07;1.0821159076680364e-06;1.0196839552117416e-06;6.150081620132591e-07;1.0634983159169502e-06;4.598734324456899e-07;1.4148093464715617e-06;2.494449453295118e-06;3.10534292284386e-06;3.1070447111912322e-06;2.1618036326005115e-06;1.2465344503894652e-06;9.794962463844588e-07;2.401839779688803e-06;2.345114173490574e-06;1.080425828218676e-06;2.3477368770301517e-06;9.254136206367594e-07;9.430070488150104e-05;0.00013556412417369335;9.698034047259677e-05;9.873046407923489e-05;7.709988207979927e-05;1.0206547639220684e-05;0.00011008702691311345;4.846967350109146e-05;4.149767224842162e-06;5.026392469010071e-06;9.094232438481118e-06;1.3421861423250229e-08
00:32:00;993;8.77030570995368e-07;1.9673298573229372e-06;5.7531442987633794e-05;6.671826477551561e-07;1.0970480686302928e-06;1.401756668396491e-06;1.353596412572761e-06;7.933952912027435e-07;6.303059170355916e-07;3.7604092754813095e-07;1.0741324303544595e-06;1.0064746016008093e-06;6.129115612616622e-07;1.0585476823976592e-06;4.529743952052069e-07;1.4139287375805503e-06;2.49518024236151e-06;3.105670332302055e-06;3.106783335077793e-06;2.161721349233331e-06;1.2465083678946512e-06;9.76323755096502e-07;2.402201495229586e-06;2.3457689593082643e-06;1.0797345589995944e-06;2.3492972691719496e-06;9.24839470806408e-07;9.438867201400855e-05;0.00013564208214423195;9.72939779117461e-05;9.898617796999595e-05;7.701189969720842e-05;1.0149626842043962e-05;0.00011008687336678008;4.854505292875196e-05;4.1502732525808925e-06;5.0148494592146455e-06;9.094401838259627e-06;1.3428426783578144e-08
00:32:02;994;8.798193614464626e-07;1.9675652495181246e-06;5.755767192967197e-05;6.73346686045048e-07;1.0874366478800952e-06;1.4058444886605963e-06;1.3691880855759564e-06;7.880913291654937e-07;6.305093610850773e-07;3.772193479195158e-07;1.0791537505222044e-06;1.0159359263345829e-06;6.139088492512262e-07;1.0552946919549877e-06;4.6190292031637753e-07;1.4139833655451496e-06;2.4941881664042603e-06;3.1050107155132985e-06;3.1073901205857083e-06;2.164543531439967e-06;1.246847838950699e-06;9.761650115746582e-07;2.4025556426807535e-06;2.3446519271256196e-06;1.0826545133257448e-06;2.348318542064152e-06;9.244729768207562e-07;9.432159265581107e-05;0.00013580844573012068;9.738359002411839e-05;9.9010119124388e-05;7.713237238143323e-05;1.0135739965041246e-05;0.00011008783098134456;4.853220117984255e-05;4.149646403705852e-06;5.024093554506143e-06;9.093003033936422e-06;1.3428121815582159e-08
00:32:04;995;8.789652799540643e-07;1.967348438645072e-06;5.7551017504834176e-05;6.698212689958506e-07;1.0964897184964881e-06;1.3862353685955109e-06;1.366802348553878e-06;7.931797980440727e-07;6.277200472142913e-07;3.698833298436778e-07;1.0885415640386626e-06;1.0207846534513656e-06;6.10988386874244e-07;1.0596697596974216e-06;4.5746687771242023e-07;1.4145043966396495e-06;2.4943385093322404e-06;3.1051203499189314e-06;3.1076451158454964e-06;2.1620370949976052e-06;1.245750682537158e-06;9.778587033325276e-07;2.402788133702968e-06;2.3442144947118403e-06;1.0792984505337988e-06;2.3478508056322874e-06;9.267736253363343e-07;9.434206475403601e-05;0.0001356641485411646;9.745928713791153e-05;9.90905908386053e-05;7.701447570975545e-05;1.0111326100565852e-05;0.00011009172517954203;4.857335922689188e-05;4.1502428979884745e-06;5.0096578922289376e-06;9.09192036510467e-06;1.3411414215466497e-08
00:32:06;996;8.770609114931589e-07;1.9674844570314995e-06;5.753208209970999e-05;6.644577180995012e-07;1.0959306842230696e-06;1.4137634217254396e-06;1.3436911820783528e-06;7.879820419599458e-07;6.280594851869704e-07;3.7363073267616575e-07;1.0720776144814501e-06;1.0129762763549428e-06;6.114372703500883e-07;1.0607615069153036e-06;4.599627402593595e-07;1.4137301518588439e-06;2.4942404191773953e-06;3.1052856678498654e-06;3.10800819131111e-06;2.1630388357751353e-06;1.246530562731337e-06;9.783897108068058e-07;2.403005487106879e-06;2.343799694613211e-06;1.0802039942581923e-06;2.347798806136158e-06;9.257812597654633e-07;9.436073554951363e-05;0.00013559311475086784;9.724947969643385e-05;9.8988107149402e-05;7.709625175533206e-05;1.0153294579274703e-05;0.00011008935228311496;4.8582542345122185e-05;4.148600491679621e-06;5.018494546803863e-06;9.091592392540275e-06;1.3419656434600141e-08
00:32:07;997;8.751938931148764e-07;1.9675953261625344e-06;5.754207866772953e-05;6.608766389894847e-07;1.0980816622854015e-06;1.3824079918769236e-06;1.3453859103956296e-06;7.859517477241824e-07;6.342002023742375e-07;3.814883732345852e-07;1.0615455980103858e-06;1.023519930062636e-06;6.165421247882431e-07;1.0541940667478529e-06;4.581322376815613e-07;1.4134319325755395e-06;2.4942734962908766e-06;3.10533710035088e-06;3.1080752204950012e-06;2.1639213075473036e-06;1.2468790474267274e-06;9.785920248092065e-07;2.402010741667554e-06;2.3435723928914625e-06;1.0817123919406196e-06;2.3481354918646814e-06;9.252020818109221e-07;9.438752312062363e-05;0.0001356056342501215;9.730350497632975e-05;9.90245727642408e-05;7.712100764775019e-05;1.0155733258886329e-05;0.00011009009630157209;4.85368980331995e-05;4.148397654459729e-06;5.026527340071748e-06;9.09162446104442e-06;1.342420445477861e-08
00:32:09;998;8.747960926960083e-07;1.9675128701064865e-06;5.750960799290288e-05;6.674027396594536e-07;1.0918003737455964e-06;1.4199059658149726e-06;1.3332584737245734e-06;7.881520337381754e-07;6.29866101134721e-07;3.6470185526095056e-07;1.0806810127177031e-06;1.0016536287273745e-06;6.064188013158142e-07;1.055821271462259e-06;4.5789059204876475e-07;1.4134599527833531e-06;2.4943531691780112e-06;3.1053301870398873e-06;3.1079195990439733e-06;2.1639182351245375e-06;1.2466314669951846e-06;9.779448945048702e-07;2.4018222359389465e-06;2.3439033698138436e-06;1.0813462548452938e-06;2.3480712875828465e-06;9.25452985783626e-07;9.439174993707625e-05;0.00013558123158294581;9.71757752147753e-05;9.879312329742494e-05;7.712623037236503e-05;1.0148784464381117e-05;0.00011008871681850804;4.8529586444198205e-05;4.14904861300659e-06;5.025785565732647e-06;9.091840831171968e-06;1.3422773248700685e-08
00:32:11;999;8.73473886593827e-07;1.9674773825442307e-06;5.7507941527746355e-05;6.733154125965707e-07;1.0860157501371956e-06;1.4007220214425202e-06;1.3517890730825726e-06;7.838348031247672e-07;6.249044603799028e-07;3.739377795691274e-07;1.0693149790277154e-06;1.0059163432723557e-06;6.096500140677237e-07;1.049060451033509e-06;4.532252901463933e-07;1.413483753626506e-06;2.494420240095045e-06;3.1053332752924668e-06;3.107899112388001e-06;2.1638399451874165e-06;1.2465691723644086e-06;9.77815615301494e-07;2.4018107837888882e-06;2.3438975473208635e-06;1.0812136974315844e-06;2.3480200896508768e-06;9.254244288012494e-07;9.43908612524368e-05;0.0001355710272741487;9.718677586264259e-05;9.879026328091e-05;7.71191149329381e-05;1.0143147022190393e-05;0.00011008849994856274;4.85265441908944e-05;4.1490715659494925e-06;5.024899678221985e-06;9.091670027764233e-06;1.3423296296829328e-08
00:32:13;1000;8.795167600277926e-07;1.9674760413273605e-06;5.750758811920267e-05;6.64677022270284e-07;1.0990367522722977e-06;1.4160482662814191e-06;1.368547417774318e-06;7.856323344202952e-07;6.336859184052912e-07;3.7206295416309326e-07;1.0835549516227419e-06;1.0022140103674557e-06;6.088377365497489e-07;1.0642302441319564e-06;4.5567328169323934e-07;1.4134821835968863e-06;2.4944224605860654e-06;3.105331934075596e-06;3.1078990116528285e-06;2.1638250809931528e-06;1.2465658085291787e-06;9.778143982047473e-07;2.401816006188054e-06;2.343899615270051e-06;1.0812065401975665e-06;2.3480217546593734e-06;9.254270828132806e-07;9.439098312063423e-05;0.00013557082652638372;9.718555729911485e-05;9.878795316380032e-05;7.711849805962352e-05;1.0142998866047108e-05;0.0001100884618050905;4.8526756966296966e-05;4.149072033518829e-06;5.024852662477547e-06;9.091673641688384e-06;1.342328575604237e-08
