Time;Epoch;Train Loss;Test Loss;Exp_Diff;Train_MAE;Test_MAE;Exp_MAE;Train_KO;Test_KO;Exp_KO;Train_1;Train_2;Train_3;Train_4;Train_5;Train_6;Train_7;Train_8;Train_9;Train_10;Train_11;Train_12;Test_1;Test_2;Test_3;Test_4;Test_5;Test_6;Test_7;Test_8;Test_9;Test_10;Test_11;Test_12;Train_MAE_1;Train_MAE_2;Train_MAE_3;Train_MAE_4;Train_MAE_5;Train_MAE_6;Train_MAE_7;Train_MAE_8;Train_MAE_9;Train_MAE_10;Train_MAE_11;Train_MAE_12;Test_MAE_1;Test_MAE_2;Test_MAE_3;Test_MAE_4;Test_MAE_5;Test_MAE_6;Test_MAE_7;Test_MAE_8;Test_MAE_9;Test_MAE_10;Test_MAE_11;Test_MAE_12;Exp_1;Exp_2;Exp_3;Exp_4;Exp_5;Exp_6;Exp_7;Exp_8;Exp_9;Exp_10;Exp_11;Exp_12;Exp_MAE_1;Exp_MAE_2;Exp_MAE_3;Exp_MAE_4;Exp_MAE_5;Exp_MAE_6;Exp_MAE_7;Exp_MAE_8;Exp_MAE_9;Exp_MAE_10;Exp_MAE_11;Exp_MAE_12
00:00:01;1;2.4801495;2.480078;0.027670792159724733;0.082105614;0.08251741;0.10899029843942908;1.0767356;1.0869384;0.36122287420896737;0.015366928;0.015397221;0.016587561;0.01682645;0.01634851;0.016320826;0.015293849;0.016821947;0.011871354;0.017068285;0.015296059;0.008027988;0.015306272;0.015825957;0.01668544;0.017337412;0.017437642;0.016807837;0.016620614;0.016533172;0.0109910555;0.017598186;0.014976429;0.0078597255;8.606905e-05;0.000116809526;7.48668e-05;9.3274604e-05;7.210723e-05;0.000112810354;7.612207e-05;0.00014329539;0.0001955302;0.00013739067;8.136025e-05;0.00010659558;0.0012583553;0.0009139104;0.001078962;0.001267972;0.0010928127;0.0009107852;0.0010326327;0.0012182097;0.0010749404;0.0013767406;0.0010319415;0.0008971117;0.005727408241344083;0.0034836846203109865;0.23329334958528244;0.04986839828009907;0.004203019823452582;0.0024912603014668614;0.0043079932179847635;0.004752406951557568;0.005402661314114942;0.005468866444754927;0.007434076689423948;0.005616380446904577;0.07548777029805066;0.05810552630162819;0.448606812402388;0.18555560698014936;0.06180097053312673;0.04017313437723532;0.06410576033679452;0.06698286087105913;0.07347600078466462;0.07253078035639554;0.08612678063846214;0.07493157739319452
00:00:03;2;2.4624977;2.4620929;0.023477518448676068;0.07591187;0.07626054;0.09955380680962066;1.0294327;1.0304165;0.16334010573746863;0.011649311;0.014592797;0.013886764;0.015827194;0.011611882;0.011703469;0.014256317;0.014751398;0.011774221;0.015032729;0.012389935;0.007536817;0.011643028;0.015003798;0.013978872;0.0162916;0.0121167395;0.012102571;0.015569678;0.014507991;0.010840087;0.015549486;0.012171943;0.007371756;0.000100295976;0.000104805054;7.802304e-05;9.2274946e-05;0.000102535465;0.000103972154;6.0968214e-05;0.000128594;0.00019383742;0.00012308393;8.2697086e-05;0.000103237835;0.0011628108;0.0008079402;0.0009976113;0.0012118358;0.000985375;0.0008729928;0.00091312395;0.0011230672;0.0009730897;0.0012720681;0.0009774741;0.0007158466;0.008417340689076869;0.0017278003297771895;0.18876797975650544;0.05060116173752682;0.00800637043023827;0.0015523320787955274;0.0018743494788226482;0.003830381676327461;0.0033337850624843147;0.0037308769802354264;0.007251543466768385;0.0026362996975543853;0.09163661262407535;0.03992599016326229;0.40229261814908285;0.18767634371460942;0.08664555810922529;0.03187847350137989;0.041536235299924534;0.05992743562692549;0.057590216925522186;0.059315469393933694;0.085052119978172;0.051168608229334764
00:00:05;3;2.4169102;2.415609;0.014095872225313928;0.0703028;0.07043343;0.07743181219109434;1.1173176;1.1116648;0.12468495154150395;0.006781862;0.015970664;0.008285047;0.016498571;0.008719873;0.008003794;0.014830624;0.012089164;0.013608297;0.01303173;0.008140719;0.008435047;0.0067492817;0.016370367;0.008360251;0.016901892;0.008952535;0.007881728;0.016176214;0.011900424;0.012521859;0.013498743;0.008140262;0.008263394;0.00010160261;9.469068e-05;8.466979e-05;9.99881e-05;0.0001172823;8.3116895e-05;4.7460035e-05;9.733907e-05;0.00020007108;0.00010864656;8.9019224e-05;0.00010255956;0.00088815903;0.00073299196;0.00081776927;0.001189722;0.0010677038;0.00095882884;0.00092009467;0.0010200487;0.0009168457;0.0012130432;0.000894226;0.0006262611;0.008498765457159106;0.00028254512114023785;0.07757032315199734;0.0596606969476231;0.007925501097832865;0.003859003279546661;0.000388044071567649;0.002012876092559588;0.0008508929978475288;0.0015455132226453285;0.005860826844598351;0.000695478419249431;0.09184375003140147;0.013538549713317943;0.25221043773627855;0.20654345931628856;0.08715658789582367;0.0532173560537943;0.018197881968283074;0.040522922001815426;0.028427569904632684;0.036035727397261595;0.07584562416251112;0.02564188011172341
00:00:07;4;2.3729007;2.3713987;0.008950333235144105;0.0672682;0.06750061;0.04940514914185506;1.1154366;1.1087246;0.32931580262727395;0.0093198465;0.017535495;0.0076012965;0.016409587;0.01139761;0.013993389;0.015447493;0.0069266944;0.015129173;0.0085217925;0.010599248;0.009331958;0.009081156;0.017919451;0.0076136347;0.016737418;0.012105221;0.013707856;0.016805202;0.006889932;0.013936491;0.008916447;0.01057329;0.009152411;5.85977e-05;0.000101768;0.000113731556;0.00010024931;7.499533e-05;0.000100178695;4.503094e-05;0.00011537596;0.00020163003;9.365454e-05;6.777604e-05;0.00011162858;0.0010198851;0.0007552;0.0007610631;0.0011923217;0.0010316316;0.0008004352;0.0009443496;0.0008624457;0.0009172039;0.0009653607;0.00083497446;0.00060978555;0.0011260696614465919;0.0003034643823946067;0.02830716929623468;0.06715710268038443;0.000917295837204445;0.006039170174426907;0.00024202503332382147;0.0010266485875193433;0.00011678867846049354;0.0008616925670610789;0.0011575058896879122;0.00014906603358492748;0.03049677112822126;0.0138300841882098;0.145240233992658;0.22117539092640323;0.024902032211640994;0.05462376083611715;0.010856722596796547;0.02036464612265913;0.008778511676319486;0.024123869060997557;0.028506826578080655;0.009962940384156821
00:00:09;5;2.3402412;2.3387854;0.01472993215730864;0.06829295;0.06837908;0.05836006167504568;1.1715767;1.1607219;0.4557243184813023;0.013060564;0.018884012;0.012258091;0.01611729;0.014516314;0.017124204;0.015583076;0.0102591505;0.016120838;0.0072430633;0.013474898;0.010017324;0.012603309;0.019241858;0.012203629;0.01637368;0.015354827;0.016924512;0.016920542;0.010194807;0.014857802;0.007183884;0.013442473;0.009831522;2.8280825e-05;0.00011441364;0.00012895174;0.000106252446;4.9903694e-05;6.5687964e-05;4.944426e-05;0.00026301167;0.00020728433;8.86285e-05;5.226938e-05;0.00011649935;0.0010110071;0.000806138;0.00073518464;0.0011762367;0.0009803068;0.00060430844;0.0009600377;0.0010359751;0.0009160841;0.0011452442;0.00075150625;0.00061053253;0.00022724438252214922;0.0004050302679172239;0.09117231035911516;0.07065760364477931;0.0009157432488141902;0.009250209019468575;0.00029882057568528096;0.002304839302557888;3.170562500704844e-05;0.0010641225923511807;0.00037721122076479925;5.434564872084467e-05;0.010162466269549801;0.016854480568276396;0.2660099677114952;0.22859734774664414;0.020431251607344644;0.0781529900273717;0.010310413826824872;0.02818620010277302;0.003495184011580196;0.02165763531981445;0.011997004762827989;0.004465798146045971
00:00:11;6;2.3185685;2.3168104;0.016180712964505826;0.07092133;0.0707505;0.06062822191313105;1.2117547;1.198803;0.49359810415151306;0.016597418;0.019261759;0.016317192;0.010712376;0.01765434;0.020347726;0.0146153355;0.015084182;0.016573235;0.017920094;0.01649904;0.010548018;0.015885986;0.019593226;0.016190713;0.010670135;0.018497422;0.020127421;0.015850872;0.014703709;0.015281084;0.01717961;0.016436087;0.010359007;2.3590559e-05;0.00011841169;0.00013335605;5.7178044e-05;3.6951515e-05;5.005913e-05;5.3193227e-05;0.00028645177;0.0002101905;0.00015984544;6.789244e-05;0.00012238648;0.0010463983;0.00082956906;0.0007995893;0.0010322202;0.0010833027;0.00061579596;0.0009402714;0.0010517788;0.00091112836;0.0016763532;0.0007636085;0.0006129206;0.00013814362003078368;0.00042791674509497056;0.11910804163225644;0.05945238849012433;0.0011209040707403002;0.010345559190132329;0.0003191785619442153;0.002499296881413126;1.866916542943502e-05;0.0005331225653479612;0.0001820524220100873;2.3282229545885777e-05;0.009602530305782649;0.017709459733187286;0.31072019152437774;0.2131997917511387;0.023216755524950054;0.08586426056107144;0.010276713080932498;0.029819272161795324;0.002864203427412843;0.014633690490473698;0.007199823315116782;0.00243197108133378
00:00:13;7;2.3012097;2.2987213;0.013935750492602752;0.07062466;0.070247546;0.05400018847529264;1.2387414;1.2251424;0.46457673674246247;0.019101255;0.019008404;0.017576445;0.008046346;0.019752974;0.022372121;0.012068039;0.015921427;0.016933702;0.022360776;0.01704615;0.010966823;0.01826792;0.019303752;0.017370759;0.0078056045;0.020611795;0.022193367;0.013076779;0.015054582;0.015618239;0.02144559;0.016927356;0.010775612;2.0157004e-05;0.00011809966;0.000110828165;0.00015275984;2.1607455e-05;5.346636e-05;5.8654132e-05;0.00025666924;0.00021347456;0.00017753842;7.297151e-05;0.00012740391;0.0010935203;0.0008351853;0.0007998336;0.00091878115;0.0011741966;0.00066007354;0.0008737718;0.0009601461;0.0009071948;0.0017338224;0.00078145793;0.00061278435;0.00010681058773606526;0.00043872717408445115;0.11839397269260325;0.036734990916557596;0.0012669451875329742;0.008951710910668252;0.00031940798095063774;0.0006306683557012103;9.958970327374296e-06;0.0003140139124887462;5.569825501633785e-05;6.100967566077406e-06;0.008623295384098026;0.018116868661954236;0.30880020449830264;0.15769435455466096;0.025330662919630913;0.0831634956950708;0.010048946656267408;0.01879898197943935;0.0022767361543754613;0.010093083666060007;0.0038684264277113693;0.0011872051059404706
00:00:15;8;2.2873228;2.2840912;0.014476408074192619;0.07026899;0.06979265;0.05635546019746072;1.247415;1.2336372;0.4597616941274193;0.020767234;0.016852012;0.019190487;0.0116248;0.020839322;0.024250193;0.0067704725;0.019001612;0.017258434;0.025650535;0.017239066;0.011188574;0.019859362;0.01704288;0.018990856;0.011544421;0.021675393;0.024104018;0.0072537945;0.017818546;0.015926136;0.024624767;0.017099004;0.010996311;1.7761953e-05;0.000113659225;9.566035e-05;0.00020008779;2.366538e-05;6.91931e-05;7.358033e-05;0.00025324963;0.00021636757;0.00018653943;7.887206e-05;0.00012946471;0.0011530922;0.00080945075;0.0008550143;0.0010339341;0.0012202617;0.00068116153;0.0006760681;0.0010004707;0.0009025436;0.0018169008;0.00080473686;0.00061166234;0.00010995597562607621;0.000442599513165246;0.11907498917981342;0.04219246118990561;0.0013863826872359815;0.009468272236581983;0.00031799354287066474;0.00040596308607861403;7.44798647049298e-06;0.00028523119354728247;2.4161342269729816e-05;1.4389567463060306e-06;0.008438837008408223;0.01818116130625982;0.3162461404407169;0.18062389687232716;0.027008277995080304;0.08562579638722734;0.00995795449149545;0.01712288123652219;0.0019211120613698742;0.00842365501877091;0.0021432597610179516;0.0005725497903324318
00:00:16;9;2.272477;2.2682536;0.01579114583489973;0.068571806;0.06806214;0.05909479704704421;1.2502378;1.2361584;0.462843105977581;0.020381138;0.008898358;0.0200263;0.0145474905;0.020399928;0.024515267;0.005447501;0.019542025;0.017539438;0.026403463;0.013559095;0.011384917;0.01952985;0.008977475;0.019872425;0.014593827;0.021224061;0.024343926;0.005549151;0.018449634;0.016198328;0.025388824;0.013521742;0.011192502;1.3382705e-05;9.99638e-05;8.2402476e-05;0.00021992502;2.5614054e-05;8.3344166e-05;7.2791525e-05;0.00024900137;0.00021889932;0.00019178641;8.247388e-05;0.00013109099;0.001138522;0.0007773629;0.0008704753;0.0011333703;0.0012043379;0.00068284885;0.00059980125;0.0010022651;0.0008979769;0.0017901557;0.0008443745;0.00061007246;0.00011435083020683606;0.0004287993729765335;0.12071000277095277;0.05469456645066367;0.0014454396707782166;0.01044280650617085;0.00031876390483510524;0.001028885892895563;7.268302637711908e-06;0.0002833800685735828;1.9157615984796736e-05;3.28632121016534e-07;0.00873118107818101;0.017582449551989256;0.3208053423673459;0.19986862633212457;0.028001952026358794;0.0915673726924394;0.009343636026317482;0.0216190552316502;0.001778352454025192;0.0081000220096904;0.0014658396107702597;0.00027373518363807615
00:00:18;10;2.2592475;2.254239;0.01698751176403699;0.07129404;0.07079141;0.06110104153184571;1.2535783;1.2395396;0.4651821725062735;0.021251462;0.009333191;0.02173717;0.017943209;0.02117838;0.025422337;0.012246936;0.021122236;0.017733535;0.027017847;0.014186862;0.011597949;0.020327164;0.009273327;0.02163076;0.01811618;0.021925304;0.025174726;0.012791542;0.020138353;0.01638684;0.025982426;0.0143115185;0.0114068;1.32446185e-05;8.48545e-05;7.668166e-05;0.00024846292;2.7161439e-05;9.199277e-05;5.9442726e-05;0.00026181157;0.00022055989;0.00019746457;8.069662e-05;0.00013271271;0.0011728946;0.0007414723;0.0009368788;0.0012532393;0.0011970956;0.0007199044;0.0007962545;0.0010215129;0.00089462806;0.0017625281;0.0008929569;0.0006102812;0.00011622014008249081;0.0004495979395849379;0.12302033898785325;0.06534762649008742;0.00146791226048158;0.011147881667277013;0.00032557382582524625;0.0016649715358084216;7.3766784938858125e-06;0.00028378410510628173;1.8793853155583836e-05;6.368468775155367e-08;0.008885863157841354;0.018386403908251185;0.32354952915050994;0.21341399896578486;0.028342952293707285;0.09459421407821834;0.009323978293590992;0.025352687786546244;0.001764115191044367;0.00812168871570317;0.0013592410607985363;0.00011782578015233256
00:00:20;11;2.2507422;2.245401;0.017769042024209127;0.0740455;0.073644765;0.06226373900724052;1.2545906;1.2407743;0.46652391958086586;0.022467723;0.011188192;0.02347263;0.020518152;0.02288794;0.026336564;0.01910407;0.022675056;0.017831553;0.027604604;0.01614304;0.011672055;0.021444969;0.011008821;0.023389734;0.020779807;0.023551412;0.025987115;0.020429866;0.02177985;0.016480869;0.026589304;0.016468288;0.011483949;1.3922405e-05;6.8402696e-05;7.198567e-05;0.00026759028;2.8409053e-05;9.5324125e-05;4.7674603e-05;0.00027167881;0.00022148536;0.0002022556;7.6429045e-05;0.00013310486;0.0012314755;0.00068884104;0.0010386588;0.0013460314;0.0012517917;0.0007488542;0.0009929318;0.0010538882;0.0008931709;0.001777549;0.0009139997;0.00061087264;0.00011683404621867072;0.00046137465697306933;0.12474227078299437;0.07212196522977354;0.0014756399738656077;0.011574171705914802;0.00032908914490017684;0.0020968843625917702;7.42857208154749e-06;0.00028401408352445354;1.8812332658236422e-05;1.939901340934985e-08;0.008935347737085361;0.01881990465711411;0.32585319359421544;0.22084249517154392;0.028455520124873235;0.09613992490956405;0.009515809175192515;0.027312029391550807;0.0017692069368858896;0.00813970092958326;0.0013174552137491069;6.428024552844096e-05
00:00:22;12;2.2454557;2.239999;0.01831214198667321;0.07613714;0.075844;0.06307285350878718;1.2526299;1.2390958;0.46902135813106594;0.023585947;0.0132226655;0.024972627;0.022513393;0.024537595;0.027090283;0.0230955;0.023999777;0.017885435;0.028138338;0.018212551;0.011629397;0.022476139;0.012963128;0.02490431;0.022816377;0.025130011;0.026639301;0.025026204;0.02316104;0.016531719;0.027185008;0.018710978;0.011446275;1.43486795e-05;5.6987e-05;6.765543e-05;0.00027927262;2.9164723e-05;9.620908e-05;5.2465133e-05;0.00027852177;0.00022206207;0.0002052068;7.228338e-05;0.00013234995;0.0012713145;0.00064295006;0.0011207092;0.0014263083;0.0013198777;0.0007695955;0.0010903064;0.0010835251;0.00089306594;0.0017928131;0.00092839095;0.0006111152;0.0001170691024774174;0.0004664818294589235;0.1260089880619543;0.07677211696665888;0.001479027576909744;0.011866170932582777;0.00033011071129643424;0.002395303577656232;7.449787163094813e-06;0.00028411467516985316;1.886143229233836e-05;9.186458534764806e-09;0.008954642206732371;0.01899144765257037;0.328116238756973;0.22589941596253607;0.028503830698758798;0.09710035288129357;0.009566199813702296;0.028482806142392996;0.0017722043972051714;0.008148718462090329;0.0012940917421534587;4.429338903763692e-05
00:00:24;13;2.2419417;2.236451;0.018710268745570195;0.07773937;0.07750566;0.06367845758994548;1.244464;1.2317929;0.4709801790090715;0.024573775;0.015234848;0.026239643;0.024134941;0.025965767;0.027747178;0.025157554;0.025110837;0.017918091;0.028614229;0.020042388;0.011444968;0.023396894;0.014917662;0.02616907;0.02444256;0.026501011;0.027201802;0.027490249;0.024315018;0.0165621;0.027724199;0.020663897;0.011270061;1.4177872e-05;6.5276756e-05;6.366929e-05;0.000287201;2.9197932e-05;9.488103e-05;5.6373676e-05;0.00028283536;0.00022246075;0.00020619447;6.951337e-05;0.00013000907;0.0012975781;0.00065965485;0.001188447;0.0015020954;0.0013762465;0.0007857158;0.0011217479;0.0010983509;0.000893443;0.0017823373;0.0009538297;0.00061089377;0.00011717482476621966;0.0004686454792176547;0.12706985517257322;0.08007559448219953;0.0014807887385897647;0.012061809235858588;0.0003303721852366838;0.002608455527200252;7.459508082117513e-06;0.00028415779016146853;1.89051337995984e-05;6.8691572999605326e-09;0.008963394055149426;0.01906231125412759;0.32980917909317076;0.23000604161171198;0.028528174937518243;0.09770409380803029;0.009578061630064656;0.029240996189994303;0.0017736377227354143;0.00815178474491126;0.001285193574444417;3.862245748733563e-05
00:00:26;14;2.2394114;2.233911;0.01900961017131937;0.07898488;0.07878326;0.06411988535123149;1.2260422;1.2151492;0.47241558097209624;0.025476765;0.017147398;0.027298406;0.025481058;0.02718792;0.028305631;0.02628741;0.026062405;0.01794021;0.029070461;0.021598171;0.011034261;0.024246538;0.016817262;0.027217336;0.025764246;0.02767773;0.027680568;0.028891541;0.025310045;0.016582496;0.02822439;0.022291368;0.01087307;1.33655385e-05;7.525953e-05;5.995443e-05;0.0002950853;3.100194e-05;9.235977e-05;5.8803736e-05;0.00028509027;0.00022275971;0.00020628412;6.757994e-05;0.00012474616;0.001315718;0.0006785299;0.0012463514;0.0015615514;0.0014255677;0.00079744344;0.0011196322;0.001103091;0.00089381274;0.0017582972;0.0009787057;0.00060991803;0.00011722527257295838;0.00046961795049931123;0.1279379609775844;0.08252358401869604;0.0014817438780076173;0.01219536008083302;0.00033044541361887034;0.0027487971465851592;7.46436086206952e-06;0.0002841777571147371;1.8936145773298573e-05;9.053684985210641e-09;0.008967660647430422;0.019094035190474926;0.3310758216938719;0.23311606918178432;0.028541079975994265;0.0980988931994941;0.009581302272758403;0.029707580726262298;0.0017743984718453436;0.00815291820464441;0.001284613267995149;4.425138222248323e-05
00:00:28;15;2.2374609;2.2319655;0.01924910694841689;0.07986095;0.07967579;0.06445377015849431;1.1958448;1.1882094;0.47333942679822194;0.026275966;0.018917756;0.028106488;0.026583936;0.028186576;0.028752407;0.026939519;0.026814453;0.017957272;0.029451545;0.022867046;0.010184497;0.02500363;0.018618679;0.02802188;0.026831808;0.028638668;0.028075328;0.029734042;0.026098413;0.016598137;0.028636955;0.02359543;0.010045846;1.1583804e-05;8.598363e-05;6.164766e-05;0.00030748136;3.3928492e-05;8.9151e-05;6.035394e-05;0.0002855798;0.00022301689;0.00020564788;6.717215e-05;0.000112833295;0.0013307004;0.0006911113;0.0012946058;0.0016111259;0.0014638389;0.00081416045;0.0011199178;0.0010991017;0.00089417974;0.0017309863;0.0009967186;0.0006072008;0.0001172517194450561;0.0004700736169493801;0.12865851557231905;0.08448054265134326;0.001482295493189856;0.012289847604366607;0.00033046785224514135;0.0028496493912061665;7.467146901569096e-06;0.00028418773131293066;1.895815873302747e-05;2.6442990522592135e-08;0.008970006534110129;0.019108986284766993;0.33199027840920786;0.235562425920609;0.02854838135835572;0.0983698814599655;0.009582318164413142;0.030028376006323566;0.001774847004162734;0.008153354800991901;0.001284279808595219;7.210615042964025e-05
00:00:29;16;2.235901;2.2304168;0.01943167561859858;0.080389954;0.08021095;0.06471439516404977;1.207108;1.2003554;0.4742207992267438;0.026975565;0.02049272;0.028673897;0.027355598;0.02890529;0.029028852;0.027294321;0.027423406;0.017972471;0.029686688;0.023923736;0.009041176;0.025665993;0.02023616;0.028596038;0.02756986;0.029327622;0.028335188;0.03022156;0.026740937;0.016611986;0.028899187;0.024665952;0.008921796;1.3364084e-05;9.6305776e-05;6.367517e-05;0.0003149286;3.7506252e-05;8.5462445e-05;6.131957e-05;0.00028474763;0.0002232664;0.00020489829;6.619518e-05;9.3036666e-05;0.0013444031;0.000721654;0.001331839;0.0016446715;0.0014894983;0.0008353956;0.0011125145;0.0010956271;0.00089455146;0.0017227271;0.001006894;0.0006070353;0.00011726532171035131;0.0004703086261582945;0.12932702427217488;0.08587374417840309;0.0014826323801659406;0.012349273847555822;0.0003304753399509763;0.002918641589604591;7.4687331828506545e-06;0.00028419298530951747;1.8970738133133513e-05;1.0941083356868412e-07;0.008971242859009973;0.019116771668270832;0.33286949342188715;0.23735842660029913;0.028552709356154133;0.09853684377298971;0.009582671681427889;0.030240403579169316;0.0017751090695556002;0.008153522597564416;0.001283846669969505;0.0001317006922994185
00:00:31;17;2.2346497;2.2291799;0.01957912497691635;0.080979966;0.080793686;0.06493433700532054;1.2842848;1.2772778;0.4751736332630359;0.027625905;0.021935428;0.029208379;0.02804826;0.029516399;0.029373717;0.027477114;0.027995044;0.017985934;0.029917268;0.024837663;0.008354593;0.026285052;0.021719702;0.02913943;0.028227948;0.029901894;0.028681394;0.030501682;0.027346779;0.016624134;0.029154617;0.025580259;0.008237538;1.6289046e-05;0.000107930915;6.543525e-05;0.00032052453;4.080174e-05;8.151447e-05;6.19479e-05;0.00028343068;0.00022349406;0.00020391552;6.561025e-05;8.540683e-05;0.0013568479;0.0007841979;0.0013637061;0.0016706899;0.0015087521;0.00085535506;0.001100929;0.0011106137;0.00089490396;0.0017333127;0.0010117467;0.0006156283;0.00011727293195666939;0.0004704381081398874;0.12993809523378674;0.08694105191807575;0.0014828520889693146;0.012389019655170582;0.0003304780569036428;0.0029693787689912174;7.469803447168475e-06;0.0002841960215476297;1.8978667784904068e-05;2.684682227170372e-07;0.008971965097419885;0.019121099113738525;0.3337585890998246;0.23878502079307343;0.028555462495662636;0.09864699539124945;0.009582813610569261;0.03039243562157235;0.001775284938558316;0.00815359579826947;0.0012834921855913069;0.00018528991831744416
00:00:33;18;2.233613;2.2281609;0.019697674615583752;0.08156608;0.08137066;0.0651124898707422;1.3931197;1.3875324;0.47594009375151813;0.028215224;0.023243459;0.029692091;0.028654136;0.030034367;0.029736483;0.027554467;0.028524715;0.017997062;0.030120738;0.025633987;0.007943519;0.02685285;0.023062017;0.029631931;0.028800823;0.030381437;0.029051047;0.030651601;0.0279041;0.016634108;0.029383205;0.026366955;0.007823381;1.925231e-05;0.00011965671;6.69363e-05;0.0003246097;4.3647447e-05;7.672872e-05;6.235372e-05;0.0002818154;0.00022368647;0.00020235019;6.510631e-05;8.321965e-05;0.0013668613;0.00083762425;0.0013910112;0.0016899828;0.0015236322;0.0008738031;0.0010863289;0.0011273306;0.0008952071;0.0017365187;0.0010131279;0.0006203147;0.00011727716742457947;0.0004705094462573477;0.13044625888667072;0.0877876427596222;0.0014829941615302946;0.012418567803486599;0.0003304790507654818;0.003007192234706183;7.4704786016333635e-06;0.0002841977445034061;1.8983544538536906e-05;5.221088979980369e-07;0.008972386192721083;0.01912350192178955;0.3344947543231625;0.23994094694809315;0.028557190579798067;0.0987279464460598;0.009582872449670453;0.03050351475699849;0.0017753975422195312;0.008153631290748609;0.00128328039468945;0.0002344556029557713
00:00:35;19;2.2327034;2.2272768;0.019798184083168052;0.08206854;0.08187159;0.06525997299285514;1.5338145;1.5296814;0.4764020849918567;0.028747376;0.024398725;0.030069513;0.029163323;0.030434363;0.030032834;0.027579006;0.028969059;0.018006539;0.030256063;0.02630847;0.0076795374;0.027371913;0.024236389;0.030017417;0.029279841;0.030750103;0.02935318;0.030730946;0.028372424;0.016642537;0.029543893;0.027025312;0.0075557698;2.2197251e-05;0.00012983574;6.8244655e-05;0.00032656442;4.6104953e-05;7.1371316e-05;6.2618616e-05;0.00027994617;0.00022384714;0.0002003872;6.43068e-05;8.114787e-05;0.0013741753;0.0008800292;0.0014130238;0.0017020445;0.0015334364;0.00088975084;0.0010868196;0.0011398235;0.000895465;0.0017344903;0.001012851;0.0006203697;0.0001172796302527228;0.0004705511222490974;0.13086328252587043;0.08852199936631903;0.001483091296701866;0.01244400438565375;0.00033047943796444233;0.003035940260749637;7.470931177288968e-06;0.00028419881032151474;1.898642773346786e-05;9.24803023373953e-07;0.008972643820096582;0.01912491463251154;0.3350183504807372;0.24098222993806184;0.028558327763904816;0.09879690062333057;0.009582898730524933;0.030586678847262502;0.0017754735456248464;0.008153651756469543;0.001283154408634577;0.00028445136710266393
00:00:37;20;2.2318513;2.226454;0.01987409179268571;0.082456715;0.08225668;0.06538650395731337;1.6976373;1.6929528;0.4768634162197873;0.029220397;0.025385229;0.030295905;0.029490758;0.030713348;0.03021981;0.027574066;0.029307863;0.01801438;0.030320968;0.026873995;0.0075702756;0.027837118;0.025222374;0.03024686;0.02958224;0.031005025;0.029538874;0.030768098;0.028737532;0.016649466;0.029629556;0.02757299;0.0074446104;2.5059644e-05;0.0001370848;6.937337e-05;0.00032707126;4.823543e-05;6.511378e-05;6.279223e-05;0.0002779937;0.00022398001;0.00019770072;6.369567e-05;7.7736186e-05;0.0013792537;0.0009120293;0.0014295016;0.0017089868;0.0015389092;0.00090286083;0.0011002299;0.0011497999;0.0008956799;0.0017302762;0.0010113573;0.000612642;0.00011728102492376213;0.00047057271021881566;0.13122809809777536;0.08902888230460812;0.0014831557723330832;0.012461881422832317;0.0003304795961589557;0.0030564276207428248;7.471192842093487e-06;0.00028419933458998257;1.898815926645648e-05;1.6642759367832976e-06;0.008972793980420014;0.01912565149524673;0.3355663720325923;0.24177483663593657;0.02855905315552518;0.09884497139325177;0.009582910647759938;0.030645218950792967;0.001775518339739463;0.008153657024461053;0.0012830769998591874;0.0003539868321753624
00:00:39;21;2.2309716;2.2256129;0.019935092561545516;0.08274776;0.08254254;0.06549234427890335;1.8601128;1.8557903;0.4772195525185484;0.029644053;0.026208498;0.030396016;0.029689947;0.030872317;0.0302868;0.027544022;0.02953491;0.01802092;0.030290846;0.027342737;0.007696965;0.028254038;0.026022999;0.030346893;0.029760895;0.03113925;0.029595198;0.03077144;0.02899143;0.01665521;0.02961403;0.028025314;0.00757284;2.7691813e-05;0.00013971703;7.033317e-05;0.00032661777;5.006825e-05;5.889177e-05;6.2907566e-05;0.00027612995;0.00022408851;0.00019495674;6.299797e-05;7.596036e-05;0.001381886;0.0009365423;0.0014429089;0.0017110963;0.0015389225;0.00091367384;0.0011085616;0.0011569663;0.0008958572;0.0017308885;0.0010120734;0.00059235666;0.00011728187278707279;0.00047058510336278056;0.13153636248057235;0.08942186066968139;0.0014832007666611715;0.012475895659484417;0.00033047966776148413;0.003072031015375275;7.4713587339923434e-06;0.0002841996424717738;1.8989200347039886e-05;2.753301307407323e-06;0.008972888044785026;0.0191260782980283;0.3360473464841459;0.24240604292933884;0.028559541008024672;0.09888240370541913;0.00958291673157907;0.03068935991681783;0.001775547170919251;0.008153659060469892;0.0012830274772273045;0.00042932052008503327
00:00:41;22;2.2299871;2.2246768;0.01998442403828244;0.083007954;0.08278531;0.06558007982656766;1.9993227;1.9997225;0.47757668319723706;0.030007865;0.026879843;0.030387536;0.029796427;0.030932061;0.030265825;0.027473234;0.029665431;0.01802632;0.030185947;0.027726853;0.008204984;0.028611109;0.026652545;0.03033622;0.02984757;0.031165807;0.0295517;0.0307257;0.029146472;0.016659932;0.029513495;0.028395556;0.008095801;3.0040577e-05;0.00013638582;7.117521e-05;0.00032689888;5.165342e-05;6.0412476e-05;6.298389e-05;0.00027928455;0.00022417554;0.0001922524;6.1929866e-05;9.937174e-05;0.0013827787;0.0009563831;0.0014552346;0.0017127191;0.0015314575;0.00092373416;0.0011128711;0.001162241;0.0008960034;0.0017306549;0.0010139456;0.0005516885;0.00011728241620375986;0.0004705924713968171;0.1317938432615773;0.08973270964814437;0.001483233083239077;0.012486819751056907;0.0003304797030261982;0.003083617103843575;7.471466320899747e-06;0.0002841998322901525;1.8989836598249932e-05;3.84988569192757e-06;0.008972950267987794;0.01912633396051435;0.33648001804799804;0.2429057759477357;0.02855987990049196;0.0989114295335352;0.009582920075597778;0.030721896472178056;0.0017755660823535692;0.00815366001456195;0.0012829969257204584;0.00048753069013702366
00:00:42;23;2.228884;2.223639;0.02003039302757759;0.08334313;0.08310888;0.0656554495952457;2.0847964;2.0895452;0.4780839914128668;0.030305795;0.027433984;0.030345965;0.02990845;0.030956745;0.030280322;0.027356585;0.02976332;0.01803048;0.030064506;0.028064372;0.009239988;0.02890529;0.027151218;0.030295355;0.029937465;0.03114489;0.029529184;0.030629078;0.029247094;0.016663568;0.02938123;0.028723398;0.009183583;3.2086773e-05;0.00012716009;7.191797e-05;0.00033100898;5.2937976e-05;6.0748454e-05;6.30342e-05;0.0002818994;0.00022424315;0.00018880307;6.0840346e-05;0.00012239328;0.0013815444;0.00097406673;0.0014690437;0.0017138061;0.0015149867;0.00093457627;0.0011134895;0.0011648308;0.0008961201;0.0017270299;0.0010151705;0.00049359415;0.00011728279683566339;0.0004705971272967077;0.13201300214691727;0.09004575132415034;0.0014832575884768688;0.01249586828644875;0.00033047972219308084;0.003093844919720667;7.471536040759214e-06;0.0002841999529702313;1.8990271341966284e-05;3.970658538813676e-06;0.008972995646155434;0.019126496476911434;0.3368685444907794;0.24337027188687496;0.02856012844799049;0.09893535728280593;0.00958292213448902;0.030750428430980446;0.0017755783941504717;0.00815366053751605;0.0012829775728304617;0.00048603384146430565
00:00:44;24;2.227785;2.222612;0.020073817315861425;0.083783016;0.083540946;0.06572477999005745;2.1495554;2.1535347;0.4790174234103986;0.030556882;0.027923925;0.030383537;0.030084351;0.031026904;0.030422606;0.02723387;0.029917588;0.018033383;0.029979238;0.028377702;0.010774355;0.029157458;0.02757751;0.030339379;0.030089753;0.03116165;0.029619742;0.03051756;0.029374879;0.016666122;0.02927533;0.029030168;0.010811687;3.3712255e-05;0.00011365729;7.2554365e-05;0.00033993734;5.3945467e-05;5.9082282e-05;6.30724e-05;0.00028401558;0.00022429154;0.00018394466;5.943993e-05;0.00014158631;0.0013790955;0.0009910691;0.001484785;0.0017133106;0.0014938564;0.0009471243;0.0011127217;0.0011678499;0.0008962077;0.001723984;0.0010139587;0.0005205465;0.00011728306374070794;0.0004706000149646737;0.1322050025093835;0.09036021589375985;0.0014832744300599643;0.012504162731071326;0.000330479733143982;0.0031016391231918636;7.471579787305902e-06;0.0002842000312388776;1.8990547321404635e-05;2.4881326735876158e-06;0.008973028092591286;0.01912659818264128;0.3373273528759042;0.24379626919583045;0.028560297520154904;0.09895720703524351;0.009582923399016433;0.03077204942338945;0.0017755862432200828;0.008153660762614649;0.0012829645136733703;0.00038942263640987976
00:00:46;25;2.2268555;2.2217472;0.020114006373394718;0.084258966;0.08400409;0.0657838556924911;2.2856245;2.287377;0.4800731786767277;0.030760244;0.028371569;0.030520989;0.030343432;0.031144138;0.03071478;0.027092779;0.03013792;0.018035227;0.029972024;0.028660303;0.012536204;0.02936609;0.02796582;0.030484844;0.030329086;0.031225353;0.029858094;0.030376548;0.029544918;0.016667776;0.02924527;0.02930857;0.012659309;3.4863082e-05;0.0001004873;7.308437e-05;0.00035096498;5.4701733e-05;5.564194e-05;6.31013e-05;0.000285687;0.00022432524;0.00017774728;5.7495763e-05;0.00015462528;0.0013763861;0.0010059696;0.0015005425;0.0017125894;0.0014731941;0.00096126716;0.0011106634;0.001172143;0.0008962694;0.0017223239;0.0010120628;0.0005465298;0.00011728325159081034;0.0004706018013209032;0.13237577475534343;0.09066145009857801;0.0014832856952514536;0.0125105208945232;0.00033047973973020467;0.0031070292763178665;7.47160745586017e-06;0.000284200082621327;1.8990726227098294e-05;9.885517764708899e-07;0.008973051042084887;0.019126662025541395;0.33779564202203244;0.24413991050793696;0.028560411840115957;0.09897390369673646;0.009582924226709628;0.03078694822362938;0.0017755914037613611;0.008153660732869522;0.001282955967520199;0.0002546066209547673
00:00:48;26;2.2261639;2.2210999;0.02014764178402134;0.0847235;0.08446156;0.06583327344043201;2.5420778;2.537166;0.48088534284380624;0.030943265;0.028784897;0.030718787;0.030639963;0.031288434;0.031078298;0.026971975;0.030400122;0.018036192;0.030024037;0.02892449;0.014205371;0.029560424;0.028334565;0.03068698;0.030617565;0.03132128;0.030175367;0.030249495;0.029749734;0.016668687;0.029279392;0.029568244;0.014376007;3.560908e-05;9.0170775e-05;7.3500916e-05;0.00036073747;5.525323e-05;6.479643e-05;6.3123065e-05;0.0002869809;0.0002243468;0.000170744;5.5563512e-05;0.00016297499;0.0013741526;0.0010177171;0.0015137092;0.0017135527;0.0014890543;0.0009756461;0.0011082856;0.0011772537;0.00089630554;0.0017223044;0.0010095076;0.0005667194;0.00011728338785544462;0.0004706029719029048;0.13251842967519187;0.09091386992075773;0.001483294312931587;0.012515576232042275;0.0003304797439851891;0.0031112246690009468;7.4716244455361806e-06;0.0002842001174310166;1.8990849757329385e-05;2.7790295419966185e-07;0.008973068083964244;0.019126704290325643;0.3381427771237466;0.24447273955172413;0.028560497903357275;0.09898714537365368;0.009582924805948039;0.03079850811303073;0.0017755945774844321;0.008153660484689166;0.0012829496078874006;0.000142711369372584
00:00:50;27;2.2256732;2.2206383;0.020172462044308646;0.08514235;0.08486947;0.06587607040335197;2.9185498;2.9039986;0.4815287270096864;0.031102208;0.029167576;0.030942712;0.030929487;0.031432584;0.03143335;0.026881887;0.030667497;0.018036507;0.030112768;0.029178677;0.015590968;0.029735595;0.028692417;0.030909473;0.030903906;0.031426948;0.030496426;0.030150104;0.029968813;0.016669055;0.029356012;0.029818077;0.015779158;3.6074376e-05;8.346785e-05;7.3813644e-05;0.00036749258;5.5657714e-05;7.4735945e-05;6.31407e-05;0.00028797516;0.00022435964;0.00016358297;5.36895e-05;0.0001682805;0.0013764196;0.0010260795;0.0015230847;0.0017161164;0.001505213;0.0009888082;0.0011061266;0.0011827599;0.00089632074;0.0017234884;0.0010068994;0.0005829064;0.00011728349160247548;0.00047060375919766594;0.13264120580909947;0.09108163466188895;0.0014833009701028686;0.012519659796735343;0.0003304797468825638;0.00311464935668589;7.4716349046951804e-06;0.0002842001422594041;1.899093723915428e-05;6.422510522158966e-08;0.008973081300701102;0.01912673311213534;0.3384672057109159;0.24471090356195663;0.02856056396679657;0.09899781807282546;0.009582925227446732;0.03080791553962674;0.0017755966553150615;0.008153660214612769;0.0012829449370840025;7.349654080722501e-05
00:00:52;28;2.2253225;2.2203062;0.020191463553298563;0.08551149;0.08522383;0.06591201061883432;3.39058;3.3585765;0.4819839175054333;0.031240985;0.029514728;0.031164443;0.03120011;0.031570133;0.03175206;0.026821211;0.03092047;0.018036237;0.030219926;0.02941317;0.01666376;0.02989097;0.029032292;0.031124547;0.03117204;0.031537216;0.030793173;0.030079735;0.030185886;0.016668957;0.029456805;0.030048722;0.016854445;3.636193e-05;7.974174e-05;7.40491e-05;0.0003715167;5.5957767e-05;8.3535e-05;6.3155414e-05;0.00028874434;0.00022436626;0.00015689844;5.1973402e-05;0.000179842;0.0013821999;0.0010314772;0.0015287185;0.0017201516;0.0015159723;0.00100031;0.0011042919;0.0011879603;0.00089631794;0.0017263948;0.00100399;0.00059560343;0.00011728357336839012;0.0004706043020787182;0.13274466234217108;0.09120031758631866;0.0014833064073887941;0.012522912728159858;0.0003304797488942142;0.0031173195212440296;7.471640927788571e-06;0.000284200160304037;1.8990999891080604e-05;1.3628836104708628e-08;0.008973092010454998;0.019126753122346397;0.33872579481982423;0.2449046179856086;0.028560617213107438;0.09900630840977173;0.009582925530269475;0.030815240307267715;0.0017755979359765646;0.008153659932317595;0.001282941586218356;3.657857284881295e-05
00:00:54;29;2.2250688;2.22006;0.02020737227075263;0.085832775;0.08552452;0.06594293502886238;3.9341686;3.8774624;0.4823033489731874;0.031355057;0.0298257;0.031366773;0.031444646;0.03169993;0.032027103;0.026785407;0.031154053;0.018035483;0.030340757;0.02962663;0.017480398;0.03001979;0.029348165;0.031315323;0.03141173;0.03164867;0.031055428;0.030035097;0.030393455;0.016668444;0.029574461;0.030257953;0.01766819;3.6539182e-05;7.823325e-05;7.4228425e-05;0.00037356603;5.618838e-05;9.114032e-05;6.31675e-05;0.00028934953;0.00022436836;0.00015090425;5.034869e-05;0.00018763555;0.0013881156;0.00103478;0.0015313295;0.0017247198;0.0015230794;0.0010101391;0.0011027441;0.001192961;0.0008962995;0.0017304989;0.0010012493;0.00060251664;0.00011728364053263059;0.00047060468521952653;0.13283459116803456;0.0912971646300559;0.0014833104411715859;0.012525047387609184;0.00033047975034067426;0.0031193197390353266;7.471643688344563e-06;0.0002842001735013168;1.899104491636546e-05;2.9449261742088502e-09;0.00897310100492868;0.019126767384588215;0.3389268229461974;0.2450817941666974;0.02856065758369417;0.0990118742522758;0.009582925758142655;0.030820719838583102;0.0017755986718021159;0.00815365966927394;0.001282938968442127;1.836010172261724e-05
00:00:55;30;2.2248712;2.2198708;0.02022099814116436;0.08610912;0.0857817;0.06596913213311659;4.5299153;4.4427013;0.48253615017796186;0.031450175;0.030104708;0.03154811;0.03166442;0.031811956;0.03226519;0.026761211;0.03136872;0.018034188;0.030462796;0.0298194;0.018109025;0.030129807;0.029638316;0.031481586;0.03162476;0.03175028;0.031287234;0.030002356;0.030587766;0.016667517;0.029696174;0.030446732;0.018292628;3.664944e-05;7.817741e-05;7.436878e-05;0.00037430404;5.637756e-05;9.764679e-05;6.3177606e-05;0.00028983405;0.00022436681;0.00014562941;4.872526e-05;0.00019207904;0.0013940781;0.00103659;0.0015317377;0.0017292947;0.0015277591;0.0010185335;0.0011013475;0.0011974076;0.00089626486;0.0017352294;0.0009989601;0.00060560164;0.00011728369805432796;0.0004706049638974188;0.13291142855267596;0.09138049105839967;0.0014833138518326658;0.012526664306228353;0.0003304797513821373;0.0031210479256809994;7.471643506763238e-06;0.0002842001833639789;1.8991078069610372e-05;6.808805023036761e-10;0.008973108888457738;0.019126777828399326;0.33908494120514304;0.24523791709753323;0.028560690968820215;0.09901608778808706;0.009582925926030153;0.0308254456580317;0.0017755988767000155;0.00815365948693709;0.0012829369914086474;9.494881850576438e-06
00:00:57;31;2.224717;2.219721;0.02023232287137083;0.0863476;0.086007185;0.0659894150580779;5.160123;5.036452;0.482709733441266;0.031529896;0.030351717;0.03171127;0.031863995;0.03191528;0.032471456;0.026749315;0.031561166;0.018032255;0.03058196;0.029991545;0.01859933;0.030224761;0.029900033;0.031627696;0.031816848;0.031848755;0.031490825;0.029982995;0.030763207;0.01666608;0.029817343;0.030615939;0.018778807;3.6718186e-05;7.9021665e-05;7.448062e-05;0.0003742592;5.6535322e-05;0.00010320127;6.318613e-05;0.00029023096;0.0002243617;0.00014101913;4.7123416e-05;0.00019438745;0.0013993543;0.0010373022;0.0015307887;0.001734289;0.0015308503;0.0010256944;0.0011000286;0.0012016821;0.0008962116;0.001740478;0.0009965019;0.00060619565;0.00011728374791100565;0.0004706051679167537;0.13297363137952964;0.09145164997602374;0.0014833166380593993;0.012527546257709165;0.0003304797521433084;0.003122698429860792;7.4716406841839065e-06;0.0002842001907809296;1.8991102079702826e-05;1.7375136252613347e-10;0.008973115806682941;0.019126785529018257;0.3392107904395741;0.24535299739418254;0.028560718041394418;0.0990183877102799;0.009582926052440712;0.030829946408756963;0.0017755987188525018;0.008153659319878815;0.001282935460420403;5.119815453263763e-06
00:00:59;32;2.224593;2.2195985;0.020241473720422953;0.08655518;0.08620547;0.06600447434218282;5.8137593;5.649608;0.4828125034790334;0.031598046;0.030568382;0.03185514;0.032042984;0.03200968;0.032652427;0.026746228;0.031733334;0.018029552;0.030693972;0.03014995;0.018991012;0.030308144;0.03013248;0.03175393;0.031988338;0.03194233;0.031671304;0.029973224;0.030920576;0.016664049;0.029933378;0.030771162;0.019166932;3.676219e-05;8.0381964e-05;7.457224e-05;0.00037365576;5.667141e-05;0.00010806337;6.3193474e-05;0.00029056132;0.00022435303;0.00013687203;4.5477504e-05;0.00019536955;0.0014041654;0.0010372296;0.0015290392;0.0017388322;0.0015328936;0.0010318405;0.0010987568;0.0012055546;0.0008961362;0.0017458253;0.0009946487;0.00060528103;0.00011728379125381352;0.00047060532168328296;0.13302036104324153;0.0915128560545348;0.001483318942389386;0.012527913424352404;0.0003304797527224416;0.0031242033136058556;7.471634763353182e-06;0.00028420019648800054;1.8991120180097365e-05;4.986053095620263e-11;0.008973121851283345;0.019126791379423344;0.3392879365082633;0.2454536931763715;0.028560740240254595;0.09901935558861535;0.009582926151191154;0.030834040559910895;0.0017755981776630609;0.008153659147954882;0.0012829342059840142;2.895119278355534e-06
00:01:01;33;2.2244885;2.2194977;0.020249151221299177;0.086736426;0.08638103;0.06601738475275837;6.480069;6.272258;0.48288525603618315;0.031653464;0.030760247;0.031983554;0.03220322;0.03209697;0.032809734;0.026748674;0.031889122;0.018025791;0.030801294;0.030294325;0.01930932;0.03037858;0.0303405;0.031865075;0.032140467;0.032031506;0.031828534;0.029969148;0.03106324;0.016661195;0.030046035;0.030913275;0.019482637;3.6792437e-05;8.2053004e-05;7.464805e-05;0.0003727165;5.678966e-05;0.00011237438;6.319981e-05;0.0002908401;0.0002243398;0.00013311779;4.380308e-05;0.00019549535;0.0014083707;0.001036568;0.0015269578;0.001742648;0.0015341695;0.0010371447;0.0010974553;0.001209098;0.0008960296;0.0017512719;0.0009934169;0.00060349464;0.00011728382888329755;0.0004706054417996342;0.1330593423324197;0.09156454238841667;0.0014833208896122864;0.012528087732100145;0.0003304797531665141;0.0031254893129824364;7.471624865456431e-06;0.0002842002009593323;1.8991134261856232e-05;1.612283786933194e-11;0.008973127133336187;0.019126795936457268;0.3393427845714056;0.24555096013489133;0.02856075880307796;0.0990198192729968;0.009582926228606454;0.03083753640425754;0.0017755971864765524;0.008153659004543661;0.001282933254398791;1.7191026520118492e-06
00:01:03;34;2.2244036;2.2194135;0.020255981906163154;0.08689663;0.08653924;0.0660277229238727;7.150357;6.896421;0.48292060885939403;0.031704653;0.030930217;0.032096423;0.032347742;0.032176565;0.03294764;0.026756717;0.032029293;0.018020475;0.0309001;0.030425178;0.019572472;0.030444538;0.030526241;0.0319615;0.03227614;0.03211464;0.03196652;0.029971361;0.031192197;0.016657155;0.030150956;0.03104325;0.01974448;3.681347e-05;8.3878e-05;7.4711264e-05;0.00037176666;5.6895526e-05;0.00011607186;6.3205065e-05;0.00029108027;0.0002243202;0.00012984328;4.2320364e-05;0.00019507406;0.001412115;0.0010356138;0.001524646;0.0017457944;0.001534913;0.0010417525;0.0010961216;0.0012122538;0.0008958785;0.00175643;0.0009975772;0.00060123525;0.0001172838613105449;0.0004706055369154564;0.1330906718750064;0.09161402188891973;0.0014833225364048414;0.012528132368439868;0.0003304797535063808;0.0031266020888191994;7.471608984639287e-06;0.0002842002044724739;1.899114532575712e-05;5.852494003217802e-12;0.0089731317085;0.01912679953576451;0.33937147788420097;0.24564380578628262;0.02856077438104419;0.09901994438640675;0.009582926289317712;0.030840558730264304;0.0017755954841461035;0.008153658874697843;0.0012829324759406607;1.0695499066042147e-06
00:01:04;35;2.2243283;2.2193413;0.020262166140700883;0.087039374;0.086681396;0.06603543160453691;7.8183594;7.516525;0.48292293198676844;0.031749643;0.031082405;0.032197498;0.032479674;0.03224633;0.03306798;0.026768195;0.032156873;0.018012807;0.030992208;0.030544065;0.019794287;0.030504372;0.030693239;0.03204738;0.03239906;0.032188956;0.032086916;0.0299776;0.03130976;0.016651269;0.030249566;0.031162046;0.019966856;3.6831894e-05;8.576156e-05;7.4765194e-05;0.00037072238;5.6992736e-05;0.00011925158;6.320939e-05;0.00029128714;0.00022429106;0.00012700855;4.086588e-05;0.00019432287;0.0014153919;0.0010344129;0.0015290191;0.0017483587;0.0015353771;0.0010456861;0.001094777;0.0012150218;0.0008956583;0.001761389;0.0010022478;0.0005987582;0.00011728388933682822;0.0004706056131494696;0.13311482718194526;0.09166315736936033;0.001483323912635181;0.012528047592745336;0.0003304797537741992;0.0031276054285813114;7.4715830858581495e-06;0.00028420020722507935;1.899115420431195e-05;2.3674604235613176e-12;0.008973135662540313;0.019126802415359856;0.33937797906716405;0.24572765762251825;0.028560787379315358;0.09901973043365238;0.00958292633811397;0.03084328127938684;0.0017755927047735359;0.008153658750939251;0.0012829318549963274;6.957456826545951e-07
00:01:06;36;2.224263;2.2192788;0.02026626572591292;0.087166905;0.0868072;0.06603842198770789;8.482659;8.13192;0.4828872099055143;0.031793248;0.031216692;0.03228737;0.03259821;0.032307524;0.033172667;0.026782569;0.032270327;0.018001188;0.031075181;0.03065407;0.019985953;0.030561715;0.030841254;0.032123934;0.032509144;0.032255687;0.032191556;0.029987473;0.03141483;0.016642323;0.03033928;0.031272423;0.020160884;3.6849815e-05;8.7619526e-05;7.481183e-05;0.00036957124;5.7082336e-05;0.00012207776;6.321299e-05;0.00029146796;0.00022424613;0.00012447192;3.938727e-05;0.00019339203;0.0014184865;0.0010329578;0.0015332345;0.0017502789;0.0015356694;0.0010489947;0.0010934662;0.0012173209;0.00089532457;0.001766207;0.0010070491;0.0005962534;0.00011728391285132695;0.0004706056744805802;0.13312594538784323;0.09170055803662257;0.001483325067472154;0.012527851682401135;0.00033047975398294894;0.0031284762847516604;7.471538911838303e-06;0.00028420020928925777;1.8991161289105733e-05;1.0592359494079595e-12;0.008973138981836831;0.019126804736240562;0.3393556215378342;0.24578425629023068;0.028560798196824375;0.09901922521518859;0.009582926376858274;0.030845642494828147;0.001775588005765347;0.008153658623237433;0.0012829313728072327;4.7202084289296664e-07
00:01:08;37;2.224204;2.2192225;0.020269552697758444;0.08727977;0.086918265;0.06604087136105453;9.1386;8.738577;0.48286126007845964;0.031836387;0.031333316;0.032369;0.032707043;0.03235828;0.033264462;0.026796829;0.032372467;0.01798217;0.03115056;0.03075171;0.020152904;0.030618;0.030970454;0.0321935;0.032610357;0.03231299;0.032283;0.02999791;0.031509995;0.016627615;0.030421183;0.03137199;0.020332066;3.686843e-05;8.93816e-05;7.485245e-05;0.00036842696;5.7166162e-05;0.00012460786;6.3216015e-05;0.00029162737;0.00022417102;0.00012220314;3.796289e-05;0.00019238896;0.0014213535;0.001031376;0.0015369323;0.0017518057;0.0015357855;0.0010516911;0.0010921524;0.0012192167;0.0008947798;0.0017706504;0.0010118247;0.0005937952;0.00011728393222644484;0.00047060572475676895;0.13313551577590274;0.09172999175475632;0.0014833261049625056;0.012527539226890776;0.0003304797541450995;0.003129227265370965;7.471455804270334e-06;0.00028420021080037056;1.8991166965080428e-05;5.198435582059564e-13;0.008973141718686678;0.019126806626450252;0.3393394316638137;0.2458287480950158;0.028560807662014378;0.0990184149465454;0.009582926407411018;0.03084767739660789;0.0017755790961454672;0.008153658508093195;0.0012829309754569906;3.332364135040071e-07
00:01:10;38;2.2241468;2.219171;0.020271952922090095;0.08737733;0.08701451;0.06604124952496129;9.785482;9.335247;0.48283642965570933;0.03187776;0.03143314;0.032441612;0.032802682;0.032404378;0.03334155;0.026812656;0.032463532;0.01794685;0.031214476;0.030838475;0.020298462;0.030670894;0.031082321;0.032255076;0.03269874;0.03236562;0.0323599;0.030010339;0.03159573;0.01660013;0.030491645;0.03146225;0.020483473;3.688887e-05;9.103386e-05;7.488822e-05;0.0003672927;5.7241312e-05;0.0001269191;6.321856e-05;0.00029176945;0.00022402684;0.00012014763;3.8835307e-05;0.00019134178;0.0014238376;0.0010297396;0.001540139;0.0017527469;0.0015356978;0.0010536271;0.0010909293;0.0012209734;0.0008937773;0.0017745724;0.001016637;0.0005913947;0.00011728394774647411;0.00047060576580637364;0.13314032780825957;0.09175354253968476;0.0014833270251029232;0.012527207151581229;0.00033047975426484026;0.003129998417750221;7.471271332925217e-06;0.00028420021174226334;1.899117153059073e-05;2.790197773609472e-13;0.008973143932270139;0.019126808151735064;0.3393256774404857;0.24584591564042635;0.028560815780612633;0.09901754956387254;0.00958292643065791;0.030849764915487035;0.001775558770743302;0.008153658390758227;0.0012829306380659812;2.446444204080652e-07
00:01:12;39;2.2240858;2.2191162;0.020273340286461616;0.087451436;0.087089635;0.06603755432561151;10.433845;9.933457;0.482760414834587;0.03192265;0.031506825;0.032494944;0.032885984;0.032432415;0.033401795;0.02682372;0.032539606;0.017863061;0.031260673;0.030918805;0.020430222;0.030725608;0.031167323;0.032297503;0.032776542;0.032400716;0.032421026;0.030018095;0.031668365;0.016534451;0.030544577;0.03154731;0.020623475;3.690928e-05;9.234741e-05;7.491992e-05;0.00036623678;5.731387e-05;0.00012903598;6.322069e-05;0.00029189987;0.00022366365;0.000118338045;3.9983344e-05;0.00019043084;0.0014261935;0.0010280422;0.0015428636;0.0017535485;0.0015355534;0.0010542362;0.0010899137;0.0012220686;0.0008914555;0.0017777343;0.0010213561;0.0005892096;0.00011728395814405277;0.0004706057978205436;0.13313422318765303;0.0917762012114549;0.0014833279106970254;0.012526641105510036;0.000330479754344707;0.0031306584165082503;7.470708294238786e-06;0.0002842002119135762;1.8991175033966272e-05;1.6504175823431923e-13;0.008973145400023856;0.01912680933636956;0.3392761409637798;0.24585091831926342;0.02856082312228129;0.09901607176146865;0.009582926447384413;0.0308515482992319;0.001775491968359282;0.008153658236115654;0.0012829303077143527;1.8774534588932938e-07
00:01:14;40;2.223946;2.2190154;0.020272153607653727;0.08742497;0.087075874;0.06603135320564128;11.168416;10.620353;0.48269144499172273;0.031965893;0.031500828;0.03250862;0.03290961;0.032396603;0.033395328;0.026815273;0.032567192;0.017472193;0.031232554;0.030967228;0.020548437;0.030779017;0.031170864;0.032302953;0.032801617;0.032383792;0.032419335;0.03000388;0.031697147;0.01622385;0.030527875;0.03160809;0.020752352;3.692702e-05;9.227199e-05;7.494733e-05;0.0003649761;5.7387115e-05;0.00013091379;6.322169e-05;0.0002920212;0.00022165419;0.00011706596;4.0604034e-05;0.0001902406;0.0014279179;0.0010258985;0.001544916;0.0017538709;0.0015353562;0.0010490518;0.0010901022;0.0012225468;0.0008813808;0.0017792055;0.0010254384;0.0005913476;0.00011728395635620749;0.0004706058161233467;0.13312099687897022;0.0917762379957468;0.0014833287565593056;0.01252522841101961;0.0003304797543483457;0.0031310238955253034;7.4664405660436436e-06;0.0002842002097119406;1.8991176802240503e-05;1.1536792052924316e-13;0.008973145077009203;0.01912681001087814;0.3392306354485178;0.24582537266029425;0.02856082925556433;0.09901238397342248;0.009582926452408786;0.030852531147901898;0.0017748603768923225;0.008153657874128044;0.0012829298575308607;1.5633314730019814e-07
00:01:15;41;2.2225108;2.2182;0.020222706225263815;0.08596666;0.08584068;0.0660378068522994;25.645708;23.520432;0.483477499416846;0.031216608;0.029706182;0.030620834;0.030010613;0.030407786;0.031556405;0.026884561;0.03114737;0.017040038;0.029859222;0.030011449;0.020568578;0.030000867;0.029542286;0.03046023;0.029965404;0.03075382;0.030667434;0.030044883;0.030516192;0.016295986;0.029306298;0.030755542;0.020775737;3.698889e-05;6.63515e-05;7.503361e-05;0.00028446756;5.7954647e-05;0.00012685312;6.3206535e-05;0.00029239562;0.00011370924;0.00012546453;4.576726e-05;0.00020722547;0.001424643;0.0010131382;0.0015426751;0.0016790703;0.0015392503;0.00094781956;0.0011158419;0.0012147602;0.00075387885;0.0017757993;0.0010296971;0.00059664046;0.00011728386640264946;0.00047060579219971;0.13318952481577698;0.09112227302152556;0.001483329464378675;0.012520626803727888;0.0003304797538750359;0.003127190766760636;7.96905049834672e-06;0.0002842001968378099;1.8991170979657304e-05;2.0280917479648716e-13;0.008973131340983254;0.01912680926750047;0.3399278324578221;0.24511801106687822;0.028560833191476415;0.09900040824118965;0.009582926373890658;0.0308421298448307;0.0018848067121097665;0.008153656371901904;0.0012829287962751793;2.0856273430446298e-07
00:01:17;42;2.221797;2.2176423;0.020229384958988506;0.08585976;0.085743375;0.06598863248607777;32.293705;28.533094;0.48187345410717447;0.030954344;0.02952054;0.030185977;0.029763404;0.030217763;0.031263113;0.02681584;0.030834593;0.017948827;0.029773422;0.029934833;0.020478955;0.029728288;0.02936766;0.029995248;0.029745668;0.030667253;0.030417822;0.029927721;0.030289263;0.017107232;0.02925657;0.030700754;0.0206545;3.7018675e-05;6.834137e-05;7.506865e-05;0.00025775158;5.8190893e-05;0.00012775959;6.3212465e-05;0.0002926207;7.26781e-05;0.00012651007;5.7755322e-05;0.00020604956;0.0014209782;0.0010141536;0.0015440759;0.0016839798;0.0015446248;0.00092785805;0.0011165376;0.0012033966;0.00071755407;0.0017745873;0.0010215583;0.0005987417;0.00011728388969138882;0.0004706058451134854;0.13303929138190312;0.09134662496875788;0.0014833314012912845;0.012523812404660679;0.00033047975428104193;0.00312904181279627;8.956670198685767e-06;0.0002842002020611985;1.89911769844419e-05;1.225678156309475e-13;0.00897313485169069;0.01912681113883167;0.338917962756635;0.245437595559472;0.028560849844873455;0.09900872918170096;0.009582926449910602;0.03084714526185192;0.001971687860976097;0.008153656708169919;0.001282928550048263;1.616687726263318e-07
00:01:19;43;2.2210073;2.2169952;0.020240578196683182;0.08573736;0.0856262;0.06593433139414605;39.28656;33.324364;0.4804055894193246;0.030734014;0.029466119;0.029773023;0.02954163;0.030041315;0.031007083;0.026717093;0.030559666;0.018610457;0.029664798;0.029859196;0.020437613;0.029508047;0.029308802;0.029555123;0.029551465;0.03057641;0.030210543;0.029782051;0.030080792;0.017670486;0.029188382;0.030634139;0.020571262;3.704575e-05;7.1261995e-05;7.509196e-05;0.00022221301;5.8363203e-05;0.00012863673;6.321591e-05;0.00029276896;4.7660094e-05;0.00012672883;6.6827044e-05;0.00020420802;0.0014189447;0.0010158401;0.0015452266;0.0016874763;0.001548703;0.00092109625;0.0011171118;0.0011903044;0.00076110556;0.0017712197;0.0010180332;0.0006004079;0.00011728390439832242;0.00047060586709138374;0.13295593615908002;0.09155963332485594;0.0014833325592910414;0.012525966187445982;0.0003304797545429442;0.003129999439278282;1.0509777868832175e-05;0.0002842002051356763;1.899118112607193e-05;8.378525457981486e-14;0.008973137059455757;0.019126811938115187;0.33797667383766744;0.24562758911849836;0.0285608600155137;0.09901434593141814;0.009582926499705682;0.03084973826172195;0.0020631755424698204;0.00815365688247114;0.0012829284379605019;1.3320475517658548e-07
00:01:21;44;2.2200916;2.2162158;0.020253482004108866;0.08559732;0.0854761;0.0659615301725489;46.863903;38.0583;0.47902524761035425;0.030536914;0.029429939;0.02938268;0.029342132;0.029874632;0.030760758;0.026589597;0.030292597;0.019106837;0.029526524;0.02977966;0.020400885;0.029324545;0.029268935;0.029144997;0.029372541;0.030474791;0.030018536;0.029607397;0.029867442;0.018062621;0.02909247;0.03054897;0.020485431;3.7062135e-05;7.380491e-05;7.5103315e-05;0.0001809981;5.85001e-05;0.00012985074;6.3218e-05;0.0002928763;9.845702e-05;0.0001262264;7.4368385e-05;0.00020284225;0.0014249648;0.00101755;0.0015459837;0.0016943688;0.0015521207;0.000933406;0.0011175598;0.0011750024;0.00079414883;0.0017660254;0.0010147758;0.0006019237;0.00011728391426682118;0.00047060587825045367;0.13291206658400748;0.09175358823787093;0.0014833332997021003;0.01252781477755328;0.0003304797547244167;0.0031306854528597196;1.2734758676220651e-05;0.000284200207224706;1.89911841088069e-05;6.144323009912281e-14;0.008973138586629585;0.01912681234116069;0.3381307246561316;0.2456962366477874;0.028560866582434983;0.09901915906780066;0.009582926534542313;0.030851594094220284;0.0021602046208514985;0.008153657006761912;0.001282928371791846;1.1356047412384623e-07
00:01:23;45;2.219042;2.2152882;0.020264130135968856;0.085431725;0.08530432;0.06598472653495943;54.479683;42.58675;0.4786753375652103;0.030345159;0.029393109;0.029062288;0.029191053;0.029756267;0.030525912;0.026407842;0.030043803;0.019454477;0.029314997;0.029687634;0.020320943;0.029165188;0.029224401;0.028816542;0.029230263;0.030397898;0.029841905;0.029378891;0.02965563;0.018291965;0.028924912;0.030435253;0.020353407;3.7064285e-05;7.632706e-05;7.509999e-05;0.00013988653;5.8592086e-05;0.00013222324;6.321924e-05;0.00029294498;0.00014746624;0.0001242973;8.043304e-05;0.00020151284;0.0014303464;0.0010191298;0.0015468589;0.0017086182;0.0015544767;0.00094314443;0.0011174901;0.0011583827;0.0008144393;0.0017575042;0.0010110616;0.0006026948;0.000117283921976243;0.0004706058843019268;0.13289540159549235;0.09189315847595547;0.001483333594627466;0.012529620341636998;0.00033047975485981344;0.0031312537765481184;1.523289104533465e-05;0.0002842002088437281;1.8991186291806195e-05;4.701557074557102e-14;0.008973139838712991;0.019126812549461476;0.3382071049100623;0.2458034374228191;0.0285608694326844;0.09902385349524906;0.009582926560283773;0.030853131177156705;0.0022487588695609354;0.008153657115763761;0.0012829283346935873;9.871306535015408e-08
00:01:25;46;2.2178807;2.2142305;0.020261787328659468;0.08524108;0.08510349;0.06600926396330518;61.31082;47.070972;0.478504371091189;0.030136859;0.029354142;0.028898187;0.029104074;0.029661624;0.030344151;0.026175844;0.029819353;0.019679205;0.029000144;0.029583298;0.020189915;0.029013488;0.029160459;0.028657159;0.02914061;0.030324468;0.029712161;0.029106162;0.029447824;0.018379133;0.028647423;0.030290956;0.020176891;3.7053516e-05;7.882547e-05;7.507832e-05;0.00012050641;5.864149e-05;0.00013650124;6.321979e-05;0.00029298084;0.00018840695;0.000120243334;8.47178e-05;0.00020017703;0.0014345736;0.0010208127;0.0015489883;0.0017305891;0.0015561924;0.0009510921;0.0011173667;0.0011425472;0.0008201137;0.0017443293;0.0010073337;0.0006026939;0.00011728392852281607;0.000470605884003139;0.1328756836985114;0.09188149005746217;0.0014833334824366098;0.012530523069034799;0.0003304797549565428;0.0031317559285436412;1.7100742417984314e-05;0.00028420021020602226;1.8991187781185507e-05;3.731561172326869e-14;0.008973140946504737;0.019126812517765438;0.33817467794049616;0.24606662611981708;0.02856086886423536;0.09902619548186034;0.009582926577720611;0.03085448813263544;0.002308758291419653;0.008153657225159086;0.001282928349510665;8.711253737633885e-08
00:01:26;47;2.2166886;2.2131143;0.020240879798014328;0.085060045;0.08488656;0.06594759653024966;66.78999;52.149452;0.47836328835077746;0.029900353;0.029306758;0.028930904;0.029076234;0.029559273;0.03027059;0.025913222;0.02964033;0.019837074;0.028624473;0.029449588;0.020015359;0.028865347;0.02906869;0.028700251;0.02910084;0.030246947;0.029663682;0.02880987;0.029269293;0.018388866;0.028297186;0.03010532;0.019973524;3.7034315e-05;8.125619e-05;7.5037344e-05;0.00014454279;5.8652615e-05;0.00014257176;6.321998e-05;0.00029299126;0.00021646917;0.00011423634;8.7205415e-05;0.00019881305;0.0014364097;0.0010221789;0.0015524474;0.0017571383;0.0015572768;0.0009579156;0.0011174176;0.0011293805;0.00081018003;0.0017288658;0.0010043548;0.0006020935;0.00011728393317105239;0.00047060587661051803;0.13283542026728165;0.09167118087613174;0.001483333073591479;0.012529903464082115;0.00033047975501896164;0.003131932017083246;1.7226913370355153e-05;0.0002842002112410644;1.8991188559107623e-05;3.0639130700786593e-14;0.008973141775082828;0.01912681223992063;0.3380310689023068;0.24546145625001917;0.028560865568153387;0.09902458299273317;0.009582926587692185;0.030854963511717064;0.0023186768371276697;0.008153657320636843;0.0012829284000222352;7.797758391736034e-08
00:01:28;48;2.215564;2.2120428;0.020215104253914876;0.08489874;0.08473464;0.06590813113316998;71.98411;59.537853;0.4789540971097543;0.029676152;0.029213313;0.029061668;0.029094627;0.02943569;0.030258803;0.025678108;0.029524429;0.020009967;0.028349569;0.029287532;0.019846182;0.028754156;0.028939093;0.028827494;0.02910455;0.030175025;0.029638238;0.028550187;0.029147577;0.018429631;0.0280375;0.02989421;0.019794531;3.7010366e-05;8.3405015e-05;7.498769e-05;0.00015838568;5.864034e-05;0.0001472424;6.3220046e-05;0.0002929876;0.00023295736;0.00010954412;8.843059e-05;0.00019760328;0.0014368463;0.0010220285;0.0015557343;0.0017805833;0.001557448;0.000963381;0.0011178446;0.0011160165;0.0007835692;0.0017172112;0.0010031355;0.00060158176;0.00011728393376076774;0.0004706058658871476;0.13280489393086767;0.09139651162885482;0.0014833323967667492;0.01252801841577448;0.0003304797550395242;0.003131553263006226;1.538045711522393e-05;0.00028420021130235704;1.8991188577093273e-05;2.6448955154263462e-14;0.008973142006735248;0.01912681183621886;0.3378171298384445;0.24525496287877377;0.028560859806191576;0.09901968118396669;0.009582926588330595;0.030853938665802754;0.002271463544570866;0.008153657372808423;0.0012829284302899259;7.144590656750222e-08
00:01:30;49;2.2146044;2.2111216;0.020200735113301924;0.084788136;0.08461759;0.06587469726252243;81.428055;73.069145;0.4799040119722242;0.02949267;0.029122433;0.029102042;0.029129287;0.029281914;0.030225974;0.02548615;0.02945207;0.020399127;0.028250646;0.029157002;0.019711012;0.028679702;0.028834265;0.028847324;0.029128905;0.030090148;0.029560177;0.028341465;0.02908754;0.018710906;0.02795375;0.029716237;0.0196608;3.6990357e-05;8.5157e-05;7.494755e-05;0.00016514576;5.8624657e-05;0.00014838096;6.321989e-05;0.0002929809;0.00024146565;0.00010837169;8.895505e-05;0.0001966456;0.0014376093;0.0010207267;0.0015580619;0.001790087;0.001556493;0.0009668199;0.0011180252;0.0011142511;0.0007398322;0.0017112375;0.0010037541;0.000601587;0.00011728393109831665;0.0004706058532444102;0.1328006438357142;0.09123467249186931;0.0014833318127033758;0.012525143013928253;0.00033047975503664096;0.0031308028360605613;1.2666431416749196e-05;0.0002842002106087681;1.8991187918787873e-05;2.362045315082916e-14;0.008973141890412694;0.01912681133256186;0.3376343505633988;0.24513550744869358;0.028560854469081198;0.09901219729382639;0.009582926583498387;0.030851910581278206;0.002182014580714903;0.0081536574349146;0.001282928475974748;6.649591364789159e-08
00:01:32;50;2.213852;2.2103934;0.020193749093619855;0.084730454;0.08455809;0.06588437869352076;101.237686;98.75199;0.4805321344414982;0.029312765;0.029073741;0.02900514;0.029146615;0.029153163;0.030168828;0.025317436;0.029425187;0.021120317;0.028195383;0.029068284;0.01958367;0.02858384;0.028771775;0.028735025;0.029146235;0.03002766;0.029458862;0.028154379;0.029099137;0.01936118;0.02792311;0.029581225;0.019538583;3.6981666e-05;8.7314314e-05;7.492201e-05;0.00016808417;5.8610032e-05;0.0001484042;6.321987e-05;0.0002929752;0.0002455759;0.00010833629;8.9161236e-05;0.00019512753;0.001437587;0.0010193004;0.0015596392;0.0017808225;0.0015555131;0.0009684165;0.001118262;0.0011349472;0.00067982246;0.0017072025;0.001005457;0.00060146546;0.0001172839281535071;0.0004706058329732402;0.13278959165335857;0.09116936532218108;0.0014833311390227194;0.01252125916217789;0.0003304797550189295;0.003129607679436656;1.027325505372843e-05;0.0002842002095047514;1.899118653561428e-05;2.1497167945602583e-14;0.008973141817466838;0.019126810571146163;0.3379608328365906;0.24504312482457813;0.028560848182852063;0.09900208083244877;0.00958292657548137;0.030848678664068187;0.00207745159382105;0.008153657475886155;0.0012829285020486596;6.244586098316702e-08
00:01:34;51;2.2132874;2.2098505;0.020187654843821082;0.08470989;0.08455266;0.0658943056018335;138.40717;143.68587;0.4811635249898321;0.029125128;0.029058713;0.028916424;0.029153116;0.029113242;0.030125212;0.025180453;0.02937225;0.022014964;0.028115885;0.028987575;0.019486584;0.028459936;0.028725814;0.028637212;0.029174393;0.03003791;0.029408384;0.027994912;0.029094106;0.020226914;0.02787331;0.02946794;0.019444035;3.6984038e-05;8.94108e-05;7.490099e-05;0.00016923046;5.8596022e-05;0.00014916455;6.321996e-05;0.00029298008;0.00024753396;0.00010759425;8.923582e-05;0.00019355265;0.0014372921;0.0010182256;0.0015607371;0.0017592506;0.0015547154;0.0009691561;0.0011186053;0.0011537286;0.00070565165;0.0017042831;0.0010075737;0.0006012115;0.00011728392827557645;0.00047060580983191954;0.1327910348000824;0.0911017149843627;0.0014833301231475227;0.01251707133225766;0.00033047975499459647;0.0031284829422033797;8.663057006497118e-06;0.0002842002084330669;1.899118523781664e-05;1.9747329252092344e-14;0.008973142182795043;0.019126809735567223;0.33829544032115955;0.24494425252360105;0.02856083937226391;0.09899116077239437;0.009582926566125971;0.03084563699517086;0.001974813858902298;0.008153657502461864;0.0012829285109527831;5.8880607159197215e-08
00:01:36;52;2.2128804;2.209457;0.02018270651364748;0.08473026;0.08458845;0.0659143715829342;201.60007;213.76277;0.4819523590266825;0.029013554;0.029083543;0.028900124;0.029159058;0.029116506;0.030108692;0.025077682;0.029325742;0.022826945;0.02807221;0.028896179;0.019423379;0.028407771;0.02870062;0.028595727;0.029224938;0.030073112;0.029420791;0.027867083;0.029086802;0.02103589;0.027853379;0.02937022;0.019381054;3.6982776e-05;9.172319e-05;7.488724e-05;0.00016965243;5.859096e-05;0.00014966834;6.322063e-05;0.0002929913;0.0002485547;0.00010714194;8.925877e-05;0.00019169925;0.0014376107;0.0010173772;0.0015621867;0.0017601702;0.0015538214;0.00096976216;0.0011187298;0.0011671571;0.00073844334;0.0017037952;0.0010102423;0.0006010158;0.00011728393064957944;0.00047060578515584645;0.13283217795599797;0.09100767138190045;0.001483329118012349;0.012512511414428946;0.0003304797549715047;0.0031274520218306802;7.775409014019212e-06;0.0002842002073989587;1.899118439145264e-05;1.8029588258837757e-14;0.008973142826221232;0.0191268088742589;0.33875300936409375;0.24483435018916713;0.028560830932660316;0.09897924891842354;0.009582926556919941;0.030842849675097938;0.0018826502681440246;0.008153657499333321;0.0012829285148809094;5.537600945800943e-08
00:01:38;53;2.2125852;2.2091742;0.0201797816391889;0.084782325;0.0846556;0.06593774604795165;305.93808;319.5764;0.48276802096876903;0.028990326;0.029125543;0.028919742;0.029157123;0.029130783;0.030117372;0.025000365;0.029317781;0.023497654;0.02807624;0.028809672;0.019390138;0.028441867;0.028685946;0.028579593;0.029276734;0.03010897;0.02947274;0.027763566;0.029107712;0.02173164;0.027875012;0.02929986;0.019345857;3.6978014e-05;9.417898e-05;7.488426e-05;0.00016981686;5.8595153e-05;0.00014992991;6.3221974e-05;0.00029300567;0.00024915906;0.00010695192;8.926137e-05;0.00018965143;0.0014391113;0.0010165309;0.0015639615;0.0017918588;0.0015527714;0.00097052794;0.0011183087;0.0011741016;0.0007607749;0.0017055861;0.0010136847;0.0006008627;0.0001172839346172522;0.0004706057617704775;0.13290582952522736;0.0909048710172634;0.001483328300731936;0.01250775349214583;0.0003304797549507609;0.003126619669821985;7.4168231775103284e-06;0.00028420020650082373;1.8991184043174894e-05;1.6255139258864592e-14;0.008973143655884027;0.019126808081999087;0.3392433288798166;0.24470973721701128;0.02856082437096706;0.09896678949362377;0.009582926547946966;0.030840598311832702;0.001812158252107891;0.008153657500142832;0.0012829285289219085;5.1735165716584165e-08
00:01:39;54;2.2123735;2.2089705;0.020177618694332607;0.0848472;0.08473866;0.06595434096611177;474.32748;479.11307;0.48344334450161786;0.02900832;0.029175298;0.028955685;0.029157437;0.029142434;0.030140143;0.024936872;0.029350758;0.024069894;0.028099949;0.028735286;0.019374855;0.0285097;0.0286852;0.02858625;0.02932639;0.030135503;0.029536173;0.02767337;0.029162742;0.022342999;0.027914817;0.02925154;0.019327078;3.697413e-05;9.6710675e-05;7.488688e-05;0.00016988326;5.860369e-05;0.00015023963;6.322367e-05;0.00029302048;0.00024954672;0.00010672298;8.9257235e-05;0.00018746172;0.0014403344;0.0010168927;0.0015655446;0.0018123175;0.0015520346;0.0009715106;0.0011174344;0.0011771792;0.00078112894;0.0017083351;0.0010172405;0.00060047326;0.00011728394053399081;0.0004706057424394799;0.13298142771628485;0.09080834089672041;0.0014833276831844886;0.012503473992966127;0.00033047975494032895;0.003125961331499697;7.33188340717504e-06;0.0002842002058290814;1.8991184171190974e-05;1.4397830552013465e-14;0.008973144668265116;0.019126807461456317;0.33965073001609675;0.2445638040088195;0.028560819774261274;0.09895555654302322;0.009582926541873945;0.030838817022511567;0.0017628515723130597;0.008153657479801039;0.001282928521642764;4.7983276586853565e-08
00:01:41;55;2.2122147;2.208822;0.020175790922604107;0.08492156;0.08482646;0.06596489660508133;735.73456;715.8636;0.4839854211241854;0.029032838;0.029223977;0.029004693;0.029174661;0.029147903;0.030171644;0.024881793;0.029412467;0.0245714;0.028118776;0.028682893;0.019378485;0.028572515;0.028694842;0.028618442;0.029381616;0.030151863;0.029599918;0.027592914;0.029240305;0.02288071;0.027952;0.029223287;0.019326549;3.6979472e-05;9.90535e-05;7.48928e-05;0.0001699138;5.8618007e-05;0.000150853;6.322545e-05;0.0002930364;0.0002498072;0.00010619801;8.925016e-05;0.00018542689;0.001440572;0.0010171678;0.0015667599;0.0018255713;0.0015516193;0.0009725553;0.0011163797;0.0011782331;0.0007959164;0.0017106246;0.0010203705;0.0005996576;0.00011728394909231481;0.00047060572981533845;0.13304949990447335;0.09072180659488832;0.0014833275155410079;0.012500482664831173;0.00033047975493971453;0.003125468769805848;7.344797669534455e-06;0.0002842002054919413;1.8991184688243575e-05;1.2606373617679645e-14;0.008973146004601064;0.01912680706971807;0.33998055201298116;0.24439190916448364;0.028560818783056045;0.09894769261245887;0.009582926538670716;0.03083748434903413;0.0017407924434503983;0.008153657473172713;0.001282928543349065;4.426600004348456e-08
00:01:43;56;2.2120986;2.2087104;0.020177219304176597;0.08500381;0.084917165;0.06597809848640158;1118.7526;1051.9036;0.48438545260939403;0.02905853;0.029273959;0.029066695;0.029213497;0.02915331;0.030203639;0.024836717;0.02948662;0.025003469;0.028132327;0.028653026;0.019389056;0.028625665;0.028715685;0.0286714;0.029446183;0.030166166;0.029656671;0.027527139;0.029324284;0.023341265;0.027985184;0.029214595;0.01933223;3.6993402e-05;0.00010130062;7.490023e-05;0.00016993056;5.86358e-05;0.0001514867;6.322718e-05;0.00029305395;0.0002499882;0.00010565434;8.9241716e-05;0.00018346042;0.0014401431;0.001017463;0.0015677168;0.0018343575;0.0015514835;0.00097348983;0.0011154098;0.0011776972;0.0008033918;0.0017127367;0.0010233859;0.0006011935;0.00011728395980155408;0.00047060572357985074;0.13311445879753414;0.0906761674159639;0.001483327703140885;0.012498513255629326;0.00033047975494617323;0.0031252250943111055;7.37855436861294e-06;0.00028420020543482174;1.8991185397867043e-05;1.0887050809449611e-14;0.008973147563795702;0.019126806909502938;0.3402278545802349;0.2442943546088494;0.028560820660070034;0.09894250862570206;0.009582926538060406;0.030836826165621962;0.0017553096353448549;0.008153657456390637;0.001282928528784136;4.056446182811116e-08
00:01:45;57;2.2120054;2.2086241;0.02017790433284979;0.085085735;0.08500556;0.06598373355148844;1652.5482;1509.1523;0.4845731200141271;0.02908565;0.029319465;0.029133296;0.02927139;0.029163234;0.030240497;0.024797788;0.02956123;0.025369613;0.028143086;0.028643927;0.019406423;0.028671632;0.02874003;0.028730825;0.029520635;0.030183248;0.029714363;0.027472593;0.029403465;0.023726335;0.028014828;0.029222637;0.019344388;3.7013357e-05;0.00010337925;7.490871e-05;0.00016994217;5.8655198e-05;0.00015238738;6.322882e-05;0.0002930724;0.00025011826;0.00010484083;8.923296e-05;0.00018163765;0.0014393171;0.001017866;0.0015685158;0.0018403055;0.0015515436;0.00097442773;0.0011144081;0.0011758406;0.00080616475;0.0017150495;0.0010262645;0.00060371443;0.00011728397146302308;0.00047060572264431805;0.1331456909839586;0.09065419319824211;0.001483328098533101;0.01249744971128171;0.0003304797549571798;0.003125221222262671;7.407938873682466e-06;0.0002842002056276102;1.8991186344114728e-05;9.327503246618227e-15;0.008973149193877863;0.019126806938524105;0.34033787642890095;0.2442464707106045;0.02856082421972305;0.09893970323741981;0.009582926539046894;0.03083681770551838;0.0017636046688208219;0.008153657433943499;0.0012829285092700005;3.7032211406854695e-08
00:01:47;58;2.2119315;2.208555;0.02017927905292291;0.08516697;0.08509309;0.06598691243490555;2364.471;2111.0247;0.4846383769237534;0.029114347;0.029357223;0.029200628;0.029338768;0.029179234;0.030279195;0.024766106;0.029629305;0.025679048;0.028156891;0.028653516;0.019430848;0.028713245;0.028762247;0.028790155;0.029598365;0.03020529;0.029771129;0.027430326;0.029472722;0.024045559;0.028045068;0.029245395;0.019363886;3.703691e-05;0.00010523869;7.4917916e-05;0.00016995336;5.8675283e-05;0.00015337605;6.323029e-05;0.00029309173;0.00025021425;0.000103933184;8.922432e-05;0.00018001204;0.0014382554;0.0010184104;0.0015692242;0.0018440668;0.001551747;0.0009754282;0.0011133777;0.0011728437;0.0008059653;0.001718036;0.0010292787;0.0006062183;0.00011728398326803639;0.00047060572705618996;0.1331582391669416;0.09065831834815265;0.0014833286564679942;0.012497026604874553;0.0003304797549743609;0.003125446191257941;7.4288085774165175e-06;0.0002842002060844124;1.8991187411797935e-05;7.950935299012411e-15;0.008973150801302364;0.019126807161260927;0.34037506911113297;0.2442432153001192;0.02856082900892195;0.09893858140083532;0.009582926542029406;0.03083742874900896;0.0017683215018148568;0.008153657414658622;0.0012829284857172642;3.3742064740103024e-08
00:01:49;59;2.2118719;2.2084982;0.0201789770758104;0.08524579;0.085178874;0.0659834416077362;3278.2817;2878.881;0.48454309962596587;0.02915098;0.029385429;0.029262647;0.029409267;0.029202916;0.030318957;0.024743218;0.029690834;0.025940744;0.028174326;0.028675469;0.019456226;0.02875909;0.028778479;0.028843084;0.029675925;0.030233737;0.029827312;0.027401334;0.02953327;0.024310783;0.028076362;0.029277796;0.019384928;3.7059865e-05;0.00010692402;7.492753e-05;0.00016996481;5.8694444e-05;0.00015437967;6.323155e-05;0.00029311064;0.00025028648;0.00010300305;8.921618e-05;0.00017853509;0.0014373128;0.0010191264;0.0015698879;0.0018462299;0.0015519636;0.0009764604;0.0011123425;0.001168786;0.00080390705;0.0017216582;0.001032521;0.00060867565;0.00011728399427817387;0.0004706057354473604;0.13313813204568467;0.09067459413425238;0.0014833292488218059;0.012496827241481842;0.0003304797549936303;0.0031258387959568487;7.442563574842787e-06;0.000284200206716601;1.8991188509886457e-05;6.778141531442612e-15;0.0089731522699951;0.019126807520744093;0.34030695039103215;0.24426645013834625;0.028560834071190505;0.09893804297607996;0.009582926545824674;0.03083849356712957;0.001771025166058771;0.008153657400504373;0.0012829284723971783;3.0773531771066004e-08
00:01:50;60;2.211823;2.2084496;0.020179136899142903;0.08532121;0.08525877;0.06597881585215856;4414.176;3831.4336;0.4843509604191028;0.02918712;0.029409636;0.029320316;0.02947919;0.029231511;0.030361164;0.024724247;0.029744491;0.026165528;0.028195657;0.028703118;0.019484676;0.028801667;0.028792836;0.028891183;0.02975071;0.03026647;0.029884474;0.027379196;0.029584294;0.024534315;0.028109128;0.029313216;0.01940969;3.708327e-05;0.0001084643;7.493738e-05;0.00016997803;5.871322e-05;0.00015537838;6.323266e-05;0.0002931291;0.00025034207;0.000102071645;8.9208464e-05;0.00017718648;0.0014361198;0.0010199376;0.0015704434;0.0018472762;0.0015521726;0.0009775396;0.0011112015;0.0011641954;0.0008006271;0.0017257677;0.0010358859;0.0006110346;0.00011728400434588;0.000470605746414266;0.1331045157168946;0.09070958617597787;0.0014833298506449523;0.012496876459631706;0.00033047975501263754;0.0031263221746352906;7.451509179758137e-06;0.00028420020744235146;1.899118952977401e-05;5.8094796863626735e-15;0.008973153614299827;0.019126807955083664;0.34017589397800746;0.24433897718203473;0.02856083917787599;0.09893816003490292;0.009582926549813792;0.030839804124943224;0.0017726136094195779;0.008153657395082494;0.0012829284601091194;2.814433004073286e-08
00:01:52;61;2.2117805;2.208409;0.02018027630072256;0.085392825;0.085333355;0.06597337453218367;5782.5073;4979.231;0.4840993706672777;0.029225353;0.029430527;0.029370945;0.029550867;0.02926289;0.030405022;0.02470885;0.029790526;0.026353726;0.028220735;0.02873759;0.019513287;0.028844917;0.028805127;0.02893216;0.02982553;0.030300949;0.029942567;0.027362948;0.029627385;0.024719207;0.028143857;0.029352907;0.019435454;3.7105972e-05;0.000109914625;7.494751e-05;0.00016999159;5.87319e-05;0.00015628616;6.323364e-05;0.00029314696;0.00025038634;0.00010122513;8.920126e-05;0.00017591237;0.0014348255;0.0010207902;0.0015709518;0.0018476143;0.0015523598;0.0009786693;0.0011099934;0.0011592172;0.00079669873;0.0017301214;0.0010393306;0.00061326666;0.0001172840133583781;0.0004706057583009925;0.13306450363808311;0.09076259878135559;0.0014833304564972427;0.012497009252982288;0.0003304797550302899;0.0031268551715886196;7.45738273901439e-06;0.0002842002082572777;1.8991190472816296e-05;5.011715530256291e-15;0.008973154812209694;0.01912680841260827;0.3400085056338354;0.24443831264241128;0.028560844278134514;0.09893849969882816;0.009582926553623496;0.030841248989457597;0.0017735816795260834;0.008153657399337004;0.0012829284532408197;2.583299160985694e-08
00:01:54;62;2.2117434;2.208373;0.020182698406413815;0.08545999;0.08540347;0.06596915520680348;7383.935;6327.1206;0.48383968631393776;0.029260535;0.02944856;0.02942078;0.029619306;0.029296387;0.030445626;0.024698973;0.029832581;0.026510596;0.028248006;0.028775942;0.019542724;0.02888422;0.028815534;0.028972426;0.02989538;0.030336715;0.02999666;0.027353887;0.029666252;0.024871092;0.028179128;0.029395003;0.01946301;3.7128015e-05;0.000111331465;7.4957716e-05;0.00017000629;5.8750396e-05;0.00015709382;6.3234416e-05;0.00029316384;0.00025042248;0.00010047447;8.919459e-05;0.0001746603;0.0014333411;0.0010217035;0.0015714354;0.0018472617;0.0015524726;0.0009797737;0.0011088429;0.0011542506;0.0007924361;0.0017345917;0.0010429507;0.0006153225;0.00011728402128918326;0.00047060577022885967;0.13302914714993033;0.09082619368327054;0.0014833310147299521;0.012497312400415078;0.00033047975504476315;0.0031273743707334696;7.461310908365346e-06;0.000284200209089639;1.8991191321245743e-05;4.3626194554326555e-15;0.00897315585566129;0.01912680886934892;0.3398366745904016;0.2445566988525661;0.02856084897992906;0.0989392917545334;0.009582926556696403;0.030842655683479835;0.001774191655122026;0.008153657403396632;0.0012829284460696988;2.3834436926771266e-08
00:01:56;63;2.2117097;2.2083411;0.020184703981189517;0.085522674;0.08546809;0.06596238146695345;9218.872;7879.964;0.4835409652795854;0.029292772;0.029466655;0.029466568;0.02968308;0.029331435;0.030485384;0.02469159;0.029872375;0.0266407;0.028277457;0.02881572;0.019571362;0.02892012;0.028826104;0.029009348;0.029959444;0.030373374;0.030048966;0.027348138;0.029702853;0.02499554;0.028215427;0.029437657;0.019490683;3.714887e-05;0.00011280399;7.4968404e-05;0.00017002203;5.876872e-05;0.00015782034;6.323503e-05;0.00029317918;0.00025045284;9.9801364e-05;8.91885e-05;0.0001733423;0.0014317451;0.0010226489;0.0015718797;0.0018463008;0.0015524966;0.0009808668;0.0011076977;0.0011493207;0.0007880286;0.0017391721;0.0010467899;0.0006172186;0.00011728402820180981;0.00047060578045903044;0.13298876778632712;0.09088997043987762;0.0014833314675347451;0.01249749483155029;0.0003304797550555063;0.0031278583143529172;7.463968981216382e-06;0.0002842002099083163;1.8991192021775903e-05;3.830103100504213e-15;0.008973156744333846;0.019126809271840253;0.33963526605793437;0.24467464647566503;0.02856085290203882;0.09893976216119682;0.009582926558989194;0.030843966046194608;0.0017745834543655657;0.008153657404085662;0.0012829284214413252;2.210535613169376e-08
00:01:58;64;2.2116833;2.2083123;0.0201856406229233;0.08558155;0.08552891;0.06595233947828849;11288.279;9642.696;0.4832333820521952;0.029322827;0.02948442;0.029509446;0.029741392;0.029367935;0.030518193;0.024690049;0.029909555;0.026751751;0.028308045;0.028853457;0.019600183;0.028953278;0.028836705;0.029044563;0.03001737;0.030411536;0.030093415;0.027349321;0.029736973;0.025100613;0.02825212;0.029477932;0.019519659;3.716895e-05;0.0001142305;7.497892e-05;0.00017003856;5.8786638e-05;0.00015840282;6.3235464e-05;0.00029319368;0.00025047807;9.927e-05;8.918274e-05;0.00017206323;0.0014299032;0.001023569;0.0015723172;0.0018450056;0.0015525081;0.0009818801;0.0011067;0.0011446662;0.00078351854;0.0017437683;0.0010505968;0.0006189461;0.00011728403433863146;0.0004706057894418826;0.13294447474989426;0.09094458977223092;0.0014833319019369998;0.012497946203672144;0.00033047975506091777;0.0031283180441212836;7.4658210618585185e-06;0.000284200210677469;1.899119263995506e-05;3.4048602776188756e-15;0.00897315753168571;0.01912680963132342;0.33942443387965227;0.24476227917652973;0.028560856598629936;0.09894094528071898;0.009582926559983775;0.030845209982379208;0.0017748486602211938;0.008153657403108708;0.0012829283949009076;2.0640327908244402e-08
00:02:00;65;2.211655;2.208286;0.020185239768025238;0.08563542;0.08558512;0.06593955681192981;13574.126;11602.507;0.48294865211787497;0.02935016;0.029502926;0.029546978;0.029799622;0.029400507;0.030552132;0.024687432;0.029943028;0.026845476;0.028337426;0.02888918;0.01962632;0.028983084;0.02884832;0.029075993;0.030073917;0.030445544;0.030137591;0.027349755;0.029767951;0.025188645;0.02828708;0.02951593;0.019546501;3.7188223e-05;0.00011566076;7.498951e-05;0.00017005418;5.880454e-05;0.00015904555;6.323581e-05;0.0002932074;0.00025049967;9.8673125e-05;8.917728e-05;0.00017077042;0.0014279372;0.0010244356;0.001572731;0.0018433785;0.0015524928;0.0009829113;0.0011056464;0.0011402152;0.00077896094;0.0017480033;0.0010545348;0.00062054815;0.00011728403970859725;0.00047060579755503755;0.1328989297979181;0.09098430229970315;0.0014833323093128743;0.01249849895592213;0.00033047975506226836;0.003128785719838331;7.467136653877257e-06;0.00028420021139298956;1.8991193232438925e-05;3.0598008076472476e-15;0.008973158218157518;0.0191268099580563;0.33922712264888877;0.24480329666564152;0.02856086004123947;0.09894239625888374;0.00958292656001299;0.030846475196459888;0.001775031029314914;0.008153657398910788;0.0012829283768915852;1.9390700550893343e-08
00:02:01;66;2.2116327;2.2082624;0.02018509023020835;0.08568568;0.08563731;0.06592775266321231;16069.79;13750.297;0.4826846297094128;0.029374646;0.029519951;0.029581105;0.029852372;0.029434072;0.030583326;0.024686903;0.029973706;0.026926046;0.028366094;0.028923245;0.019651897;0.029009365;0.02885893;0.029105602;0.03012353;0.030479908;0.030177748;0.027352545;0.02979668;0.025263824;0.028321205;0.029552411;0.019573256;3.7206737e-05;0.00011705158;7.499973e-05;0.00017006986;5.882174e-05;0.00015960466;6.323603e-05;0.0002932203;0.00025051806;9.815682e-05;8.9172165e-05;0.00016950934;0.0014258735;0.0010252834;0.001573073;0.0018411408;0.0015525052;0.0009839466;0.0011046107;0.0011359517;0.00077443157;0.0017525491;0.0010583787;0.0006219945;0.00011728404432374907;0.0004706058049222929;0.13285851737278762;0.09102155433460127;0.0014833326477626193;0.012499441094992608;0.0003304797550573725;0.003129208218761892;7.468083447999359e-06;0.0002842002120665899;1.8991193773440004e-05;2.7863694250888786e-15;0.008973158807665004;0.01912681025364708;0.3390424614703853;0.24484255402554295;0.028560862941231877;0.09894487826537825;0.009582926558387782;0.030847617756322446;0.0017751577667827496;0.008153657401541576;0.0012829283656913357;1.834597147819188e-08
00:02:03;67;2.2116103;2.2082403;0.02018553402798184;0.085731976;0.085685425;0.06591763237851846;18777.738;16100.178;0.4824588763904401;0.02939471;0.029537426;0.029612672;0.029900905;0.029465025;0.030613167;0.02468542;0.03000114;0.026998566;0.028394017;0.028956637;0.019675413;0.029031187;0.028870437;0.029134199;0.030168101;0.030511415;0.03021552;0.027354369;0.029822795;0.02533044;0.028353907;0.029588042;0.019598365;3.7225254e-05;0.00011842257;7.500959e-05;0.00017008555;5.8838814e-05;0.00016012948;6.323615e-05;0.0002932327;0.00025053398;9.7671735e-05;8.916739e-05;0.00016826211;0.0014236291;0.0010260884;0.0015733663;0.0018389656;0.0015525285;0.0009850092;0.0011035606;0.0011319404;0.00076987525;0.001756768;0.0010619931;0.0006232658;0.0001172840483168545;0.00047060581079265976;0.13282599202258796;0.09105811561232192;0.0014833329350604687;0.01250039077494599;0.00033047975504667195;0.003129547192989294;7.468776801980548e-06;0.0002842002126847342;1.8991194230979582e-05;2.5650373062770905e-15;0.008973159307849888;0.019126810493895932;0.33888570582453187;0.24487435710427272;0.028560865422402045;0.09894737827410457;0.00958292655525705;0.030848533843269473;0.001775248488002737;0.008153657407510603;0.001282928350311757;1.7470812791195686e-08
00:02:05;68;2.2115912;2.2082202;0.02018502348227821;0.08577482;0.08572938;0.06590590730325167;21674.588;18635.752;0.4822397493634402;0.029412698;0.029555285;0.02964109;0.02994757;0.029493973;0.030640438;0.024683487;0.030027637;0.027063644;0.028420582;0.028986294;0.019696396;0.02905085;0.028882101;0.029160615;0.030211043;0.030541005;0.030250518;0.02735598;0.029848196;0.025389785;0.028384367;0.02962039;0.019621214;3.7243168e-05;0.000119757264;7.5018965e-05;0.00017010044;5.885523e-05;0.00016053983;6.323614e-05;0.0002932445;0.0002505477;9.729836e-05;8.916287e-05;0.00016704391;0.0014213289;0.0010268337;0.0015736858;0.0018369246;0.0015525603;0.0009860179;0.0011025651;0.0011281682;0.0007653138;0.0017605167;0.0010654032;0.00062443793;0.00011728405169607084;0.0004706058154024743;0.13279162914841133;0.0910851687724251;0.0014833331904176993;0.012501232979220742;0.0003304797550307599;0.00312988737084328;7.469296023507944e-06;0.0002842002132480424;1.8991194617200117e-05;2.3768779578862047e-15;0.008973159723882148;0.019126810688747366;0.33873126343192955;0.24488489638249442;0.028560867596844737;0.09894959249916524;0.009582926550815333;0.03084945286354309;0.0017753154381320252;0.008153657414113037;0.0012829283277812288;1.6721571862859782e-08
00:02:07;69;2.2115712;2.208202;0.02018444475531615;0.085814364;0.0857696;0.0658942712565776;24746.275;21345.117;0.4820375762234494;0.029426219;0.029571617;0.029664893;0.029991314;0.029522577;0.030667065;0.02468202;0.030050745;0.02712401;0.028445603;0.029014314;0.019716283;0.029065821;0.028892115;0.02918312;0.030251741;0.030570075;0.030283552;0.027357945;0.02987013;0.025444089;0.028412694;0.029650992;0.019642895;3.726091e-05;0.00012102802;7.502808e-05;0.00017011452;5.8870643e-05;0.00016094756;6.323603e-05;0.00029325584;0.00025055942;9.6924436e-05;8.9158646e-05;0.00016588248;0.0014189378;0.0010275365;0.0015740066;0.0018349427;0.0015525783;0.0009869579;0.0011016246;0.0011246194;0.00076070253;0.0017638599;0.0010686961;0.0006255029;0.00011728405457448694;0.00047060581942508787;0.13275955850816742;0.09110916037757699;0.0014833334142319789;0.012502033035817973;0.00033047975501007;0.0031302209977607555;7.469692516953149e-06;0.0002842002137563319;1.8991194953520468e-05;2.223528605198456e-15;0.008973160068971479;0.019126810860272216;0.3385886261923574;0.2448848462830852;0.028560869493850324;0.09895169292687231;0.009582926545231999;0.030850354189728826;0.0017753666965224563;0.008153657419082368;0.0012829283060286668;1.6096927923049276e-08
00:02:09;70;2.211553;2.208184;0.02018322541081598;0.085850954;0.085807286;0.06588238544858531;27981.053;24216.094;0.48186610965192067;0.029436184;0.029584723;0.029689284;0.030029496;0.02955206;0.030689947;0.024681013;0.030071812;0.02718057;0.028467763;0.029041233;0.019736882;0.029076573;0.028899806;0.029207097;0.030287221;0.030599898;0.030310838;0.027360326;0.029890057;0.025494194;0.028438907;0.029679842;0.019665185;3.72779e-05;0.0001222014;7.503636e-05;0.0001701287;5.8884543e-05;0.00016127499;6.323582e-05;0.00029326655;0.00025056972;9.662884e-05;8.915482e-05;0.00016481157;0.0014164273;0.0010281783;0.0015743197;0.0018330266;0.001552585;0.0009878529;0.0011007477;0.0011213648;0.000756077;0.0017667852;0.0010718505;0.000626448;0.000117284056992608;0.0004706058226182312;0.13272922788321184;0.09112380174653592;0.0014833335860012975;0.012502812441869475;0.00033047975498542894;0.0031304982288890017;7.469999224132162e-06;0.0002842002141927211;1.8991195269101576e-05;2.0971020390797055e-15;0.008973160354198558;0.01912681099862218;0.3384672351309122;0.24486077049384206;0.028560870970600487;0.09895374087025455;0.009582926538706949;0.030851102854786892;0.0017754058900885973;0.008153657420608675;0.001282928287591852;1.5572810539882838e-08
00:02:10;71;2.2115388;2.2081676;0.020182646588287303;0.08588469;0.08584189;0.0658741071256639;31343.791;27225.793;0.4817377823054911;0.029448135;0.029597558;0.029708311;0.030067313;0.029577266;0.030711524;0.024680186;0.030091539;0.027230235;0.02849005;0.029064989;0.019756105;0.029089253;0.028907232;0.029226271;0.030322604;0.030625282;0.030335551;0.027362864;0.029908579;0.025538195;0.028464835;0.02970565;0.019685965;3.729329e-05;0.00012329583;7.504426e-05;0.00017014188;5.8897473e-05;0.00016161558;6.323555e-05;0.00029327668;0.0002505791;9.63178e-05;8.915129e-05;0.00016381193;0.0014139697;0.0010287713;0.0015746015;0.0018313795;0.0015525357;0.0009887296;0.0010998792;0.0011183491;0.00075161835;0.0017693161;0.001074752;0.00062734215;0.00011728405903157794;0.00047060582478987406;0.13270813146834592;0.0911370342493773;0.0014833337283233375;0.012503498267271611;0.0003304797549548041;0.0031307300564210982;7.470240767596759e-06;0.000284200214590857;1.899119557162799e-05;1.99312587275066e-15;0.00897316059345314;0.019126811100628457;0.3383760197118593;0.24485018485961108;0.028560872216272442;0.09895554450480555;0.009582926530562091;0.030851729111434127;0.0017754360605223864;0.008153657422332015;0.0012829282690315555;1.5127454703087433e-08
00:02:12;72;2.2115245;2.2081525;0.020181351251114008;0.085915506;0.08587357;0.06586572374771348;34812.56;30350.473;0.48163524777875916;0.029458165;0.029609002;0.029724136;0.030102208;0.029600129;0.030731326;0.024680356;0.030111454;0.027276566;0.028510654;0.029085891;0.019771634;0.029099923;0.028913153;0.029242728;0.030356072;0.030648047;0.030357793;0.027366214;0.029927615;0.025578793;0.02848873;0.029728806;0.019702766;3.730733e-05;0.00012440632;7.505185e-05;0.00017015402;5.8909536e-05;0.0001620064;6.323522e-05;0.0002932861;0.00025058739;9.595374e-05;8.9148045e-05;0.00016278816;0.0014116127;0.0010293402;0.0015748771;0.0018303322;0.0015525271;0.0009895739;0.0010990683;0.0011154636;0.0007472076;0.0017716389;0.001076952;0.0006282045;0.0001172840607142252;0.00047060582587654605;0.1326875561243775;0.09114125298698786;0.0014833338407900364;0.012504118174497413;0.00033047975491890035;0.0031309224028987456;7.470431560069998e-06;0.00028420021492386286;1.899119582117717e-05;1.909062774597286e-15;0.008973160789546611;0.019126811163800387;0.3383028427132389;0.24482058639215565;0.028560873206128032;0.09895717574329954;0.009582926521112074;0.030852248352851698;0.0017754596560265446;0.008153657420979421;0.0012829282534037605;1.4760019074375337e-08
00:02:14;73;2.2115097;2.2081378;0.020179292043128124;0.08594412;0.08590243;0.06585732285952117;38348.043;33561.22;0.4815536533813771;0.029467344;0.029618712;0.029740416;0.030131605;0.029621575;0.030748961;0.024681117;0.03012749;0.02731804;0.028529389;0.02910688;0.019788617;0.029109199;0.0289179;0.029259209;0.030384501;0.030668214;0.030377189;0.027370112;0.029942876;0.025614435;0.028510422;0.029751558;0.019721072;3.732079e-05;0.0001254676;7.505899e-05;0.00017016649;5.8920872e-05;0.00016240093;6.323482e-05;0.00029329525;0.000250595;9.5584684e-05;8.9145025e-05;0.00016181018;0.0014095235;0.0010299092;0.0015750912;0.0018292263;0.0015525181;0.0009903795;0.0010983453;0.0011124742;0.0007430723;0.0017739733;0.0010791454;0.0006289736;0.0001172840621055233;0.00047060582624438104;0.13266743435003983;0.091136205355502;0.001483333875384046;0.012504454401293049;0.0003304797548783679;0.0031310448973791006;7.470583471042543e-06;0.00028420021520908154;1.8991196029199144e-05;1.842457055836672e-15;0.00897316094416956;0.01912681120113348;0.3382434262485712;0.2447779597167329;0.028560873619598377;0.09895805885949922;0.009582926510497145;0.030852579067053337;0.0017754780229300654;0.008153657417713131;0.0012829282402222345;1.4466133425959219e-08
00:02:16;74;2.2114942;2.208124;0.020177160550792266;0.0859705;0.08592909;0.0658496926127055;41936.86;36850.203;0.4814931415829837;0.02947448;0.029625082;0.029757893;0.030159013;0.029642321;0.03076133;0.024682585;0.030144446;0.027355531;0.02854849;0.029125633;0.01980387;0.029116105;0.028920036;0.02927665;0.030411296;0.030687364;0.03039118;0.027374726;0.029959695;0.025646625;0.028532373;0.029772008;0.019737791;3.733359e-05;0.0001264884;7.506552e-05;0.00017017791;5.893133e-05;0.00016276345;6.3234336e-05;0.0002933038;0.0002506019;9.5246214e-05;8.914224e-05;0.00016086685;0.0014073793;0.001030415;0.0015752986;0.0018284459;0.0015525216;0.000991102;0.0010976976;0.0011097933;0.0007398793;0.0017760744;0.001080969;0.0006296968;0.0001172840632333244;0.00047060582572950617;0.13264986396081063;0.09112779892349901;0.0014833338650857089;0.012504744977002118;0.00033047975483416545;0.0031311531213304785;7.470706298042817e-06;0.00028420021544352107;1.8991196238905346e-05;1.7885371346104504e-15;0.008973161064226505;0.019126811209199845;0.3381991030336835;0.24472965124427823;0.028560873681387707;0.09895882067798634;0.009582926498954706;0.03085287133706969;0.0017754927331633543;0.008153657411906327;0.0012829282345644072;1.4226045676227351e-08
00:02:18;75;2.2114823;2.2081103;0.020175132389194276;0.08599421;0.08595309;0.06584249892442638;45554.156;40194.332;0.48143768891053706;0.029479388;0.029633218;0.029775247;0.030185364;0.02966232;0.030775009;0.024680808;0.030157;0.027390271;0.02856368;0.029139373;0.019818231;0.029120367;0.028923789;0.029294243;0.030437296;0.030706631;0.030406227;0.027375633;0.029972518;0.025675697;0.028550735;0.029787805;0.019753236;3.7346003e-05;0.00012756497;7.507164e-05;0.00017018882;5.8941358e-05;0.0001632284;6.323384e-05;0.00029331207;0.00025060828;9.480412e-05;8.913959e-05;0.00015986455;0.001405265;0.0010308595;0.0015755015;0.0018280596;0.0015525561;0.0009918523;0.0010969996;0.0011071982;0.0007386984;0.0017778692;0.001082331;0.0006303519;0.00011728406412275495;0.00047060582441827553;0.1326332565908349;0.09111960590092437;0.0014833338465002127;0.012505068718186645;0.0003304797547855567;0.003131291751170282;7.470807321787107e-06;0.0002842002156217609;1.8991196443017396e-05;1.7471761008801467e-15;0.008973161159151349;0.01912681118821122;0.3381584905772767;0.24468270214857377;0.028560873664425796;0.09895967170859445;0.009582926486264636;0.03085324592452243;0.0017755045615087852;0.008153657403394379;0.0012829282304151152;1.4040777900113737e-08
00:02:19;76;2.211469;2.2080975;0.020172784564342107;0.08601601;0.08597525;0.06583528700341977;49187.88;43563.24;0.4813882781137901;0.029484138;0.029638536;0.02979001;0.030205434;0.02968405;0.030786993;0.024680935;0.030169118;0.02742087;0.028578678;0.029153239;0.019831762;0.029125005;0.028925233;0.029309599;0.030457443;0.030727237;0.030419363;0.027378408;0.029984735;0.025700858;0.02856907;0.029803688;0.019767921;3.735746e-05;0.00012859034;7.507731e-05;0.00017019991;5.8950336e-05;0.00016367726;6.323327e-05;0.00029331993;0.00025061413;9.437647e-05;8.9137146e-05;0.00015890857;0.0014030905;0.0010313457;0.0015756842;0.0018277736;0.0015525596;0.0009925694;0.0010963457;0.0011048774;0.00073752034;0.0017796241;0.0010835525;0.0006309128;0.00011728406473480738;0.00047060582190768023;0.13261674499640552;0.09110770545746445;0.0014833337827840566;0.012505215782609595;0.00033047975473081545;0.0031313828084809383;7.4708906779485565e-06;0.0002842002157154072;1.8991196592287227e-05;1.7191625972271234e-15;0.008973161217463398;0.019126811127066767;0.3381214884544071;0.24463251962625412;0.028560873315520922;0.09896005807290133;0.00958292647205436;0.030853491990729325;0.001775514230463922;0.008153657388046567;0.0012829282301162045;1.3916013256784005e-08
00:02:21;77;2.2114565;2.208086;0.02017072154796481;0.08603613;0.08599615;0.06582921539575627;52835.14;46965.1;0.48135026779568524;0.029487347;0.029643664;0.029802186;0.030224822;0.029705232;0.030797597;0.02468179;0.03017906;0.027448518;0.028592292;0.029167024;0.01984495;0.029129034;0.028926324;0.0293235;0.030477095;0.030747607;0.030430391;0.027381737;0.029994696;0.025723817;0.028585656;0.029819502;0.019782107;3.7367907e-05;0.00012957168;7.508309e-05;0.0001702091;5.8959027e-05;0.00016416129;6.323263e-05;0.0002933272;0.00025062;9.391289e-05;8.91348e-05;0.0001579925;0.0014012074;0.0010320072;0.0015759419;0.0018278239;0.0015525288;0.0009932991;0.0010957237;0.0011026714;0.0007364542;0.0017813764;0.001084444;0.0006313857;0.0001172840652987245;0.0004706058183944626;0.1326031059445333;0.09109644610341565;0.0014833336826619685;0.012505276138882493;0.0003304797546711215;0.003131464695401978;7.470959801279082e-06;0.0002842002157877847;1.8991196727275097e-05;1.7011040339385271e-15;0.008973161276153515;0.01912681103151758;0.33809271802420554;0.24458804306129744;0.028560872702277782;0.09896021734163521;0.009582926456554211;0.030853713297542017;0.0017755221209184628;0.008153657372347902;0.0012829282305037218;1.3834121849621196e-08
00:02:23;78;2.211445;2.208074;0.020168989347816434;0.086054154;0.08601481;0.06582492269394837;56430.47;50350.816;0.48133023191240976;0.029490642;0.029648326;0.029814271;0.030245068;0.02972355;0.030806476;0.024680791;0.030187398;0.027472224;0.028604297;0.029180149;0.019855468;0.029133748;0.028927106;0.029337447;0.030497542;0.030765537;0.030439677;0.027382992;0.030003125;0.025743484;0.028600238;0.02983449;0.019793458;3.737783e-05;0.0001306101;7.508835e-05;0.00017021739;5.8967304e-05;0.000164738;6.3232015e-05;0.00029333425;0.00025062548;9.335655e-05;8.9132656e-05;0.0001570164;0.0013997051;0.0010325577;0.0015762293;0.0018277871;0.0015525012;0.0009940277;0.0010950696;0.001100628;0.0007357597;0.0017830227;0.001085162;0.0006318275;0.00011728406568558062;0.0004706058136695773;0.13259341831136007;0.09108532443617594;0.001483333563033355;0.012505242131497899;0.00033047975460587773;0.0031315216676497063;7.47101747469152e-06;0.00028420021582382466;1.8991196819026868e-05;1.6923662303140935e-15;0.008973161311775911;0.019126810895988305;0.33807710999227764;0.24455206766537335;0.028560871932391627;0.09896012895292693;0.009582926439619884;0.030853867169664557;0.0017755285848122526;0.008153657354795377;0.0012829282295233654;1.3798230924402758e-08
00:02:25;79;2.2114341;2.2080631;0.020167799718938045;0.08607049;0.086031556;0.06582299004217453;59989.67;53711.113;0.48132965621876755;0.02949156;0.029652849;0.029822558;0.030264365;0.029740343;0.030814374;0.024680529;0.030195383;0.027496502;0.028614795;0.029190553;0.0198658;0.029136239;0.028928036;0.029348126;0.030516902;0.030781727;0.03044786;0.027384771;0.030010674;0.025762692;0.028612984;0.029847132;0.01980435;3.7387967e-05;0.0001316516;7.509336e-05;0.00017022522;5.8975154e-05;0.00016531911;6.323137e-05;0.00029334103;0.00025063052;9.279488e-05;8.913064e-05;0.00015603495;0.0013983208;0.0010330682;0.001576469;0.0018275311;0.001552526;0.0009945203;0.0010946448;0.0010985648;0.0007350878;0.001784667;0.0010857751;0.00063222804;0.00011728406596883128;0.0004706058079265391;0.13258890178519764;0.09107565663236823;0.0014833334316280804;0.012505114824554462;0.0003304797545344606;0.003131557846567102;7.471065797269829e-06;0.0002842002158270136;1.8991196885188127e-05;1.6939043140549336e-15;0.008973161333651924;0.019126810724405814;0.3380754823459131;0.24453073716894047;0.028560871065698358;0.0989597928145646;0.009582926421073494;0.03085396527094836;0.001775533985185659;0.008153657337154868;0.0012829282281217372;1.3810436039472037e-08
00:02:27;80;2.2114246;2.2080524;0.020166417425237337;0.08608569;0.086046934;0.06582309603650385;63478.324;57012.547;0.4813639448810035;0.029492628;0.029656198;0.029831627;0.030280488;0.029757094;0.030819282;0.024681376;0.03020441;0.027519064;0.028626848;0.029198013;0.019874075;0.029139752;0.02892873;0.029358873;0.03053315;0.030797323;0.03045287;0.027387796;0.03001954;0.025780067;0.02862631;0.029857378;0.019813398;3.739784e-05;0.00013270511;7.509806e-05;0.00017023279;5.8982863e-05;0.00016585957;6.323067e-05;0.00029334758;0.00025063538;9.2273425e-05;8.912873e-05;0.00015503961;0.00139699;0.0010335222;0.0015766928;0.001827303;0.00155258;0.0009949338;0.0010943265;0.0010965886;0.0007343065;0.0017861752;0.0010863725;0.0006325435;0.00011728406615500473;0.0004706058013769694;0.13258879989221792;0.0910594015775496;0.001483333270448528;0.012504898988493955;0.0003304797544567971;0.003131543233317695;7.471106112539565e-06;0.00028420021580433206;1.8991196913036165e-05;1.7029471693660877e-15;0.008973161344281153;0.019126810527844665;0.338098117339694;0.24450997962039314;0.02856086997115684;0.09895922355699717;0.009582926400831249;0.03085392576269072;0.0017755385174540535;0.008153657317254556;0.001282928223092562;1.3856356181497954e-08
00:02:29;81;2.2114148;2.2080424;0.020164491503601525;0.08609907;0.086060286;0.0658216294137244;66844.07;60231.73;0.48138118079974634;0.029493332;0.029661372;0.029838623;0.030295748;0.029773807;0.030824658;0.024679692;0.030211203;0.027537439;0.028637448;0.029203756;0.019880805;0.029142587;0.028930629;0.029367376;0.030548591;0.030812819;0.030458486;0.027388021;0.030026343;0.02579429;0.028638111;0.029866083;0.019820627;3.7407895e-05;0.0001337462;7.510279e-05;0.00017023859;5.899018e-05;0.00016642339;6.322995e-05;0.00029335363;0.00025063998;9.172712e-05;8.912686e-05;0.00015405295;0.0013957655;0.0010339795;0.0015769051;0.0018271279;0.0015525488;0.0009954184;0.0010938883;0.001094641;0.00073352084;0.0017875246;0.0010871039;0.00063283305;0.00011728406619612199;0.00047060579330609846;0.1325849945911309;0.09104048216093355;0.001483333069519613;0.012504544606265842;0.00033047975437261185;0.0031315114488048227;7.471140050032481e-06;0.00028420021575038416;1.899119688653858e-05;1.7208612902786546e-15;0.008973161331663565;0.01912681028469546;0.3381071507679577;0.24448436372052793;0.028560868577574113;0.09895829051830579;0.009582926378882483;0.030853839559232328;0.0017755423745534815;0.008153657293239455;0.0012829282123989914;1.3945661449007509e-08
00:02:30;82;2.2114034;2.2080321;0.020162483555922425;0.08611106;0.08607235;0.06581991593910082;70102.164;63371.805;0.48139168866248866;0.02949657;0.029664004;0.0298438;0.030310307;0.029786969;0.030829163;0.024678925;0.030219184;0.027554661;0.028647425;0.029206846;0.019885963;0.029147783;0.028930161;0.029374525;0.030563632;0.030823678;0.030463338;0.027389377;0.030033937;0.025807712;0.028648943;0.029872518;0.019826433;3.7416597e-05;0.00013472406;7.510722e-05;0.0001702433;5.8997095e-05;0.00016698134;6.322919e-05;0.00029335904;0.00025064428;9.118539e-05;8.9125075e-05;0.00015312397;0.0013946588;0.0010344511;0.0015771023;0.0018270056;0.0015525144;0.000995843;0.0010935235;0.0010927343;0.0007327458;0.0017890852;0.0010876742;0.00063307735;0.00011728406614862885;0.0004706057852083514;0.1325803863983168;0.0910214767517885;0.0014833328603435624;0.012504106868824666;0.00033047975428185844;0.003131467605016703;7.4711686157745954e-06;0.0002842002156728185;1.899119684965966e-05;1.7462206453299414e-15;0.008973161303286355;0.019126810041587727;0.3381108751525936;0.24446134636360428;0.028560867110432837;0.09895713933985759;0.009582926355089928;0.030853720438168312;0.0017755456249576374;0.008153657268812283;0.001282928203313805;1.4067505333040055e-08
00:02:32;83;2.211396;2.208022;0.020160155686477093;0.08612222;0.08608335;0.06581804731346226;73283.56;66453.3;0.4813915258400444;0.029497227;0.029666632;0.029849319;0.030321984;0.029800773;0.030832248;0.0246787;0.030222973;0.027571356;0.02865596;0.02921174;0.019893855;0.029149478;0.028929498;0.029381307;0.030575778;0.030835103;0.030466443;0.02739125;0.0300377;0.025820578;0.028658602;0.029880643;0.019835228;3.742487e-05;0.00013548178;7.5111544e-05;0.0001702479;5.900366e-05;0.00016752898;6.322836e-05;0.00029336382;0.0002506484;9.065217e-05;8.9123256e-05;0.00015241186;0.0013935734;0.0010348491;0.0015772957;0.0018268363;0.0015524715;0.0009962769;0.0010931512;0.0010908376;0.0007318979;0.001790499;0.0010883367;0.0006332798;0.00011728406609181468;0.0004706057767920608;0.13257408432968107;0.09100023829539101;0.0014833326485015697;0.012503777217529596;0.00033047975418512375;0.0031314035444935722;7.47119268738386e-06;0.0002842002155901119;1.8991196780050826e-05;1.779512549308843e-15;0.00897316127382662;0.019126809787647508;0.3381048404544375;0.24444599764017244;0.028560865608179487;0.09895627221072571;0.009582926329596664;0.030853546427029355;0.001775548362293729;0.008153657245434244;0.0012829281987191139;1.422348462871746e-08
00:02:34;84;2.2113874;2.2080128;0.02015767914034805;0.08613228;0.08609297;0.06581634227547835;76327.2;69418.055;0.48139702109753835;0.029496627;0.029667871;0.029854687;0.030330673;0.02981362;0.030836519;0.02467775;0.0302276;0.027585952;0.028665295;0.029216673;0.019898266;0.0291502;0.028927414;0.029387599;0.03058438;0.03084542;0.030470874;0.027392011;0.0300427;0.0258324;0.028668813;0.029889133;0.019840276;3.743175e-05;0.00013617576;7.511554e-05;0.00017025025;5.9009468e-05;0.0001681645;6.322744e-05;0.00029336824;0.00025065188;9.003002e-05;8.912157e-05;0.00015175706;0.0013925302;0.0010352179;0.0015775528;0.0018264345;0.0015523602;0.0009967155;0.0010927471;0.0010891923;0.00073106925;0.0017917684;0.0010892263;0.00063346437;0.00011728406590262239;0.000470605767484635;0.13256830618366527;0.09097682116310317;0.0014833323855055617;0.012503371200820065;0.00033047975408080946;0.0031312865390019074;7.471212478515382e-06;0.0002842002154595443;1.899119667260727e-05;1.8210451641474046e-15;0.00897316122747328;0.019126809500917448;0.3381025623902685;0.24442920120401562;0.02856086370978257;0.09895520324174364;0.00958292630202766;0.030853229290065187;0.00177555060660695;0.00815365721983426;0.0012829281978078031;1.4415197307690184e-08
00:02:36;85;2.2113774;2.2080038;0.020155114864403408;0.08614088;0.08610146;0.0658141724960612;79192.47;72229.664;0.481395753408508;0.029496096;0.02966925;0.029858198;0.030338561;0.029825494;0.030840693;0.024676425;0.030230857;0.027598903;0.028673062;0.029219294;0.019902917;0.029151907;0.02892583;0.029392062;0.030591192;0.030854601;0.030475419;0.027392298;0.030046808;0.025843242;0.028677505;0.029895267;0.019845592;3.743809e-05;0.00013686284;7.511936e-05;0.00017025259;5.901497e-05;0.00016881753;6.322654e-05;0.00029337252;0.00025065534;8.9389374e-05;8.911993e-05;0.0001511071;0.0013915085;0.0010355697;0.0015777845;0.0018257747;0.0015522492;0.0009971833;0.0010923147;0.0010876227;0.0007302426;0.0017928578;0.0010904137;0.00063360913;0.00011728406559159476;0.0004706057573180247;0.13256128817156185;0.09095358824796812;0.0014833321298791053;0.01250296443372572;0.00033047975396888895;0.0031311731720811767;7.471228909514513e-06;0.0002842002152954618;1.8991196539574923e-05;1.8712797333524403e-15;0.008973161168021984;0.019126809182638333;0.33809541545239147;0.24441169015209055;0.028560861817072843;0.09895413178561789;0.009582926272300238;0.0308529215991317;0.0017755524870305473;0.008153657191884116;0.001282928199678028;1.464487643563156e-08
00:02:38;86;2.2113671;2.2079945;0.020152443108261496;0.086148486;0.08610919;0.06581127533998025;81899.91;74899.8;0.4813941542595018;0.029494174;0.029668987;0.029862933;0.030345585;0.029836917;0.03084334;0.024675502;0.030233935;0.027610002;0.028678956;0.029220013;0.019909717;0.02915259;0.028923327;0.029398039;0.030597262;0.030863214;0.030478256;0.027392855;0.030050967;0.025852695;0.028684638;0.02989942;0.01985325;3.7444286e-05;0.00013749869;7.5122785e-05;0.0001702546;5.902006e-05;0.00016957855;6.322554e-05;0.00029337662;0.00025065857;8.864047e-05;8.91184e-05;0.0001505069;0.0013902044;0.0010359038;0.0015780098;0.0018253196;0.0015521644;0.0009975175;0.0010920009;0.0010865082;0.0007294385;0.0017937653;0.0010914012;0.0006337411;0.00011728406523017547;0.000470605746793798;0.13255307158358692;0.09093013047740316;0.001483331888185246;0.012502703414116691;0.0003304797538473384;0.003131047715346356;7.4712431106900104e-06;0.00028420021511286635;1.8991196402777385e-05;1.932508857381007e-15;0.00897316111099463;0.01912680885247147;0.338088877757026;0.24438448899970644;0.028560859991916633;0.0989534456223242;0.009582926239792412;0.03085258110892039;0.0017755541146920056;0.00815365716777796;0.0012829282047482607;1.4909392525829306e-08
00:02:40;87;2.2113583;2.207986;0.020149690583568105;0.086154915;0.086115815;0.0658043779292819;84448.3;77442.42;0.4813265654998702;0.029493956;0.029666517;0.029864393;0.03035301;0.029847872;0.030844303;0.0246758;0.03023983;0.02761959;0.028684838;0.029218469;0.019912684;0.029155158;0.028918894;0.029400507;0.030603776;0.030871052;0.030479766;0.027394649;0.030057894;0.025861323;0.028691333;0.029901678;0.019857071;3.7449776e-05;0.00013816697;7.512602e-05;0.0001702557;5.9024453e-05;0.00017024309;6.3224514e-05;0.00029338038;0.00025066157;8.798707e-05;8.911697e-05;0.00014987019;0.0013887872;0.0010362293;0.0015782049;0.0018250465;0.0015520788;0.0009978244;0.0010917204;0.0010857027;0.0007286297;0.0017946239;0.0010922571;0.00063390745;0.00011728406473344927;0.0004706057357188726;0.1325353314963824;0.09091521990271165;0.0014833316339988827;0.012502468441061192;0.000330479753717652;0.0031309033084410435;7.471254893276289e-06;0.00028420021490830824;1.8991196248593536e-05;1.9996243435728926e-15;0.008973161036437506;0.019126808501474232;0.3380359418903673;0.24435566630386404;0.028560858045930573;0.09895282772504813;0.009582926205179441;0.030852189347664163;0.0017755555406311176;0.008153657144344207;0.0012829282180384864;1.519240389925322e-08
00:02:41;88;2.2113478;2.2079775;0.020146755107293485;0.086159274;0.08612043;0.06579619541393568;86783.69;79814.27;0.481230773566857;0.029492995;0.029664274;0.029863873;0.030359969;0.029854566;0.030846043;0.024673574;0.030243255;0.027625723;0.028689062;0.02921821;0.019915039;0.029157763;0.028914386;0.029400812;0.030609298;0.03087499;0.030482309;0.027393406;0.03006226;0.02586754;0.02869607;0.029905181;0.019860018;3.745511e-05;0.0001388744;7.5129145e-05;0.00017025623;5.902861e-05;0.00017079749;6.322339e-05;0.00029338387;0.00025066434;8.7442575e-05;8.911566e-05;0.0001491922;0.0013874702;0.0010365312;0.0015784185;0.0018244537;0.0015520108;0.0009981733;0.0010913683;0.0010849359;0.00072775094;0.0017954701;0.001093407;0.0006340622;0.00011728406408562674;0.00047060572362475693;0.132514020876375;0.09090185166949337;0.0014833313305974523;0.012502110827162113;0.0003304797535772542;0.003130714367581044;7.471264327719599e-06;0.0002842002146540555;1.899119604132233e-05;2.0767251442316158e-15;0.008973160939060702;0.019126808115306038;0.3379615431761264;0.2443333289104393;0.02856085574168933;0.09895188738414655;0.009582926167905157;0.030851676962826542;0.0017755567126454567;0.008153657116104546;0.0012829282273976938;1.5513580487089355e-08
00:02:43;89;2.2113404;2.207969;0.02014317712255817;0.08616276;0.08612415;0.06578582389849155;88979.234;82061.27;0.48110972670972096;0.029492157;0.029661698;0.02986084;0.03036612;0.02986164;0.030847885;0.024671488;0.030244732;0.027632028;0.028693017;0.029215643;0.01991645;0.029159898;0.02891009;0.029399011;0.030613793;0.030879404;0.030484755;0.02739251;0.030064981;0.025874216;0.028700074;0.029906427;0.01986192;3.7460417e-05;0.0001396062;7.513219e-05;0.00017025594;5.903263e-05;0.00017114152;6.322207e-05;0.00029338725;0.0002506668;8.71085e-05;8.911435e-05;0.0001484893;0.0013861831;0.0010367774;0.0015786496;0.0018238683;0.0015519385;0.0009985402;0.001090975;0.0010842475;0.00072672864;0.0017962895;0.0010945942;0.0006342208;0.00011728406330271313;0.0004706057110351483;0.13248743842069016;0.09088619388369105;0.0014833309734746626;0.012501617933483627;0.0003304797534253429;0.0031305120496883734;7.471271723081546e-06;0.00028420021436979353;1.899119581181956e-05;2.1616175014859215e-15;0.008973160822161489;0.019126807712763188;0.33786775019552007;0.24430451286271293;0.028560853048023478;0.09895058887656671;0.009582926127603829;0.030851128359021724;0.0017755575893230102;0.008153657085464958;0.0012829282399624542;1.5862774822362254e-08
00:02:45;90;2.211332;2.2079601;0.020139433299499552;0.08616458;0.08612607;0.06577466349375562;90948.49;84070.83;0.48097280175672547;0.029487867;0.02965822;0.029856909;0.030370561;0.0298697;0.030847918;0.024668843;0.030245136;0.027637593;0.028695552;0.029213676;0.01991578;0.029157974;0.028905492;0.029395625;0.030616231;0.030885233;0.030485485;0.027390594;0.030067105;0.025880214;0.028702836;0.029907698;0.019861722;3.7465565e-05;0.0001403601;7.5135e-05;0.00017025546;5.9035807e-05;0.00017157225;6.322071e-05;0.0002933903;0.00025066888;8.6687236e-05;8.91132e-05;0.0001477618;0.001384898;0.001036996;0.0015788975;0.0018231871;0.0015517797;0.0009989374;0.0010905269;0.0010835727;0.0007253209;0.0017973022;0.0010959227;0.0006342971;0.0001172840625472595;0.0004706056978807655;0.1324586925727563;0.09087075732040707;0.0014833305894680572;0.012501100919648647;0.00033047975326150114;0.0031302859912839425;7.471277138343075e-06;0.0002842002140516601;1.89911955487842e-05;2.2565689140198657e-15;0.008973160713271453;0.019126807291004917;0.3377615883095351;0.2442787280074366;0.028560850151316344;0.0989492258370973;0.009582926083863592;0.030850515703104823;0.0017755582768481401;0.00815365705498066;0.001282928252566009;1.6244042488785904e-08
00:02:47;91;2.2113252;2.207953;0.020137205176365476;0.08616586;0.08612768;0.0657665190213692;92768.26;85947.53;0.4808731544208356;0.029482564;0.029653454;0.029854996;0.030375194;0.029876169;0.030847114;0.024666427;0.030244643;0.027640803;0.028698536;0.029209394;0.019917678;0.029154927;0.02890015;0.029394021;0.030619232;0.030889718;0.03048567;0.02738896;0.030068278;0.025883788;0.028705623;0.029907111;0.01986401;3.7471065e-05;0.00014103175;7.513736e-05;0.00017025467;5.903875e-05;0.00017197167;6.321929e-05;0.00029339292;0.00025067086;8.629815e-05;8.911208e-05;0.00014711646;0.0013837481;0.0010371911;0.0015789379;0.0018222686;0.0015515981;0.0009993132;0.0010900717;0.0010827294;0.0007255981;0.0017984074;0.001097253;0.000634322;0.00011728406180127616;0.0004706056844889438;0.13243892100475158;0.09086442357670518;0.0014833301937176744;0.012500680524382102;0.00033047975308653715;0.003130074626706796;7.471281750151935e-06;0.00028420021371590773;1.8991195277165587e-05;2.361565470839641e-15;0.008973160610844015;0.019126806860579867;0.33768672460141247;0.24425754108417866;0.02856084716063277;0.09894811861439234;0.009582926037120595;0.030849942452036944;0.0017755588844240039;0.008153657024466701;0.001282928268069709;1.665827218010461e-08
00:02:49;92;2.2113156;2.2079442;0.020135261020636983;0.086166255;0.086128674;0.0657582665192789;94495.02;87744.89;0.4807747689588888;0.029478766;0.029645285;0.029852012;0.03037878;0.02988253;0.030845137;0.024665466;0.030241484;0.02764386;0.028698998;0.029207334;0.01991888;0.029152792;0.028892031;0.029391756;0.030621652;0.030893303;0.030484496;0.027389102;0.030067392;0.025887344;0.02870671;0.029908387;0.019865386;3.747471e-05;0.00014136065;7.513873e-05;0.00017025262;5.9039456e-05;0.0001724151;6.321769e-05;0.0002933942;0.00025067158;8.586511e-05;8.9111134e-05;0.00014680527;0.0013826863;0.001037371;0.001578966;0.0018212292;0.0015514422;0.0009997102;0.0010896757;0.0010816788;0.0007272011;0.0017995641;0.001098611;0.00063429424;0.00011728406098759695;0.00047060567105957474;0.13241959544250198;0.09086090688503971;0.0014833297905642662;0.01250038976670842;0.00033047975289993327;0.0031298781843120673;7.471285211540672e-06;0.0002842002133757632;1.8991194980469858e-05;2.472692417581342e-15;0.00897316050523393;0.019126806426013134;0.33761406552487605;0.24423246962260162;0.028560844118993938;0.0989473550498577;0.009582925987278283;0.030849409326687567;0.0017755593025996317;0.008153656994775344;0.0012829282849636326;1.7087466189623323e-08
00:02:51;93;2.2113085;2.2079363;0.020133686281699342;0.08616547;0.08612859;0.06575015331557689;96122.39;89427.42;0.48065702216379275;0.029475762;0.029638533;0.02984874;0.030380344;0.029884733;0.030841606;0.024662623;0.030239632;0.027648743;0.028699944;0.029202592;0.019918183;0.029151343;0.028885555;0.029389594;0.03062179;0.030892605;0.030481135;0.027387345;0.030068249;0.025892813;0.028708251;0.02990702;0.019864792;3.7477825e-05;0.00014172248;7.514015e-05;0.00017025074;5.904041e-05;0.00017282522;6.3216015e-05;0.00029339522;0.00025067234;8.546516e-05;8.9110195e-05;0.00014646078;0.0013816402;0.0010374824;0.0015789819;0.0018199887;0.0015512003;0.0010000515;0.0010892939;0.0010807235;0.00072876393;0.0018004987;0.0011001219;0.00063425733;0.00011728406008371792;0.0004706056566874227;0.13240017482764824;0.09086192979025944;0.0014833293480832161;0.012500147103175967;0.0003304797527016492;0.0031296221468499197;7.471287255424046e-06;0.00028420021299533575;1.8991194649167978e-05;2.59158165932201e-15;0.008973160393016016;0.01912680596198838;0.33752646973329536;0.24422404058896102;0.028560840806582246;0.09894671877194812;0.009582925933968225;0.03084871531472784;0.0017755594882079612;0.008153656964432304;0.0012829282994222904;1.7530372652342793e-08
00:02:52;94;2.2113016;2.2079291;0.020132369641897185;0.086163945;0.0861279;0.06574167191548717;97510.54;90889.52;0.48052642111823074;0.029471517;0.029633477;0.029843263;0.030385284;0.029885978;0.03083936;0.024657259;0.030237613;0.027651642;0.028699948;0.029197477;0.019915713;0.029148597;0.028880902;0.029385624;0.030625397;0.030891066;0.030478958;0.02738286;0.030068927;0.02589693;0.028708909;0.029905032;0.019862276;3.7480677e-05;0.00014216066;7.5141696e-05;0.00017024831;5.9041296e-05;0.00017310026;6.321431e-05;0.00029339612;0.00025067313;8.519953e-05;8.910923e-05;0.0001460383;0.0013807;0.0010375757;0.0015790198;0.001818926;0.0015508406;0.0010004375;0.0010888268;0.0010799149;0.0007301508;0.0018011619;0.0011015674;0.0006342557;0.00011728405911183574;0.00047060564188606554;0.13238015222990243;0.0908665901791247;0.0014833288686588925;0.012500029707890107;0.00033047975249284837;0.0031293025688152445;7.471287982384683e-06;0.00028420021259921836;1.8991194299711786e-05;2.7152629531856977e-15;0.008973160271480186;0.019126805481544714;0.33742979260008055;0.244220119307209;0.028560837253855036;0.09894640980949812;0.009582925877745908;0.030847849753518442;0.0017755594114167033;0.008153656932526142;0.0012829283108312904;1.7976139877178932e-08
00:02:54;95;2.2112927;2.207921;0.020132125793145342;0.0861613;0.08612616;0.06573399461994094;98703.586;92181.164;0.4803920606187324;0.029466324;0.02962912;0.029838027;0.030389365;0.029886607;0.03083619;0.024651047;0.03023497;0.027652519;0.0286983;0.029191177;0.019912498;0.02914518;0.028876862;0.029382212;0.030628404;0.03088868;0.030475492;0.027377522;0.030068822;0.025899097;0.028707562;0.029901553;0.019859076;3.7483063e-05;0.00014263154;7.514284e-05;0.00017024651;5.9041908e-05;0.00017343614;6.321258e-05;0.0002933969;0.0002506736;8.4873056e-05;8.910831e-05;0.00014558218;0.0013798099;0.0010376725;0.0015790119;0.001817963;0.0015504957;0.0010007796;0.0010884065;0.0010790426;0.0007315142;0.0018016616;0.0011029642;0.0006342355;0.00011728405805179755;0.00047060562643751853;0.13236336295727077;0.09088084251238111;0.0014833283752154398;0.012499966311343497;0.0003304797522650359;0.0031289772307638657;7.471287947474532e-06;0.000284200212166909;1.8991193897886047e-05;2.84986255737112e-15;0.00897316014201641;0.019126804983507082;0.33733240680711674;0.24422642897822355;0.028560833580173375;0.0989462438418314;0.009582925816433427;0.030846968462158317;0.0017755591708898924;0.008153656899147701;0.0012829283156156948;1.84421775948493e-08
00:02:56;96;2.2112854;2.2079139;0.020131627896461213;0.086157896;0.08612368;0.06572648407678235;99768.04;93361.66;0.48027289784988003;0.029460365;0.029623767;0.02983168;0.030389832;0.029883698;0.030832492;0.02464753;0.03022926;0.027653093;0.028697396;0.029187541;0.019910716;0.02914114;0.028871816;0.02937817;0.03062813;0.030882407;0.030470897;0.02737531;0.030065134;0.025900997;0.028707089;0.029900322;0.019857705;3.7485326e-05;0.00014309946;7.514397e-05;0.00017024507;5.904267e-05;0.00017373741;6.321076e-05;0.00029339752;0.0002506739;8.458033e-05;8.910752e-05;0.00014512849;0.0013791497;0.001037749;0.0015790133;0.0018168511;0.0015502138;0.0010011342;0.0010880422;0.0010780281;0.0007328264;0.0018021124;0.0011044499;0.0006341996;0.0001172840568555784;0.00047060561002825813;0.13234762979327164;0.09089115349372995;0.00148332782339064;0.012499751303332807;0.0003304797520170458;0.0031286402330132305;7.471286832227692e-06;0.0002842002116628591;1.899119339727359e-05;2.996410543399479e-15;0.008973159997653916;0.01912680445305123;0.33724581572607004;0.24422437710876266;0.028560829510138306;0.09894567810309643;0.009582925749745301;0.030846055335326143;0.001775558823283506;0.008153656857170323;0.0012829283126994473;1.8944390856529973e-08
00:02:58;97;2.2112787;2.2079062;0.020131332349773667;0.08615348;0.08612019;0.0657182251960043;100682.27;94388.67;0.48013850536740155;0.02945148;0.029615112;0.029826408;0.030391179;0.029883398;0.03082762;0.024641315;0.030224739;0.027654532;0.028693974;0.02918359;0.01990717;0.029134057;0.02886418;0.029374342;0.0306296;0.030878125;0.030465692;0.027369993;0.03006197;0.025903136;0.028704215;0.029898653;0.019854173;3.7487564e-05;0.00014358599;7.514481e-05;0.00017024219;5.9043094e-05;0.00017407753;6.3208965e-05;0.0002933976;0.000250674;8.4247855e-05;8.91068e-05;0.00014465263;0.001378635;0.0010377996;0.0015789752;0.0018160867;0.0015499025;0.0010014793;0.0010876174;0.0010769508;0.00073402206;0.0018024084;0.0011056955;0.0006341642;0.00011728405559794122;0.00047060559352919066;0.13233099165962522;0.0909048224188243;0.0014833272595564041;0.01249949921692416;0.00033047975175768204;0.0031283155523730926;7.47128505254763e-06;0.00028420021114955625;1.8991192890652756e-05;3.1499536328249748e-15;0.00897315984580507;0.019126803917319673;0.33714799380339194;0.24422464119184864;0.02856082534247136;0.09894501431955069;0.009582925679932174;0.030845175255929357;0.001775558413514474;0.008153656814817821;0.0012829283111419085;1.9456328369466856e-08
00:03:00;98;2.2112706;2.2078986;0.020129984832482652;0.086148076;0.08611563;0.06570952701251602;101378.875;95213.96;0.4800115009533316;0.029442338;0.029607296;0.029822689;0.030392261;0.029879456;0.030823128;0.024633506;0.030219978;0.027652819;0.028689548;0.02917758;0.019904798;0.029126953;0.028856989;0.029372148;0.03063112;0.030870706;0.030460631;0.027362864;0.030058071;0.025902018;0.02869995;0.02989498;0.019851932;3.7489244e-05;0.00014406984;7.514562e-05;0.00017023893;5.904354e-05;0.00017446485;6.320716e-05;0.00029339758;0.00025067417;8.386727e-05;8.9106084e-05;0.00014417774;0.0013783571;0.0010378173;0.001578916;0.0018153056;0.0015496198;0.0010018154;0.0010871812;0.0010757676;0.000735032;0.001802586;0.001106971;0.0006341247;0.00011728405421002442;0.0004706055761189035;0.13231227989836034;0.09090800260773002;0.001483326665577801;0.012499183563266587;0.00033047975147911413;0.003127993188041555;7.471282092306419e-06;0.0002842002105701716;1.8991192341706955e-05;3.3191524345738347e-15;0.008973159674304001;0.019126803351902647;0.33705262281489773;0.2442173442266273;0.02856082094784435;0.09894418356585918;0.009582925604843062;0.03084430105821087;0.0017755578255875663;0.008153656766253788;0.001282928310072389;2.0003789539830952e-08
