Time;Epoch;Train Loss;Test Loss;Exp_Diff;Train_MAE;Test_MAE;Exp_MAE;Train_KO;Test_KO;Exp_KO;Train_1;Train_2;Train_3;Train_4;Train_5;Train_6;Train_7;Train_8;Train_9;Train_10;Train_11;Train_12;Test_1;Test_2;Test_3;Test_4;Test_5;Test_6;Test_7;Test_8;Test_9;Test_10;Test_11;Test_12;Train_MAE_1;Train_MAE_2;Train_MAE_3;Train_MAE_4;Train_MAE_5;Train_MAE_6;Train_MAE_7;Train_MAE_8;Train_MAE_9;Train_MAE_10;Train_MAE_11;Train_MAE_12;Test_MAE_1;Test_MAE_2;Test_MAE_3;Test_MAE_4;Test_MAE_5;Test_MAE_6;Test_MAE_7;Test_MAE_8;Test_MAE_9;Test_MAE_10;Test_MAE_11;Test_MAE_12;Exp_1;Exp_2;Exp_3;Exp_4;Exp_5;Exp_6;Exp_7;Exp_8;Exp_9;Exp_10;Exp_11;Exp_12;Exp_MAE_1;Exp_MAE_2;Exp_MAE_3;Exp_MAE_4;Exp_MAE_5;Exp_MAE_6;Exp_MAE_7;Exp_MAE_8;Exp_MAE_9;Exp_MAE_10;Exp_MAE_11;Exp_MAE_12
00:02:44;1;0.0015443948;0.0015380015;0.0017434151679747492;0.028162077;0.028101303;0.028039244673607078;0.46309465;0.4734057;0.18775678740328036;0.0011495651;0.0017340459;0.0031298515;0.0011553616;0.0015240281;0.0009188055;0.0022838828;0.0015881705;0.0009260963;0.001290493;0.0018204483;0.0010119836;0.0011402067;0.0017413982;0.0030545772;0.0010880114;0.0015099567;0.00090461416;0.0023468554;0.001638984;0.0009424474;0.001289932;0.001792834;0.0010062;3.4264947e-05;3.283354e-05;3.9611143e-05;2.6992619e-05;4.211171e-05;3.4122342e-05;3.8281152e-05;4.3806696e-05;2.4459805e-05;3.4456076e-05;5.8718662e-05;3.3529723e-05;0.00039151686;0.0003891347;0.00051278644;0.00033402164;0.00036734156;0.00027352152;0.00035147186;0.00042152766;0.0002792113;0.00028202785;0.00045342869;0.00024988534;0.0005216600133729232;7.365136154243697e-05;0.012784808385890847;0.002201677435659041;0.0008026680269692726;0.0010752712814233907;0.0004030701440921357;0.00026448695537151603;0.0010919725221395895;0.00027983515388908825;0.0008617262705577178;0.0005601544647890419;0.020889144457840337;0.007084907881225028;0.09315396661718445;0.03700412043812799;0.021922990015439868;0.028961204492064515;0.0168020336301225;0.010928699168526545;0.03178732642796708;0.016023473061512156;0.02854300693818709;0.023370062955087277
00:05:29;2;0.00046979706;0.00047085676;0.00041921722232749896;0.015928438;0.01596964;0.014942404400890437;0.25889245;0.2654875;0.1472898697317812;0.00045695662;0.00054957974;0.0005097848;0.00040071522;0.0005537423;0.00037211974;0.0008073318;0.0006455928;0.00031209848;0.0003416219;0.00045775654;0.00023026449;0.00048557456;0.0005545741;0.0005148184;0.0003773368;0.00054683635;0.00036584714;0.000807646;0.000639653;0.00031186256;0.00034376112;0.0004584596;0.000243911;2.1224992e-05;1.6611932e-05;2.2583334e-05;1.8263905e-05;2.2204094e-05;1.8961524e-05;2.3914738e-05;2.7381988e-05;1.4551118e-05;2.2298784e-05;2.89762e-05;1.4397187e-05;0.00014926496;0.0002475861;0.00024953103;0.00017507766;0.00025076728;0.00022035198;0.00020847235;0.00031608154;0.00013393894;0.00020002923;0.00023527016;0.00010469437;7.726227244296026e-05;0.00020129883319376597;0.0016140959879369474;0.0011463375049097016;0.00026724118704039563;0.000741331014070247;0.0002477262951616535;9.417566337982813e-05;0.00025743860899847824;0.00011889196331832287;0.00015257839003927432;0.00011222894743841304;0.007829253054646455;0.011479867016705796;0.028274668558050938;0.029315325038843765;0.011334141741438609;0.02453064312529636;0.013182884223341212;0.0066736302576050534;0.015342613868706114;0.00912265779103448;0.011804094881600724;0.010419073253415706
00:08:13;3;0.00024122024;0.00024159781;0.00021861139386191626;0.01186316;0.011891809;0.011705119116475612;0.18757145;0.19203079;0.11962834847144985;0.00019380718;0.0002608524;0.00033378252;0.00023423559;0.00018366317;0.00018724162;0.00041616277;0.00026264472;0.00020783898;0.00022899847;0.0002561792;0.0001292359;0.00020241385;0.0002620907;0.0003318502;0.0002223058;0.00018328769;0.00018727763;0.00041619246;0.000261912;0.00021295325;0.00022828834;0.00025482228;0.00013577961;1.4734047e-05;1.4160226e-05;2.1989068e-05;1.4052198e-05;1.6963664e-05;1.5690715e-05;1.7003646e-05;1.9617657e-05;1.5305994e-05;1.8313393e-05;1.9316649e-05;1.25573015e-05;0.00012851719;0.00022644902;0.00018229206;0.00012513547;0.00012463685;0.00015456867;0.00013724473;0.00019180217;0.0001514068;0.00018266433;0.00015526099;9.093608e-05;9.801790470147688e-05;0.00013815573427889202;0.0005137797404820309;0.0006689712851561843;6.762617324780695e-05;0.0005274703032842426;0.00010065175254247962;7.598555317661161e-05;0.0001529660713868626;7.663028823228109e-05;9.801168245600789e-05;0.00010507023739811948;0.009370836655323098;0.009830344698905214;0.01726775106307936;0.021653396922749712;0.006870618740523734;0.020916920921315512;0.008813146529346704;0.007304737026444297;0.011901707325148872;0.006953242936039846;0.00950069830281342;0.010078028276017526
00:10:58;4;0.00016590685;0.00016635614;0.0001628357612874022;0.009792277;0.0098045925;0.00986505915837181;0.1881631;0.1913379;0.10257962611125752;0.0001237886;0.00017489734;0.00021180596;0.00018255513;0.0001490911;0.00015229448;0.00022969389;0.00016978786;0.0001387337;0.00011356637;0.00015956988;0.00018509777;0.00012954432;0.00017417478;0.00020980743;0.00017941366;0.00014525116;0.00014895956;0.00022367587;0.00016964269;0.00013890567;0.000115566625;0.00016223763;0.0001990944;8.339587e-06;1.39194335e-05;1.3462488e-05;1.2796057e-05;1.323239e-05;1.46411085e-05;1.3795692e-05;1.4766694e-05;1.2273104e-05;1.1456431e-05;1.5502568e-05;1.1290083e-05;0.000103397986;0.00016187128;0.000120414785;0.00012970711;0.00012676204;0.000110105146;9.8896555e-05;0.00018976246;0.00010541977;0.00011231909;0.000112187205;0.00011961997;5.453734517164602e-05;6.968245966451324e-05;0.00044575053764097814;0.000577866826329455;6.571656080818497e-05;0.00027391198533853976;7.707644419195814e-05;9.848965955252732e-05;0.00014875542363000568;5.380033180520354e-05;4.4802106083876305e-05;4.363945523193847e-05;0.0068390310344536125;0.006948931810150786;0.016543282978418387;0.021691690818874572;0.00651333372912756;0.01495781786701665;0.007924435773927992;0.007114970253807744;0.011839697210454359;0.0053323715768481906;0.006214897571049813;0.006460249276332012
00:13:43;5;0.00016088941;0.00016116355;0.0001459393543122601;0.009515575;0.009526414;0.008782390893009548;0.1492507;0.15199614;0.08644174413445535;0.00012933303;0.00016280693;0.00018411744;0.00014235536;0.00015976562;0.00011774661;0.00019230244;0.00017218529;0.00012708077;0.00020450755;0.00022773618;0.00011073601;0.00013376355;0.00015941098;0.00018575348;0.00013866373;0.00015499869;0.00011523801;0.00018898562;0.00016965829;0.00012996135;0.00020868829;0.00022796448;0.000120876066;9.692551e-06;1.1264671e-05;1.1263176e-05;1.0731905e-05;1.0303389e-05;9.776639e-06;1.1449169e-05;1.4857995e-05;1.28844395e-05;1.747859e-05;1.8570781e-05;1.0014972e-05;7.679162e-05;0.00017283909;0.00014428204;0.00010691616;0.00012765857;9.209341e-05;8.473516e-05;0.00015385872;0.00012423922;0.00017301207;0.00013236138;8.380004e-05;2.2773675476389355e-05;7.597026117439038e-05;0.0008011309348838767;0.00027722455520748514;6.886965943233826e-05;0.0001606993944443709;6.311137919100901e-05;9.195683801971228e-05;4.2919734943470835e-05;6.032881168267309e-05;5.669148096225383e-05;2.959552632915132e-05;0.004194377747941306;0.0073580188363972215;0.023669389137407622;0.014306042300528142;0.0066969804423793085;0.010566579080827357;0.006849557438928907;0.008315201684033;0.006150636931890395;0.0048799026820399785;0.00709933510662579;0.005302669327115503
00:16:28;6;0.00011529414;0.000116036776;0.00013235387556452768;0.008069126;0.0080897715;0.008198852596938899;0.1352987;0.13609348;0.07138595104679844;7.4603944e-05;0.00012429987;0.00015246248;0.00011645058;8.3929815e-05;0.000122040285;0.00010819327;0.00017194348;9.113224e-05;0.000113042486;0.00016122185;6.421004e-05;7.66325e-05;0.00012526535;0.00015139594;0.00011618444;8.3597304e-05;0.0001214649;0.00011081956;0.00017081389;9.334864e-05;0.00011363852;0.0001604328;6.8847636e-05;7.193577e-06;1.1286307e-05;1.3593543e-05;1.1826437e-05;1.1093044e-05;1.0988263e-05;1.0285075e-05;1.5026529e-05;1.0096125e-05;1.207412e-05;1.5884008e-05;1.1416664e-05;6.432888e-05;0.00013588558;0.00011263648;9.10492e-05;8.684948e-05;9.126658e-05;7.628501e-05;0.00014754958;0.000103108156;0.00011546112;0.000106095686;7.413011e-05;1.947038647788327e-05;0.000109957251138455;0.0007852625463542855;0.0001030533985983697;3.7000510084345264e-05;0.0002604319848726074;6.472143722623684e-05;7.67086033947691e-05;4.123017714214111e-05;3.0006090903791436e-05;3.8221679335196426e-05;2.218244124625084e-05;0.0038385741650876454;0.009024771399550682;0.02448782748100234;0.007864866759500856;0.0048307433977723135;0.014037978843313351;0.006504881632164485;0.007521779573036404;0.006005914651002826;0.003868875897639408;0.005813635093882316;0.00458638226931415
00:19:12;7;0.00012059668;0.00012163097;0.00012225316379840245;0.00820232;0.00822499;0.007953310611956125;0.17418991;0.17747584;0.05561810924248013;7.1409726e-05;0.00012980879;0.0001550122;0.00015398813;0.00016896414;7.957849e-05;0.000121958394;0.000118239026;0.00012162676;7.370896e-05;0.000115743496;0.00013712121;7.344463e-05;0.00012980716;0.00015642557;0.00015737668;0.00016494207;7.855627e-05;0.00012074595;0.00012359487;0.00012178988;7.416189e-05;0.000114731476;0.00014399497;6.095273e-06;9.8125065e-06;1.215894e-05;1.2810359e-05;1.14637105e-05;8.51857e-06;9.363723e-06;9.193955e-06;1.1272973e-05;1.0278337e-05;1.2980456e-05;1.0138526e-05;5.9652342e-05;0.00015248724;0.00011102363;0.00010822353;0.0001323827;7.879542e-05;7.8455174e-05;0.00015780539;0.00011226847;7.310499e-05;7.128764e-05;0.00014828127;1.296303190096188e-05;7.449891535278394e-05;0.0006029511570633518;0.0002337925771627967;0.00010865520397175445;0.00023605308544770987;4.7421240121412505e-05;4.222935055870144e-05;3.635348252986399e-05;2.8786267204736475e-05;2.7076613855754083e-05;1.62570404110025e-05;0.0029694848637937046;0.007534381770905925;0.019597816848754883;0.012990458733043294;0.008999221060988381;0.01410702190005743;0.005648646495745678;0.005348363919756035;0.005602525395827322;0.0038431446364921764;0.0048682729329823;0.003930388785126369
00:21:57;8;9.7577096e-05;9.802257e-05;7.393946522502938e-05;0.0074638757;0.0074880617;0.0064083599311261785;0.12427008;0.12729587;0.06519168516947017;8.2943814e-05;0.00010095193;0.00010393197;9.585386e-05;0.000108732085;7.683767e-05;0.00010684916;0.00012480334;5.971001e-05;0.00018247105;8.226976e-05;4.557074e-05;8.525671e-05;9.880761e-05;0.00010485782;9.510663e-05;0.000106404725;7.383427e-05;0.00010749701;0.00012674645;6.026297e-05;0.00018696925;8.2146886e-05;4.8380574e-05;1.0002752e-05;9.380824e-06;9.174074e-06;1.0476542e-05;9.568409e-06;9.177975e-06;1.0717058e-05;1.2528526e-05;7.0923256e-06;1.8531447e-05;1.1814522e-05;8.140749e-06;7.0832444e-05;0.00011284141;8.151308e-05;0.0001142452;9.9515244e-05;8.1469545e-05;8.2134e-05;0.00014387941;7.797826e-05;0.00015030285;6.440062e-05;5.090304e-05;1.9588664064652923e-05;4.18642811119021e-05;0.000334761235345971;0.00019239838282698695;3.40558361447298e-05;9.098237271780702e-05;4.0337696957942744e-05;2.4942603336102093e-05;2.933675042958436e-05;2.5429654155240704e-05;3.0530076609347386e-05;2.3046029000085776e-05;0.003972708250091569;0.0054645152604252826;0.015477726244054182;0.011923703725581493;0.004749363985312423;0.007444376954427218;0.0050946704384666405;0.004047395107895136;0.005062307159311887;0.0037500604662135603;0.005181164443501976;0.004732327138232749
00:24:41;9;9.4410585e-05;9.485131e-05;0.00012394694849726713;0.007234968;0.007257233;0.007946433897030244;0.1089023;0.11068058;0.058973041379746356;6.7656285e-05;8.713893e-05;0.000103653365;9.129821e-05;6.459869e-05;7.0866285e-05;7.542072e-05;0.0002122136;5.418254e-05;9.0344845e-05;0.00016336181;5.219179e-05;6.970694e-05;8.962575e-05;0.00010446895;8.923564e-05;6.580687e-05;7.022037e-05;7.1915594e-05;0.00021209323;5.550916e-05;9.291923e-05;0.00016077948;5.5934688e-05;8.793424e-06;9.336868e-06;1.0540567e-05;8.684538e-06;7.969407e-06;9.3314275e-06;7.781242e-06;2.2489035e-05;7.863994e-06;1.199166e-05;1.6154509e-05;7.1694135e-06;7.616132e-05;8.113518e-05;9.206982e-05;0.000102965;7.82964e-05;6.418289e-05;6.969665e-05;0.00015084128;5.6763827e-05;0.000123941;0.0001269521;7.518573e-05;2.271691741582825e-05;4.6386575693956535e-05;0.00040070917249525903;0.000666127507115955;2.5638010944166313e-05;9.411342652219666e-05;2.5697920735801287e-05;9.082339375458901e-05;3.52789030755436e-05;2.761950058699801e-05;3.790581769974746e-05;1.4346235927164447e-05;0.004294966543084236;0.0057670363921308665;0.018543105209164492;0.023527393078931216;0.0036998868210831796;0.008031884635594195;0.004681627186714877;0.008069604191447541;0.005585019132313205;0.0035976285141233987;0.005847617906350189;0.003711437153425522
00:27:26;10;8.0306694e-05;7.987304e-05;0.00010078742047673657;0.0068541444;0.0068536536;0.007282160058755774;0.11998549;0.12143748;0.05832266273030436;5.613433e-05;7.570041e-05;6.456659e-05;9.046904e-05;4.727188e-05;5.5997567e-05;0.00015911189;6.288997e-05;7.662216e-05;7.1641036e-05;0.00013567634;6.759912e-05;5.571565e-05;7.48096e-05;6.3926374e-05;8.790079e-05;4.664842e-05;5.5325174e-05;0.00015831864;6.369041e-05;7.557179e-05;7.231084e-05;0.00013504668;6.921225e-05;9.301369e-06;9.102088e-06;7.593757e-06;1.1203108e-05;7.62965e-06;7.070533e-06;9.693913e-06;9.291716e-06;8.558504e-06;1.1831825e-05;1.7805529e-05;7.70985e-06;7.287024e-05;8.073847e-05;6.90218e-05;0.00010346419;6.354686e-05;6.7773115e-05;9.725464e-05;9.48064e-05;8.323237e-05;9.605736e-05;0.00012164092;8.416377e-05;1.3495960485275084e-05;4.8316703229856755e-05;0.0004416228047424029;0.00039584330187934476;3.051732278600682e-05;9.081860459061168e-05;4.144888622522546e-05;3.348954177302326e-05;2.360564947177392e-05;2.6831172633154097e-05;5.201572425189178e-05;1.1443373652272238e-05;0.0029805791064188244;0.005914074177776532;0.01886053004555585;0.01790488752528298;0.004667581084007172;0.007466523797787363;0.005153426228145639;0.004872236966687007;0.004500280087659271;0.004861447080479162;0.00688955234683505;0.0033148022584344556
00:30:11;11;7.673097e-05;7.740045e-05;7.779598183631746e-05;0.0065082363;0.0065367036;0.006551637966311878;0.105959706;0.107392676;0.06358798876503635;5.598783e-05;6.577771e-05;7.2685674e-05;6.408983e-05;7.501829e-05;5.4798053e-05;0.00011558114;0.00010064772;5.9945e-05;5.9257945e-05;0.00015191645;4.5065728e-05;5.7976027e-05;6.792665e-05;7.3165385e-05;6.5120636e-05;7.3837946e-05;5.5365625e-05;0.00011652746;0.0001017261;5.9898754e-05;5.9746173e-05;0.00015142154;4.6093075e-05;8.665783e-06;7.983618e-06;8.792919e-06;7.796603e-06;7.168372e-06;8.243923e-06;8.8927645e-06;1.8008339e-05;8.447026e-06;1.0829433e-05;1.9856889e-05;9.1361735e-06;6.203196e-05;8.619447e-05;7.122816e-05;8.232936e-05;8.0025275e-05;7.3185845e-05;8.379125e-05;0.000116325056;9.038702e-05;8.720072e-05;9.786428e-05;6.0788017e-05;1.3679536281994893e-05;2.1897268224358513e-05;0.0003892544654596211;0.00019227992936295924;6.695955686531817e-05;8.977042450278158e-05;3.646208030743955e-05;3.715917753600491e-05;2.418838708885822e-05;1.5756781156924508e-05;3.2241038607644397e-05;1.390313664190486e-05;0.0029750707858764536;0.003845721523481898;0.017217012228616848;0.011653372319933122;0.007255839721231565;0.008266078543285958;0.005097565290004743;0.005118017804286467;0.004575431249063552;0.003524812055288292;0.005410986960670207;0.0036797471140034314
00:32:55;12;6.901226e-05;6.9504626e-05;6.735707669662098e-05;0.006180627;0.0062091784;0.005711337307197368;0.090153106;0.090457164;0.041423850413037686;5.664589e-05;5.6890898e-05;0.00010652559;7.0686474e-05;6.519479e-05;6.640234e-05;4.5908477e-05;9.007313e-05;0.000105161205;6.711539e-05;5.7417466e-05;4.0125055e-05;5.8164493e-05;5.765261e-05;0.00010694198;6.9604124e-05;6.328274e-05;6.459106e-05;4.7933307e-05;9.173736e-05;0.000106990876;6.7670946e-05;5.8114e-05;4.1372023e-05;6.7496376e-06;7.266333e-06;9.322807e-06;8.865542e-06;6.95011e-06;9.405925e-06;7.956484e-06;1.1306867e-05;1.083255e-05;1.0299686e-05;1.0078377e-05;7.830291e-06;5.4776297e-05;8.6155094e-05;0.00010180036;7.4415955e-05;5.8383343e-05;8.099043e-05;5.8189034e-05;0.00012659853;0.00011777012;8.347949e-05;6.818725e-05;5.7785142e-05;1.6929414779275525e-05;6.860208988917224e-05;0.00039800584517326926;7.152892286559961e-05;3.950630948972712e-05;7.943024986847238e-05;4.3899023313724826e-05;2.572247465004841e-05;1.3530692162301091e-05;1.5694843827329784e-05;2.1429609871704385e-05;1.4005444468827071e-05;0.0036041166645361146;0.00728335517534032;0.015402969157695765;0.006565582957155093;0.0053865276390822935;0.007094355680398282;0.004790175527325128;0.004301655041744433;0.00336242054350129;0.003051943102160968;0.0039938686088545295;0.0036990775885741884
00:35:40;13;6.230077e-05;6.32103e-05;5.1205284359709386e-05;0.0058021066;0.005835111;0.005311379574540987;0.092908725;0.09157513;0.032057406668388;9.8477256e-05;4.8009e-05;7.6499855e-05;6.30435e-05;4.3623455e-05;5.2905692e-05;9.7234515e-05;7.826309e-05;5.1714273e-05;3.9519357e-05;5.6498186e-05;4.1821077e-05;0.00010126338;4.9167287e-05;8.000129e-05;6.20585e-05;4.3715234e-05;5.2929838e-05;9.720739e-05;8.057428e-05;5.251561e-05;4.0743187e-05;5.4421034e-05;4.3926655e-05;9.686918e-06;7.919358e-06;7.0334995e-06;1.0176396e-05;5.8565197e-06;8.493226e-06;9.271121e-06;9.51394e-06;7.5242638e-06;8.78492e-06;1.14148e-05;6.062426e-06;7.825656e-05;6.679171e-05;7.571603e-05;8.2022336e-05;5.8348825e-05;5.6876397e-05;8.431732e-05;0.00011954469;7.301363e-05;7.0008115e-05;4.957571e-05;6.5595515e-05;1.4629169864991884e-05;2.523485088239629e-05;0.0002336195847592665;0.00011482497442922795;5.686732260562117e-05;3.8681798958820074e-05;3.046780400797404e-05;3.711274169715712e-05;2.206079738507511e-05;1.2610728040131633e-05;2.004003224322007e-05;8.31360744263068e-06;0.003320005775788207;0.004131688737796574;0.012230779143077571;0.008636458863408828;0.006657493213218889;0.0051005865069015345;0.004256998697104977;0.005203138959898456;0.004336595978560606;0.002988717263355488;0.004031361128644246;0.002842730626736472
00:38:24;14;5.5024087e-05;5.5915116e-05;5.8573281630830706e-05;0.005501716;0.0055290572;0.005536274780555651;0.10614136;0.10559722;0.04440762403996997;4.5928486e-05;5.5945045e-05;6.268342e-05;5.567982e-05;3.406685e-05;5.6019573e-05;8.202589e-05;5.195437e-05;7.24524e-05;4.882521e-05;5.322779e-05;4.148003e-05;4.6700206e-05;5.6343186e-05;6.3957865e-05;5.7200963e-05;3.383995e-05;5.7680376e-05;8.428566e-05;5.4119955e-05;7.140769e-05;5.0421535e-05;5.244905e-05;4.2574935e-05;6.6335324e-06;7.1413087e-06;6.8369673e-06;7.765492e-06;5.349502e-06;6.392497e-06;7.270639e-06;7.794252e-06;7.95189e-06;9.967229e-06;9.2869195e-06;5.969059e-06;4.7768695e-05;7.232339e-05;7.698349e-05;6.887875e-05;4.9129074e-05;5.467861e-05;6.314051e-05;0.000104282444;7.9938494e-05;7.821682e-05;5.6857614e-05;6.419292e-05;1.3960001812208783e-05;2.7598346152429944e-05;0.00027267757894622834;0.00012563412168964237;3.670940464219315e-05;0.0001321054302614341;1.6986628408185615e-05;1.8908208937175066e-05;1.3921410782336716e-05;1.4840358524157438e-05;1.9615484876477796e-05;9.922404537499057e-06;0.002901888926563466;0.004422791307819327;0.013920127713098753;0.00881996487817023;0.005289457957537437;0.010320635773087061;0.0035145281075886115;0.0037337171635704073;0.003408300690689102;0.0031601726135829598;0.003832068166182172;0.003111644068778288
00:41:08;15;4.7538626e-05;4.825576e-05;6.548702261710561e-05;0.005169553;0.0051984536;0.005815263598188908;0.09801378;0.09902645;0.06164515646954878;3.1178668e-05;5.1508094e-05;7.071793e-05;6.158228e-05;4.1094358e-05;4.11574e-05;3.993387e-05;6.6054854e-05;4.1745458e-05;3.1770298e-05;4.0305986e-05;5.341399e-05;3.2036754e-05;5.2969746e-05;7.2759205e-05;6.0596656e-05;4.015522e-05;4.1662126e-05;4.092552e-05;6.661232e-05;4.2848886e-05;3.253774e-05;4.116444e-05;5.480047e-05;5.1289217e-06;7.433646e-06;7.4333143e-06;8.78965e-06;4.99049e-06;6.3036414e-06;5.577436e-06;1.2740654e-05;7.1133713e-06;7.965589e-06;8.830302e-06;7.2681605e-06;4.2136588e-05;7.406955e-05;6.4020154e-05;7.018416e-05;4.312361e-05;5.853836e-05;4.7989713e-05;8.447469e-05;9.425521e-05;5.970992e-05;5.4384935e-05;8.102175e-05;1.4292103697200308e-05;1.51438930638528e-05;0.0003264080147104074;0.00018218870610245327;9.2956936176035e-05;4.8893841870962375e-05;1.3104129920874405e-05;2.6805802027381152e-05;2.056882154806851e-05;1.0783352457999725e-05;1.617364207580548e-05;1.8525027754227037e-05;0.002839206346233443;0.0032667274273205094;0.015535655151634676;0.0114423175767791;0.00894783805019972;0.005720621199397054;0.0032509313987250012;0.004278329935261027;0.004225984876484768;0.0027492481628205714;0.0032710531217750244;0.004255249931636017
00:43:53;16;5.3460462e-05;5.423688e-05;5.831724129405844e-05;0.0054584784;0.0054901578;0.005621200801957232;0.110247046;0.111944415;0.059616295772616616;3.861998e-05;6.717412e-05;5.2780833e-05;6.121851e-05;6.797819e-05;3.3215816e-05;6.153743e-05;7.048673e-05;7.537852e-05;3.648373e-05;4.2206608e-05;3.4444936e-05;4.0565257e-05;6.7901645e-05;5.4404863e-05;5.8989543e-05;6.8238776e-05;3.45674e-05;6.4067426e-05;7.277681e-05;7.537201e-05;3.6001595e-05;4.2637632e-05;3.5319612e-05;7.3318447e-06;6.314975e-06;6.840454e-06;8.281402e-06;7.4162704e-06;5.7817765e-06;6.218401e-06;1.0772371e-05;1.0038145e-05;8.849839e-06;5.504338e-06;6.0721154e-06;6.272176e-05;0.00011003071;8.054503e-05;8.294362e-05;7.120378e-05;6.911477e-05;5.301182e-05;0.00013005637;8.630062e-05;5.129973e-05;4.3316893e-05;5.0130428e-05;1.5397183602522056e-05;1.1707255510180293e-05;0.00022829895003275848;0.0002063771470672271;6.046855796375795e-05;7.479481451545552e-05;2.2117257984359693e-05;1.6365355506671234e-05;2.290359062421094e-05;8.684407015308886e-06;1.7828484724893927e-05;1.4863890981355398e-05;0.003438650331773408;0.0029576997198891347;0.013117025086065609;0.012051209384330165;0.007077944570698028;0.007478953757968438;0.0038896462312286223;0.003144911601585223;0.004470881502584712;0.002526269234789581;0.003508014294623239;0.0037932039079506224
00:46:37;17;4.997829e-05;5.0891522e-05;0.00013208108873427534;0.005388705;0.0054251333;0.007373090847024345;0.100861184;0.103201486;0.0652036758794728;3.0271149e-05;5.059831e-05;5.9056278e-05;6.456768e-05;4.6893398e-05;4.9826653e-05;6.831408e-05;4.7045534e-05;3.2525113e-05;6.0360573e-05;5.2519543e-05;3.776138e-05;3.1273583e-05;5.214798e-05;6.251681e-05;6.45319e-05;4.69003e-05;5.0592942e-05;6.9131136e-05;4.889596e-05;3.326509e-05;6.071385e-05;5.1550964e-05;3.917773e-05;5.6747513e-06;6.9549633e-06;7.4205227e-06;8.823761e-06;6.7673e-06;8.038809e-06;6.8391587e-06;9.231053e-06;5.7982056e-06;9.687185e-06;1.0746448e-05;7.258957e-06;4.349129e-05;7.7937424e-05;0.000104392144;0.00010987307;7.738669e-05;7.1841794e-05;6.980609e-05;8.215474e-05;6.2138315e-05;9.079396e-05;7.7534394e-05;5.205704e-05;1.4672082537488155e-05;5.1775372398999236e-05;0.0009960212506012409;0.00027803439482789073;5.772016641984714e-05;7.567264353040907e-05;3.75446103550599e-05;1.8377402725496462e-05;7.909281659382734e-06;1.1920048584873376e-05;2.3723261438179448e-05;1.1602549732436678e-05;0.0028714566957932413;0.00632504471244245;0.029281992817797302;0.014702522880120614;0.0068011558015444685;0.007536346908704173;0.0044149186957354964;0.0034883500388937032;0.0024737366417831763;0.002852959182267872;0.004397637457482335;0.003330968331727313
00:49:22;18;4.72738e-05;4.774332e-05;8.694516918325485e-05;0.005075036;0.005100314;0.006513777869888319;0.08102687;0.08127254;0.06469437599644444;2.5946225e-05;8.467794e-05;5.4197146e-05;4.6769226e-05;6.342642e-05;4.591488e-05;4.844969e-05;4.124743e-05;5.72681e-05;2.9553457e-05;4.372262e-05;2.611235e-05;2.7428985e-05;8.592151e-05;5.4103057e-05;4.86581e-05;6.179723e-05;4.6503123e-05;4.8413032e-05;4.284812e-05;5.65526e-05;2.9806613e-05;4.401762e-05;2.686999e-05;5.198928e-06;8.59507e-06;5.8781484e-06;8.440886e-06;7.365731e-06;7.772004e-06;5.497452e-06;7.296968e-06;6.4833894e-06;6.498602e-06;7.322375e-06;5.3263143e-06;3.5151286e-05;9.578427e-05;8.208458e-05;7.039509e-05;6.396644e-05;5.535938e-05;4.6359834e-05;7.214015e-05;5.7220906e-05;4.2369116e-05;5.6113833e-05;4.566887e-05;1.5150505730384744e-05;2.695175595979015e-05;0.0005820170678054973;9.484024065677507e-05;6.414633820492312e-05;0.00015292026262137055;2.217036962332916e-05;3.3815706421636574e-05;9.15266747361191e-06;7.692331114960571e-06;1.8625895177197538e-05;1.5858889409581614e-05;0.003365035354818512;0.0044077798154386815;0.022241114377975456;0.008075218853399886;0.0073494312967650795;0.011534787770660554;0.003626838568743409;0.004854663643577115;0.0026726597048887394;0.0023469350001343136;0.003745723387644422;0.003945146664613631
00:52:06;19;5.5654455e-05;5.5991044e-05;9.749722098519662e-05;0.0055112736;0.0055327024;0.006410799429222289;0.12015305;0.12266546;0.06436742271327407;3.670986e-05;8.173686e-05;6.5061155e-05;3.9952876e-05;3.1093892e-05;2.7050874e-05;4.4237455e-05;6.0347156e-05;8.570929e-05;7.10223e-05;7.2443385e-05;5.248823e-05;3.7559665e-05;8.071992e-05;6.372533e-05;4.0180745e-05;3.153499e-05;2.7369893e-05;4.3894084e-05;6.3439795e-05;8.3990395e-05;7.2622344e-05;7.110777e-05;5.5747383e-05;5.4001434e-06;9.311171e-06;7.415979e-06;7.868174e-06;4.8360685e-06;5.2089254e-06;5.6619497e-06;8.643341e-06;8.585923e-06;9.587624e-06;1.1291394e-05;7.3586707e-06;6.333445e-05;9.420977e-05;8.556692e-05;6.688828e-05;5.388222e-05;4.69752e-05;4.36063e-05;8.916287e-05;7.36783e-05;9.766138e-05;9.069559e-05;7.2727125e-05;1.5459248669635368e-05;1.9860293270692957e-05;0.0006625931304823096;0.0002830832367921463;4.65126165994716e-05;4.667773030506317e-05;1.768683479728323e-05;1.5330025313519436e-05;9.572083775784472e-06;2.270482806170235e-05;1.600626563573077e-05;1.4480358119020107e-05;0.002973568130439011;0.003695281316358141;0.024093868498976632;0.01473999731294447;0.006105043195324339;0.005942968368621137;0.0034984998354461133;0.0030261046144747883;0.0027694480005469994;0.0032874085151613124;0.0030539165551433465;0.003743488807231188
00:54:50;20;5.2248273e-05;5.2772673e-05;3.3049517216535525e-05;0.005286533;0.0053113564;0.004462853681641382;0.075229734;0.07649463;0.042915790230979974;4.2633816e-05;5.5670185e-05;6.335889e-05;6.8899106e-05;2.971758e-05;4.316393e-05;8.538579e-05;5.325475e-05;6.129367e-05;4.8294674e-05;5.0625855e-05;2.4680998e-05;4.2872118e-05;5.6321467e-05;6.788281e-05;6.557388e-05;2.9078785e-05;4.4287284e-05;8.6469816e-05;5.3876072e-05;6.202302e-05;4.8407834e-05;5.0513045e-05;2.5965895e-05;8.951958e-06;6.596657e-06;7.462864e-06;7.892703e-06;4.7497765e-06;7.791115e-06;6.931897e-06;1.2092659e-05;7.4982436e-06;4.9516802e-06;1.0078869e-05;5.6283525e-06;6.113967e-05;8.1806e-05;7.1454626e-05;8.697922e-05;4.632876e-05;6.140221e-05;5.277577e-05;7.200694e-05;9.185691e-05;8.164871e-05;7.1508686e-05;4.7413923e-05;2.0837262725462764e-05;1.8464957656484523e-05;7.496997223241626e-05;0.00011424696624737622;4.950824823302606e-05;1.272713119357536e-05;1.1856504457527305e-05;3.673755156180524e-05;1.690509741650134e-05;9.080235643670415e-06;1.655962762274781e-05;1.4700651607832987e-05;0.0040176905033791925;0.00353610090409837;0.006681140395490135;0.008903880390533954;0.005993909501157158;0.002929105212984653;0.0029457186430147503;0.005057422682415786;0.0037985708209799553;0.0025676923516683462;0.0033573941579860883;0.0037656186159881876
00:57:34;21;5.5714754e-05;5.6430898e-05;7.521887125384954e-05;0.0055447915;0.0055769095;0.006020211709297558;0.094017245;0.095792405;0.06310507484060977;4.716703e-05;4.435429e-05;4.315481e-05;4.7861347e-05;2.61669e-05;5.026421e-05;4.1184798e-05;9.8128e-05;0.00011041652;5.2801846e-05;6.557345e-05;4.1503507e-05;4.8921767e-05;4.5939363e-05;4.523219e-05;4.9375296e-05;2.63199e-05;5.002214e-05;4.183963e-05;0.00010001963;0.00010929151;5.291224e-05;6.4756634e-05;4.254037e-05;7.619385e-06;6.28849e-06;6.7737374e-06;7.713693e-06;5.5477726e-06;7.480836e-06;6.0809575e-06;1.2112684e-05;9.379282e-06;5.730139e-06;1.0932489e-05;7.044922e-06;7.596804e-05;5.7759713e-05;6.703807e-05;7.738656e-05;4.305821e-05;6.245599e-05;5.8428574e-05;0.00013386397;0.00010893925;6.166587e-05;7.370107e-05;7.131277e-05;1.2009440281488276e-05;2.221297866546976e-05;0.00046348206885963824;0.00016126280181146823;4.663932765758772e-05;0.00011596992773886867;1.576705370162452e-05;1.3619311068524798e-05;8.547536415125441e-06;7.997183391185523e-06;1.641140865591354e-05;1.8707416799299876e-05;0.0027129056180395725;0.003774544285928331;0.020164759319003026;0.011071532650927949;0.0061835114245189435;0.009903213769588167;0.003220107283143372;0.002757416447860803;0.0025838720278405563;0.0022981527171302128;0.0033429147382698404;0.0042296102293199155
01:00:19;22;4.3832028e-05;4.425003e-05;5.8567437662096075e-05;0.0047639525;0.004793719;0.005583899707796915;0.08471143;0.0852962;0.05666118180341853;3.061615e-05;4.862648e-05;5.3378066e-05;3.3537533e-05;2.6312597e-05;0.00010723689;3.2795386e-05;5.8467085e-05;3.1988275e-05;4.0432395e-05;3.6087382e-05;2.650603e-05;3.1445008e-05;4.9939346e-05;5.478699e-05;3.3629654e-05;2.7043241e-05;0.00010695857;3.1429532e-05;6.000631e-05;3.2399534e-05;3.9588977e-05;3.6154168e-05;2.76191e-05;6.2265353e-06;6.499177e-06;7.609952e-06;6.045181e-06;6.088879e-06;1.2557286e-05;4.77964e-06;9.526802e-06;7.2378516e-06;5.6237704e-06;6.099679e-06;5.2661617e-06;4.3838645e-05;6.714387e-05;9.6212825e-05;5.4234577e-05;5.3847354e-05;7.8896686e-05;3.5734953e-05;6.760923e-05;7.751917e-05;5.7556605e-05;5.9538987e-05;5.869631e-05;1.128903070901214e-05;1.4686025807338383e-05;0.00025561273689429174;8.227837154184783e-05;3.300266119026121e-05;0.00020233885591411415;1.105195823066545e-05;3.284999811631573e-05;1.921987511913099e-05;1.1968950628599893e-05;1.7332729290712387e-05;1.1178058502863109e-05;0.002625860258646127;0.003239315019511595;0.014548159651349223;0.0074851662395567405;0.0051230734818864905;0.013134788357748133;0.0029359825173165734;0.0042559146718462795;0.004066117916265274;0.002745113142225437;0.0035655402898788456;0.00328176494733226
01:03:03;23;3.4973924e-05;3.585174e-05;0.0001252232451459281;0.0044156117;0.0044520483;0.006996514597537405;0.07092735;0.0718485;0.06808913158665265;2.6082256e-05;4.459052e-05;3.3395972e-05;4.6901314e-05;2.8974482e-05;5.96252e-05;3.120153e-05;3.026897e-05;2.7475868e-05;2.2956014e-05;4.8679038e-05;1.953615e-05;2.7690696e-05;4.639496e-05;3.518675e-05;4.5885692e-05;2.9322666e-05;6.0623694e-05;3.110109e-05;3.1526513e-05;2.8897048e-05;2.3490124e-05;4.928439e-05;2.0817259e-05;5.1297943e-06;6.5322506e-06;5.7729203e-06;7.725379e-06;5.449005e-06;1.0077139e-05;4.6805158e-06;6.2626887e-06;5.412689e-06;6.242069e-06;7.677381e-06;5.3970284e-06;4.7582394e-05;6.8418456e-05;7.1028866e-05;6.937816e-05;5.5687407e-05;7.648488e-05;3.7999034e-05;5.9227943e-05;6.714205e-05;4.4227185e-05;7.25013e-05;3.6024096e-05;1.3415494796490296e-05;1.1258353319332131e-05;0.0009053222307306494;0.0002874823707070334;4.177500665487907e-05;0.0001799461474580352;1.0979956981247016e-05;1.6136737602990462e-05;8.866293815472919e-06;5.574313626780927e-06;1.4240383500973635e-05;7.681652557252278e-06;0.002961457728449164;0.0028888981575827775;0.028462877966717964;0.015223216682781536;0.00556095219543431;0.012571108188984421;0.002749408673049836;0.00327485128644763;0.0026378401841604857;0.002067030881536079;0.0028335121624444314;0.00272702106286022
01:05:47;24;3.345814e-05;3.3983135e-05;3.4378523242789064e-05;0.0042708865;0.0042933063;0.0041584393069519065;0.071014635;0.073074654;0.035250806696793105;2.5656745e-05;4.2206128e-05;4.132968e-05;4.6928955e-05;2.3323995e-05;2.7189755e-05;2.120783e-05;4.304319e-05;2.2982387e-05;5.890805e-05;2.7881042e-05;2.0839792e-05;2.6445388e-05;4.2546613e-05;4.3079115e-05;4.5694633e-05;2.4314599e-05;2.7071392e-05;2.1654821e-05;4.4129574e-05;2.3634095e-05;5.9769827e-05;2.7525186e-05;2.193244e-05;5.0878234e-06;6.4382293e-06;7.235095e-06;6.640094e-06;4.669213e-06;6.1553255e-06;4.5103584e-06;8.709675e-06;5.114807e-06;7.668652e-06;5.2732894e-06;4.210919e-06;4.6301007e-05;6.3398904e-05;7.70837e-05;8.362803e-05;4.9380447e-05;5.0338524e-05;3.3821194e-05;8.5766005e-05;4.794282e-05;7.333275e-05;4.1855623e-05;3.689354e-05;1.3184354027067888e-05;1.4590625463002604e-05;0.0001441728505820346;8.811177188836458e-05;5.648994554089599e-05;1.9988100376481648e-05;9.652230661141368e-06;1.5343000023613092e-05;1.5657194377836116e-05;9.468362760004163e-06;1.4737263344986988e-05;1.11465798680397e-05;0.0028457329132208003;0.0033250796011217477;0.0075360858905606076;0.007710774443871001;0.006936634025659143;0.0036748351131815726;0.002667099841093508;0.0030910055996986427;0.0036286588904334274;0.002351974399851226;0.0028493286660804247;0.003284062298650785
01:08:31;25;3.367262e-05;3.4555964e-05;0.00012510115164806395;0.004291504;0.0043293484;0.007125137009211566;0.082204305;0.08438797;0.06844414781241898;3.404463e-05;3.6576068e-05;3.67935e-05;3.517804e-05;2.6259411e-05;2.7765336e-05;4.1582465e-05;3.004427e-05;2.4360848e-05;5.0166513e-05;2.87014e-05;3.2598822e-05;3.5102166e-05;3.7223763e-05;3.9250255e-05;3.6653764e-05;2.7006186e-05;2.8260896e-05;4.130621e-05;3.0742176e-05;2.5107987e-05;5.0331397e-05;2.84899e-05;3.519682e-05;5.9367158e-06;5.711939e-06;6.056751e-06;6.409581e-06;5.0583863e-06;6.8494455e-06;4.2843235e-06;6.8290537e-06;5.2359555e-06;8.106602e-06;6.863214e-06;4.7125627e-06;5.3775617e-05;6.235878e-05;7.814544e-05;5.9356207e-05;3.7035177e-05;5.030021e-05;4.0600182e-05;5.704855e-05;5.372412e-05;7.672243e-05;4.7654903e-05;5.059392e-05;1.319077176743362e-05;1.350068186972328e-05;0.0008493746621994498;0.00041627819883604725;5.935884282831706e-05;5.779688366120033e-05;1.8213985089729644e-05;2.490821622505403e-05;1.5135201812350914e-05;8.82885591319909e-06;1.6361643892624055e-05;8.265875681638216e-06;0.0029099629769056305;0.0031717639181581218;0.027744539415545572;0.01846486953843112;0.007210183767520076;0.006774629890282706;0.0032659253134596643;0.003935286464551237;0.0035995013077902353;0.002270229408935439;0.0033281063771238776;0.002826645731835104
01:11:15;26;3.6087247e-05;3.62732e-05;0.00010727639811872472;0.0044760173;0.004497608;0.006781598902222648;0.06914138;0.07059896;0.07059803288619709;3.1910466e-05;3.8818278e-05;3.1332496e-05;3.9833674e-05;2.3347799e-05;2.830314e-05;6.473498e-05;3.8682778e-05;5.5253884e-05;3.3872653e-05;2.8758266e-05;1.8198436e-05;3.311199e-05;3.973828e-05;3.200673e-05;3.88903e-05;2.4057756e-05;2.7701453e-05;6.397968e-05;3.9824965e-05;5.5368826e-05;3.3482713e-05;2.803617e-05;1.9079556e-05;6.0584857e-06;6.2908944e-06;4.7712665e-06;6.3494817e-06;4.318233e-06;5.6707318e-06;5.816529e-06;6.225844e-06;8.471741e-06;5.835958e-06;6.206368e-06;5.0220774e-06;5.926598e-05;7.2021416e-05;6.855602e-05;6.6852306e-05;4.670819e-05;5.2303516e-05;5.0252624e-05;6.5372726e-05;8.201979e-05;5.575153e-05;4.2526994e-05;4.203935e-05;1.5201650217135741e-05;2.667138913377493e-05;0.0005855855701721807;0.00046246639771155523;6.498420482775392e-05;3.6148265619291285e-05;1.3822935610249513e-05;2.9867406618001738e-05;1.1354667470597207e-05;9.813790601788366e-06;1.4771685770111927e-05;1.6628813672255828e-05;0.0030785477153139145;0.004461429449588786;0.022760951744347075;0.01899766739418775;0.0074566800761513615;0.00514678324358311;0.003003832649403229;0.004033565880658059;0.0030487505211335857;0.002472825335965651;0.002888110880235709;0.004030041936103527
01:13:59;27;3.634702e-05;3.6980742e-05;6.670975617957394e-05;0.0044447444;0.0044802395;0.0056739288459679614;0.0792671;0.07977935;0.05911862897172223;2.28842e-05;0.00010899475;3.6565652e-05;3.1827938e-05;2.1430666e-05;3.4316654e-05;2.9251227e-05;3.5441913e-05;4.223143e-05;2.310336e-05;2.8349177e-05;2.1766944e-05;2.399724e-05;0.000108325126;3.6210567e-05;3.181839e-05;2.1848426e-05;3.522455e-05;2.9591416e-05;3.7800437e-05;4.34757e-05;2.4821697e-05;2.772138e-05;2.2934013e-05;5.5925116e-06;8.470285e-06;4.8629627e-06;6.0965285e-06;4.207285e-06;7.6064757e-06;5.3493786e-06;6.2863905e-06;6.433458e-06;6.306525e-06;6.4171795e-06;5.6166264e-06;4.488034e-05;0.0001238687;6.590048e-05;5.6555367e-05;4.7746544e-05;5.4416436e-05;4.291082e-05;6.801307e-05;6.282282e-05;5.2210806e-05;4.124514e-05;5.147981e-05;1.3270846738462887e-05;1.4576426594797638e-05;0.0004412409583569313;0.0001113890993392166;6.480353319625299e-05;6.286231279888476e-05;1.4436069725940293e-05;2.0269402614978156e-05;2.856499127027123e-05;6.236363764572737e-06;1.4192799098094108e-05;8.67427065648443e-06;0.002933202834263807;0.0031580445131786723;0.01929967388030959;0.008683941524875605;0.00747886364635353;0.007261112465187;0.0029357563778758047;0.0036140707637024364;0.0050334090205318305;0.002025526431084769;0.0027717406991596624;0.002891803995092831
01:16:44;28;3.3526198e-05;3.4296467e-05;7.414154084374505e-05;0.004278477;0.004319691;0.005821471744719363;0.079062425;0.080386184;0.06037682487205777;3.0278086e-05;3.095704e-05;2.8965826e-05;4.0002673e-05;2.8398252e-05;7.112654e-05;2.0822641e-05;3.4904086e-05;3.2020922e-05;3.6236794e-05;2.5676403e-05;2.2925144e-05;3.1288808e-05;3.097317e-05;3.0694056e-05;3.9243994e-05;2.8617671e-05;7.302356e-05;2.1465472e-05;3.6127516e-05;3.2562853e-05;3.7184756e-05;2.5514499e-05;2.4861178e-05;5.7997304e-06;6.2131726e-06;5.397849e-06;7.546961e-06;4.2453094e-06;1.0761974e-05;4.0834266e-06;1.0060786e-05;5.4410702e-06;6.7243773e-06;7.829435e-06;4.969421e-06;5.090715e-05;6.567939e-05;6.523725e-05;5.9106067e-05;5.0272713e-05;7.008496e-05;3.400704e-05;5.3383952e-05;5.5644756e-05;5.406987e-05;5.5047243e-05;3.866774e-05;1.2786427362656884e-05;9.802494460963863e-06;0.00045618789981527523;4.5672626069228265e-05;9.667319069192091e-05;0.00019449603947615867;1.1610048248481867e-05;2.0343764832687673e-05;1.2728913081244739e-05;5.237201503452264e-06;1.3618490201481616e-05;1.054139438138897e-05;0.002876526126638055;0.002676800357550383;0.01926213819806168;0.005298993949955557;0.00931631173811308;0.012961272166705718;0.0027100749205888766;0.0037280500039730863;0.0032498167745587305;0.0018590671860681076;0.0027274404810923264;0.003191169033326754
01:19:28;29;2.6839458e-05;2.742222e-05;4.466566850507474e-05;0.0039050535;0.0039354805;0.0046044303972080985;0.06609192;0.065995656;0.04116366014710304;2.3439452e-05;2.8575358e-05;3.1568525e-05;3.0566436e-05;2.509746e-05;1.9052075e-05;2.0309599e-05;4.276015e-05;2.37088e-05;2.9368695e-05;3.0639792e-05;1.6986976e-05;2.4061235e-05;3.0433155e-05;3.3079035e-05;3.0192597e-05;2.6312007e-05;1.9569658e-05;2.0538198e-05;4.336645e-05;2.4149072e-05;3.0009429e-05;2.9881317e-05;1.7474475e-05;5.4322823e-06;5.0430585e-06;5.0197204e-06;6.2643567e-06;3.5875269e-06;4.6277582e-06;5.5396904e-06;7.0310725e-06;6.650581e-06;5.434029e-06;6.5896857e-06;4.512747e-06;3.8108676e-05;5.7297206e-05;6.906744e-05;5.5951437e-05;4.9249767e-05;3.8977596e-05;4.0133713e-05;7.4248e-05;5.383919e-05;7.291728e-05;5.47858e-05;4.8701102e-05;1.4536159799876962e-05;4.145786957297163e-05;0.00021797670576126309;8.459208308928455e-05;6.74828253561257e-05;1.786762216257497e-05;1.4078606853083818e-05;4.055430135393811e-05;9.382298512216742e-06;7.908902514162428e-06;1.3265242523842528e-05;6.88540456155638e-06;0.003137341804075532;0.005490186405636188;0.010735914211738392;0.006917279206652467;0.007657786062441587;0.003495358729221654;0.0028764518120485104;0.004982951341060605;0.002764513852847059;0.002185561389049015;0.0024250195464573616;0.002584800405268807
01:22:12;30;3.0702573e-05;3.1292773e-05;6.296764004704097e-05;0.0040939976;0.0041248375;0.00525691474796977;0.0730921;0.07381664;0.05225838731437213;1.962108e-05;3.26149e-05;4.0496285e-05;3.2381275e-05;3.1901756e-05;2.0450283e-05;4.956669e-05;2.625699e-05;3.0208195e-05;2.3678664e-05;3.796708e-05;2.328753e-05;1.9789362e-05;3.376255e-05;4.2758318e-05;3.2805332e-05;3.181469e-05;2.0655383e-05;5.1763724e-05;2.7296719e-05;3.0502391e-05;2.4136538e-05;3.6455658e-05;2.3772529e-05;4.729985e-06;5.8035316e-06;5.182652e-06;7.2683906e-06;4.491328e-06;4.130431e-06;6.8338836e-06;5.5663486e-06;6.131149e-06;4.7962503e-06;5.8314545e-06;4.402071e-06;3.7134665e-05;6.105354e-05;6.58283e-05;5.044405e-05;5.6454617e-05;4.0285282e-05;6.798355e-05;5.7267895e-05;5.955327e-05;3.9616352e-05;5.0378665e-05;5.4435288e-05;1.3826166423192241e-05;8.190182221376073e-06;0.0004148118846821676;0.00011716914960202475;9.518638400285923e-05;2.2735686686749907e-05;1.956575555933108e-05;2.254925341603141e-05;8.53066135140772e-06;7.123961708681586e-06;1.4302678044300243e-05;1.1619916866369658e-05;0.0030163238292968855;0.0024658915801655224;0.017732231637617432;0.008913671145170204;0.00926148352313151;0.003974166135680747;0.0032390409518941866;0.003732672817105564;0.0025916468960937205;0.0021746863207711678;0.0026181622845098005;0.003362999854200497
01:24:56;31;3.76454e-05;3.8152964e-05;6.289036926635074e-05;0.004410769;0.004435319;0.005335393927158499;0.074438326;0.07431171;0.05206821651455851;2.5464244e-05;3.766346e-05;3.0697e-05;3.3227934e-05;3.4131343e-05;1.9034134e-05;7.3412484e-05;5.1121915e-05;4.612206e-05;2.9675077e-05;5.01463e-05;2.104889e-05;2.6516029e-05;3.74261e-05;3.263169e-05;3.3149994e-05;3.3865326e-05;1.9732497e-05;7.4931464e-05;5.15564e-05;4.6170808e-05;2.9800827e-05;4.9592018e-05;2.2462307e-05;4.9767013e-06;6.2584913e-06;4.658012e-06;4.6768128e-06;4.7008016e-06;5.093179e-06;5.439122e-06;1.1074315e-05;7.2527114e-06;6.772271e-06;8.7997705e-06;4.913947e-06;3.3438126e-05;7.267071e-05;7.3440635e-05;5.8439215e-05;4.6126996e-05;4.189244e-05;3.538688e-05;7.510981e-05;6.644993e-05;6.0484243e-05;7.1100185e-05;4.3082946e-05;1.0550364359548667e-05;9.254747469661954e-06;0.0004150446239454985;0.00012293085920831473;6.761966993224753e-05;3.658054811253748e-05;1.1515012089931042e-05;4.6840954384350946e-05;5.568006821267067e-06;4.941735584868947e-06;1.3000790443969077e-05;1.0837118844012886e-05;0.0026185601476852484;0.0024690699267042125;0.018806987317596984;0.009309256870027;0.00770768147657921;0.005068691560321647;0.0027429961094678173;0.005471358238651259;0.002064988863986077;0.0018416053786692098;0.002674025945633468;0.0032495052905798685
01:27:40;32;2.9736946e-05;3.011885e-05;7.314433970838524e-05;0.003988912;0.004011387;0.005748162663771158;0.06309131;0.06284085;0.05595268610509446;2.8557604e-05;2.3782366e-05;2.7353104e-05;2.870889e-05;4.410384e-05;1.7004902e-05;6.629048e-05;4.0444716e-05;2.1664759e-05;2.2038439e-05;2.0313772e-05;1.6580556e-05;2.79708e-05;2.4941673e-05;2.8999633e-05;2.7971075e-05;4.3661596e-05;1.7167782e-05;6.6881796e-05;4.1314044e-05;2.2407785e-05;2.2379198e-05;2.0499132e-05;1.7231676e-05;6.0006605e-06;4.6423384e-06;4.095504e-06;5.6764875e-06;6.266223e-06;4.8957118e-06;5.3845984e-06;1.0847559e-05;5.000264e-06;4.8768447e-06;6.6382286e-06;3.5618225e-06;5.3026186e-05;6.20139e-05;5.3198895e-05;5.404271e-05;6.544661e-05;3.5316454e-05;4.7055855e-05;5.6514782e-05;4.2773085e-05;3.808831e-05;3.601196e-05;4.9173326e-05;1.2174836030425656e-05;1.1446278715567395e-05;0.0004757431747171222;0.00013950352565484254;0.00010530385999248007;4.5520601417628546e-05;1.1699970103491305e-05;4.196831910188605e-05;7.118334379882482e-06;5.661242472365476e-06;1.3904866141342357e-05;7.687067773588925e-06;0.002643646615489227;0.0027884968406089194;0.020265949288519415;0.009760405136408606;0.009769492184198123;0.0057849032633597195;0.002753162614092594;0.005182464508748637;0.002370016161679495;0.002043682762780567;0.0028814328799841964;0.002734299709384398
01:30:24;33;3.396723e-05;3.4123917e-05;0.00012484235140700062;0.0042707454;0.004278445;0.006647523024579042;0.07638366;0.07738111;0.06047787655152941;1.5768755e-05;5.3294534e-05;4.0964493e-05;4.2000338e-05;1.8303728e-05;2.2342707e-05;6.651049e-05;3.398443e-05;4.5217097e-05;2.5459312e-05;2.5147558e-05;1.8613458e-05;1.6119167e-05;5.4304634e-05;4.295871e-05;3.970275e-05;1.8020179e-05;2.2712062e-05;6.5207256e-05;3.573209e-05;4.520671e-05;2.5675108e-05;2.51035e-05;1.8744955e-05;4.23714e-06;6.5185054e-06;7.02906e-06;7.1705217e-06;4.3380087e-06;4.4964045e-06;4.7230697e-06;5.27552e-06;8.571532e-06;3.8301678e-06;6.3128546e-06;4.9379883e-06;3.5327856e-05;8.475072e-05;8.11382e-05;6.432938e-05;3.1932177e-05;3.817911e-05;4.195263e-05;7.558239e-05;7.9504985e-05;4.7076304e-05;4.9491875e-05;3.1518215e-05;9.533424341729196e-06;9.234483036525939e-06;0.0007673721578841628;0.0005612223223668715;6.263638674875824e-05;2.0805823511044247e-05;7.6000974173476136e-06;2.9227095412761418e-05;5.713891472583424e-06;4.854990024919033e-06;1.3346771817410946e-05;6.560772849893556e-06;0.0024018399169713983;0.002600928201208391;0.026527359870003483;0.021628769208263694;0.0073662569250093745;0.0035113193798991986;0.002314715727473177;0.004164327604714328;0.0020900691091469154;0.0018358379535104445;0.0028228006410344337;0.0025060517577136436
01:33:08;34;3.136213e-05;3.1726344e-05;5.7351545757338756e-05;0.004033538;0.004062946;0.005180894481026892;0.07403666;0.075610615;0.053232391175962256;2.6180647e-05;5.4172062e-05;2.701522e-05;4.3883487e-05;2.0639802e-05;1.5547033e-05;5.0147755e-05;2.7465723e-05;1.9664862e-05;1.9245981e-05;3.764709e-05;3.473599e-05;2.7714086e-05;5.4110435e-05;2.8365905e-05;4.0950003e-05;2.1011274e-05;1.6080583e-05;5.0232273e-05;2.8426148e-05;2.05788e-05;1.888679e-05;3.7525235e-05;3.68346e-05;6.2893328e-06;5.5540736e-06;4.8034112e-06;5.473057e-06;5.3087447e-06;3.8008834e-06;3.724541e-06;6.8780278e-06;4.9638516e-06;5.9639933e-06;6.639123e-06;5.5039673e-06;4.7685364e-05;8.139504e-05;5.206306e-05;6.1016523e-05;4.8475995e-05;3.9900508e-05;3.1244814e-05;4.871106e-05;5.510145e-05;3.2980748e-05;7.7470664e-05;7.5954136e-05;9.870434684061261e-06;1.185538050918604e-05;0.000287268614443909;0.0002259512696253066;4.6436298416043294e-05;2.9481790972312663e-05;6.6114958960957694e-06;3.241720835896604e-05;1.4388975252384785e-05;4.405919764205816e-06;1.09506077758381e-05;8.580553389755955e-06;0.002484203972812833;0.002887100288944274;0.015621110331721413;0.012949043280031628;0.006253927092090615;0.0045225155036533035;0.0022028767010424193;0.0043854499197496875;0.0035129416492835773;0.0018816305099827483;0.0026075168302146395;0.0028624176927955778
01:35:52;35;2.8653758e-05;2.8822575e-05;0.00010212404567554992;0.003895822;0.003911382;0.006136026521871525;0.074603945;0.07508989;0.055445776222944415;1.3024182e-05;3.0611583e-05;5.822432e-05;3.502377e-05;1.6530412e-05;1.633042e-05;1.7996203e-05;3.9469407e-05;6.083451e-05;1.9313311e-05;2.217136e-05;1.43157085e-05;1.39241365e-05;3.067766e-05;5.861846e-05;3.2928103e-05;1.7088101e-05;1.667139e-05;1.8702503e-05;4.0506584e-05;6.0016006e-05;1.9598203e-05;2.2114125e-05;1.5025609e-05;4.0224754e-06;4.9916835e-06;6.8559903e-06;5.501906e-06;4.077897e-06;4.535406e-06;4.7654944e-06;1.00575235e-05;6.4940973e-06;4.243718e-06;5.6180293e-06;4.5716147e-06;3.923107e-05;6.9881644e-05;9.5410855e-05;4.64778e-05;2.936655e-05;3.826053e-05;4.2835716e-05;6.226849e-05;8.262915e-05;4.867489e-05;4.2918695e-05;3.2635977e-05;9.37405444326615e-06;1.838442727907536e-05;0.0005900395260864098;0.00045767395173592447;4.156917625088698e-05;1.524134773823276e-05;1.1457098535312478e-05;4.947571518996657e-05;5.2518360208901055e-06;4.238599313667387e-06;1.2865097009010628e-05;9.917718503956671e-06;0.002390727457149726;0.0037095157258030843;0.022480247285017144;0.018681808178853693;0.005907175216669354;0.003074747071887662;0.002685985271887081;0.005760141061664356;0.002015564958546765;0.001681255933074508;0.0021308064526742005;0.0031143436492307155
01:38:36;36;3.4389424e-05;3.4345103e-05;7.200547558301176e-05;0.0041150623;0.004129278;0.005682380980458412;0.074831866;0.07668259;0.05616990578346152;1.762924e-05;3.3013755e-05;2.0544689e-05;5.8355432e-05;1.79521e-05;6.4244625e-05;3.2704575e-05;3.022321e-05;3.3922544e-05;2.8666838e-05;4.5048553e-05;3.0367439e-05;1.8395407e-05;3.3652366e-05;2.1643511e-05;5.413591e-05;1.8443376e-05;6.417797e-05;3.2448188e-05;3.134143e-05;3.416197e-05;2.8607255e-05;4.3885517e-05;3.1248313e-05;5.8586415e-06;5.5797814e-06;4.4242934e-06;5.5055034e-06;3.70851e-06;8.795568e-06;3.853187e-06;7.7368695e-06;5.604999e-06;4.536951e-06;7.4117656e-06;5.3593344e-06;4.2548945e-05;7.362447e-05;5.8048205e-05;6.4348846e-05;3.0506972e-05;6.4813416e-05;3.1857166e-05;7.0665476e-05;6.87596e-05;4.4010205e-05;6.2216764e-05;6.979815e-05;9.229609632969134e-06;1.9776410551812695e-05;0.00043134338149156576;0.00022295908129524544;6.384628471550666e-05;3.6641481065232616e-05;5.214365123088218e-06;4.267155596669041e-05;7.2087484865995545e-06;4.1473500319995565e-06;1.2977010484060622e-05;8.050428151370092e-06;0.0023334296458923233;0.003732634682844324;0.0198158248959518;0.013004980943933498;0.007542341951053683;0.004942268395078621;0.0019808399519996673;0.005216946870497452;0.0023946745895167313;0.00173258817104123;0.0026973198025510075;0.0027947218651406284
01:41:20;37;3.0433037e-05;3.0855776e-05;3.774373245495888e-05;0.0039935;0.0040211515;0.004238270921291161;0.073878594;0.07496247;0.042197245393119386;1.7014774e-05;3.9786057e-05;3.969293e-05;2.2189246e-05;2.1755217e-05;2.1148446e-05;5.9521262e-05;2.914997e-05;4.6486002e-05;2.9844685e-05;2.6901434e-05;1.1706461e-05;1.754435e-05;4.097207e-05;4.1062558e-05;2.2922828e-05;2.2469094e-05;2.1791417e-05;5.8915346e-05;2.971505e-05;4.6033994e-05;2.907126e-05;2.7147764e-05;1.2623584e-05;5.380973e-06;5.012226e-06;6.8028276e-06;5.0977665e-06;4.7033864e-06;5.830058e-06;4.7554317e-06;7.347857e-06;7.044317e-06;4.826158e-06;5.8987434e-06;4.1172248e-06;5.0869876e-05;8.5064254e-05;8.081322e-05;4.6095007e-05;3.9573704e-05;4.19115e-05;3.120748e-05;5.7156594e-05;7.077446e-05;5.349035e-05;6.0911392e-05;2.915041e-05;9.153301400413267e-06;1.224806459529479e-05;0.0001835502076251409;9.058899903462568e-05;7.944580856629262e-05;2.1932071849013826e-05;6.637048791429596e-06;1.8779337021753625e-05;4.730874633849877e-06;4.545653509376551e-06;1.2893057541624143e-05;8.420364890691753e-06;0.0024026840314087345;0.0029458872361517534;0.011624343228049385;0.007477281824054151;0.008521623742607674;0.003801646125834528;0.002203880010299929;0.0032149188514980598;0.0019047258332871447;0.0018291847868845226;0.002078496779542325;0.0028545786058757363
01:44:04;38;2.4656956e-05;2.490174e-05;5.6050367585681295e-05;0.0036289822;0.003647232;0.004895904008039402;0.06306615;0.06402266;0.04737494678494424;1.5953858e-05;2.7438113e-05;1.9790588e-05;5.7366677e-05;1.9280293e-05;1.8326047e-05;1.9211817e-05;3.099646e-05;2.0259913e-05;3.3303568e-05;2.0418887e-05;1.353732e-05;1.6837617e-05;2.7644384e-05;2.1103207e-05;5.4409666e-05;1.9056191e-05;1.8407054e-05;1.8941797e-05;3.1632786e-05;2.1174938e-05;3.448253e-05;2.0043597e-05;1.5087026e-05;4.8771276e-06;5.2789196e-06;4.2809875e-06;6.48524e-06;4.7393387e-06;4.8840784e-06;2.8245613e-06;6.7502015e-06;4.547489e-06;6.875694e-06;5.9467925e-06;3.875129e-06;3.7248763e-05;4.847926e-05;5.4192144e-05;7.828232e-05;4.491596e-05;4.1711923e-05;2.6892225e-05;6.904887e-05;5.064862e-05;4.91889e-05;4.1410967e-05;3.7082576e-05;8.942028884367308e-06;1.0300433599406628e-05;0.0003037870798936541;0.00021012513929917945;6.625495280339747e-05;1.612532486122685e-05;4.479144167096821e-06;1.921324306729032e-05;5.088637440300143e-06;9.339689797274608e-06;1.0913859422134826e-05;8.034877792846915e-06;0.0024411929390779352;0.002765519404429488;0.016214743336526352;0.01183396299285133;0.007615008985532859;0.0031197447997358876;0.0018879558494814283;0.003454188041679744;0.001976748921481393;0.002215790751876264;0.0024624613544790112;0.00276353071932113
01:46:48;39;2.4528292e-05;2.494139e-05;8.416278905431844e-05;0.0036434338;0.0036721656;0.005956327617405232;0.060847122;0.06163132;0.05678079524153632;1.3832532e-05;2.2427468e-05;3.393502e-05;3.5892528e-05;1.8628602e-05;4.098594e-05;1.8634626e-05;2.1306094e-05;2.4933646e-05;2.3472785e-05;2.712099e-05;1.31693905e-05;1.4687453e-05;2.2848068e-05;3.3974993e-05;3.4563323e-05;1.9045721e-05;4.158386e-05;1.9308209e-05;2.236322e-05;2.5362662e-05;2.4513534e-05;2.720176e-05;1.3843897e-05;3.9862007e-06;5.0923536e-06;4.945272e-06;4.9762352e-06;4.4533717e-06;6.4695314e-06;4.223362e-06;4.688627e-06;4.6629625e-06;4.3639784e-06;4.9578757e-06;3.551059e-06;3.6858924e-05;4.8480488e-05;6.453838e-05;6.410806e-05;3.453675e-05;6.826459e-05;3.8603048e-05;5.8269023e-05;5.9419457e-05;4.7388447e-05;5.5592973e-05;5.1401417e-05;1.1053215662822115e-05;1.125968878151211e-05;0.000599253958564921;0.00015073696284205245;7.31203828744703e-05;0.00010259016325907188;1.0707948233634703e-05;2.473317725280594e-05;4.83200921967455e-06;4.473738970436925e-06;1.2462000819496098e-05;4.730222170923996e-06;0.0025888221412351943;0.0028535060546020182;0.023266815527764755;0.01089358374914382;0.00818598833534776;0.009270684889522271;0.002485617397911846;0.0038201002933902725;0.001903286012234848;0.0018659091384854254;0.002204490837811424;0.0021371270314131567
01:49:32;40;2.5831603e-05;2.6362812e-05;5.984507619860366e-05;0.0036553142;0.00368955;0.00508878443981975;0.060347073;0.06172744;0.04757163920515939;1.9066218e-05;1.9883166e-05;2.28577e-05;3.143237e-05;2.6272031e-05;2.4794419e-05;5.183067e-05;1.9320938e-05;3.4761357e-05;2.7757256e-05;1.9155259e-05;1.2847943e-05;2.038813e-05;2.0994577e-05;2.4191975e-05;2.9895773e-05;2.7176062e-05;2.5653084e-05;5.2032807e-05;1.9813111e-05;3.5431873e-05;2.737792e-05;1.915085e-05;1.4247569e-05;4.082661e-06;4.392485e-06;5.2255073e-06;5.527981e-06;5.2831842e-06;4.586323e-06;3.8010917e-06;5.210212e-06;6.2948143e-06;5.438097e-06;4.368782e-06;3.962761e-06;4.175296e-05;4.941427e-05;6.251283e-05;6.740889e-05;5.917967e-05;5.3645752e-05;3.127729e-05;5.546739e-05;7.037731e-05;4.0341514e-05;3.5948793e-05;3.2314714e-05;1.0412557482489433e-05;1.0895717233781234e-05;0.0003554775525086784;0.0002050505949357552;3.6695046811235444e-05;3.0486253486175324e-05;6.608311304232752e-06;3.245325815161882e-05;5.614171623039507e-06;5.052998928634902e-06;1.1711398827279401e-05;7.683053090323586e-06;0.002613001788689232;0.0027817187032685045;0.017507708169774303;0.012218793675185345;0.0055132370862473815;0.004681212230680922;0.0021073717283811868;0.004627135820841281;0.002056416970936627;0.002032109787006203;0.002267637229933426;0.0026590700868926033
01:52:16;41;2.0317124e-05;2.0862713e-05;3.778436193557391e-05;0.003301483;0.0033366687;0.004187903476016579;0.058689486;0.060208507;0.03583979944365798;2.7663273e-05;2.1767899e-05;2.3957602e-05;2.3364963e-05;1.2275219e-05;1.1336949e-05;2.4825857e-05;2.8701816e-05;2.0202491e-05;2.4713072e-05;1.4638356e-05;1.0358178e-05;2.9199127e-05;2.3076434e-05;2.4752964e-05;2.2864137e-05;1.2696707e-05;1.17913505e-05;2.4446921e-05;2.9742714e-05;2.1013915e-05;2.4746869e-05;1.4704781e-05;1.1316604e-05;6.04235e-06;4.9105583e-06;4.7148806e-06;4.8753127e-06;3.3568745e-06;4.1977796e-06;3.0209333e-06;6.218527e-06;4.6391315e-06;4.050546e-06;4.0189543e-06;3.7227426e-06;6.314372e-05;5.65963e-05;4.8390855e-05;4.970579e-05;2.7059401e-05;3.299499e-05;3.0224866e-05;6.5442575e-05;5.6592875e-05;4.411959e-05;3.46881e-05;3.4343033e-05;1.025239585358838e-05;1.5655755072872623e-05;0.00014979272212771894;0.00015023532085550498;5.9203287126355334e-05;1.27639725470163e-05;4.470438076070174e-06;2.6082992229898785e-05;5.068925002498942e-06;2.979175187061254e-06;1.2188462996133422e-05;4.718896152167792e-06;0.0025374763551099994;0.0032570458182656177;0.010283160447783574;0.009879432840427249;0.0071753189709401;0.003020387420803306;0.0018671826096842202;0.004088180657099116;0.0019745891515074703;0.0014818437667472699;0.0025712977236818243;0.0021189259501492104
01:55:00;42;2.1939295e-05;2.2444734e-05;3.2519971762651946e-05;0.0034574221;0.0034886743;0.0038729595466649425;0.056996536;0.05712985;0.03419731349942178;1.2197946e-05;2.5742429e-05;2.0811029e-05;2.5362751e-05;1.4715143e-05;1.2844771e-05;2.5321388e-05;2.5904397e-05;4.699248e-05;2.1893724e-05;2.0459842e-05;1.1025767e-05;1.279555e-05;2.723279e-05;2.1724907e-05;2.4429737e-05;1.458809e-05;1.3068781e-05;2.5573661e-05;2.7328246e-05;4.7280228e-05;2.2332626e-05;2.1139702e-05;1.1842525e-05;3.8237304e-06;5.3793715e-06;4.816862e-06;4.674345e-06;3.7327834e-06;3.960508e-06;4.2839133e-06;7.611626e-06;5.704851e-06;5.4844154e-06;4.762751e-06;3.7445357e-06;3.907849e-05;6.046223e-05;5.039915e-05;4.5826404e-05;2.9412806e-05;3.372232e-05;4.3153257e-05;5.233834e-05;6.174982e-05;4.692012e-05;6.223719e-05;2.963644e-05;8.494096841195365e-06;2.4782358510860207e-05;0.0001553611357783636;6.523020714461603e-05;5.806641450893357e-05;8.698355739522575e-06;5.696784488305078e-06;3.3343750906642736e-05;5.582814636065392e-06;7.2823941376653284e-06;1.2295426453869364e-05;5.405922005784212e-06;0.002305001460860779;0.004228455978668317;0.0088060322988324;0.006605058605914437;0.007097768419081484;0.002137805717379399;0.0020456436880114596;0.004306801600940526;0.002075113542246201;0.002024189640567979;0.002572388489816973;0.0022712551176593434
01:57:44;43;2.7730168e-05;2.7892884e-05;5.05868754410838e-05;0.003725103;0.0037394094;0.004659932694881131;0.0782726;0.078984044;0.04246053800812599;1.5440997e-05;3.298937e-05;2.402632e-05;2.811553e-05;1.5604488e-05;2.27347e-05;3.2835913e-05;2.6101636e-05;8.7719854e-05;1.7043534e-05;1.9373312e-05;1.077639e-05;1.5418867e-05;3.4176966e-05;2.4689763e-05;2.7269854e-05;1.642194e-05;2.4050321e-05;3.212866e-05;2.6375827e-05;8.639815e-05;1.693036e-05;1.9504263e-05;1.1349618e-05;4.6551445e-06;4.9403466e-06;5.419208e-06;4.934021e-06;3.9409174e-06;4.357919e-06;2.9013968e-06;7.634655e-06;8.2733095e-06;4.804235e-06;4.5398046e-06;3.5283604e-06;3.284275e-05;5.599714e-05;4.2533295e-05;5.2633775e-05;3.4842342e-05;4.426702e-05;2.5273714e-05;6.530125e-05;7.723107e-05;4.321016e-05;4.0764095e-05;3.063631e-05;8.83514805638711e-06;8.330410428005043e-06;0.00024960668294881884;0.000218563273836106;6.381934053545788e-05;1.0447487884675409e-05;3.1732114567003946e-06;1.686665615110928e-05;4.8998906371914685e-06;5.172626424075731e-06;1.1400146726658468e-05;5.927630207819797e-06;0.002242763065728472;0.002551919108847293;0.01464712925713236;0.01319631848695075;0.00755416492077454;0.0024495098379417883;0.0016060963497383561;0.0032096831768478567;0.001930286098571449;0.002034279467628859;0.0021688617212902296;0.00232818084712163
02:00:28;44;2.4441251e-05;2.4796818e-05;6.241707280690601e-05;0.0036436443;0.0036723074;0.005147402560887705;0.06556058;0.06683731;0.042328154638308024;2.2870996e-05;2.2795015e-05;2.4008074e-05;2.8747261e-05;1.6419439e-05;2.2455943e-05;2.7470423e-05;2.0037702e-05;4.810254e-05;2.2463486e-05;2.5131474e-05;1.2792682e-05;2.3926399e-05;2.3733532e-05;2.5090838e-05;2.803734e-05;1.686294e-05;2.2595214e-05;2.7149834e-05;2.071746e-05;4.8345944e-05;2.2937014e-05;2.4461493e-05;1.3703806e-05;6.5230565e-06;4.9560913e-06;4.0917957e-06;5.29126e-06;2.9586465e-06;5.4738734e-06;4.695785e-06;5.481738e-06;7.5544067e-06;6.1947553e-06;7.683841e-06;3.6983154e-06;4.8400914e-05;5.5597266e-05;5.1597737e-05;5.2004536e-05;3.749282e-05;3.855283e-05;3.7523376e-05;5.1960396e-05;7.719463e-05;5.4259697e-05;4.293696e-05;3.7670172e-05;1.0644673991053586e-05;1.2095458967844733e-05;0.0003477659498354851;0.00022675962719386622;6.935516290845456e-05;2.0368698485185776e-05;9.607921155707843e-06;2.5211162648490745e-05;4.254647249764095e-06;4.301102020830295e-06;1.2611037977288428e-05;6.02943124890066e-06;0.00269765732854423;0.0029097960386879557;0.01679180087025572;0.013393084493006878;0.00787855736784092;0.003494320162962665;0.0024631437068123635;0.003946132339010152;0.0017828527625332155;0.0018332688395206514;0.0021948730198939033;0.0023833438015838223
02:03:12;45;2.4867733e-05;2.493326e-05;3.032218845260359e-05;0.003434034;0.0034489133;0.003952714921739633;0.06896566;0.07090237;0.03444988309345612;1.3356431e-05;1.8846578e-05;2.410464e-05;4.1606036e-05;1.51182085e-05;1.9091329e-05;3.964619e-05;3.7035818e-05;2.1539743e-05;3.6567515e-05;1.40678885e-05;1.7432305e-05;1.346556e-05;2.0059117e-05;2.487587e-05;3.924337e-05;1.5244761e-05;1.946729e-05;3.8487142e-05;3.7549486e-05;2.204259e-05;3.593467e-05;1.3873828e-05;1.8955523e-05;4.1839107e-06;3.9399383e-06;4.278668e-06;4.9518617e-06;3.6629917e-06;5.088482e-06;2.8206457e-06;9.049536e-06;4.4761027e-06;5.835466e-06;4.6931955e-06;4.324915e-06;3.469685e-05;4.498447e-05;4.738347e-05;6.349252e-05;4.0493633e-05;3.5398683e-05;2.3393432e-05;4.6357112e-05;4.102484e-05;5.5683508e-05;3.784348e-05;4.0655304e-05;9.346340947212898e-06;2.04148760028976e-05;7.157471226278752e-05;0.0001288292076835037;6.0932833619410906e-05;1.3585214722223193e-05;2.8455831293210763e-06;2.481157512458511e-05;7.846053954199252e-06;4.241514155067155e-06;1.1559307704168176e-05;7.879042125866533e-06;0.002379911947050473;0.003919469217556278;0.006938895545354689;0.009130988537556515;0.007269832061767217;0.003040050184899347;0.0014903922647646647;0.0038079783728346226;0.0025206225483246697;0.0018614595876961214;0.00232839802638514;0.0027445807666858523
02:05:56;46;2.4630972e-05;2.521484e-05;2.6702952614981407e-05;0.0035962078;0.0036310228;0.00377352636411097;0.0696717;0.07079522;0.032780115667174675;1.9652141e-05;2.2544005e-05;3.37385e-05;1.720881e-05;1.605561e-05;1.4328037e-05;2.1715716e-05;1.981942e-05;5.927713e-05;2.6384729e-05;2.870877e-05;1.6138962e-05;2.0636653e-05;2.353986e-05;3.501419e-05;1.7925242e-05;1.6787002e-05;1.4746941e-05;2.23704e-05;2.040345e-05;5.902781e-05;2.6353404e-05;2.8953451e-05;1.6819668e-05;4.914784e-06;5.300901e-06;5.0618673e-06;4.069066e-06;3.8438657e-06;4.4550493e-06;2.9376126e-06;5.728577e-06;7.784381e-06;5.238921e-06;7.0976334e-06;3.9588117e-06;5.1028586e-05;5.185778e-05;5.7373007e-05;4.6108315e-05;3.4634744e-05;3.4229128e-05;2.4903493e-05;5.633929e-05;7.673911e-05;6.0161317e-05;6.301827e-05;3.8277012e-05;9.954526994902008e-06;3.0435858794102895e-05;8.355001959652096e-05;4.9684183203818754e-05;7.720006991770814e-05;1.3947386407594234e-05;2.4644973920495423e-06;2.687957224282664e-05;4.283676713376073e-06;4.2392272302081786e-06;1.0316630960530096e-05;7.4797819261393215e-06;0.0026143572190276735;0.0047492207001985556;0.007040621258863584;0.005591752742548903;0.008399571227454923;0.002824143793052291;0.001426536530238099;0.004133704574088134;0.0018205112081111931;0.0017577470375088648;0.0022431933543213254;0.0026809567239180934
02:08:40;47;1.9402383e-05;1.9612251e-05;5.301212997597314e-05;0.003270924;0.003288529;0.004888035775112305;0.05537213;0.056389313;0.042885120791894805;9.584989e-06;2.0191525e-05;1.9674999e-05;1.9238816e-05;1.5593969e-05;1.3343492e-05;2.8268887e-05;2.9782137e-05;3.4997236e-05;1.5696301e-05;1.4206176e-05;1.2250063e-05;1.0157538e-05;2.0442632e-05;2.1044356e-05;1.8591998e-05;1.5460184e-05;1.3749559e-05;2.780703e-05;3.0026358e-05;3.4916826e-05;1.5822583e-05;1.4089449e-05;1.3238388e-05;3.7193963e-06;4.582041e-06;4.9534033e-06;4.301499e-06;4.2569736e-06;3.4395161e-06;3.9407555e-06;6.5109516e-06;5.7210327e-06;4.326334e-06;3.5615462e-06;3.736413e-06;3.594058e-05;4.610587e-05;5.614653e-05;4.651119e-05;4.259619e-05;3.414197e-05;3.3483953e-05;6.0310966e-05;5.9085545e-05;3.773273e-05;3.458694e-05;3.065873e-05;7.755094284660331e-06;1.414877750657746e-05;0.00031661234189509494;0.00013080167086962176;6.250367384153003e-05;1.66250280173213e-05;5.80896043399599e-06;5.813805486117524e-05;3.5854212504549497e-06;3.6847646948346873e-06;1.0740109814491312e-05;5.7416622419199415e-06;0.002229539534431405;0.00323278095202475;0.016670865590107144;0.01003024669818399;0.007494054420192433;0.0032942326164827123;0.001959940786646088;0.005822260267078514;0.0016473968991646318;0.0016885661334435384;0.0022661998130426536;0.0023203455905498166
02:11:24;48;2.2796643e-05;2.2967864e-05;6.464835015878152e-05;0.0034480018;0.0034562603;0.005131960747181437;0.06173337;0.06276695;0.04748206941555203;1.0195334e-05;4.6877994e-05;3.1819738e-05;1.8185421e-05;1.6658438e-05;1.2358046e-05;1.8678078e-05;3.289347e-05;4.475631e-05;1.230792e-05;1.7930326e-05;1.0898606e-05;1.0769703e-05;4.718863e-05;3.237209e-05;1.8246172e-05;1.7440974e-05;1.2301998e-05;1.8832408e-05;3.2842545e-05;4.338952e-05;1.2614442e-05;1.7886063e-05;1.1729856e-05;3.3749666e-06;5.0562853e-06;5.6453173e-06;4.5010547e-06;3.2540045e-06;4.2094834e-06;3.1994402e-06;6.323111e-06;7.059965e-06;3.2672701e-06;5.210245e-06;3.238392e-06;2.7783884e-05;7.554079e-05;5.9325826e-05;4.6779067e-05;3.3925407e-05;2.9894747e-05;2.570771e-05;5.775102e-05;6.378481e-05;3.6679765e-05;3.809504e-05;3.2433505e-05;9.200647054413567e-06;1.1538227437837398e-05;0.00046178071306295266;0.00012324317683170795;7.73759345669539e-05;4.138637813580153e-05;4.269541803024651e-06;2.555272272292815e-05;2.7572622104378332e-06;2.4494571307795064e-06;1.17716350301774e-05;4.454505918363489e-06;0.0024521207248292317;0.0028334686910052127;0.02005706099475302;0.009396544845447672;0.00844427443845425;0.005551087056177602;0.0018174013481498128;0.003978054993322529;0.0014446469136127613;0.0013770983287155992;0.002195508086769955;0.0020362625449396126
02:14:08;49;2.3395567e-05;2.3730832e-05;5.585204109807602e-05;0.0033875438;0.003416229;0.004953819364893089;0.06062051;0.061274134;0.04638205842736308;1.1824523e-05;2.2067172e-05;1.7026461e-05;2.8435905e-05;1.842015e-05;1.2657316e-05;7.772824e-05;2.080335e-05;1.8520515e-05;1.6371587e-05;1.4409281e-05;2.248214e-05;1.2229868e-05;2.2583516e-05;1.8324363e-05;2.7583701e-05;1.8495715e-05;1.30494445e-05;7.7800476e-05;2.1892289e-05;1.8971085e-05;1.6817876e-05;1.4241069e-05;2.2780585e-05;3.9683837e-06;3.8567355e-06;3.7195337e-06;4.1271e-06;4.0772684e-06;4.2472047e-06;5.183692e-06;6.429008e-06;5.933795e-06;3.3900737e-06;2.9346784e-06;4.2472666e-06;3.200821e-05;5.9062666e-05;4.424796e-05;5.779691e-05;4.6094647e-05;3.3698034e-05;4.4506294e-05;4.9772323e-05;5.767667e-05;3.9395687e-05;3.5409015e-05;4.2372714e-05;6.726920990101568e-06;1.0766122151577553e-05;0.00028780533437704165;0.00021435382331398857;6.06598636090394e-05;2.1095668703227442e-05;5.7883022566609625e-06;3.580223462798974e-05;7.436040939859579e-06;3.655677550800777e-06;1.0503255621559733e-05;5.631249035065301e-06;0.002049136066918329;0.0027726334492789535;0.015797104493873868;0.012786086151757987;0.007476860629599089;0.0034228389289230107;0.001941783718891987;0.004363070441509892;0.0024604368977339535;0.001657629384518396;0.0023994798618209795;0.0023187723538906474
02:16:52;50;1.7728344e-05;1.7988103e-05;2.4790811718616918e-05;0.0031350888;0.003157624;0.003525789248947872;0.05838479;0.057817936;0.032158256046917556;9.3855615e-06;3.1205695e-05;2.004022e-05;2.1607608e-05;1.9492465e-05;9.004017e-06;1.745465e-05;1.6149712e-05;1.606341e-05;1.9190062e-05;1.5146787e-05;1.7999955e-05;9.9787285e-06;3.19476e-05;2.0571664e-05;2.0866544e-05;1.9780615e-05;9.061677e-06;1.7622888e-05;1.6584994e-05;1.6880538e-05;1.9053436e-05;1.5198602e-05;1.8309885e-05;3.286346e-06;4.3451073e-06;4.2399156e-06;4.823372e-06;3.7184018e-06;2.7833428e-06;4.6455375e-06;4.068719e-06;4.514555e-06;5.705044e-06;5.4911866e-06;3.3141498e-06;2.8291912e-05;6.1366416e-05;4.3510685e-05;4.207014e-05;4.9876653e-05;3.136719e-05;3.620472e-05;4.9976923e-05;3.6715366e-05;5.2069594e-05;3.7154714e-05;4.962023e-05;7.68812856274677e-06;1.3952968797687145e-05;0.00010292392153148944;5.0392883233289005e-05;5.6888778650818114e-05;8.062717839959529e-06;4.33203379690077e-06;2.4888149183467096e-05;4.434944577434796e-06;3.7748303918143867e-06;1.1629003030188562e-05;8.521381027607381e-06;0.0021507077492228365;0.003160826180366481;0.007528575089791916;0.00600089925034199;0.007089681222716849;0.002278713720223705;0.0016893833796970724;0.0038797365158978036;0.0018560815363395506;0.0017420654306142794;0.0020836385291342326;0.002849162383027738
02:19:36;51;1.8604196e-05;1.9105215e-05;7.420547213686309e-05;0.0031784403;0.0032132934;0.0053480427339029435;0.051521026;0.053236973;0.0517956052221614;1.4421866e-05;3.9555514e-05;2.3684435e-05;1.9493147e-05;9.509165e-06;1.8441535e-05;1.849135e-05;2.6432026e-05;1.2085832e-05;1.6256981e-05;1.3080975e-05;1.1797607e-05;1.4800997e-05;4.098902e-05;2.483474e-05;1.9020623e-05;9.65303e-06;1.8581533e-05;1.8627115e-05;2.7493534e-05;1.2391886e-05;1.678029e-05;1.32433e-05;1.28464735e-05;3.7789587e-06;4.5622623e-06;5.8809705e-06;4.5056627e-06;3.1790403e-06;4.1672497e-06;3.9219976e-06;4.671569e-06;4.4565436e-06;4.5764205e-06;3.7267598e-06;3.6305692e-06;3.6880174e-05;6.954874e-05;6.245956e-05;4.704473e-05;3.0496158e-05;3.934958e-05;3.4982466e-05;7.838954e-05;4.7016867e-05;3.959826e-05;3.3587607e-05;2.9229692e-05;8.414353685547176e-06;9.815736979218678e-06;0.00045947273480579476;0.00028920125640252323;4.950436689261226e-05;2.3559261421492336e-05;5.2027921333678085e-06;2.040108808940294e-05;4.859618697046532e-06;2.7781402198788094e-06;1.1607432082818774e-05;5.648884232653911e-06;0.0022739465890952004;0.002761596461767104;0.020292526418116026;0.015326381394044476;0.0065398575775597895;0.0037831766476991;0.0018535959040882379;0.0034766277448796653;0.001941168215816341;0.0013767519244787898;0.0022405695772797956;0.0023103143520108085
02:22:20;52;1.6280892e-05;1.6706552e-05;3.1997241595580576e-05;0.0030259027;0.0030591008;0.003761487477354903;0.050391227;0.051572856;0.026760343114312277;1.6519192e-05;2.693304e-05;1.9669726e-05;1.5237076e-05;1.3748179e-05;1.2892821e-05;1.7288667e-05;1.7018561e-05;1.3855702e-05;1.15852545e-05;2.027334e-05;1.03491975e-05;1.714844e-05;2.8067312e-05;2.053476e-05;1.5449934e-05;1.3675752e-05;1.2920827e-05;1.7049184e-05;1.7829967e-05;1.4530633e-05;1.1561007e-05;2.0537069e-05;1.11737145e-05;4.4006265e-06;4.4197805e-06;3.885166e-06;3.3195286e-06;3.3635624e-06;4.6621094e-06;3.4522523e-06;4.968292e-06;4.4102167e-06;4.05252e-06;4.9034415e-06;3.7761893e-06;4.6406425e-05;5.676282e-05;4.1026065e-05;4.427517e-05;3.4144552e-05;2.8997241e-05;3.2842407e-05;6.1677376e-05;3.1583124e-05;3.1416006e-05;4.7563924e-05;2.5337235e-05;7.505990659951141e-06;1.7505059091711043e-05;0.00014570213200375962;5.4183908749138e-05;8.283723288920084e-05;2.0020618770206946e-05;7.516105093566236e-06;2.6082746803463415e-05;3.0814037674937178e-06;3.07201171638493e-06;1.0509439763151855e-05;5.950249838939192e-06;0.0021368033337792972;0.0034217923884802466;0.007512059446369725;0.006175922585805745;0.008736191377725182;0.003659222669690485;0.0021415824888910092;0.0038651031998372305;0.0015487549313275917;0.0014734115165272136;0.002115183742217174;0.002351822047607928
02:25:04;53;1.5895948e-05;1.6428517e-05;4.180134771347737e-05;0.0029084776;0.002949121;0.004314950636730006;0.052677985;0.05308739;0.037955357277073686;8.352269e-06;1.8048358e-05;1.8753406e-05;1.4471606e-05;1.207188e-05;1.5475518e-05;9.842898e-06;1.1896357e-05;4.0825493e-05;2.061379e-05;1.1907136e-05;8.492673e-06;8.931571e-06;1.916639e-05;1.9626674e-05;1.4593285e-05;1.2766258e-05;1.6193188e-05;1.0160873e-05;1.2973892e-05;4.0541065e-05;2.0761856e-05;1.2348921e-05;9.078221e-06;3.1515124e-06;4.033265e-06;3.4626498e-06;4.2445313e-06;4.197003e-06;3.804508e-06;2.9352238e-06;4.994595e-06;4.981926e-06;6.754568e-06;4.5403253e-06;3.059965e-06;2.6015065e-05;4.291815e-05;4.6234767e-05;4.3891796e-05;3.522348e-05;4.5544548e-05;2.7219365e-05;3.9636885e-05;5.3423388e-05;4.803521e-05;3.6674763e-05;2.4790239e-05;8.667362604304386e-06;1.2146324767256077e-05;0.0002473907741899458;9.619384640672271e-05;5.6490697217119165e-05;1.9127742653121788e-05;3.6194345787304426e-06;3.2302795319463475e-05;3.1548566681529564e-06;6.230793494568916e-06;1.0837527138577102e-05;5.454017523765624e-06;0.002250870142350109;0.0028983033638629247;0.013996476797941245;0.007873168741139335;0.007104247437154014;0.003562867279582455;0.0016070172339132643;0.0045564221160713505;0.0015310674900802354;0.00210880164674415;0.0020123031539047453;0.002277862238016252
02:27:48;54;2.0415815e-05;2.0644697e-05;9.348647483771329e-05;0.0031695305;0.0031875207;0.0058848262101404225;0.046332832;0.04761309;0.050653929133502626;1.1803937e-05;2.5353937e-05;2.2123124e-05;2.0159237e-05;1.8453644e-05;1.2649972e-05;1.5473877e-05;5.403231e-05;1.4923471e-05;1.1095063e-05;3.1280248e-05;7.640852e-06;1.25284205e-05;2.5704057e-05;2.3605551e-05;1.9375568e-05;1.8172308e-05;1.2457676e-05;1.5436048e-05;5.4148957e-05;1.5456437e-05;1.1311375e-05;3.1117146e-05;8.422793e-06;3.885165e-06;3.7850841e-06;4.3350105e-06;4.2282786e-06;4.5527745e-06;3.4095583e-06;3.8467438e-06;1.1631365e-05;4.3858445e-06;3.0082747e-06;7.424234e-06;3.2288904e-06;3.6883644e-05;5.677964e-05;5.356617e-05;4.58059e-05;3.9942894e-05;3.8935355e-05;3.4896562e-05;6.60991e-05;4.2997613e-05;3.548851e-05;6.046617e-05;2.7013382e-05;9.49405830589634e-06;1.5490517553422796e-05;0.0005964797521947048;0.0003315467659854961;7.551691292305166e-05;2.2824131211595548e-05;8.734220374910982e-06;4.1259902196539284e-05;2.7675851529730777e-06;2.368049019442941e-06;1.019533309592473e-05;5.160470038601285e-06;0.0024972695731626054;0.0033671358371289758;0.0232929634312304;0.015830048340004753;0.008370808221308926;0.003606834744816509;0.0021460681671594695;0.004439103111969989;0.0014899741709414054;0.0013151576907442111;0.002056490765702797;0.00220606046751505
02:30:32;55;1.634856e-05;1.684787e-05;4.3094801164159765e-05;0.0029857855;0.0030246067;0.004093778942651456;0.045855843;0.047201246;0.035188768437984685;1.2374375e-05;1.744892e-05;1.8271618e-05;2.2476412e-05;1.00054785e-05;1.4232084e-05;2.0309302e-05;2.9377208e-05;1.4274327e-05;8.929509e-06;1.8209039e-05;1.0274374e-05;1.30340895e-05;1.7928613e-05;1.901361e-05;2.361295e-05;1.0437057e-05;1.4662872e-05;2.0359565e-05;3.0133913e-05;1.4845343e-05;9.366341e-06;1.8023042e-05;1.0757026e-05;4.4351245e-06;3.8147737e-06;3.9449314e-06;5.0617846e-06;2.7969097e-06;3.8513786e-06;4.836623e-06;5.1536263e-06;3.643368e-06;3.126904e-06;5.1366665e-06;3.3151362e-06;3.2413147e-05;3.9400937e-05;4.4785906e-05;5.1817984e-05;2.771844e-05;3.7076854e-05;3.620041e-05;5.3703076e-05;3.908406e-05;3.0676347e-05;3.7747457e-05;3.2537413e-05;1.0495339807094515e-05;7.680340684604636e-06;0.0003164916960392951;5.562742533740118e-05;5.711035915048312e-05;1.9660031381486475e-05;4.957524098186707e-06;2.3372725834032143e-05;3.492344255152514e-06;2.863724025457938e-06;1.1552780698947525e-05;3.833322657775323e-06;0.0027255232739921025;0.0024366917221557076;0.014865705062412629;0.005895289133230179;0.00713821326266611;0.0036613365698832945;0.0017950482093751793;0.0038112487891461795;0.001637629290851878;0.0014588126673067857;0.0017846386460133076;0.0019152106847841201
02:33:16;56;1.4936984e-05;1.5503096e-05;7.657814149326411e-05;0.0028188145;0.0028571687;0.005585038793492095;0.05660787;0.0580866;0.05050226584175756;1.3100599e-05;1.6495434e-05;1.349305e-05;1.9592504e-05;1.2290409e-05;1.1364401e-05;1.0625276e-05;2.4267096e-05;2.8165518e-05;9.250598e-06;1.1741898e-05;8.856981e-06;1.3805846e-05;1.7423006e-05;1.4514451e-05;1.9636065e-05;1.2701231e-05;1.2146781e-05;1.1071206e-05;2.5072603e-05;2.850464e-05;9.558832e-06;1.1839209e-05;9.763291e-06;4.2279335e-06;4.520153e-06;3.6278714e-06;3.995073e-06;2.5990034e-06;3.2812443e-06;3.127834e-06;4.610313e-06;5.5015876e-06;3.4057127e-06;4.1996773e-06;3.036116e-06;2.9459463e-05;4.3743792e-05;4.7492107e-05;5.4109063e-05;2.5613554e-05;3.7635255e-05;2.9395014e-05;6.496605e-05;5.409845e-05;3.4573393e-05;3.091827e-05;3.2108812e-05;7.1621318096177065e-06;3.8910920784736576e-05;0.0004441633700323813;0.0002768020740666948;5.3181334802426144e-05;4.1216024277470814e-05;3.247227177466588e-06;3.3053671877283285e-05;3.701820816773257e-06;2.5741805411221903e-06;1.099501416432186e-05;3.929927568874907e-06;0.002107003495342484;0.005525053710926596;0.019759622571235744;0.014873173556286026;0.0068622965673211895;0.005089220720624963;0.0015372837832015823;0.004595140106746611;0.0016936981311658536;0.0013020990410183625;0.0017578142886050042;0.0019180595494307031
02:36:00;57;1.7015755e-05;1.7434271e-05;3.7692293258060845e-05;0.0029600991;0.0029897813;0.004073355450996053;0.06368434;0.066006154;0.03786155701145911;1.3527562e-05;2.9509873e-05;2.5998694e-05;1.43413e-05;1.3234687e-05;1.572795e-05;1.6477288e-05;1.5871028e-05;1.1266966e-05;1.8258563e-05;1.5249402e-05;1.4725802e-05;1.370705e-05;2.9862107e-05;2.6576894e-05;1.4892908e-05;1.3630491e-05;1.5793361e-05;1.5612539e-05;1.6716105e-05;1.1866746e-05;1.8162158e-05;1.6027829e-05;1.6363068e-05;3.6581876e-06;3.5711628e-06;6.0755274e-06;3.6955503e-06;4.251964e-06;4.2566307e-06;2.3827542e-06;3.9281335e-06;2.9913085e-06;4.08989e-06;4.1320372e-06;3.13804e-06;3.5372268e-05;5.5611763e-05;6.5210326e-05;4.2401996e-05;3.6086407e-05;3.251582e-05;1.9245837e-05;5.1663104e-05;2.4703977e-05;4.5118464e-05;3.7211586e-05;3.1925963e-05;1.0134253394624948e-05;1.1926900432557016e-05;0.0001954734334202369;0.00010621035393596368;6.584583381500023e-05;1.7927851599083267e-05;3.253224959723259e-06;2.1533966730436752e-05;2.6618195162117995e-06;2.173727579430832e-06;1.0639633353278212e-05;4.526520360183258e-06;0.0023959217510935737;0.0029551887705740404;0.012690494306785295;0.008275656604821362;0.007634002977232565;0.0032912024070213494;0.0015779984604658147;0.0034622860352985746;0.0014476517810463542;0.0012469777601339467;0.0018401785760027603;0.002062705981477005
02:38:43;58;1.3151303e-05;1.3554233e-05;5.34529188522032e-05;0.002695341;0.0027291172;0.00469143392475742;0.043584768;0.044592604;0.04056589824859706;1.1157191e-05;1.759488e-05;1.4358354e-05;1.702463e-05;1.9993444e-05;1.0525148e-05;6.7837937e-06;1.553593e-05;1.0098172e-05;9.657144e-06;1.7630156e-05;7.456725e-06;1.16020765e-05;1.8649462e-05;1.551181e-05;1.6624173e-05;1.976202e-05;1.0621251e-05;6.7507017e-06;1.6439353e-05;1.1426662e-05;9.423692e-06;1.7987255e-05;7.852359e-06;3.7514155e-06;4.106353e-06;4.031618e-06;3.7992977e-06;3.9394527e-06;3.8910784e-06;2.9988717e-06;4.175026e-06;3.1546076e-06;3.576147e-06;5.828655e-06;2.7404112e-06;3.5600027e-05;4.834548e-05;4.5158336e-05;4.145565e-05;4.5182114e-05;3.169328e-05;2.5128325e-05;5.069477e-05;3.420561e-05;2.940366e-05;4.690545e-05;2.7911272e-05;9.515905627877762e-06;2.062297302279837e-05;0.00034605488235535116;0.0001352768119176774;6.613481771467836e-05;1.0900721185615496e-05;4.831572121329727e-06;2.965370223693875e-05;2.768231173439815e-06;1.831021978969633e-06;1.0459279400278334e-05;3.3851074914834675e-06;0.002612611983171324;0.003873371786206233;0.017107281843627364;0.010035794236329273;0.007702093182490549;0.0026723938400652716;0.0017629561537740434;0.004249279641269184;0.0014736073302377651;0.001164697220930603;0.0018545227679651135;0.001788597111022327
02:41:27;59;1.3680511e-05;1.4059504e-05;9.688919368278701e-05;0.002701992;0.0027367694;0.006026752323605785;0.044591848;0.045069087;0.05293430398612506;9.104403e-06;1.829826e-05;1.4896051e-05;2.0825648e-05;2.6222704e-05;1.1384955e-05;9.632628e-06;1.1651822e-05;1.199331e-05;1.2663052e-05;8.667623e-06;8.825661e-06;9.850614e-06;1.8854003e-05;1.5635866e-05;1.9596948e-05;2.616861e-05;1.1780935e-05;9.6206795e-06;1.2856163e-05;1.2677651e-05;1.3139317e-05;9.234455e-06;9.298812e-06;3.1578058e-06;3.7797824e-06;3.5214441e-06;3.6409403e-06;4.0275568e-06;3.05049e-06;2.580994e-06;3.29146e-06;3.1975505e-06;3.3832966e-06;3.3680185e-06;3.5111016e-06;3.3497072e-05;4.1652485e-05;4.792379e-05;4.4748827e-05;5.158495e-05;2.9816789e-05;2.1737671e-05;4.3846296e-05;3.569652e-05;4.107837e-05;2.8239978e-05;2.840207e-05;9.943273447449152e-06;2.8479077585995933e-05;0.0005565337192352089;0.0004289084721376106;6.964313613453355e-05;1.300043116309001e-05;2.468065146460315e-06;3.3219694819746763e-05;2.6117349705535732e-06;2.9507059030339354e-06;9.0128400347527e-06;5.899173615008923e-06;0.0026343657988328038;0.004619717551695136;0.02228310319621388;0.018796755736303034;0.008013365228705837;0.0027246991370100415;0.0013681685001975512;0.004700387965129099;0.0014496899975372888;0.0015084998637346957;0.0018824156703790874;0.002339859237530973
02:44:11;60;1.30056815e-05;1.3390369e-05;4.5905488799159184e-05;0.0026794863;0.0027093156;0.004416901547609019;0.051526453;0.051784854;0.03625926204306341;1.5135171e-05;1.2428545e-05;1.7846112e-05;1.4813722e-05;1.5465825e-05;1.0486261e-05;8.053725e-06;1.4455347e-05;2.1758478e-05;7.137266e-06;1.08279255e-05;7.659782e-06;1.5631402e-05;1.3421117e-05;1.8772116e-05;1.4792546e-05;1.5699386e-05;1.0346671e-05;7.86231e-06;1.5498035e-05;2.236695e-05;7.2941343e-06;1.0995857e-05;8.003911e-06;3.459975e-06;3.6758918e-06;4.540325e-06;3.4294337e-06;3.348079e-06;3.061167e-06;2.8813217e-06;4.9391488e-06;3.6939734e-06;3.0833735e-06;3.9673946e-06;2.8444226e-06;4.3427233e-05;3.9178973e-05;5.408067e-05;3.6860965e-05;3.4158224e-05;2.715601e-05;1.9698253e-05;4.7987673e-05;4.590919e-05;2.7323487e-05;3.0440382e-05;3.236047e-05;8.89073426518326e-06;2.451996624541659e-05;0.00026527111799298634;0.00012601623974465385;6.602781666912233e-05;1.3727541550766876e-05;3.4199044652406108e-06;2.491241782105569e-05;2.447070961319947e-06;1.9718587587742447e-06;1.0437327912949798e-05;3.2238692024405537e-06;0.002461994472046088;0.00415018513429819;0.014645293273867625;0.00955450302568696;0.007743750770508155;0.002942948110983138;0.0015169509062452648;0.003906389126095285;0.0014035166875981705;0.0012022160426009355;0.0017492724322009736;0.0017257985891774297
02:46:55;61;1.4033653e-05;1.4533157e-05;3.9770335265610494e-05;0.0027161902;0.0027520792;0.004186152359615913;0.042575207;0.04319006;0.03571383593021387;9.926586e-06;1.7175022e-05;1.5686377e-05;2.4000074e-05;1.4508807e-05;1.558848e-05;6.213909e-06;2.4700154e-05;1.0031546e-05;1.1253234e-05;1.3074116e-05;6.245393e-06;1.0419543e-05;1.824671e-05;1.6581385e-05;2.3801673e-05;1.4619803e-05;1.6411761e-05;6.192367e-06;2.5822543e-05;1.0676065e-05;1.1797019e-05;1.2867638e-05;6.9613616e-06;3.5799114e-06;3.5105743e-06;4.353809e-06;4.43462e-06;3.7129687e-06;3.7004186e-06;2.3244502e-06;4.8857237e-06;3.0661533e-06;3.037533e-06;4.4780345e-06;2.7858346e-06;3.7320133e-05;4.418699e-05;3.67626e-05;5.0640232e-05;3.7077258e-05;4.7336413e-05;1.9691015e-05;6.4871485e-05;2.6357358e-05;3.7012695e-05;3.2553235e-05;2.5404326e-05;7.186147211196524e-06;2.423827635910385e-05;0.00018596968055297877;0.00013490616286535335;5.136062061135411e-05;1.4960749534276223e-05;2.2213954514909963e-06;3.653382972515723e-05;3.7754111810940707e-06;2.794426533209093e-06;1.0254240730160873e-05;3.043082431950788e-06;0.002033518330498439;0.004211350046080059;0.011860056349126295;0.009740054269225862;0.006709789380908196;0.003076089743020511;0.0013272093827631775;0.00472572570882238;0.0016839019702066008;0.001414999908853958;0.0017856706990746823;0.001665462526810787
02:49:39;62;1.7790408e-05;1.7842585e-05;5.484020488200832e-05;0.0030108292;0.003020622;0.004877929651053487;0.050495073;0.051009573;0.04782271722930251;9.541188e-06;1.9980254e-05;1.47087185e-05;2.0956797e-05;1.9556066e-05;1.7415716e-05;1.327551e-05;3.2628373e-05;1.7764281e-05;2.0108148e-05;1.5850757e-05;1.169916e-05;1.0002641e-05;1.9805395e-05;1.5243547e-05;1.9849243e-05;1.9782416e-05;1.7852664e-05;1.3278799e-05;3.314911e-05;1.7900038e-05;1.9807616e-05;1.5204932e-05;1.2234632e-05;4.067177e-06;3.0463214e-06;3.3341316e-06;3.9914344e-06;4.85929e-06;4.122496e-06;3.0509382e-06;7.438974e-06;3.4690286e-06;4.0961895e-06;4.490671e-06;3.485456e-06;3.1558087e-05;4.44492e-05;4.3715067e-05;4.5718854e-05;5.848248e-05;4.441816e-05;2.6681211e-05;5.4171855e-05;4.4271143e-05;4.7703306e-05;3.049921e-05;3.563708e-05;8.683897059457014e-06;1.3627832879618042e-05;0.00032125545402652785;0.0001486128348400468;4.932139238208942e-05;6.048951312241763e-05;3.3179397946835282e-06;3.209078667789951e-05;3.911104444960248e-06;2.858311732905586e-06;8.720246680740592e-06;5.193144942753705e-06;0.002255582520674641;0.003140443726011166;0.01686303696167178;0.010113434703720782;0.006698622107710237;0.006330937947596359;0.001505209062125806;0.004251828543128582;0.0017291849607420041;0.0014526824557608582;0.0020061264451275143;0.002188066378372108
02:52:22;63;1.498592e-05;1.5398618e-05;4.5450470138269244e-05;0.0028490664;0.0028809034;0.004338287539831058;0.049040195;0.04949139;0.041797847752425905;1.2069614e-05;1.7800907e-05;1.688882e-05;2.1438585e-05;1.4396865e-05;1.5308664e-05;8.256292e-06;2.0651803e-05;1.1741314e-05;1.3112911e-05;1.4918679e-05;1.3246458e-05;1.22923375e-05;1.862891e-05;1.7749233e-05;2.1190794e-05;1.4778354e-05;1.580651e-05;8.3212935e-06;2.1113776e-05;1.228452e-05;1.3712375e-05;1.5260794e-05;1.3644551e-05;3.7133366e-06;2.9106466e-06;3.4634027e-06;3.7254301e-06;3.5659384e-06;4.4317376e-06;2.3808818e-06;5.246977e-06;2.7423948e-06;4.8372103e-06;4.165063e-06;3.3778542e-06;3.841381e-05;3.3469692e-05;3.8926068e-05;5.048154e-05;3.6294696e-05;4.1922285e-05;1.6601192e-05;5.390534e-05;3.573036e-05;4.075728e-05;3.895058e-05;4.3788496e-05;7.44050306258629e-06;9.156114818520494e-06;0.00030876056718334987;9.224247846507449e-05;6.47313132362451e-05;1.6990550481383128e-05;2.1266672763029568e-06;2.4163461779226672e-05;2.3573453837774406e-06;2.4458905583107412e-06;1.0680617052179007e-05;4.310132362274806e-06;0.002146944592384304;0.0026537228346234414;0.01648933014375407;0.008296116891357959;0.007709259133899541;0.0032171611320272837;0.0012060108840465543;0.003924249604553348;0.0013808597480015057;0.0013620104538095079;0.0016715133580242896;0.0020022717014909156
02:55:09;64;1.2114008e-05;1.264895e-05;3.504166148452782e-05;0.0025725267;0.0026171017;0.0040083832609563745;0.04813547;0.04904831;0.03448037450368829;7.5026715e-06;1.4182896e-05;1.7773382e-05;1.2415009e-05;1.5104929e-05;1.1154031e-05;6.952341e-06;1.2803292e-05;1.642233e-05;1.0705358e-05;1.2140116e-05;8.211717e-06;7.924178e-06;1.499065e-05;1.8730923e-05;1.2825467e-05;1.5608995e-05;1.1457652e-05;7.3689575e-06;1.3211045e-05;1.7172884e-05;1.1078033e-05;1.2523135e-05;8.895494e-06;2.921561e-06;3.0938759e-06;3.5441237e-06;3.3037024e-06;2.7694593e-06;3.6137883e-06;2.7348644e-06;4.035226e-06;4.7004132e-06;3.5662774e-06;4.986209e-06;3.6918075e-06;2.968028e-05;4.588739e-05;4.5305755e-05;3.9912215e-05;3.588525e-05;2.7727354e-05;2.3394272e-05;4.291934e-05;4.3596712e-05;3.1045423e-05;3.999754e-05;3.012083e-05;7.097195907056314e-06;2.0337703970760295e-05;0.00018387365113139525;7.818727017552834e-05;6.308503870955554e-05;1.6800068563618824e-05;2.304752832640689e-06;2.9769599291531296e-05;3.5365732663351256e-06;2.4627435045041997e-06;9.875186908627023e-06;3.170153552780951e-06;0.0020956901887295453;0.003794864689086268;0.012220962773590542;0.007377210975983523;0.007481674570085982;0.0030643071698388306;0.0012040712259028378;0.0043455143954514025;0.0016431700026343873;0.001385712002040592;0.0017732848399773056;0.0017141362981552759
02:57:48;65;1.2759738e-05;1.3231785e-05;6.586230331954422e-05;0.0025882963;0.002625074;0.004896553058702521;0.045616463;0.04670307;0.04338483159597344;6.9454754e-06;1.6158565e-05;1.6572343e-05;1.5256344e-05;1.0468002e-05;1.1113571e-05;9.642063e-06;1.3338079e-05;1.6962844e-05;1.9029694e-05;1.06360585e-05;6.993796e-06;7.4079803e-06;1.7182652e-05;1.7749428e-05;1.5759066e-05;1.085946e-05;1.1868008e-05;9.496944e-06;1.3946716e-05;1.717555e-05;1.8903951e-05;1.0560919e-05;7.870712e-06;2.9783255e-06;3.549488e-06;3.34087e-06;2.833864e-06;2.1969274e-06;3.312815e-06;2.3934497e-06;5.1399747e-06;3.844008e-06;3.7261952e-06;3.5567073e-06;2.8463826e-06;2.5664905e-05;4.0336734e-05;4.7953807e-05;4.821937e-05;2.34315e-05;2.4908759e-05;1.9513624e-05;3.7992966e-05;3.6140867e-05;4.570072e-05;2.7766171e-05;2.242525e-05;7.5551313057450996e-06;5.917849294215007e-06;0.00048147602165455076;0.0001645107655926791;6.017398220200049e-05;1.7902593096299946e-05;2.0387347268546376e-06;3.257419638436826e-05;2.362329307804936e-06;2.7703403018563058e-06;9.953587855967351e-06;3.1121081121888994e-06;0.0020697527090950706;0.002099771911142076;0.020691999312144948;0.01117173800614731;0.007423023094809276;0.003340551718156331;0.0012275378714656322;0.004462689827614261;0.0013921423825276336;0.0014609810605327172;0.0017328891548918693;0.0016855596559031344
03:00:28;66;1.5642083e-05;1.6043285e-05;3.942339818995901e-05;0.0027874403;0.0028209295;0.004133441063063598;0.049068827;0.05027479;0.03719574114633787;7.4805494e-06;1.32517425e-05;1.8921597e-05;1.207604e-05;1.1426079e-05;1.933718e-05;2.4020579e-05;1.5773376e-05;1.8828832e-05;2.5337686e-05;1.2601246e-05;8.650134e-06;7.918087e-06;1.3969897e-05;1.970333e-05;1.2127685e-05;1.1896066e-05;2.0292004e-05;2.333932e-05;1.6322296e-05;1.934924e-05;2.512178e-05;1.2890863e-05;9.5888445e-06;3.1880616e-06;2.9987752e-06;4.4498524e-06;3.558806e-06;3.20545e-06;5.6091035e-06;2.3410116e-06;3.4838304e-06;3.3736967e-06;4.2606734e-06;4.539547e-06;2.61067e-06;2.2934617e-05;3.4187186e-05;5.37023e-05;3.4894245e-05;3.5127083e-05;5.0065333e-05;1.8975263e-05;4.852202e-05;3.5971458e-05;3.962807e-05;2.7288665e-05;3.221695e-05;8.314893851227542e-06;1.2765212492936554e-05;0.0002365422756869343;7.964649566914827e-05;6.658545919504359e-05;1.9166334421081596e-05;2.1697029754165353e-06;3.0988104625558294e-05;2.168061919075156e-06;1.979316031520341e-06;9.154310768087071e-06;3.6006106434791653e-06;0.0021630500908123283;0.002985217699644769;0.013929189624146712;0.007238404345248895;0.00768197827592674;0.0036783819391096894;0.001257352284010409;0.004556966817667482;0.0013369989063363615;0.0012315652770330992;0.0017329110920815385;0.00180927640474515
03:03:13;67;1.3312808e-05;1.3825315e-05;3.622529680042811e-05;0.0026804542;0.002717918;0.004016849016247134;0.04522149;0.045892518;0.033411276519560405;1.1740635e-05;1.8403305e-05;1.5303218e-05;1.4649825e-05;7.795273e-06;1.4967852e-05;1.3443262e-05;1.346536e-05;1.570257e-05;9.556335e-06;1.7536839e-05;7.1892573e-06;1.2398391e-05;1.9311188e-05;1.6178163e-05;1.4947455e-05;8.348521e-06;1.5854821e-05;1.3360653e-05;1.39427375e-05;1.6244396e-05;9.9365825e-06;1.7636523e-05;7.744336e-06;4.076893e-06;3.1332072e-06;3.5626417e-06;3.2264156e-06;2.4536628e-06;3.9106867e-06;2.0491702e-06;4.355329e-06;3.3396132e-06;3.7734344e-06;4.7572526e-06;2.7126327e-06;4.270762e-05;4.57068e-05;4.2738156e-05;4.054706e-05;1.9017556e-05;4.4393342e-05;1.6977529e-05;4.194587e-05;3.617067e-05;3.4821212e-05;4.1046933e-05;3.344644e-05;7.918402003226861e-06;1.6675076741758156e-05;0.00022220847128930814;6.514255775637938e-05;6.215086751761598e-05;1.699551118357263e-05;2.188841332648883e-06;2.6190536851099134e-05;2.287611091384269e-06;2.2798338910572967e-06;8.3502292956601e-06;2.315622651426456e-06;0.002342278510468399;0.003398103762381686;0.013756431921516972;0.006880064998448986;0.007449029141351036;0.0032251364344412976;0.0011781577373014354;0.00400998467295317;0.0013612523818502158;0.001332883703304318;0.0018285234303259082;0.0014403415006221977
03:05:58;68;1.2424267e-05;1.2907063e-05;2.9303051356117672e-05;0.0025656146;0.0026072224;0.003629053760093364;0.048411317;0.049429376;0.029933461798662266;7.4628633e-06;1.8048015e-05;1.5442081e-05;1.51405675e-05;8.257231e-06;8.850977e-06;5.3453814e-06;2.093838e-05;2.2982536e-05;6.611433e-06;1.148624e-05;8.525466e-06;7.829366e-06;1.8763836e-05;1.6579199e-05;1.5171031e-05;8.816142e-06;9.201454e-06;5.3886392e-06;2.169345e-05;2.3685272e-05;6.9562293e-06;1.1717479e-05;9.082643e-06;3.0425135e-06;3.5819733e-06;3.4254795e-06;3.9709444e-06;2.6505356e-06;2.5674194e-06;2.0689113e-06;5.7824873e-06;4.427254e-06;2.6108366e-06;5.007559e-06;3.0075769e-06;2.6262906e-05;4.2029864e-05;4.0369727e-05;4.3115637e-05;1.8663619e-05;3.321314e-05;1.730018e-05;5.6631852e-05;4.929707e-05;2.6660518e-05;2.668519e-05;2.781363e-05;7.4779673102633735e-06;1.7545373849589776e-05;0.000135990995941128;7.917406903688906e-05;5.5634988073705174e-05;1.3806574219002557e-05;2.23226057681765e-06;2.2579135828115775e-05;2.7168759383827695e-06;1.8117692552440903e-06;9.451586673624387e-06;3.215019570649532e-06;0.002132568014367688;0.0035225264810934288;0.009928488541521667;0.007240293701129354;0.007066531680733331;0.002788141780223967;0.0012162992619932059;0.0036576216384427767;0.001448705121075235;0.0011218029289665385;0.0016947191107064118;0.0017309468608667574
03:08:39;69;9.734871e-06;1.0147657e-05;4.782865241850909e-05;0.002341714;0.0023782214;0.004426177529748189;0.03869156;0.039410118;0.039663204802507485;7.378661e-06;1.2319625e-05;1.3396436e-05;1.3126538e-05;1.0768005e-05;6.3519356e-06;6.4647193e-06;1.1220557e-05;1.3978443e-05;7.416223e-06;7.4983395e-06;6.8989852e-06;7.9436695e-06;1.30724375e-05;1.4360069e-05;1.3261348e-05;1.0968914e-05;6.651537e-06;6.455663e-06;1.1937474e-05;1.4579333e-05;7.5631465e-06;7.695128e-06;7.283169e-06;3.2656756e-06;3.7157154e-06;3.3248086e-06;3.8984545e-06;3.1242173e-06;2.8749505e-06;2.8709428e-06;4.382733e-06;3.7287941e-06;3.0051237e-06;3.4276911e-06;2.9615983e-06;1.9933976e-05;3.3802346e-05;4.0845967e-05;3.4626493e-05;2.8118746e-05;2.0515441e-05;1.9937055e-05;3.30146e-05;3.470088e-05;2.5743999e-05;2.7279317e-05;2.7964483e-05;8.074893447872147e-06;9.611007008120797e-06;0.00030961672963970914;9.704244961370815e-05;7.556458843050218e-05;1.2435561943432725e-05;2.713254290442642e-06;4.0106884950040505e-05;3.242873924429219e-06;2.17182482638639e-06;9.648277650013246e-06;3.715483297451999e-06;0.0022125280049243353;0.00263960683136815;0.016271203665907785;0.008191008207024782;0.008295626039480475;0.002672318335999621;0.001355406640906159;0.005111477878424;0.0015477460455740008;0.001194939594774893;0.0017461991954776568;0.0018760699171164051
03:11:15;70;1.5917209e-05;1.6187409e-05;4.547076330082287e-05;0.002830046;0.0028500434;0.004548240549200047;0.049832042;0.051273566;0.03311207181899203;1.3958216e-05;1.5733682e-05;3.0361263e-05;2.3791485e-05;1.0194059e-05;1.0876803e-05;1.2004289e-05;1.0974285e-05;3.2009866e-05;9.940365e-06;1.3901072e-05;7.261265e-06;1.406991e-05;1.640699e-05;3.1084885e-05;2.3210603e-05;1.0360006e-05;1.0981294e-05;1.216371e-05;1.1408401e-05;3.2714368e-05;1.00391935e-05;1.3946788e-05;7.862732e-06;4.7196695e-06;3.5144171e-06;5.089772e-06;3.99748e-06;3.4325906e-06;3.5174655e-06;2.2874922e-06;4.021172e-06;5.576596e-06;3.1848883e-06;3.0975687e-06;2.591363e-06;2.4881225e-05;3.8989347e-05;5.6184035e-05;5.6665725e-05;2.2440603e-05;2.9303888e-05;1.9172947e-05;3.56343e-05;4.8131576e-05;3.3804252e-05;3.4419034e-05;2.7668933e-05;7.849006159934444e-06;3.4932011395843955e-05;0.0001300467152357842;0.00023038671839063389;5.765219946501253e-05;3.883992827611651e-05;1.6652858879783386e-06;2.5899406719946686e-05;2.1174840959485656e-06;2.8729653181351518e-06;8.723878552870644e-06;4.66356011166962e-06;0.0020755324140372794;0.005367129850751016;0.010208453647683293;0.013499077230573793;0.007157978320998573;0.004721839027352082;0.0010947017625473983;0.00395402149430408;0.0012892600818514462;0.0015070063528672948;0.0016295844604352079;0.002074301946999096
03:13:52;71;1.2081136e-05;1.2573336e-05;4.59077643023363e-05;0.002536846;0.0025760084;0.004318816213851334;0.04648925;0.046801783;0.0377823235395189;9.463111e-06;1.5432612e-05;1.771507e-05;2.1693144e-05;1.0612755e-05;8.962226e-06;5.644057e-06;1.1534238e-05;1.5969303e-05;9.029235e-06;7.49826e-06;1.1419566e-05;9.788424e-06;1.6514377e-05;1.9243356e-05;2.1442382e-05;1.1124151e-05;9.239658e-06;5.9341014e-06;1.2363078e-05;1.6577054e-05;9.173875e-06;7.729634e-06;1.1749932e-05;4.028735e-06;3.314118e-06;3.4409566e-06;4.6214705e-06;2.800982e-06;2.3032533e-06;1.8908767e-06;4.3151053e-06;3.853651e-06;4.2209876e-06;2.2770287e-06;3.0036595e-06;2.2569156e-05;4.200359e-05;3.7580598e-05;5.124631e-05;3.2072003e-05;2.8313025e-05;1.6406251e-05;4.6766094e-05;4.1877363e-05;2.3999259e-05;2.2040518e-05;3.6303725e-05;8.029550628184955e-06;1.2909211136338904e-05;0.000306056342196759;8.210184330811556e-05;7.126579443878075e-05;1.746897728711743e-05;1.8902822003477182e-06;3.4461507449204545e-05;2.4222698668904233e-06;1.8001354883316167e-06;8.923403687607718e-06;3.5638539403569275e-06;0.0020917205485083703;0.003007924288729342;0.015725298181103492;0.007665813301885275;0.008092737030442353;0.003262242924044954;0.0011614847492290342;0.004770220196417466;0.0013562741276399212;0.0011495095866755017;0.0017099042074504964;0.0018326654240897878
03:16:28;72;1.034152e-05;1.0746715e-05;5.627925052237357e-05;0.002376728;0.0024100854;0.004745911064904516;0.036317967;0.036963545;0.040160941384449415;7.3944475e-06;1.2390851e-05;1.3273251e-05;9.9804265e-06;8.2288125e-06;8.719215e-06;1.5655694e-05;1.8017106e-05;9.356765e-06;6.3441144e-06;8.53981e-06;6.1977466e-06;7.703828e-06;1.331873e-05;1.4267398e-05;1.0321183e-05;8.563834e-06;8.9382675e-06;1.5716734e-05;1.821559e-05;9.962745e-06;6.6893517e-06;8.775906e-06;6.487019e-06;3.057948e-06;2.901515e-06;3.0682659e-06;3.1401746e-06;1.7968018e-06;2.7427739e-06;2.9482833e-06;6.7287956e-06;3.0639953e-06;2.1545839e-06;2.5885606e-06;2.863081e-06;2.5699645e-05;3.3874687e-05;3.441096e-05;4.2039115e-05;2.4923374e-05;3.1691037e-05;2.3645114e-05;5.1820713e-05;3.6088502e-05;2.3852117e-05;2.9542669e-05;2.5654452e-05;7.813285546330861e-06;1.6056207766678306e-05;0.0003333477357025669;0.00017414704336126148;5.8677937890662704e-05;2.312356164701503e-05;2.015560091713753e-06;4.2735627137267596e-05;1.6618211983454856e-06;1.8263808350967494e-06;9.2744767500799e-06;4.671368341464016e-06;0.002190459086237158;0.003434975596390118;0.016992509283961312;0.011447996943116918;0.007251815010411894;0.003282748690774525;0.0011570395522137605;0.005195357447056237;0.001163997031087283;0.0011388628580039598;0.0015949678093876416;0.002100203470213384
03:19:05;73;1.0398117e-05;1.1053213e-05;5.740005100476879e-05;0.0023708842;0.0024256688;0.004848065815184159;0.040873487;0.041764017;0.04217195557847273;8.324853e-06;1.1594699e-05;1.4509062e-05;1.2081356e-05;9.489221e-06;8.522206e-06;9.532776e-06;1.665162e-05;8.88821e-06;8.253073e-06;1.1140173e-05;5.790113e-06;8.7246535e-06;1.2661375e-05;1.6025277e-05;1.2662348e-05;1.0151755e-05;9.252173e-06;9.586909e-06;1.7955055e-05;9.584438e-06;8.509025e-06;1.1205886e-05;6.319652e-06;2.5494749e-06;3.2183395e-06;3.674015e-06;4.4231597e-06;2.158921e-06;2.3830162e-06;2.5142351e-06;6.108747e-06;2.8569098e-06;2.4986637e-06;3.8084806e-06;2.215008e-06;3.1795244e-05;3.5299407e-05;4.8255606e-05;4.0502502e-05;2.56202e-05;2.7972352e-05;2.0189438e-05;3.803443e-05;3.455121e-05;3.2064494e-05;2.2792798e-05;2.4419243e-05;7.2073445563769295e-06;2.0982509759088148e-05;0.0003582852187558798;0.0001636263377071337;5.0200190436865096e-05;2.2794859411367543e-05;2.481698402676039e-06;4.744939858755357e-05;2.5067662098388286e-06;2.1279414908306047e-06;8.131043808973919e-06;3.007302930641059e-06;0.0020127937611192463;0.0038413978963363457;0.017722180420305662;0.011337726065298412;0.006766219703548749;0.003870039236963524;0.0012710049569561346;0.005448288389040931;0.0013682407290788322;0.0012894705574596071;0.0015627377420027806;0.001686690324099689
03:21:47;74;1.1590971e-05;1.2055976e-05;4.2886358204571435e-05;0.0024748938;0.0025105372;0.004289424585084985;0.039812263;0.039944462;0.036537897765898296;1.11291465e-05;1.3725094e-05;1.531898e-05;1.1753467e-05;1.0956e-05;7.887268e-06;5.5949267e-06;1.27893445e-05;2.2438593e-05;1.294232e-05;8.226002e-06;6.3305474e-06;1.1742765e-05;1.4648471e-05;1.649922e-05;1.2007594e-05;1.1257227e-05;8.117888e-06;5.653126e-06;1.3657716e-05;2.272126e-05;1.33841595e-05;8.423012e-06;6.5592576e-06;3.957054e-06;3.3224374e-06;3.5234018e-06;3.3490264e-06;2.6878688e-06;3.68146e-06;2.1171766e-06;3.8768294e-06;4.129087e-06;3.3848503e-06;2.7896624e-06;2.606381e-06;4.0344712e-05;3.9102863e-05;5.2835705e-05;4.1452477e-05;3.31767e-05;2.6336082e-05;1.7387323e-05;4.5775916e-05;4.1468913e-05;3.351513e-05;2.701779e-05;2.6530186e-05;8.099510667036686e-06;2.802213353807563e-05;0.00027597550260579685;5.9354516653246425e-05;7.355495598759583e-05;1.5410280620012653e-05;3.0590599085444634e-06;3.4895187429472974e-05;1.9515763658022027e-06;1.642771539859133e-06;9.408058513665603e-06;3.262744625748825e-06;0.0023623046091780435;0.004496494123594062;0.01516047021121513;0.006445257509081832;0.008158228037083841;0.003074128755527299;0.0013475811034213841;0.004727923566739009;0.0012506075811413368;0.0011257268769393977;0.0015936972128136491;0.0017306754342848209
03:24:38;75;1.16235415e-05;1.2062917e-05;5.904555268890541e-05;0.0024449253;0.0024815043;0.004849481127513251;0.040639147;0.04167982;0.04043072363687742;6.6714483e-06;1.9928768e-05;1.3840346e-05;1.2212154e-05;7.1206537e-06;7.2117386e-06;1.0214626e-05;1.8069799e-05;1.7622022e-05;1.112383e-05;9.272558e-06;6.194615e-06;6.900987e-06;2.0600233e-05;1.4887561e-05;1.2660538e-05;7.5768244e-06;7.608413e-06;1.0437284e-05;1.8650293e-05;1.8069359e-05;1.1579311e-05;9.167043e-06;6.6171797e-06;3.1989237e-06;4.059811e-06;2.9476087e-06;3.1151574e-06;2.0506575e-06;2.646753e-06;2.7874082e-06;7.323169e-06;3.1233192e-06;3.0948247e-06;2.851782e-06;2.4190824e-06;2.5341791e-05;5.5775563e-05;3.9405495e-05;3.5098376e-05;2.7314476e-05;2.2308766e-05;2.2568003e-05;4.54543e-05;4.0494775e-05;3.1442978e-05;2.94183e-05;2.8178521e-05;7.064347811194039e-06;1.4160630348310548e-05;0.0003686272408274016;0.00016654164942099105;6.45591546197324e-05;1.9316474759078187e-05;3.3426835405554e-06;4.821658587679988e-05;2.0748260876978716e-06;1.6094221982790305e-06;8.882653905222476e-06;4.150962871602344e-06;0.0019706112085319145;0.0031520259647834586;0.017921580401281022;0.011230759836070062;0.007603947383374342;0.0032487297673686947;0.001426122710758411;0.0057072568655252565;0.0013158453380121148;0.0010728404109479814;0.0015528432006061803;0.0019912104428995675
03:27:30;76;1.549426e-05;1.5904114e-05;8.59726357564751e-05;0.0027261092;0.0027582364;0.005437044543931184;0.06031082;0.061905492;0.04960932429706196;6.8478444e-06;2.3679593e-05;2.9149944e-05;1.2853155e-05;8.728582e-06;6.857889e-06;1.0626811e-05;1.2468272e-05;3.8389666e-05;1.6794844e-05;9.373729e-06;1.01608075e-05;7.2615903e-06;2.4887362e-05;3.0058105e-05;1.32626565e-05;9.042607e-06;7.1309782e-06;1.0351634e-05;1.3158991e-05;3.8195096e-05;1.7187689e-05;9.364685e-06;1.0947991e-05;3.4436487e-06;3.4604914e-06;4.937768e-06;3.0850572e-06;1.9139213e-06;2.2815493e-06;2.3065963e-06;3.853004e-06;4.7344793e-06;3.2974913e-06;3.108341e-06;2.8139532e-06;2.1125197e-05;5.5218894e-05;6.324968e-05;4.2449923e-05;2.2936363e-05;2.948645e-05;2.065322e-05;4.4818513e-05;4.9753893e-05;3.5987836e-05;2.292181e-05;2.9192284e-05;7.723113700917009e-06;1.2337070374897947e-05;0.0005903053319055987;0.000294294798225366;6.017509200194801e-05;1.869511272477466e-05;2.0946518727664762e-06;2.9708017056348647e-05;1.8310244516937731e-06;1.7733554070233865e-06;8.520300350152494e-06;4.213761006214117e-06;0.0021706764261351856;0.0029487510691147026;0.02313340088855929;0.015264882930368187;0.007353959724697763;0.0030515603445561215;0.0012232398717323455;0.004121821806432181;0.001235090040974319;0.0011057318691800279;0.0016584143060123229;0.0019770052494117764
03:30:21;77;1.0465198e-05;1.0890531e-05;3.436067159401054e-05;0.0023696972;0.0024066996;0.003921669849777798;0.045417257;0.04680116;0.03447804846877023;7.0679703e-06;1.4171892e-05;1.3311176e-05;1.5232175e-05;7.604255e-06;7.0075416e-06;9.370683e-06;1.1349216e-05;1.1983951e-05;1.2853942e-05;7.931188e-06;7.698445e-06;7.317138e-06;1.4793858e-05;1.4057415e-05;1.567175e-05;8.232564e-06;7.40978e-06;9.459125e-06;1.1473925e-05;1.2586636e-05;1.3113709e-05;8.185476e-06;8.384984e-06;3.5239007e-06;2.9764979e-06;3.041112e-06;3.2889652e-06;2.4364144e-06;2.973584e-06;1.8860655e-06;5.597745e-06;3.4612283e-06;5.207001e-06;4.206318e-06;2.46851e-06;2.0417856e-05;3.927649e-05;3.7818198e-05;4.1210526e-05;3.0321868e-05;2.5189036e-05;1.9487406e-05;3.1253574e-05;3.5202804e-05;4.1318817e-05;2.1733931e-05;2.8349557e-05;1.0301173510860297e-05;1.8868422078629104e-05;0.00015834862114612512;0.00010309325864164488;5.9554736716542175e-05;1.4056160472618404e-05;1.660081293309206e-06;2.9783982053008947e-05;2.3068183600247526e-06;1.4056954843775847e-06;9.454814499695869e-06;3.494294871290037e-06;0.0023691699330763115;0.0036465771391987795;0.011330389949752053;0.008313124292625524;0.007318831114557278;0.0029410877603310635;0.0010146024445117246;0.00433251864347925;0.0013649478547865662;0.001010734682975382;0.0016283104012152405;0.0017897439808244023
03:33:07;78;1.3025429e-05;1.3432837e-05;4.79092855252228e-05;0.002590326;0.0026228526;0.004442619299017673;0.040920693;0.0410231;0.03932705495877981;1.0412097e-05;1.7131344e-05;1.211451e-05;2.4419656e-05;8.663387e-06;8.3814275e-06;7.911361e-06;1.37342995e-05;2.5362311e-05;7.0764854e-06;1.2559208e-05;8.539052e-06;1.0787942e-05;1.7978417e-05;1.3337699e-05;2.4579926e-05;8.921891e-06;8.667904e-06;8.464439e-06;1.42519e-05;2.5536814e-05;7.11512e-06;1.2662547e-05;8.889462e-06;2.9082955e-06;3.0718656e-06;3.3849883e-06;4.1153703e-06;2.632807e-06;3.3918448e-06;2.3903085e-06;3.5015996e-06;4.4359545e-06;3.7573714e-06;3.1020932e-06;2.8148131e-06;2.7515309e-05;4.597398e-05;3.52631e-05;6.3169304e-05;2.653179e-05;2.7702561e-05;2.1646158e-05;3.649841e-05;4.1962307e-05;2.782491e-05;3.351303e-05;3.3377913e-05;7.503493748562424e-06;1.5202582891571085e-05;0.00030418932750494434;0.00013198199225423338;5.5039462779053684e-05;1.3954504804621377e-05;2.463721921337532e-06;2.734407757221427e-05;1.8286586984220783e-06;1.7063756851333379e-06;9.274710020166284e-06;4.4225184224138185e-06;0.002135578412780675;0.003273054058104753;0.016315302753157727;0.01007959071678087;0.0070025527983858474;0.0029838973229978152;0.0012394256379319036;0.004241618187216726;0.0012329625949786024;0.0011334035415247812;0.001674917366169393;0.001999128198182983
03:35:51;79;9.990777e-06;1.0399551e-05;2.6798842194451846e-05;0.0023575402;0.002395411;0.003456703150290163;0.040111665;0.041087724;0.027357456630584847;7.635324e-06;1.5291407e-05;1.19053275e-05;1.3081783e-05;1.0760662e-05;7.53369e-06;5.3832123e-06;9.698868e-06;1.5292626e-05;6.3497687e-06;9.94374e-06;7.01289e-06;8.114669e-06;1.5877551e-05;1.2499627e-05;1.3223453e-05;1.1214792e-05;8.022661e-06;5.738031e-06;1.0380338e-05;1.5811067e-05;6.5814943e-06;1.0028003e-05;7.3029123e-06;3.013744e-06;3.6322172e-06;3.2141688e-06;3.2485684e-06;3.0217843e-06;2.4945482e-06;2.0261234e-06;3.6391352e-06;4.185452e-06;3.144879e-06;3.1143047e-06;2.8260422e-06;3.0522126e-05;3.9993447e-05;3.2927666e-05;3.5742145e-05;3.066428e-05;3.0618634e-05;1.7017324e-05;4.054221e-05;3.7874906e-05;2.8901108e-05;3.3595705e-05;2.3791456e-05;6.581394349879501e-06;1.620047231474567e-05;0.0001237526738751423;4.4254857835829206e-05;7.49697629286123e-05;1.2420841761005247e-05;1.8293139562666583e-06;2.5039195694016546e-05;1.8639155797078419e-06;2.9901157363349633e-06;8.365870846987662e-06;3.317691454894218e-06;0.001985722947720347;0.003298693604131297;0.008515703696739374;0.005573491126862243;0.008217228091349145;0.0027485452898346444;0.0010327383477558812;0.003919321327506589;0.0012175948450296392;0.0015764771523680988;0.0016473458026967395;0.001747575571487953
03:38:34;80;1.1317198e-05;1.1733119e-05;7.292952582614512e-05;0.0024377462;0.0024737203;0.005119669045355337;0.04490368;0.04685327;0.0473564896978694;8.693768e-06;1.4102148e-05;1.3189042e-05;1.0027023e-05;1.1601263e-05;9.279248e-06;1.5937476e-05;8.848318e-06;1.8658198e-05;1.1281415e-05;8.03569e-06;6.152726e-06;8.917317e-06;1.4880549e-05;1.3689194e-05;1.0369162e-05;1.2348685e-05;9.530291e-06;1.587342e-05;9.300636e-06;1.892607e-05;1.1457392e-05;8.470699e-06;7.0340066e-06;3.5680134e-06;3.3130395e-06;3.4509003e-06;3.3262206e-06;3.3530914e-06;3.7336529e-06;2.435426e-06;4.1200333e-06;3.4724253e-06;3.3311608e-06;2.8650263e-06;2.572761e-06;2.0899035e-05;3.768536e-05;3.6620026e-05;3.6410787e-05;4.0794952e-05;2.843549e-05;2.4054752e-05;3.2365304e-05;3.666427e-05;3.3495522e-05;1.9661224e-05;3.1732936e-05;8.637858631710337e-06;1.0382370296872695e-05;0.0005149711453330022;0.00020216867507709724;7.238153048327181e-05;1.879597001627538e-05;2.3193746333119863e-06;3.0313484643453884e-05;1.68327155132744e-06;1.994191739966848e-06;8.072255402722929e-06;3.434182104728857e-06;0.00214519258242373;0.002718096746813233;0.021363245611365243;0.012367503833907048;0.00817381506340533;0.00339480203296535;0.0012207560230682536;0.004265106036071099;0.0011774292775429786;0.0012137684416571048;0.0016160345304621064;0.0017802783645825778
03:41:18;81;8.244763e-06;8.65939e-06;5.07829905437633e-05;0.0021166431;0.002158839;0.004563542834110936;0.036544494;0.037596345;0.0383108626388633;7.244135e-06;1.0015709e-05;1.2529322e-05;9.459842e-06;8.084349e-06;7.226997e-06;6.374209e-06;7.3390825e-06;1.1512958e-05;6.272091e-06;7.902827e-06;4.9756422e-06;7.5021308e-06;1.0695339e-05;1.3478061e-05;9.870311e-06;8.65987e-06;7.378308e-06;6.3142566e-06;7.85373e-06;1.1833879e-05;6.5265367e-06;8.229343e-06;5.5709415e-06;2.8785857e-06;2.9914786e-06;3.376268e-06;3.3717874e-06;2.0410353e-06;2.9934881e-06;1.968971e-06;3.8656476e-06;3.403612e-06;2.7515891e-06;3.5854102e-06;2.2326478e-06;1.8883724e-05;3.765201e-05;3.5484347e-05;3.6962458e-05;1.9174042e-05;2.9226067e-05;1.589324e-05;3.4346456e-05;3.3909957e-05;2.3039032e-05;2.501796e-05;2.2337323e-05;7.676667339880132e-06;2.0979565093933686e-05;0.00032445848564675265;0.00012969349825403716;5.575640922995686e-05;2.003900635027325e-05;2.4657992119869564e-06;3.3708612195458325e-05;1.8111621538491107e-06;1.6886762741660417e-06;8.124586970454101e-06;2.9934178044113804e-06;0.002254523778897597;0.003995183803504558;0.016564937536018644;0.009930155151473679;0.007122218620872536;0.003542096488863775;0.0012017962134624946;0.00466784814787211;0.0012234934834377252;0.0011358780404916258;0.0014655250409095568;0.0016588577035269358
03:44:02;82;1.1050408e-05;1.1393992e-05;9.238417952587369e-05;0.0023413256;0.0023753277;0.005532832869561768;0.040851843;0.04258607;0.04925070495602579;6.5578542e-06;1.6140799e-05;1.2331301e-05;2.5967865e-05;7.855297e-06;7.3060037e-06;8.457802e-06;1.1163139e-05;6.6067373e-06;1.7040322e-05;6.8629915e-06;6.3146867e-06;6.7228143e-06;1.656985e-05;1.29819655e-05;2.5868969e-05;8.076124e-06;7.821014e-06;8.056035e-06;1.1749206e-05;7.1794593e-06;1.7411798e-05;7.0392907e-06;7.2514067e-06;3.0078422e-06;3.0315018e-06;3.2531586e-06;4.054878e-06;1.410312e-06;2.5963907e-06;1.9907152e-06;3.1976112e-06;3.0888098e-06;3.9972633e-06;2.8835325e-06;2.7796964e-06;2.4410596e-05;3.9440034e-05;3.894356e-05;6.190278e-05;1.9637606e-05;2.445396e-05;1.4608556e-05;3.872782e-05;2.0827494e-05;3.5007502e-05;1.6298247e-05;2.1525393e-05;6.265223563906908e-06;7.417991183713689e-06;0.0006787228440110014;0.00029146115454204693;5.944782016536023e-05;1.997221892214991e-05;1.5822314940223352e-06;2.7742243220520967e-05;1.7769200107064357e-06;1.8358309111798031e-06;9.274806796603307e-06;3.1108694892719263e-06;0.0020235195500094717;0.0023539340069926376;0.024482051126840636;0.015633943340145964;0.007344516426124953;0.003630650134402806;0.0010151034570321804;0.0042477216747907436;0.0012020083227013126;0.0011794556562947796;0.0016110098492535874;0.001670080890152149
03:46:45;83;1.06825e-05;1.1086415e-05;3.5698362866901365e-05;0.0023623726;0.0024010665;0.004022907819124071;0.038874988;0.039830625;0.0325224178348365;7.9895535e-06;1.995887e-05;1.13608585e-05;1.3199661e-05;7.556228e-06;7.884932e-06;6.9794855e-06;1.1407415e-05;8.536244e-06;1.7117087e-05;9.651694e-06;6.5480763e-06;7.978325e-06;2.0932177e-05;1.2075214e-05;1.3544377e-05;7.944191e-06;8.236474e-06;6.9035696e-06;1.1707932e-05;9.23834e-06;1.7333463e-05;9.815987e-06;7.3269402e-06;3.1322359e-06;4.199469e-06;3.0812296e-06;4.15435e-06;2.1392839e-06;2.3550247e-06;1.7839318e-06;4.275492e-06;2.524621e-06;5.0909925e-06;4.0691257e-06;1.9903516e-06;2.3568955e-05;5.6252367e-05;3.2974873e-05;3.340543e-05;2.0014058e-05;3.3997305e-05;1.51190925e-05;3.743066e-05;2.8294835e-05;4.6764177e-05;2.9980954e-05;3.0227315e-05;7.058022638922439e-06;4.310932340344124e-05;0.00017659145723144894;8.867223829689188e-05;5.561989617996566e-05;1.3927763356781646e-05;1.911603591916216e-06;2.7104218781536456e-05;1.656210710042207e-06;1.719021832335672e-06;8.916219498586256e-06;2.0943788809477636e-06;0.0019951589426525484;0.005893867454223515;0.01202968635239251;0.007921751327312938;0.007114603760906656;0.002781322278105087;0.0010606323050062468;0.004203300913851483;0.0011800464107973004;0.0011531818246696057;0.0015424222958501336;0.0013989199637208225
03:49:29;84;1.06544e-05;1.1055513e-05;5.020918222606454e-05;0.0023655987;0.002400021;0.004431926550952494;0.040849283;0.04136925;0.034450365745701615;8.166946e-06;1.374693e-05;1.1302119e-05;1.715209e-05;8.385855e-06;6.1303745e-06;4.99814e-06;1.1907737e-05;1.5094825e-05;5.811488e-06;1.8975392e-05;6.1809774e-06;8.820088e-06;1.4616953e-05;1.221268e-05;1.7029435e-05;8.798211e-06;6.1855435e-06;4.782841e-06;1.27276335e-05;1.543339e-05;6.1520846e-06;1.9375542e-05;6.5317618e-06;3.3057627e-06;1.9910517e-06;3.381579e-06;3.9132674e-06;2.5151048e-06;2.2252577e-06;1.6737232e-06;3.9922647e-06;3.890377e-06;2.151472e-06;6.186791e-06;2.3310674e-06;3.0093783e-05;3.0174842e-05;3.565225e-05;5.1145806e-05;2.77892e-05;2.4541072e-05;1.2164177e-05;4.1000996e-05;3.5731126e-05;3.1474687e-05;4.7458834e-05;2.351397e-05;7.4677043281823655e-06;1.38933710481299e-05;0.0002783295548432941;0.0001785653437327239;6.158040356667631e-05;1.428542007797245e-05;2.1092625865813453e-06;3.0953805635467606e-05;1.8752213609080424e-06;2.0914053241284816e-06;9.182119570018857e-06;2.176574638691276e-06;0.002006663898442213;0.003092952801596101;0.01521483909676714;0.011548782957145358;0.007459574336499522;0.0030509828411815;0.0011428210853712587;0.004319485023889192;0.0012213514893815466;0.001196226875997353;0.0015274742107633955;0.0014019639943953512
03:52:12;85;1.163384e-05;1.21282865e-05;4.631453613130752e-05;0.0025058454;0.0025486934;0.004344902300285611;0.043413043;0.044945877;0.039694545215484746;7.468349e-06;1.1850288e-05;1.1890581e-05;1.1451834e-05;1.7032567e-05;7.945148e-06;8.965109e-06;1.0931019e-05;9.149974e-06;1.4795306e-05;1.7765318e-05;1.0360581e-05;7.924985e-06;1.2486033e-05;1.2788355e-05;1.2173914e-05;1.744191e-05;8.307155e-06;8.948616e-06;1.1539035e-05;9.542381e-06;1.52470975e-05;1.7696131e-05;1.1443836e-05;2.7628446e-06;2.8871414e-06;3.339988e-06;3.246108e-06;3.4438847e-06;2.9289129e-06;2.8158502e-06;4.013482e-06;3.3731887e-06;4.2549536e-06;4.9915357e-06;2.6131722e-06;2.5024445e-05;3.756148e-05;3.9123777e-05;4.1870637e-05;3.789644e-05;2.1624192e-05;2.7181917e-05;4.5222474e-05;2.9532393e-05;3.409275e-05;4.4946286e-05;2.961214e-05;7.430057147305427e-06;1.316855943058939e-05;0.00030728773427748;8.98082843624457e-05;7.68130601410899e-05;1.9204837117447932e-05;2.228296374192794e-06;2.3599913183687693e-05;1.8100186547930403e-06;3.298667567701842e-06;7.86128348238365e-06;3.2637218365727935e-06;0.0021682959725398848;0.003021705552899256;0.015986740871464327;0.008039076214238276;0.008436974235219746;0.003457593856333961;0.0011769097438331967;0.003825940792558988;0.0011985057332530255;0.001449922924470611;0.0016423021353008903;0.0017348595713151665
03:54:56;86;8.776683e-06;9.206109e-06;4.226697086170386e-05;0.0021855964;0.002231658;0.004200595256574055;0.037457593;0.03851178;0.04033381229955993;5.7022153e-06;9.656216e-06;9.483046e-06;1.6253352e-05;8.207306e-06;9.855741e-06;6.5442614e-06;1.1372722e-05;8.229607e-06;6.9711896e-06;7.878234e-06;5.166285e-06;6.257388e-06;1.0330589e-05;1.0197233e-05;1.6204296e-05;8.6547725e-06;1.0341607e-05;6.4111355e-06;1.2130966e-05;8.695439e-06;7.398795e-06;8.352713e-06;5.4983943e-06;2.5265465e-06;2.5711345e-06;2.702624e-06;2.9167416e-06;2.6561029e-06;3.8849694e-06;1.7082825e-06;3.300454e-06;2.6614425e-06;2.346966e-06;3.1780878e-06;2.2877384e-06;2.6055848e-05;3.9621198e-05;3.4934106e-05;5.594904e-05;2.483177e-05;3.694609e-05;1.46015855e-05;5.250842e-05;3.4140794e-05;2.8934208e-05;3.2838077e-05;2.2152673e-05;6.890050013660117e-06;1.2856270572308775e-05;0.00027620567422316934;7.698824224538294e-05;5.962085812015594e-05;3.0641517940624295e-05;2.2221375268163897e-06;2.5315985995206544e-05;1.8907373025254314e-06;1.5012534607606043e-06;8.82494905075172e-06;4.245973889084144e-06;0.0020501217401336608;0.002941580612176075;0.015184849056092698;0.0075341859793245074;0.007314884038592076;0.0045666222759908675;0.0011067018879736524;0.0039726919651235934;0.0012054387337891612;0.0010527606510807102;0.001531175691998995;0.0019461304466126532
03:57:40;87;1.2220282e-05;1.2617249e-05;4.1529009619315484e-05;0.0025351592;0.0025741311;0.0041161229353028975;0.045147736;0.045867637;0.03649930303152032;1.0398053e-05;1.8899824e-05;1.4377231e-05;1.0781317e-05;1.2145036e-05;7.4767513e-06;8.366913e-06;8.8351435e-06;2.45275e-05;6.480296e-06;9.272867e-06;1.508233e-05;1.0796608e-05;1.9501187e-05;1.5201305e-05;1.1355473e-05;1.2569197e-05;8.1080725e-06;8.355421e-06;9.451096e-06;2.470439e-05;6.5357603e-06;9.408838e-06;1.5419633e-05;3.5460735e-06;2.7683952e-06;3.7411146e-06;2.9803593e-06;2.3866394e-06;2.8676498e-06;3.2411988e-06;2.7754218e-06;3.7584055e-06;3.905458e-06;2.0805182e-06;4.127436e-06;3.6127054e-05;4.6662666e-05;3.4471672e-05;3.9811406e-05;3.2985594e-05;2.7675984e-05;2.7032005e-05;3.30184e-05;4.4183347e-05;2.078097e-05;3.1012773e-05;4.676354e-05;7.084266208865803e-06;1.308963310679553e-05;0.00027631700532891574;7.369996590054728e-05;6.655830800237295e-05;1.4744757180357835e-05;2.0586641728973627e-06;2.8028329204629973e-05;1.8891883833882602e-06;1.8674176395539778e-06;8.471147808072248e-06;4.5394324953887084e-06;0.002131840342946533;0.002993281830701886;0.014789081292617606;0.007236549054831268;0.007822058794588398;0.0030658562815089416;0.0011476577890764286;0.004171837313759436;0.001195268067808413;0.001174631353040658;0.0016115405625709127;0.002053872540184274
04:00:23;88;8.8326615e-06;9.348619e-06;2.6450953262376325e-05;0.0022162402;0.0022678487;0.003496198740866834;0.050170954;0.051715236;0.028032893557635923;9.246253e-06;1.1395131e-05;8.314169e-06;8.4396315e-06;7.2531043e-06;5.319109e-06;6.610543e-06;8.91584e-06;1.4178444e-05;8.093423e-06;1.0132804e-05;8.093538e-06;9.759361e-06;1.2110678e-05;9.214818e-06;9.334417e-06;8.107819e-06;5.6880563e-06;6.766191e-06;9.571428e-06;1.4285001e-05;8.379419e-06;1.0152218e-05;8.814029e-06;2.9663804e-06;2.9400394e-06;2.7724354e-06;2.0901048e-06;2.226162e-06;2.707752e-06;1.7387491e-06;4.9967707e-06;3.7680356e-06;2.8722243e-06;3.5235244e-06;2.1850847e-06;3.7574486e-05;3.1654174e-05;2.779306e-05;3.7621197e-05;2.8786662e-05;2.5514457e-05;1.736149e-05;3.7004287e-05;3.0608917e-05;3.2388187e-05;2.9764422e-05;2.6066635e-05;7.117492054146581e-06;1.620812436889977e-05;0.00012287652045216493;4.726474702247508e-05;6.588573033890732e-05;1.4971309254291357e-05;1.277843790994616e-06;2.701028748567618e-05;1.7447005281162345e-06;1.987552414800543e-06;7.804024718046464e-06;3.2631067199968448e-06;0.002148550417719455;0.0033991153559125046;0.009162395929708704;0.005728493223093997;0.007748430703357773;0.0030676505907824845;0.000934677585178032;0.003956671000441264;0.0011949991837302905;0.0012694049204495252;0.0016214769978666814;0.0017225189821612908
04:03:07;89;8.727039e-06;9.1832735e-06;3.4143592545553946e-05;0.002144117;0.0021862506;0.0037585361692900163;0.037990462;0.038617946;0.030978081172821175;8.093492e-06;1.1648722e-05;1.3035868e-05;8.402203e-06;7.386445e-06;5.8635983e-06;5.2185483e-06;6.296981e-06;1.5949956e-05;5.2381724e-06;1.12894595e-05;6.3010557e-06;8.1064945e-06;1.2527364e-05;1.3821598e-05;8.996755e-06;7.858563e-06;6.032157e-06;5.3874874e-06;6.8835993e-06;1.6669861e-05;5.478637e-06;1.1694133e-05;6.742658e-06;2.902718e-06;2.5462998e-06;3.317407e-06;2.3844611e-06;1.3725786e-06;2.5701008e-06;2.1658052e-06;2.4738426e-06;3.8415205e-06;1.5046476e-06;3.3297604e-06;2.7234134e-06;2.4064864e-05;2.8779488e-05;3.331697e-05;3.4839606e-05;1.9959938e-05;1.9728515e-05;1.7417387e-05;3.1569536e-05;3.674761e-05;2.788079e-05;2.8736316e-05;2.4705707e-05;6.87899380823736e-06;1.1447464970853121e-05;0.00020408884421439598;7.215345024979884e-05;5.9112815578231475e-05;1.214503345940953e-05;1.912513306767184e-06;2.6170951983423073e-05;1.6482153469072571e-06;1.2907376489570007e-06;1.0082929829793081e-05;2.7911601498735064e-06;0.0020595066095725066;0.00279865447560825;0.012640932448317354;0.006999016582102674;0.007312122453065455;0.0028097327707244492;0.0010937828480561333;0.004100212725270085;0.0011631953365691915;0.000989584431034036;0.0015273948786905167;0.0016082984724695363
04:05:50;90;1.0836985e-05;1.1365475e-05;6.111081182390257e-05;0.002378129;0.0024251363;0.004764479568111899;0.03967465;0.03979664;0.043785508555871856;1.2298854e-05;1.21761595e-05;1.5140234e-05;9.4107545e-06;1.3153131e-05;7.6984925e-06;7.5447633e-06;8.678394e-06;1.4050651e-05;7.864037e-06;1.3746172e-05;8.282171e-06;1.2821886e-05;1.3198729e-05;1.6395323e-05;9.999571e-06;1.4175875e-05;7.860036e-06;7.990272e-06;9.27668e-06;1.4810866e-05;7.852041e-06;1.3507624e-05;8.496781e-06;3.943953e-06;2.2493555e-06;2.8844358e-06;2.9838466e-06;2.7968645e-06;3.3441868e-06;1.6741498e-06;4.0043064e-06;3.2943585e-06;3.2679384e-06;4.1575195e-06;2.4884678e-06;4.1941974e-05;3.4988927e-05;3.117978e-05;3.651596e-05;3.8393897e-05;2.501299e-05;1.7164399e-05;3.4958488e-05;3.66574e-05;3.6341342e-05;2.3425067e-05;2.7314612e-05;7.644098121554491e-06;1.181522781643459e-05;0.00047245155282492547;7.466829980546952e-05;8.252214892554625e-05;3.760255661804806e-05;1.5077521673739155e-06;2.9859678123691376e-05;1.919961761585364e-06;1.227989312390764e-06;8.767052319191569e-06;3.343424090619325e-06;0.002334748780945453;0.0028610548660522555;0.020240232994207515;0.007172750413708573;0.008771910639457044;0.005029643409412993;0.0009314316166224095;0.004389057613732068;0.001190925617297975;0.0009498515775699802;0.0015601844260446363;0.0017419628622918958
04:08:34;91;1.3450114e-05;1.3944712e-05;3.5673311249751886e-05;0.0025727293;0.0026131284;0.0038171733518038327;0.04600758;0.0473426;0.03258856378412846;7.3818283e-06;2.8088349e-05;1.0495847e-05;1.113004e-05;2.9772998e-05;8.484816e-06;5.050315e-06;2.6031199e-05;6.109533e-06;8.165833e-06;1.4009256e-05;6.68144e-06;7.915976e-06;2.8777105e-05;1.1286125e-05;1.1859033e-05;3.0386034e-05;8.8678735e-06;4.7790336e-06;2.6707197e-05;6.7695205e-06;8.33326e-06;1.4210019e-05;7.4454165e-06;3.527991e-06;3.7765035e-06;3.6724146e-06;2.9899638e-06;4.1581807e-06;3.6866609e-06;1.5935251e-06;5.665834e-06;2.5684783e-06;3.60377e-06;4.5220922e-06;2.5262018e-06;2.913961e-05;5.52399e-05;3.000137e-05;3.8118127e-05;5.4091906e-05;2.866902e-05;1.5824395e-05;7.2638846e-05;2.20987e-05;3.0570875e-05;3.7264326e-05;2.3606499e-05;5.958569928332971e-06;6.333554684623187e-06;0.00018967165498201644;7.451767500256169e-05;9.390267414047647e-05;1.5551311413763592e-05;1.6565469378286414e-06;2.7606609304066358e-05;1.5225833768464664e-06;1.3074941262813348e-06;7.523420578949985e-06;2.5276405212754984e-06;0.0018837808509516282;0.002167694346315977;0.012172270212522358;0.007097651106818785;0.00935858421280935;0.0029564743196091973;0.000959474612954186;0.004058393178480427;0.0011018663693423858;0.0010095168147463266;0.001538585033887861;0.001501789163207499
04:11:17;92;9.294227e-06;9.730438e-06;5.673135654560434e-05;0.0021845717;0.002227071;0.004565439801239427;0.03640725;0.036872122;0.03927455053559181;6.4746573e-06;1.1109176e-05;1.610251e-05;9.964572e-06;9.299852e-06;9.391234e-06;5.22224e-06;1.2586003e-05;8.694378e-06;4.6435216e-06;1.3256174e-05;4.786388e-06;6.9222924e-06;1.1587303e-05;1.7296134e-05;1.0097993e-05;9.774107e-06;9.4350335e-06;5.611134e-06;1.3172015e-05;9.354909e-06;4.852608e-06;1.3593207e-05;5.068523e-06;2.9005082e-06;2.4327562e-06;2.8703325e-06;3.1904226e-06;2.6240118e-06;3.883394e-06;2.1331377e-06;4.506109e-06;3.1302975e-06;2.4090975e-06;3.1726215e-06;2.2921463e-06;1.6865666e-05;3.4963523e-05;4.2678414e-05;3.275594e-05;2.4844525e-05;2.5854019e-05;1.7159493e-05;4.1415617e-05;2.402958e-05;1.991762e-05;3.8601425e-05;2.2302347e-05;6.872052017563167e-06;8.028120640490914e-06;0.00040299364682546383;0.00012706110704597805;6.317437314874103e-05;1.9690262696913003e-05;1.3595947842396203e-06;3.692862865981746e-05;1.4338846427879447e-06;1.3993810061252391e-06;9.672122335895728e-06;2.1631047432363256e-06;0.002045140016178896;0.0023098800984733717;0.01891084643282541;0.0095954735416919;0.007619003257691499;0.003483253249262529;0.000936572205436575;0.004857713095849473;0.0010635890488421952;0.0010451020115032435;0.0015116102054169988;0.0014070944517010414
04:14:01;93;1.1388442e-05;1.171726e-05;4.298458311608271e-05;0.002390544;0.0024257696;0.00424793812766126;0.051791333;0.05205757;0.028734142643219707;5.7904285e-06;9.462621e-06;1.2346867e-05;1.6050215e-05;7.4366176e-06;8.748e-06;7.97338e-06;1.4711769e-05;3.1904365e-05;1.1015403e-05;5.846139e-06;5.375538e-06;6.135811e-06;1.0341416e-05;1.2974512e-05;1.5916565e-05;7.849707e-06;8.983225e-06;8.007102e-06;1.5332935e-05;3.19019e-05;1.1409483e-05;6.187694e-06;5.5667815e-06;2.5322156e-06;2.8028862e-06;2.9240182e-06;3.0402596e-06;1.8977311e-06;3.4812665e-06;2.3132532e-06;3.354831e-06;4.9612704e-06;3.500447e-06;3.281614e-06;2.6215632e-06;1.9826068e-05;2.915876e-05;3.6696096e-05;4.662578e-05;1.900486e-05;2.9105822e-05;1.6411619e-05;3.950492e-05;4.9515096e-05;4.9114784e-05;2.280741e-05;2.0698426e-05;6.745715933934178e-06;2.1955750923342966e-05;0.0001779510051244995;0.00018758488059947165;5.087404591640378e-05;2.4472965896481618e-05;1.13966587470783e-06;2.9457264503313403e-05;2.25919311430774e-06;2.1403937883691977e-06;8.80250757474215e-06;2.4316081434184353e-06;0.0020137203866843045;0.0040045608929926285;0.011850447280813999;0.012145505800634263;0.006769330860120133;0.003582735854214645;0.0008651412281230453;0.004088181409519167;0.0012379409746198758;0.0013384322043371994;0.0015830752091073408;0.0014961854307685139
04:16:44;94;1.0429009e-05;1.0849841e-05;5.2511411172047845e-05;0.0022641644;0.0022950133;0.004537209611413319;0.035906807;0.036860302;0.038308914584619415;6.6720336e-06;1.3573144e-05;1.0487299e-05;1.0574649e-05;7.095431e-06;6.698009e-06;4.8702946e-06;2.4742358e-05;1.613211e-05;5.9337153e-06;1.2895118e-05;5.473987e-06;6.842719e-06;1.4327613e-05;1.1168637e-05;1.0843059e-05;7.733148e-06;6.9734147e-06;5.109705e-06;2.5900543e-05;1.647495e-05;6.0307566e-06;1.28640095e-05;5.929538e-06;3.2118826e-06;3.340796e-06;2.860867e-06;2.9276441e-06;2.2145018e-06;2.5524316e-06;1.9875474e-06;7.637528e-06;3.7865775e-06;2.2047218e-06;3.6917356e-06;2.4110905e-06;2.0475989e-05;4.0834217e-05;3.0913285e-05;3.5218574e-05;2.7217358e-05;2.2758793e-05;1.522591e-05;5.573218e-05;3.424651e-05;1.7479782e-05;3.1962518e-05;1.8232367e-05;7.5637297164668565e-06;2.0471136765890853e-05;0.0003779785749664665;7.837795988713275e-05;4.244684187138957e-05;4.859974222852094e-05;2.1723130628916984e-06;3.8841333670490255e-05;1.6745521570510168e-06;1.278905574000418e-06;8.601904524291796e-06;2.1299396399813872e-06;0.002210044086915328;0.0038581084646284567;0.01805661472401967;0.007478765065300211;0.006088951321541355;0.005725813784777394;0.0010838920144432382;0.004939757625752971;0.0011678109689910966;0.0009655293180675403;0.0014716398401606098;0.001399588122361953
04:19:28;95;8.039888e-06;8.504366e-06;6.582432534782554e-05;0.0020902501;0.0021350689;0.005074674206887603;0.041036695;0.042338002;0.043844578212616094;4.216424e-06;1.1678106e-05;9.577239e-06;1.1709391e-05;8.987693e-06;5.2671876e-06;6.0818493e-06;9.7500615e-06;8.990567e-06;4.097302e-06;8.818258e-06;7.304527e-06;4.4999038e-06;1.24996905e-05;1.0244219e-05;1.2266619e-05;9.670947e-06;5.6726817e-06;6.0667326e-06;1.0210709e-05;9.506975e-06;4.3245136e-06;8.980931e-06;8.108464e-06;2.254302e-06;2.4494525e-06;2.7766825e-06;3.2268665e-06;2.3927635e-06;2.4876567e-06;2.1665855e-06;3.5871112e-06;2.8526401e-06;2.2901081e-06;3.0755855e-06;2.4456451e-06;1.7504639e-05;4.2166455e-05;3.1613665e-05;4.0079918e-05;3.3540815e-05;2.5927084e-05;2.0743397e-05;3.8726143e-05;2.9732735e-05;1.9138417e-05;2.8294598e-05;2.5617594e-05;7.306352886126281e-06;2.9233150914465704e-05;0.00041238893662724324;0.0002057493165518669;6.063342111759024e-05;3.439988674951383e-05;1.8706385041815633e-06;2.5273105177813612e-05;1.616284976647047e-06;1.2254792006121927e-06;8.079065559595537e-06;2.1162659082504053e-06;0.0020514438556552663;0.004688729925290114;0.019116598991940657;0.01265476469979054;0.0073787629059811205;0.005034732421682923;0.00101362152309952;0.003937676701426689;0.0011392960248583156;0.0009885069571344595;0.001505764995657316;0.0013861914801343185
04:22:11;96;8.114372e-06;8.536785e-06;5.144319909345691e-05;0.00210044;0.0021455782;0.004516532445755952;0.034687098;0.035707027;0.038991312171162806;6.701179e-06;9.446083e-06;9.692567e-06;1.2662979e-05;6.227063e-06;6.732247e-06;5.7824705e-06;1.0952066e-05;8.469901e-06;8.623827e-06;7.420223e-06;4.6618347e-06;7.002344e-06;1.0262464e-05;1.0521579e-05;1.2964674e-05;6.7638907e-06;7.1427794e-06;6.0077955e-06;1.1421487e-05;8.82299e-06;8.869503e-06;7.4624677e-06;5.1994125e-06;2.7700896e-06;2.695067e-06;2.9720254e-06;3.114348e-06;2.642592e-06;2.5046443e-06;2.3686423e-06;3.4839675e-06;3.207591e-06;2.458832e-06;2.5760012e-06;2.5062586e-06;2.6727746e-05;2.6563643e-05;3.0132529e-05;4.7522248e-05;2.6096597e-05;3.0412415e-05;1.8790892e-05;3.9459606e-05;2.7027614e-05;2.8984363e-05;2.4157114e-05;2.1548665e-05;6.665774172345291e-06;2.2054078758209958e-05;0.0003203939605980782;0.00014089952806011508;4.894639570939294e-05;3.209990473387851e-05;1.8498312512633947e-06;3.07460695777432e-05;1.6057082087991282e-06;1.1798962824065006e-06;8.651306910611467e-06;2.2259348586391374e-06;0.0020552860418380035;0.0040558534270016145;0.016579336064908558;0.010248939941087514;0.006594495122418626;0.00438943648142059;0.0009865953081469165;0.0043033265282399966;0.0011445708882722367;0.0009496093522802724;0.0014821079988895753;0.0014088321945675444
04:24:55;97;9.802271e-06;1.0193372e-05;8.150504065840919e-05;0.002249;0.0022846411;0.0054257897013110295;0.03851767;0.03914585;0.0486677366395987;6.574699e-06;1.01770775e-05;1.6397034e-05;1.6692413e-05;8.915336e-06;5.652492e-06;1.0700656e-05;8.867863e-06;1.2416459e-05;6.6724697e-06;8.913987e-06;5.6468284e-06;6.7488863e-06;1.0585895e-05;1.7226168e-05;1.647417e-05;9.712722e-06;5.900758e-06;1.0900053e-05;9.700137e-06;1.2767539e-05;6.952032e-06;9.188918e-06;6.1631554e-06;2.896996e-06;2.6892299e-06;4.2318948e-06;3.6819606e-06;2.4471565e-06;2.434931e-06;2.1353085e-06;3.0733086e-06;3.6631945e-06;2.649084e-06;3.5876412e-06;2.1721012e-06;1.6543134e-05;2.8290011e-05;5.0436975e-05;4.9260165e-05;3.110307e-05;2.7000515e-05;1.42896115e-05;3.58358e-05;2.875962e-05;2.8588689e-05;2.8037332e-05;2.5592644e-05;6.967255168150516e-06;2.2390035073462703e-05;0.0005445031169909344;0.0002836551218329315;5.23658791121272e-05;2.2362627041431118e-05;2.0960133352211265e-06;2.788569621591455e-05;1.7200886546408433e-06;1.1648076580960104e-06;8.921161356700325e-06;4.028685461299517e-06;0.002106472456182649;0.004153311577675546;0.022015762371842447;0.015335148305400483;0.006848409982098313;0.0037524567994130123;0.00110318695459424;0.004212274530549285;0.001159227002312134;0.0009200980193095234;0.0015984741423415336;0.001904654274013166
04:27:38;98;7.073971e-06;7.500469e-06;4.117543164687259e-05;0.0019772563;0.0020236191;0.004090047208146509;0.0372972;0.038419727;0.03589812186168479;7.681056e-06;8.528151e-06;8.913625e-06;9.974496e-06;5.3169947e-06;5.8268597e-06;5.951391e-06;7.5983335e-06;8.6753535e-06;5.299413e-06;7.154239e-06;3.967731e-06;8.194774e-06;8.98391e-06;9.8458995e-06;1.0377576e-05;5.6818853e-06;6.285739e-06;5.928204e-06;8.156496e-06;9.52124e-06;5.552347e-06;7.2156663e-06;4.2619035e-06;3.3695476e-06;2.4843648e-06;2.742468e-06;2.825188e-06;2.118503e-06;2.606975e-06;1.2264176e-06;2.7947765e-06;2.8715492e-06;2.9645673e-06;2.1191793e-06;2.1496144e-06;3.3257158e-05;2.7825667e-05;2.5871133e-05;3.890048e-05;1.9779425e-05;2.8058497e-05;1.1824821e-05;3.7781967e-05;4.3622145e-05;3.347678e-05;2.1981106e-05;1.554421e-05;6.7416130313568324e-06;1.65572108357151e-05;0.00025437709756108044;9.968436510055205e-05;5.302132825909798e-05;2.2257266333560106e-05;1.2426856263434743e-06;2.6873753624727763e-05;1.561265919984506e-06;1.0088216094190244e-06;8.049580047798107e-06;2.7301918128356523e-06;0.002030031753740296;0.003362738072217963;0.014592173087306131;0.008458064954337189;0.006911078814716966;0.003714182281903016;0.0008371734891086814;0.004120673437450626;0.0011199603016601829;0.0008746413709323216;0.0014988169225069077;0.0015610320118778363
04:30:22;99;7.25791e-06;7.720888e-06;6.612845986055267e-05;0.0019692623;0.0020200268;0.0048937405145273736;0.033759575;0.034508765;0.04373710958431424;4.666614e-06;1.1631265e-05;9.183426e-06;1.196395e-05;7.156589e-06;5.190874e-06;3.6504728e-06;9.607171e-06;6.287742e-06;7.188808e-06;6.2316694e-06;4.3363198e-06;4.9716346e-06;1.2443077e-05;9.905121e-06;1.2410848e-05;7.7564255e-06;5.5004807e-06;3.8386856e-06;1.0113936e-05;6.9503108e-06;7.646232e-06;6.444015e-06;4.6699006e-06;2.8493075e-06;2.7840506e-06;2.6506577e-06;3.1537456e-06;2.1008639e-06;2.3753687e-06;1.7086662e-06;3.7164618e-06;2.5767e-06;3.5291032e-06;2.2088577e-06;2.040334e-06;1.5967147e-05;3.9151917e-05;2.8308094e-05;4.0319737e-05;2.4831812e-05;2.231733e-05;1.948544e-05;3.744954e-05;2.8028398e-05;2.7982755e-05;2.6488147e-05;1.9703877e-05;7.037325089473159e-06;1.1406053167743727e-05;0.0004924632567992892;0.00014047272211153733;7.824752443152955e-05;2.087320232674778e-05;2.690951771690169e-06;2.6198681251981245e-05;1.7178143828602617e-06;1.8725844138704e-06;8.40533624619985e-06;2.1560663337093483e-06;0.0019070306613677888;0.0028172839048068695;0.02073890198905293;0.010477160372857643;0.008535623109547379;0.003660782465888416;0.001209937405679375;0.004108344203467685;0.0011725213708401454;0.0011852647824848943;0.0014899146094838743;0.0014221212988514908
04:33:05;100;9.356106e-06;9.806575e-06;3.844890920068134e-05;0.0021750035;0.0022188488;0.004052455287873819;0.047664467;0.04880623;0.03386236737876421;4.8552383e-06;8.31714e-06;9.265632e-06;1.2503351e-05;7.2620905e-06;7.8093335e-06;6.0194307e-06;7.762881e-06;2.6823614e-05;6.788199e-06;9.917633e-06;4.9487476e-06;5.074645e-06;9.162884e-06;1.0189038e-05;1.2863854e-05;7.763398e-06;8.329973e-06;5.9563686e-06;8.362036e-06;2.7070675e-05;7.0433757e-06;1.0431326e-05;5.4313123e-06;2.6387004e-06;2.1684853e-06;2.9590472e-06;3.3560177e-06;2.009906e-06;3.1700836e-06;1.6104996e-06;3.455951e-06;4.3451473e-06;2.5080603e-06;3.4612897e-06;2.3211244e-06;2.0302758e-05;2.8610208e-05;2.9712468e-05;3.356729e-05;2.5117417e-05;3.0061794e-05;1.2648428e-05;2.8622217e-05;4.5365476e-05;2.6339654e-05;3.2309712e-05;2.086245e-05;7.279673483564059e-06;1.777660063943763e-05;0.0002133379864878286;9.647952774569818e-05;5.46049945877607e-05;3.097757472366281e-05;3.0328700862135124e-06;2.3504343293404436e-05;1.709752039182763e-06;1.709187482492799e-06;8.884915975635906e-06;2.0894838632946845e-06;0.0019861193896248573;0.003631454011561666;0.013459189645546231;0.007989713170479348;0.007034571613132865;0.004412914832367951;0.00110284532456;0.0038306518563932593;0.0011519172209496725;0.0011510843534158857;0.0014846606092572935;0.0013943414271968167
04:35:49;101;7.956769e-06;8.351577e-06;3.7819430706253274e-05;0.0020230974;0.0020699897;0.004035706682834863;0.037642896;0.038793243;0.03480053867244157;5.1044426e-06;1.0810934e-05;1.2068242e-05;1.4482094e-05;5.677793e-06;9.398405e-06;4.8008787e-06;6.8241734e-06;6.1876626e-06;8.388063e-06;6.896069e-06;4.8425477e-06;5.5557684e-06;1.1192377e-05;1.2729711e-05;1.4232989e-05;6.118451e-06;9.846603e-06;4.8950624e-06;7.402995e-06;6.793357e-06;8.787902e-06;7.346555e-06;5.31716e-06;2.7177111e-06;2.8338907e-06;2.8021452e-06;2.7557653e-06;1.8490601e-06;2.2871895e-06;1.3486315e-06;2.6653122e-06;2.4213375e-06;3.1590287e-06;3.327268e-06;2.3143639e-06;2.0196663e-05;3.350784e-05;2.9637928e-05;4.4582128e-05;1.9918707e-05;3.636165e-05;1.4826121e-05;3.990366e-05;2.9480008e-05;2.6143032e-05;2.0765265e-05;2.029137e-05;6.122120820002195e-06;1.8115126931593324e-05;0.00018636364804187295;0.000128929023404765;6.020017747677123e-05;1.203259317498076e-05;1.726778591893986e-06;2.7357100412986214e-05;1.4810732449979382e-06;1.435969702020244e-06;7.009980486876812e-06;3.0595761862786884e-06;0.0019416997656862187;0.003713125017975887;0.012662523231273733;0.009660295881440002;0.0073600954410847205;0.002708336550169965;0.0009286949265725542;0.004116915295509304;0.0010724818399153286;0.0010659824420993283;0.0015292701698090062;0.001669059632482325
04:38:32;102;7.839583e-06;8.238056e-06;4.7138921375392244e-05;0.0020614553;0.002106537;0.004308184386391621;0.033661988;0.034412146;0.037575341322334976;5.779449e-06;8.39234e-06;1.1522629e-05;8.9386995e-06;8.760502e-06;3.7997831e-06;1.4472745e-05;6.9072835e-06;5.850909e-06;5.4052734e-06;7.936713e-06;6.3086954e-06;6.2526706e-06;9.249446e-06;1.2289202e-05;9.179863e-06;9.311851e-06;4.187038e-06;1.43935e-05;7.5120406e-06;6.342538e-06;5.586548e-06;7.8965e-06;6.655479e-06;2.7730932e-06;2.1453566e-06;3.7216637e-06;2.601984e-06;2.4833416e-06;1.9592335e-06;2.248202e-06;3.4849468e-06;2.4138951e-06;2.8316354e-06;2.514477e-06;2.7366216e-06;2.5697653e-05;3.100499e-05;3.115966e-05;3.5357083e-05;3.2979646e-05;2.2410619e-05;2.1940145e-05;2.9370025e-05;2.8789047e-05;2.9840752e-05;2.2523724e-05;2.7765003e-05;6.1573330596043945e-06;1.4291817973893222e-05;0.00029907343119045055;0.00012371560138788604;6.568538406673396e-05;1.5663089055776993e-05;1.4299504426328542e-06;2.6034807291304523e-05;1.5734127923010555e-06;1.4057267753781174e-06;8.177681992063293e-06;2.4588204766820223e-06;0.0018855801406339177;0.003185844695404534;0.016189339603156574;0.009578884592933993;0.0077141380611102945;0.003061428965491857;0.0008916187961449529;0.004044813463838045;0.0011422868608292646;0.001045700621877501;0.001453446548075483;0.001505130287203029
04:41:16;103;1.0916222e-05;1.1355432e-05;6.730754335898327e-05;0.0023553187;0.0023926615;0.005125945637867658;0.042186677;0.043166563;0.047632017256545034;4.6139185e-06;8.844011e-06;7.949099e-06;1.4240404e-05;1.7698332e-05;1.4340559e-05;6.470763e-06;2.2715862e-05;1.1799247e-05;7.806063e-06;8.400131e-06;6.1162054e-06;5.0293124e-06;9.629634e-06;8.758581e-06;1.46014645e-05;1.8242843e-05;1.5381895e-05;6.5009212e-06;2.2843677e-05;1.1986456e-05;8.157341e-06;8.7003855e-06;6.4326737e-06;2.7225744e-06;2.833219e-06;3.1351901e-06;2.9338985e-06;3.1574589e-06;5.8331743e-06;1.7643194e-06;5.348159e-06;2.7190063e-06;2.3686118e-06;3.583479e-06;2.6829416e-06;2.3940527e-05;3.4742432e-05;2.7666796e-05;5.052765e-05;4.239208e-05;4.0255185e-05;1.5951366e-05;5.2573447e-05;3.058537e-05;2.6810156e-05;3.244694e-05;2.8317872e-05;6.361656078424943e-06;1.62638780655199e-05;0.0004319036225032219;0.00019454160346466992;7.37144051581193e-05;3.8758368534586295e-05;1.4740448145428085e-06;3.099245860626824e-05;1.4544763876137846e-06;1.4527118860369277e-06;7.321376038982424e-06;3.4519187698128803e-06;0.0020102738326369988;0.0033838962476791393;0.019517742794315982;0.012589255492607273;0.008237746126029824;0.00513895261299047;0.000903317601417714;0.004114597799542656;0.0010736066436690345;0.0010555689442721076;0.001692708960245931;0.001793680599004757
04:44:06;104;8.75787e-06;9.103562e-06;4.2112228035264255e-05;0.0021009392;0.0021430068;0.004097208969915339;0.0430227;0.04374548;0.03371697856621062;8.1525195e-06;8.42763e-06;7.554672e-06;8.843106e-06;6.3304255e-06;8.220684e-06;4.8353772e-06;7.5639823e-06;2.9606905e-05;3.7742202e-06;7.0977085e-06;4.6872037e-06;8.901399e-06;9.3004e-06;8.29701e-06;9.166839e-06;6.828045e-06;8.249355e-06;5.0605877e-06;7.8895555e-06;2.9372668e-05;3.8900525e-06;7.124038e-06;5.1628e-06;3.466487e-06;2.1698952e-06;2.341884e-06;2.7350254e-06;1.6893295e-06;2.611316e-06;1.9553484e-06;3.1379036e-06;4.157834e-06;1.6173309e-06;3.854392e-06;2.2986014e-06;2.8008026e-05;2.8577228e-05;2.5464851e-05;3.187966e-05;2.3784547e-05;2.598485e-05;1.569669e-05;3.216048e-05;4.6927868e-05;1.7374812e-05;2.6069563e-05;2.053651e-05;7.248821054777047e-06;1.3063771351269892e-05;0.0002465730551523502;0.00012472490549581407;5.605427292882867e-05;1.1894967908376969e-05;1.8642675849926614e-06;2.9531512838250906e-05;1.5327631797254984e-06;1.456308085322197e-06;8.59419088702541e-06;2.807899956437484e-06;0.0020174966821492448;0.003054633908228176;0.014466906930179125;0.009358680075052674;0.0071237209869798555;0.002551154138779311;0.0010368768256134922;0.0043016288810193825;0.0011029866672189134;0.0010571002373926167;0.001491239939715213;0.0016040823666560577
04:46:55;105;8.781798e-06;9.2095215e-06;2.352276440731687e-05;0.0021364377;0.0021832304;0.003297248340292637;0.03371415;0.034431975;0.02084434559534879;5.9093995e-06;1.0486653e-05;9.892086e-06;9.269479e-06;9.359645e-06;4.4720746e-06;1.6264246e-05;1.0290395e-05;1.1753728e-05;7.677342e-06;5.4380184e-06;4.568504e-06;6.4560127e-06;1.16043075e-05;1.0545101e-05;9.546051e-06;9.770059e-06;4.9615487e-06;1.6142132e-05;1.0908218e-05;1.2144246e-05;7.711034e-06;5.75171e-06;4.9738646e-06;2.5974218e-06;3.7770565e-06;2.4286996e-06;2.197268e-06;2.4695753e-06;2.0803525e-06;2.6013736e-06;4.5018433e-06;3.1138193e-06;3.833984e-06;3.0177393e-06;1.976497e-06;2.4199288e-05;4.0920295e-05;3.130346e-05;3.4876088e-05;3.1336684e-05;2.2047527e-05;2.0451389e-05;3.4963305e-05;2.9556104e-05;2.4363231e-05;1.7998835e-05;2.0120131e-05;7.208676328441649e-06;2.842661334421682e-05;8.788495493703326e-05;4.4503857316190116e-05;6.331917971274682e-05;1.0118109792542791e-05;1.1530769928780356e-06;2.6688931354063336e-05;2.1232335753464714e-06;1.2326815544558908e-06;7.4777515341220926e-06;2.136106445765122e-06;0.0020544732561380403;0.004829590427330353;0.007227146883127159;0.005567829396457572;0.007586034060315026;0.002635106441124181;0.0008048418665463786;0.003919230106014123;0.0011939198857116536;0.0009013503602683179;0.0014537968041568356;0.0013936605963219956
