Time;Epoch;Train Loss;Test Loss;Exp_Diff;Train_1;Train_2;Train_3;Train_4;Train_5;Train_6;Train_7;Train_8;Train_9;Train_10;Train_11;Train_12;Test_1;Test_2;Test_3;Test_4;Test_5;Test_6;Test_7;Test_8;Test_9;Test_10;Test_11;Test_12;Exp_1;Exp_2;Exp_3;Exp_4;Exp_5;Exp_6;Exp_7;Exp_8;Exp_9;Exp_10;Exp_11;Exp_12
00:00:06;1;0.00040860799502049554;0.000405703365870551;0.00038341418408815124;0.00040052596430293556;0.00040000500009475877;0.00047973644524807406;0.0005386369194556293;0.0004886767906927245;0.0004007321123357211;0.00019605383257922685;0.00043229133106334217;0.0004348911833899778;0.0002515038488581922;0.0005575942142389646;0.0003226481899425628;0.0003994958253453568;0.0003983668896039547;0.00046526745169517833;0.0005511626195239162;0.0004856592689676187;0.00038298042553706874;0.00019648555333540434;0.0004312380922875733;0.0004364505253254754;0.0002552327671223851;0.0005355821668223443;0.0003305187038458365;0.00013953200313098253;6.295785476361608e-05;0.0018335230317771112;0.0010778757417390045;0.00013984838518953818;0.0004018039172045209;7.182156576250942e-05;7.238844787995965e-05;0.0004069965807284017;0.00012238814816409744;0.0001454914044981741;0.00012634312821990126
00:00:12;2;0.00024780531510838375;0.00024685182069322163;0.00024391228020377708;0.00024311523221017111;0.00032100906183917357;0.0003034108680243331;0.00024149164594498208;0.0002621325804325765;0.00021520483984328496;0.00020927979870645106;0.0002585263994412592;0.0003110605099436725;0.00019208693996378398;0.0002538056105549913;0.00016254020113137813;0.0002358331370073123;0.00032540292610249284;0.00029759440730219776;0.000247698248683805;0.0002592652188790844;0.00021182660833502165;0.00020860623983854924;0.00025991358904056016;0.0003114884333903135;0.0001928925242892443;0.0002510035491572056;0.0001606968707844167;6.358970122084492e-05;4.90718316047316e-05;0.0009455001707940306;0.00047643607978040576;0.00014341922415270558;0.0007341862264942407;7.384454102220636e-05;8.62242510750317e-05;0.0001252880478954134;6.531645235177395e-05;6.547806514407591e-05;9.859277090986511e-05
00:00:19;3;0.0002616130109138546;0.0002619931269864422;0.0003095980341251097;0.00019670926441118684;0.0003381779734933265;0.00023884035929520243;0.00018491817519878333;0.0005909425505334101;0.00022100821319203203;0.00016320543471176114;0.0003834866429522001;0.00022043562242660383;0.0001277882220320366;0.00034466480786415394;0.0001291787611679948;0.00018630011949932816;0.0003451201044276498;0.00023865521203172453;0.00019074007912975134;0.0005979869485968323;0.0002155992993790232;0.00016414117594131658;0.0003787896922300275;0.00022239487598314174;0.00012970880704380784;0.00034018103759057963;0.00013430005345048523;8.141524843695347e-05;4.2434919967609044e-05;0.0017053669270500882;0.0007319393262003723;0.00013839352944401933;0.0006005383474058907;4.9823212588172225e-05;4.7988218443040907e-05;0.00014983298372654515;5.181105778484192e-05;3.217133948332018e-05;8.346129897046379e-05
00:00:25;4;0.0001882367857268202;0.0001874653328890924;0.00021630170393553997;0.00013553654256074051;0.00019134843043130704;0.0002289066619182863;0.0001719944297168364;0.00018386368393211424;0.00022000393470410597;0.00015001176598161692;0.00019113565266789837;0.00034585123832832983;0.00010981539626506922;0.0002048765622827308;0.00012549707013352997;0.00013735230053889955;0.0001939772871393663;0.0002270134037310446;0.0001762881258884268;0.00017954643399092145;0.00021312221176657072;0.00014700652472232764;0.00018721286084390942;0.0003484894668527207;0.00010861917220194576;0.00020220657535003427;0.00012874957113276247;9.176443483770004e-05;3.6018663221194014e-05;0.0008166810551775437;0.0004968244424218523;9.308177678212517e-05;0.0007200966555515483;6.199640197767781e-05;5.7134465113656986e-05;8.42137188288724e-05;4.619211593555662e-05;3.137015377538012e-05;6.0246563603372365e-05
00:00:32;5;0.00015659094099811972;0.00015567160540118908;0.00066812071381384;0.00010583918941103383;0.00019992990397358054;0.00024977226051057437;0.00015549060981356888;0.00012739379073164773;0.00012708186112707733;8.3057230690222e-05;0.00019258714000484773;0.00015831044267790938;8.498895192071194e-05;0.00026275008163297156;0.0001318897680200528;0.00010571188364867592;0.00020552300730177872;0.00024824847759755586;0.00015416495784560124;0.00012351787108279576;0.00012556864716822895;8.320341952685916e-05;0.00018934002923454995;0.00016040851150586304;8.372716289573597e-05;0.00025732804213568;0.00013131718584144772;0.00010060222096922332;2.8596260679188934e-05;0.004310916087238036;0.0028394426174180886;6.834988586345691e-05;0.0003432797206252633;3.249046385377002e-05;8.07529183053634e-05;0.00010230297243939862;3.243386891568642e-05;2.415799052342345e-05;5.412355893518308e-05
00:00:38;6;0.00014658360794328473;0.00014458277245800753;0.00013502004841016676;0.00021567585642659733;0.0001388514931684106;0.00016798683064032295;0.0001582545729971488;0.00011316337030497049;0.00011362665826585395;8.927235955979995e-05;0.00023909094995195284;0.00020002547926816823;9.959648068305879e-05;0.00010788914886978256;0.00011557003737876089;0.00020938242057668446;0.000142085565072838;0.00016568666532167082;0.00016068895896336749;0.00011222497267203547;0.00011080035149956806;8.896285528206573e-05;0.00023196951215025745;0.00018875228658854915;0.00010027331071670014;0.00010738625004003413;0.00011678006475322727;8.462014469514873e-05;3.410550709303957e-05;0.0004283048701747926;0.00025266746925491746;0.00012793554813620683;0.00041362164127044254;3.837206519271204e-05;6.99417935983748e-05;6.654891293337137e-05;2.9964776450231922e-05;2.2119659246722983e-05;5.203819287603987e-05
00:00:45;7;0.00010811182635899803;0.00010852239404501441;0.0002504942323574111;8.080353521997743e-05;0.00016914248867165455;0.00013947393863004848;9.943267906464826e-05;0.00011898778490665956;9.19535137417039e-05;9.721854542021902e-05;0.00013039990544298647;0.00012789912757811678;7.058633340503465e-05;9.719687458507245e-05;7.424715770102094e-05;8.057773415709528e-05;0.0001737460984201524;0.00013867372127848124;0.00010127375986208974;0.00011492995156602981;9.097162823124989e-05;9.852937263174312e-05;0.0001322873701345871;0.00012941516993296204;6.898998281376177e-05;9.757335269396324e-05;7.530056319422018e-05;7.728840287947752e-05;2.4912580966216464e-05;0.0015578911599726;0.0007559557804681142;9.764124333513401e-05;0.00023025528582602266;3.343351927592443e-05;5.593961744955705e-05;7.56303737391825e-05;2.5060521243995344e-05;2.23708824256182e-05;4.955142070709165e-05
00:00:51;8;0.0001255794848124093;0.00012650306773507566;0.00024813967289976285;7.381041797316357e-05;0.00019660730970372242;0.00019322876146981633;0.00010156566583480691;9.316464491927367e-05;9.233116496819672e-05;7.320770627281739e-05;0.0001334337043875745;0.0001208230099998466;0.00010673136531832742;0.0002237531686288011;9.82968485810819e-05;7.116479021452863e-05;0.00020145139892002026;0.00019659709063420496;0.0001043979762102878;9.358910793258773e-05;9.065573672908417e-05;7.341594414644038e-05;0.00013041022731745733;0.00012479187763013135;0.00010825110913646301;0.00022215512452228585;0.00010115638236394388;8.101947097491763e-05;3.517262699954557e-05;0.0010312531505278473;0.0010534406499196369;0.00012300407767034478;0.00043342957687177077;3.972592137663042e-05;5.3433767869303517e-05;4.015229171319569e-05;2.4756545044694797e-05;1.671812059981564e-05;4.5569875229450563e-05
00:00:57;9;0.00010168261642527135;0.00010224526718220543;0.0005232144515601682;6.779589027287743e-05;0.0001215760155342981;0.00023121946153217075;8.770375467292979e-05;7.774576686808194e-05;0.00010784790084079015;6.004144218898298e-05;0.00010413180820540384;0.00014941733062104586;5.6606285346044224e-05;8.400490849102094e-05;7.210080223723543e-05;6.585663343489441e-05;0.00012585897988910916;0.00023325535290450141;8.750587028172751e-05;7.867815781272711e-05;0.00010330189344372977;6.05567507545281e-05;0.00010486474685087989;0.00015084084570614174;5.8592297965690164e-05;8.378330616485269e-05;7.384834385401852e-05;7.73020466633111e-05;2.3318819264213984e-05;0.003981710508656667;0.0018543428755770537;8.182917896112427e-05;6.58010748405527e-05;1.8922037579626923e-05;5.0543353733240975e-05;3.843108590996734e-05;1.740700201115241e-05;1.7516209311201583e-05;5.144922621390629e-05
00:01:04;10;9.461203424879469e-05;9.639367470046199e-05;0.0005355173113004052;5.914165789342653e-05;0.00011539940624061273;0.00010205707069003851;0.00013234919381168518;8.607765836772656e-05;7.419547138583353e-05;5.2838021875087094e-05;9.726487750909159e-05;0.0001512570092617435;7.297553429969577e-05;0.00013575553473608372;5.603294356019846e-05;5.866619125575923e-05;0.00011895760782195632;0.00010333822045808281;0.00013643815382929;8.649714192547953e-05;7.592835846722503e-05;5.332903135781577e-05;9.871907789176154e-05;0.00015446074679788626;7.484613322244686e-05;0.0001384942937690965;5.704911911633172e-05;5.6777969984736394e-05;3.063010373198742e-05;0.0025272284260943884;0.0031444916063709614;7.21075784637799e-05;0.00043570392481928215;1.9011957278505208e-05;4.550296601664272e-05;2.960875169287164e-05;1.386762340156508e-05;1.4450871126647417e-05;3.682595662349276e-05
00:01:10;11;9.284988861550532e-05;9.390170572847245e-05;0.00016823812642419896;6.275591406599482e-05;9.460841315765059e-05;0.00010845886274844155;7.625210896962513e-05;9.758625979698495e-05;6.67211234237832e-05;7.115576502511348e-05;0.00013719525338729;0.0002087734475046752;6.587628313199771e-05;6.905679943387936e-05;5.575840548937611e-05;6.173045481842518e-05;9.903751123590465e-05;0.0001080099946769143;7.758448905233424e-05;9.79475417473542e-05;6.629611628720997e-05;7.286587488930377e-05;0.0001371538315721363;0.00020920433884315617;6.767151307364737e-05;7.09715028808458e-05;5.834727129741289e-05;5.910914533069888e-05;3.101546779373547e-05;0.0006271261225539775;0.000766485758247925;9.17042129219971e-05;0.0002677115319619449;1.896122951268674e-05;5.626302024067532e-05;2.7974697882961188e-05;1.3217810925512447e-05;1.6913547249561814e-05;4.2374972468711655e-05
00:01:17;12;7.45787550303331e-05;7.507838284864999e-05;0.00020354365110580134;5.1102501518326705e-05;0.00014880832158971978;0.00010096976393469959;6.513215484718867e-05;5.920212962512944e-05;6.0049892547133574e-05;5.276204899473669e-05;8.725268063161903e-05;0.0001166964503805833;4.26976715873066e-05;5.9747520530415635e-05;5.0523896344533235e-05;5.020215532475717e-05;0.00015390792966944082;0.00010239826463740555;6.666576325498474e-05;6.01521293637107e-05;5.925566410606055e-05;5.2839558255855775e-05;8.654627655934885e-05;0.00011722390258852746;4.217374868248147e-05;5.8668651174137935e-05;5.0906519252840795e-05;6.368528384071097e-05;3.2668647090616374e-05;0.0012740476709279306;0.0007466818862808664;7.818908246646126e-05;8.002745695411663e-05;2.2126093273880964e-05;4.850403587396157e-05;3.563877111015334e-05;1.1162001513621315e-05;1.3602049384633284e-05;3.619083455266311e-05
00:01:23;13;8.012073256354184e-05;8.110699486621078e-05;0.00012834609370869585;8.058414038652535e-05;9.451000329880281e-05;8.767621311666186e-05;7.051859056032713e-05;6.066640832035443e-05;5.5246898922818715e-05;7.653476744322192e-05;0.00014966853631325318;9.277858087195703e-05;6.595442452159908e-05;5.651000141039152e-05;7.080019741000466e-05;7.999864589427361e-05;9.77483547633054e-05;9.060251917778456e-05;7.21011527252525e-05;6.134279449068782e-05;5.376903255303579e-05;7.616522012954826e-05;0.00014504273952562597;9.613617160689097e-05;7.038659375983207e-05;5.745706000163432e-05;7.253363048819872e-05;5.192524379015816e-05;2.269771934581343e-05;0.0006603784360373592;0.00042822938599628075;8.478169885101566e-05;0.00012471086496245267;1.8891110104100678e-05;4.3438947212292725e-05;4.1450744363034025e-05;9.683354553557366e-06;1.3324959849356225e-05;4.064065943892938e-05
00:01:29;14;6.956253055663679e-05;7.082232774406247e-05;0.0002114996058635316;4.964919676550298e-05;8.231505783710831e-05;0.00010924315697283501;7.986256941773139e-05;8.250482361724856e-05;7.06403931551656e-05;4.293774904598732e-05;9.03020209751627e-05;7.83098839695578e-05;3.7526103338595106e-05;5.562310090050976e-05;5.583628202740246e-05;4.9162112720549415e-05;8.646984032209361e-05;0.00010929328313574808;8.031492279194106e-05;8.432573198246522e-05;7.093860924352975e-05;4.4208745219040354e-05;9.052472141544817e-05;8.076590133493448e-05;3.9653473794703443e-05;5.733791490629186e-05;5.687264550758726e-05;4.9326918641413856e-05;2.2189448526646946e-05;0.0013640673387798554;0.0007605806218218174;8.567907834248145e-05;9.057690944473604e-05;1.4329166348454029e-05;5.9895570492915503e-05;2.8801738392111866e-05;1.0676410534325587e-05;1.3489796212398677e-05;3.8382272825222374e-05
00:01:35;15;6.32954883392565e-05;6.425457947063731e-05;0.0001744470296768516;3.955069177860341e-05;9.155832300807147e-05;7.374559134053594e-05;7.797828271288216e-05;7.762283166812267e-05;4.7258724151788556e-05;4.6628389952729776e-05;9.620085366309054e-05;7.164959479992335e-05;4.421971992097827e-05;4.747239014787655e-05;4.566044135210425e-05;3.86559669682874e-05;9.306307645924272e-05;7.627486715298087e-05;8.128533821186062e-05;8.022616716113555e-05;4.720243641368373e-05;4.621529432704018e-05;9.438899456953653e-05;7.399278957230228e-05;4.580107306998188e-05;4.708349794632744e-05;4.686542211580857e-05;4.723269334239098e-05;2.7073616839207367e-05;0.00098581763596737;0.0006831734119935558;9.39335383449835e-05;0.00010361535371529439;1.904359552248648e-05;4.0541874079176006e-05;2.8910354750666965e-05;8.293315312070235e-06;1.3269365563678878e-05;4.245960069133827e-05
00:01:41;16;6.076468287636255e-05;6.239893324002682e-05;0.00020928750424985214;6.112742023457362e-05;7.621433561088121e-05;7.636656416500706e-05;6.456633107890494e-05;4.3572224853960506e-05;6.38476371829132e-05;5.237580084708911e-05;7.216631564171456e-05;7.598147327185374e-05;3.9311133755084235e-05;4.351483230700317e-05;6.013210139599323e-05;6.12062402622173e-05;7.880699586512262e-05;7.785681741609816e-05;6.700573642693956e-05;4.5583036152021135e-05;6.295708613212315e-05;5.477827091707223e-05;7.307816191268436e-05;7.903448858075845e-05;4.160868807451186e-05;4.5733125388542706e-05;6.11385251351196e-05;3.391942610803285e-05;2.7568860650417213e-05;0.0006688336982044197;0.001162894238818436;9.674107584266436e-05;0.0003980245275437203;2.3889620617580576e-05;3.219474752331858e-05;2.326221766131055e-05;7.142983091305807e-06;1.175839813008438e-05;2.5220256806935796e-05
00:01:48;17;5.4388041777739005e-05;5.574690041175006e-05;9.856003642506028e-05;3.935803976353534e-05;6.9449096015846e-05;6.589310942992846e-05;7.07202642228243e-05;4.3620614281859495e-05;4.6984233488377534e-05;3.953036376070816e-05;6.798614510278804e-05;7.002541450033691e-05;4.629170735173912e-05;5.5376752362173484e-05;3.7420744451889156e-05;3.831267531495541e-05;7.248894897064111e-05;6.921154023604939e-05;7.249513146234676e-05;4.5035070337390506e-05;4.7806425167828254e-05;3.961178700143436e-05;6.829434563700534e-05;7.493438239134199e-05;4.716408182480048e-05;5.4607745679979556e-05;3.900066004934149e-05;4.261841088322772e-05;2.2803815941768362e-05;0.000502725106842049;0.0003110140727919686;9.193738890045838e-05;8.30781396072368e-05;1.7393539449798634e-05;3.68239709615212e-05;2.205425948529609e-05;7.0833421860189845e-06;1.1486750475247906e-05;3.3701639576132074e-05
00:01:54;18;5.426475053127433e-05;5.501615485144025e-05;0.00015150814609855116;4.137101375725003e-05;9.187183544864556e-05;6.622475497537876e-05;5.647661541533208e-05;4.285121153719212e-05;4.4681969021873805e-05;3.582542669536534e-05;6.465873941475697e-05;7.320861063094112e-05;4.09209243524732e-05;5.509569170798882e-05;3.799019889460066e-05;4.0476148707874685e-05;9.325819908415816e-05;6.830688676306141e-05;5.700427273846868e-05;4.3813367586994035e-05;4.2709316702816e-05;3.588090273492699e-05;6.55084226355605e-05;7.673238466355266e-05;4.243588172576443e-05;5.481623649550012e-05;3.9251822859632396e-05;3.922184695085245e-05;2.6576337927177412e-05;0.0007453247204897228;0.0006875843968926366;6.318704118406082e-05;0.0001327631280055037;1.194735546378082e-05;3.561811211489514e-05;2.4669652698319838e-05;5.968422432697307e-06;1.0711217837181419e-05;3.452552118578566e-05
00:02:00;19;5.5496545366457376e-05;5.670224036984558e-05;0.0001931558914050088;6.241328766133269e-05;6.157528244185332e-05;5.8844820397429096e-05;6.695886628449443e-05;3.929420451888952e-05;3.890687538511305e-05;3.0277285537233016e-05;9.211503321053401e-05;6.135099918806604e-05;2.8885172037524338e-05;8.917908062047982e-05;3.615762079272661e-05;6.389505907014908e-05;6.417654878555655e-05;6.148464566235183e-05;6.98408653021678e-05;4.058065188255108e-05;3.832500730328044e-05;3.1085922100943735e-05;9.038379670804531e-05;6.446712667857815e-05;2.968806701217177e-05;8.97724422441259e-05;3.6726738333619565e-05;2.993126170929955e-05;2.3608924626975674e-05;0.0007394840200892704;0.001119593849724729;7.023581476740211e-05;0.00021348156062332889;1.4900649285315383e-05;4.3684918240005195e-05;2.0570754806387187e-05;4.945110168541256e-06;1.0634504765018918e-05;2.679932805383173e-05
00:02:06;20;4.754023278895726e-05;4.864598575963261e-05;0.00012256361598238967;3.44804740693276e-05;6.046800573048213e-05;6.190199099426701e-05;5.2305043458938435e-05;5.4082852836307374e-05;3.6592805897002606e-05;3.937063396299643e-05;6.686345808372029e-05;5.843967916648167e-05;2.951732945436189e-05;4.216714758471922e-05;3.429335878928958e-05;3.4111248307361833e-05;6.189388489163528e-05;6.418511185086262e-05;5.420927311805124e-05;5.62557292418021e-05;3.634991384088504e-05;4.199062408864663e-05;6.614481984037917e-05;6.015936903363754e-05;3.102217589359866e-05;4.209078305612371e-05;3.533888119346568e-05;3.8229379800043496e-05;2.2373667924253965e-05;0.0004828562539601033;0.0005336689653317255;0.00010386524488725522;0.0001726942621211211;2.1121396526649792e-05;3.1710157457100065e-05;1.9685882560902725e-05;5.294832158055369e-06;1.0901555910290905e-05;2.8361793151174518e-05
00:02:12;21;4.431548599499861e-05;4.549192895934493e-05;0.00010480849308630195;3.969382866195949e-05;6.453927564238752e-05;5.891562336625032e-05;5.1926893506375066e-05;3.569564765629448e-05;3.619876644930545e-05;2.69411012551886e-05;5.520889892419621e-05;5.745562443528549e-05;2.7669301174300514e-05;4.530424550353018e-05;3.2236609443585124e-05;3.914014740973782e-05;6.658920899064492e-05;6.109655119480176e-05;5.4190869872676373e-05;3.659341170613159e-05;3.654385939545493e-05;2.7066929115916756e-05;5.6121387641252126e-05;6.096512151998468e-05;2.925955349486616e-05;4.4816705402682385e-05;3.351938758447731e-05;3.99700901688127e-05;2.1446619913558685e-05;0.00041253093864979134;0.0004286717094408613;7.945581575116222e-05;0.00016076396130390257;1.349898085758825e-05;3.699050909754292e-05;1.8578313796103177e-05;5.772706835083459e-06;1.1040160281835487e-05;2.8982110939381384e-05
00:02:18;22;4.342255765136956e-05;4.45620543923954e-05;0.00017518648172053418;2.9002880603973775e-05;5.761565626016818e-05;5.880943965311499e-05;4.908383523239866e-05;3.765213580725851e-05;4.0028910735724246e-05;3.115735208583911e-05;5.725777430143353e-05;5.781217894774603e-05;2.599281344053204e-05;4.0050917270016065e-05;3.660678220285263e-05;2.8749294916117754e-05;6.040952115355036e-05;6.128264569177858e-05;5.066341670694956e-05;3.895605541286766e-05;3.9164753869482423e-05;3.2387114250796696e-05;5.7843756610365535e-05;6.032457250639018e-05;2.6591732110526072e-05;4.0223634733834683e-05;3.814814496038281e-05;4.409372529720922e-05;2.032573738300144e-05;0.0009300248561627871;0.0008049485064839132;8.913625849092994e-05;0.0001025614694302038;1.5563807603038538e-05;2.706791631879201e-05;2.273198785292308e-05;4.873801791787994e-06;1.0929774126122081e-05;2.9979939705701716e-05
00:02:25;23;4.3829106898969755e-05;4.517458751539794e-05;0.0001862784041379926;2.9539870493780736e-05;5.319832381060637e-05;7.591321881570614e-05;5.0949322544821286e-05;4.1917451111120584e-05;3.2931155015024736e-05;3.1628472839884125e-05;5.211192890121972e-05;6.740596248536431e-05;2.3691853556975026e-05;3.5948960639974423e-05;3.071274797796584e-05;2.903002217563777e-05;5.579759730424001e-05;7.886097697751844e-05;5.351934125912199e-05;4.204315104565282e-05;3.257469223724543e-05;3.13481657341774e-05;5.3349806058818854e-05;7.109931064843306e-05;2.5476699860680325e-05;3.69583220715499e-05;3.203695027129666e-05;4.547479810423189e-05;1.942554179711442e-05;0.0010223093468620193;0.0008455293685967467;7.198735770807421e-05;0.00011887991923575235;1.0586242650617927e-05;3.428096009361339e-05;1.965483105934278e-05;4.601932645365584e-06;1.0886240484238045e-05;3.1724310418794995e-05
00:02:31;24;4.145341862547205e-05;4.2776614567559635e-05;0.00012949592179040063;2.879710210250282e-05;5.3717648236008905e-05;5.454144044072316e-05;5.089845858854212e-05;3.3827481124924155e-05;4.029437028469312e-05;3.37406359717947e-05;5.455345216308739e-05;5.9165149578306725e-05;2.4522689824638373e-05;3.3916147145873765e-05;2.9466431442415342e-05;2.82607573963911e-05;5.6116602455760954e-05;5.752760745640962e-05;5.3380565491985365e-05;3.5809016803278043e-05;3.98125435430866e-05;3.37602049500985e-05;5.5183633580609354e-05;6.172017075889155e-05;2.5747584787276985e-05;3.533013305174411e-05;3.0670546591495565e-05;4.1406243450060034e-05;2.076846551212973e-05;0.000594724021195714;0.000579155694432147;8.391480457276457e-05;0.00012596794466799;1.5000264018800822e-05;2.9203966997857898e-05;1.8260732302990164e-05;4.444830770274327e-06;1.0709263951602986e-05;3.0394829612476478e-05
00:02:37;25;3.9651877381691684e-05;4.0892967320624975e-05;0.00015388674530813001;2.9319635403494843e-05;5.5155024282075004e-05;5.5796984792199176e-05;4.541640830459735e-05;3.4999016616087495e-05;3.266465681277127e-05;3.043338910980641e-05;5.2364338805752844e-05;5.157021075774537e-05;2.5620919714697266e-05;3.361476931021653e-05;2.8867159280501006e-05;2.843591226084317e-05;5.7085719485649295e-05;5.831544455494496e-05;4.7840371884883066e-05;3.618122124712903e-05;3.227578116233808e-05;3.146973588777252e-05;5.356139910320421e-05;5.4284956431844494e-05;2.651354828495768e-05;3.477032692853179e-05;2.998117622466245e-05;3.858778950540826e-05;2.0586685223656532e-05;0.0007002296264690026;0.0007620034414921944;7.843807269447266e-05;0.00014621640788362475;1.2048194516823957e-05;2.455754207100764e-05;1.9971758376514537e-05;4.394242349176468e-06;1.0373435901216376e-05;2.9233747214461772e-05
00:02:44;26;3.942576278797622e-05;4.0652265288142036e-05;0.00014229603203291685;2.983048526836931e-05;5.44668858424302e-05;5.375132788417018e-05;4.536570377343775e-05;3.443056365106465e-05;4.0954898821610186e-05;2.608224416824421e-05;5.058280533954861e-05;5.1872151226978694e-05;2.3669122132797714e-05;3.2574271270649746e-05;2.9528681011470326e-05;2.9454473958680807e-05;5.647492794138733e-05;5.655621429514788e-05;4.799852067202365e-05;3.5285661051833056e-05;3.999341457022672e-05;2.6958728764689517e-05;5.2118340562041734e-05;5.473760692542713e-05;2.4313862289816342e-05;3.312907620632278e-05;3.0806344373651214e-05;3.7424211324268204e-05;2.0124031554436255e-05;0.0006208488395781631;0.0006844395737840681;8.311712483503169e-05;0.000156702969741713;1.417168465392381e-05;2.628016039636307e-05;2.0280437871064266e-05;4.8728315836551055e-06;1.0530143329238791e-05;2.8760375743076836e-05
00:02:50;27;3.893461537142105e-05;4.016438184476965e-05;0.00012885582544095968;2.848359968962458e-05;5.5076916530858647e-05;5.23774844768096e-05;4.644044457532718e-05;3.4234462281739816e-05;3.5756194170682484e-05;2.394280363014125e-05;5.296620151346526e-05;5.214491761762474e-05;2.3914773083530154e-05;3.140134099701506e-05;3.0476232237478225e-05;2.775806758650048e-05;5.7055209507308076e-05;5.514478761131015e-05;4.8716303860566794e-05;3.525823712716604e-05;3.521257508221919e-05;2.4305892905811306e-05;5.419555632618574e-05;5.570168365080417e-05;2.4734311075836914e-05;3.2082365946792646e-05;3.180757137877525e-05;4.1759048617562495e-05;2.0595528829894055e-05;0.0005619411485676745;0.0005914720684100378;8.285008064115658e-05;0.0001450755466291341;1.350047315625644e-05;2.619077449944353e-05;1.924099830326364e-05;4.420619720178989e-06;1.0476576686171487e-05;2.874704123074315e-05
00:02:56;28;3.8119372551260646e-05;3.944263365075487e-05;0.00013942405362867577;3.0685910732327926e-05;5.3014119859281806e-05;5.303759085832512e-05;4.605276688804142e-05;3.122351534495299e-05;3.0198931607504743e-05;2.5160670882035614e-05;5.155487890171819e-05;5.2621513553028556e-05;2.248249955724449e-05;3.298542333141086e-05;2.841463404220948e-05;3.080726672791731e-05;5.461082994920213e-05;5.56541689766624e-05;4.813516806038185e-05;3.2844520423099356e-05;3.054370970374616e-05;2.5599023271602568e-05;5.198832606098061e-05;5.5981095113255134e-05;2.354143477152573e-05;3.388476932142814e-05;2.972127673919077e-05;3.810205801344085e-05;2.0088549784943145e-05;0.000689919803416036;0.0006292063660081319;7.78178187782587e-05;0.00011296810265613818;1.2909442762948244e-05;2.7998136827380137e-05;1.958304160994568e-05;4.619879267284373e-06;1.067496442774265e-05;2.920047999185915e-05
00:03:02;29;3.793077820029628e-05;3.9232179293736135e-05;0.00012675248698232927;2.6999940579550888e-05;5.3956138337050355e-05;5.303688904105415e-05;4.722748695164889e-05;3.0618306081723034e-05;3.347059386917615e-05;2.431355985198603e-05;5.092081263765894e-05;5.1723685606413547e-05;2.2787636840927338e-05;3.233035068009568e-05;2.778392480319202e-05;2.680143018240622e-05;5.580238410149394e-05;5.559441162887784e-05;4.9231274243550304e-05;3.25354229499692e-05;3.2916844466404954e-05;2.5155667077066212e-05;5.216681483368201e-05;5.445679534768945e-05;2.3989541475628678e-05;3.311093144164468e-05;2.9024618764001217e-05;4.02313835286182e-05;2.0343730813726577e-05;0.0005794499026514157;0.000572264460367066;8.099908728989692e-05;0.0001255008757033898;1.1399427510743674e-05;2.6905884020340004e-05;1.9637606910099754e-05;4.336198200307537e-06;1.0477574202544126e-05;2.94837125898028e-05
00:03:08;30;3.7964928263921714e-05;3.9086877453123234e-05;0.00013547486657747204;2.7860158344207196e-05;5.32749450495761e-05;5.2823790745357904e-05;4.756118855456489e-05;3.1193955521757744e-05;3.13734259536473e-05;2.6161030085993595e-05;5.108752344281956e-05;5.09530528399244e-05;2.3020278069390603e-05;3.2249915950511756e-05;2.8019860112945853e-05;2.7738383473258147e-05;5.482894077799814e-05;5.5326927763474754e-05;4.892362336203739e-05;3.274417803701989e-05;3.1458551612685585e-05;2.677244177718847e-05;5.169171068885163e-05;5.3760347914767065e-05;2.3844415708585005e-05;3.2948426013706324e-05;2.9004564198600483e-05;3.9310145702051554e-05;2.0465431849815183e-05;0.0006276672757667602;0.0006306357857135268;8.08474521378676e-05;0.00012387283876426865;1.2125976812724974e-05;2.7326243168437052e-05;1.9585643829049186e-05;4.337492224586746e-06;1.0451732865659457e-05;2.9072380094917162e-05
00:03:15;31;6.357704610205805e-05;6.468211520055038e-05;0.00023127341680371062;3.801391406454968e-05;7.011843956661323e-05;8.345331394821187e-05;0.0001080545372722306;4.151324560294515e-05;4.607468600749019e-05;4.795020601797908e-05;5.8658681971544205e-05;7.226803989562376e-05;0.00011822807667013794;3.970637116233113e-05;3.8885014419065556e-05;3.653213957765234e-05;7.126396515478876e-05;8.540667325097632e-05;0.00010978906347985156;4.420651299668965e-05;4.4333397638667196e-05;4.985263593523628e-05;5.974604177533331e-05;7.494123772492549e-05;0.00012033212021114068;3.988434220929453e-05;3.9897230117621574e-05;3.8097173240372776e-05;1.9720776520990793e-05;0.0010321019702275375;0.0012760135456654593;0.00010357019977695644;0.0002028254863830663;1.7338297920886134e-05;2.2094593288694444e-05;1.56864588263341e-05;6.363718572087616e-06;1.0878660868115274e-05;3.059012035402616e-05
00:03:21;32;6.184575614621612e-05;6.247312875863907e-05;6.973916205878541e-05;3.59443405076573e-05;5.897127520752706e-05;8.347029549585469e-05;0.00011188209231766615;6.119889877967663e-05;4.0240628555404164e-05;9.309538078964992e-05;6.805787664502945e-05;6.087221517377243e-05;5.012507710427433e-05;4.0242479529565983e-05;3.8048490583006157e-05;3.507391476334674e-05;6.033534405508397e-05;8.529966583444525e-05;0.0001120591532296053;6.287834118286153e-05;4.007665910061796e-05;9.529780307482586e-05;6.66879435973183e-05;6.118720446903365e-05;4.999615525833443e-05;4.171015263890223e-05;3.907518358470112e-05;4.4589262437717983e-05;1.780446865788377e-05;0.00031713766341581127;0.00016453300804260973;9.324440697194652e-05;8.653025168284297e-05;3.0159002906671096e-05;2.2766490339789637e-05;1.798735543209555e-05;4.114661581835332e-06;1.0869286185011033e-05;2.7134087051209595e-05
00:03:27;33;5.102570531272993e-05;5.2551886048742656e-05;9.718336626576267e-05;4.4188957154098965e-05;5.794095113225756e-05;5.569024319191323e-05;5.973716802352349e-05;3.523571083974275e-05;4.3517777586740437e-05;3.0148206072701875e-05;5.505584148192032e-05;0.00011635894265344342;2.9733301804991573e-05;5.5364862031514015e-05;2.933648618285257e-05;4.526432613728721e-05;5.957122114442784e-05;5.910858324776062e-05;6.018898360868857e-05;3.56029682918717e-05;4.4003698556342076e-05;3.0958086634062145e-05;5.578104265865316e-05;0.00011818911786312001;3.07039078932898e-05;6.050737329708601e-05;3.0743304348647996e-05;4.203236735376606e-05;1.833077572454828e-05;0.00041458570040530285;0.0002938022472581218;7.985188464285649e-05;0.00022491912840912125;1.4115305461893425e-05;1.9557194469653897e-05;1.337495643678492e-05;5.26259867730111e-06;1.0762914508970898e-05;2.9605321840831433e-05
00:03:33;34;5.2543695971962734e-05;5.364221532879209e-05;0.000274972839504825;8.3319242610907e-05;5.769726659950307e-05;8.959607949712087e-05;5.2316168547990443e-05;4.671604086648916e-05;3.9016513656261765e-05;3.954300971868592e-05;5.841779827423207e-05;4.881182183101952e-05;2.4286947211490688e-05;5.697523652708531e-05;3.382821005650592e-05;8.55203335636879e-05;5.894877673959348e-05;8.822676990567294e-05;5.4275341069655894e-05;4.841080980544506e-05;3.904100585599206e-05;4.01874881908607e-05;5.843133448816164e-05;5.0583700279195356e-05;2.5802335194039417e-05;5.989420228443238e-05;3.4384475919621395e-05;4.21628625802132e-05;2.5491278734443557e-05;0.0016541846020172426;0.0013140453290014118;7.415917532642085e-05;8.150787301978714e-05;1.099793579057174e-05;2.691469214471517e-05;2.2006902133594107e-05;3.1582787798706687e-06;1.0084224765500695e-05;3.496091976412919e-05
00:03:40;35;5.3453706253879894e-05;5.447139699731163e-05;0.0002825847357348617;2.998972042756908e-05;5.1487057765536356e-05;0.00010179633755507729;5.4488781720672044e-05;9.664025612272036e-05;3.677370603130922e-05;2.639221374842939e-05;5.49256082225921e-05;4.813218707898738e-05;2.6952996858075164e-05;3.4180744098545226e-05;7.968485152270495e-05;2.9027574092202784e-05;5.302084334484962e-05;0.00010137973123751698;5.822564583732982e-05;9.525204275840085e-05;3.727597967427536e-05;2.7095446172627162e-05;5.696431557387055e-05;4.9516921984532826e-05;2.859462399066638e-05;3.508642119045304e-05;8.221719874683591e-05;3.721002367903321e-05;2.5505046007747332e-05;0.001852564066643245;0.0012529943230908396;9.970795097908125e-05;3.131577107724605e-05;8.897621133320496e-06;2.2215328066152877e-05;1.9443184714780906e-05;3.6523822470994726e-06;1.0854134688105585e-05;2.665699649168901e-05
00:03:46;36;4.422925038935236e-05;4.512749438629415e-05;9.985444057412864e-05;2.727633195253144e-05;4.622028444342422e-05;4.779801598818846e-05;4.7957196409759654e-05;3.714375439368599e-05;5.656732668833022e-05;3.4747963220318276e-05;6.584655471380591e-05;5.2399089246984495e-05;2.8307738068116866e-05;5.4292909476833465e-05;3.2193827572448505e-05;2.7234828607267643e-05;4.6955066887054686e-05;5.007610727975416e-05;5.038552391644909e-05;3.9030965034484484e-05;5.515189594559702e-05;3.60840497970584e-05;6.593727236657839e-05;5.381064707025756e-05;2.8309581581727143e-05;5.5329165074390746e-05;3.3224813993416046e-05;4.784213561658224e-05;2.0257945213489976e-05;0.0004482544664060608;0.0003964245369059736;7.035714716268608e-05;0.0001290228420198397;9.4255673300378e-06;1.9667366335559225e-05;1.7102278917304532e-05;3.2054360861770393e-06;1.0170450517786445e-05;2.6523114378046304e-05
00:03:52;37;5.909887471489128e-05;5.980641219162241e-05;8.55208781186091e-05;3.117025613877641e-05;4.76942601737433e-05;6.124782253312911e-05;8.795751996744498e-05;5.948106785457309e-05;3.088888631065277e-05;0.00011488410134254742;4.950288355716607e-05;0.00010585095872722212;3.932515416109213e-05;3.607155149025361e-05;4.511201446565462e-05;3.0126599315885465e-05;4.921768786631749e-05;6.301665697593089e-05;8.954765986875171e-05;6.099258091494506e-05;3.067116900822413e-05;0.0001148283316737595;4.890442993845555e-05;0.00010611369297397618;3.994661121304247e-05;3.825387560752887e-05;4.605763332838711e-05;4.097395490255425e-05;1.993231278539976e-05;0.0004072722158527919;0.0002707502780279081;6.174163650650701e-05;0.0001267134791455071;1.6608323889725103e-05;2.475818504435467e-05;1.2864530745348093e-05;2.44433868088536e-06;1.0590524549188679e-05;3.160075729313942e-05
00:03:59;38;5.5064528598078056e-05;5.5961406003548234e-05;0.00012151979730008294;2.9232466368191787e-05;5.088184229862236e-05;4.912591865294499e-05;7.006830380553517e-05;4.078263746588494e-05;3.986332654645511e-05;6.135443663621035e-05;5.220727040916079e-05;5.7843058367656006e-05;8.630223531078876e-05;4.494746321690648e-05;7.81653683309907e-05;2.8801259736322705e-05;5.301823905857775e-05;5.012399689596488e-05;7.31713939612861e-05;4.334681679084278e-05;3.855145794521469e-05;6.354659271431657e-05;5.221386858972403e-05;5.7958889475587426e-05;8.767664096726375e-05;4.4650186846641343e-05;7.847750665733437e-05;3.609298307606686e-05;2.1045676018187324e-05;0.00041710008011026196;0.0005552629089196107;6.935645132425365e-05;0.00024719460932870924;1.2863023114991185e-05;4.5550535498788605e-05;1.5697338119773264e-05;3.5917571981332756e-06;1.0116527442818052e-05;2.436567744940117e-05
00:04:05;39;4.107580071955784e-05;4.188382224094335e-05;6.34697862172634e-05;3.273284380094827e-05;4.207298478966302e-05;5.146227509426767e-05;8.59400875686912e-05;2.906805006442813e-05;3.130413791878213e-05;2.1698548938399075e-05;5.117635038490417e-05;5.0296801527400184e-05;3.9212427987484425e-05;2.8358610138794077e-05;2.9586475947822194e-05;3.214769161256956e-05;4.306130259591774e-05;5.2996101312831495e-05;8.882789704410795e-05;2.9561299706523342e-05;3.128229559191408e-05;2.249419208919214e-05;5.115450583133092e-05;5.144910843412191e-05;4.061310071939502e-05;2.8839023706254173e-05;3.017933154239207e-05;3.86687594745799e-05;2.1195680043531557e-05;0.00027006180705861036;0.0001755243310784619;9.759604288618749e-05;7.551743402483203e-05;1.0253717431776207e-05;1.9215104287811898e-05;1.5465627558682702e-05;2.67137534314891e-06;1.070431861942935e-05;2.4763236800108344e-05
00:04:11;40;3.935132102903729e-05;4.0475838881021344e-05;0.00016920061511509015;3.049713431447675e-05;5.03681210323686e-05;5.0874891020281545e-05;4.1997853354690626e-05;4.464766353025466e-05;3.906082154582112e-05;2.752884701351377e-05;4.8766244891463763e-05;5.577828213435251e-05;2.240332415743234e-05;3.0256646591004195e-05;3.0036008170823564e-05;3.024066748516413e-05;5.098715083949162e-05;5.367540534625502e-05;4.36767172514125e-05;4.60559510625162e-05;3.9816002547151495e-05;2.9344571516900678e-05;4.9635156894418046e-05;5.679974768825076e-05;2.446982892286519e-05;3.081275914339614e-05;3.019609387512348e-05;3.634281225133791e-05;2.2175762095066134e-05;0.001000050842254357;0.0007546861296228652;9.581204944132495e-05;4.082133565162196e-05;9.748239313156513e-06;2.178813942319503e-05;1.476697516514397e-05;2.8306033431919377e-06;8.86786965396015e-06;2.2516623165860415e-05
00:04:17;41;3.816303654440906e-05;3.901744409481983e-05;7.756036778415923e-05;2.328265483697578e-05;8.508935499920963e-05;5.005448579450703e-05;4.1754298698813066e-05;3.332870337596267e-05;2.602205073804436e-05;3.206116085798592e-05;4.2776131757384725e-05;4.017583545264229e-05;2.2168583967641098e-05;3.52002992307441e-05;2.604286531622661e-05;2.3042790900622613e-05;8.572339048223051e-05;5.167448799062485e-05;4.3591750989987844e-05;3.425111358007564e-05;2.5750950838680838e-05;3.266839510477531e-05;4.458442487668458e-05;4.1617596632678685e-05;2.3316446251694195e-05;3.437309533182997e-05;2.7614869971249747e-05;3.6670152807295645e-05;2.2152019144107663e-05;0.0002556371916773553;0.00033894671227986374;8.209575666413664e-05;0.00010716792476426175;1.095205020468489e-05;2.719452508122933e-05;1.5180579652216763e-05;2.306170685712152e-06;1.0545562479488621e-05;2.1875767969558216e-05
00:04:23;42;3.477750981191589e-05;3.553725255648105e-05;0.00010374423554788178;4.574118525045957e-05;4.1587278874740974e-05;5.051916417642133e-05;4.0586505845526105e-05;3.005600183443717e-05;3.2489177936089284e-05;2.2513023597267338e-05;3.558479526656232e-05;4.105104959380283e-05;1.9363612279024974e-05;2.8203546026940206e-05;2.9634762269510745e-05;4.637585631446453e-05;4.253944307838307e-05;5.20493964888627e-05;4.197262145841901e-05;3.157906778855986e-05;3.148677845999799e-05;2.3139690526903317e-05;3.592592309106766e-05;4.278054694634791e-05;2.0163593438190197e-05;2.819977218470878e-05;3.023432560163385e-05;3.280578241675687e-05;2.2283528524263048e-05;0.00031234172909834013;0.0004788041625722743;7.787432182974935e-05;0.00023695914570808852;1.0092019608688855e-05;2.196451739296108e-05;1.7016143784804807e-05;2.6570709116384286e-06;1.0034046437120987e-05;2.2098358289895197e-05
00:04:30;43;3.6201982006580444e-05;3.707330472048231e-05;0.00011809063762517167;3.013009129207686e-05;5.1559151452031735e-05;4.489344336568799e-05;4.423640140254809e-05;4.610931249647944e-05;2.319650375749337e-05;3.1137971643860595e-05;4.388710323930602e-05;4.549829386167982e-05;1.9060425694822864e-05;2.739823020709247e-05;2.7316840483525663e-05;3.059077605456291e-05;5.2833106139265116e-05;4.576064630679026e-05;4.608464564338232e-05;4.657988686435428e-05;2.3188867676771787e-05;3.200611491259143e-05;4.4218401704204584e-05;4.675673132819784e-05;2.0544352358954228e-05;2.804722652963622e-05;2.8268887956672395e-05;3.1548591498106276e-05;2.759150226721914e-05;0.000580650764387549;0.00055944926427503;7.879671230541441e-05;6.562891850447227e-05;7.207956197670559e-06;1.4806557656112323e-05;1.818623906811173e-05;1.9825475584502798e-06;9.592625465640188e-06;2.164597231828384e-05
00:04:36;44;3.810710784984456e-05;3.8939463788838e-05;0.00013458676265587122;4.2171058045038414e-05;3.461106237006623e-05;5.914093318634431e-05;4.544047929109431e-05;3.4734673427940585e-05;2.353009789792602e-05;3.0880696698432075e-05;4.028547694061176e-05;5.4728206660828704e-05;3.897614804124962e-05;2.13234136119602e-05;3.146303236369683e-05;4.0744544324447415e-05;3.5755191663467275e-05;6.049368961543269e-05;4.8262995629625903e-05;3.713073037712853e-05;2.3350006859466623e-05;3.10641985436897e-05;3.957700638135135e-05;5.615992000756809e-05;3.999505172976546e-05;2.247301561027011e-05;3.2267198963105514e-05;4.714504992623076e-05;3.4528398982829324e-05;0.0008233051973572191;0.0005461981022264269;6.195497840519562e-05;2.864898449662527e-05;5.305388388484707e-06;2.0041241515358656e-05;1.4145385250703229e-05;1.7835987155787285e-06;9.569618477909265e-06;2.2415208127893244e-05
00:04:42;45;3.3116411523017383e-05;3.4203556493548025e-05;9.749783522974505e-05;2.630411207540171e-05;3.7155220341715406e-05;4.0406580521593327e-05;5.188591674709642e-05;2.0810905922985512e-05;2.4221315643754597e-05;1.8264397342901166e-05;5.87699348050757e-05;3.800401945723438e-05;1.9171473131119786e-05;3.4708834931507226e-05;2.7694213155949786e-05;2.5924296430356306e-05;3.9289839070436215e-05;4.2786385257628195e-05;5.3352259069642854e-05;2.2139871229619877e-05;2.4344127142066548e-05;1.9305264732459284e-05;5.940583821340417e-05;4.017129331374765e-05;1.9962763331080432e-05;3.45408342916097e-05;2.9219892618314162e-05;3.770299725218242e-05;2.3887498375869782e-05;0.0004120637982953051;0.00039578197933733887;0.00010497990469727217;0.00011078583519806882;9.37326746030357e-06;2.695285178837555e-05;1.5205711806187654e-05;2.5169942780846122e-06;1.1163115149225908e-05;1.9560069118726072e-05
00:04:49;46;3.1613806124203784e-05;3.2423563344666405e-05;0.0001218759798490958;1.8273671814354614e-05;3.258215892029429e-05;3.737724954724151e-05;3.907038147717272e-05;2.5791283050580205e-05;2.071229477384019e-05;1.891141922204621e-05;7.641309800150835e-05;4.197341188345986e-05;2.435888626709212e-05;2.331893081862869e-05;2.058287498646843e-05;1.8178616070904758e-05;3.400477995639932e-05;3.876148299770901e-05;4.125877124731889e-05;2.694686305933172e-05;2.0868540145151016e-05;2.0047837488509457e-05;7.607050912743552e-05;4.221674286862806e-05;2.5021080995130328e-05;2.4148416661221204e-05;2.155910470155274e-05;3.4626043467918796e-05;2.5282816977586933e-05;0.0004905498072685595;0.0006562392247180092;7.642791767400512e-05;9.046390638970163e-05;7.068068240947218e-06;3.130755853671182e-05;1.5658650725032254e-05;1.9129716973884975e-06;1.0504475417378204e-05;2.2470317075910307e-05
00:04:55;47;3.2387372974860476e-05;3.380689092490327e-05;0.00014293418113968897;4.2042348282352165e-05;4.3692667330477974e-05;3.728810561524783e-05;3.65779838670154e-05;4.1383345412462155e-05;3.750573538819811e-05;2.4517750238766727e-05;3.373514078930384e-05;3.244710796934669e-05;1.7150086151218602e-05;2.286196846832602e-05;1.9446223121959022e-05;4.2895213068098926e-05;4.485899395909149e-05;3.959100635993424e-05;3.920989909118684e-05;4.2618843036518826e-05;3.6912547433461485e-05;2.6473187051434955e-05;3.570252722309743e-05;3.4172993787539285e-05;1.8088489578306657e-05;2.4440544782205678e-05;2.071842888504255e-05;2.7761785914105673e-05;2.361951887414651e-05;0.00045922726472768393;0.000790321431821448;0.0001179706980433186;0.00022678589978456906;6.8429937034303724e-06;1.568450653179286e-05;1.4549722562050275e-05;2.592549126971567e-06;1.0326875071595801e-05;1.9526927515154795e-05
00:05:02;48;3.060318839619537e-05;3.1890192018826256e-05;0.00011704379291047935;2.1104405175523507e-05;4.49981720397442e-05;4.9167518356667145e-05;3.361691037443134e-05;2.432790655342904e-05;2.655251978984035e-05;1.885699962723596e-05;3.692198524938497e-05;4.782703281720883e-05;2.134591885036033e-05;2.308540157969219e-05;1.9433479078078232e-05;2.1420877877787887e-05;4.587287608794927e-05;5.119484217463156e-05;3.6888406796180464e-05;2.5890122063323866e-05;2.6695410730398285e-05;2.1015843852678067e-05;3.793718731892885e-05;4.922027718622084e-05;2.2919658753196444e-05;2.3296052755609663e-05;2.0330733835330244e-05;3.2954373121176835e-05;2.3750385098489177e-05;0.000624696864811489;0.000539561835350203;7.227793032594226e-05;3.6696777582797815e-05;6.010203703516226e-06;1.9309496262238356e-05;1.7797292493470016e-05;1.7213297566264004e-06;9.980804237342263e-06;1.976822218246081e-05
00:05:08;49;3.080427041688629e-05;3.191944339465132e-05;0.00018821635162489226;2.016658514104496e-05;3.023237732432707e-05;8.372694281371713e-05;3.487176711432353e-05;2.0649243560135552e-05;3.568256039701819e-05;1.659745801548111e-05;3.0481095142869723e-05;3.663396152701766e-05;2.0166928732382157e-05;2.006002135214079e-05;2.0382292398515098e-05;2.0412816768298456e-05;3.126203299399106e-05;8.549364710107292e-05;3.7357784555141836e-05;2.1778778917203317e-05;3.51548551407177e-05;1.759014125864384e-05;3.2226135576647835e-05;3.822543236955299e-05;2.081443811601022e-05;2.1343240451308623e-05;2.1374004742788606e-05;3.5962099262315936e-05;2.959951347160991e-05;0.0009632210202909256;0.0009992633040705194;8.182772376491581e-05;7.219075650277386e-05;5.686104405927226e-06;1.7177538281848292e-05;1.8251924131967116e-05;2.7150088486922107e-06;9.754381360882017e-06;2.2946845106329843e-05
00:05:14;50;2.898205178005562e-05;3.0260569359068286e-05;8.860509513182602e-05;3.458810688398857e-05;3.5534453574696684e-05;3.364604868300541e-05;3.5583292577195443e-05;1.955196731273645e-05;2.3474994417359664e-05;2.128953355586625e-05;3.166700777383498e-05;3.443986220087357e-05;1.6043984504418322e-05;4.201290644025655e-05;1.9952455004231112e-05;3.500756053965026e-05;3.633679305586398e-05;3.581916404717832e-05;3.787852104243386e-05;2.1109537849756463e-05;2.3731452183940896e-05;2.262318995937814e-05;3.325896913442124e-05;3.632633174847682e-05;1.6861636474539963e-05;4.304847448398919e-05;2.1125193862771304e-05;3.399826311649851e-05;2.342940076613865e-05;0.0003052656678403323;0.00036561690248527524;9.779841327376321e-05;0.00016800608559908802;6.894768368999342e-06;1.682873761873453e-05;1.4451377452340553e-05;1.9440176816052084e-06;1.0639929295603411e-05;1.8387578083533115e-05
00:05:21;51;2.7374916000284926e-05;2.8583319892530637e-05;0.00014463552449369023;2.82038992545288e-05;3.1580867450677694e-05;3.402255853240438e-05;3.3525797267553905e-05;2.140774646425763e-05;2.2973730350176165e-05;2.19635475169546e-05;4.0671361486746804e-05;4.157994895205196e-05;1.6100311110020275e-05;1.8571665234193542e-05;1.7897550860497674e-05;2.8835986661680537e-05;3.297947277812305e-05;3.613171452631337e-05;3.650717754001711e-05;2.2632091961124296e-05;2.2769867992113326e-05;2.3053626724112854e-05;4.171253528476905e-05;4.29542929229188e-05;1.6630074092466237e-05;1.9827372484484576e-05;1.896561789641354e-05;3.18039202510738e-05;2.7983868238205323e-05;0.0006050005524291055;0.0008171595632578669;8.42598884179027e-05;9.539877691993695e-05;6.660011402270754e-06;1.8838209865782516e-05;1.6421177470794273e-05;1.6477534847427329e-06;9.68638956947834e-06;2.0766182617123708e-05
00:05:27;52;2.5355902780885035e-05;2.6629161271281376e-05;0.0001358884334528057;1.799407467796176e-05;2.7968957739558803e-05;3.3740289015068726e-05;3.201482888280018e-05;3.326358328660138e-05;2.3559006459611904e-05;1.676748901631568e-05;3.347465359772948e-05;3.031792648109579e-05;1.5548595315677133e-05;2.1543401022551155e-05;1.807801981809379e-05;1.8054356092485434e-05;2.917271920039961e-05;3.628717219921955e-05;3.492165491986236e-05;3.4848468255369906e-05;2.364188516873548e-05;1.7736840578160084e-05;3.5353524035139045e-05;3.193027273655274e-05;1.649683566293915e-05;2.2039681724994737e-05;1.9066517791232606e-05;3.542703643856488e-05;2.7216451562777542e-05;0.0005227790222183156;0.0007532602430016065;9.806630799536976e-05;0.0001264775038671291;4.84675560198462e-06;1.6655563862898924e-05;1.4467281596267025e-05;1.6506942104958324e-06;9.964149400526948e-06;1.9850191677731495e-05
00:05:33;53;2.4276029935518554e-05;2.5480977720816774e-05;8.363694649376993e-05;1.777016883347022e-05;3.282608927887313e-05;3.2185950141700396e-05;3.094131134482516e-05;1.8686163248172637e-05;2.0300465567143792e-05;2.389834726169614e-05;3.193242370323126e-05;3.0360106038074264e-05;1.620577648318224e-05;1.8268468903928888e-05;1.793708157100065e-05;1.779060783266249e-05;3.4052701508537924e-05;3.356558293869713e-05;3.3891025931195686e-05;2.0409781462126086e-05;1.9928380321358373e-05;2.474150388951773e-05;3.3549134116848236e-05;3.21595201322579e-05;1.7161151695693696e-05;1.9106929760744584e-05;1.941540290605604e-05;4.03981112114044e-05;2.4425053317798416e-05;0.00027218864241441;0.00039012008988124447;8.614888160730688e-05;0.00012132985218100323;5.270893755355984e-06;1.6314706192208165e-05;1.529768960071649e-05;1.7523331812628548e-06;9.614037133120953e-06;2.0783067449407442e-05
00:05:40;54;2.3251491052695368e-05;2.4440575969815136e-05;0.00013453723060658998;1.756545655175821e-05;3.159455670759764e-05;3.1345348614567314e-05;3.0205301204556566e-05;1.8905928707175175e-05;1.7162959751586143e-05;1.7967446669072988e-05;3.4884664408061575e-05;2.92044245213674e-05;1.4740408013706615e-05;1.7635902853964e-05;1.7805487159834726e-05;1.791848225815257e-05;3.2865953955156843e-05;3.350563917903648e-05;3.277453258386784e-05;2.038353096982582e-05;1.7112398623633256e-05;1.846430940174828e-05;3.622892353045636e-05;3.118705682959732e-05;1.556519804626653e-05;1.8537956368416856e-05;1.8742923882050895e-05;3.606721877692261e-05;2.508914143220598e-05;0.0006500623570573249;0.00070176008079617;7.971805153175206e-05;5.0675482429591486e-05;4.7866994880826925e-06;1.8424492748519727e-05;1.6113652320889352e-05;1.4177967275091658e-06;9.944733424623546e-06;2.0387060545488405e-05
00:05:46;55;2.2311213980814998e-05;2.3600228008876046e-05;0.000162875069959395;1.6339683881483325e-05;2.7576549869805106e-05;3.53868390809773e-05;2.9420518103506765e-05;1.8282117493258326e-05;1.623017543295191e-05;1.4770439754194989e-05;2.9295935775053294e-05;2.8767865834631515e-05;1.6013333734576918e-05;1.66030497814001e-05;1.9048052259697876e-05;1.62855012949646e-05;2.9045821203816317e-05;3.7353125432523885e-05;3.257221306981431e-05;1.972722383804547e-05;1.6502798425329885e-05;1.557771570966181e-05;3.0454479546958133e-05;3.0752527661057175e-05;1.6844404451114337e-05;1.7972853912178373e-05;2.011406490101429e-05;3.802511800544353e-05;2.6871934075650056e-05;0.0007548836370478665;0.0009163560121021862;8.511496455833956e-05;6.565926486306683e-05;4.735430858977966e-06;1.729832468537332e-05;1.4385152893677557e-05;1.49028274987878e-06;1.0294976596837695e-05;1.9385741075442757e-05
00:05:52;56;2.20999589931704e-05;2.3327201936037362e-05;0.00011737154887317957;1.6150574428376206e-05;2.796208222961964e-05;3.0310683844060225e-05;2.9567786627508625e-05;1.946590350469664e-05;1.6748259742950143e-05;1.5438863460882533e-05;2.7360045395012506e-05;3.0512360524426185e-05;1.275705210252392e-05;2.2402815111697485e-05;1.652307281703584e-05;1.660659065145168e-05;2.9444768890381873e-05;3.2256857018263516e-05;3.20267231530389e-05;2.1422056312375494e-05;1.6820803224779608e-05;1.614280712532537e-05;2.8925838106963193e-05;3.222955702664036e-05;1.4010670268742362e-05;2.2585465097718847e-05;1.745428362252674e-05;3.6815354705583386e-05;2.6977531960765974e-05;0.00046847224651154636;0.0006247780132240038;9.050717624851777e-05;9.198591395757392e-05;5.833498779344132e-06;1.665062773796826e-05;1.4835169185663527e-05;1.428212099596217e-06;1.0422307663532115e-05;1.9752534404059477e-05
00:05:59;57;2.1808301043661643e-05;2.293448746565411e-05;0.00011699598580844605;1.688959388120152e-05;2.582439156965806e-05;3.09803760594398e-05;3.159267741766185e-05;2.044563340255288e-05;1.7134313654051684e-05;1.2890383003914188e-05;2.775213732775228e-05;3.1025369537474035e-05;1.3046493116710487e-05;1.72419637775337e-05;1.687627285207327e-05;1.6927715190417352e-05;2.6963569717172275e-05;3.2656327468568545e-05;3.42058863196466e-05;2.2196861255572833e-05;1.7168157775145866e-05;1.3382959866559552e-05;2.90321819377397e-05;3.272509178414917e-05;1.3988292669671842e-05;1.816226989531866e-05;1.7804529053609245e-05;3.409189435056179e-05;2.6892213130807632e-05;0.0005046066928393623;0.0006014023076153436;8.970807916719686e-05;7.892055522541299e-05;5.4333324523361295e-06;1.7489291209965845e-05;1.419485550454542e-05;1.4288094023591915e-06;1.0417269364426975e-05;1.9366529439034342e-05
00:06:05;58;2.130896324233204e-05;2.2617666644104638e-05;0.0001236471651858105;1.4692547256086899e-05;2.7007700744909677e-05;3.095505810919845e-05;2.9968531676290283e-05;2.045786127201733e-05;1.630513193617844e-05;1.3438949092145238e-05;2.8392200228857043e-05;2.8764356714687395e-05;1.2689177574223073e-05;1.6581522049560508e-05;1.6454515924186293e-05;1.4807681428821894e-05;2.8157596175390872e-05;3.3252903518541064e-05;3.298649856713129e-05;2.2118692263978154e-05;1.6655775065765175e-05;1.3955379535782643e-05;3.004552778707599e-05;3.061307405557814e-05;1.3580108696006864e-05;1.7814854857798436e-05;1.742390181386292e-05;3.618926315423698e-05;2.747357460934709e-05;0.0005494539818947778;0.0006501273932882573;8.893167083875673e-05;6.379098294384163e-05;4.821906497433321e-06;1.7480903631695223e-05;1.4481637289066881e-05;1.4142778057130442e-06;1.0203865765781964e-05;1.93965245108188e-05
00:06:12;59;2.1098513059314428e-05;2.2358143965741677e-05;0.00010695090196894209;1.4920981727910162e-05;2.647772959366276e-05;2.9676314710513907e-05;3.126486829914525e-05;1.7339619422397266e-05;1.606619048547228e-05;1.3468040368603727e-05;2.9244222859729646e-05;2.824543173832436e-05;1.3894126699266383e-05;1.681785426202706e-05;1.576677047668537e-05;1.5212129739343773e-05;2.7732998712019275e-05;3.171900137698961e-05;3.3795361778635496e-05;1.9035976084190145e-05;1.637627083485463e-05;1.4079381994806567e-05;3.100738649663981e-05;3.0057342767957125e-05;1.473930170286161e-05;1.7730455706614406e-05;1.681211293382862e-05;3.62984569965083e-05;2.687533740580291e-05;0.000445641494673975;0.000548352126667251;8.614955884082136e-05;7.0468136050608e-05;5.193555561581322e-06;1.8370509433470633e-05;1.4823123818135187e-05;1.5757842879767735e-06;1.0314497347867459e-05;1.934824254330756e-05
00:06:18;60;2.1052671306940532e-05;2.2263786538328703e-05;0.00011924566059950042;1.4758728242596094e-05;2.6316199952444467e-05;3.0504240759848305e-05;3.037047553468917e-05;1.771289234656334e-05;1.6721309116653835e-05;1.3719784014008177e-05;2.842098340300419e-05;2.837027444839309e-05;1.3490052775208286e-05;1.64521576341382e-05;1.5794950181719454e-05;1.4915034073424124e-05;2.768433434447374e-05;3.232698716463439e-05;3.295808275214756e-05;1.9363946067423506e-05;1.6776766941906247e-05;1.4201903836750073e-05;3.0131598036917503e-05;2.9893646109186088e-05;1.4424151461903018e-05;1.7681940450149595e-05;1.6807041107842706e-05;3.638662080576862e-05;2.7260672920521317e-05;0.0005044613799339577;0.0006321785663034354;8.678956575078495e-05;7.463951480291623e-05;5.122497234975581e-06;1.7825308890763204e-05;1.5085678857425886e-05;1.47447485252735e-06;1.0297408012472766e-05;1.9426238828456106e-05
00:06:24;61;3.428475033408838e-05;3.552418272618847e-05;0.00013207347368312307;3.588897706146616e-05;3.51296845105315e-05;3.874728306837741e-05;3.7329123263031185e-05;3.1732778818526306e-05;2.1372706390304135e-05;4.576710917996768e-05;3.826727120523091e-05;4.723180406978661e-05;2.3957503149641855e-05;3.117988143489211e-05;2.481286791128861e-05;3.5938752653582695e-05;3.610402276121298e-05;3.9952419637636095e-05;4.0191944530697926e-05;3.327456120074848e-05;2.1839641082311296e-05;4.7077306705052506e-05;3.8043931166197854e-05;4.867181057387468e-05;2.5524160506231768e-05;3.36746705653252e-05;2.599695782712071e-05;2.4901754145538977e-05;2.424319467556939e-05;0.000497192233045888;0.0007493706802096589;0.0001114102689418124;9.816880289452037e-05;1.5246613615016785e-05;2.13321372405414e-05;1.1880314855288083e-05;2.086456366013576e-06;1.0576677852880594e-05;1.84725503547487e-05
00:06:31;62;4.261331357921253e-05;4.3016612996521134e-05;8.265149303453924e-05;0.00010033925625211023;3.2451324293767605e-05;4.7359309325594786e-05;4.146472449209878e-05;2.9980713706705004e-05;5.017299677040848e-05;2.1407355953845748e-05;3.60666601579851e-05;4.164961492072259e-05;2.342487709938723e-05;5.472754742702984e-05;3.231537047037653e-05;9.763181648700487e-05;3.3498744633567484e-05;4.798243502637554e-05;4.402916887487709e-05;3.147963021155756e-05;4.9687597760267534e-05;2.194449546009367e-05;3.586389476955055e-05;4.264820727027505e-05;2.3162122419353757e-05;5.505894402136343e-05;3.3212285945663537e-05;5.4214068690430385e-05;2.4304913544033555e-05;0.00019149321848167862;0.0003080283369951492;9.874467424857723e-05;0.0002425963273616155;8.865392744106231e-06;1.535655946521431e-05;1.5641621098966486e-05;1.259496227142491e-06;1.1192381365178446e-05;2.0120926192378584e-05
00:06:37;63;3.9711561085327546e-05;4.115201222645473e-05;0.0001732993281219993;3.5131991815908556e-05;3.370227400719986e-05;4.880490741821962e-05;5.946321056171655e-05;3.0317041549210444e-05;2.4453946207617346e-05;6.142026073389802e-05;4.0896996241909534e-05;5.608034644989278e-05;2.769729128327857e-05;3.31751352937524e-05;2.5395317679381563e-05;3.5449543558363215e-05;3.485282284117015e-05;5.046074704894843e-05;6.387105043623833e-05;3.20547323433028e-05;2.441482617161708e-05;6.226402800603876e-05;4.2255888441599655e-05;5.930274540022063e-05;2.7893740341916114e-05;3.507806007902114e-05;2.592594562055281e-05;2.8579790807286322e-05;2.3898590188597365e-05;0.0007038009011129176;0.0010392802842854717;7.317629722808328e-05;0.000142434890279109;6.891815255861444e-06;1.6794572486411133e-05;1.4305606897075005e-05;1.4695715249170806e-06;9.245332923304968e-06;1.971428447495677e-05
00:06:44;64;3.319997900710157e-05;3.444924928034992e-05;0.00011811529311606296;2.0857257784324577e-05;5.45075103973018e-05;4.999534059183216e-05;3.7812590074343625e-05;4.236730781444335e-05;2.0367316101948578e-05;2.2899941294502408e-05;3.749553129947262e-05;3.649805552961218e-05;2.430388001590183e-05;2.3045406862820528e-05;2.824959599934118e-05;2.061760702256638e-05;5.5661673827614055e-05;5.300151186227457e-05;3.995416324259271e-05;4.49407778179665e-05;2.093579851019438e-05;2.409639929755019e-05;3.781626596892123e-05;3.8131752964683894e-05;2.4999076991155597e-05;2.4509606940032255e-05;2.8726346016223424e-05;3.372239823903608e-05;2.4471610119532766e-05;0.0004943869495021494;0.0005833966458385665;0.00012129089664784618;8.328987768612587e-05;8.51066361145844e-06;2.0271202023614457e-05;1.5006418427117289e-05;3.22259211966825e-06;1.1076465866068592e-05;1.87377973115715e-05
00:06:50;65;4.238709117420182e-05;4.333024333368197e-05;0.0001358904873111236;2.4250040192958462e-05;7.869938461495126e-05;5.251441917990137e-05;3.871626934038762e-05;2.468495211293099e-05;6.189349527765195e-05;3.455927359203253e-05;3.405723912599321e-05;5.17860998095123e-05;1.8871409771102e-05;4.6406737347772584e-05;4.220575912551215e-05;2.4209394815685138e-05;8.137414371521106e-05;5.3212440584099536e-05;4.092988810837976e-05;2.5931121842715377e-05;6.027218441425858e-05;3.640391906064676e-05;3.479584113306431e-05;5.3805456503406403e-05;1.9847341004778968e-05;4.718932647352355e-05;4.1991844262133496e-05;3.355851275784942e-05;3.5514390445800283e-05;0.0007474941265499397;0.0006261369939631917;8.21252476202623e-05;3.175646348244906e-05;7.709042796167689e-06;1.9279482299755427e-05;1.71891191881748e-05;1.5230073940892804e-06;1.053845394946144e-05;1.7861007286342005e-05
00:06:57;66;3.839820281954913e-05;3.9562033911167845e-05;9.189186507336067e-05;2.8527344687228666e-05;3.288620339700091e-05;5.215772676272288e-05;6.891356443619853e-05;3.161468293652351e-05;2.492762244282238e-05;1.7005555248901643e-05;5.25215385623183e-05;3.5188610643837656e-05;2.0337011653220376e-05;7.214752865407222e-05;2.4551030377169397e-05;2.8636365284542023e-05;3.395784517147437e-05;5.253408781305852e-05;7.266753366625207e-05;3.355237517604985e-05;2.4960312565539587e-05;1.7211692799800047e-05;5.101550856194035e-05;3.795367194493626e-05;2.0950490027103172e-05;7.637957780757518e-05;2.4924933463405033e-05;2.9521654240573796e-05;3.3335685424830736e-05;0.000415067119126179;0.00041543231020299673;8.035059420046233e-05;5.228215971251235e-05;4.088485056862137e-06;1.8491181401644604e-05;1.9603206137410166e-05;1.5171385774514174e-06;1.0384731258254154e-05;2.2628115541150758e-05
00:07:03;67;3.128808553108022e-05;3.227082968898017e-05;9.660611257789884e-05;1.8360459726161274e-05;3.148036440786034e-05;3.814202109062783e-05;3.3869877406480306e-05;3.718467469194696e-05;2.6814113597466033e-05;4.4327460701961997e-05;3.94769008561401e-05;3.07365773954354e-05;2.3558111989659253e-05;2.3260724996083066e-05;2.824572734089708e-05;1.8645899367181265e-05;3.37739437540383e-05;3.870487220226522e-05;3.729834939873353e-05;3.8822614845264954e-05;2.503168093714026e-05;4.427859160306427e-05;3.995162004212955e-05;3.169919654271636e-05;2.4546457535518727e-05;2.5324718817616107e-05;2.9171998788495075e-05;4.343668225066079e-05;3.1942826540808886e-05;0.0002680243705891782;0.0005051672333861064;9.185907656408224e-05;0.00014679536204382224;6.019617282852356e-06;1.805380534508363e-05;1.8291092281066975e-05;1.5543689131633544e-06;9.058230712811518e-06;1.9070685025149637e-05
00:07:09;68;3.055513886093567e-05;3.1272488038528625e-05;0.00020819023726493052;1.8911004918787842e-05;3.346386405279521e-05;4.3758294305524196e-05;3.428029911715798e-05;3.673012409163593e-05;2.1734177127283065e-05;2.5338689490374897e-05;4.385810398523724e-05;3.650310468763316e-05;2.2035574666936306e-05;2.5487209116063653e-05;2.4561210130452142e-05;1.889895583754199e-05;3.500051248529071e-05;4.4374964516786744e-05;3.6421649694395595e-05;3.7542984460466144e-05;2.1063696651622252e-05;2.6046149068400765e-05;4.29045106367211e-05;3.845138198351988e-05;2.26589481020641e-05;2.6749270776385452e-05;2.515681881971121e-05;4.2831049004852324e-05;3.0198524782593247e-05;0.0012725335289845371;0.00099508308325642;7.609411263896297e-05;1.672484923626413e-05;2.7824857045997373e-06;1.6463249431919856e-05;1.5573472705054348e-05;1.461201642023606e-06;9.81410398443056e-06;1.87231858075086e-05
00:07:15;69;2.7663816460041993e-05;2.8682254426862124e-05;6.427794868854445e-05;3.4521657084951585e-05;2.9285145695274135e-05;3.505022052960075e-05;3.7794059401428306e-05;2.4050152191534835e-05;2.006542393282664e-05;2.1612899188157414e-05;2.8304218222853127e-05;3.457935178051809e-05;1.9230765170680737e-05;2.026369260993926e-05;2.7208204094429014e-05;3.472035450037846e-05;3.084282779806777e-05;3.673528933373009e-05;4.0023395844331434e-05;2.6139873723509424e-05;2.0039473130526845e-05;2.2395479609718976e-05;3.0118793894203756e-05;3.504023184580581e-05;1.934626242807179e-05;2.16294419709512e-05;2.7155619124952657e-05;3.2426879276273296e-05;2.752400437224845e-05;0.0002711485037615224;0.00023053703770930224;0.00011224002956521891;3.499641654723792e-05;4.215156618868929e-06;1.571843899705693e-05;1.3408820335141636e-05;1.9068177629198381e-06;1.0143630329501628e-05;1.706964898724106e-05
00:07:21;70;3.6926373804197446e-05;3.8205711185767115e-05;0.00016090011723002797;2.545926661732458e-05;3.196555183328862e-05;3.734451405018097e-05;3.753065145288433e-05;6.056012582627607e-05;2.0394153612425146e-05;3.514419735366077e-05;3.496662999809401e-05;6.427280439424976e-05;1.8916668701442838e-05;3.697105516277009e-05;3.959085303377337e-05;2.6682413245228567e-05;3.393318197768052e-05;3.9250209577207726e-05;4.061565186354609e-05;6.192009816372832e-05;2.105259820290243e-05;3.624796646144654e-05;3.5550399774411414e-05;6.461128214141354e-05;2.0623492685134104e-05;3.739257650361455e-05;4.0588645972576745e-05;4.7726249356649204e-05;3.102058314904831e-05;0.0010491629201350185;0.0006512349428287571;6.428739449660917e-05;1.835336943166236e-05;3.047454665360383e-06;1.871735849034934e-05;1.4399282752103903e-05;1.4743706288253868e-06;1.1045370056865139e-05;2.0332110769087412e-05
00:07:28;71;3.3704721178392816e-05;3.470044285228441e-05;8.941655868696838e-05;3.3638973152702334e-05;3.8100824473923986e-05;3.128934649897598e-05;4.1476280906429317e-05;2.2305512105317988e-05;4.9938054750307195e-05;3.0148856825204266e-05;3.26651050489669e-05;3.5291576355430976e-05;1.6756888000331443e-05;4.720385948334379e-05;2.564136144656004e-05;3.330260595340647e-05;4.006940522415363e-05;3.1909773048327326e-05;4.338620693730102e-05;2.3057030697991996e-05;5.059442260004934e-05;3.0433927729719942e-05;3.376483653459839e-05;3.721459354811843e-05;1.7545432605908865e-05;4.815765852889612e-05;2.6969405979211324e-05;4.4487029368699045e-05;2.9768911629370836e-05;0.00047686789505459605;0.0003313419500406174;8.088621702308273e-05;2.4426734351831957e-05;7.559582314896355e-06;2.603656687606678e-05;2.0340884350671918e-05;1.2912977461436302e-06;1.0889693081857007e-05;1.9101942405787124e-05
00:07:34;72;2.540545854530633e-05;2.644686889963643e-05;0.00010056995269586621;1.9350931583258816e-05;2.4539998719319556e-05;2.836865805668574e-05;3.464195413533327e-05;2.66675501036802e-05;3.5707452866518e-05;1.4051416666983517e-05;2.679725466495339e-05;3.3095580487373475e-05;2.045006714917525e-05;2.0346776335858603e-05;2.084785380160073e-05;1.9796887396365447e-05;2.6004464013532947e-05;2.957221933016465e-05;3.7244746705209185e-05;2.7974090100335298e-05;3.498525323646137e-05;1.4350051728049234e-05;2.8616377975698854e-05;3.4118807302029725e-05;2.1485274984012064e-05;2.1320946963229127e-05;2.189329998030569e-05;3.912028472369538e-05;2.6572100020015618e-05;0.00036546708455173157;0.0005178925361547455;8.97856624854148e-05;0.00010144120772671837;3.074767931983995e-06;1.7989144193098657e-05;1.3936580460788973e-05;1.8447686173604425e-06;1.0095655492266966e-05;1.9619639992574096e-05
00:07:40;73;2.4756099629092372e-05;2.5995371921637826e-05;4.1589406519493596e-05;1.6143598486451083e-05;3.0447051416486332e-05;2.9767092792615752e-05;5.3678254199047096e-05;1.95270800689555e-05;1.9885508928558178e-05;1.3718491693737178e-05;2.7910104250850054e-05;2.7250860770519385e-05;2.168637201097309e-05;1.9903764346260935e-05;1.7155008977324954e-05;1.574659586655303e-05;3.166573360776735e-05;3.165340666195725e-05;5.6521184565617316e-05;2.0805886074010197e-05;2.016431325143999e-05;1.4392405871690186e-05;2.971278951883528e-05;2.9214039824194203e-05;2.3142521012566328e-05;2.0214670580053627e-05;1.8710908839641923e-05;3.114866747970751e-05;3.150448561473739e-05;0.00013944602438288717;8.817702946393927e-05;7.447904849751445e-05;6.789740920781653e-05;3.438584766179428e-06;1.61224288232655e-05;1.5760628192997622e-05;3.336512330302042e-06;1.1193256627312306e-05;1.6568802847263908e-05
00:07:46;74;2.6654161367580606e-05;2.7910046522760517e-05;0.00021325404395191;1.6102757241237047e-05;2.495332802642348e-05;3.457250227773495e-05;3.742965972977882e-05;2.046266830807946e-05;1.772610090581979e-05;1.3864443979953608e-05;4.976048811303454e-05;4.914962133542841e-05;1.3320380891069693e-05;2.1851406280213517e-05;2.0656572221934187e-05;1.658186609554694e-05;2.622437932586763e-05;3.5332433681911495e-05;4.145938517099181e-05;2.2472432848661798e-05;1.7952779982599305e-05;1.4413741327983569e-05;5.085856127486376e-05;5.126743426559717e-05;1.3981564665346589e-05;2.2841045991506553e-05;2.153492353995083e-05;3.5481193038735416e-05;3.3906892597175206e-05;0.0011115959519962554;0.0011896283620254572;8.423724426778855e-05;3.46373446740465e-05;2.6748473737924014e-06;2.5238630879298497e-05;1.4124223338944949e-05;1.264023595796242e-06;1.0398317002458091e-05;1.5861496633172103e-05
00:07:53;75;2.3300784182434985e-05;2.4297381140611464e-05;0.00010007961122194369;1.5805768413201804e-05;2.3927943414295523e-05;3.809152840972274e-05;3.2865634254490445e-05;1.755185131716272e-05;1.712585667622658e-05;1.2243339488742839e-05;2.6992688776514033e-05;2.584755401358052e-05;2.763015982958967e-05;1.8765862104818222e-05;2.2761215671028946e-05;1.5805199583627642e-05;2.5049004531715986e-05;3.952849782521459e-05;3.54697667371741e-05;1.919294675621753e-05;1.704026000212091e-05;1.2549963656378559e-05;2.8563935475061422e-05;2.6994273337296834e-05;2.8119347513858906e-05;2.0072511584727136e-05;2.3182860234014754e-05;3.131728891867713e-05;3.0168991396875116e-05;0.0003799843688251977;0.0005189793662789932;9.003931219444416e-05;8.899241500802507e-05;2.8510714582451755e-06;1.532536536609404e-05;1.552303725273591e-05;1.3985362371365623e-06;1.0437827291766312e-05;1.59377544351345e-05
00:07:59;76;2.4900317824135115e-05;2.605465253302238e-05;0.00011897302208978813;1.672806670621247e-05;2.374280733037763e-05;4.543574327313267e-05;4.738978773068745e-05;2.3294010882130518e-05;1.7370916301021307e-05;1.4608782670677556e-05;2.6786113051261136e-05;2.9414416851316425e-05;1.638838164746465e-05;1.939391868497544e-05;1.8250862082554292e-05;1.6697650930318906e-05;2.5044932413096185e-05;4.638149407640677e-05;5.064986512076723e-05;2.4846365888635452e-05;1.7292217595655253e-05;1.5053596834599076e-05;2.8004480462854352e-05;3.1134013671028614e-05;1.6978633147682787e-05;2.180532273881379e-05;1.8767248939529735e-05;4.480996266326149e-05;4.870234692658395e-05;0.0006324303734181406;0.0005248165979245395;6.69275798154286e-05;3.725156751758572e-05;3.819187239136487e-06;1.833327476355901e-05;1.9731224922272693e-05;1.6417653374756133e-06;1.0560330963675498e-05;1.8652053585798034e-05
00:08:06;77;2.1205030970411993e-05;2.2368169429452642e-05;0.00013140846376157205;1.6460070567477075e-05;2.9013103657730838e-05;2.699590924945286e-05;2.837410733811587e-05;1.9420178929217194e-05;1.4585284505001669e-05;2.1407431382478784e-05;2.40924328303229e-05;2.5276552373105172e-05;1.2081938326570128e-05;1.999715603837806e-05;1.6756198813926527e-05;1.6477271269132308e-05;3.0387173922728052e-05;2.8210959407019053e-05;3.115333695663876e-05;2.1148290555554668e-05;1.4958036145695655e-05;2.26073461126822e-05;2.5868854807620528e-05;2.659697869764582e-05;1.2669713882293959e-05;2.026608460335963e-05;1.8073977830508853e-05;4.348928158553494e-05;3.18675367161543e-05;0.0006056115456554125;0.0006752299406218421;0.00010316122212546801;5.0902131509132585e-05;4.233889793042635e-06;1.799137646786588e-05;1.5571254771516804e-05;1.2663326537772017e-06;1.1423884474312503e-05;1.615316876480547e-05
00:08:12;78;2.236299345978213e-05;2.3534028146001865e-05;9.250453721413412e-05;1.865263379065916e-05;3.266397358200638e-05;2.4917122746356572e-05;3.285631640892461e-05;3.4871803212478305e-05;1.4918514142178454e-05;1.3863371103701121e-05;2.8662286212011168e-05;2.6045546980733228e-05;1.1172823103064191e-05;1.5154129606933317e-05;1.4577393478341285e-05;1.8308727738235286e-05;3.435399357149896e-05;2.6500766131293054e-05;3.5457175738573124e-05;3.6279866516094984e-05;1.5704403382717173e-05;1.3915480550063944e-05;3.0713573450375864e-05;2.744052612279465e-05;1.217213885186688e-05;1.6055022500996195e-05;1.5506654114077824e-05;3.649363131237514e-05;3.317103591722967e-05;0.00040436352383758196;0.00040947638499405214;0.00010688870025994035;5.3394330977954466e-05;2.9828659417066765e-06;1.826435052220153e-05;1.62332316041333e-05;1.470150088244631e-06;1.0509894178060897e-05;1.680634693612873e-05
00:08:18;79;1.993076651015971e-05;2.1053807450940277e-05;9.433500497387796e-05;1.5834906269612308e-05;2.0253832599595707e-05;2.445014382730774e-05;2.6235739432743024e-05;2.0314655387210223e-05;2.2800031271944217e-05;1.4756326690184613e-05;2.695639069956583e-05;2.4051828909612347e-05;1.1778570272337095e-05;1.8001671728546338e-05;1.3735093699810106e-05;1.6500623927111265e-05;2.1684301597665985e-05;2.561591090737618e-05;2.926370433658432e-05;2.16988010845542e-05;2.2532190927495897e-05;1.5124586372874983e-05;2.8292753696301658e-05;2.5882561629582078e-05;1.295274749373917e-05;1.857764459888545e-05;1.4519855194751621e-05;3.39389929167369e-05;3.44676035384261e-05;0.0003797244106994526;0.0004731551441577472;7.770795671184792e-05;6.81883224774192e-05;2.4265026329514427e-06;1.8768145424398076e-05;1.5176340881533233e-05;1.2564194198645729e-06;1.0862052426226892e-05;1.6348168399931258e-05
00:08:25;80;2.1407829096502113e-05;2.264608011051977e-05;0.00010500827498074214;1.5185675565021484e-05;2.0742769006109153e-05;2.9155514521438487e-05;4.825588875302277e-05;1.4833085228619067e-05;1.5629357945230865e-05;1.2958196306039389e-05;2.534941523244718e-05;2.448261268351747e-05;2.0681386964518175e-05;1.4040166074768091e-05;1.557987437453531e-05;1.521056706626985e-05;2.198572348811755e-05;3.084612392199291e-05;5.105200338382215e-05;1.598537426017876e-05;1.5952606605147778e-05;1.3552819814034177e-05;2.6632182313353296e-05;2.6480285968422252e-05;2.1960201293846764e-05;1.572518945816032e-05;1.6369875417775446e-05;3.934134708526542e-05;4.454946378205259e-05;0.0005350526458425094;0.0004672364971171119;7.83739845112082e-05;3.1061401402118175e-05;2.4216675898415976e-06;1.80636773891508e-05;1.5610045952233624e-05;1.3171665138418955e-06;1.1365024978072703e-05;1.5706377605499408e-05
00:08:31;81;2.0628081759096776e-05;2.2149792314423073e-05;9.269603846674938e-05;1.5975851283656084e-05;2.356506546680686e-05;2.4938291819477275e-05;2.5679140276483022e-05;1.7312353906814597e-05;2.8152852783074938e-05;1.1866920354980886e-05;2.7843910022408057e-05;2.4974866508128716e-05;1.837787826533796e-05;1.5797696934524456e-05;1.3052146155959319e-05;1.6505354704096605e-05;2.5303099276623216e-05;2.7017863373392957e-05;2.86813814731247e-05;1.9429513509127405e-05;2.770412011389603e-05;1.2408026744691874e-05;3.0378623544297453e-05;2.6847828733860042e-05;1.991033600403815e-05;1.75023460427308e-05;1.4109005146738013e-05;3.625651377071712e-05;3.3456911177752e-05;0.00033546032988074397;0.000464046281096787;8.985924980475824e-05;9.039313460705674e-05;2.746182165690856e-06;1.6225991223962984e-05;1.582099547495246e-05;1.1931859705772369e-06;1.1008324203463953e-05;1.5885362224529876e-05
00:08:38;82;1.9795663485472854e-05;2.1078789175106388e-05;0.00014990740853301784;1.549006327133446e-05;1.896489786707372e-05;2.433183763886601e-05;2.6357250522902508e-05;1.56788484559911e-05;1.3133506061277247e-05;2.610763276968762e-05;2.3539016304787516e-05;2.4325106538340563e-05;1.800641254460929e-05;1.3814260968429567e-05;1.7799121257605126e-05;1.572377796843353e-05;2.0783185333774654e-05;2.5756256899846528e-05;2.942735116886081e-05;1.7258345632733005e-05;1.3626614855650277e-05;2.7022622252613324e-05;2.4745391852729305e-05;2.574114422932786e-05;1.9245977132931893e-05;1.5174200805493548e-05;1.8440596871682196e-05;3.120628265612731e-05;3.8373988214370144e-05;0.0006154966357304404;0.0008754405235960253;9.05596078842123e-05;8.45591412188065e-05;2.940845492932626e-06;1.710669569616068e-05;1.552435866494071e-05;1.5782639604134522e-06;1.0772537088178478e-05;1.5330022193606386e-05
00:08:44;83;1.8335574802625327e-05;1.9459364322549073e-05;0.00010272980285668311;1.2115498895520266e-05;2.7048074863180524e-05;2.4367411491901045e-05;2.5945387940075968e-05;1.4349298505129065e-05;1.3014892950671062e-05;1.0406384906115239e-05;2.4039009789786096e-05;2.33130541444511e-05;1.0428687995752997e-05;1.706477417361508e-05;1.793441548934218e-05;1.2351879918184484e-05;2.7955868339447505e-05;2.5935772227276636e-05;2.908422483633791e-05;1.6010684760923268e-05;1.3294267808282424e-05;1.1293966071195738e-05;2.549952190333264e-05;2.4958008688821493e-05;1.1354065573189623e-05;1.7392555641487853e-05;1.838154715682598e-05;3.5391239088297446e-05;3.295121366309287e-05;0.0003740041342641046;0.000537094434312338;8.953392718616796e-05;9.973794320921972e-05;2.875379159553434e-06;1.8027847428001044e-05;1.5849106288131257e-05;1.4090734374007775e-06;1.0866072892187672e-05;1.5017263351702311e-05
00:08:50;84;1.7016223686348233e-05;1.8208353692530124e-05;0.00012156688332849124;1.2740670465466957e-05;2.0830314028330577e-05;2.3263965697527635e-05;2.6650548689262493e-05;1.3178863279702826e-05;1.3280521076549947e-05;1.0002058347295547e-05;2.4049392759583167e-05;2.1988721778660132e-05;1.1297442224066469e-05;1.2747055761637553e-05;1.4165123135709026e-05;1.3139870663761468e-05;2.264295826419964e-05;2.494400583209081e-05;2.909546536194526e-05;1.4740085330404212e-05;1.3323540401812996e-05;1.0794399938127246e-05;2.5236147756672088e-05;2.3661812485466106e-05;1.2205230874153845e-05;1.378838472111413e-05;1.4928335571588647e-05;3.493219685286975e-05;4.101781927318782e-05;0.00048703856560810145;0.0006658053132637981;8.951355442187374e-05;7.684023286925394e-05;2.6110129561332307e-06;1.7127351817012918e-05;1.6638407420964206e-05;1.1743283165998015e-06;1.1064461850448642e-05;1.5039355291651008e-05
00:08:56;85;1.71578428000368e-05;1.838109901770242e-05;0.00013179689117927173;1.217691290249108e-05;1.958291393836217e-05;2.497046744891081e-05;2.8381338747284314e-05;1.3474646647440833e-05;1.2580027768907795e-05;1.1904625654065884e-05;2.401128276636138e-05;2.162022404273888e-05;1.0657289515527488e-05;1.2360027352800982e-05;1.4174349641652126e-05;1.2710788965544257e-05;2.0964414667289504e-05;2.6838231929968394e-05;3.0781053858764964e-05;1.4975771545657234e-05;1.2899417096020983e-05;1.2508653060050867e-05;2.524160654387213e-05;2.326493952900416e-05;1.1534737662754473e-05;1.348651575069739e-05;1.536704955550347e-05;3.8438604644252656e-05;4.3188586478092524e-05;0.0006008667658885217;0.0006912281703085372;8.767510946371148e-05;5.6115622625188644e-05;2.8491369218607053e-06;1.7952377795160668e-05;1.5763017039138056e-05;1.1559742108821872e-06;1.0729616421896046e-05;1.5599712354018296e-05
00:09:03;86;1.7138698069629754e-05;1.833292269192141e-05;0.00012100356426043435;1.5699176017847094e-05;1.817281558270555e-05;2.349686613714849e-05;2.3167635225201426e-05;1.4510276957030948e-05;1.2120380231098435e-05;1.3376477612842502e-05;2.4383738947490613e-05;2.4359260428561605e-05;1.144935987505071e-05;1.224735197266372e-05;1.268103031164132e-05;1.6303173237523694e-05;1.939744014393161e-05;2.449058284364122e-05;2.6203571192299818e-05;1.6289204360205823e-05;1.2289673047891046e-05;1.412345717872546e-05;2.5822752820515027e-05;2.5848139557638206e-05;1.2143664932835559e-05;1.3497412176467507e-05;1.3585994024709446e-05;3.461508339463151e-05;3.635525077925913e-05;0.000500755939930339;0.0006586154963822347;9.066655876865491e-05;6.776045036611764e-05;2.9245900183149433e-06;1.6535513583880756e-05;1.616219145946527e-05;1.4710106869931736e-06;1.0799809447419138e-05;1.538087630790205e-05
00:09:09;87;1.6441141544925646e-05;1.7592206249095328e-05;0.0001176245294368124;1.1843135333513352e-05;1.8279127957043784e-05;2.2759182729456288e-05;2.4427413278389892e-05;1.3277663630229984e-05;1.6554276141081655e-05;1.0223853421238841e-05;2.116461689250958e-05;2.110850995377818e-05;1.2223953353379164e-05;1.2957892330689447e-05;1.2474067399378699e-05;1.238684658174067e-05;1.9842435190357605e-05;2.45092111601733e-05;2.7044979048431615e-05;1.4520373434042764e-05;1.651302458804257e-05;1.0731069456205315e-05;2.262866676378335e-05;2.2460128185471896e-05;1.311812621691077e-05;1.3818468342154269e-05;1.3533136000119214e-05;3.703517550042938e-05;3.930857554018858e-05;0.0004520900020784888;0.0006275683087441158;8.777640514323096e-05;0.00010396888766351998;2.819898907917828e-06;1.6086501799910992e-05;1.6337230029989404e-05;1.3179439094082917e-06;1.136090684799601e-05;1.5824517076552575e-05
00:09:15;88;1.601226256944053e-05;1.7178927631488754e-05;9.549718014653e-05;1.1909281604842322e-05;1.824559104141537e-05;2.275218583556373e-05;2.586757040164271e-05;1.2793285580802273e-05;1.2213421572679097e-05;1.1161043133902446e-05;2.062416343888303e-05;2.1075439982289687e-05;1.0232127306411796e-05;1.3196051340132312e-05;1.2076982945333468e-05;1.2361766045004618e-05;1.9539183580767528e-05;2.4342386875761365e-05;2.847695319774808e-05;1.4216561483615667e-05;1.238777498011713e-05;1.18281524021457e-05;2.2297418961644796e-05;2.256113846301502e-05;1.1015735869673509e-05;1.4084371229463486e-05;1.3035681034505362e-05;3.800995104147817e-05;3.7454861059304774e-05;0.00040138733422706124;0.00046011877497065436;8.705115405235796e-05;5.731349382172796e-05;2.855933113121151e-06;1.6663714062495015e-05;1.6846710819084807e-05;1.1970289145686158e-06;1.1135845539423365e-05;1.5931360137082225e-05
00:09:21;89;1.578590270283216e-05;1.6916851759733503e-05;0.00011436632174509794;1.114248179396265e-05;1.834759053891007e-05;2.3046335188196693e-05;2.5105240289555944e-05;1.3065534184745916e-05;1.2274328488553527e-05;9.732327086453552e-06;2.0802185040545076e-05;2.1289234405747432e-05;1.0847882785340476e-05;1.2250315957761483e-05;1.1527370713405492e-05;1.142229458781901e-05;1.9696709893616593e-05;2.4719032531904787e-05;2.75796460012811e-05;1.4436750830157773e-05;1.2544119168593124e-05;1.0101425180471757e-05;2.2366777580206376e-05;2.2774019559124732e-05;1.1637464243144275e-05;1.3105591278872453e-05;1.2618383762752342e-05;3.736628568469747e-05;3.743257548523703e-05;0.00046597747769605585;0.0006065676825211539;8.629178561490525e-05;7.679030058951862e-05;2.648998372851324e-06;1.5830656113359033e-05;1.5560389739637346e-05;1.266658074770987e-06;1.1068448911063488e-05;1.5594602137925218e-05
00:09:28;90;1.5687651722632008e-05;1.682750110065379e-05;0.0001124646537986088;1.1260978923969974e-05;1.8056514367582498e-05;2.2506362739704855e-05;2.458533274885998e-05;1.3863390005429789e-05;1.2230043859579547e-05;9.437436294102884e-06;2.092620502868282e-05;2.1266196665950783e-05;1.0271176255375023e-05;1.1967268752693434e-05;1.1880908972598677e-05;1.1692062085048632e-05;1.9390800464205752e-05;2.4022777336229617e-05;2.7034656928271596e-05;1.5098859228578188e-05;1.249573154071393e-05;9.951981783045465e-06;2.261929037996208e-05;2.2858478610320576e-05;1.1198324080373535e-05;1.294065578470428e-05;1.2626386694448022e-05;3.6212071667891035e-05;3.806350518102508e-05;0.0004590471240936244;0.0005934872163538454;8.902947598930891e-05;7.133777620347798e-05;2.7185209123236563e-06;1.6295597796871557e-05;1.5531110078399904e-05;1.25245249870211e-06;1.1052671657122942e-05;1.5548323150712272e-05
00:09:34;91;3.71595561096621e-05;3.826892981710962e-05;0.00010656848738764322;3.148249678278344e-05;2.5578977701198628e-05;3.902404911183442e-05;3.922393083206027e-05;3.623771631050038e-05;3.091190975691337e-05;4.3697874629474015e-05;4.1217383979259964e-05;7.114741522297085e-05;3.135659472196618e-05;2.1033321158628578e-05;3.500298793762175e-05;3.3072997637968396e-05;2.6940703777009858e-05;3.905507974541021e-05;4.2137269011169636e-05;3.847264548611851e-05;3.0692382223824555e-05;4.43027616665283e-05;4.023211532293766e-05;7.326669509882178e-05;3.4088524662826174e-05;2.197511989661622e-05;3.49908472505572e-05;2.8880171694228426e-05;3.8767163518873155e-05;0.0004590041367234822;0.0005335502968044535;9.880580123350042e-05;4.051046814782806e-05;6.935326823000494e-06;2.3959775333234937e-05;1.653182052043864e-05;4.217100703673428e-06;1.1377849216264005e-05;1.6281937932741096e-05
00:09:40;92;3.055893223673097e-05;3.173260836176061e-05;0.0001973984818798634;2.010264194299535e-05;2.600698084878869e-05;4.364086598229733e-05;3.192010985809578e-05;4.3579125564912665e-05;2.2821330574629428e-05;2.1790761164456026e-05;2.6389097466893542e-05;4.207643600166607e-05;1.6159106006729086e-05;2.929375679369431e-05;4.292696437408433e-05;2.0196892514429202e-05;2.7758009056487013e-05;4.4199327896444915e-05;3.4154654506120917e-05;4.502372907661049e-05;2.2636320518589095e-05;2.2550999289441152e-05;2.7992647660482098e-05;4.38051848516496e-05;1.740185293380784e-05;3.0275812329093725e-05;4.4795856514541855e-05;4.0172866103456275e-05;3.769760456516466e-05;0.0011868085081713211;0.0009181964913020045;9.720148383591744e-05;2.1326034507130116e-05;2.1278060088423916e-06;1.3862558664092335e-05;1.8440908312096954e-05;1.0635000823847244e-06;1.0936566389471697e-05;2.0947454616479317e-05
00:09:46;93;3.201288847714584e-05;3.270468214741183e-05;6.173343349236001e-05;3.743449032227049e-05;2.4039628802990425e-05;2.9985517910931364e-05;4.60681702608409e-05;4.6511611889792967e-05;2.1517456572568832e-05;1.2520381631666375e-05;6.656076474407449e-05;3.2730170671997754e-05;2.2272245490481428e-05;2.262999690313708e-05;2.18842134697442e-05;3.7139944548540326e-05;2.5464195632478928e-05;3.019158001838081e-05;4.893900839743776e-05;4.681553667103776e-05;2.1387273015615036e-05;1.2944093340811839e-05;6.561524377836657e-05;3.432948734037301e-05;2.3866022263375064e-05;2.3156084951758976e-05;2.2607703359898538e-05;4.266283033831283e-05;2.738439401326352e-05;0.00022861097028655658;0.000213967553232487;8.435920155952158e-05;6.911359575992167e-05;1.6937279655157392e-06;2.446339376635011e-05;1.7571507530647007e-05;2.1408248597735892e-06;1.1129005942072062e-05;1.770419665389832e-05
00:09:53;94;3.348260189155057e-05;3.4689833009446076e-05;0.00015983131512535578;2.9189190824881322e-05;2.5963934618289386e-05;7.344240189220066e-05;3.8882796213163765e-05;2.25883195073803e-05;1.9964183022383704e-05;1.610698588453116e-05;3.1292183781385e-05;3.046078713256603e-05;4.544484202349188e-05;1.9579211200690143e-05;4.88763724500917e-05;2.9465691965659844e-05;2.749255502208201e-05;7.402827699640707e-05;4.183045302276777e-05;2.3159480642328773e-05;1.9698166040684498e-05;1.690972040026431e-05;3.239302423946954e-05;3.139364307111164e-05;4.925010283311823e-05;2.117886378982803e-05;4.947800410758922e-05;3.2140874088880216e-05;4.49896390937765e-05;0.000817894579524714;0.0008133898429517183;6.85614610716955e-05;6.303649017750865e-05;2.9729822323902794e-06;2.181594759116103e-05;2.015897573700001e-05;6.250996754422294e-06;1.1674570575031526e-05;1.5089421705970898e-05
00:09:59;95;2.6128069115636457e-05;2.683809978844704e-05;4.407349941934013e-05;1.3917826321248453e-05;2.7302326166343185e-05;2.8592655739471823e-05;4.1785199083609435e-05;3.7068564701960646e-05;1.4859901037828587e-05;1.2224588180035054e-05;3.19719669154107e-05;3.54712266734871e-05;2.2940823422407615e-05;1.7535408900926086e-05;2.9866335341663134e-05;1.3743439553706328e-05;2.888793541030823e-05;2.9170896273689885e-05;4.427310014313052e-05;3.7348006255250524e-05;1.516068123582724e-05;1.2450254411006323e-05;3.275527358456674e-05;3.642446822998898e-05;2.415649884559444e-05;1.865851943507493e-05;2.902811733684193e-05;3.955952307929793e-05;3.435209847105047e-05;0.00010690208983673691;0.00010189529336971806;8.423027703002263e-05;8.554315051194692e-05;2.5426196543519997e-06;2.3074637806335893e-05;2.124923203736505e-05;2.452920901317203e-06;1.1506308141073136e-05;1.5573842192865406e-05
00:10:05;96;2.5853509625180365e-05;2.7199605581331468e-05;0.00014184816245908316;1.584887540802397e-05;2.2623685428481043e-05;2.7100136226077996e-05;2.673490933540796e-05;2.2636445429213836e-05;1.6953987718373107e-05;1.8284430793032286e-05;2.8742645869525322e-05;3.3782648955593686e-05;4.710190029558444e-05;2.8033851876330118e-05;2.2398589914535645e-05;1.55448220032702e-05;2.437469698588181e-05;2.8211766025206203e-05;2.9169088750827137e-05;2.4315521225421263e-05;1.692666844260375e-05;1.9585949660181598e-05;3.071592680821077e-05;3.524999756567162e-05;4.9607285302643714e-05;2.8742428415320824e-05;2.395110843994926e-05;3.271611931421547e-05;3.142677337198218e-05;0.000691857575141411;0.0007254899664221199;0.00010609764891106292;4.079401723312775e-05;2.5250528083409114e-06;1.5645802972636387e-05;2.4202690733843183e-05;2.5349001918935584e-06;1.1317407370142126e-05;1.7569995038222476e-05
00:10:11;97;2.804997287533049e-05;2.9192104239548746e-05;9.798138860827049e-05;2.0914366813103285e-05;5.654409305448512e-05;2.7922424139474472e-05;3.914226103709304e-05;2.4639434662596862e-05;2.910289271860413e-05;1.4114402696143522e-05;3.2596618374534295e-05;2.7534652484849754e-05;1.8617232695109205e-05;2.699687198060019e-05;1.8474416227770067e-05;2.1119050421774878e-05;5.748167076708802e-05;2.9087938429843753e-05;4.14797003123809e-05;2.5701299542745375e-05;2.9496361784816755e-05;1.4776464767341099e-05;3.405112444472505e-05;2.8968424966121888e-05;1.943016235876528e-05;2.959908228080213e-05;1.911395938344568e-05;3.1999889120269166e-05;4.187159318632032e-05;0.0003792364614078223;0.00045788356629572827;9.105835726216828e-05;0.00010819622355704;2.249547267421615e-06;1.2585787453809426e-05;1.967017385903803e-05;1.4346779971305364e-06;1.2151015638664942e-05;1.743937025383295e-05
00:10:18;98;2.7294892778296674e-05;2.8398460120955905e-05;3.814000991723737e-05;2.5576557897528058e-05;3.247081613205244e-05;3.2543974397599e-05;3.985566874317473e-05;4.2390025186023195e-05;2.1404883807075624e-05;2.532940799746732e-05;2.8279809134284566e-05;2.7494086623391922e-05;2.1643894640988037e-05;1.53062457467389e-05;1.5243336213963879e-05;2.6703854778536914e-05;3.36253981027145e-05;3.390316964260485e-05;4.185652512746798e-05;4.413751465315589e-05;2.2054265484050257e-05;2.611161527989058e-05;2.9404814074352337e-05;2.8583085910627866e-05;2.2171142760110145e-05;1.645845803736099e-05;1.5771670462792044e-05;3.03885170167322e-05;3.073751594230968e-05;0.00013914503660134787;0.00010799047888837007;5.455126787507249e-05;2.7209730301383403e-05;3.2359704769841647e-06;2.0458968992659382e-05;1.45812993529092e-05;1.8524216473516134e-06;1.1523031406620976e-05;1.600588050510716e-05
00:10:24;99;2.478293269157141e-05;2.6000897136488872e-05;7.760849731388306e-05;1.628898345338505e-05;2.4158795324327993e-05;2.56206921911619e-05;2.928199220067737e-05;3.667532116806301e-05;1.87251109661123e-05;1.434279286562721e-05;2.3257864025471132e-05;2.3088862540341573e-05;3.0888797910093174e-05;1.6247144542221164e-05;3.8818827055758284e-05;1.578851142652109e-05;2.5812879081242983e-05;2.7008750627909293e-05;3.2744059100440596e-05;3.849098204193092e-05;1.92372645766296e-05;1.4716535507789018e-05;2.512407560591126e-05;2.4100805074087036e-05;3.3165231775168236e-05;1.600992418158817e-05;3.981174106943226e-05;2.9263053090549038e-05;3.287129429142745e-05;0.0002874898744025909;0.0003492131658932836;0.00010487858922834539;6.117671582293913e-05;1.774742933227614e-06;1.7176719283453582e-05;1.689050534153731e-05;2.793662318461166e-06;1.1812899024851385e-05;1.596074613593016e-05
00:10:30;100;2.4846312173436175e-05;2.5418055308444862e-05;9.98787005553586e-05;1.7329435944578687e-05;2.4303168216151377e-05;3.3499719736792855e-05;4.6142360363629365e-05;2.9170333188620713e-05;2.4884349873456234e-05;1.5016461114085319e-05;2.6598052404448357e-05;2.939771651581809e-05;2.029155066648772e-05;1.560513211403118e-05;1.5917459036658826e-05;1.8044783257808583e-05;2.6007582337000182e-05;3.47268205702296e-05;4.713265641126045e-05;3.0107707038663234e-05;2.3748923059095353e-05;1.5258383278199325e-05;2.695640492513835e-05;2.8877876375881436e-05;2.1657512085847528e-05;1.6354261569625734e-05;1.614374566629464e-05;3.649465793284634e-05;6.023024898071478e-05;0.00039014373271651086;0.00045830544922780946;6.432070773171174e-05;0.00012189008371771641;2.81075427702053e-06;1.7628316680773386e-05;1.6495783848163796e-05;1.2435112390539296e-06;1.135588935083859e-05;1.762527096114352e-05
00:10:36;101;2.273415953430396e-05;2.373331436858648e-05;0.00012091054120723191;1.4478246679449182e-05;3.078549940095275e-05;3.2177330250636835e-05;4.062019634819659e-05;1.972557995150675e-05;1.740131471773442e-05;1.4078223164207513e-05;2.284866265256369e-05;2.157443624510465e-05;1.3113575654053669e-05;1.4241843861642875e-05;3.176499843830656e-05;1.5038595064871067e-05;3.3198359256235976e-05;3.315152836093367e-05;4.247023824501423e-05;2.0526688947225183e-05;1.679777286179022e-05;1.4628415256889707e-05;2.389644863727927e-05;2.2824489653568797e-05;1.3763537475525378e-05;1.5225524719748528e-05;3.327816661043517e-05;3.714399752730891e-05;4.720236598741689e-05;0.0007093777964495391;0.0004790361654102901;7.824691641079025e-05;2.654097573438068e-05;1.6309944452456012e-06;2.1488003395917335e-05;1.852346444216662e-05;1.0805684834211732e-06;1.1013908287656617e-05;1.9641337912649946e-05
00:10:43;102;2.163383231845728e-05;2.2588918230362247e-05;0.0001897068603824519;1.9463797980537574e-05;2.0000727316600702e-05;3.285544166363831e-05;2.476988697579104e-05;1.6230574621028442e-05;2.470446898944994e-05;9.554811051127775e-06;2.5251803536589662e-05;2.8716836748220555e-05;1.4325403228099276e-05;2.8695159204258662e-05;1.5037069001199267e-05;1.9655978864153163e-05;2.118692670212366e-05;3.4026854705246746e-05;2.7762100009705954e-05;1.7084649537341476e-05;2.406796307074233e-05;1.0113139138365447e-05;2.758961028708263e-05;2.863814514264821e-05;1.5597277513135644e-05;2.8935687151727195e-05;1.6408681565021824e-05;4.109151587628073e-05;4.308216017880259e-05;0.0008031314051296311;0.0011040849659941089;7.484473668488936e-05;0.00014730738064244552;1.7686383961514146e-06;1.3202822442377109e-05;1.775232694858027e-05;1.3819377898973764e-06;1.1534423968997057e-05;1.7300010537260118e-05
00:10:49;103;2.5591748290956026e-05;2.6629945969494955e-05;6.232372474816152e-05;2.4040367717051677e-05;3.060830191259356e-05;2.5124843633958253e-05;2.9781295981220783e-05;1.541648509376356e-05;1.4315059473801739e-05;1.6482904807188252e-05;6.564115593412431e-05;3.187276438025451e-05;1.8206329492252074e-05;2.1222687635713555e-05;1.4388776189765519e-05;2.4917207305913472e-05;3.226859813435976e-05;2.6397379240480875e-05;3.234389453298925e-05;1.67887105932625e-05;1.4287291804388979e-05;1.7199005112702195e-05;6.486528572962396e-05;3.3907984852933776e-05;1.8395193549196526e-05;2.3023773711786276e-05;1.5165017418750515e-05;3.190146258116852e-05;3.4035046330531854e-05;0.00020185380040198858;0.00021910940146953312;9.301593849970889e-05;9.953426030341576e-05;2.1780584127288683e-06;1.6290048847009603e-05;1.9913665275420166e-05;1.65333227803645e-06;1.0504005103088182e-05;1.7895677475308147e-05
00:10:55;104;1.992258445552993e-05;2.1034421767086038e-05;9.954082532040074e-05;1.3695517784578277e-05;2.237090807646134e-05;2.344598243036506e-05;2.6344925391764594e-05;2.0660116464651683e-05;2.292786667432913e-05;9.4684673360813e-06;2.4241679258549002e-05;3.0881052452969016e-05;1.1181041538127994e-05;1.5246483972542922e-05;1.860696461619682e-05;1.354179040632355e-05;2.3854707608193224e-05;2.4988796673214088e-05;2.8705379331250134e-05;2.1830985507578958e-05;2.2904546669819922e-05;9.761694354317196e-06;2.583068303868493e-05;3.233850390032889e-05;1.2141493433646937e-05;1.660348636183307e-05;1.991098509544044e-05;3.9773553793661984e-05;3.731573339726257e-05;0.00023778891969216228;0.0005157268910664204;8.758332800635731e-05;0.00021300888638346125;1.6648843027374143e-06;1.5153874597583145e-05;1.630116124040833e-05;1.637182167406253e-06;1.1035077541426087e-05;1.750041165592192e-05
00:11:01;105;2.1501961364058595e-05;2.2438983792141434e-05;0.00012999518310371892;2.9570625809004593e-05;2.5866516130628785e-05;3.5519000644771125e-05;2.378001416564695e-05;1.67666938763618e-05;1.3602932785839915e-05;1.945096806369148e-05;3.075465517099474e-05;1.9727434474506563e-05;1.2213041799213897e-05;1.6475897498677032e-05;1.4295748497064862e-05;2.9453390946205046e-05;2.7429583335819926e-05;3.6299066386727874e-05;2.599427426514611e-05;1.820524822287092e-05;1.3524271362487674e-05;2.058039544978403e-05;3.1374711305701726e-05;2.1289389442705514e-05;1.2768029430649048e-05;1.727931776028377e-05;1.5070120810643075e-05;5.2309136661846204e-05;3.7328740685897374e-05;0.0006759567203413835;0.0006166214413614889;7.279273082506678e-05;3.6470657266274536e-05;1.9781090604209406e-06;1.9027872102854477e-05;1.8114506377870997e-05;1.2031355707561015e-06;1.1317432681004619e-05;1.6821714309762758e-05
00:11:08;106;2.390310820032937e-05;2.4976482943858643e-05;0.00013155248269002237;1.6260959069117316e-05;1.8691379162822326e-05;2.3071753897273663e-05;2.8855322184995202e-05;2.9292970770649678e-05;1.9289778979792903e-05;2.7988205957285572e-05;2.0480680395900723e-05;2.4837759796851472e-05;1.1251156260398561e-05;1.8973254651913603e-05;4.784406987245017e-05;1.6537444325071122e-05;2.0230627445856998e-05;2.4354136488149885e-05;3.206262199110145e-05;3.0739302502884644e-05;1.8986463871868503e-05;2.821031294048755e-05;2.2248680038558896e-05;2.6004223469453215e-05;1.1899111374492073e-05;2.088925691479537e-05;4.7555605686030974e-05;3.7063786363505135e-05;4.06145687837045e-05;0.0005117685709774497;0.000716439175874215;0.00010205872382951194;0.00010181785019798343;2.0083302704317024e-06;1.7782272703484587e-05;2.1704912500453214e-05;1.3706791409054877e-06;1.1428523415889103e-05;1.457239822273479e-05
00:11:14;107;2.023204019575463e-05;2.1420926921426236e-05;0.00013133184564206402;1.555065972783351e-05;2.1675284421782884e-05;3.1327166705740304e-05;2.572942941660792e-05;1.6502743680358766e-05;1.1700970902175165e-05;3.637352710163875e-05;2.1933042382536108e-05;2.2706566017983608e-05;1.059173789353839e-05;1.2329101343895713e-05;1.6364245040408193e-05;1.6539293776790884e-05;2.3342822864430638e-05;3.272641250860724e-05;2.8193515114437588e-05;1.711355857475575e-05;1.2097369729912593e-05;3.746082910754323e-05;2.2783482448555988e-05;2.381546607777429e-05;1.1568935463666221e-05;1.3591127155243296e-05;1.7818305791536923e-05;4.1220724681268656e-05;6.211686726170334e-05;0.00064888127235601;0.0006278234769281907;7.316060852884863e-05;5.336495025907631e-05;2.5229949154696104e-06;1.709191197580015e-05;1.95070821758583e-05;1.2242633642611552e-06;1.1674628064822794e-05;1.7393367193458657e-05
00:11:20;108;1.8203086590708814e-05;1.9481129014291328e-05;8.510134874600881e-05;1.2601249639229453e-05;2.1284396975250853e-05;2.0709627249134016e-05;2.411287643285091e-05;1.4145205434927407e-05;1.2506856833092364e-05;1.2633970569517963e-05;1.9516251635371358e-05;3.68889059814137e-05;1.0340923173595746e-05;1.4761330890228857e-05;1.893543715167115e-05;1.2840364468479205e-05;2.3123968840312195e-05;2.2270032763739023e-05;2.6868453402775103e-05;1.581728152998523e-05;1.3058932312606551e-05;1.334260175294903e-05;2.1164321142235545e-05;3.83781231984001e-05;1.1612765584813352e-05;1.5547350640305544e-05;1.9749344712089382e-05;3.1494020346996684e-05;4.485340463972034e-05;0.0003393298521451481;0.00039437684786794615;7.548387432544978e-05;7.138955939507361e-05;1.710697039424837e-06;1.809802053857339e-05;1.6304269143448835e-05;1.044390994849629e-06;1.1648551826668307e-05;1.5482696688805972e-05
00:11:26;109;1.6827682880592544e-05;1.7968064110138146e-05;8.145893476474505e-05;1.4967482953083659e-05;1.701766414767421e-05;2.1455904737101925e-05;2.4475267145682913e-05;1.8023617652250902e-05;1.622834578153164e-05;9.521606609103566e-06;2.0393907870574036e-05;2.379172069827911e-05;1.0434856181069046e-05;1.3117487778980706e-05;1.2504326190568547e-05;1.551714580319306e-05;1.8272153583087787e-05;2.2773805919970543e-05;2.7270085249970008e-05;1.939418067609673e-05;1.6043989501357125e-05;9.926648320437887e-06;2.149305003547829e-05;2.5453598960044887e-05;1.1728985860320825e-05;1.3988244765780017e-05;1.3754872661938631e-05;3.5061125106877164e-05;5.315548322478124e-05;0.000297430705831229;0.00036913251918821465;8.75449393207629e-05;7.20424372847344e-05;1.6735501112295406e-06;1.576797980260831e-05;1.6960456975361977e-05;1.1549815202297346e-06;1.1471462084491805e-05;1.6111576726419753e-05
00:11:33;110;1.5069899723905358e-05;1.6185732258950167e-05;7.967193621128585e-05;1.3643025874123602e-05;1.5971117367609043e-05;2.182673326635929e-05;2.431032585677299e-05;1.2843928502739097e-05;1.1882199425434175e-05;9.154599675169225e-06;1.8840081240382872e-05;1.929410185591058e-05;9.535915376607756e-06;1.0680220151341887e-05;1.2856543204587855e-05;1.4063911466904226e-05;1.750375570195559e-05;2.2638026166532654e-05;2.6961939787540785e-05;1.4590258275877457e-05;1.2145776100290196e-05;9.668065247958882e-06;2.0460363217191828e-05;2.0703112913676555e-05;1.0171996506604828e-05;1.1899599001803317e-05;1.342197648699755e-05;3.2247813830034136e-05;4.160619843622521e-05;0.00029744344521277305;0.0003708697940977582;9.092436740477236e-05;5.9830980708043035e-05;1.7294082228734099e-06;1.696041125013932e-05;1.6492020941409208e-05;1.3653441735754735e-06;1.11406925203273e-05;1.545275773749949e-05
00:11:39;111;1.732777710246451e-05;1.8224851143564087e-05;7.786106761474485e-05;1.0760695471648516e-05;1.6746824260590902e-05;2.4427379664550905e-05;2.2163446880602517e-05;2.6314674211779344e-05;2.3462200653573912e-05;8.777985633721322e-06;2.3444394869898133e-05;1.9041228386837165e-05;1.1268834252317364e-05;1.0549126462225642e-05;1.0976527211038377e-05;1.0726015468979405e-05;1.84072325190513e-05;2.5224008938114166e-05;2.5154382018615563e-05;2.7463522909311918e-05;2.26960234924056e-05;9.29612958281746e-06;2.4481085577612754e-05;2.0288505558848463e-05;1.1754982010700853e-05;1.1461038952744919e-05;1.17452794406342e-05;3.896355569675984e-05;3.91559554349301e-05;0.00022868884128229313;0.0003429993057576664;9.184201118601069e-05;0.00012747367090409434;1.8408313888747482e-06;1.5200998805966388e-05;1.9344936470112085e-05;1.3798748981996657e-06;1.1348771248854991e-05;1.609405830317581e-05
00:11:45;112;1.4759431444779445e-05;1.5877344076561484e-05;7.484600962968473e-05;1.0674837622817987e-05;1.6813682290975603e-05;1.9335376380395658e-05;2.3522178582621482e-05;1.5634662958063927e-05;1.350892183408932e-05;8.343363042875104e-06;1.8025067634849538e-05;1.804967076101217e-05;1.1015776217184545e-05;1.0284032442923904e-05;1.190560340156501e-05;1.0833869872598531e-05;1.8239186437877153e-05;2.0856089554111846e-05;2.614582652175251e-05;1.7270694823747375e-05;1.369957005374113e-05;8.937187292850709e-06;1.9806521880967965e-05;1.94663024662008e-05;1.1564660999744163e-05;1.1252939404147571e-05;1.2455273918021703e-05;3.6612011136889975e-05;4.670441791546684e-05;0.00019631381634311443;0.0003179584134269847;0.00010396578056560357;0.00013611941736805844;2.5067221794460206e-06;1.4446144430827257e-05;1.6180087783691043e-05;1.5383817173561854e-06;1.1323269302297635e-05;1.4483653386480674e-05
00:11:51;113;1.4538131732809813e-05;1.5767941223674812e-05;0.00010902991051148278;1.5489310630879448e-05;1.5464044964956386e-05;2.0047759268105768e-05;2.102035498616963e-05;1.2445661117122985e-05;1.0696186128003857e-05;8.030237273198344e-06;1.8653564522837357e-05;1.8083996009595054e-05;1.05024948466466e-05;1.3420974960870973e-05;1.0602991551422747e-05;1.6143722998002644e-05;1.7054255318104383e-05;2.175205133161272e-05;2.3814571077424793e-05;1.3835739839376839e-05;1.089056681676199e-05;8.407613265688592e-06;2.0223168679807758e-05;1.9554436854562056e-05;1.1447217016384342e-05;1.4404104414224313e-05;1.168784350900037e-05;3.25543899976959e-05;4.220406079103045e-05;0.0004944509201297857;0.0005392103348260307;9.307095944547465e-05;4.6433395056730026e-05;1.6672471492058956e-06;1.3479482343639101e-05;1.6737734182951124e-05;1.362277784876373e-06;1.1774749759960656e-05;1.541337467041295e-05
00:11:58;114;1.4654436163461717e-05;1.576277068873228e-05;0.00010542549312363272;1.0915060000565353e-05;1.563382813236041e-05;1.822481861779579e-05;2.1060598638459023e-05;1.129715901594285e-05;1.1996187417005125e-05;1.1454541337420984e-05;2.1563335399770782e-05;1.8628803705279427e-05;1.1898766507685691e-05;9.889287176954234e-06;1.3290843648922584e-05;1.1928244682938477e-05;1.707314584541276e-05;1.9847499533159264e-05;2.404460622218019e-05;1.262624807709414e-05;1.2193208102514831e-05;1.182827034864215e-05;2.2420555794695568e-05;1.9956165522648627e-05;1.2799933393822197e-05;1.0737420428926317e-05;1.3697943831163994e-05;3.387827052855414e-05;4.5939442578764735e-05;0.00037959191711743633;0.0005617253015364472;8.592896864456542e-05;9.549961649610972e-05;2.0136221948625357e-06;1.7679016987443598e-05;1.5667523795392044e-05;1.5722910311596114e-06;1.130919802510141e-05;1.4300748547756176e-05
00:12:04;115;1.3816866059683393e-05;1.4842076054748436e-05;8.393436330740343e-05;1.0551483906727878e-05;1.5806770403773125e-05;1.81249298714709e-05;2.5475235210075713e-05;1.13315762836857e-05;1.0000780036989454e-05;7.600258908204503e-06;1.760896488178787e-05;1.7639413051349287e-05;1.053246906353293e-05;9.971676141937927e-06;1.1158831120703574e-05;1.0699289483638978e-05;1.7310013091342696e-05;1.9602792500463003e-05;2.7840239442722825e-05;1.2526350946234143e-05;1.0328228879039163e-05;8.056729021069558e-06;1.901598293846326e-05;1.8725815365703253e-05;1.1306221224487349e-05;1.0924295606222401e-05;1.1768949972767725e-05;3.454530088673367e-05;4.429002440844716e-05;0.00028481422040250705;0.0004031877153615557;8.914091941771446e-05;9.122857733692702e-05;1.7885959299367266e-06;1.5050982433699315e-05;1.5397915661573127e-05;1.384323028344877e-06;1.1528761490437688e-05;1.4855023330964005e-05
00:12:10;116;1.3639222402161977e-05;1.482270268936674e-05;9.406637250348343e-05;1.0500269751064065e-05;1.523220321334148e-05;1.9152781741189013e-05;2.3517530564731715e-05;1.1424747624873403e-05;1.0706487305934719e-05;8.665768684130109e-06;1.8142251673483852e-05;1.7173944752616162e-05;9.388716285550139e-06;1.0054794562367162e-05;9.711168645635967e-06;1.1048738531227875e-05;1.6757799729228145e-05;2.0529046633794367e-05;2.5987275323500456e-05;1.2721082235150824e-05;1.084331821011456e-05;9.305942253549687e-06;1.989627446763032e-05;1.876842823180538e-05;1.0158251157756954e-05;1.1173777428540014e-05;1.0682492774310359e-05;3.682615654724325e-05;4.684614578817673e-05;0.0004004956598975618;0.000442802804795715;8.339373207878172e-05;5.796757714523503e-05;1.8251617333093842e-06;1.4192482942353338e-05;1.630728587455752e-05;1.32447343016902e-06;1.128378677829141e-05;1.5531203030406975e-05
00:12:16;117;1.3406411623991103e-05;1.454396389610476e-05;0.00010073654587222528;1.0302812675888617e-05;1.4617114222852996e-05;1.9308944305604118e-05;2.0292166838813003e-05;1.2111516973980294e-05;1.2444284240328587e-05;7.3788328449418055e-06;1.8043924254388084e-05;1.7793251580335642e-05;8.391054846351215e-06;1.0345713369795042e-05;9.847319647865953e-06;1.0652684989198158e-05;1.5953131763506208e-05;2.094621155679939e-05;2.31027886658484e-05;1.3507887983963239e-05;1.2684626360364919e-05;7.807277370375232e-06;1.9631648292143156e-05;1.906229554842406e-05;9.356789109052109e-06;1.1229632514474776e-05;1.059258663846339e-05;3.8450404840600956e-05;4.7166672643675584e-05;0.0003845068320101211;0.0005032646241404682;8.74337989667729e-05;8.739251712280563e-05;1.7533306449334093e-06;1.4263873777327867e-05;1.6591217600936372e-05;1.259697833466022e-06;1.1645383921604619e-05;1.5110196963990552e-05
00:12:23;118;1.316804035540868e-05;1.42968691059512e-05;0.00010156446666746776;1.0315425476066634e-05;1.544782980612457e-05;1.888329940930527e-05;2.0231745068599594e-05;1.102152686627278e-05;1.008096716374625e-05;8.371581138210228e-06;1.787633025623398e-05;1.675397006615433e-05;9.613958953542062e-06;9.542647287797866e-06;9.877198860020929e-06;1.0919694967567552e-05;1.679419603786738e-05;2.027418786728728e-05;2.3089441439671782e-05;1.227308770397986e-05;1.0238061188633591e-05;8.734630665469612e-06;1.936519033676367e-05;1.8222462338460993e-05;1.036604416058944e-05;1.0614862765555412e-05;1.0670566535748239e-05;3.5081408800364184e-05;4.443966193156563e-05;0.0004068197566763348;0.0005125413565197631;8.722850904544611e-05;7.130347601307345e-05;1.8694085627313975e-06;1.4535023242928485e-05;1.712249154159306e-05;1.3104512348132343e-06;1.1476241934514987e-05;1.5045814506484605e-05
00:12:29;119;1.3013629670281675e-05;1.4134896549807355e-05;9.389161245309699e-05;9.31419868327959e-06;1.463900928720043e-05;1.8544069936348766e-05;2.117263917191601e-05;1.0982746958502917e-05;1.0008406688784403e-05;7.570378613763751e-06;1.8503171291554693e-05;1.7319162836315627e-05;8.7572954567153e-06;9.815972603632872e-06;9.536501155790491e-06;9.75856697619701e-06;1.603516542258425e-05;1.998239635144319e-05;2.3757168066045388e-05;1.219208347202202e-05;1.0313357293692011e-05;8.010660463650645e-06;2.0057781938116414e-05;1.8721436655268227e-05;9.579834044462253e-06;1.078114626326641e-05;1.0429158764158205e-05;3.5475916610296496e-05;4.610961664909118e-05;0.000372068960857783;0.00045911814492431035;8.63086398233596e-05;6.743323191341783e-05;1.8874347401582467e-06;1.4516586023777332e-05;1.61149548668695e-05;1.1968506938787477e-06;1.144434600710328e-05;1.5024666327118042e-05
00:12:35;120;1.2958804108817192e-05;1.4078912315624943e-05;9.597601633183849e-05;9.426809751547891e-06;1.4538428198368985e-05;1.859381711193981e-05;2.054834930282306e-05;1.1079526783222802e-05;9.8112267885788e-06;8.711466280947826e-06;1.748499060480216e-05;1.7336248850535245e-05;8.611597044188619e-06;9.618807890309323e-06;9.744377001781727e-06;9.888379419770658e-06;1.5936115486038956e-05;1.99971515444937e-05;2.3329068472442407e-05;1.2447781656088478e-05;1.005360696535142e-05;9.123286861123936e-06;1.8958223531799262e-05;1.856247652977811e-05;9.467073095372224e-06;1.0565013205531257e-05;1.0618765959925095e-05;3.566460757199278e-05;4.513714133671894e-05;0.0003877150446498991;0.00047031599227491096;8.683620998905112e-05;6.579675493861567e-05;1.8902122237717846e-06;1.435469024790259e-05;1.6296016490178517e-05;1.2304189620622373e-06;1.1561278899056756e-05;1.4913828397901041e-05
00:12:41;121;2.818368572961431e-05;2.8673890644509073e-05;5.347684604287763e-05;1.4740085644343088e-05;3.161144347142329e-05;4.6131873871631384e-05;4.927039741046842e-05;2.403927673423244e-05;2.1895271354372365e-05;1.5067642929073537e-05;2.9784327425245877e-05;2.897665174440466e-05;1.907306635861129e-05;3.960044836436406e-05;1.8013734995618464e-05;1.4850117162196408e-05;3.2752476646594374e-05;4.681426036791269e-05;5.036957289904203e-05;2.3998799371861713e-05;2.1766536266585705e-05;1.612915023922798e-05;3.106027787320663e-05;2.9257112825539884e-05;1.9456753773427615e-05;3.903319380305784e-05;1.8598426932736472e-05;3.5287253279527684e-05;2.7428012728765045e-05;0.00017753168032314632;0.00010448451126306198;8.904866111576999e-05;0.00013856256672908513;1.6862563481866476e-06;1.3977302275565738e-05;2.1436023618082868e-05;2.23250795826154e-06;1.1900980097366463e-05;1.8146396777712186e-05
00:12:48;122;2.269868258767102e-05;2.3722026342027996e-05;0.00012183731584542472;1.6382753726547477e-05;3.733347030406135e-05;2.576264056260284e-05;2.585705092108335e-05;1.7970646414834267e-05;3.2027289031268744e-05;1.4555781763580068e-05;2.1424764309007184e-05;3.364982327980215e-05;1.7631067308343518e-05;1.694243777644095e-05;1.2846458608480175e-05;1.65399265433389e-05;3.968245105573294e-05;2.720602389695447e-05;2.8834342018957544e-05;1.9800833567237936e-05;3.0925491103781624e-05;1.5239017902555893e-05;2.3223539341692046e-05;3.445580425043001e-05;1.8186453589690624e-05;1.6827320606249556e-05;1.3743103869573236e-05;2.5112675219028757e-05;2.985668285017107e-05;0.00043861062699596446;0.0006521927411982856;0.00012640016739381816;0.00012851117955986442;3.030786424713338e-06;1.1511906424266691e-05;1.7490932289112897e-05;1.348148367129589e-06;1.1461516162266302e-05;1.6520427260474977e-05
00:12:54;123;2.4529601667857357e-05;2.5283355505133485e-05;0.00010853544789804773;2.8263271595754055e-05;2.6389328933295143e-05;2.2627101907863274e-05;2.360565818548821e-05;4.3090980777936814e-05;1.6951250309851027e-05;1.810226629895727e-05;3.0081411619097377e-05;2.964557157786823e-05;2.562058310347352e-05;1.4158003931573727e-05;1.5819784102497827e-05;2.906864282050276e-05;2.717718242693772e-05;2.358220758018249e-05;2.635165884972202e-05;4.423111500106148e-05;1.7044137235597525e-05;1.869473930174202e-05;2.945389720088879e-05;3.032474731160711e-05;2.592053254985227e-05;1.4959893817405505e-05;1.6591506175268767e-05;3.447127093475358e-05;3.4622403907016735e-05;0.0004922530449141849;0.0005455234357959962;7.451659152558835e-05;5.4159179099720136e-05;3.810117709683447e-06;1.5158969890762784e-05;1.6951314513687684e-05;2.859982398666001e-06;1.1874124539113653e-05;1.622493954739882e-05
00:13:00;124;2.5214409739440022e-05;2.6109396930212227e-05;0.00013091678451786562;1.4695244958834957e-05;2.6197763162372212e-05;5.928772812198572e-05;4.1311255836779473e-05;1.8335263817448322e-05;1.669898937512409e-05;1.3326540984595878e-05;4.1603228946872726e-05;2.6448238295208945e-05;1.4100897110645086e-05;1.692847124765897e-05;1.3639287432970997e-05;1.5130205990973554e-05;2.739179720415047e-05;5.924056962543591e-05;4.393857189721599e-05;1.9359540970129538e-05;1.624927676569809e-05;1.417424999412497e-05;4.2511317173469976e-05;2.7119879252748872e-05;1.5121742912521733e-05;1.8372779581850524e-05;1.4702825243562707e-05;4.614538655832161e-05;5.857270728830001e-05;0.0007675340548691355;0.0004763605284948828;7.659837917376746e-05;4.418419177478249e-05;2.727663003340316e-06;4.267913378337756e-05;2.2619098816524697e-05;1.2331210294983066e-06;1.1282937337984186e-05;2.1064212084472658e-05
00:13:07;125;2.7419246539362906e-05;2.800156920485175e-05;6.916177256819895e-05;1.5717014017530513e-05;2.8539665475012622e-05;6.358855249159619e-05;4.648033532558574e-05;2.0540426017522474e-05;1.8954968797143838e-05;1.1756297764458685e-05;3.621659735906426e-05;3.748038500620251e-05;1.2834659313847913e-05;1.53179318377025e-05;2.1604116733959184e-05;1.58011311720622e-05;2.97550538297274e-05;6.348314044644903e-05;4.926507894128054e-05;2.1210630655309325e-05;1.900842807681559e-05;1.2051251394927643e-05;3.682018407893844e-05;3.790033620537577e-05;1.3647881144295959e-05;1.571291002481395e-05;2.1362790673115746e-05;3.169069240976235e-05;3.231700184596757e-05;0.00017663245418988102;0.00025075457959863905;0.00010309018729136439;0.0001564834706921869;2.873621614003876e-06;2.3588348486418977e-05;2.218033021045886e-05;3.260299296028408e-06;1.1846465818919168e-05;1.52238193647569e-05
00:13:13;126;2.084545524315796e-05;2.1970219792440075e-05;0.00011771232739705389;1.2601644040185791e-05;2.246456033881052e-05;2.3722623504857605e-05;4.1820092961457206e-05;1.7592187454986494e-05;1.634248396245849e-05;2.405748610618213e-05;2.2711902962607216e-05;2.4009864528228388e-05;1.6090361852279372e-05;1.3749381399076231e-05;1.4982866717487427e-05;1.2990054298675607e-05;2.4195080278573934e-05;2.4868244198139882e-05;4.6191284633971034e-05;1.8654160635666316e-05;1.6368684981311553e-05;2.4973711840140845e-05;2.378500051500977e-05;2.5033157795359664e-05;1.6551482272179668e-05;1.4572825467105677e-05;1.5458943415046344e-05;3.6210799477340504e-05;3.8344864632041715e-05;0.0004701665407159512;0.0006206359311220467;9.237991887473435e-05;7.548577667584083e-05;2.4892931787214214e-06;2.9410810778577832e-05;1.730569613511774e-05;1.9948940535771006e-06;1.0838961627628064e-05;1.7284441493069746e-05
00:13:19;127;2.38849760514561e-05;2.474938384371462e-05;4.158652583028519e-05;1.4123933138679687e-05;2.256963542570454e-05;2.4167133020114306e-05;4.84737228341394e-05;1.8704614225322818e-05;1.7387482144344673e-05;1.3180712001444176e-05;2.8415312866317517e-05;2.4212690072224838e-05;2.9209005588044917e-05;2.4571291186765105e-05;2.16041727441052e-05;1.4243608819913189e-05;2.3427605143135937e-05;2.521706167649024e-05;5.031658530023827e-05;1.970040507848917e-05;1.8198801384803316e-05;1.3736348891246894e-05;2.8089305280583993e-05;2.5348959775616508e-05;3.142775646746129e-05;2.513462815058338e-05;2.2151532603753437e-05;4.5461169601435954e-05;3.531341663849306e-05;0.0001341425275805153;0.00010955919184241477;7.80245410349485e-05;2.0174827930264698e-05;2.5381362393858965e-06;2.1851568181759174e-05;2.032917971342177e-05;3.2506695623338055e-06;1.1853199301294779e-05;1.653988233715466e-05
00:13:25;128;2.142123369191557e-05;2.2547455218840165e-05;0.00010217628064546958;1.6242796463798598e-05;2.154836244663081e-05;2.230778836902077e-05;2.9982970165643895e-05;1.9175570794257883e-05;2.3056110171120796e-05;3.4192033545175285e-05;2.3032832869902947e-05;2.7399648732026353e-05;1.2336625649760952e-05;1.3977406257223182e-05;1.3802650957214526e-05;1.6932349365250254e-05;2.349250121657365e-05;2.349186089776583e-05;3.2614349775145984e-05;2.0290387637251576e-05;2.2179057678046396e-05;3.601258766691531e-05;2.4357604978589896e-05;2.8920671808654206e-05;1.3000150432427417e-05;1.4397932456539578e-05;1.4880001034023597e-05;3.061079488413702e-05;4.634157826208962e-05;0.0003892440207626648;0.0005345263583534722;7.426795222083118e-05;8.806653390477234e-05;2.2176579655376858e-06;1.3941189211125892e-05;1.6417418976170366e-05;1.6451029920181072e-06;1.2075002569584294e-05;1.6761757643231675e-05
00:13:32;129;3.0660004561220624e-05;3.1629466666115e-05;0.0001068849482709145;1.583430835048396e-05;2.4098867836063288e-05;2.4498114250739242e-05;4.122270090854065e-05;5.585280416653404e-05;3.3845474203789394e-05;3.498061474002415e-05;2.7852106269806015e-05;2.417873072860485e-05;2.000629370064127e-05;5.067704786783493e-05;1.4872981415175508e-05;1.6546471002423262e-05;2.533477964800712e-05;2.5546826357559795e-05;4.342150357474508e-05;5.6433200117243346e-05;3.4054354233099914e-05;3.602080319011938e-05;2.9203117552656928e-05;2.5617040614921693e-05;2.088707298776459e-05;5.0744843928775564e-05;1.5743574962632208e-05;4.7988304994830005e-05;5.472597502799384e-05;0.00044460134330299674;0.00047581891382813917;5.016029957755806e-05;0.00014092111275432816;1.2526589868261824e-06;1.4460547924818048e-05;2.1729247477941987e-05;1.6270998927971498e-06;1.147506631106998e-05;1.785880917167451e-05
00:13:38;130;2.2987103836736754e-05;2.411452923401088e-05;0.00011713417681739171;1.2108737152516369e-05;3.1936383563065235e-05;3.330358371623664e-05;2.3736231099746874e-05;1.4911166489510338e-05;1.4709202131061003e-05;2.9694683937784497e-05;2.0435058468654628e-05;2.2744488926594965e-05;4.793111179682538e-05;1.2019393924912368e-05;1.2315197957816922e-05;1.2549820652727444e-05;3.40538310088568e-05;3.464549044559745e-05;2.620871524828268e-05;1.5894780661463164e-05;1.4339282343722584e-05;2.9809053270168355e-05;2.1841921772670792e-05;2.4524594249945764e-05;4.958654058042802e-05;1.2939102517417337e-05;1.2981210072868197e-05;3.17061946740097e-05;6.7362121760164e-05;0.0004822250288584099;0.0005758985389841155;7.788478851803594e-05;0.00010587910254410658;1.7853855831117552e-06;1.3174808107604663e-05;1.8247548419055692e-05;1.1378748288238623e-06;1.116777169741248e-05;1.9140957833850354e-05
00:13:44;131;2.487225007092258e-05;2.5590128390394044e-05;0.00010109601349722163;2.12783114803146e-05;1.9323224182440672e-05;2.7970096097491975e-05;2.395640012635299e-05;1.6141029746563618e-05;1.3641336370798482e-05;2.6286138615267358e-05;4.637208154049817e-05;2.9967968567296506e-05;2.2139303204291785e-05;1.3597567553864048e-05;3.7793536718440507e-05;2.1446240530570356e-05;2.0776211777392517e-05;2.9184613641184944e-05;2.7079404528102472e-05;1.6860909776760656e-05;1.3806852978091286e-05;2.6630201692926135e-05;4.5876060723941594e-05;2.9857088474606905e-05;2.3288397803494435e-05;1.402191712627485e-05;3.8253632945132356e-05;4.518584924740243e-05;4.484509695049674e-05;0.00041808868941829215;0.0004981204240103391;7.762162074053999e-05;6.571271879078401e-05;2.1382831155734788e-06;1.394281120243239e-05;1.8548197551178743e-05;2.629082354470484e-06;1.1116966873684706e-05;1.5202421711465708e-05
00:13:50;132;2.4648341702066485e-05;2.568428851501969e-05;0.00010760497530322568;1.769740558317649e-05;3.832573905914284e-05;2.760162189474613e-05;2.9331083130624723e-05;1.5332722120640277e-05;2.32959439924488e-05;5.147277182583242e-05;2.293818421218351e-05;2.148062046103405e-05;1.211380158978996e-05;1.1951512322189666e-05;2.4238687872339554e-05;1.868357914553357e-05;3.937099249981921e-05;2.8774938683351208e-05;3.264107234124684e-05;1.656746399366736e-05;2.2169702799745416e-05;5.3277070336765903e-05;2.4215748027605123e-05;2.3217686915975007e-05;1.3084064932305018e-05;1.2576628469565847e-05;2.363250488214581e-05;3.202573204843362e-05;5.9431165448982714e-05;0.00045404166074668656;0.0005188490724964255;6.569138171810975e-05;9.604202689169808e-05;1.4364511251920615e-06;1.6059762754229162e-05;1.798280613709737e-05;1.303686875801247e-06;1.1870342461540444e-05;1.6525614934511926e-05
00:13:57;133;1.873327146675117e-05;1.9746149852916104e-05;5.4302924541657916e-05;1.2566347392480152e-05;1.6376249472603956e-05;2.211091553373411e-05;3.468251050652395e-05;2.866852452660334e-05;1.9025480369805337e-05;1.2041150153084924e-05;2.4148412855786525e-05;2.023389078493148e-05;1.1199298051358461e-05;1.1738608335385628e-05;1.2007861652240205e-05;1.2761202717367176e-05;1.768267533338122e-05;2.3527482616246524e-05;3.695206880043379e-05;3.0488409593780937e-05;1.868886649873862e-05;1.2167506513292267e-05;2.5892611868389223e-05;2.1333298879849452e-05;1.2016840628348291e-05;1.2761616560481666e-05;1.2681210091038419e-05;3.1030480548873195e-05;4.4880101271258114e-05;0.00012960430480045933;0.00017398569073503266;9.139905615256262e-05;0.00012118746760253608;1.518862715324133e-06;1.746267415727075e-05;1.3086941516554585e-05;1.3436348394814256e-06;1.1908959953596697e-05;1.422692020694552e-05
00:14:03;134;2.001459393144697e-05;2.0839582927542728e-05;9.054408023262068e-05;1.5142377174532323e-05;1.7814362605990524e-05;2.09780335105527e-05;2.3413709733042445e-05;2.447996289395798e-05;1.482775492046461e-05;1.5854276292450528e-05;1.894238447164298e-05;3.843075558052078e-05;1.586974617463387e-05;1.361017283391613e-05;2.081158298882325e-05;1.485125150931616e-05;1.9252506936487706e-05;2.160803964952835e-05;2.6641989855226158e-05;2.480557935697003e-05;1.4723856502659825e-05;1.6479356049728003e-05;2.0634903470452144e-05;3.907410084852754e-05;1.6856915874685207e-05;1.489638052129222e-05;2.0250107440858037e-05;2.7811520180568723e-05;3.708183512268099e-05;0.0002939481530468022;0.0004770851312960024;9.806282473693227e-05;8.897180810961083e-05;1.4603541412958574e-06;1.4006510775477682e-05;1.9821557901290594e-05;2.0855534595963546e-06;1.1146675497296363e-05;1.5047038523893933e-05
00:14:09;135;1.9621206736143325e-05;2.067951759330109e-05;4.9666110252276914e-05;1.7739351159078026e-05;2.4284796560116526e-05;1.869803123936849e-05;2.1945650631364927e-05;1.7958089794040628e-05;1.1977155870888303e-05;1.3136214209003521e-05;4.303016143580862e-05;2.9551748311136677e-05;1.2215541364536296e-05;1.3141149680186778e-05;1.1776583137516768e-05;1.8159849246388412e-05;2.5386421378853706e-05;1.995372603911924e-05;2.5429892854004676e-05;1.909772981889546e-05;1.2401274656025911e-05;1.4002192039720573e-05;4.31534473493598e-05;3.0935619213755386e-05;1.3273489716821246e-05;1.3965270814487322e-05;1.2395290900425192e-05;2.6647687522363955e-05;4.0979638165399534e-05;0.00011047825101621783;0.00017410462597831927;9.867772816249341e-05;7.577428328506451e-05;2.031611742254825e-06;1.9421989620663038e-05;1.726877686160734e-05;2.1603778993195267e-06;1.2570975254378863e-05;1.5877377519240916e-05
00:14:15;136;1.5598916815210114e-05;1.659607366917366e-05;8.604131196864505e-05;1.3997468852525428e-05;1.5169761069118563e-05;1.9327348972162575e-05;2.2553006057922754e-05;2.0542046739664826e-05;1.1707840497169029e-05;1.1995888565314255e-05;1.8380946594282417e-05;1.7401338019660464e-05;1.3063037772295418e-05;1.1316194975821956e-05;1.1732118283899498e-05;1.423516180152604e-05;1.7150762342001294e-05;2.049515849280339e-05;2.4905488006177484e-05;2.1213399675248126e-05;1.171115122757973e-05;1.2620422441176732e-05;1.9617276917369388e-05;1.860271440588654e-05;1.3631681121054659e-05;1.2570674813634721e-05;1.2398984444753527e-05;3.7198626619468416e-05;5.4098812484985455e-05;0.00034033423484077364;0.0003846001559309038;8.151422123275537e-05;7.320314396938257e-05;1.9710016781729288e-06;1.624003779850082e-05;1.5290546112003134e-05;1.8890731171169766e-06;1.1439291894379698e-05;1.4716597945297701e-05
00:14:21;137;1.655406150549962e-05;1.7472632217631364e-05;8.621845976371772e-05;1.6903228724758762e-05;1.645677082380685e-05;1.8571649258609053e-05;2.1323809623264754e-05;1.3186846277077082e-05;1.1198199409534482e-05;9.252208521104421e-06;2.6099432122092285e-05;2.205735392961246e-05;1.1688718862630635e-05;1.7756122789788524e-05;1.4154390463907227e-05;1.6945197071608958e-05;1.8403791048662748e-05;1.9624689080449606e-05;2.4031727178548344e-05;1.433730212047982e-05;1.1089998564255186e-05;9.46664489030026e-06;2.7354861852967864e-05;2.3045931098013056e-05;1.2166791667725561e-05;1.822099916871248e-05;1.498364511036603e-05;3.957023219595748e-05;4.75645754567973e-05;0.00030296628084309466;0.0004231958372788982;9.268936139528191e-05;6.503924790397941e-05;1.245060879623509e-06;2.0212963215440563e-05;1.39611569570749e-05;1.2953860878485067e-06;1.2080063482478573e-05;1.4801351468137884e-05
00:14:28;138;1.6434942151280747e-05;1.742436259381158e-05;9.371395770206511e-05;1.4200642705216895e-05;1.5283713634320602e-05;1.763168512008468e-05;2.067292354142451e-05;2.2758645050141073e-05;1.415558345870109e-05;1.9105255636924827e-05;1.9455328410603297e-05;1.9153142355838266e-05;1.0223134330028023e-05;1.1453999843137229e-05;1.3125245463899402e-05;1.4122060782005686e-05;1.680124159399464e-05;1.8916446249563648e-05;2.362295416315658e-05;2.349466478934326e-05;1.4388940593263111e-05;1.9815299621561417e-05;2.071501488369651e-05;2.0136113642918276e-05;1.1004189569644904e-05;1.2240943208239571e-05;1.3834476968567507e-05;4.2144290121960454e-05;4.309209287698192e-05;0.00044101875971267845;0.0003980452917805636;0.00010760196525906796;3.165107407791323e-05;1.6504910117876996e-06;1.4374337238981142e-05;1.6672405220872725e-05;2.0105856829072733e-06;1.2183417256023744e-05;1.4122782185043364e-05
00:14:34;139;1.647728324304477e-05;1.741204671160159e-05;6.843913653877157e-05;9.669413920221359e-06;1.505232534720397e-05;1.849310061691705e-05;2.7250639799479938e-05;1.2337687367908694e-05;1.8240915566862398e-05;1.0919395202661649e-05;2.0591248170634653e-05;1.8659896139442107e-05;1.8441764048950724e-05;9.938940372287355e-06;1.8132065438759458e-05;1.0087810470752088e-05;1.650137408755136e-05;1.924450205916412e-05;2.9836018590766442e-05;1.368324194716686e-05;1.751866659128897e-05;1.1052391090731672e-05;2.153616855760942e-05;2.0120313405917657e-05;1.923736219189006e-05;1.0943482162543614e-05;1.9183222447500618e-05;3.857173209689159e-05;4.0467955378681546e-05;0.00016850853008267902;0.0003068826976566327;8.443450031279576e-05;0.00011770757025763251;1.3948294473969344e-06;1.6802331855353953e-05;1.788756549639832e-05;2.2381496891147636e-06;1.1417773261874768e-05;1.4956002929806902e-05
00:14:40;140;1.5633512170800465e-05;1.6679327179386008e-05;9.485087249936818e-05;1.4631001117880839e-05;2.221312303938496e-05;2.011000637739099e-05;2.0109522832388972e-05;2.0426995561706462e-05;1.1322908840518473e-05;8.837322929041006e-06;1.7552256476382023e-05;1.7321990485057043e-05;8.83846329716417e-06;1.537897184662866e-05;1.0859577249727243e-05;1.486164560619612e-05;2.4039108096456148e-05;2.149975446201684e-05;2.3005680937969857e-05;2.116597141461562e-05;1.1744264012824853e-05;9.284865191608632e-06;1.882881331513562e-05;1.8622847239638288e-05;9.418345753953031e-06;1.6088970438385665e-05;1.1591650888211789e-05;4.066674320638726e-05;4.3763071502138345e-05;0.00041310070187197705;0.00044716017917181453;9.14135294087833e-05;4.1166318610194385e-05;1.4860171232829143e-06;1.4174510705417336e-05;1.673211629645615e-05;1.2930479646103155e-06;1.1754010123484829e-05;1.5500224007871697e-05
00:14:47;141;1.3551050022380712e-05;1.4637131808061135e-05;7.126355292113637e-05;9.667120224967427e-06;1.5329545001143494e-05;2.292384653980083e-05;2.159656731815961e-05;1.0787459506192674e-05;9.787322113652408e-06;6.795582715697761e-06;1.6694624925796894e-05;1.574909188403498e-05;1.006811705133776e-05;1.0376476575918952e-05;1.2836842849139884e-05;9.921567675807143e-06;1.6779492225511225e-05;2.423844560763439e-05;2.426925444132958e-05;1.190831649700722e-05;1.0109599690069813e-05;7.261783714885853e-06;1.814554196220964e-05;1.719616612499061e-05;1.0920800061193162e-05;1.139308660870633e-05;1.3501524658231919e-05;3.538813017491944e-05;5.0478754002352945e-05;0.0002954177587816154;0.0002833276947834659;9.325794096259992e-05;3.8935467216247894e-05;1.587941042009569e-06;1.4187711549539443e-05;1.5198037250776634e-05;1.3423296926894407e-06;1.1597545325209506e-05;1.4443324272210348e-05
00:14:53;142;1.394183546856518e-05;1.5185008814563545e-05;8.514255163380788e-05;1.30903737349606e-05;1.344474321482184e-05;1.610490150612391e-05;1.8415667715936994e-05;1.3132550160383454e-05;1.0327971191967125e-05;8.644937594226576e-06;1.6111859016570467e-05;2.49198788111471e-05;9.197299368808713e-06;1.3299493179953391e-05;1.0612346516387044e-05;1.3905774664371038e-05;1.5097780570740034e-05;1.747461413322503e-05;2.1392562233859856e-05;1.4570673383902051e-05;1.0690761330265616e-05;9.232675708943457e-06;1.779796285875277e-05;2.6435384376172e-05;1.0182097711653046e-05;1.4162023944663815e-05;1.1277789660278912e-05;3.256956821752597e-05;4.953173619617066e-05;0.00029018653827995067;0.0004148113005694132;8.877820227927872e-05;8.7071814482799e-05;1.3081037694763023e-06;1.3768299832627436e-05;1.5008261082959364e-05;1.8851647601139332e-06;1.205038181429592e-05;1.4741248321083594e-05
00:14:59;143;1.2541781679622297e-05;1.3675406598504427e-05;7.515741464140335e-05;1.3626379570232736e-05;1.3957303607980975e-05;1.5915134895294614e-05;1.8115484575208608e-05;1.1050678387066041e-05;1.2073978782919683e-05;8.353183598395411e-06;1.6009137672251033e-05;1.5231011745568553e-05;8.481202043371509e-06;8.951492576675884e-06;8.736388959495013e-06;1.4453599300096254e-05;1.5469721065413447e-05;1.7453971021138927e-05;2.1018966332190713e-05;1.2193652097105573e-05;1.1938956843930757e-05;8.82952550351616e-06;1.7419521203850353e-05;1.653991054083719e-05;9.283640626068241e-06;9.938732385112243e-06;9.564678155676361e-06;3.264117439464671e-05;4.220320926551466e-05;0.000247436336560199;0.00035093341048526996;9.215449910776372e-05;7.797154653702987e-05;1.5814328632031108e-06;1.3066620378044993e-05;1.61893438584203e-05;1.5280106692245271e-06;1.1859314940755708e-05;1.432407663676743e-05
00:15:05;144;1.262908062409968e-05;1.3777212373071639e-05;8.730438545209018e-05;9.928001555889212e-06;1.3217766553194368e-05;1.771622982651231e-05;2.2680291465349e-05;1.0201831918395369e-05;9.745678479656693e-06;8.190255693369346e-06;1.5332470787463784e-05;1.606408072260282e-05;8.017281274419474e-06;8.942404444408938e-06;1.1512671266251056e-05;1.0519779169942322e-05;1.4586572191708196e-05;1.9162845460471808e-05;2.5395329407441337e-05;1.143482545615635e-05;9.944039309722271e-06;8.714567891591379e-06;1.6999837890016123e-05;1.767112552201231e-05;8.633466556683387e-06;9.991250218389943e-06;1.227290549995584e-05;3.5480342613639864e-05;5.7492093525471145e-05;0.00034639987237310534;0.00039963055971277824;8.650402587622569e-05;6.336722726527292e-05;1.2558326586419123e-06;1.3834238996487472e-05;1.622562340835886e-05;1.2009536507563985e-06;1.1676462927704377e-05;1.4585392416639619e-05
00:15:12;145;1.3193404987015873e-05;1.428269087791935e-05;0.00010948590000895007;1.023903623705151e-05;1.354347447281932e-05;2.8650075684957052e-05;2.0213263771944927e-05;1.0558353832447086e-05;9.261449248237403e-06;6.788223445978887e-06;1.614644263916241e-05;1.6961701509837273e-05;9.0411101642086e-06;8.594819286661897e-06;8.322905888359276e-06;1.1119659920720401e-05;1.502640536066021e-05;2.9894362284457075e-05;2.2626557979435083e-05;1.1641157994699249e-05;9.555189040562439e-06;7.07030122738834e-06;1.760528653282068e-05;1.8184041609741522e-05;9.614739115655723e-06;9.902390669180299e-06;9.152194390388772e-06;3.7492359982814824e-05;5.2740356395123726e-05;0.0005257055958143719;0.0005196326440018649;8.059826344233863e-05;3.740190326877707e-05;1.6091898081145066e-06;1.4759548701216992e-05;1.633472687463243e-05;1.228174338165833e-06;1.1338607905798032e-05;1.4989429574181736e-05
00:15:18;146;1.1824409638579295e-05;1.2964432865869007e-05;8.70853547612169e-05;8.627978194200834e-06;1.3297450120252176e-05;1.6902979023246768e-05;1.929450793883544e-05;1.0246135093826648e-05;8.531745520330828e-06;6.687358975909774e-06;1.5779045745809775e-05;1.7333096668504698e-05;7.805801793381306e-06;9.049447521518191e-06;8.337365860649532e-06;9.201099066005923e-06;1.4750437498427161e-05;1.8323065104814766e-05;2.2043684733529794e-05;1.1511877985441647e-05;8.936506518797546e-06;7.232882770823162e-06;1.7182173641104563e-05;1.872293275102746e-05;8.683541118789205e-06;9.93027289283257e-06;9.054715853461501e-06;3.777711052345285e-05;5.1918300428871715e-05;0.0003408683484436617;0.00039678609526933484;9.308373117870489e-05;6.59068467688737e-05;1.2869460548811723e-06;1.3860734186195793e-05;1.527659845665501e-05;1.468914926883717e-06;1.1748694402798097e-05;1.5041936494288964e-05
00:15:24;147;1.1760539844761876e-05;1.2906697716234589e-05;0.00010101354703926243;9.336839493233708e-06;1.3400189654465645e-05;1.670642140151234e-05;1.7671018383680348e-05;9.620097861913605e-06;9.236442028669568e-06;7.208630717963677e-06;1.6720074343239006e-05;1.6048042779588783e-05;7.748110311405815e-06;8.65861642296295e-06;8.771990907389823e-06;1.0048023508301689e-05;1.4865474152924711e-05;1.813073988988792e-05;2.044305404789283e-05;1.0824296272334369e-05;9.527714719527616e-06;7.588250979741916e-06;1.8140679147316268e-05;1.7420130887653095e-05;8.624757954956156e-06;9.767982548878593e-06;9.499264153787465e-06;3.702063377901452e-05;5.0373071872210305e-05;0.0004040912076718821;0.0005047452042436458;9.066636726383621e-05;6.647261391231031e-05;1.4888256532345432e-06;1.404974184778005e-05;1.576564227849555e-05;1.4714838478858696e-06;1.1425914134749628e-05;1.4591857966104979e-05
00:15:30;148;1.1288973502907787e-05;1.2443105230046012e-05;8.800711701302745e-05;8.787831133490313e-06;1.2806953633189137e-05;1.5525716287873532e-05;1.7734615424041582e-05;1.052461218491048e-05;8.272170545482863e-06;7.4843190612289785e-06;1.529068606099703e-05;1.4844958301487374e-05;7.754563721494957e-06;8.18279223515426e-06;8.258460273292588e-06;9.425966968419858e-06;1.4126477253739722e-05;1.6933400879276598e-05;2.0574962324149688e-05;1.1602940296281212e-05;8.650492821323474e-06;8.034867364528243e-06;1.6757323936860614e-05;1.6313461222850918e-05;8.617642091434667e-06;9.281035441814265e-06;8.99868813622227e-06;3.478494900614596e-05;4.663583272579875e-05;0.0003359070584605378;0.00042604907382431175;9.259376801407948e-05;6.0742179368233085e-05;1.5339682074613924e-06;1.4765663229385203e-05;1.5359175215587722e-05;1.5984620154993263e-06;1.1942055064635965e-05;1.4173219024653094e-05
00:15:37;149;1.1277294123343298e-05;1.241259573523362e-05;8.278771063902964e-05;8.315141390627643e-06;1.2379245014606319e-05;1.523369324600439e-05;1.821211498312633e-05;9.813301923471004e-06;8.498128467108886e-06;7.520999688249606e-06;1.544181843629841e-05;1.4823699371194463e-05;8.282276256336859e-06;8.212271175978003e-06;8.594835796445336e-06;8.824881845186287e-06;1.3863951964963292e-05;1.674286331648016e-05;2.095516093861447e-05;1.1051552856091043e-05;8.817305846421249e-06;7.947361281585933e-06;1.7010107846625586e-05;1.6141363826309202e-05;9.095465452734476e-06;9.193684750071157e-06;9.307443760226767e-06;3.623619998923787e-05;4.933377204184232e-05;0.0003054806925693339;0.0003845598177379684;9.221837603830087e-05;6.740956716707702e-05;1.4461038442591658e-06;1.3871142431627471e-05;1.520364939011815e-05;1.620890768201622e-06;1.19093436722309e-05;1.4162972018157891e-05
00:15:43;150;1.1221933192473443e-05;1.2336894461798152e-05;8.707763672381756e-05;8.296115012094354e-06;1.246078513810806e-05;1.6001851404015806e-05;1.8096086422629426e-05;9.843548676129062e-06;8.481751163070715e-06;6.820537952927969e-06;1.567823133153855e-05;1.473216960205677e-05;7.685015737799652e-06;8.2417298598743e-06;8.325372107265139e-06;8.78602434602703e-06;1.3916174943512453e-05;1.735498021326184e-05;2.07740431390828e-05;1.1132114863519032e-05;8.813019702975459e-06;7.391316684552754e-06;1.7052191916390476e-05;1.6012422402357665e-05;8.445712807505388e-06;9.242164265696708e-06;9.122565015901802e-06;3.6494015186727554e-05;4.848224713594939e-05;0.0003294074818903994;0.0004146137946392918;9.175395909744095e-05;6.618060313217969e-05;1.391544693080783e-06;1.3890772165849862e-05;1.5319631491785655e-05;1.4609337600873157e-06;1.1768829437748137e-05;1.4167828055269757e-05
00:15:49;151;2.5612500908519824e-05;2.6473971473346346e-05;4.867101065707626e-05;1.5469855416551003e-05;2.7019370304773556e-05;2.2055571380716092e-05;2.591415144401956e-05;1.8279742369806875e-05;2.0507654374507016e-05;1.3754127885270215e-05;1.9365880817190373e-05;4.076103731036214e-05;1.2392632077700744e-05;6.999736486208845e-05;2.18326143588208e-05;1.5138077713667763e-05;2.7778854467825008e-05;2.2798841292811468e-05;2.8546163971613964e-05;2.0010472694651335e-05;1.9853056845114466e-05;1.534809752217681e-05;2.0666108153081836e-05;4.113369836483764e-05;1.2903110686399682e-05;7.144222399801947e-05;2.2068946501475913e-05;3.5572021452127486e-05;6.20575114180959e-05;0.00020934146754711424;0.00010445460988739067;7.29560008987224e-05;3.65233047725881e-05;1.121069122597788e-06;1.5021492661824712e-05;1.6355486371275186e-05;1.377770337856529e-06;1.2074393980625235e-05;1.7196999434696836e-05
00:15:55;152;2.9388851875079457e-05;3.066742997189182e-05;0.00011512302160307632;3.314798403731732e-05;3.115643516015222e-05;3.3798602761304544e-05;3.352090920119818e-05;3.404781142535285e-05;1.631395128175551e-05;2.4425423222592972e-05;3.350933219921485e-05;4.6495803572228894e-05;2.1454040833646104e-05;2.2498438661180195e-05;2.2297480264590128e-05;3.331208947340109e-05;3.2463235664734015e-05;3.493974891401344e-05;3.758328064209251e-05;3.47572259797053e-05;1.692993717807451e-05;2.560806661918671e-05;3.455900192029385e-05;4.793489233058689e-05;2.2457020810478858e-05;2.4936186065720512e-05;2.252846488887901e-05;3.6256918929464016e-05;6.775055918909297e-05;0.0006107010341905833;0.000500052595725168;6.60298941583532e-05;3.7303437465086866e-05;1.6263409456746115e-06;1.786511517268833e-05;1.5644162521069608e-05;1.4197016459886101e-06;1.1596485258635519e-05;1.52300140351106e-05
00:16:02;153;2.1888609875407962e-05;2.2811672985155866e-05;0.00012063639459778033;3.075005377375171e-05;2.0774602090641153e-05;3.852292826422854e-05;2.2929020157779302e-05;1.903438808364461e-05;1.7378366142007838e-05;1.3151071877876513e-05;1.9949814376797224e-05;2.4997854925278386e-05;1.3055345002561063e-05;1.4781361545343232e-05;2.7338504923787614e-05;3.061589735738426e-05;2.28051121206291e-05;3.9525406072807756e-05;2.5705237769929964e-05;1.9277476054366495e-05;1.7511335039372065e-05;1.3188988333827701e-05;2.0936821968036063e-05;2.6357753201029736e-05;1.3760694826809804e-05;1.6245647778224694e-05;2.780969939349349e-05;4.535876652809455e-05;4.967756376379134e-05;0.0005405412105172574;0.0005560875883571007;9.02351950379851e-05;9.125092329357688e-05;2.8032120332051485e-06;2.7683067891731417e-05;1.5120813411479478e-05;1.1061274990007592e-06;1.0839830522510542e-05;1.6932436317630873e-05
00:16:08;154;3.05564487606799e-05;3.169881450889125e-05;0.00021107829663403048;1.8331129667940743e-05;3.1119254067200266e-05;3.684935234363448e-05;4.126882663254864e-05;4.4097928702574954e-05;3.249960776553383e-05;1.7764868539286866e-05;2.2092796261187107e-05;2.6311683919805713e-05;1.2914994829703698e-05;6.420665930177579e-05;1.9220272812183545e-05;1.8245583294030232e-05;3.260151292516075e-05;3.6711057885129986e-05;4.370335278232417e-05;4.689054668820581e-05;3.322250134410348e-05;1.807486146793088e-05;2.307527713036265e-05;2.787693237327334e-05;1.337914558393141e-05;6.65677094569023e-05;2.003728340115012e-05;2.4899938419935136e-05;4.591439345305747e-05;0.0011544377815299496;0.0011367671342753522;8.527946974304384e-05;2.325140682239311e-05;1.3386244146448278e-06;1.7038270787253872e-05;1.566436216263174e-05;1.402217671102359e-06;1.2549857239030576e-05;1.4396103089970462e-05
00:16:14;155;2.1630582221053952e-05;2.2394351479398452e-05;4.499682446476291e-05;2.8314500068208044e-05;2.4770397782379984e-05;2.1600784070198063e-05;4.213704683955009e-05;1.421065818295698e-05;1.4479306118046638e-05;1.4456960059951804e-05;4.141380624260323e-05;2.2699070851475963e-05;1.0121069086013987e-05;1.2671347286512132e-05;1.2692032688025021e-05;2.881668534209433e-05;2.58174512377473e-05;2.198317594740752e-05;4.381085906245545e-05;1.546962723779548e-05;1.4841122904300978e-05;1.5413326061978388e-05;4.097248365954478e-05;2.361571184533377e-05;1.1040302985137817e-05;1.3580923004604912e-05;1.3370541107834942e-05;3.175277337418393e-05;4.7748847603758005e-05;0.0001386732296695696;9.234018781561057e-05;8.011647940500628e-05;7.356404522984091e-05;1.6290492664749328e-06;2.3705998017401303e-05;1.9660172754739904e-05;2.8881193904279975e-06;1.1899494816777029e-05;1.598349623336442e-05
00:16:20;156;2.5658637766086528e-05;2.7003019821205284e-05;0.0001370971974748434;3.3087013277240246e-05;2.7063536490149172e-05;2.843930665428409e-05;3.527359573819343e-05;1.4536838034085907e-05;1.391004612633589e-05;3.644873986468672e-05;2.0385218596950175e-05;2.107342714390887e-05;1.0677500868119047e-05;3.536723266444658e-05;3.1641190691867784e-05;3.4067877383182076e-05;2.7778250494267484e-05;2.8528240294736527e-05;3.942402789890147e-05;1.5515746062065554e-05;1.4469155366550925e-05;3.821854779398794e-05;2.1808370616735708e-05;2.2283554486259875e-05;1.1266230523711162e-05;3.814341123617413e-05;3.2532816130927284e-05;1.84291397314268e-05;3.667637531450214e-05;0.000337979009818317;0.0009131615467668793;0.00010959902881400543;0.0001699111575912353;3.5243977634714066e-06;1.6261877476569093e-05;1.258906019147742e-05;3.3673532687442477e-06;1.202937400262031e-05;1.1638048958872639e-05
00:16:27;157;2.778296993969062e-05;2.8827282820409755e-05;0.0001317823479836084;1.1870224131950057e-05;4.538859067017918e-05;2.532244540082667e-05;2.3598436885405054e-05;1.3501516095521476e-05;1.708490890321586e-05;2.862474149946014e-05;2.913227932956695e-05;4.0817340316256043e-05;1.7892088450821575e-05;5.2283527638378885e-05;2.7879532224646525e-05;1.2089049522717088e-05;4.709977790148917e-05;2.618404710407463e-05;2.6564654058635328e-05;1.4914509743972257e-05;1.706280418838554e-05;3.0197234277866186e-05;3.0063057779386063e-05;4.300991626039348e-05;1.859271334886884e-05;5.238781133950305e-05;2.7761813714588946e-05;3.481898905111017e-05;7.202745749249604e-05;0.0008266151698663951;0.00047562794715378325;8.69545734600635e-05;2.321224836088087e-05;2.1834213196549484e-06;1.4735380186257014e-05;1.7055043251692238e-05;1.43642691169738e-06;1.2118997317241415e-05;1.4602521432029047e-05
00:16:33;158;2.0054960940414773e-05;2.08974610290216e-05;9.301893480559977e-05;1.9542636548211785e-05;1.8165741633683037e-05;2.1630336100677347e-05;3.047151774508579e-05;1.5759541240485802e-05;2.9620113224382294e-05;8.43907504200946e-06;3.3308057812643135e-05;2.3806807928653225e-05;1.0540070209427457e-05;1.2071446442844676e-05;1.7304179841268954e-05;1.932881743322227e-05;1.9485264555775836e-05;2.2293865116853915e-05;3.387046667682361e-05;1.7028586430397014e-05;2.974424776628531e-05;9.198805562132466e-06;3.311292171537953e-05;2.4934313347054015e-05;1.0939775338441375e-05;1.3130912140949004e-05;1.770154747508151e-05;4.4085793945926305e-05;3.400870627870991e-05;0.00018849613705324293;0.0003790564007122933;0.00011433324249319427;0.00028729977050625393;2.6027022900086115e-06;2.0727706148180125e-05;1.5167764370230543e-05;3.9100258906251674e-06;1.1044104580088343e-05;1.5494863398443565e-05
00:16:39;159;1.9799553138516952e-05;2.060007965512709e-05;0.00011656966332908547;1.3426392603770926e-05;2.402432803514578e-05;2.8561120380097485e-05;2.7846849666895484e-05;1.9129615424162694e-05;1.738622466715159e-05;1.7957590728201467e-05;1.8506825765288422e-05;2.2310889906148905e-05;1.388426088378868e-05;1.6657724840869875e-05;1.7902807666235855e-05;1.3672845783776786e-05;2.5730450022221496e-05;2.955874333565589e-05;3.066957165922563e-05;1.955302928487256e-05;1.7871718699995966e-05;1.7938024162112578e-05;1.9762900822720036e-05;2.2369480172494172e-05;1.3970975752398991e-05;1.8125467077085508e-05;1.797774182452048e-05;3.0401339256614147e-05;5.562531761416516e-05;0.00044084369711922525;0.0006371271189639573;9.578481793352766e-05;7.571330894855066e-05;1.0023698847204061e-06;1.8073952366823548e-05;1.649801629620811e-05;2.637309636728216e-06;9.792171946144201e-06;1.533653998236094e-05
00:16:45;160;2.485379982110978e-05;2.5738666051979578e-05;6.323916582311725e-05;1.8003158543096603e-05;5.055979927057954e-05;1.883759555648174e-05;3.439698673963159e-05;1.8771356683993705e-05;2.2047336816978135e-05;9.057995001817496e-06;2.2847420506299056e-05;1.8517421197698653e-05;1.010218637922187e-05;1.568193356730903e-05;5.942240057844504e-05;1.8649761058659812e-05;5.223484248157938e-05;2.0323006492041793e-05;3.60551770012811e-05;1.9622199920089357e-05;2.229505679667765e-05;9.681893677420877e-06;2.334867372443528e-05;1.9668481388491066e-05;1.098370127312845e-05;1.6363028707122724e-05;5.9638165342370994e-05;3.7448676739684505e-05;6.335686811193166e-05;0.00026060004770454273;0.00020888406986333409;9.151395894845563e-05;3.701266396443157e-05;9.526812894965721e-07;1.3843167313784542e-05;1.798150771210861e-05;1.266490156004518e-06;1.2320367003540055e-05;1.3689491070092607e-05
00:16:52;161;2.0764513875933105e-05;2.1729034461380172e-05;0.00014395875613291653;1.2358001161384312e-05;2.653324193085444e-05;2.3575166968664068e-05;2.402985627208471e-05;1.628455182418003e-05;2.977240006626661e-05;1.515690233718074e-05;3.215509294756719e-05;2.6161459937218918e-05;1.3289958430236352e-05;1.7915560749512142e-05;1.1941966664995686e-05;1.287787251350915e-05;2.7561552582759575e-05;2.4662962252616033e-05;2.7409153575073233e-05;1.7057252552137782e-05;2.932290500453585e-05;1.6382212391052442e-05;3.1989824331308056e-05;2.7392261150061694e-05;1.3965890756008787e-05;1.9332088747513452e-05;1.2794429039786337e-05;4.7376349042438224e-05;6.892623014554243e-05;0.0005520018380664454;0.0007684061373559429;8.847373135456588e-05;0.0001408110328392124;1.2664604474906543e-06;1.4965232021205358e-05;1.6173018579972233e-05;1.0412406518249907e-06;1.2032655029438025e-05;1.6031148060920345e-05
00:16:58;162;1.760120260417931e-05;1.8625828177598896e-05;5.851399454622329e-05;1.278685005507379e-05;1.85173209827512e-05;2.0546490409339473e-05;2.09791148080285e-05;2.5018443167823534e-05;1.1132788354214798e-05;1.9208962527272888e-05;2.4841763286593217e-05;2.103920703885623e-05;9.176745729694796e-06;1.6911704433782276e-05;1.1055033194328313e-05;1.294481720649372e-05;1.9511976610880958e-05;2.1707006062224765e-05;2.4238194022979734e-05;2.6412618129292747e-05;1.151580757242657e-05;1.9761882695208064e-05;2.605473070351637e-05;2.228141401926073e-05;1.0073573850857866e-05;1.7581251224236197e-05;1.1426658671506964e-05;3.2987049178768494e-05;4.4059100793490083e-05;0.00018209723721272422;0.00023425172640822832;8.295420783142668e-05;7.087636816210533e-05;1.926059453230428e-06;1.2293834766664309e-05;1.3399065243525926e-05;1.526427996370212e-06;1.200829389404841e-05;1.378856361409681e-05
00:17:04;163;2.0097899297607828e-05;2.0617366363360736e-05;8.8240866184789e-05;1.4019083774418174e-05;1.4907708933006605e-05;3.310798813190145e-05;2.0562099143200445e-05;1.527719137780795e-05;3.861744431271125e-05;1.1714974518058211e-05;3.06950442346864e-05;2.3954739895450736e-05;1.1483746626920906e-05;1.2322020152504882e-05;1.4512743233426177e-05;1.4256484202541046e-05;1.6411380507818223e-05;3.338001537301778e-05;2.260104871380417e-05;1.5395705022341113e-05;3.690703849741435e-05;1.2359855190879898e-05;3.174126345872042e-05;2.3832296622608333e-05;1.2139361088780856e-05;1.3252887232669355e-05;1.5131052223986892e-05;4.867053597127712e-05;7.275179882922793e-05;0.000343685576990277;0.00036421282230681654;7.900241206856662e-05;9.031499421409841e-05;1.1022424513002551e-06;1.1574210313552961e-05;1.8842209425304613e-05;1.1047186564890858e-06;1.1513552478977892e-05;1.6115320511579914e-05
00:17:10;164;1.665478027167534e-05;1.7747622303984458e-05;8.80024501526148e-05;1.0626930763247731e-05;1.4948958509690287e-05;1.7653641995190643e-05;1.9056618515766e-05;1.2330273468111583e-05;1.1616572070817131e-05;1.953921945259522e-05;3.2152935476274664e-05;1.5838763891389878e-05;2.3131369183395442e-05;1.2138466130745035e-05;1.0823607022364905e-05;1.1150032847420139e-05;1.6546307822956138e-05;1.8987106366556055e-05;2.1933726421144755e-05;1.361417105703989e-05;1.16522359567631e-05;2.0616921378687153e-05;3.2575824776888366e-05;1.7439293112112886e-05;2.3922027473498573e-05;1.3057712599623336e-05;1.1476101428366125e-05;3.597250043583011e-05;4.437793230814714e-05;0.0003524101884016667;0.00042673620751615795;8.334878421348927e-05;5.2631486325059553e-05;8.616125514290229e-07;1.6072182961929866e-05;1.6028098742682457e-05;1.1886454337592347e-06;1.159922938251335e-05;1.4802533558713894e-05
00:17:16;165;1.5894430365971278e-05;1.6974425825192385e-05;4.683834332903891e-05;1.0614041429526175e-05;1.518508849200502e-05;1.568504712488241e-05;2.6407628914946393e-05;1.1142463145445577e-05;1.2085376980053297e-05;2.1258183875519617e-05;1.8179504651398432e-05;1.7970125736868877e-05;1.4009078916062249e-05;1.8426208233728918e-05;9.770411011154259e-06;1.1112622239205492e-05;1.640957126957939e-05;1.694292567191053e-05;2.885881824827093e-05;1.2257332958983216e-05;1.2241720423268897e-05;2.1805238627822762e-05;1.9082324175956906e-05;1.944153263127502e-05;1.4805905841887026e-05;2.0469170545144565e-05;1.026594098312913e-05;3.729249450402865e-05;4.030223548444682e-05;0.0001449215577058349;0.00013122465899642518;8.908261346110609e-05;5.588940212370109e-05;2.603160886444085e-06;1.649038230988284e-05;1.536972252203613e-05;2.6110985122086445e-06;1.1730502907569992e-05;1.4542290534782593e-05
00:17:23;166;1.7911566082127386e-05;1.8784966161109865e-05;8.446791637579303e-05;1.073201971735216e-05;4.087954651119865e-05;1.9017844044294012e-05;1.948782032715454e-05;1.4441920767312281e-05;2.44086123098503e-05;7.880423443654392e-06;1.8403883050733715e-05;1.7068917875400818e-05;1.3089760022405079e-05;1.2420577131163926e-05;1.710746080618719e-05;1.1525830848745212e-05;4.1877377929889504e-05;1.9860331709032488e-05;2.2057132384039114e-05;1.5210509031297804e-05;2.4899625115515073e-05;8.387261666801443e-06;1.9675305707153975e-05;1.7784261643423115e-05;1.3466716465493075e-05;1.3188989145465378e-05;1.7486245050798672e-05;3.901013275936614e-05;3.722613151117748e-05;0.0003806125370160128;0.00036959267717697847;9.545534836613096e-05;3.0189561566362193e-05;9.403743447610479e-07;1.547886518964081e-05;1.6184092106265733e-05;2.4077875132083455e-06;1.1375045846925076e-05;1.5142443112687502e-05
00:17:29;167;1.5235394877002115e-05;1.6377530116613664e-05;0.00010280903582324827;1.0655734596747896e-05;1.446721434077021e-05;1.8987588831009816e-05;2.358377234269359e-05;1.8913533664162557e-05;1.0881908122231918e-05;1.7501502725927118e-05;2.1141081259915236e-05;1.848324801947208e-05;9.23542895621536e-06;1.0239110153520414e-05;8.734610466505769e-06;1.1533869187415008e-05;1.6001562805366674e-05;2.0288171394377406e-05;2.603078444482452e-05;2.0612448000215005e-05;1.0780673867113272e-05;1.8648375368649817e-05;2.2024287203219246e-05;2.006464655084839e-05;1.0201528334906885e-05;1.1080637463398684e-05;9.263371529287505e-06;3.83551683462427e-05;5.1524768194347045e-05;0.0003924080367340738;0.0005368296946281757;8.626582549640448e-05;7.242552175980046e-05;1.792361402104042e-06;1.2921548263234155e-05;1.4008174413277534e-05;1.2998366524548508e-06;1.181104557985986e-05;1.4066448409004466e-05
00:17:35;168;1.6513888115551627e-05;1.7499691446435555e-05;9.50405009306656e-05;1.1381620189028622e-05;1.3638253211535233e-05;2.563100842290954e-05;3.0523540896286825e-05;1.0499292497715116e-05;1.0026238274850709e-05;7.654200429514772e-06;1.8380686686792945e-05;3.631242283187351e-05;9.532999894449032e-06;1.4344171312721052e-05;1.024221619032191e-05;1.1481806418084454e-05;1.5051119463132175e-05;2.7235146538985162e-05;3.2688454827816885e-05;1.1594165502911097e-05;1.022034432970008e-05;8.075725711737331e-06;1.9270148474293542e-05;3.716582153784553e-05;1.014680004958837e-05;1.614586419029503e-05;1.0920895241540592e-05;4.803221309508188e-05;4.673730145242492e-05;0.00043696140989775103;0.0004209875648347954;9.133523290461586e-05;4.1692258833180766e-05;9.313971953142917e-07;1.3130794766403303e-05;1.219221538047764e-05;1.4069746043102271e-06;1.0922313414506726e-05;1.615633478912508e-05
00:17:41;169;1.5024041501150846e-05;1.6182472549350875e-05;0.00010730496139603326;1.9809702334586373e-05;1.436823980456707e-05;1.670212890174257e-05;2.017609996068421e-05;9.772463546911778e-06;1.0169481439251369e-05;8.625447853657677e-06;1.6133271671492366e-05;2.5598072025703996e-05;7.678266232925456e-06;1.0457562754337149e-05;2.079775662816081e-05;2.0533283716332923e-05;1.5687579549723778e-05;1.7672591500833065e-05;2.3285131554743365e-05;1.0868721220285345e-05;1.0437259535609872e-05;9.168664326329857e-06;1.761764474682837e-05;2.7648550609297628e-05;8.66841150749264e-06;1.1391710750449189e-05;2.121011605399699e-05;2.923494426193819e-05;4.700076170108842e-05;0.00039974016054027014;0.0005984209115684212;8.763946231598402e-05;6.703099580144642e-05;1.2612970896653673e-06;1.7273941159891156e-05;1.2898336530634652e-05;1.7294758978692278e-06;1.1414102557475454e-05;1.4015147327715346e-05
00:17:48;170;1.1907015943083108e-05;1.293952671035128e-05;8.761102550238625e-05;1.4591424608376904e-05;1.322969210997888e-05;1.5346268256166695e-05;1.7296660039598713e-05;1.0307373235656831e-05;8.53638075329596e-06;8.19252416274129e-06;1.4513917649465343e-05;1.4936400302448503e-05;7.479207097689637e-06;9.346733602523148e-06;9.107605401807591e-06;1.509744562916907e-05;1.4511954149487724e-05;1.64786926481749e-05;1.990299544927496e-05;1.1372368192761442e-05;8.964905617498907e-06;8.637368490424337e-06;1.5938955791942227e-05;1.6375240365844926e-05;8.351168732208205e-06;1.0201274810380618e-05;9.44194913314231e-06;3.6269143191456686e-05;4.2903685439470854e-05;0.0002938426790285496;0.00045262176639251635;9.961506481465276e-05;7.236214544425605e-05;1.222069040843885e-06;1.3214404101186186e-05;1.2324916880521821e-05;1.5776225067289818e-06;1.139492986149762e-05;1.3983879326954065e-05
00:17:54;171;1.2242365294603339e-05;1.330791053964898e-05;8.34511862000717e-05;1.2641628247484443e-05;1.1855248336639141e-05;1.664212512702596e-05;1.8003084193196628e-05;1.053038048388027e-05;9.939049472894691e-06;9.1249392352469e-06;1.4673546001052852e-05;1.6691890110109853e-05;8.893742438751609e-06;8.851596253381642e-06;9.061150139705825e-06;1.3697170708860828e-05;1.3322606661594236e-05;1.758410807373297e-05;2.0463216751062347e-05;1.1776148041946403e-05;1.0031976303195468e-05;9.514644515075827e-06;1.590270812236748e-05;1.7909791264933523e-05;9.66380295860198e-06;9.629677445250135e-06;1.0199071709129257e-05;3.717171426205041e-05;5.021740896610393e-05;0.0002827540591545304;0.00039168383575673236;0.00010350034742749546;7.933021547712346e-05;1.3076462738628875e-06;1.3856586151332636e-05;1.3184624299395325e-05;1.979162324793135e-06;1.2073411390660232e-05;1.4355222916780382e-05
00:18:00;172;1.1846182077461394e-05;1.2943722197897969e-05;6.462372262526247e-05;8.685421085694792e-06;1.2364546062248007e-05;1.3616012306659865e-05;1.6490661588425777e-05;1.0699270282026935e-05;8.211291561689325e-06;8.591326075769633e-06;1.693279738581375e-05;1.5209006549680867e-05;1.3748425353490099e-05;8.88508843000967e-06;8.72033450798943e-06;9.264675007884013e-06;1.3993347364922108e-05;1.4909230622269885e-05;1.936563928176861e-05;1.178453734771406e-05;8.57276156722624e-06;9.14126844057862e-06;1.823397748541791e-05;1.6459556753011095e-05;1.4726191624550332e-05;9.717203249261107e-06;9.156273491395109e-06;4.054610575757105e-05;4.3032425533278615e-05;0.0002039229171032593;0.00026833759519491994;0.00010225403658472748;5.9856320188984726e-05;1.218269811913629e-06;1.631720086746282e-05;1.2024113215457466e-05;2.462280749313079e-06;1.167213346371326e-05;1.3841273032548464e-05
00:18:06;173;1.1497425403335496e-05;1.2612378461337265e-05;7.008038118495355e-05;7.9762182714014e-06;1.391183645115358e-05;1.353111681045117e-05;1.7409147061316204e-05;9.443301451997597e-06;8.036197470382625e-06;8.367831070640621e-06;1.9639878455667382e-05;1.553057366653444e-05;7.18767935836695e-06;8.445037534246778e-06;8.490283639291233e-06;8.517374364508882e-06;1.5486999403993316e-05;1.5021488620789834e-05;1.9944879556843964e-05;1.0617211357177577e-05;8.446081498237341e-06;9.169408543394766e-06;2.0730266649341594e-05;1.6977022639792588e-05;7.929260938240826e-06;9.246370534785018e-06;9.26217393199191e-06;3.951946899499524e-05;5.154539419417555e-05;0.0002435275896866527;0.00029718054134362707;9.79718528563068e-05;5.4926852552101584e-05;1.6644012333460932e-06;1.4600925405309486e-05;1.2543209030743767e-05;1.2789887742312793e-06;1.1915755608051152e-05;1.4289594539902263e-05
00:18:13;174;1.0923385739209317e-05;1.2038865642801894e-05;6.846025544617351e-05;7.889697748453273e-06;1.2136176878966994e-05;1.6570691330612547e-05;1.6786511355090543e-05;9.193559023401576e-06;9.087767209466206e-06;6.750148970850618e-06;1.4809976041812495e-05;1.364914311869308e-05;8.271922877414992e-06;8.428178242587075e-06;7.50685246489721e-06;8.35856030501913e-06;1.3623318985002144e-05;1.7968706409111648e-05;1.953868289242161e-05;1.0219800106490685e-05;9.44417779234605e-06;7.358685453727037e-06;1.6114023517591796e-05;1.5283443679413432e-05;8.87977110531072e-06;9.335267943150697e-06;8.34194508593388e-06;4.1051950534362704e-05;4.629390805778464e-05;0.00025770659114227024;0.0002773664174453921;9.937699704358766e-05;4.3399162949175504e-05;1.2296067506442935e-06;1.3228616704248316e-05;1.3817970892084517e-05;2.0042160360695646e-06;1.1718051049128588e-05;1.4329576749333951e-05
00:18:19;175;1.0989620982761814e-05;1.2062911473894698e-05;8.683609205646512e-05;7.96429264227072e-06;1.1664865465635641e-05;1.6128975671976647e-05;1.6458848273130528e-05;1.0000953419106198e-05;8.690435291472651e-06;1.0323854581884007e-05;1.4024436980135265e-05;1.4365236433439515e-05;6.920710031398482e-06;7.935179230468169e-06;7.397660506957106e-06;8.453875712411555e-06;1.3180419149579439e-05;1.7541916821744365e-05;1.8898180395451704e-05;1.0927225767899691e-05;8.838911382346989e-06;1.1020876379778293e-05;1.5425388137603626e-05;1.5535496309387816e-05;7.764530218531646e-06;8.982242572436675e-06;8.185869307764526e-06;3.915403148997313e-05;5.087283064745437e-05;0.0003303767303757479;0.00040850330385540265;9.853899282656084e-05;5.969177231606035e-05;1.4752720651073088e-06;1.2532659681356419e-05;1.3579284515008026e-05;1.6940677939608636e-06;1.1900213382760098e-05;1.3713945728189325e-05
00:18:25;176;1.0551878476276629e-05;1.1658823484450998e-05;7.369391920608016e-05;7.935430179951585e-06;1.128943860997176e-05;1.3187121059455752e-05;1.6587749014847347e-05;1.0299545301315696e-05;7.469014978379494e-06;7.1662022233066516e-06;1.508114882979457e-05;1.3817350268719895e-05;7.843033199864378e-06;8.542427922525969e-06;7.404076533455075e-06;8.464987820820792e-06;1.284073218064091e-05;1.4745261782818603e-05;1.906969267606022e-05;1.1428066978002295e-05;7.940138126471112e-06;7.680903409672731e-06;1.653485841289475e-05;1.504385894390274e-05;8.60383403925903e-06;9.353133884383457e-06;8.200409664351366e-06;3.7477725940289456e-05;5.258849609513314e-05;0.00024334977119332783;0.00033055834633667906;0.00010132799040863062;6.398905175702453e-05;1.384041462309587e-06;1.2554591845320804e-05;1.3097340910333458e-05;2.027190841051545e-06;1.2235350712114593e-05;1.373713297074726e-05
00:18:31;177;1.0252070893557175e-05;1.1303200314810229e-05;8.058824713511621e-05;7.606290568224432e-06;1.2747708643830306e-05;1.3927802916798141e-05;1.5828466498068007e-05;8.855746607785228e-06;7.781633731243884e-06;5.749001699099794e-06;1.4491471225917188e-05;1.285434988576836e-05;7.752981304065543e-06;8.05339037606762e-06;7.376003392390761e-06;8.084875470201582e-06;1.4254170482557509e-05;1.533707495870163e-05;1.8511712530394278e-05;9.786354131749618e-06;8.162528709224809e-06;6.385671552759705e-06;1.5661604127764136e-05;1.4026009886970602e-05;8.505642452729273e-06;8.886191349292743e-06;8.036562869878989e-06;3.9737415263832146e-05;5.014947727631372e-05;0.00027591943749185894;0.0003775245423285562;9.473334548557643e-05;7.355860262243554e-05;1.2561014756534415e-06;1.2964317957295438e-05;1.3554847750940303e-05;1.7927249313459631e-06;1.2128837385244966e-05;1.3739315652341535e-05
00:18:38;178;1.0138706293425706e-05;1.123743417729547e-05;7.588959314929715e-05;7.673670115014954e-06;1.1075924683594126e-05;1.3596379929481373e-05;1.650763233194332e-05;9.696937443560604e-06;7.5323402561686885e-06;6.687830946170627e-06;1.3605062262394602e-05;1.32261631452221e-05;6.521999159887897e-06;7.539935504558509e-06;8.000596105778806e-06;8.273275691667376e-06;1.2644207241533831e-05;1.4894087155569857e-05;1.9108495737932168e-05;1.0868020195584329e-05;7.940376229881519e-06;7.209509988834851e-06;1.5065059921618762e-05;1.4607837743548046e-05;7.219671640742962e-06;8.477348527304468e-06;8.541316236903495e-06;4.046981156585837e-05;4.7068495123188967e-05;0.0002534029862290443;0.00034627780200573334;9.986847047793771e-05;6.869645754570123e-05;1.296354691544762e-06;1.3067738389389561e-05;1.3402469739708038e-05;1.5854004240747032e-06;1.192094867190951e-05;1.3618182927475167e-05
00:18:44;179;1.0151854926799718e-05;1.1226504560725033e-05;8.01283046832455e-05;7.5964009999490205e-06;1.1126990112974124e-05;1.4380413640486205e-05;1.605543686299494e-05;8.7997719960113e-06;7.71190615658022e-06;6.8890981252552175e-06;1.3760556503877359e-05;1.3558155009201817e-05;6.888098557634624e-06;7.49646480293429e-06;7.558962481885539e-06;8.156927269507683e-06;1.2608208174852631e-05;1.5565908649443394e-05;1.8562117532647917e-05;9.982372404597818e-06;7.981009615303012e-06;7.62247138562641e-06;1.5171078982198598e-05;1.4760283423278959e-05;7.726371441555174e-06;8.361828338221833e-06;8.21947320287972e-06;4.090594677386404e-05;5.1137316132637383e-05;0.0002928075817240047;0.000364955104523678;9.494467508431049e-05;6.197780964307943e-05;1.2313730864276046e-06;1.2902954595385877e-05;1.3597726217975238e-05;1.564863659490034e-06;1.1717304731505073e-05;1.3797000026587909e-05
00:18:50;180;1.0002082411440163e-05;1.1065972828390254e-05;7.851392368846001e-05;7.508286744501385e-06;1.1098703014573113e-05;1.3687175548423882e-05;1.6170222684246998e-05;8.710848515068971e-06;7.499532617058239e-06;6.380430471802418e-06;1.3842197962400281e-05;1.3267683938651812e-05;6.928077934211594e-06;7.671221348976525e-06;7.260604473525621e-06;8.142511104998e-06;1.2547376771388233e-05;1.4893516994492575e-05;1.8665453192429424e-05;9.837750958122573e-06;7.80970278264007e-06;6.929578928606986e-06;1.5303681260475864e-05;1.4554482777960321e-05;7.73484275726597e-06;8.424586045708289e-06;7.948186676809269e-06;4.026943674844039e-05;4.944741422375484e-05;0.00027426493914931553;0.0003608142971289741;9.611099685647572e-05;6.618713865863227e-05;1.2535179849086448e-06;1.309009257337744e-05;1.350213014860131e-05;1.6675860668380662e-06;1.1822101532780892e-05;1.3737433189421182e-05
00:18:56;181;2.4829975547969628e-05;2.6233037300975227e-05;9.337271846109465e-05;1.4977926300926727e-05;2.7633555710983934e-05;2.7514060139889228e-05;3.220517353693967e-05;4.796732372369661e-05;1.4092721008425583e-05;1.1882592796749494e-05;3.740266998616707e-05;3.3913484354674104e-05;1.3017658076819316e-05;1.4264294762256213e-05;2.308823860113824e-05;1.5616455383206825e-05;2.9440897850679305e-05;3.0408069298711688e-05;3.585811848811145e-05;4.968927984193698e-05;1.4114861118333131e-05;1.2521196039634112e-05;3.7562612225331036e-05;3.56052781551372e-05;1.4224105316201001e-05;1.5226587861491946e-05;2.4528980006086583e-05;2.9149301815748448e-05;3.944685683797938e-05;0.00034853786384357897;0.0005137897707300868;7.325829281138829e-05;3.95668657464146e-05;1.2981241617011832e-06;3.4110377526400695e-05;1.2584022178134072e-05;1.3775786547719227e-06;1.18717584090377e-05;1.5481808817893706e-05
00:19:03;182;1.994159581706547e-05;2.083449286561241e-05;7.225955278815969e-05;1.5591027156667472e-05;3.077325741752578e-05;1.9567783094874937e-05;2.1167926827946427e-05;1.6027246214310832e-05;1.4478244943141114e-05;8.709763205610505e-06;4.894172805724008e-05;2.099243074062749e-05;1.3458475067486894e-05;1.339609642834396e-05;1.6195163915065017e-05;1.585775034867236e-05;3.2548830214308725e-05;2.0657304083192395e-05;2.3676392767719093e-05;1.6536963818297514e-05;1.4788867287555874e-05;9.576274708165386e-06;4.722046437161191e-05;2.1681578144563004e-05;1.5126300033581991e-05;1.473178891973464e-05;1.7611392085879593e-05;3.473548841477627e-05;3.825268553259046e-05;0.00020973067824825396;0.0003661779475028859;8.6555487029826e-05;3.9633219866614205e-05;1.4858856235175849e-06;4.721730062667299e-05;1.530194552027877e-05;2.8343268719761973e-06;1.1733301925769284e-05;1.3456366294754563e-05
00:19:09;183;2.1483521782721997e-05;2.2475458374887977e-05;9.38122340043115e-05;1.3613403829992876e-05;2.2667427474103036e-05;3.509397819295207e-05;2.7811474729653376e-05;1.7194352173016174e-05;1.735234978380876e-05;4.1363005527211335e-05;1.8548739085779495e-05;1.6939314699532755e-05;1.2486161371586233e-05;1.8275279316526394e-05;1.6456767844694944e-05;1.3505797101694227e-05;2.3737385531661212e-05;3.466651777890098e-05;3.103845105952247e-05;1.846396139914264e-05;1.769088035710215e-05;4.3481186574215915e-05;1.929799343744452e-05;1.7972360620672277e-05;1.2806415903653516e-05;1.970645123809028e-05;1.733809506420792e-05;3.871445053312237e-05;4.656518743003424e-05;0.0004547890239669441;0.0004045866082701477;7.645637400762567e-05;3.6854617552024055e-05;4.60394713805038e-06;1.4053085471363034e-05;2.1383189305283223e-05;1.2146960809291564e-06;1.006314274845922e-05;1.6462485547754844e-05
00:19:15;184;2.2677182809874548e-05;2.3761873837682726e-05;0.00010348285089762619;1.3592280033301243e-05;1.6304001368377445e-05;5.1290485533751386e-05;3.1221884385827664e-05;3.450176221132427e-05;1.6793913487008055e-05;8.240725783537073e-06;2.3769667153833946e-05;1.940528848882133e-05;1.0773014623246333e-05;2.794879003948319e-05;1.828437208282387e-05;1.41446581334163e-05;1.7791954702215087e-05;5.2343755899678e-05;3.3685671444834927e-05;3.5739778191966735e-05;1.668923565214559e-05;8.65551889627211e-06;2.5015316963088226e-05;2.022462231713079e-05;1.161709373770429e-05;2.9984514162318688e-05;1.9250359849748642e-05;4.5366704008080415e-05;5.6775637925583964e-05;0.0005144697679660629;0.0004240899326311215;9.784585580829177e-05;4.019627803281399e-05;1.556491157059623e-06;1.5856911753118766e-05;1.5154387623439029e-05;1.2564459563735659e-06;1.0561187980657513e-05;1.8664609928910898e-05
00:19:21;185;2.1642675524059417e-05;2.2673803972724317e-05;0.00011341728167878151;1.8317071804703616e-05;7.110098882053121e-05;1.930426443989704e-05;2.5703073594678987e-05;1.885810679880251e-05;1.2322252995421547e-05;1.4911227795783526e-05;1.9217566976304955e-05;2.2383368575033686e-05;1.4842808876122406e-05;1.187694158488739e-05;1.087442578489634e-05;1.8863157297173644e-05;7.363966701804996e-05;2.050773513520319e-05;2.8569647953720305e-05;1.9001221597689068e-05;1.2527062326510911e-05;1.5339794773825803e-05;1.9980452703702547e-05;2.3124691658348282e-05;1.58007131729023e-05;1.2963467086109044e-05;1.1768029236020683e-05;3.1278081614487874e-05;2.8386937281314653e-05;0.00034422077413294737;0.0006649758224204724;0.00010449165048047862;0.00011502115660971774;3.94928018263988e-06;1.993465640299236e-05;1.6899155749731917e-05;3.889571698654354e-06;1.160351215459484e-05;1.635678141734604e-05
00:19:27;186;1.7116688204830346e-05;1.8162412467247606e-05;7.030172511057163e-05;1.959258824900768e-05;1.947596898332904e-05;1.6591393028100107e-05;2.02782819397643e-05;1.1795713888964407e-05;1.0761320691766617e-05;1.4731000909116368e-05;1.7217767306605808e-05;2.1626353654627646e-05;2.7667492735810644e-05;1.2899679654636161e-05;1.2762690485859904e-05;1.972194459546089e-05;2.075545711981065e-05;1.818867292945182e-05;2.293700121690908e-05;1.3108835463742563e-05;1.0979571084998831e-05;1.5182058644002816e-05;1.8701552280502634e-05;2.3012740988449394e-05;2.8222227298055593e-05;1.3403675070491507e-05;1.373520601329709e-05;3.49845533750699e-05;4.336085435045952e-05;0.00022146966310216727;0.0002979996575688125;0.00010696273222844769;8.14058977823038e-05;1.9693524781634036e-06;1.553340288360438e-05;1.1150434432106815e-05;2.7784274515030005e-06;1.1515751654346589e-05;1.4489974019874968e-05
00:19:34;187;1.817337795273488e-05;1.9265518789371193e-05;7.20577801791339e-05;2.1063723150663545e-05;1.7040471685835325e-05;2.249861396757586e-05;2.262899375115136e-05;1.583303647317342e-05;1.571986180305306e-05;1.5179975518203099e-05;2.4232928052728393e-05;2.0426129208575812e-05;1.0908002334598553e-05;2.0095090075177392e-05;1.2453701703985974e-05;2.2020256345726173e-05;1.8377062323325625e-05;2.3530020958396216e-05;2.5139067923801926e-05;1.700281394088178e-05;1.5707443029136408e-05;1.6866926469884687e-05;2.5648668834267632e-05;2.1514289614912477e-05;1.1796794958943884e-05;2.030233333209276e-05;1.3280539313868009e-05;4.491715194388192e-05;4.773103389117017e-05;0.0002300391121592716;0.0002774275847255066;9.311260030643851e-05;0.00010095501228618409;1.4214182231529369e-06;1.6319450409517226e-05;2.0588992728691477e-05;2.1320797263409268e-06;1.1925574045816365e-05;1.812335170363477e-05
00:19:40;188;1.9723491913158465e-05;2.0678685279010465e-05;4.313718029367831e-05;1.6313476391164013e-05;2.779804754027282e-05;1.953547324004293e-05;2.3074916249108604e-05;2.6127815287809014e-05;1.3029521572863443e-05;2.444083373182531e-05;2.0507240599634066e-05;1.8562444555992773e-05;1.3640228026836418e-05;1.6790115701326158e-05;1.6861782004763302e-05;1.6960317075648198e-05;2.8728975469019572e-05;2.091615071917716e-05;2.5134570645190528e-05;2.700227106530131e-05;1.3274877392753215e-05;2.5357096345470394e-05;2.146850110415172e-05;2.0081076802887742e-05;1.4638701273563843e-05;1.7375245263366784e-05;1.720643078580814e-05;2.9496390080310592e-05;3.320266979344776e-05;0.0001462144454883343;7.673200996082586e-05;0.00011393533353436733;5.8828780211663315e-05;2.427513110049367e-06;1.3019809587220087e-05;1.3961720785978816e-05;2.4141286854233997e-06;1.2313460560439215e-05;1.5099901726079685e-05
00:19:46;189;1.790597755757517e-05;1.900775217258849e-05;5.529459955645362e-05;1.1445947889528311e-05;1.6881392464928137e-05;1.6846873623163365e-05;2.6483557186131954e-05;1.4527257160456099e-05;2.6076502399002326e-05;1.698111371307608e-05;2.589797009281111e-05;1.5483456328462868e-05;1.8021277090890013e-05;1.549632975313257e-05;1.073004479030198e-05;1.1550501732949957e-05;1.816419576761855e-05;1.8448143720566413e-05;2.9022639772605706e-05;1.6198754421359036e-05;2.620059120412798e-05;1.7859825640721572e-05;2.601958296992639e-05;1.6875379146710393e-05;1.8973722265549946e-05;1.730214142621144e-05;1.1477540295034694e-05;3.770892872936441e-05;4.1896114282887556e-05;0.0001863306015129262;0.00018074131608496072;9.571792629960694e-05;6.180304183287171e-05;1.7945993178822857e-06;1.3893778833043772e-05;1.3533942367878697e-05;3.282085625434549e-06;1.1538141661271083e-05;1.5294718129315297e-05
00:19:52;190;1.7656214321381082e-05;1.842663661153881e-05;6.059556040644468e-05;1.3219611611764941e-05;2.0935440881492635e-05;2.001424334449356e-05;2.00508337245124e-05;2.92297617867441e-05;1.550120380500175e-05;8.314389624140198e-06;2.2038851922574892e-05;2.0905689742727933e-05;1.8705046962643543e-05;1.2529151361982052e-05;1.043034034027683e-05;1.3441161966891488e-05;2.2033011180011975e-05;2.1201936519152893e-05;2.267914956812806e-05;2.958218862969963e-05;1.5036980826901331e-05;9.109140321499258e-06;2.2489839719565693e-05;2.1772540589430534e-05;1.9604594934760457e-05;1.3371545754102666e-05;1.0797540860810933e-05;4.363687547693954e-05;6.074871152537635e-05;0.00022036560882122405;0.00019434113946777509;0.00010890805456393979;4.08972077479588e-05;7.880373135207896e-07;1.3761460970863593e-05;1.3401872237514711e-05;2.8691499749417477e-06;1.0572543078182595e-05;1.685606369909933e-05
00:19:59;191;1.5699561389097156e-05;1.6578503785735215e-05;4.836372976929261e-05;9.513946464261897e-06;1.454317034766849e-05;2.5348935300877944e-05;2.6123702848611753e-05;1.574375154430899e-05;1.1162823024077087e-05;1.70966513266535e-05;1.5905255484550583e-05;1.6272255119919134e-05;1.0128882960006278e-05;9.955824568469945e-06;1.6599531371432683e-05;9.95532303057166e-06;1.5858184960501304e-05;2.6243705581726295e-05;2.8057256874685835e-05;1.6920161134651067e-05;1.1206194012859818e-05;1.725815100950127e-05;1.7435426976774153e-05;1.736560034835667e-05;1.0718371776178334e-05;1.0892312706967954e-05;1.7031349118410674e-05;4.249648131893393e-05;4.475441236863424e-05;0.00015487325351721257;0.00011016710581242499;0.00010450069530960829;6.388110885677602e-05;2.922171585613579e-06;1.548332214737046e-05;1.3582431095957835e-05;1.993334810122826e-06;1.1945156514904483e-05;1.3765283893952157e-05
00:20:05;192;1.6261666462210915e-05;1.7215618558848406e-05;0.00010290016777820812;1.0531949511454803e-05;2.5125500046256505e-05;2.1398648269413652e-05;1.8899194352364e-05;1.184481503134872e-05;9.472499308251578e-06;1.1248079078091616e-05;1.9115730552243804e-05;1.891879230439289e-05;1.0242331555978332e-05;2.409604144950415e-05;1.4246409545070161e-05;1.0964459191580065e-05;2.617322061729582e-05;2.2418933935390484e-05;2.0995329566487065e-05;1.2706447930063807e-05;9.912203086635519e-06;1.1940438030884436e-05;1.9763039630031672e-05;1.9838752934124905e-05;1.0767750292778814e-05;2.6151189409068173e-05;1.4955651784452751e-05;3.9648139018454873e-05;4.5092826722714315e-05;0.00039550298369730265;0.0005304707127494741;7.960957446270224e-05;9.02428225942148e-05;1.1170510110657998e-06;1.3922120812550151e-05;1.2117324679791032e-05;1.5125164237129507e-06;1.0296395031611239e-05;1.5269546134903295e-05
00:20:11;193;1.6372217208465205e-05;1.7391678416579106e-05;0.00012768099801281795;9.727557141368173e-06;3.4558188885243496e-05;3.079397714858797e-05;1.9793188389950377e-05;1.3713776603842895e-05;9.726675940478138e-06;8.583259489501994e-06;2.256598582241829e-05;1.783851445225082e-05;9.690912668376809e-06;1.0086635424112377e-05;9.387927698738126e-06;9.992078791088439e-06;3.598654013008463e-05;3.1897508961264975e-05;2.211780264576502e-05;1.4737764535933405e-05;9.899260884928562e-06;9.120868059964571e-06;2.412294286588366e-05;1.927056468900181e-05;1.0609061156415758e-05;1.1105055675008909e-05;9.840684936223831e-06;3.938818761263453e-05;3.6093778460997935e-05;0.000566533492992347;0.0006899008416598105;8.844348208760912e-05;5.6412062850784664e-05;1.3116758904221886e-06;1.361677254849624e-05;1.3034930387939643e-05;2.0549116755538195e-06;1.0923937901711689e-05;1.4457902085508401e-05
00:20:17;194;2.3235974011144705e-05;2.4183270017855177e-05;7.853673196167047e-05;1.1639775667437004e-05;5.865046506931487e-05;1.790825796955563e-05;2.253599966195452e-05;1.379833293991727e-05;1.4689451538949719e-05;1.0236592988700398e-05;5.5213875260630054e-05;1.689301004665305e-05;3.219584902519107e-05;1.4095431856214253e-05;1.0974640140013683e-05;1.1830633175583288e-05;6.071748596039907e-05;1.8591582674265667e-05;2.4982116342528834e-05;1.4540971462821876e-05;1.4908357691557641e-05;1.0712837115246242e-05;5.5043238544500655e-05;1.841035126848441e-05;3.367251771077797e-05;1.5401967647437543e-05;1.1387173868524194e-05;3.049376081120679e-05;3.3097114563902925e-05;0.00019580709257960248;0.0004514338375900338;7.886605987803084e-05;7.22116061991458e-05;9.534142093693201e-07;3.5311209814234916e-05;1.4256309084016724e-05;3.8005821996558563e-06;1.136581381690812e-05;1.4843982793938042e-05
00:20:24;195;1.3773599346481289e-05;1.4688254240458195e-05;8.773732239375334e-05;1.461320590966476e-05;1.1680668518723989e-05;1.4339305913970499e-05;1.924299830139117e-05;1.9352122434797408e-05;9.938468170777138e-06;6.6382374438557114e-06;1.9692095201342205e-05;2.2072851329178114e-05;8.884262727674882e-06;1.0302998163069788e-05;8.525974206076047e-06;1.4849581964858483e-05;1.3094602637247129e-05;1.5731092159362965e-05;2.131975923222416e-05;2.006646822844197e-05;1.0342030046685287e-05;7.104354464692871e-06;2.0565131192977533e-05;2.3353975134514143e-05;9.349925549722223e-06;1.1303661227153682e-05;9.178463809388908e-06;5.831711975196277e-05;4.867797681072118e-05;0.00025010372537807927;0.0003870131266928798;0.00011404889084778554;0.00013557337604152252;1.3027722317565667e-06;1.4296806010420323e-05;1.4231585225912681e-05;1.943601792909541e-06;1.1423366094721951e-05;1.591552184636774e-05
00:20:30;196;1.4198786359997939e-05;1.5214026945291671e-05;0.00011707887107608686;1.097719459411647e-05;1.2832948139615299e-05;1.556908329612063e-05;1.8719829943785786e-05;1.1532591470726898e-05;1.0224960466199594e-05;6.822281412284652e-06;2.9132535256725202e-05;2.192308334449742e-05;1.1244913811093614e-05;1.1941422375049239e-05;9.464588120264041e-06;1.10866347693192e-05;1.452015368170267e-05;1.6944784897820186e-05;2.1339459624270396e-05;1.2372068156281198e-05;1.0650454631887222e-05;7.260946202660318e-06;2.9971511772785135e-05;2.350768779792758e-05;1.2745609718520058e-05;1.2424977665179103e-05;9.744029566833508e-06;3.3319252023823235e-05;5.136793631005909e-05;0.0005183785092569381;0.000595235639438262;0.00010799691979885914;3.525986226017287e-05;8.198680106381792e-07;2.233647545174575e-05;1.1583591725135507e-05;1.2879459260993935e-06;1.205186333321589e-05;1.5308589378093716e-05
00:20:36;197;1.657143539675458e-05;1.750993141274504e-05;4.293075315832878e-05;1.9959855045861083e-05;1.554929011924535e-05;2.051256070051915e-05;5.086722154859754e-05;1.6550900753031783e-05;8.906619718438627e-06;8.34263518227503e-06;1.4674492870302526e-05;1.4801366567305443e-05;8.255405376835576e-06;1.0867290917815353e-05;9.569579144138887e-06;2.046518379238823e-05;1.6746335928427804e-05;2.1255048995032978e-05;5.241084598517635e-05;1.747437718107374e-05;9.284196816616149e-06;8.798358521744376e-06;1.59427049017918e-05;1.632610743583911e-05;8.964421271276144e-06;1.2074901653388132e-05;1.0376687643219145e-05;3.7209889676030196e-05;5.535400379067834e-05;0.00012595563223379952;8.401480179550896e-05;0.0001071141071914883;4.8280773361644084e-05;1.1318666926454865e-06;1.5417032871128452e-05;1.2799513901723509e-05;1.7871744287493105e-06;1.1611741787613664e-05;1.449250016893545e-05
00:20:44;198;1.461648404896013e-05;1.5473536165435562e-05;8.944085782699853e-05;1.390485263770684e-05;1.4973867176980672e-05;2.2159855375166032e-05;1.5865935761315665e-05;1.740858918837644e-05;9.625243789395716e-06;1.0899691712428318e-05;2.4577659525510338e-05;1.4677869906811544e-05;1.4381374263259453e-05;8.29420252818574e-06;8.62866200761077e-06;1.4271559376550303e-05;1.6464413351105243e-05;2.2907944565050927e-05;1.814061464226799e-05;1.846612697510311e-05;9.898777310049407e-06;1.1508342624115876e-05;2.436682403134035e-05;1.587508899020473e-05;1.5382192216322116e-05;9.171748140805086e-06;9.228793283288229e-06;5.202772939402071e-05;4.496388268382175e-05;0.0003376966777666361;0.0004182960114006058;8.804590764314605e-05;7.267017818213748e-05;1.1559311071127686e-06;1.5554570645295794e-05;1.3942207884184086e-05;1.6455895998199915e-06;1.1499383554783975e-05;1.5792224062417546e-05
00:20:51;199;1.248758429348775e-05;1.356983161310347e-05;5.094902537045907e-05;1.209763354704695e-05;1.2967820950393616e-05;1.4686179534867899e-05;2.2834408465076773e-05;9.098566402278927e-06;9.434790533320706e-06;7.752674584728744e-06;1.6098837128517765e-05;1.538218407533391e-05;1.2140178096909825e-05;7.800029699467359e-06;9.557704883372315e-06;1.269802575009209e-05;1.431833940922486e-05;1.6091045283615188e-05;2.4900467768112563e-05;1.0359958604901375e-05;9.771136849193209e-06;8.243799958465757e-06;1.7571353204909393e-05;1.652403589795989e-05;1.2984917357474082e-05;8.990011142314075e-06;1.0384884970772884e-05;4.168973266852021e-05;3.998533487409524e-05;0.00013262588571454913;0.00016193678930095684;9.67615039537425e-05;8.267575284002348e-05;1.2756953244097536e-06;1.3672634102930124e-05;1.2096459852750745e-05;2.5536597246297586e-06;1.1506232551124895e-05;1.4608623537775884e-05
00:20:57;200;1.335407105138777e-05;1.4285519901483284e-05;0.00012843738901797093;8.706249779131461e-06;1.3941690273678763e-05;1.709946463599656e-05;1.8527597026201708e-05;1.0193218667030703e-05;1.2644719369993915e-05;8.228121904546077e-06;2.8648937581527374e-05;1.58522788340902e-05;7.558341531483331e-06;9.036474080207055e-06;9.81175523342224e-06;9.267358661959349e-06;1.5497839705881523e-05;1.829964874766891e-05;2.1342914426239515e-05;1.0843050277580453e-05;1.2791793928551635e-05;8.856291693703071e-06;2.8781031906424986e-05;1.679630137995089e-05;8.372375541051653e-06;1.0022101199681373e-05;1.0555526289322245e-05;4.712858511648714e-05;5.5057515076125616e-05;0.0004560960769533107;0.0007124027337093629;0.0001023750882362397;0.00010642004796486697;1.0652085372582971e-06;1.9273789162405572e-05;1.3756429398219144e-05;1.7619085998178687e-06;1.1595858236955753e-05;1.4315427224601354e-05
00:21:03;201;1.3744008946694272e-05;1.469348602238571e-05;8.48541382050799e-05;9.522690909591347e-06;1.9097023407642734e-05;1.4023095640812823e-05;1.684287531521601e-05;1.0808841005107503e-05;1.3049823110122816e-05;6.16368243523301e-06;2.0180361471747428e-05;1.3869803696180002e-05;7.358772196203683e-06;8.240882881952158e-06;2.5770251789160945e-05;1.0412886033147423e-05;2.044958281531544e-05;1.5085106451230867e-05;1.960121853353715e-05;1.165354211779335e-05;1.3084359976991309e-05;6.825678219338673e-06;2.121842442624878e-05;1.4867831540166524e-05;8.255132895642361e-06;9.01168681870147e-06;2.5856380063165097e-05;4.037037039054213e-05;5.932519054057496e-05;0.0002610447223639903;0.00039745595711242047;0.00010719592283567849;9.38396790338791e-05;1.1983446947757218e-06;1.8536123747259794e-05;1.2636405003550818e-05;1.7730607360696184e-06;1.1613421857286061e-05;1.3260460144931544e-05
00:21:11;202;1.1126409409650313e-05;1.2115199279844691e-05;7.003507239185956e-05;8.624817632933587e-06;1.1565600477648662e-05;1.6613496541140194e-05;1.7878875627016814e-05;1.1915216865852265e-05;1.074897643152636e-05;5.582741346382198e-06;1.3604403885768658e-05;1.2657819765267545e-05;7.611683972250851e-06;7.213956177632884e-06;9.499321008506326e-06;9.10532142232206e-06;1.2811371055284304e-05;1.793255979706212e-05;2.0177777802433134e-05;1.309077708379224e-05;1.0979760524686397e-05;6.010985466270506e-06;1.5063761520074958e-05;1.3697823789375952e-05;8.352947295147888e-06;8.122358740135347e-06;1.003694423955874e-05;3.9126093586962295e-05;4.474292212512266e-05;0.00023171482777546655;0.00027702041574215446;0.00011217023529162373;8.054652555138264e-05;1.7266555497080627e-06;1.3338504502829304e-05;1.2383441783275025e-05;2.4370390845273945e-06;1.2044981882257472e-05;1.3169225827005654e-05
00:21:17;203;1.0482129281089412e-05;1.1506647372042135e-05;8.972720078041239e-05;8.753581367800093e-06;1.3217127361868238e-05;1.4769483206061357e-05;1.4976125454908965e-05;9.208956580085793e-06;1.0065632172933709e-05;5.709206778448106e-06;1.2630445930674547e-05;1.2482880432106537e-05;8.917706219206552e-06;7.813023573403784e-06;7.241378739954805e-06;9.232212983366895e-06;1.4647109091578087e-05;1.585373532099213e-05;1.750782892578414e-05;1.0142974283150544e-05;1.0130642001254446e-05;6.189604371546103e-06;1.4195246749986375e-05;1.3635357661285848e-05;9.824872818229134e-06;8.824892995130828e-06;7.89528987205571e-06;4.177606469523833e-05;4.4892590834741324e-05;0.0002999337262918253;0.00045770080434735913;9.65801355192206e-05;8.144273613530036e-05;1.0626910267384682e-06;1.2957432248829348e-05;1.350608827756736e-05;1.8789787203970188e-06;1.1380301487929317e-05;1.3614859779802413e-05
00:21:24;204;9.94808112734931e-06;1.103596885145577e-05;6.203993632950015e-05;8.299173769382213e-06;1.0615333196219787e-05;1.259327873206282e-05;1.544438926001393e-05;9.529302667681867e-06;7.354256737812648e-06;8.93523725538485e-06;1.31279622175901e-05;1.2475036270261212e-05;7.167962193092721e-06;6.99310194559902e-06;6.841935493636956e-06;8.736705533724316e-06;1.2105662634998157e-05;1.4032689170010058e-05;1.7682934573908996e-05;1.0398875316195124e-05;7.70014629422435e-06;9.82521993436525e-06;1.4421311685578939e-05;1.3960743326836713e-05;7.922361620802792e-06;7.994317278460102e-06;7.650656583262136e-06;4.2534179226623326e-05;4.587443859628639e-05;0.00017022240535414;0.00024120412695084;0.00010711418540800348;8.360476828838245e-05;1.5732961662503456e-06;1.3374213045054803e-05;1.1558139079881558e-05;2.3743730133231667e-06;1.1926858573478694e-05;1.3118252251737482e-05
00:21:30;205;9.49132594547047e-06;1.060549536155525e-05;7.218923366382621e-05;7.159103775739533e-06;1.0391996206428964e-05;1.2483479802679911e-05;1.494310481834046e-05;8.30054190004148e-06;8.534442378178978e-06;5.193873824279907e-06;1.3947271939555735e-05;1.2379310410375927e-05;6.5322818856698594e-06;7.01654593432915e-06;7.013954555258227e-06;7.735158536128945e-06;1.1919530014075704e-05;1.3838334596101372e-05;1.7582765072411e-05;9.445720180234344e-06;8.843565145853753e-06;5.7169345353353885e-06;1.539181248287455e-05;1.3683006198081347e-05;7.4436368063461376e-06;7.957645024523313e-06;7.707830960337365e-06;4.1211825620051366e-05;5.231867774281429e-05;0.00023416271543701665;0.00031975942220539605;9.910240395533961e-05;6.554539041385505e-05;1.1080240731762214e-06;1.3646318995224191e-05;1.2170766751977928e-05;1.6639610953092472e-06;1.1630803929099962e-05;1.3950493746654051e-05
00:21:37;206;9.587873496353826e-06;1.0666857518497383e-05;8.497899845642435e-05;7.632709572905325e-06;1.0256790800931206e-05;1.4310356409520285e-05;1.4438578383326536e-05;9.056247309563952e-06;7.049140453251436e-06;5.494657586782833e-06;1.320467463663342e-05;1.1869074020348142e-05;7.247288388159942e-06;6.981259513271322e-06;7.513701077564085e-06;8.266897232634975e-06;1.167584084410182e-05;1.5450988744132815e-05;1.7064040237735617e-05;1.0029103477100313e-05;7.2686947809231665e-06;6.031856130477214e-06;1.4532841662371596e-05;1.3407747384825356e-05;8.029533298984553e-06;8.0199017213113e-06;8.2248404995178e-06;3.9222724113502265e-05;4.752259036018796e-05;0.00029475701713361314;0.0004174400258136567;0.00010132236396058497;6.485354989515332e-05;1.0856846486428354e-06;1.4267677672512582e-05;1.283654731863232e-05;1.5077961785425889e-06;1.1466213388146993e-05;1.3465790993916485e-05
00:21:44;207;9.484833003367301e-06;1.0555185545405337e-05;6.698818727514254e-05;7.083809499228912e-06;1.0171106372974299e-05;1.220883171400415e-05;1.5207686294099238e-05;9.464484915869518e-06;7.769096942989894e-06;5.801629505051344e-06;1.3362025486881892e-05;1.1777460620976399e-05;7.504166122435601e-06;7.043166601050643e-06;6.424528354319715e-06;7.76072238871085e-06;1.1619101671753981e-05;1.3346921887320225e-05;1.776406305550695e-05;1.039511975641635e-05;8.063369834785647e-06;6.369444610202122e-06;1.4529366609754625e-05;1.3253974326358684e-05;8.233080371852178e-06;8.179473890685344e-06;7.147584106353895e-06;4.019415467325355e-05;5.053714061390224e-05;0.00019457371884034892;0.0002886097877608638;0.00010128064381598344;7.536718619690925e-05;1.073451572737896e-06;1.3308600234532202e-05;1.2112408801792043e-05;1.6638974525690458e-06;1.151539710499538e-05;1.3621860233822583e-05
00:21:50;208;9.372453450592646e-06;1.0425982820172205e-05;6.63939962578495e-05;7.107464923514974e-06;1.0368553619405867e-05;1.1989510314497858e-05;1.6516430837947898e-05;7.732039860415666e-06;6.677003669479249e-06;6.125775002565413e-06;1.3026315104721933e-05;1.1700487021926165e-05;7.338442460732867e-06;6.904246765900139e-06;6.983168369859269e-06;7.69343619773465e-06;1.1706321545923718e-05;1.3313909854516652e-05;1.863163269942411e-05;8.993235036242264e-06;7.085333678171796e-06;6.771622971612061e-06;1.427505372427006e-05;1.29801175970425e-05;8.117646469640298e-06;7.860356347493184e-06;7.683123673319365e-06;3.896249847757845e-05;4.7079185733126424e-05;0.00021064295180148502;0.00027889858529779127;0.00010163840480525317;6.518276228578463e-05;1.133727750160415e-06;1.3751980866859968e-05;1.2679947704151566e-05;1.6734989441702421e-06;1.1840079965133997e-05;1.3244331462698623e-05
00:21:57;209;9.26133324567631e-06;1.0313684067079543e-05;7.545373573827198e-05;7.136516424437063e-06;1.0281867506411015e-05;1.207451165702816e-05;1.4936695768080261e-05;7.987103205406045e-06;7.031384905593024e-06;6.384374162590492e-06;1.3037783511229215e-05;1.1779007336863081e-05;6.757829827367087e-06;6.90856969950718e-06;6.820351438043624e-06;7.70963865588898e-06;1.1724324533041667e-05;1.3474416788730068e-05;1.7282588809785358e-05;9.043778071585781e-06;7.370367095777338e-06;6.943819154820389e-06;1.4334087989228937e-05;1.313327550322563e-05;7.453794411578455e-06;7.797202710484086e-06;7.49691247320594e-06;4.102491045144466e-05;5.042347834060437e-05;0.00025077297625123357;0.00033879152231203863;0.00010037722059755528;7.090843422240286e-05;1.1855991113514217e-06;1.3408265178544006e-05;1.1957085430090137e-05;1.6943873684997195e-06;1.1608151656284022e-05;1.3292797939214939e-05
00:22:03;210;9.043766435855684e-06;1.0138323276909364e-05;7.32989344774145e-05;6.894356966375364e-06;1.0111251362652432e-05;1.1861843706707408e-05;1.4718151105470993e-05;8.061549936852233e-06;7.126906541931145e-06;5.651952749859261e-06;1.258152606259893e-05;1.1543447607726359e-05;6.5673059992186404e-06;6.873107890664249e-06;6.533793519154911e-06;7.531272095099057e-06;1.1563150311775633e-05;1.3270934077003335e-05;1.7184194054803073e-05;9.12875920440007e-06;7.381489346779388e-06;6.370251999732882e-06;1.4006078471757525e-05;1.2978654289142895e-05;7.219636677003604e-06;7.750060883119681e-06;7.275393549023164e-06;4.1041085633141835e-05;4.848985218180151e-05;0.00023690453026324994;0.00032725131916694025;0.00010103428143124519;7.159600334607874e-05;1.1827988636001285e-06;1.3489283599855143e-05;1.1923828435021603e-05;1.755130593438229e-06;1.1627203299810538e-05;1.329189691479075e-05
00:22:10;211;1.920021063803936e-05;2.007534210492792e-05;7.723582175001279e-05;1.4375445775013676e-05;2.0498713011947572e-05;2.012837820653989e-05;2.2218263680429118e-05;2.9533055780461837e-05;1.1637362419492092e-05;1.0777099930046255e-05;3.4303372398302266e-05;2.3880287089510105e-05;9.693459551323775e-06;1.0780729820293221e-05;2.2576352334753707e-05;1.4513467260856694e-05;2.2230301499204664e-05;2.1487100673743663e-05;2.4778178411434978e-05;3.0032997690082256e-05;1.1863887755657455e-05;1.132320193380421e-05;3.4714517409432844e-05;2.531536096906661e-05;1.0611171109292028e-05;1.1860573660577515e-05;2.2173336507381187e-05;3.7429809493025905e-05;4.523177550923382e-05;0.0002388081827874977;0.00038509569079325985;7.603719615571571e-05;8.375577839286011e-05;7.533578383877674e-07;1.8992630389067824e-05;1.0201593165001964e-05;2.3812637034976993e-06;1.1595568765561856e-05;1.6547014007043473e-05
00:22:16;212;1.9380913538601487e-05;2.015560528866157e-05;6.907175081971573e-05;1.568950851549289e-05;1.5697666000846766e-05;2.002622183800378e-05;1.9177457811668898e-05;1.869202928552547e-05;1.1869897910153007e-05;2.7851570400436934e-05;4.950461529708925e-05;1.847403279823952e-05;1.251484522477788e-05;1.1530712586446414e-05;1.1542397856410183e-05;1.5847611842828778e-05;1.7404618350305605e-05;2.087679937015114e-05;2.180918834457333e-05;1.907121873909425e-05;1.2175794467963631e-05;2.846314391372519e-05;4.882771060658365e-05;1.9580458925541082e-05;1.3192210161245775e-05;1.2669433999690227e-05;1.1949068157034013e-05;3.5688137988993686e-05;4.7771741555424055e-05;0.00015261557531720464;0.0003007008749147217;0.00010029801273734797;0.0001023457530285812;2.7737505950412256e-06;4.2153180696135776e-05;1.439290548706471e-05;1.948619112316306e-06;1.187772975406596e-05;1.629472864969138e-05
00:22:23;213;2.513418333840243e-05;2.5764087073599236e-05;9.339147764093821e-05;1.4480185547747418e-05;2.749488548917353e-05;1.822979004502527e-05;1.949108741944821e-05;8.108110897224337e-05;1.1570970130492242e-05;1.192822490801084e-05;4.774320937754469e-05;1.6441719089564025e-05;1.4152040231413759e-05;2.1704337519488284e-05;1.729263334740691e-05;1.4557296374652098e-05;2.859827213509147e-05;1.952642205766626e-05;2.220928585118116e-05;8.125546801123545e-05;1.1373825853735081e-05;1.2682184177132904e-05;4.501916583085173e-05;1.729055431404717e-05;1.4978457548301166e-05;2.3745534661752054e-05;1.7932569191336506e-05;3.75332898863668e-05;6.841434773024259e-05;0.0002987850320015545;0.00041047626705413093;0.00015854927392833514;8.945686083271324e-05;1.8925768856709367e-06;1.6589035950384203e-05;1.1741880072507695e-05;1.939444492589592e-06;1.0899174063734692e-05;1.4420548793028513e-05
00:22:29;214;2.4153488970507002e-05;2.5198953268575024e-05;0.00010062309884784971;1.9036247519724466e-05;1.8397593525388732e-05;2.9640170457024727e-05;5.137739375207027e-05;2.0696483479748e-05;1.2484898500727839e-05;1.080363524411351e-05;2.9156727127211855e-05;1.4590582628153987e-05;1.7233869810824714e-05;4.023898382725251e-05;2.6185274424247755e-05;1.9698198195351614e-05;1.964179722839433e-05;3.078148569605944e-05;5.652669092284404e-05;2.09976382094179e-05;1.2773969588067037e-05;1.1785152039493955e-05;2.86728505049228e-05;1.576178979294012e-05;1.7888326533753984e-05;4.2417898068287044e-05;2.5441634522705292e-05;4.0028101607027415e-05;5.5300230091775544e-05;0.00031883826137727334;0.0005403592644822668;0.00010170818142516379;7.623167979331721e-05;2.2263932648708474e-06;3.153056596896938e-05;1.3115875647923808e-05;1.048430333688234e-06;1.2232279051287661e-05;1.4857923130632589e-05
00:22:35;215;1.75637476047541e-05;1.840367867426042e-05;6.429854219600358e-05;1.645245528049021e-05;1.7163690910396408e-05;1.9669183055787638e-05;3.145714075003525e-05;1.203672920139938e-05;1.291934492929737e-05;9.112104149848351e-06;2.0890660208423966e-05;2.9341317945801908e-05;2.0577748478765237e-05;1.1389147019258417e-05;9.755442820588458e-06;1.711981816628441e-05;1.8766129846593272e-05;2.0192685594879492e-05;3.3544909801773276e-05;1.3265614232387875e-05;1.2695081761792814e-05;9.50281242072793e-06;2.2770332214326738e-05;2.9875012980390906e-05;2.091470084647144e-05;1.2252843762210812e-05;9.944194510963722e-06;6.483377850481486e-05;4.674997553949842e-05;0.00022044955434812226;0.0001819048082940132;9.978674204550502e-05;9.666283848791241e-05;1.6821995255025106e-06;1.5727524445255117e-05;1.4617162874131255e-05;2.4747966392941167e-06;1.1007767037542297e-05;1.568535861045119e-05
00:22:42;216;1.6849428479045773e-05;1.7807146429697263e-05;0.00015486640729184305;9.943077489925724e-06;2.0659446055953428e-05;1.5185795084769119e-05;1.986521937298717e-05;1.3599581770697775e-05;9.957142640101582e-06;1.1571334544607287e-05;3.3726261968715995e-05;2.717986109763098e-05;1.3749037254807593e-05;1.3541016601498706e-05;1.3215360699415545e-05;1.0281953529579656e-05;2.1961032825281188e-05;1.6501559843209755e-05;2.2323312874459013e-05;1.4329221254298272e-05;1.0341319794642452e-05;1.2502815508601607e-05;3.397307860907432e-05;2.9075803421953503e-05;1.4352507375256612e-05;1.4541015245206065e-05;1.3502130393215892e-05;3.825229152751932e-05;4.092840942899492e-05;0.0006103013827797706;0.0009085136280254079;0.00010567953738976611;7.825949383430972e-05;1.711032264733351e-06;3.276623216712322e-05;1.211344047330796e-05;1.0366604407844887e-06;1.1108771393094972e-05;1.772600777730338e-05
00:22:48;217;1.9425402677277567e-05;2.064240304863705e-05;4.782886115283696e-05;1.6808100361551872e-05;3.1088142722265644e-05;1.764980472206513e-05;4.3231128792988535e-05;1.2424368720267218e-05;1.1839395006192758e-05;1.4826978071172645e-05;1.7250611558045588e-05;2.831891131000413e-05;1.0565343918694287e-05;2.0409179507458415e-05;8.692859802811819e-06;1.7405757221873685e-05;3.2602291164810683e-05;1.8721160848121764e-05;4.659042605442066e-05;1.3732279489598608e-05;1.2379513406548413e-05;1.55741800087146e-05;1.858187529193591e-05;2.8797306842096974e-05;1.1331455523390957e-05;2.2263692756761102e-05;9.7288915455891e-06;3.56304701674499e-05;7.84891766302041e-05;0.00017025726488028523;9.572364778286917e-05;0.00010301332548443904;3.121346439077241e-05;7.390821983162191e-07;1.8288965209257638e-05;1.3637723601571149e-05;1.19826844186394e-06;1.0472677215382012e-05;1.5282267831632666e-05
00:22:54;218;1.924296088614855e-05;2.0228792741766518e-05;4.939727539938283e-05;1.1122265496639598e-05;1.431544407378996e-05;2.794794581394523e-05;4.940402916986386e-05;1.8263612479979035e-05;1.0807322751624973e-05;9.680131747170538e-06;2.056963818120039e-05;2.3608360893686868e-05;1.7662364536425397e-05;1.614498549558489e-05;1.1389422917189181e-05;1.1686381519292453e-05;1.548940506352987e-05;2.8520305609681253e-05;5.166245387908354e-05;1.9163919625521265e-05;1.0947021489957041e-05;1.0355378521978044e-05;2.1805199508037995e-05;2.5053183164829213e-05;1.84849451918264e-05;1.743680098150412e-05;1.2140512877476219e-05;4.5030259753627185e-05;4.2375429697834186e-05;0.000176695052581564;7.442494418610464e-05;0.00010173825010634958;9.895484196739758e-05;1.915999674071143e-06;1.3844069393932356e-05;9.37079622422658e-06;2.222094564716852e-06;1.1869514504543229e-05;1.4326052138226504e-05
00:23:00;219;1.7929420217590383e-05;1.8996651156560837e-05;4.920392576692156e-05;1.752819921498692e-05;1.5232291411073426e-05;1.7626213505650412e-05;2.154278624676532e-05;3.1962666899299954e-05;1.0461354568876272e-05;1.0786119764945438e-05;1.710611478374217e-05;3.874162137859375e-05;1.0114338697969123e-05;9.630876779066387e-06;1.4420451938819538e-05;1.867033408209092e-05;1.6560973309896313e-05;1.8307386371701265e-05;2.4090887137977525e-05;3.4088773035467896e-05;1.0981936364121886e-05;1.1181457276633629e-05;1.821577773660442e-05;4.002108236611231e-05;1.065109426569587e-05;1.0841340939851428e-05;1.4348764257710737e-05;4.5193080630465486e-05;5.851812027310511e-05;0.00013691890193098533;0.00015250968765626548;8.517015336593928e-05;6.019536748886101e-05;8.988802573820574e-07;1.155422435593153e-05;1.2006119362477665e-05;1.5209148864408945e-06;1.0871297550422643e-05;1.509036144478232e-05
00:23:07;220;1.4227024266233457e-05;1.545894012244527e-05;7.18991722122168e-05;8.49049939753079e-06;1.3417185765650753e-05;1.5381193410813797e-05;1.728096386247299e-05;1.2228860767813579e-05;1.698790517614477e-05;1.3925839939784881e-05;1.5101751556430413e-05;1.727647744913115e-05;7.968417352541026e-06;1.996945231784831e-05;1.269573965859391e-05;9.16677778679767e-06;1.4569532244353514e-05;1.666478645439625e-05;2.0556068826592792e-05;1.3510653009032904e-05;1.7195482449764475e-05;1.5109088813408597e-05;1.6850356322593833e-05;1.862930485349122e-05;8.865317081645002e-06;2.0906420185026577e-05;1.3483487041239756e-05;4.27726502974725e-05;4.31740294689958e-05;0.0002649922063313934;0.0003051154726961623;0.00010329900465100018;5.1386823675936985e-05;1.134121719790637e-06;1.3664173844397714e-05;1.1314592080429883e-05;1.026594339939463e-06;1.1198646498646515e-05;1.3711750942436258e-05
00:23:13;221;1.6363610583880472e-05;1.7161132688405687e-05;7.950273892533018e-05;1.0661528681959515e-05;1.78110697352064e-05;4.147901724267781e-05;2.0344544993959474e-05;1.403830853196165e-05;1.2790601754307897e-05;8.243774706590495e-06;1.609203389886137e-05;1.788942028921073e-05;9.642707464830767e-06;1.0651451764880965e-05;1.671886154497315e-05;1.0769246187067703e-05;1.905649983373108e-05;4.1378960649805624e-05;2.2923294371922346e-05;1.4374186350001373e-05;1.3130805637968169e-05;8.398423400234882e-06;1.7050575859431335e-05;1.9362101520067582e-05;1.0449172782212867e-05;1.1547516448986186e-05;1.7492801931968897e-05;4.234794663834393e-05;6.505938627922802e-05;0.0003953976530363224;0.0002784170804020917;7.997347046902176e-05;3.389396162201296e-05;9.033734041139418e-07;1.374113924494015e-05;1.5322313764891703e-05;1.1148592779118904e-06;1.1344573998334378e-05;1.651710896674886e-05
00:23:19;222;1.279250813142467e-05;1.3869427180630921e-05;0.00010767817789480457;8.890246511002301e-06;1.3447051696470101e-05;1.985914762253122e-05;1.6273558792725204e-05;1.1200594618091229e-05;9.81108160725729e-06;1.703485032710329e-05;1.4499834430187713e-05;1.3315151680873525e-05;9.290446048349953e-06;9.525238045103958e-06;1.0362892089171345e-05;9.390437131929226e-06;1.5438835972314407e-05;2.1096036613891578e-05;1.8376059898987996e-05;1.2631515427172048e-05;1.0097674712136424e-05;1.7765511920860943e-05;1.5929750600351533e-05;1.4523833739030458e-05;9.866760494701396e-06;1.0620122062575803e-05;1.0696582631692453e-05;4.3119334938838625e-05;5.356498248085345e-05;0.000362184871685088;0.0005847952905116788;8.391961438365167e-05;0.0001028982789415473;1.0076573084994424e-06;2.123947525372105e-05;1.2526877056470364e-05;1.0476393718841293e-06;1.1502381838169625e-05;1.4331730967251726e-05
00:23:25;223;1.2592505899275155e-05;1.3614807070138617e-05;4.9878661614462597e-05;1.2316309125863386e-05;1.1761129167615019e-05;1.5774219932040978e-05;2.0463577875127406e-05;1.1497497985275954e-05;1.2981087549364515e-05;8.963207795047042e-06;1.2902930747445266e-05;1.3684830490619374e-05;1.0516490182122983e-05;9.82451694204139e-06;1.0424269559388739e-05;1.2931304728583569e-05;1.3334011207087868e-05;1.6761970568317153e-05;2.239517026639446e-05;1.2393648070935307e-05;1.3333555619317827e-05;9.593304760447965e-06;1.4435914613098743e-05;1.5406848606174586e-05;1.1341331237072385e-05;1.0711174282629213e-05;1.0739446431987837e-05;3.756444039947224e-05;4.762745488429717e-05;0.00015022762413859932;0.0001657205971829611;9.021500746446067e-05;5.374606032669285e-05;1.3739370339048038e-06;1.3069307709196102e-05;1.2880816870066462e-05;1.046752409934613e-06;1.1503326940072527e-05;1.356861401389338e-05
00:23:31;224;1.4386722537809957e-05;1.5421284520534408e-05;5.29080095083369e-05;1.136366946690776e-05;1.6314499598541428e-05;1.4093184869133005e-05;2.2520068056182524e-05;1.6631564013829863e-05;1.125231488753219e-05;1.2393973994500646e-05;1.4292297270850957e-05;1.8557386061440244e-05;1.5394211412843685e-05;9.8977381099985e-06;9.929758760372145e-06;1.1469532896453644e-05;1.7758771615332035e-05;1.572179164351745e-05;2.521698456515464e-05;1.680661381802174e-05;1.139634470654286e-05;1.3460450864391831e-05;1.5363364317509657e-05;1.9753489509697183e-05;1.654400619119332e-05;1.0872174859482757e-05;1.0691884372020848e-05;5.5959460519068826e-05;5.796896308016462e-05;0.0001699953740624421;0.00013917193178098646;9.819356239055856e-05;5.58828228519941e-05;1.652727502110882e-06;1.5639145811831028e-05;1.3400958362412536e-05;2.899534960186749e-06;1.0600572068826453e-05;1.3531060709460508e-05
00:23:38;225;1.408901133391861e-05;1.5097690277487552e-05;4.054149182187046e-05;1.2088064113801135e-05;2.9436321460190644e-05;1.4598089119420944e-05;1.9307434911297605e-05;9.905487198641987e-06;9.309856066346873e-06;1.173929527259981e-05;1.4521273059968239e-05;1.460224228951161e-05;9.898468688747512e-06;1.4298815520548528e-05;9.362785028408574e-06;1.272854978530712e-05;3.1139558583923136e-05;1.5643755236678886e-05;2.1961416539944608e-05;1.0638276523733814e-05;9.249923867265594e-06;1.2745278469612711e-05;1.5710054867668077e-05;1.5801352501627283e-05;1.0584225757283313e-05;1.5103100377939572e-05;9.866784389084352e-06;3.5953237044523394e-05;6.198550855378621e-05;6.587727646623682e-05;8.799666021797522e-05;8.930111171950286e-05;9.23632719358659e-05;1.3585910465927578e-06;1.3011170112343136e-05;1.1185694051284437e-05;1.944363150481759e-06;1.1512918185890422e-05;1.4008099377962733e-05
00:23:44;226;1.3033111226367179e-05;1.393328133003073e-05;5.8716142873480196e-05;9.976688174423936e-06;1.1979039774184292e-05;2.219384565969242e-05;1.4963198147845766e-05;1.3586664997430633e-05;8.846313320341117e-06;7.992556983925748e-06;1.4512590304605055e-05;1.7261822219697105e-05;1.5467184240301115e-05;9.725098094422306e-06;9.892329847554555e-06;1.0244125463296896e-05;1.3294350549275102e-05;2.3125488479320354e-05;1.749189319709814e-05;1.4331675479700642e-05;8.829478742249009e-06;8.524342325771716e-06;1.584844095661906e-05;1.8073371116954633e-05;1.669230609474618e-05;1.0420242624950103e-05;1.0323656169930473e-05;3.724253289510605e-05;3.94870499018239e-05;0.00014166119441486288;0.00023627697505742483;0.0001104747606711625;7.952878803297107e-05;2.228178312921341e-06;1.750325258003093e-05;1.152607217413623e-05;3.44010111695789e-06;1.139179997889073e-05;1.3833009345473972e-05
00:23:50;227;1.1221267492735684e-05;1.2207620208836132e-05;6.421344504810829e-05;8.271469168102447e-06;1.1130964301871286e-05;1.2556780013348792e-05;1.4376987851056294e-05;8.093045585284967e-06;1.0270801180535148e-05;9.781982629807441e-06;1.3388338260902152e-05;2.0010326829058364e-05;8.22889925380175e-06;9.065948979980476e-06;9.479661838053165e-06;8.67294515437952e-06;1.2451238818138784e-05;1.370275184612344e-05;1.7137093926043855e-05;9.246476030414129e-06;1.051407087611033e-05;1.0340536783023478e-05;1.4920830260133342e-05;2.0693523339692156e-05;8.913803153691219e-06;9.768082518463945e-06;1.013008672020124e-05;4.003308668073811e-05;4.448089334577354e-05;0.0001621496913976165;0.000269255632468922;0.00010281467124087902;0.00010002952439308821;1.5270756999981972e-06;1.3812658418458055e-05;1.0404763822253796e-05;1.6597365943441196e-06;1.1526353043739123e-05;1.286725347148897e-05
00:23:57;228;1.3040964317796847e-05;1.3984938902202757e-05;0.00010342567893313928;1.072251681351459e-05;1.1032400195176706e-05;1.596198682627594e-05;1.602818342922257e-05;9.489228048341726e-06;8.04246402065122e-06;1.4225791425494869e-05;2.3977598871738337e-05;1.5038809666831101e-05;1.696359928421936e-05;7.930179032071424e-06;7.078810544927902e-06;1.0981843474780097e-05;1.2489654918796607e-05;1.7085723892348682e-05;1.8758848316884965e-05;1.0242929218730762e-05;8.174959584951616e-06;1.44781722294191e-05;2.4444820224697985e-05;1.642562817979996e-05;1.8170160809502335e-05;8.978521852636905e-06;7.588001522038477e-06;4.8650742676535914e-05;5.229790030547661e-05;0.0003896450567612595;0.0005181795822678429;0.00010077156730910491;6.309350280850815e-05;1.6515424541247227e-06;2.9070907192609382e-05;1.0814632291379238e-05;2.4728284820427735e-06;1.124112258929761e-05;1.3218762059489594e-05
00:24:03;229;9.615866784687652e-06;1.0712845853302934e-05;8.189119505491129e-05;7.683277541626797e-06;1.0401156217199059e-05;1.2523451273822998e-05;1.4462738059767782e-05;8.521585467168403e-06;7.4441826362978896e-06;6.1426600625418875e-06;1.278689355514602e-05;1.2739943847024774e-05;6.578542795277929e-06;9.455219056194023e-06;6.65074742979176e-06;8.450592862504028e-06;1.1902076730160544e-05;1.3910811722331645e-05;1.7074203081196912e-05;9.511829024562804e-06;7.738945205807184e-06;6.621677438131515e-06;1.435586535633406e-05;1.402630995114664e-05;7.367033492611674e-06;1.0316505175737053e-05;7.2782955681713584e-06;4.191040886789622e-05;4.8291992929856936e-05;0.00027434750575674755;0.00039504151874509365;9.491081774813178e-05;7.493478871755613e-05;8.69373334954553e-07;1.3488860129285301e-05;1.1257072869630624e-05;1.6993110047983032e-06;1.2243797907963488e-05;1.3698892647021341e-05
00:24:09;230;1.1282940086878376e-05;1.2352324764706972e-05;7.14352136164181e-05;8.881621810210369e-06;1.5893617720828182e-05;1.4789455612820099e-05;1.5466055918461112e-05;8.148911751442773e-06;7.890760480739283e-06;5.8389440753940524e-06;1.569092388690892e-05;1.1595377331600917e-05;1.0641850177638513e-05;8.532101410516837e-06;1.2025657295179247e-05;9.250424146914525e-06;1.77163253594492e-05;1.606665206008408e-05;1.7969982522278967e-05;9.407318982625781e-06;8.147898905560937e-06;6.518294558018285e-06;1.693980920197047e-05;1.2959950334886884e-05;1.1643358327172435e-05;9.19042705517532e-06;1.2417452126101125e-05;4.203483211942528e-05;4.0619064837232126e-05;0.00017114011117662687;0.0003422232917665962;9.56442874728895e-05;0.00010157024531931188;9.416795917938375e-07;2.4939211850919372e-05;1.1626582216755347e-05;2.6271000965014856e-06;1.1394807122128384e-05;1.2461349826836806e-05
00:24:15;231;1.0987121839889369e-05;1.1943042328668894e-05;5.004599395216257e-05;9.510162368800676e-06;1.0493032215079397e-05;1.2309877798150575e-05;2.197644703921304e-05;8.574134215228407e-06;1.2160046788975167e-05;5.539517829010844e-06;1.338862114669775e-05;1.4572206527997299e-05;6.8303010949803555e-06;7.514275999007871e-06;8.976835321628972e-06;9.928583402810706e-06;1.1815840825644805e-05;1.3552915334003046e-05;2.4243741388056173e-05;9.575199351562748e-06;1.218673053158512e-05;5.92876188685422e-06;1.480904920524004e-05;1.5935990931315176e-05;7.4482496425913226e-06;8.305785781252596e-06;9.585655840930507e-06;4.2642847603220666e-05;5.656193932213363e-05;0.00014649903165369686;0.00013302951556470332;0.00010629263751776199;6.133715012367368e-05;9.150321313626217e-07;1.3667317054725977e-05;1.26040587689853e-05;1.5940492240791372e-06;1.1364058533517167e-05;1.4044289928090477e-05
00:24:21;232;9.67247010082288e-06;1.0747998053778282e-05;8.905243227272522e-05;7.441650280720131e-06;1.23768508021013e-05;1.2673175051764412e-05;1.4482715207784416e-05;7.85771339906205e-06;8.00452641737014e-06;4.892450961852484e-06;1.4120826807971877e-05;1.1493056194663867e-05;7.580445141415608e-06;8.10576935027608e-06;7.040457806407506e-06;8.14675152618799e-06;1.3699652990447859e-05;1.400146489295021e-05;1.6834871150675538e-05;9.273636169958e-06;8.314270065897336e-06;5.37880307576093e-06;1.549171534124865e-05;1.277030216580805e-05;8.381252589256465e-06;9.075491417908917e-06;7.607761652920251e-06;4.319249602377106e-05;5.6808265138918805e-05;0.0003453634478509113;0.00040989047318344717;0.00010608189366447137;4.555623022495712e-05;1.0304252141707814e-06;2.3058831812083756e-05;1.1065643049380436e-05;2.1357437307601864e-06;1.1359323033527368e-05;1.308641434630374e-05
00:24:28;233;9.959878650792318e-06;1.099205524675383e-05;6.916600579121356e-05;7.974571791438931e-06;1.0396949342996528e-05;1.3302883225208006e-05;1.4673767685218825e-05;1.0088788853708634e-05;7.042549555080768e-06;9.28805192272493e-06;1.4587538369813625e-05;1.2224573203732028e-05;6.183233768875983e-06;7.04844477442376e-06;6.707187347258654e-06;8.641399330648526e-06;1.1861551977549252e-05;1.4776578621111391e-05;1.6820214309691322e-05;1.0961141864340156e-05;7.275231618672179e-06;1.0066339534285915e-05;1.607585037865785e-05;1.3316808621357843e-05;6.813450123514439e-06;7.911101253244575e-06;7.384992374992882e-06;4.4443943826100074e-05;5.336143703975904e-05;0.00020824095344049872;0.0002875214303873488;0.00010335869753292592;7.732345041315743e-05;1.0688464443643984e-06;1.4828273531312476e-05;1.292929079885308e-05;1.642656935174581e-06;1.1357775533458989e-05;1.3915313611609128e-05
00:24:34;234;9.305377479310293e-06;1.036661855830027e-05;7.639530364661026e-05;7.072091970624942e-06;1.0144469937694629e-05;1.3449933604192665e-05;1.3437853134880903e-05;7.839213629588151e-06;9.11651064425004e-06;7.73446163196664e-06;1.1855325917570719e-05;1.1022318675073125e-05;6.848485076977278e-06;6.528376500563644e-06;6.615485439454005e-06;7.706588181877756e-06;1.1660425662981491e-05;1.4680063734114718e-05;1.603836325200605e-05;8.93175604089058e-06;9.223558116658911e-06;8.192877839398615e-06;1.30971602860122e-05;1.2474296310549245e-05;7.705594288370176e-06;7.534966405014702e-06;7.153770500827946e-06;4.514818113256601e-05;5.993274361398385e-05;0.00024197504472571598;0.000330728091239575;0.00010056397289779202;8.542326358120123e-05;1.095908717867104e-06;1.3556653695678708e-05;1.1973768860173989e-05;1.9523325138013283e-06;1.1375988857550716e-05;1.3017693923417226e-05
00:24:40;235;8.836621920496865e-06;9.852221110928508e-06;6.560249851858182e-05;7.26116250795237e-06;9.931121547104091e-06;1.1292900986539031e-05;1.5130975282576484e-05;7.748838967167806e-06;6.6437115364692545e-06;6.153702690687107e-06;1.174404014650773e-05;1.0383543878783092e-05;6.802049638694867e-06;6.48461659415809e-06;6.4627956578275105e-06;7.80782829679083e-06;1.1250745553263209e-05;1.2578905245644347e-05;1.733822671068785e-05;8.806954023776033e-06;6.969196247270322e-06;6.635968466531567e-06;1.315962612053123e-05;1.1647702873993187e-05;7.6018395472452035e-06;7.395771101787259e-06;7.0338846796138445e-06;4.272627174447204e-05;4.9531356764532946e-05;0.00019796817600512643;0.0002776350425255683;0.00010262400751848845;6.396957289321321e-05;1.0854855937865558e-06;1.3838344006358564e-05;1.0996573661886709e-05;2.4214253114002555e-06;1.1746430976814758e-05;1.2687295221334062e-05
00:24:46;236;8.83183718061983e-06;9.88456746268593e-06;7.273781990392482e-05;6.479084273859247e-06;9.632109292955317e-06;1.2479385589549771e-05;1.421176212220003e-05;7.50011942071441e-06;6.669460292001035e-06;6.400376117906862e-06;1.1882286556060121e-05;1.1175070511626473e-05;7.150519034417678e-06;6.44444447511267e-06;5.957425028927074e-06;7.10678787533042e-06;1.1025938690607613e-05;1.3831239558857294e-05;1.6684133156616817e-05;8.453545629154063e-06;6.954592669289117e-06;6.929050227248624e-06;1.3053123036081183e-05;1.2684273971462051e-05;7.914588693409637e-06;7.442146910117243e-06;6.5353850499653884e-06;4.727887716420257e-05;5.7270974257968306e-05;0.0002412816578465948;0.0003054097393637357;0.00010086333795839925;6.845063703852421e-05;9.985495384103718e-07;1.3991342893663027e-05;1.0906199124761378e-05;1.775866426364934e-06;1.15097534353181e-05;1.3116903799155644e-05
00:24:53;237;8.643723442053835e-06;9.698627222918087e-06;6.486143671860652e-05;6.483262162439794e-06;9.931971702444157e-06;1.114110990776205e-05;1.4322064827028539e-05;7.500211075559739e-06;6.956024662940763e-06;6.459433357651857e-06;1.154928131409282e-05;1.0598687966540348e-05;6.259093810195344e-06;6.3472095009393055e-06;6.176327645203049e-06;7.108384752312684e-06;1.133684551710251e-05;1.247412407642917e-05;1.67401496030293e-05;8.48537367830109e-06;7.2382923416959865e-06;7.075030985509363e-06;1.2996863547356686e-05;1.1796762297722758e-05;7.087502679128135e-06;7.258608622831599e-06;6.785584659316751e-06;4.520528393010343e-05;4.892141814348853e-05;0.00020180781307351154;0.00026297465282382524;9.912673662468996e-05;6.581558824459621e-05;1.0422452063278143e-06;1.547089189971636e-05;1.1517742451990123e-05;2.074502910890263e-06;1.1462300296834289e-05;1.2918065017304231e-05
00:24:59;238;8.531930052800941e-06;9.594752474542843e-06;7.102727980896897e-05;6.381614003135962e-06;9.907593918450692e-06;1.0761497284890579e-05;1.3209975367477579e-05;7.816076869201796e-06;6.399906503741125e-06;6.154182868362506e-06;1.1818371186093787e-05;1.0470076772926198e-05;6.624182814556951e-06;6.641450557832616e-06;6.198229107018898e-06;6.983682534972772e-06;1.132299540943136e-05;1.218532491903612e-05;1.564640033508642e-05;8.75545702634738e-06;6.766848769132858e-06;6.790344416372193e-06;1.3117177688768664e-05;1.1798484437453158e-05;7.390975566476634e-06;7.546644040683278e-06;6.832691781975099e-06;4.442874388246777e-05;4.792678507472601e-05;0.00021942402831017977;0.00031201533625815485;0.00010471218723862151;6.935914044457963e-05;1.2069535736398636e-06;1.5600465119860686e-05;1.128311971928936e-05;2.0479939909885062e-06;1.1539092649385106e-05;1.2783511445734482e-05
00:25:05;239;8.396310740010904e-06;9.449128684318105e-06;6.763937519444276e-05;6.414214129855302e-06;9.268860211555172e-06;1.0817319099616766e-05;1.388609589205523e-05;7.655820915240177e-06;6.317292839629442e-06;5.286395111880893e-06;1.1544090946038274e-05;1.0395547495792554e-05;6.618038022891555e-06;6.365636484676171e-06;6.18641431060496e-06;6.941616712664873e-06;1.0560655010533682e-05;1.2236434831490292e-05;1.623851183674422e-05;8.65798906661324e-06;6.669456864454079e-06;5.8744213024338134e-06;1.2943715520595095e-05;1.17260438924813e-05;7.3671054750879125e-06;7.248074699775684e-06;6.9255154674557405e-06;4.430033982475869e-05;5.265514606657054e-05;0.0002064046260923684;0.0002824410686999443;0.00010423943955791664;6.787146795130272e-05;1.1055605462412092e-06;1.5304094607070124e-05;1.1034452581368254e-05;1.991712081999882e-06;1.1578371660559032e-05;1.2746222663213452e-05
00:25:11;240;8.306081797632652e-06;9.372014033090902e-06;7.287715340945619e-05;6.354639090488945e-06;9.40284198753199e-06;1.0733996874214633e-05;1.3339968308979554e-05;7.469403945298774e-06;6.295577618493036e-06;5.646168414908846e-06;1.128805683882981e-05;1.0690098502731292e-05;5.977764086718583e-06;6.2462351328401216e-06;6.228227605734301e-06;6.9822321096626755e-06;1.0716953286796122e-05;1.2197772050541648e-05;1.5797281799056195e-05;8.478869665827627e-06;6.6228945463909795e-06;6.174846441377046e-06;1.2738675892090018e-05;1.1965116640037852e-05;6.686721966432259e-06;7.211981949383906e-06;6.8908187050867494e-06;4.503125101473802e-05;5.052157055664294e-05;0.00022914944231113794;0.0003193463319029899;0.00010479263985961547;7.229160199540901e-05;1.1187994295137983e-06;1.5040580287038163e-05;1.1042161664248512e-05;1.8897122036453372e-06;1.1574626848120294e-05;1.2727122840374803e-05
00:25:18;241;1.5298496198180477e-05;1.6560315100521827e-05;5.313322250701772e-05;1.2059873547152414e-05;1.2512741261874991e-05;1.8074257016306465e-05;2.436902958632717e-05;1.3517772489086093e-05;9.263789167526035e-06;1.863830769689333e-05;1.5096625690799472e-05;2.409247533886504e-05;1.0523390666347412e-05;1.2443007572022163e-05;1.2990679171568074e-05;1.2642646214760444e-05;1.396559447947524e-05;1.9504861426602347e-05;2.702050201323685e-05;1.4838654823495145e-05;9.624294825353221e-06;1.960482912388987e-05;1.654647424897397e-05;2.6327077337762466e-05;1.1672225435729701e-05;1.358833068353087e-05;1.3388285913583498e-05;4.1077961084339215e-05;4.186074275661266e-05;0.00015661174063358094;0.0001883345967407925;0.00010684379030336875;4.7302978309918924e-05;1.475506437718103e-06;1.846143024715927e-05;1.198370052656735e-05;1.3023497868721049e-06;1.0107758476247014e-05;1.2236114781035867e-05
00:25:24;242;1.8775055025344045e-05;1.9640101435228806e-05;9.69607832771109e-05;2.0116571054596864e-05;2.149186477528143e-05;2.8116160796736782e-05;2.171313142505162e-05;1.5048612431976174e-05;1.8954670032009993e-05;1.2803694959534988e-05;1.7696139042041896e-05;2.5335101119077823e-05;1.1234310773938267e-05;1.8934672258875583e-05;1.3855724714966817e-05;2.0417101017923e-05;2.2552748616155577e-05;2.848555927409472e-05;2.382729733745933e-05;1.6079138340155852e-05;1.8890577123358204e-05;1.3290890405463685e-05;1.965784544660857e-05;2.64794519963185e-05;1.1488911586408754e-05;2.0414882207741e-05;1.4096805449598026e-05;3.495879743849104e-05;7.161616887853965e-05;0.0004894357572516472;0.0003853385489755492;9.362935168997449e-05;2.9215320785393837e-05;8.295514867448675e-07;1.5108738301836932e-05;1.3739744549753436e-05;2.3695915959321456e-06;1.0086316812584086e-05;1.7201511558883866e-05
00:25:30;243;1.4664555289362562e-05;1.5617824921051416e-05;4.3359377884929785e-05;1.192723880840483e-05;1.2831256107403988e-05;1.6161671704201748e-05;2.671547931821682e-05;9.645947748992967e-06;1.2777022033364203e-05;1.4112438011889852e-05;1.9785955947265226e-05;1.5782473055155194e-05;1.0890082266583208e-05;1.6547524716450177e-05;8.797569554469026e-06;1.1983863870124037e-05;1.3987769721730913e-05;1.742453843712898e-05;2.897941072959942e-05;1.079181635149429e-05;1.266857455597853e-05;1.4447215107793454e-05;2.0993269491912002e-05;1.7023538838415496e-05;1.1427434251748344e-05;1.804287610498192e-05;9.64358853511667e-06;3.954920795439604e-05;4.440387293712092e-05;9.368452433597394e-05;7.95511018412786e-05;0.00010554567527469633;0.0001021564247763641;6.401582504768069e-07;1.4930827569059507e-05;1.0808570661098277e-05;3.022857726988262e-06;1.0654495087226014e-05;1.5364818204478695e-05
00:25:36;244;1.7472029860889712e-05;1.835438471764202e-05;0.00014956039706820733;1.0859528073710449e-05;1.4211761254045996e-05;3.1405477296237386e-05;2.2135989625708547e-05;1.1992037977263822e-05;1.1624174297382565e-05;9.802478914234701e-06;3.0298435388234875e-05;2.9223945635304847e-05;1.1846328529362506e-05;1.4141030526104714e-05;1.2123164233783386e-05;1.104271923625824e-05;1.5764883352823767e-05;3.194476582244027e-05;2.5098657554540124e-05;1.2929284274590988e-05;1.1451271820067032e-05;1.0270303270852863e-05;3.099801782625462e-05;3.0739007711475364e-05;1.2567349816130952e-05;1.467201987515746e-05;1.2774328924818672e-05;3.488409793329158e-05;3.822119078819943e-05;0.00047455008625912854;0.0009260072498397228;0.00010502252087347308;0.00012741768038802742;1.6441793058710062e-06;4.772248079999167e-05;1.0250723092352195e-05;3.4895642980430063e-06;1.1277116508586858e-05;1.4237874731800165e-05
00:25:43;245;2.0211441132935512e-05;2.082835193436086e-05;5.671875679050341e-05;1.635519135783687e-05;1.533991674501129e-05;2.0460709604011836e-05;1.7814645069982113e-05;1.2554883779552545e-05;1.4703456146362855e-05;2.313171565049288e-05;6.0394696669680506e-05;1.5691992911373827e-05;2.1359378144645483e-05;1.320600845453803e-05;1.152469109074032e-05;1.6579811823317824e-05;1.719356627106634e-05;2.1572294815397775e-05;1.999857071311879e-05;1.3302678924654036e-05;1.4678832071061877e-05;2.389151572221831e-05;5.892343766459771e-05;1.666092053779675e-05;2.1561423533126755e-05;1.4105070966229217e-05;1.1472095075423337e-05;4.232314361174235e-05;4.0328935788573974e-05;0.0001681459830395691;0.00020388324073349968;9.816166755269107e-05;5.9109876930648613e-05;1.3758606317724579e-06;3.018470718973938e-05;1.0335752196765436e-05;1.241996661358764e-06;1.1898872099979889e-05;1.3635045049700284e-05
00:25:49;246;2.0616852240932943e-05;2.1398786596859558e-05;0.00018059652171808615;1.2873027560932439e-05;2.074063668544568e-05;6.030383865539658e-05;2.4621110333875798e-05;1.6374423420405616e-05;1.1956556472176255e-05;1.0506211638853943e-05;3.268660419631818e-05;1.882672016635793e-05;1.628482446653317e-05;1.0073716957492707e-05;1.2154549569164498e-05;1.3407356785632423e-05;2.2588130803664562e-05;6.0828999635362646e-05;2.6375943325317017e-05;1.6753062344015476e-05;1.1329846851759048e-05;1.139347369655896e-05;3.376400760500957e-05;2.0314717069515056e-05;1.671787241677889e-05;1.1263853887416926e-05;1.2048169848432874e-05;5.1122452830173006e-05;6.355345222972655e-05;0.0011731173152093374;0.000695246731159135;8.905169542560417e-05;2.473708060369008e-05;6.2728370028894e-07;2.987099851936918e-05;1.2036262691124514e-05;1.4484972073063834e-06;1.1199533910314855e-05;1.514695713096424e-05
00:25:55;247;1.6658247877837145e-05;1.730870283182999e-05;0.00012028015989442747;1.888847375332923e-05;1.4073210347217726e-05;1.5194155448806544e-05;1.9940565289805985e-05;1.0624246244297161e-05;9.175484166235037e-06;2.3139108188791564e-05;2.876233591306035e-05;2.587624056554267e-05;1.1798035068657306e-05;1.246038794471877e-05;9.966724660934936e-06;1.8674670184426056e-05;1.514481429487343e-05;1.6311041886356065e-05;2.2924805261361223e-05;1.1616389926956212e-05;9.20224377445772e-06;2.368626814177908e-05;2.863069223650787e-05;2.5564686185606648e-05;1.2587221872424e-05;1.3269806061808722e-05;1.0091786931251924e-05;3.798326714037561e-05;5.994854386802625e-05;0.0004146625937371586;0.0006761100522959029;0.00010643224308118913;6.880558993472031e-05;1.3850970604944373e-06;3.767434823965839e-05;1.1396187605261479e-05;4.222479727351984e-06;1.1012183222465702e-05;1.3729332820524707e-05
00:26:01;248;1.7625323765328588e-05;1.855629249538525e-05;9.158788744793318e-05;1.9478223065179506e-05;1.2513184184502858e-05;2.1906599769749846e-05;1.7534984164316565e-05;1.3881467186717021e-05;9.470758536684281e-06;1.4300816585236218e-05;2.4235259529477432e-05;4.6303817865381546e-05;1.1284247394433516e-05;1.068818335751716e-05;9.90633550398715e-06;2.0227484082503986e-05;1.350085428580487e-05;2.2771337643450663e-05;1.9770931776062603e-05;1.5052294023732855e-05;9.940944782780967e-06;1.4762262955766254e-05;2.4854148031857832e-05;4.737218082079346e-05;1.231718083027208e-05;1.1534477483950514e-05;1.0571406366142571e-05;6.174832447386767e-05;4.559624172790413e-05;0.00044220051680855766;0.0003610650424535084;9.25168848042382e-05;3.9536614371860564e-05;1.1893016546422014e-06;1.6233527505336055e-05;1.0368046022936692e-05;1.2596474587990373e-06;1.0604137071811477e-05;1.6736365021736128e-05
00:26:08;249;1.4308623882832514e-05;1.5354713342057487e-05;6.993171951742189e-05;1.0753702803547391e-05;1.4080566505082391e-05;1.5062328520281715e-05;1.7333117080459655e-05;1.3439110328502837e-05;1.4377315134145812e-05;9.977200196040961e-06;1.3062590565740804e-05;2.0974274088365004e-05;1.053333110819081e-05;1.3592521760585896e-05;1.8517424114799557e-05;1.1388134789970686e-05;1.5177403182388855e-05;1.634509008690196e-05;2.0301195842035623e-05;1.4280902828604552e-05;1.4101946650458281e-05;1.0677748608181498e-05;1.4595299541690133e-05;2.277289371980985e-05;1.0992462228363987e-05;1.4484756539337767e-05;1.9138719156366784e-05;3.8338721937930896e-05;4.4292719694546575e-05;0.00022773453490360492;0.0002995803666900909;0.0001034440712443555;7.212286054533368e-05;1.17528397034261e-06;1.346697539718983e-05;1.062556866983039e-05;2.2927704513166518e-06;1.1957402993466323e-05;1.4149357711054033e-05
00:26:14;250;1.4511078107530425e-05;1.532724408080648e-05;6.369084666023902e-05;1.093869999315509e-05;1.4183178784967573e-05;1.4202583336307065e-05;2.8202134604849892e-05;9.614731589961552e-06;9.825696533415464e-06;8.328048122957005e-06;1.7522181039453244e-05;1.7098429178862386e-05;2.0064019192421835e-05;1.4242108135094481e-05;9.911122432981756e-06;1.1339394612012349e-05;1.5153116542426722e-05;1.529380499994636e-05;3.0184403621654993e-05;1.0656827674245483e-05;1.0067963448588521e-05;8.816632607359e-06;1.8120631259218406e-05;1.7848827869611456e-05;2.0837636908208303e-05;1.5004326156440008e-05;1.0603356563881824e-05;5.282182916803209e-05;6.924139645734308e-05;0.00028890452551919954;0.00016307772460597784;0.00010435086503805944;3.0809913960536636e-05;7.100242328002558e-07;1.3850105581675069e-05;1.3090843059972465e-05;1.936660498669561e-06;1.1452470562845967e-05;1.4043801237756528e-05
00:26:20;251;1.2292336403551086e-05;1.327437249655523e-05;6.743883018502741e-05;9.505356058784029e-06;1.2154953572136987e-05;1.369821751883261e-05;2.147699303572443e-05;1.3121551171350761e-05;9.049406769954452e-06;8.43608211586012e-06;1.310002822210973e-05;1.1115323160156136e-05;1.2913381020496217e-05;9.475221941360443e-06;1.3461518831031134e-05;1.0300251739829059e-05;1.3286028218006529e-05;1.4699914699340759e-05;2.42793624157814e-05;1.3691216770871218e-05;8.795780875608458e-06;8.952554742768083e-06;1.4868601582851556e-05;1.2309553289636409e-05;1.387708750912622e-05;1.0112774592166313e-05;1.4119340736629689e-05;4.972215793973761e-05;4.648153642700767e-05;0.0002743659618993897;0.00024086103079329672;0.00011097482406910405;3.3521171641411736e-05;1.426855741905656e-06;1.5298158854896036e-05;1.0497663948864454e-05;1.3296430578851295e-06;1.153970202330209e-05;1.3247255823528091e-05
00:26:26;252;1.3075173838346513e-05;1.411068432723449e-05;4.0115028990331536e-05;9.038564679738927e-06;1.8363721113442725e-05;1.3014438796946335e-05;2.9321487730271656e-05;1.6732969682984525e-05;8.683800558628718e-06;9.09847944412108e-06;1.3842235919593225e-05;1.3652481028197434e-05;7.810204157591857e-06;8.606720528673991e-06;8.736979202178025e-06;9.501678557137006e-06;1.9689647177972204e-05;1.4312283958962682e-05;3.202736719041367e-05;1.7390523056102338e-05;8.72748569236137e-06;1.0043581138993834e-05;1.5134093228891888e-05;1.4820128554571124e-05;8.44165575886742e-06;9.723280187774688e-06;9.516482736262908e-06;4.547524001638877e-05;5.917072506386072e-05;0.00011724316266275439;6.778397040014658e-05;9.944846285700424e-05;4.085106498077947e-05;1.2398288449202312e-06;1.4529275864073617e-05;9.012121504669823e-06;2.414701283440865e-06;1.0986413146190583e-05;1.3225381259749242e-05
00:26:33;253;1.0408050592693805e-05;1.1429196979118882e-05;5.819048752736888e-05;7.979490751546853e-06;1.0826323051947963e-05;1.2707134554933543e-05;1.5219663858736318e-05;1.21880416443787e-05;7.220314616579964e-06;7.058143432139084e-06;1.2975849664733438e-05;1.3347350394548647e-05;8.527846833058819e-06;8.808749436055182e-06;8.037695421075403e-06;8.41313884030811e-06;1.2377443880136007e-05;1.3852272452742356e-05;1.790918798213147e-05;1.2927229993727429e-05;7.491616894254502e-06;7.688858066195522e-06;1.438093159443189e-05;1.4659058067507753e-05;9.072274949602029e-06;9.670359684352224e-06;8.707988071583265e-06;5.6525068935171846e-05;3.9503058526015425e-05;0.00017827010668374443;0.00020382620844364824;0.00010443257682962328;6.133644472250746e-05;1.072634297187045e-06;1.3911419375114078e-05;1.2413269785925882e-05;1.7111800091934312e-06;1.0746992846909964e-05;1.4536889873385531e-05
00:26:39;254;1.1815015679675609e-05;1.2694341824533672e-05;5.8409175655135934e-05;1.0844771024794268e-05;1.2104765009982286e-05;1.4159945498642463e-05;1.8471430746816704e-05;1.0097459279863456e-05;8.25483385436986e-06;6.5431783776210235e-06;1.660176687259061e-05;1.3639795511721786e-05;1.0173589474375563e-05;9.575720874656987e-06;1.1312928440981358e-05;1.1086049693680067e-05;1.363154376432951e-05;1.5504762641400324e-05;2.036985112186536e-05;1.1096235838625876e-05;8.366507918714277e-06;7.242831457063668e-06;1.7608583151787236e-05;1.4448749690144942e-05;1.0858225944997961e-05;1.019996281246665e-05;1.1918794371013064e-05;6.108119971899012e-05;4.497638193587343e-05;0.00020175452597409444;0.0001906394945531645;0.00010624016340918972;4.067650991238223e-05;7.899352741265473e-07;1.670955878321132e-05;1.072018492681907e-05;1.9767839313055097e-06;1.1094855452953265e-05;1.4250513989521123e-05
00:26:45;255;1.4462827368530187e-05;1.541367929130041e-05;6.532784596926013e-05;8.217299101044194e-06;1.3343156367604728e-05;2.483409314570715e-05;1.4806762648463105e-05;1.1496977861210924e-05;7.821994968666827e-06;1.0730601353259317e-05;1.5325108495031518e-05;1.4851761350924294e-05;1.9051459887009514e-05;7.393836389530344e-06;2.5680872460818385e-05;8.59099568112435e-06;1.4525533066561469e-05;2.516371755576339e-05;1.7154987578083543e-05;1.3177635347473589e-05;8.184880105637845e-06;1.1837402216539736e-05;1.6208392987175125e-05;1.5804462685692565e-05;2.0171484778339745e-05;8.250283354766597e-06;2.5894370347613623e-05;4.7506662222086136e-05;4.206044072462219e-05;0.00022362502294313237;0.0002486902319093298;0.00011000542283661171;5.926322346097288e-05;1.8099848682885837e-06;1.444188424125794e-05;1.0805896873187663e-05;3.2558859019808837e-06;1.1753687295394146e-05;1.0715808354257275e-05
00:26:51;256;1.2134569850921004e-05;1.3022173794824188e-05;4.1553574451929743e-05;9.098269816573437e-06;1.1663037797921499e-05;2.1782248734583927e-05;1.7392171536491993e-05;1.3847615543289232e-05;8.922488687284675e-06;7.501754796185816e-06;1.2470335190331836e-05;1.1687815651710439e-05;9.997153802161888e-06;1.0399448959994764e-05;1.085249421996857e-05;9.46321296384978e-06;1.2942710229622265e-05;2.233618152222104e-05;1.9691465885317265e-05;1.4666103692710564e-05;9.049162778139845e-06;7.970333911808793e-06;1.3766243648229025e-05;1.269015741209968e-05;1.0527787512555847e-05;1.1684280759220223e-05;1.1478440666007972e-05;3.463472204357883e-05;5.0464105180566205e-05;9.261629311573726e-05;6.324600295694222e-05;0.0001216317704878199;8.220916529352453e-05;1.9541313377479044e-06;1.6627165415470484e-05;1.0315535376679748e-05;2.510730598142717e-06;1.175786355558348e-05;1.0675408061363727e-05
00:26:58;257;1.0766990154241864e-05;1.178401472788198e-05;6.557706074870901e-05;9.689932618719219e-06;1.2325401963215137e-05;1.5777199608506138e-05;1.65715070336732e-05;1.0026575826574655e-05;7.4724634696498136e-06;6.829395575442215e-06;1.385097178673401e-05;1.1785383870749849e-05;5.91259432977412e-06;1.126629816283753e-05;7.696154041008702e-06;1.0221692839796916e-05;1.3760690757108829e-05;1.7054105516268188e-05;1.8732393867519677e-05;1.0911966449994803e-05;7.69589323796556e-06;7.4371566105456405e-06;1.5007303347052193e-05;1.3131521364248098e-05;6.616182999314793e-06;1.2429161784042019e-05;8.410104115521594e-06;4.6114412573018364e-05;5.3886609110025444e-05;0.00025266174680647836;0.00024759468405353394;9.455509154084533e-05;3.9397657787641585e-05;1.0429329292586063e-06;1.4540853623465253e-05;1.1206400282258029e-05;1.5044155336621187e-06;1.1359448868834001e-05;1.3060475875487215e-05
00:27:04;258;9.488744016617932e-06;1.057286094174178e-05;8.852369013664701e-05;7.649285706179398e-06;9.606613794878946e-06;1.5499763046539723e-05;1.4557318361984141e-05;7.603881953018159e-06;7.429280755518035e-06;6.692404603502279e-06;1.2913374344624241e-05;1.1528532193045232e-05;6.355282550239074e-06;7.475175270534671e-06;6.554011644510638e-06;8.235748316996872e-06;1.1033359263635674e-05;1.6867586929970747e-05;1.6736025533841884e-05;8.816668152484212e-06;7.441114386110021e-06;7.18610265180417e-06;1.4565864044994623e-05;1.287780909064444e-05;7.204436585623947e-06;8.508735172193766e-06;7.400878248402858e-06;4.7547768731477736e-05;5.467230521576443e-05;0.00035400817710878565;0.0003997501617610625;0.00010968837048730452;4.027556648064905e-05;1.0846010098584451e-06;1.865877651047318e-05;1.0715006662792742e-05;1.7680050749727752e-06;1.1660023984269464e-05;1.2455518612353816e-05
00:27:10;259;1.04686073376053e-05;1.144305587089709e-05;5.2270913538295235e-05;7.329596789547437e-06;1.126504765703761e-05;1.1264148417405357e-05;1.814737906871952e-05;7.959355237119325e-06;7.1317988573324245e-06;5.648603848904734e-06;1.1830709730986655e-05;1.2766376607813031e-05;1.1216789978618635e-05;1.2859763745351218e-05;8.203714526447667e-06;7.844476857815008e-06;1.2546204628431698e-05;1.264421690635411e-05;2.0214969481457956e-05;8.782357119482093e-06;7.330412884158837e-06;6.12003044162647e-06;1.3104770223895983e-05;1.3932430008452097e-05;1.1849613817698983e-05;1.398260049922377e-05;8.964584744314344e-06;4.578464562874455e-05;4.439214672598549e-05;0.00017222551609196511;0.00017371473275145402;9.891540096898832e-05;4.1162579498044226e-05;8.520094121326557e-07;1.5590504978357867e-05;9.267363029624084e-06;2.1497089856823175e-06;1.0638508792566779e-05;1.2557845595997249e-05
00:27:16;260;1.0350699629281156e-05;1.133799677621868e-05;6.51711891408325e-05;9.21302210279216e-06;1.2512609544692374e-05;1.3861052158342153e-05;1.3283947661787723e-05;9.808330713925981e-06;8.520883936698324e-06;6.276905723917087e-06;1.1986490306981068e-05;1.1432215063419706e-05;6.5173348540978084e-06;6.759515437563963e-06;1.4036084165654342e-05;9.52837790809778e-06;1.3938585065653005e-05;1.5273611512108075e-05;1.573680380911528e-05;1.0951443591348155e-05;8.491930444345403e-06;6.851941490615129e-06;1.334774509515124e-05;1.2610663004666037e-05;7.364074526431299e-06;7.631952329678756e-06;1.4328829970106164e-05;4.080911863257967e-05;4.021227328922828e-05;0.00014939953705762015;0.00024772738378397546;0.00012575783235729344;0.0001237903407036348;1.6623051638152778e-06;1.633176926018549e-05;9.501720436300446e-06;3.083461324395364e-06;1.163266772532943e-05;1.2145859955632298e-05
00:27:23;261;1.0323528159843095e-05;1.1355668419450403e-05;8.275700044841772e-05;7.1580478336582845e-06;9.363539003392031e-06;1.2722035614713564e-05;1.3483945854824759e-05;1.0027143922932488e-05;9.346083105816144e-06;1.1998579972653674e-05;1.4428824971187995e-05;1.1136135293425427e-05;7.001365878975011e-06;7.061940631300248e-06;1.0154692174973496e-05;7.726280538135362e-06;1.0695445930247808e-05;1.4055051583972837e-05;1.602368537751778e-05;1.0563253690173652e-05;9.481630283367342e-06;1.3241861203904235e-05;1.5828843728902227e-05;1.2470752412637126e-05;7.636565591889813e-06;8.009496601125302e-06;1.0535150102418523e-05;5.08010233822823e-05;5.930471631089834e-05;0.00036552315419348825;0.00031177810426456597;0.00011135141665514832;4.301197115326798e-05;1.5066301324320812e-06;1.3857368004941348e-05;1.0503940021844702e-05;1.5903748782635975e-06;1.1709435119850918e-05;1.2145871264029103e-05
00:27:29;262;8.823861908782957e-06;9.875010618998203e-06;5.8973313100397333e-05;6.359269280861471e-06;9.073076343730174e-06;1.054813966951749e-05;1.5287619085959456e-05;8.483298462248388e-06;7.0474233479248225e-06;5.796053072644596e-06;1.1121321599396403e-05;1.2449172703942292e-05;6.3906449166882915e-06;6.591836810540289e-06;6.738483971379207e-06;6.9183566849944e-06;1.0440834442686284e-05;1.2036789128246653e-05;1.749264557946833e-05;9.412159641537464e-06;7.223986778649593e-06;6.444437836255963e-06;1.2510227550799616e-05;1.4006980932266099e-05;7.0726614697527615e-06;7.603100158708521e-06;7.337944657304929e-06;4.709106902938665e-05;4.9282399143531974e-05;0.00016504733344803463;0.0002231554792207231;0.00010471327720611323;6.576284825985312e-05;1.0067168415024964e-06;1.6877553087806563e-05;9.497203821832219e-06;1.752776626603324e-06;1.1173152558883547e-05;1.2319947960497292e-05
00:27:35;263;8.774826073673383e-06;9.792404484812057e-06;8.580035957973826e-05;6.502681257297189e-06;9.813257935062127e-06;1.4349573981901772e-05;1.3739223564744986e-05;7.416074228413808e-06;6.531248152247764e-06;5.040867103451257e-06;1.1583625772521538e-05;1.0042115265724243e-05;7.269473158544315e-06;6.884359950796372e-06;6.125408483306026e-06;7.166365425222512e-06;1.1093084698517533e-05;1.5792215176761487e-05;1.5965271330382557e-05;8.268919119945156e-06;6.7491535538707305e-06;5.562196287129051e-06;1.2971993829189988e-05;1.1426951609389072e-05;8.01102677991067e-06;7.736309110245938e-06;6.765363875124825e-06;5.252049853581305e-05;5.4564551351975395e-05;0.0003540503243891647;0.0003767994318194703;9.568975483524796e-05;4.2393765780606995e-05;1.1353519172056652e-06;1.6615031167754605e-05;1.0316543241354721e-05;1.8165496816690086e-06;1.0791198346995963e-05;1.291131388960071e-05
00:27:41;264;8.29140555551207e-06;9.339330811403497e-06;7.406057028854851e-05;6.403012765009532e-06;1.1497690361491921e-05;1.0242462785470252e-05;1.2781961984842383e-05;7.0741622282872125e-06;6.321319766623322e-06;5.2433791085155175e-06;1.071693106395473e-05;1.1269622764199415e-05;5.509663105065308e-06;6.357909844015549e-06;6.07874744770501e-06;6.984742959744674e-06;1.2947064775128442e-05;1.1614139411098154e-05;1.4948250109343082e-05;8.034895587645476e-06;6.647421425349179e-06;5.822964506973498e-06;1.2117943881577635e-05;1.2489098515265763e-05;6.194588578078834e-06;7.292737446053401e-06;6.978118862310952e-06;4.4430296156525e-05;4.602566690007724e-05;0.00023259431375557797;0.00034154635728100613;0.00010399034546905032;6.948520260395148e-05;1.5468657507074716e-06;1.4049745119002019e-05;9.561907103776879e-06;1.920466368559831e-06;1.16548475465691e-05;1.1920829407778775e-05
00:27:47;265;8.727548207203158e-06;9.790421751824419e-06;6.51133841844335e-05;7.720641656822574e-06;8.940217739450418e-06;1.0304823535730892e-05;1.5264850878276608e-05;6.993715678178929e-06;6.486567764534874e-06;7.315612265301752e-06;1.1073109140563082e-05;9.68614429875846e-06;9.318281592320751e-06;6.198869910308118e-06;5.427740539041472e-06;8.20542098591443e-06;1.0386743816767033e-05;1.1729159481708134e-05;1.760548969551691e-05;8.03096353120975e-06;6.719548534270364e-06;7.997616735280379e-06;1.2349728318509687e-05;1.1079972611259098e-05;1.0004752317699161e-05;7.261059831935084e-06;6.1146003495599e-06;5.168985431894674e-05;5.212622593408823e-05;0.00017450491527271148;0.0002640703973234914;0.0001037141572829785;8.253031581883487e-05;1.3291490766706244e-06;1.5593201566053075e-05;9.627754354738632e-06;2.125455132701598e-06;1.143781803973865e-05;1.2611366092248162e-05
00:27:54;266;7.916413445421064e-06;8.992751058422418e-06;7.927543238960329e-05;5.8862804511828806e-06;9.355489012818907e-06;1.022055470914748e-05;1.2166254740138397e-05;6.956053580092265e-06;5.9953022922730845e-06;6.164981232746992e-06;1.0990707910965822e-05;9.836132817171842e-06;5.6175070203582065e-06;6.169922664414881e-06;5.637771846135241e-06;6.463305902498984e-06;1.0653651091310674e-05;1.1544112187292267e-05;1.4762139535032705e-05;7.886967483224182e-06;6.237316624777387e-06;6.861116706296585e-06;1.2382049204415459e-05;1.122761968757384e-05;6.426687691543256e-06;7.1328054909366684e-06;6.335237512873011e-06;4.879546328045087e-05;4.727414795074992e-05;0.00024660884792684115;0.00037635855823765475;0.00010456752974856621;7.437657517588306e-05;1.3238178045130493e-06;1.664222934904146e-05;9.978331718115172e-06;2.1091149155276065e-06;1.1416117350955985e-05;1.185445521694049e-05
00:28:00;267;8.006678812157794e-06;9.092047180217112e-06;8.811681743532784e-05;6.226778133757514e-06;9.331366406684083e-06;1.1093611413250734e-05;1.2034185127680013e-05;7.097189873532401e-06;6.314046191588122e-06;5.06377525317186e-06;1.039737326312785e-05;1.0126984077177523e-05;5.6518751191896914e-06;6.9079930646864796e-06;5.834964633971202e-06;6.931019746659757e-06;1.0792041831348487e-05;1.245292619560017e-05;1.4407005057617863e-05;8.203100787220218e-06;6.567583706690797e-06;5.640899005328132e-06;1.1905558632769257e-05;1.1479333657410315e-05;6.401305133490668e-06;7.837911935099857e-06;6.4858768094877e-06;4.815689027130507e-05;5.010423033666407e-05;0.0003103251352430409;0.0004259170129246767;0.00010222347662765836;6.663274327631109e-05;1.2675074199954853e-06;1.6975919178411695e-05;1.0595640399740482e-05;1.7271900801103364e-06;1.1225985231936775e-05;1.2250078234082806e-05
00:28:06;268;7.971430087975891e-06;9.037004664479135e-06;7.647879144623603e-05;6.247930323736868e-06;8.841887622230098e-06;1.0326564539556413e-05;1.2532399449841334e-05;6.666170670335057e-06;5.948846147806432e-06;4.87769734098203e-06;1.1356359957465594e-05;9.453707116206674e-06;7.040236584740259e-06;6.079436878278247e-06;6.285921179612202e-06;6.814199031960246e-06;1.0236287507032564e-05;1.1682308646597932e-05;1.4849060962545462e-05;7.763062478284443e-06;6.181682750403651e-06;5.372166821030941e-06;1.2753490075657639e-05;1.083197545845399e-05;7.894295581363736e-06;7.02410334615476e-06;7.041419756873599e-06;4.751110162621489e-05;4.843418257816799e-05;0.000248852872089025;0.0003503459007688826;0.0001050302085069047;6.248093414882765e-05;1.1900079770044106e-06;1.8048062104504686e-05;1.0505349685292592e-05;1.9543001326526335e-06;1.1624421906491163e-05;1.1768155830864383e-05
00:28:13;269;7.675157446323572e-06;8.770536215372805e-06;7.62966982645717e-05;5.911776951124508e-06;8.595146029092989e-06;1.00508647610747e-05;1.2077670237173068e-05;7.391978794079147e-06;5.8765437497175874e-06;4.819553633436416e-06;1.061979426902388e-05;9.684855778599202e-06;5.795978927187145e-06;5.90968334502794e-06;5.368040287511246e-06;6.483858324148209e-06;1.0017296655768163e-05;1.1478180631111403e-05;1.4596702581175008e-05;8.383311011774695e-06;6.158657717743971e-06;5.470784105765935e-06;1.2012843583335457e-05;1.1077538653773467e-05;6.580658285927228e-06;6.83576095243437e-06;6.150838423389912e-06;4.8660757249538416e-05;5.019789754605078e-05;0.00024310985234553221;0.00034431133737904986;0.00010733097386425446;6.89020208171279e-05;1.2680692216959248e-06;1.621266021663544e-05;1.020571740851643e-05;1.8215512895827795e-06;1.149337480230484e-05;1.2046167034571256e-05
00:28:19;270;7.651258945367607e-06;8.72170093189888e-06;7.45041085927968e-05;5.8503421846787455e-06;8.560905023102805e-06;1.0047269578256584e-05;1.2359056427804013e-05;6.888304549141305e-06;5.890404485145692e-06;5.022677712609245e-06;1.0816466053013714e-05;9.548451519559752e-06;5.4286548938555575e-06;5.8778990140627805e-06;5.524673300656828e-06;6.496126958684071e-06;9.996505733524137e-06;1.1449343564660772e-05;1.4710971173153205e-05;7.846470573814615e-06;6.1630292961287715e-06;5.5730214211784e-06;1.2178676610623185e-05;1.0821962842794764e-05;6.212158875970562e-06;6.888678013592077e-06;6.323462682153552e-06;4.8706884724200074e-05;5.126163603316288e-05;0.00023781906307472517;0.00033067505700057527;0.00010594810190588238;6.619926622823898e-05;1.2533237107669843e-06;1.6765500868227752e-05;1.022461588225532e-05;1.7974872229908428e-06;1.1510374025506088e-05;1.1887992437030053e-05
00:28:25;271;1.585722481355457e-05;1.6841100015098383e-05;4.388373757383062e-05;1.2599928926316682e-05;1.2861157774647257e-05;1.6447606428342127e-05;4.392529334299152e-05;1.1316387736376948e-05;1.0613239081439216e-05;6.9086117649290335e-06;1.7209784705197638e-05;1.622598572416998e-05;2.201141263149318e-05;1.0917812411228375e-05;9.249470684964804e-06;1.286140115000676e-05;1.4299545386211896e-05;1.7992742270300505e-05;4.579831953447819e-05;1.207600752986994e-05;1.0690926679856176e-05;7.601062208455523e-06;1.8186276721752607e-05;1.7359581013092965e-05;2.2808546867664413e-05;1.2352936998548656e-05;1.0065846421224982e-05;5.170659024107997e-05;5.019463209157063e-05;0.00013498704001384268;7.249079437838114e-05;0.00011425331097100302;4.750095962153333e-05;9.687078589360668e-07;1.3037845643171367e-05;1.2589288491173109e-05;3.5778898741306264e-06;1.120918590948997e-05;1.4088605791655588e-05
00:28:31;272;2.1264696949236335e-05;2.2119670540655823e-05;6.466831800196199e-05;1.814954771361954e-05;2.5030921016557592e-05;1.3354153767605483e-05;2.7124457202179737e-05;5.696208989227423e-05;2.081584098851346e-05;1.1600237058282595e-05;2.655292865421705e-05;1.453007038517998e-05;9.594554925420404e-06;1.4929616746428565e-05;1.6531937519139525e-05;1.826459206716243e-05;2.726605397802365e-05;1.4621733406542423e-05;2.881100270407174e-05;5.7449500673101284e-05;2.0557729840220418e-05;1.1595276701088171e-05;2.7327553042699877e-05;1.585410716617406e-05;1.0093727188534472e-05;1.6329478944211174e-05;1.726528117166098e-05;4.5239894748818797e-05;4.8324402056603295e-05;0.0002875946650730825;0.00021312367124945192;8.718687139210612e-05;3.056776611767605e-05;1.2119570971889929e-06;2.203231140614962e-05;1.3472337357308193e-05;1.8207107163278554e-06;1.059020023508183e-05;1.4855028573748515e-05
00:28:38;273;1.5438760650516254e-05;1.639798171674579e-05;0.00011370725438175014;1.0620697723466451e-05;1.1862219410054628e-05;2.7595382009208564e-05;1.8780335612301645e-05;1.0448913960332943e-05;1.7008529938648692e-05;7.824613338026541e-06;1.6949146689946495e-05;2.1539075158278305e-05;1.587393181394377e-05;9.273462925886054e-06;1.7488813650278313e-05;1.1204977270125123e-05;1.328467977698524e-05;2.8873416075712847e-05;2.089661557886446e-05;1.1236431781739317e-05;1.6293056916443284e-05;8.43053132047305e-06;1.778236843234435e-05;2.3260346949163122e-05;1.6791921886659664e-05;1.0398272974547396e-05;1.8323154200757764e-05;5.805875872379547e-05;7.487362530745398e-05;0.0005206062925613151;0.00047637784020519063;8.687020562379998e-05;9.100612916620729e-05;7.646832648410359e-07;1.5121152025698687e-05;1.2126062314504006e-05;2.408618737552797e-06;1.1505970747605334e-05;1.4767713903037339e-05
00:28:44;274;1.7640393016387694e-05;1.8326514760655634e-05;7.126605870282776e-05;2.7765759983563758e-05;1.1916624102845866e-05;1.3918252294202334e-05;1.8882604716840103e-05;1.1545340082105584e-05;1.3676466675282096e-05;1.4041261677407006e-05;2.6168432108099957e-05;1.9246384809434858e-05;9.386993466813982e-06;1.4684460325042892e-05;3.0452129060811537e-05;2.865149554629999e-05;1.308121702809158e-05;1.4969299063292816e-05;2.0729463450394016e-05;1.2483525275640688e-05;1.3856401575957292e-05;1.4600399061214087e-05;2.5933039690739228e-05;1.9940050991909295e-05;1.0157832168514215e-05;1.5893939764535828e-05;2.9621506943345317e-05;4.848783447677131e-05;4.5556088718422e-05;0.00019688101742741448;0.00032337647757417346;8.646991960127512e-05;6.62881367635014e-05;1.141822757276726e-06;4.7211944836478186e-05;1.496398037492389e-05;1.438047289484e-06;1.0235717629831327e-05;1.314171698438112e-05
00:28:50;275;1.746323412083422e-05;1.848576072075911e-05;0.00012031551663850162;1.021794281283209e-05;2.3971269451356587e-05;1.3734191767866832e-05;3.0476606037216864e-05;1.558899168685457e-05;2.2734149255980313e-05;1.6786909150503313e-05;2.0231173395628005e-05;2.4462386438596116e-05;1.3277291593929228e-05;9.245707108039948e-06;8.83218386023414e-06;1.0476887071697863e-05;2.6158842058665166e-05;1.517687579058774e-05;3.315830725091185e-05;1.6262792628310044e-05;2.2578667626418528e-05;1.7770292656735628e-05;2.0896226844711294e-05;2.5128797149798492e-05;1.4357598150967579e-05;1.0577535997785898e-05;9.286297162235095e-06;4.700533765779063e-05;4.535436311598452e-05;0.0004407332080866585;0.0006484070222707712;9.674251734496596e-05;9.421094492286524e-05;1.5287394743602646e-06;2.828009253173814e-05;1.228576331235371e-05;2.393328980984681e-06;1.1952272085619719e-05;1.4892609877926732e-05
00:28:56;276;1.4576288610225095e-05;1.549874844075228e-05;8.492822219198294e-05;9.591814026518621e-06;2.1137989282816637e-05;1.3687576390773096e-05;1.9036132177968117e-05;1.7181362444127693e-05;2.6148258929093902e-05;8.324293375817536e-06;1.572058730852694e-05;1.4465699110969995e-05;1.1131340749350535e-05;9.790169670509385e-06;8.700235881065055e-06;1.0175392473476815e-05;2.2731891350085328e-05;1.5196340646531397e-05;2.1326257214978e-05;1.81875488285382e-05;2.558020218824408e-05;9.094197729367967e-06;1.6786019404196252e-05;1.5289598068884055e-05;1.1750619648145275e-05;1.067693062706687e-05;9.18997748273416e-06;5.520381761058817e-05;3.1291850762683395e-05;0.00022313093952350244;0.0004386813218117889;0.00010321706109410441;0.00011389426766852755;1.1113143620625765e-06;1.4732066691947577e-05;1.0777715382939246e-05;1.5152269884705306e-06;1.1602818971939003e-05;1.3980265435241366e-05
00:29:03;277;1.449754337427707e-05;1.5424785580094814e-05;5.956961182167949e-05;1.1997764115534437e-05;2.0133717530835714e-05;1.3925936870732999e-05;1.688275455984984e-05;1.3653936609872828e-05;1.6958037549712074e-05;1.9693984403995106e-05;1.634631636384463e-05;1.4345189901570683e-05;7.402324530790917e-06;1.3766940444849173e-05;8.86361341204375e-06;1.2747940603777018e-05;2.126780591309778e-05;1.479330465464287e-05;1.8753812974300443e-05;1.4864923010648028e-05;1.6686632977636484e-05;2.0020016713312508e-05;1.7622538208239418e-05;1.5439370490409452e-05;8.100147469225635e-06;1.5251147200200925e-05;9.549780361915428e-06;4.9851509583731516e-05;6.594486520972227e-05;0.00013398951026144962;0.0002148780848087391;9.198084619585049e-05;0.00010417784002531344;1.5244499027244058e-06;1.9031781389759647e-05;8.38478790403598e-06;1.7913054304254993e-06;1.0589880225288699e-05;1.2690480923113264e-05
00:29:09;278;1.755386678067597e-05;1.8538102981265298e-05;0.00016425806048740645;1.1071235799161885e-05;1.5470819868503646e-05;3.3712279593539115e-05;3.470054407340616e-05;1.665534718917818e-05;1.0558310172179766e-05;1.5250499424594595e-05;1.6509320427747877e-05;2.925859088908179e-05;9.235299539899312e-06;9.102191447270384e-06;9.121955838121597e-06;1.1528101759158514e-05;1.7006676668493532e-05;3.3740463089698904e-05;3.81346113338427e-05;1.6994898919332214e-05;1.032463731324334e-05;1.662238475224121e-05;1.790435128930744e-05;3.0313164010110512e-05;1.0385401880359748e-05;9.816025132888079e-06;9.686511861264656e-06;5.3358816732396855e-05;6.378314092934312e-05;0.0006988201902695429;0.0009162387610073189;9.466481628372933e-05;7.654794688014638e-05;1.1696326361729326e-06;2.9947830718690332e-05;1.1081502179486926e-05;1.0945817973502702e-06;1.0368833225196228e-05;1.4020673189502708e-05
00:29:15;279;1.2961558646586788e-05;1.3956705619351897e-05;7.788255886971789e-05;1.0082957246027036e-05;1.4353873371998237e-05;1.4293135669938486e-05;1.6916153809761042e-05;1.5603618556590185e-05;1.671868500223313e-05;6.7379086313611545e-06;1.5242046476838699e-05;1.3094014651538931e-05;9.721600494313778e-06;1.1855377559170806e-05;1.0919328638372214e-05;1.0751465951319847e-05;1.6337382890648044e-05;1.525468947483769e-05;1.8919563686561362e-05;1.6316285698941343e-05;1.6832810396857595e-05;7.163686376183641e-06;1.6651670101722792e-05;1.4230034611489228e-05;1.0755681983085462e-05;1.2387542045860156e-05;1.187965082425751e-05;5.6620622273487055e-05;4.8335699073501205e-05;0.00021290848008027403;0.00034911815596443217;9.965471348463382e-05;0.00010712996268549359;6.818855017740214e-07;2.0356981627286197e-05;1.2038356499541314e-05;1.683542286428188e-06;1.080250844473206e-05;1.5259798515031188e-05
00:29:21;280;1.2863517917274045e-05;1.3808766980909689e-05;8.010511364524363e-05;8.745142395773861e-06;2.047339928878955e-05;1.7401231181162817e-05;1.4794639233302446e-05;9.347810251111612e-06;8.711780665748847e-06;8.094113490322094e-06;1.2416576543666286e-05;1.875427486456002e-05;9.52237653157278e-06;1.085465168673946e-05;1.5246215430667318e-05;9.311650933053482e-06;2.1685965547004356e-05;1.8208819192641157e-05;1.6981347816678713e-05;1.0376449085061388e-05;8.938599669047015e-06;8.567037443581399e-06;1.3569717097359185e-05;1.9842657452442572e-05;1.0433428456111225e-05;1.1854537775964016e-05;1.5934990947646873e-05;4.466773393753902e-05;3.2847744785499643e-05;0.00023798840547270677;0.0004024530696074031;0.00010151985138510502;9.124230906051505e-05;1.104571358198236e-06;1.3885646187524667e-05;8.407290904210615e-06;1.1764842919201797e-06;1.079460309299589e-05;1.5173653659305079e-05
00:29:27;281;1.4552400186702966e-05;1.5580537756595503e-05;7.062169598602792e-05;1.4975345756986577e-05;1.7234092914784263e-05;2.0310530915294706e-05;1.378569597353486e-05;1.927030105393483e-05;1.6781973374432628e-05;1.3004597188852204e-05;1.2737825126795212e-05;1.2115900752007747e-05;1.483382766891013e-05;9.872411670709301e-06;9.706295646661932e-06;1.547155713950228e-05;1.8684168555663275e-05;2.148300491977421e-05;1.622766172037205e-05;2.0132879554590615e-05;1.6925265011690775e-05;1.3827858212976082e-05;1.4085755894852867e-05;1.3300508783951172e-05;1.6016328060421856e-05;1.0474669470337936e-05;1.0336789141029275e-05;6.588719599305992e-05;5.315324753418723e-05;0.0002930186997686704;0.0002443992432971616;0.00010155494279503129;3.8311216575654735e-05;8.406699457048818e-07;1.3415265040034663e-05;1.0766410178880478e-05;2.2688337963625195e-06;1.0715521122084654e-05;1.3129105785502229e-05
00:29:34;282;1.4879841334515152e-05;1.590604962892698e-05;5.153128354136113e-05;7.992797637967897e-06;1.285094205498312e-05;2.2219247199473102e-05;3.043641331017129e-05;1.0892166180553886e-05;1.2904721512799453e-05;7.656530779407625e-06;1.4652844960494349e-05;1.7457427230996554e-05;1.5400464336194503e-05;1.6875246995017402e-05;9.219288715717704e-06;8.466077435767584e-06;1.426529855317439e-05;2.284483783609452e-05;3.284283858319432e-05;1.1879887609476227e-05;1.3154870303660112e-05;7.9053287191539e-06;1.6013615291003474e-05;1.8776870345828696e-05;1.6370546751503858e-05;1.8559183894168095e-05;9.793232827258733e-06;4.111604541426095e-05;4.1883445509360474e-05;0.00017676357208030303;0.0001769739139702288;8.148603628593576e-05;4.588649954406584e-05;1.3102480804767443e-06;1.4171181565559092e-05;1.3425240118568732e-05;1.6609530371529126e-06;9.674832380319416e-06;1.4023434510102057e-05
00:29:40;283;1.2762596274352621e-05;1.3668142924825013e-05;8.117547176849933e-05;1.2088493619444307e-05;1.0672459544154703e-05;1.4859991805787393e-05;1.5231517372946904e-05;9.45424387827581e-06;1.1366550567841346e-05;5.659719780029801e-06;2.1828262705722327e-05;1.2887325230405043e-05;8.617241664151978e-06;2.1068516411239877e-05;9.41682904260171e-06;1.2405191619454623e-05;1.1838341413726706e-05;1.5868178568872523e-05;1.768416904603408e-05;1.0458570662919982e-05;1.1496766253199158e-05;6.279808752579708e-06;2.2371684361685397e-05;1.4205864674663701e-05;9.45379581394321e-06;2.187548744598333e-05;1.0079852783539675e-05;5.0823081622850065e-05;4.314286049464684e-05;0.00032179775920080375;0.0003600770840596431;0.00010824682543879394;3.435192954385206e-05;1.0165925368690547e-06;1.9340688673617364e-05;1.020619929601136e-05;1.618138625734313e-06;1.0676418698176276e-05;1.2808083030993956e-05
00:29:46;284;1.2765292550201677e-05;1.3685004645755921e-05;4.4907276101906375e-05;6.803656190031275e-06;1.8354917709860853e-05;1.138768145316569e-05;2.2289246629725312e-05;1.1202271940776013e-05;9.391360621371156e-06;6.089850859713021e-06;2.1390035868762425e-05;1.537047848191006e-05;9.271759760116021e-06;9.62780898690467e-06;1.2004438774097666e-05;7.3563118912946415e-06;1.974454228073665e-05;1.2752865678763395e-05;2.4341208516005602e-05;1.1662304972606428e-05;9.654192949768269e-06;6.645700992360421e-06;2.219951421708013e-05;1.6233054960634312e-05;1.0645218711183186e-05;1.055172142974997e-05;1.2433413821436492e-05;4.5053826462411925e-05;4.6630605485083986e-05;9.525123879455419e-05;0.00011441095005008912;0.00011061816107670265;6.931430343078176e-05;1.2606738355858816e-06;1.7329000055838732e-05;1.1713025632290245e-05;2.4575335251491178e-06;1.1724358450669125e-05;1.3123636423719856e-05
00:29:52;285;1.1891446570705904e-05;1.2816206804075857e-05;8.832816405884055e-05;8.628022579867691e-06;1.066977688424231e-05;1.4385008890888622e-05;1.427879713973694e-05;1.0436487724777264e-05;7.12163288534901e-06;6.521974849637115e-06;3.151634318628153e-05;1.1351939475384205e-05;9.325849415052868e-06;9.6799151275594e-06;8.78160739697426e-06;9.36216817731465e-06;1.2433233516990012e-05;1.5654265173251117e-05;1.685978291282516e-05;1.1383613438531167e-05;7.384227259696868e-06;6.931818651410831e-06;3.14197728308684e-05;1.2443688262200212e-05;9.834113301668033e-06;1.0566516991701387e-05;9.521276746155205e-06;4.175692548146337e-05;5.544029740574962e-05;0.00027862702840116715;0.00043155213896656474;0.00011463484949982963;7.039150757605467e-05;1.5076127182835307e-06;3.309801486300807e-05;9.059207419549172e-06;9.541069990704306e-07;1.0947833303780874e-05;1.1968446071565527e-05
00:29:59;286;9.766551272605284e-06;1.085182371246481e-05;7.198125658089875e-05;8.517669770149247e-06;1.0246240218624404e-05;1.2712188516869363e-05;1.3950933091099284e-05;7.750451330097844e-06;6.4572241049115124e-06;1.3071006961240528e-05;1.1374438234926485e-05;1.252046518890831e-05;5.884937963364998e-06;7.34611647472279e-06;7.366939390155122e-06;9.129566743594515e-06;1.1547431975348537e-05;1.3767844059576775e-05;1.6164100514610645e-05;8.966601980537695e-06;7.068522537810157e-06;1.379654250291723e-05;1.2803058757238926e-05;1.40023602962404e-05;6.685332370775713e-06;8.253424237156213e-06;8.037095689866839e-06;4.3972081239444654e-05;5.597796143782163e-05;0.0002497293580492123;0.0003076661437264117;0.00010436091788323068;4.957925963095021e-05;1.2317860156138577e-06;1.6519630139203982e-05;1.017565152284563e-05;1.0041377948395764e-06;1.1308554013919199e-05;1.224959751729124e-05
00:30:05;287;9.009508796060056e-06;9.961200300460427e-06;6.908343543869518e-05;7.831123129035818e-06;9.859182090368987e-06;1.0424538967480533e-05;1.2621609976484002e-05;8.518421988154303e-06;7.218571582257027e-06;6.558679349763255e-06;1.3350019698195451e-05;9.8679129120104e-06;7.741371157201435e-06;6.797225182062696e-06;7.3254461761187235e-06;8.322512753060252e-06;1.0839877827665872e-05;1.1981669656593055e-05;1.4864783184472074e-05;9.231875365118487e-06;7.332551722126332e-06;7.139356808647214e-06;1.465688272886998e-05;1.110446884945592e-05;8.608614567907076e-06;7.652927913885016e-06;7.798878500522467e-06;5.1969743668280416e-05;3.984589251496876e-05;0.00021205406765608477;0.00028965986135584873;0.00011762927964631542;6.850805814421843e-05;1.1855088093664104e-06;1.6248484573682735e-05;7.84097218252343e-06;1.860943419253237e-06;1.1137658482189135e-05;1.106075481161084e-05
00:30:11;288;9.376029804028265e-06;1.0386675299580734e-05;8.630711659420388e-05;9.596767663372868e-06;1.0555702885348886e-05;1.1319249282528496e-05;1.2379834256070023e-05;7.4298490579332626e-06;7.3057428066776575e-06;5.596076502391932e-06;1.1299906666615492e-05;1.4166443335739132e-05;6.453749077776778e-06;8.310505508807802e-06;8.098527182198723e-06;1.0239278173132703e-05;1.2089278531180476e-05;1.2803760253956181e-05;1.4590355586054251e-05;8.224772641427346e-06;7.455322662004803e-06;6.42539253367201e-06;1.2716401042895615e-05;1.5152398905056658e-05;7.1517160328847795e-06;9.162841677929855e-06;8.628581804547554e-06;3.962144195496705e-05;6.559854316479341e-05;0.00031763195979980313;0.0004024973724700059;9.665498918513865e-05;6.148602235369641e-05;1.5750897594056491e-06;1.5807048585354957e-05;1.0404577236692045e-05;1.3457997902414162e-06;1.1806182843677284e-05;1.1256371986670391e-05
00:30:17;289;9.462170775071337e-06;1.0439588860910728e-05;5.0251165908376166e-05;7.531076367942288e-06;1.0590189434884161e-05;1.8876651709702358e-05;1.3540741575597663e-05;8.950566146510978e-06;6.728169621923867e-06;7.10223776904813e-06;1.0637334309070535e-05;1.0164584735925722e-05;5.951143536590693e-06;7.042339769921827e-06;6.43101072806861e-06;8.284843848350302e-06;1.2009588110369713e-05;1.9557573932040293e-05;1.5770411952376613e-05;9.934205781053007e-06;7.092306445941441e-06;7.610144108829319e-06;1.2127506136183208e-05;1.129713469317376e-05;6.628616712895322e-06;7.946987266280568e-06;7.015743368713088e-06;3.7499430787256176e-05;4.461563511791862e-05;0.00011899850168040826;0.00012478855820467234;0.00011274169787447853;0.00011401715263409098;2.3129217035423768e-06;1.53673863617975e-05;8.622187525103786e-06;2.635783943115971e-06;1.1525069255304388e-05;9.889665812824999e-06
00:30:24;290;9.175404794735766e-06;1.0193848538619932e-05;4.269112052720687e-05;6.973294539136532e-06;9.440921302102238e-06;1.1782674276100186e-05;1.3884729935656734e-05;7.943039493857833e-06;6.40164938658927e-06;8.757956223671602e-06;1.172839818960628e-05;1.0245787788288784e-05;1.0578902975763329e-05;6.471970385229559e-06;5.895529242975912e-06;7.202682596310101e-06;1.0694357057863144e-05;1.3291822177029356e-05;1.605950351807258e-05;8.855490025930119e-06;6.730080672874649e-06;9.315433910068108e-06;1.2797303808631252e-05;1.1528211053942708e-05;1.1766577630669993e-05;7.371496014710356e-06;6.713220506143547e-06;4.369973184100881e-05;4.567803576750759e-05;0.0001117880622101012;9.218668430970954e-05;0.00010516316972239878;5.874937696094427e-05;1.8469456120976946e-06;1.8593654313104305e-05;7.942398882384203e-06;3.805343186586056e-06;1.1753126198891575e-05;1.1086917321748377e-05
00:30:30;291;9.830606839758813e-06;1.092304427390756e-05;6.969974872732806e-05;7.001668626054942e-06;1.0702982584250135e-05;1.1513292366513186e-05;1.3340273308156982e-05;1.6720376320026016e-05;6.262880690661115e-06;9.811032802660561e-06;1.2481865982491316e-05;1.1126256097782061e-05;5.668215242141369e-06;6.498389728387172e-06;6.840044571147659e-06;7.663638894836701e-06;1.201818801596749e-05;1.3023515161358209e-05;1.5749169080341353e-05;1.7734100892303565e-05;6.605616478357005e-06;1.0439426435518324e-05;1.3728575658770072e-05;1.2756962077437954e-05;6.4627892577017165e-06;7.466510603852022e-06;7.428034545619429e-06;4.7166435915411036e-05;4.957155174504598e-05;0.00022533994314500634;0.0002834205081572307;0.00011334176323403034;6.925393720942329e-05;8.391507793026716e-07;1.4427206482861385e-05;8.96212154597635e-06;1.174014851724805e-06;1.1565308808953449e-05;1.133504285297016e-05
00:30:36;292;8.46066171659872e-06;9.514041514332256e-06;7.739059839306809e-05;7.2778317213559065e-06;1.0846894406184179e-05;1.0202148695787566e-05;1.2028601960620025e-05;7.771912454369488e-06;6.809100061001448e-06;6.570994099387338e-06;1.070511570201337e-05;1.0489615240901044e-05;5.6867374276237115e-06;7.745162894226807e-06;5.393822476985509e-06;7.881810976373977e-06;1.2313122618862404e-05;1.1747353485738638e-05;1.4375484198940803e-05;8.677356767800085e-06;6.972659580069491e-06;7.280164173964663e-06;1.2062532283679605e-05;1.1629467516735232e-05;6.4284440236694045e-06;8.657241306548403e-06;6.142858010322545e-06;4.7658609417419926e-05;4.541408529865691e-05;0.00022351300059408644;0.00036737709537908555;0.00010636848905415502;8.834180750766673e-05;1.4523433598611935e-06;1.6893223287607414e-05;7.608823382397657e-06;2.2247926782030386e-06;1.0972068959719805e-05;1.0862841797957377e-05
00:30:42;293;7.990108631294003e-06;9.065837753329521e-06;8.604655035807968e-05;6.316523262419403e-06;1.0254760377263624e-05;1.0541994264201549e-05;1.2525065321385268e-05;7.079134439374519e-06;7.17777111444465e-06;4.975120122581571e-06;1.0097996744078005e-05;1.007495427077484e-05;5.278016482696495e-06;6.025685833451049e-06;5.534278017517057e-06;6.9253316401563665e-06;1.1579039690769616e-05;1.1884142231447416e-05;1.4848381949918746e-05;8.38996050598452e-06;7.348581428093986e-06;5.5996718090889635e-06;1.167103584544126e-05;1.1364236746010625e-05;6.063988034320918e-06;6.8359818157395115e-06;6.27969825185159e-06;5.2190354864541533e-05;4.701977021415196e-05;0.000267414638084386;0.00042575182283592747;0.00011161918954616224;7.717298222206644e-05;1.27078259331797e-06;1.772829991773147e-05;8.113205734668593e-06;1.7325215671268537e-06;1.1522976452205929e-05;1.1022060264669186e-05
00:30:49;294;7.92656776191982e-06;8.947461986891436e-06;6.848104387375394e-05;5.715961464470741e-06;9.775703529416289e-06;9.428640236886952e-06;1.3505357452329877e-05;6.972272019693677e-06;5.980498070101703e-06;6.006538560269932e-06;1.0893546228952676e-05;9.784755375557614e-06;5.189593692798346e-06;6.149535837481195e-06;5.716407296125164e-06;6.360480192942984e-06;1.1187520221592652e-05;1.088671810572998e-05;1.5698480131539305e-05;8.098537240515771e-06;6.2340137343267955e-06;6.55717262010443e-06;1.2305715734305235e-05;1.0986967873013552e-05;5.793441865719189e-06;7.043988026004017e-06;6.216504988503713e-06;4.843649103169475e-05;4.755658369463471e-05;0.00022568943195912835;0.0002801656981621095;0.0001059777631699363;6.507033975589377e-05;1.0614588971748475e-06;1.418255870282177e-05;8.7971136063423e-06;1.7962571831748808e-06;1.1333755743513107e-05;1.170507457862291e-05
00:30:55;295;7.92787220727963e-06;8.951034217290403e-06;7.982683826410489e-05;6.209551452746547e-06;8.419353781102307e-06;9.764849996878928e-06;1.2539161438305449e-05;8.381801409546535e-06;5.996833815141207e-06;5.743414232125846e-06;1.0090812810791373e-05;9.248725822368959e-06;5.3553716661269846e-06;6.1170457667261955e-06;7.267541156672698e-06;6.740039950699023e-06;9.791060447356888e-06;1.1242933828437839e-05;1.4871485360299054e-05;9.259005189131684e-06;6.281339872519403e-06;6.2642587791639085e-06;1.1480636658234289e-05;1.0491626469473299e-05;6.039574865225623e-06;7.027246444718175e-06;7.923199449624583e-06;5.254114417201825e-05;5.613281781766361e-05;0.00028788249089356114;0.00034188327779382046;0.00010264973349380341;6.598213007976177e-05;1.2568977395018955e-06;1.5875583134027607e-05;9.286447763634886e-06;1.6410169399719754e-06;1.1381203010234274e-05;1.1409316331259603e-05
00:31:01;296;7.531550564785696e-06;8.610283559760376e-06;7.72808061024245e-05;5.885060506794947e-06;8.66419144914103e-06;1.029087393789041e-05;1.1770143696051862e-05;6.3334741410999e-06;5.622792308524925e-06;5.711768018879969e-06;1.0594688486843427e-05;8.751185032064189e-06;5.182200086424742e-06;6.3749641861156965e-06;5.197262666779455e-06;6.547692700672697e-06;1.00469811698105e-05;1.188536387278965e-05;1.3948463617188154e-05;7.378245769198461e-06;5.930285163841187e-06;6.382855431932317e-06;1.1932314055805283e-05;1.0101411561076411e-05;5.881792408735801e-06;7.344177159706582e-06;5.943815353872841e-06;5.15644747950303e-05;5.28237880875949e-05;0.00027981377842998655;0.0003306561295753149;0.00010439551500073416;5.642825863724895e-05;1.5329742295122777e-06;1.6401964100808133e-05;8.923455245133155e-06;1.7077237885590854e-06;1.1577902253221808e-05;1.1543709085950062e-05
00:31:07;297;7.214078567327223e-06;8.234856931600997e-06;7.575776208497627e-05;5.811560612301037e-06;8.299063741193633e-06;9.307793917592086e-06;1.1653153311964491e-05;6.666472955239235e-06;5.651564850045981e-06;4.4658280428806885e-06;1.0262567423586171e-05;8.828753897980526e-06;4.790591373775173e-06;5.827620898331403e-06;5.003969830335626e-06;6.448238194405095e-06;9.583504177936458e-06;1.0815035682155006e-05;1.3766106441167561e-05;7.576476439715384e-06;5.887684656505671e-06;5.096840224516338e-06;1.1557173129864467e-05;1.0116300587999174e-05;5.559055885390114e-06;6.6857989818517924e-06;5.7260647252728115e-06;4.9470373871369904e-05;5.0609759293929485e-05;0.00025134875334431345;0.0003385501728058596;0.00010436851171241458;6.356545528440672e-05;1.3551776286323756e-06;1.6847651342042306e-05;8.667561730762818e-06;1.5389587394522482e-06;1.153382020499065e-05;1.1236949061541058e-05
00:31:14;298;7.304198834777832e-06;8.368213077372712e-06;7.236175265358808e-05;5.482896855888632e-06;8.062546159754385e-06;9.0767648195176e-06;1.188212238063939e-05;6.218071925639441e-06;5.517370832693174e-06;5.729250264672394e-06;1.0326105517967996e-05;8.796735398613526e-06;5.485979819106681e-06;5.753077416156574e-06;5.319462507651968e-06;6.2076104641855175e-06;9.427569158462944e-06;1.0589109076101544e-05;1.4054517641507349e-05;7.261065522033266e-06;5.812616480605218e-06;6.40669668140203e-06;1.178935855034668e-05;1.008971568370714e-05;6.193164959837258e-06;6.581584013382539e-06;6.005545349615181e-06;5.040214376739483e-05;5.210981253182913e-05;0.00022795001696478007;0.00030995421556725;0.0001048588887780011;7.233298127494499e-05;1.2771043410387143e-06;1.623726603549288e-05;8.902564525215293e-06;1.7071922712968249e-06;1.1234726285320365e-05;1.1374119500492763e-05
00:31:20;299;7.210575300963352e-06;8.25016210415648e-06;7.436582908948711e-05;5.590627732552568e-06;8.07511476029855e-06;9.478817582801598e-06;1.160052457940062e-05;6.308734250317436e-06;5.636941767826122e-06;4.849924096106406e-06;9.881888396214642e-06;8.787607611602446e-06;5.30728546363238e-06;5.6035324253013066e-06;5.405902993774444e-06;6.266463647598012e-06;9.400688702930605e-06;1.0877210915847932e-05;1.377467079588383e-05;7.332646338356794e-06;5.847547014772191e-06;5.4970655122516184e-06;1.1369645942724236e-05;1.0047307546013638e-05;6.035868714609967e-06;6.457718197303114e-06;6.095108473564784e-06;5.28034505314019e-05;5.2446020636966114e-05;0.00024465410036183697;0.0003187358126211175;0.0001047023201602846;6.818431188175528e-05;1.185827836749869e-06;1.626380116815656e-05;9.046044573657571e-06;1.6697881856314973e-06;1.1321111945947496e-05;1.1377359170339818e-05
00:31:26;300;7.158743930414278e-06;8.212939841933239e-06;7.47675896529531e-05;5.573812007497736e-06;8.101466131646165e-06;9.418847779779133e-06;1.1623029070438985e-05;6.396432323767116e-06;5.545892039099892e-06;4.708471479052502e-06;9.873777140708997e-06;8.71279698150767e-06;5.144882915172647e-06;5.557789305625378e-06;5.247727973056726e-06;6.205956030003741e-06;9.38966040042873e-06;1.0869596770112079e-05;1.3785243602716393e-05;7.4376528492750734e-06;5.850810014094407e-06;5.341822491607649e-06;1.1269710411616422e-05;1.0074779610580595e-05;5.8606582673677664e-06;6.504517363904183e-06;5.964866357063801e-06;5.2055674829055424e-05;5.179138735569138e-05;0.00024950155318601117;0.0003203369646184988;0.00010663992148793598;6.657962120694073e-05;1.222251153511456e-06;1.5851952458601302e-05;8.884017745890369e-06;1.6064782902544347e-06;1.1338546005026455e-05;1.1402707498019646e-05
00:31:32;301;1.6577350539715884e-05;1.743117036888099e-05;9.947106697010185e-05;1.1201333560574188e-05;4.402821907299106e-05;2.531538232569181e-05;1.718668875644818e-05;1.397318930752466e-05;1.3893850149574147e-05;7.151589640647609e-06;1.906582329395819e-05;1.6360145441364114e-05;9.151572407843519e-06;1.0274939866212145e-05;1.1325466624482901e-05;1.1874027205533511e-05;4.5232746777378166e-05;2.608890945684604e-05;1.9701493409782046e-05;1.4981237919654851e-05;1.3345076614671057e-05;7.5321404495563125e-06;1.982744755809154e-05;1.7827805889662814e-05;1.0095931377725697e-05;1.060302692385909e-05;1.2064194212558228e-05;5.842090171616411e-05;3.357632602273712e-05;0.000330749315911316;0.000485434019591369;0.00011165282103308591;0.0001185808259761907;7.704012683573764e-07;1.6494907249202483e-05;1.058147500019711e-05;1.1608827639583725e-06;1.102953294909813e-05;1.520139415954616e-05
00:31:39;302;1.2454255344674824e-05;1.3431406024452211e-05;9.023926101534963e-05;9.652220411220986e-06;1.1615130884737566e-05;1.721342248634466e-05;1.4107583573583973e-05;1.0188597667851438e-05;1.2202054640717755e-05;6.5618122413659625e-06;1.4502345311226152e-05;1.740363550404502e-05;7.296601793236525e-06;2.080950850246278e-05;7.898147486493848e-06;9.95173684115591e-06;1.3117777206953409e-05;1.8480100981280344e-05;1.645644735180201e-05;1.1695125942447081e-05;1.2100862270155538e-05;7.253797666405113e-06;1.575734709552342e-05;1.8143301991885087e-05;8.015542576524954e-06;2.1939141069070282e-05;8.265686994514287e-06;5.244529246646943e-05;5.0986861369173616e-05;0.0004118881501199968;0.0003832916213033809;9.314725222899635e-05;4.153238551909889e-05;1.0263589870218638e-06;1.5187495098660534e-05;7.635695064975975e-06;1.791155815853135e-06;1.1109544184620825e-05;1.2829320025947186e-05
00:31:45;303;1.327422246142553e-05;1.4143413230883624e-05;4.554162236557852e-05;9.292420780969802e-06;1.7238856948800027e-05;1.850365599280353e-05;2.3984916996834148e-05;1.003928985002486e-05;1.2135051383795185e-05;8.968057661656365e-06;1.3081978155779241e-05;1.4311079293737418e-05;1.449154618817581e-05;9.902258753413662e-06;7.34155392414302e-06;9.555173118648863e-06;1.8695017630145942e-05;1.9236644232167443e-05;2.6087060523192882e-05;1.0843124254613112e-05;1.202241545095465e-05;9.004436551434463e-06;1.4533764995207946e-05;1.5799407023384644e-05;1.5239593370937701e-05;1.0602344618631303e-05;8.101973475553493e-06;3.804123404364499e-05;4.8933123638326655e-05;9.905898717730492e-05;0.0001240706657331765;9.93226382251292e-05;8.796671842597598e-05;1.798781094088822e-06;1.365820798239814e-05;9.29712368735281e-06;1.0985236094791264e-06;1.1248911582998785e-05;1.2004553187066295e-05
00:31:51;304;1.3177779298313329e-05;1.4087085035015075e-05;5.1922140913496206e-05;9.095687937458893e-06;1.0885867172047172e-05;1.2761474751114706e-05;1.527699246266097e-05;2.9850174823567695e-05;1.0874570529557042e-05;1.615571277242948e-05;1.5676430498439746e-05;1.3340643936937175e-05;8.041048754524706e-06;8.398344232577157e-06;7.776399842446773e-06;9.898827648854261e-06;1.2058052941685236e-05;1.3934214344956246e-05;1.7488228416978822e-05;2.949535572250032e-05;1.0778492772179917e-05;1.707867202732146e-05;1.7003836903682043e-05;1.4434342649363753e-05;9.076230324791152e-06;9.314031886569403e-06;8.484730936092828e-06;5.280239401363916e-05;4.7550034369055376e-05;0.00015659838545449846;0.00014129917740219832;0.00013403860192429083;4.061051512627708e-05;2.5483082098863703e-06;1.2537049110151232e-05;9.169351061466111e-06;2.612419888953053e-06;1.0681405351286179e-05;1.2618049050252585e-05
00:31:57;305;1.545254117212897e-05;1.6271906605640964e-05;0.00012236617114801514;8.91652584946521e-06;1.478493100199268e-05;2.053812395982649e-05;1.770390401325337e-05;1.2406673410484101e-05;1.068112491705878e-05;1.013995686866503e-05;2.5865607111344698e-05;3.187289817415976e-05;9.724250727639504e-06;1.3905586798883137e-05;8.890905535514031e-06;9.245907262360376e-06;1.5674696269458385e-05;2.1924440192424875e-05;2.0054462604807496e-05;1.2459176087770774e-05;1.0921017856392759e-05;1.0688030917801278e-05;2.598750668053244e-05;3.3185359652749485e-05;1.078027500763618e-05;1.4884140771847584e-05;9.45785913694336e-06;5.3661869506960736e-05;6.723869016696019e-05;0.0005849975513787055;0.0005569242936084972;9.877187916458619e-05;5.9684537289635966e-05;6.160465026618734e-07;1.497712940007268e-05;8.735275426485127e-06;1.3781552485573935e-06;1.028865631267431e-05;1.1119969770384623e-05
00:32:04;306;1.4993822798136204e-05;1.5854880098519474e-05;8.37953416309959e-05;9.541259889803397e-06;1.3271036007335045e-05;2.1644178918801448e-05;2.144952596758933e-05;1.0030031201712188e-05;3.3569263773746236e-05;1.192255700033229e-05;1.4258043925317246e-05;1.3587067912949765e-05;1.1789156539391984e-05;8.08046535251027e-06;1.078328211886773e-05;1.0121420352414687e-05;1.4440022461045213e-05;2.2794791635257027e-05;2.3307269047212615e-05;1.0562174148744126e-05;3.32858223454066e-05;1.2642162306016146e-05;1.540441367011871e-05;1.477858722289137e-05;1.2586806227588994e-05;8.839846958824038e-06;1.1495241134197605e-05;5.616289446147071e-05;4.1079388242657916e-05;0.0004903799211484743;0.00024831423813710993;7.892845714939256e-05;2.1496429767750168e-05;6.328887510539406e-07;2.5002135561529615e-05;1.4557907635919192e-05;1.1160643300849913e-06;1.0783630935106979e-05;1.709014345140068e-05
00:32:10;307;1.943762522154719e-05;2.0252031805008485e-05;5.745367713520144e-05;1.1937028145584092e-05;6.0116384955480583e-05;2.7443327487669027e-05;1.4881755559899416e-05;1.0734865616706719e-05;1.4414284283826749e-05;2.4488144150196106e-05;1.439063215064545e-05;1.9572468697891633e-05;1.2015798860948673e-05;1.34638673065462e-05;9.7929381510653e-06;1.2424300321878104e-05;6.143964080215886e-05;2.7221280302173795e-05;1.692739905466405e-05;1.1661636683958378e-05;1.4058437816948995e-05;2.4717487876036033e-05;1.554097403480032e-05;2.0781882522908433e-05;1.3521497564823544e-05;1.4173759949169582e-05;1.0556077610044092e-05;5.0446989283602673e-05;2.806162045595253e-05;0.00011803887691799952;0.00019182551204678354;0.0001103229274855178;0.0001311694420916584;4.430697998705169e-06;1.8029630187802427e-05;1.1353605720918287e-05;3.0590067405626274e-06;1.1238452487196866e-05;1.1467364205717174e-05
00:32:16;308;1.877871238129749e-05;1.9580320359993862e-05;3.959905112066326e-05;4.343344567494321e-05;1.7467611992959643e-05;1.4534036583055157e-05;2.5936965324097567e-05;1.093467556501082e-05;9.885871704604845e-06;7.070266720047997e-06;3.158822392182711e-05;1.8169112338610333e-05;9.364206739803649e-06;2.392936156070391e-05;1.3030763466562432e-05;4.4221939477418206e-05;1.9131467743596958e-05;1.5471239933078e-05;2.7820425444427004e-05;1.2663458590718101e-05;9.934328082187065e-06;7.693507791660937e-06;3.207809978344882e-05;1.857248290561293e-05;9.912166758654109e-06;2.4118127977907292e-05;1.3346589392174884e-05;5.983550906674446e-05;3.8844184851502245e-05;8.537927598558307e-05;7.392235308959511e-05;0.0001076335139244321;5.834941390562743e-05;1.0254042798227353e-06;1.3037426449278341e-05;1.0569902965430524e-05;1.5192474187405362e-06;1.1823346480994227e-05;1.3249035030208272e-05
00:32:22;309;1.1011073394487623e-05;1.1990213144737844e-05;8.293750378736784e-05;1.1006705690874696e-05;9.775862482347913e-06;1.4381365237428865e-05;1.2952940087467885e-05;9.224600854002512e-06;8.053203019513107e-06;1.631231908047229e-05;1.2225892511062078e-05;1.2931091158014334e-05;7.4505024685513695e-06;1.0564628078539458e-05;7.2537662509313865e-06;1.1400321144017514e-05;1.0877095905062227e-05;1.586843563352057e-05;1.5059001777410253e-05;1.0312759344097812e-05;8.086087009245073e-06;1.699738775733991e-05;1.3510575373874406e-05;1.4333713979679867e-05;8.183530162223409e-06;1.1136327545120619e-05;8.117317911801134e-06;6.605024438019762e-05;4.6433990718082856e-05;0.00029799263095244585;0.00034998471220140274;0.00010861499801757807;7.238955410135149e-05;1.3025303881222524e-06;1.861021726180782e-05;8.694884646616224e-06;1.3415727896393388e-06;1.1504787525798109e-05;1.2329922465372016e-05
00:32:29;310;1.3051000085407726e-05;1.40286022807358e-05;5.9033121714484576e-05;9.776869196090585e-06;1.1709433113470492e-05;1.2543400812732711e-05;1.4511488018342789e-05;1.6393893995376114e-05;1.396033397327301e-05;6.878027790303452e-06;1.1745627552593099e-05;1.1236482649869892e-05;1.3462494123928082e-05;7.649746481516475e-06;2.6744199588661516e-05;1.0733812319536994e-05;1.3177712838724698e-05;1.4081109758437747e-05;1.6447640018092977e-05;1.661432237528107e-05;1.3640905722874052e-05;7.353232820006971e-06;1.2939515600700809e-05;1.2616205384790502e-05;1.4373674759231626e-05;8.711622884427787e-06;2.7653469571098094e-05;4.8359052755040715e-05;4.6871426391852516e-05;0.00020589916780975806;0.00021332856915807772;0.00010313778381678825;3.94046540475644e-05;9.875399883207168e-07;1.693726063349656e-05;7.730723678549132e-06;2.001692529194656e-06;1.1022429111292466e-05;1.2717160653879735e-05
00:32:35;311;1.0495576815246336e-05;1.1385357814831394e-05;8.151643182706529e-05;8.578791257333892e-06;1.3147978123775125e-05;1.2304634198818059e-05;1.3290922343468413e-05;1.0685548577204042e-05;9.109650903515e-06;5.6107665099861235e-06;1.2921928243062295e-05;1.1016938942857864e-05;1.2591589830115233e-05;9.700565766091916e-06;6.9876039687373615e-06;9.007764265909746e-06;1.4328239915271354e-05;1.3345825370575031e-05;1.5427485202134093e-05;1.1639599728069594e-05;9.562017555564828e-06;6.191321155043463e-06;1.3906937574229463e-05;1.2166471571640901e-05;1.294321579355054e-05;1.0393222441098835e-05;7.712189523737856e-06;5.3182011652423973e-05;5.2425739035995555e-05;0.0002461473743014546;0.0003766465229126604;0.00010875142922060589;7.768087557286123e-05;2.3021803981549837e-06;2.636195005773348e-05;9.699708991610604e-06;2.752607342662803e-06;1.16823025326803e-05;1.0564479905939958e-05
00:32:41;312;9.532186834607357e-06;1.0416877730561662e-05;7.961167760957265e-05;8.31035562110959e-06;1.0457582688290627e-05;1.0683303308021344e-05;1.3731032290500231e-05;1.2382507996087291e-05;7.167032986966536e-06;6.431053495474388e-06;1.1063262712566898e-05;1.2122688577743578e-05;7.1431557945412685e-06;8.437173181360693e-06;6.457089636959588e-06;8.491593925549452e-06;1.1894004815018623e-05;1.1741128495302718e-05;1.592774998830982e-05;1.3313779411102495e-05;7.295696938934823e-06;6.875832319058679e-06;1.2539329136301074e-05;1.2909979679672596e-05;7.940776879566535e-06;9.106616191643355e-06;6.966041066242482e-06;4.9629172632943234e-05;4.868039746575686e-05;0.00024993175393114224;0.0003526742459664069;0.00011133830976105999;8.409170409527918e-05;1.1772533898775443e-06;2.22537386827394e-05;1.0186056901743802e-05;1.9558699831197334e-06;1.134031089929767e-05;1.2081317605505238e-05
00:32:47;313;1.0313641942099656e-05;1.1435329770968484e-05;4.311965890346533e-05;6.75714674517022e-06;1.0139300314904176e-05;1.04863140754994e-05;1.5155297980775437e-05;7.9373482648748e-06;7.111013641682782e-06;7.641996472720145e-06;1.2661549302027776e-05;1.236401271142995e-05;1.072060248284081e-05;1.0833438854521402e-05;1.195567925678502e-05;7.396603398808997e-06;1.1313417232912211e-05;1.1707669428584336e-05;1.73856796658284e-05;9.032253360543753e-06;7.282231953341361e-06;8.660862384871668e-06;1.390030757659277e-05;1.3840127544023709e-05;1.2165561029293333e-05;1.1976245234477631e-05;1.2562993716424967e-05;6.253888862075244e-05;4.3074681404226895e-05;0.0001158529994003805;0.00010174317648242127;9.460524542267287e-05;4.664680109737979e-05;1.8769722289784393e-06;1.662399128024579e-05;9.864448918816838e-06;1.7767414735995126e-06;1.1169538164863665e-05;1.166242234724588e-05
00:32:54;314;1.2105001325515083e-05;1.3189182821786491e-05;5.3658795669796346e-05;1.6503466989609645e-05;1.5688172581462823e-05;1.119367219166117e-05;2.1779465200211234e-05;1.0733189987697436e-05;8.703339050503638e-06;5.75272158895049e-06;1.3764581411960949e-05;1.1597863813247757e-05;6.4700966061986325e-06;1.0548567580315193e-05;1.2524875804134892e-05;1.707412586624799e-05;1.754036485538022e-05;1.2715626372148937e-05;2.3453948023980276e-05;1.1796173820112938e-05;9.046327670171483e-06;6.588733525329845e-06;1.5229366448394e-05;1.275983206280124e-05;7.293587714229943e-06;1.1366276696576336e-05;1.3405827527854346e-05;5.838200670511953e-05;4.952474077815079e-05;0.00016213547443110363;0.00014700570000319868;0.00012096812064764565;5.632017730459076e-05;8.859697467821808e-07;1.4656285622914273e-05;8.743539242024117e-06;1.375995779476556e-06;1.1251712280304745e-05;1.265582549624527e-05
00:33:00;315;1.1040193200528847e-05;1.2198626284805846e-05;5.9992629594896966e-05;7.5592850734551575e-06;9.95797593038684e-06;1.5548803086124447e-05;1.4984221225104607e-05;7.688623173281298e-06;7.65000398091202e-06;7.937137554718406e-06;1.3569794867733394e-05;1.9743497296851523e-05;1.2824643808332068e-05;7.853270029107245e-06;7.165058643853296e-06;8.117455700248453e-06;1.1312683719678936e-05;1.699165446391621e-05;1.7205554274680046e-05;8.609141959708193e-06;7.948337664442355e-06;8.422974559247841e-06;1.520539401006985e-05;2.1751380354774632e-05;1.4328303130909423e-05;8.702099001288555e-06;7.788532405391357e-06;5.4961692294156725e-05;6.456662397261592e-05;0.00019389309624388845;0.00020639941471657484;9.729577902245921e-05;5.713225569302847e-05;8.358656559760709e-07;1.3840855261206503e-05;7.392237363923504e-06;8.716963800619703e-07;1.0643283428788182e-05;1.2078755106083904e-05
00:33:06;316;1.2330584539199663e-05;1.3200128924387471e-05;6.425980594589236e-05;8.233488613481912e-06;8.91031340444215e-06;2.409651612305714e-05;1.2858277094871731e-05;9.806081795137413e-06;1.0957544196282305e-05;9.104382036959826e-06;2.7274939722846366e-05;1.0295954342351168e-05;6.959663273484941e-06;1.2780884555302857e-05;6.688965657727667e-06;8.662865414557525e-06;1.0179511419561163e-05;2.459865624552572e-05;1.507279545035953e-05;1.1019771643043009e-05;1.1097152315714187e-05;9.673912567841743e-06;2.8623194350673864e-05;1.1198337198971164e-05;7.638032485961567e-06;1.3244252484214428e-05;7.3930625949057535e-06;5.371120983618883e-05;4.480162544805633e-05;0.00013241502240340575;0.00021338419013166793;0.00011617486973487586;0.0001407940905051121;2.185310456380618e-06;3.459849825179592e-05;7.462921132577755e-06;3.1582213352784037e-06;1.1897405750230835e-05;1.053430636513807e-05
00:33:12;317;9.364135112574248e-06;1.035325981953249e-05;6.242267176713552e-05;7.678237314805033e-06;9.544776238550929e-06;1.056815843918974e-05;1.6128349657988522e-05;7.97321530399131e-06;6.669812281307424e-06;5.748247766748901e-06;1.4209699800331196e-05;9.720420551544025e-06;5.9889809359054364e-06;8.865073766628484e-06;9.274645475701702e-06;8.095718063095429e-06;1.0970702141658197e-05;1.1576083712106648e-05;1.8480300103057076e-05;9.207408731549837e-06;7.048032704362781e-06;6.138964328231309e-06;1.552390507571591e-05;1.0832355178248275e-05;6.942226868483851e-06;9.821270775975353e-06;9.60214743205557e-06;5.4148483021532735e-05;5.609248885031126e-05;0.00017761577831868503;0.0002444727496384233;9.311736837301086e-05;6.815462021351452e-05;1.8495742082700467e-06;2.116304644941875e-05;7.669430695256974e-06;1.2043089062920343e-06;1.1837106792230368e-05;1.1747105738680362e-05
00:33:19;318;8.225179286114326e-06;9.215207487441263e-06;7.670246452594702e-05;1.0186101422701457e-05;8.715514903072249e-06;1.0807672511119067e-05;1.1604671233814399e-05;7.270424202232562e-06;5.817455144678392e-06;4.828465600842884e-06;1.1336983585605056e-05;9.44336215915407e-06;5.328791815564025e-06;6.628288481313017e-06;6.734417185198667e-06;1.1099686300348125e-05;9.795373622366725e-06;1.202287260443709e-05;1.371649363182435e-05;7.896099446100645e-06;6.1565479836069325e-06;5.361782253698315e-06;1.2933930819703096e-05;1.075277420188539e-05;6.20173200849986e-06;7.405753243617681e-06;7.239440630563635e-06;5.200466356858712e-05;5.213641120242308e-05;0.00025252192568782735;0.0003431684403944619;0.0001025141116953217;6.671591675916705e-05;9.361955027829195e-07;1.898814414164129e-05;8.02241413716171e-06;1.413062986372313e-06;1.039632654267817e-05;1.161196169293942e-05
00:33:25;319;1.0001675152890046e-05;1.109196495511967e-05;0.00010341156451558162;8.859373845123999e-06;1.1739367518001389e-05;1.1760032131617622e-05;1.7112435790006035e-05;1.142691312982048e-05;9.220072977908247e-06;4.9302603940436605e-06;1.1454108700222191e-05;1.0757220141241222e-05;7.736428411998407e-06;6.8877659519340675e-06;8.136118968205995e-06;9.557851655377426e-06;1.318476665513612e-05;1.2971144309331872e-05;1.9747173471934062e-05;1.2476539936121494e-05;9.404669238887713e-06;5.575422121666312e-06;1.2968688690905971e-05;1.1957323433215365e-05;8.525674735509814e-06;7.859719833596742e-06;8.874601675576937e-06;5.1025703587561314e-05;5.370459316607998e-05;0.0003967755385544327;0.0004960649983312346;0.00011564652403922235;7.767624546037806e-05;1.104190927926397e-06;1.5037614901988768e-05;8.004844600040553e-06;2.203655765232913e-06;1.114607601427204e-05;1.2548788838609962e-05
00:33:31;320;7.580472222137112e-06;8.584046255133285e-06;6.135403236956353e-05;8.75658230305796e-06;8.365845514840037e-06;9.359132672738145e-06;1.13435428433077e-05;7.064435406918661e-06;6.261145535288196e-06;4.799496256101644e-06;1.0096529719434825e-05;8.712039212226005e-06;4.981684408665966e-06;5.809414807151308e-06;5.415815432159703e-06;9.251028793958632e-06;9.584447755664367e-06;1.0681168250697208e-05;1.3492093347838218e-05;8.12542879418599e-06;6.594885212219692e-06;5.361873027601477e-06;1.1425354398541665e-05;9.955637750276246e-06;5.680627714067254e-06;6.809051585519285e-06;6.046955184478687e-06;4.704293232666937e-05;4.943813496400401e-05;0.00013739569653601616;0.0002526872971292212;0.00010916113600959335;8.957603663480658e-05;1.5788988755420785e-06;1.8585275684573957e-05;7.241831142695707e-06;1.8360373214401425e-06;1.153834202455637e-05;1.0166769785643393e-05
00:33:37;321;8.24758778605883e-06;9.26391803198995e-06;6.816196616411106e-05;6.085573991237487e-06;9.888192300360805e-06;9.44862687064911e-06;1.1635562024991941e-05;7.804368233040163e-06;7.403234752184124e-06;4.438645688573863e-06;1.198177929818588e-05;1.050685323181452e-05;7.971729886303468e-06;6.210070840107949e-06;5.5964128749379105e-06;6.762225882395589e-06;1.1116625253496842e-05;1.0655010958578692e-05;1.387826544291611e-05;8.57958024471948e-06;7.608377018186729e-06;5.012112970240496e-06;1.3259634330627048e-05;1.187502418441552e-05;8.849850698275479e-06;7.2054027827153394e-06;6.364902138914117e-06;5.622968915305973e-05;5.188386399905303e-05;0.00019267644046232086;0.00028399294673418253;0.00010540248551042409;7.470940376301776e-05;9.386133716670927e-07;1.9480421412453036e-05;7.98120609048895e-06;2.03899255475628e-06;1.1057849909849822e-05;1.1551681008059818e-05
00:33:44;322;7.425282729203983e-06;8.405456540032578e-06;6.703610348436307e-05;5.8791479666808755e-06;8.12134956295164e-06;9.059756844206648e-06;1.1065052711180876e-05;6.964495869707124e-06;5.573885856788055e-06;4.147656133051731e-06;1.0533718176346115e-05;8.701718492109091e-06;5.541899012422908e-06;5.902293191569057e-06;7.612416836686655e-06;6.441426246021388e-06;9.42786474424102e-06;1.0354191090300446e-05;1.3215686568067132e-05;8.002561634948737e-06;5.889364015447312e-06;4.631551490414886e-06;1.1796970894362016e-05;9.959399558513873e-06;6.382348095065003e-06;6.610897447830258e-06;8.153214061673645e-06;6.119531931841835e-05;5.219557281615876e-05;0.0001877113824102376;0.0002615565919597664;0.00011711032969735284;7.420815377790808e-05;1.132663250881338e-06;1.785852179786005e-05;8.02494145100032e-06;1.931103643954422e-06;1.0717297159341878e-05;1.0791364529476703e-05
00:33:50;323;8.303306483593463e-06;9.315115031439965e-06;9.514261288478424e-05;5.563231497776852e-06;8.526589681423502e-06;1.6086644318523792e-05;1.3132475152262527e-05;6.552699282412856e-06;6.500259323613281e-06;4.239614501567633e-06;1.2047050207348258e-05;8.825565579038333e-06;5.4645100539894225e-06;7.195667252349577e-06;5.505367588718648e-06;6.322195364605883e-06;9.777624217337999e-06;1.713705501348573e-05;1.5306430386657135e-05;7.448557866316346e-06;6.678550648700101e-06;4.808316229564643e-06;1.3416355072934759e-05;1.0126303947535107e-05;6.247082847960572e-06;8.268144420416999e-06;6.244761451956878e-06;6.13451847290326e-05;6.947508030532426e-05;0.0003779570419821367;0.0004183495202395132;9.628900947697533e-05;6.624450962911365e-05;9.002309160778958e-07;1.8294256964755573e-05;9.533381538001051e-06;1.4828509995507659e-06;1.0672309708931106e-05;1.1167978127998839e-05
00:33:56;324;7.288952458979607e-06;8.341980274168766e-06;7.107773561443893e-05;5.721849524772696e-06;7.97225489567278e-06;9.663513445445915e-06;1.0967943670695233e-05;6.9078746737328735e-06;5.549623342204768e-06;4.525896428540157e-06;9.698735924762952e-06;8.648889785366588e-06;5.041055138574083e-06;7.70935322756052e-06;5.060437349481038e-06;6.436765851262114e-06;9.189239784673997e-06;1.1121254178588175e-05;1.3025392657750039e-05;7.781610624009819e-06;5.916054939191355e-06;5.2027518021060145e-06;1.1302560640707512e-05;9.946935440180087e-06;5.871314931914352e-06;8.522517240451151e-06;5.787361554016398e-06;5.629979985920775e-05;5.075120649911975e-05;0.00024886788522946493;0.0002861771125908832;0.00010784589773023754;5.1890275779300654e-05;1.1963892270125233e-06;1.7592282634402258e-05;8.049538887184615e-06;1.6658346482602177e-06;1.1352238788707753e-05;1.1244365499485954e-05
00:34:02;325;7.059137067373782e-06;8.107357194902864e-06;6.66191602733158e-05;5.319441162948186e-06;7.913196549741935e-06;8.828684829350921e-06;1.0937205022220166e-05;6.0393648740583474e-06;5.416724977568389e-06;4.997064495688102e-06;1.0011098522449464e-05;8.16561112641652e-06;6.385071278975312e-06;5.649839037018141e-06;5.04634121802703e-06;5.844456741733321e-06;9.323175382184062e-06;1.0329033770337642e-05;1.299560912391112e-05;7.054678416686409e-06;5.672089921776942e-06;5.768140192253956e-06;1.1287563101856754e-05;9.465944567867304e-06;7.254039281155823e-06;6.555735304757519e-06;5.737816939506933e-06;5.455254558701692e-05;5.02978502948517e-05;0.00021680104524218868;0.00026900851857484224;0.0001003848355674147;5.795751395161831e-05;1.4444621554072316e-06;1.8670921530286236e-05;7.546170746262539e-06;1.7078047443631688e-06;1.084733699035948e-05;1.0210917895178512e-05
00:34:09;326;6.984789653653355e-06;8.055239193916212e-06;6.586261733962404e-05;5.568905876238907e-06;9.57032925764555e-06;8.360565739839e-06;1.0654464862692624e-05;6.639078149623339e-06;5.4474922961198695e-06;3.8252820116339725e-06;9.479128353523885e-06;8.39999169050481e-06;5.102706622815069e-06;5.745575792753305e-06;5.0239533096110085e-06;6.22817747804404e-06;1.0905478149330129e-05;9.869616066300548e-06;1.2885459570117999e-05;7.611408643208074e-06;5.78261733032458e-06;4.486512922614819e-06;1.0827164375389e-05;9.803734411446075e-06;5.909239974508763e-06;6.6618793172455285e-06;5.691578510927281e-06;5.3780808950443155e-05;4.777438544209975e-05;0.00017705505433446178;0.00026972831380993236;0.0001094776218364506;8.242090486188654e-05;1.2880494582283942e-06;1.7644480576341613e-05;7.435727167132197e-06;2.1650540218987136e-06;1.12506695380487e-05;1.033033807856453e-05
00:34:15;327;6.887951994630467e-06;7.934136180976359e-06;6.573740445445472e-05;5.321737883176328e-06;8.17147811266688e-06;8.714324526305393e-06;1.067818944022747e-05;6.329265191466633e-06;5.226019747213555e-06;4.74964019403501e-06;9.309950058877803e-06;8.153709601479228e-06;4.9985452861278645e-06;5.399226953205595e-06;5.603335097248419e-06;5.930081408246512e-06;9.55875065059606e-06;9.997402138409758e-06;1.285105226307229e-05;7.244508714957422e-06;5.538860391482823e-06;5.422058347328028e-06;1.0862597701827926e-05;9.450618062480398e-06;5.757398299995001e-06;6.318722292154591e-06;6.277580890622907e-06;5.687399948892368e-05;5.208708725640678e-05;0.00019543629025626616;0.0002602451284821945;0.00010822713331702505;6.621621213373266e-05;1.3500386332778768e-06;1.758713528573355e-05;7.459673771166845e-06;1.6532413792343282e-06;1.1371693112899005e-05;1.0341220336596168e-05
00:34:21;328;6.826863644898202e-06;7.845958948507094e-06;8.073626058975902e-05;5.326066200113515e-06;7.71246901623809e-06;9.59253142502286e-06;1.0422102553904592e-05;6.18133913929145e-06;5.569719395672544e-06;4.528805378550322e-06;9.264576055494961e-06;8.24677537733268e-06;4.639650918004566e-06;5.63517439289285e-06;4.803151859275348e-06;5.91727424923388e-06;8.953238406481628e-06;1.0885581991427483e-05;1.2628605959377372e-05;7.161853306881105e-06;5.7640944461023605e-06;5.137807003065282e-06;1.0712328972497548e-05;9.579907817146417e-06;5.37628400856699e-06;6.522233416956313e-06;5.512294908932077e-06;5.407887229793977e-05;5.3355950013312775e-05;0.000283439754636602;0.00035943844639711454;0.00010519794678950722;6.437093630957399e-05;1.186548846949655e-06;1.7100542818477195e-05;7.873395265905924e-06;1.4178517096317958e-06;1.0929187917624212e-05;1.0445694074469364e-05
00:34:27;329;6.6989739182914e-06;7.728264658390235e-06;7.088544140303891e-05;5.183163793276435e-06;7.594446601770373e-06;8.550247004150565e-06;1.058000409027603e-05;6.075210139238669e-06;5.17414140752883e-06;4.4874653459006906e-06;9.25084002903728e-06;8.122624596363824e-06;4.865120248806224e-06;5.351488200295245e-06;5.152933751291626e-06;5.78804682373641e-06;8.921171465311701e-06;9.95473769014293e-06;1.282086877606012e-05;7.0421370085718585e-06;5.418197268894962e-06;5.029574606540544e-06;1.0768047668764815e-05;9.416666999422426e-06;5.561329835127484e-06;6.202382205110898e-06;5.81601297417825e-06;5.4635659601484625e-05;5.521489005776977e-05;0.0002288667435013641;0.0002930674047558505;0.00010564313332617987;6.319179050273566e-05;1.2531893823531337e-06;1.7463620358844225e-05;7.937134579013276e-06;1.7700370499221845e-06;1.1143508761945717e-05;1.0438184959003804e-05
00:34:34;330;6.634980871147243e-06;7.680971077805432e-06;7.097799347322737e-05;5.202788699421035e-06;7.64112670866139e-06;8.568344733041819e-06;1.052753471306935e-05;5.934267883715578e-06;5.191468498563526e-06;4.199812928944042e-06;9.212171680029645e-06;8.04686260186765e-06;4.9308482426821145e-06;5.3428582650641685e-06;4.8216835317951086e-06;5.779826217723341e-06;8.90682232710776e-06;1.0019291448195044e-05;1.2691884208673205e-05;6.9057878913036234e-06;5.433488139934076e-06;4.886250816168827e-06;1.0700960870111241e-05;9.435136488246837e-06;5.6570862323243565e-06;6.214891654272384e-06;5.540223511057844e-06;5.494213160427928e-05;5.424244010005316e-05;0.00022331647824775714;0.00029710261664049717;0.00010545959443084352;6.67123523712773e-05;1.2552765017130165e-06;1.7412607380440605e-05;7.933013122850713e-06;1.7136480963696987e-06;1.1163549409182784e-05;1.0482213773464207e-05
00:34:40;331;1.720272354336058e-05;1.7949564089921976e-05;4.553996069782954e-05;9.32104120982496e-06;3.9420044278027824e-05;1.7588770617749105e-05;3.4200714493822076e-05;1.929347679404972e-05;7.4439542413787505e-06;7.565582797171415e-06;2.3878713693389646e-05;1.2031438383918282e-05;1.030826211751384e-05;1.2832465716624855e-05;1.254821097647478e-05;9.722866028063943e-06;4.0016215533324625e-05;1.788126283378305e-05;3.591828662817384e-05;2.0571515673095113e-05;7.775868123391337e-06;7.876515429082165e-06;2.494214882811125e-05;1.3124433487835723e-05;1.1255911437118915e-05;1.3396236704753807e-05;1.291350038546982e-05;7.314607400826259e-05;8.523887624418244e-05;0.00016699757015904433;5.750388109835623e-05;7.915496516149235e-05;2.84883426317346e-05;8.196022070271991e-07;1.981853192693027e-05;1.0454100126799542e-05;1.0535355606591843e-06;1.0794169437715874e-05;1.3009879811749832e-05
00:34:46;332;1.651879365350727e-05;1.756077950009472e-05;4.234645440040752e-05;1.1210302943063446e-05;1.5172271238322372e-05;1.546646685503881e-05;3.5579619458820325e-05;1.54028334510382e-05;8.714358703410984e-06;1.6941988024851444e-05;1.2471688282031126e-05;1.6960986445465924e-05;9.696824022853434e-06;9.700407104805787e-06;3.090777060647683e-05;1.142170554609222e-05;1.6674823401916898e-05;1.637961212267489e-05;3.6892486651261523e-05;1.6329092765853246e-05;8.885661303839363e-06;1.8066168770848336e-05;1.3707243656254037e-05;1.797388097346109e-05;1.0679384858225535e-05;1.069814455644795e-05;3.3021141680825466e-05;3.9296595067422636e-05;3.9383869345463325e-05;0.00012370131309202235;4.803946344577904e-05;0.00010208119024809582;0.00010921786873546165;4.291669205594329e-07;1.2992063137542963e-05;6.0851471456827075e-06;3.0702043110091225e-06;1.0551135926412464e-05;1.3309435429438863e-05
00:34:52;333;1.3062827146758206e-05;1.405010660371634e-05;4.562009584935142e-05;7.096090661982337e-06;1.0897760646535268e-05;2.5418462361027526e-05;1.7370847420362555e-05;1.0626058443495946e-05;1.2289128385780465e-05;7.566875444615045e-06;2.2390275521967272e-05;1.0676325522560795e-05;1.0145209750915415e-05;1.3058368810189593e-05;9.218518869147374e-06;7.630720465155569e-06;1.2133221965006116e-05;2.6303812359677792e-05;1.9240764220141293e-05;1.1582168415862967e-05;1.2465700175325075e-05;8.234631106369065e-06;2.433571500683062e-05;1.166407392253249e-05;1.135846530561611e-05;1.3788066087128548e-05;9.863934464411165e-06;5.154831577193726e-05;3.4269500396735726e-05;9.378173011113724e-05;7.656431090097344e-05;0.00010583322562030788;0.00013529918980041748;1.7245940840461717e-06;1.3285101993438994e-05;7.846410100918315e-06;3.238323633352167e-06;1.1896191876909341e-05;1.2154255902042996e-05
00:34:58;334;1.3795985964293322e-05;1.4738541261677607e-05;0.0001306020730766073;1.0450518860626413e-05;1.976199135485372e-05;2.0488875089147935e-05;2.0456044659702208e-05;8.290173037101505e-06;8.074179063364475e-06;1.590667010020752e-05;1.3024144424439948e-05;1.4424944463474855e-05;1.362833797393457e-05;1.3109179256787229e-05;7.93676973258202e-06;1.054500549637655e-05;2.101625189344661e-05;2.1617168501127053e-05;2.269133230722126e-05;9.016423927611949e-06;8.009278633236838e-06;1.7370258918370246e-05;1.4088650540186422e-05;1.4738024818350685e-05;1.4337374477115272e-05;1.4644709355269686e-05;8.78801183371482e-06;4.907387503763076e-05;6.4560907174794e-05;0.0004943450630200068;0.0007216173476480962;9.443092162412686e-05;9.241086628298682e-05;1.22281764384116e-06;1.7846033934938144e-05;7.78228174900465e-06;3.1141107529668047e-06;1.0294789135267599e-05;1.0525862915627513e-05
00:35:05;335;1.4162367494660346e-05;1.4966257298556805e-05;4.791129502173338e-05;1.893888961164562e-05;1.2792918232145729e-05;1.1929488356346694e-05;2.996081743718419e-05;1.0801055448181076e-05;1.892202021606822e-05;1.243036131497051e-05;1.2374855563218096e-05;1.5421664241702356e-05;9.146239038541767e-06;8.395070531590095e-06;8.835025995004095e-06;1.8650971446444187e-05;1.3653967931831279e-05;1.3392362556651623e-05;3.184444604708984e-05;1.1369729357203497e-05;1.9284248739058044e-05;1.2447730574721494e-05;1.3603942131305325e-05;1.636102657541898e-05;9.940597056477519e-06;9.379975496433215e-06;9.666084702363565e-06;4.505327783952385e-05;4.884027965945231e-05;0.0001884474031117111;0.00010720066896355355;9.72877019022414e-05;3.838840481118857e-05;7.600175905847909e-07;1.6343112687153915e-05;8.513141674502101e-06;1.8593920591190224e-06;1.0196329047489909e-05;1.204581091428004e-05
00:35:11;336;1.6632038448382115e-05;1.7381909338273316e-05;8.422755649645538e-05;1.352817106304759e-05;1.440598020575511e-05;1.1156885253559391e-05;1.7053430959570257e-05;3.071611688069838e-05;2.5585299680260093e-05;7.591833722968162e-06;1.4076561182786339e-05;1.454033551986165e-05;1.5481315835266038e-05;1.2801937990823056e-05;2.2646585856539954e-05;1.4085182567813015e-05;1.5982780876330723e-05;1.2394852149819726e-05;1.940958189820028e-05;3.082206587604088e-05;2.45055389314075e-05;8.459736320702764e-06;1.5042009998736991e-05;1.5784385532587974e-05;1.7038531824036448e-05;1.3452740870578261e-05;2.160549724343398e-05;6.243209462864791e-05;4.343129623425341e-05;0.0003342123365738215;0.0003311928725966458;0.00013964162471227903;3.8979007329784194e-05;9.870522447117193e-07;2.7909528578519567e-05;7.521890537832693e-06;1.0399272719472873e-06;1.1941659255194367e-05;1.1441387993827208e-05
00:35:17;337;1.2348989573948446e-05;1.3079815393142827e-05;4.744356167546077e-05;1.3231771825287938e-05;1.156805180745447e-05;2.0597196669055766e-05;1.5195808905652733e-05;1.1037632798537413e-05;7.268927166525042e-06;5.548238671079534e-06;2.225457253049709e-05;1.2894776891026925e-05;6.883382712304225e-06;8.270393865669492e-06;1.3437117379505088e-05;1.360616495938164e-05;1.2709710442979048e-05;2.1367449818758878e-05;1.6864800744758525e-05;1.2122636275584043e-05;7.278946950579286e-06;6.118293974476371e-06;2.270015164280658e-05;1.3750234400135866e-05;7.8080535521495e-06;9.010431485761199e-06;1.3620906705725673e-05;5.5817095798946756e-05;4.5676840119578866e-05;0.00010215744675686186;0.0001056085968456618;0.0001070877267689975;9.468815036797146e-05;1.366691951803683e-06;2.5810316399829814e-05;6.114289122871156e-06;2.294103498265036e-06;1.1248450551241213e-05;1.1453031923500197e-05
00:35:23;338;1.563633800055248e-05;1.6627031729075485e-05;8.554018055489795e-05;1.3969338882899054e-05;2.2568520343859497e-05;1.4067123077862478e-05;1.6678503597363075e-05;9.578672303172715e-06;8.548479505841236e-06;8.238493729480338e-06;1.4122971278270184e-05;1.8633038210551106e-05;3.412118784043824e-05;1.013083398633667e-05;1.6978887191240492e-05;1.4184315884299797e-05;2.4432871007003904e-05;1.5329350240283964e-05;1.856758653151632e-05;1.0855138826409068e-05;8.593007840294998e-06;8.650657526208928e-06;1.5209675404571787e-05;1.9972026995121637e-05;3.53012114195551e-05;1.1011956026961826e-05;1.7416578458910926e-05;5.186544977690646e-05;7.241864018456043e-05;0.00042603400111027696;0.0002859821734319383;0.0001127512933955744;2.5018355143891444e-05;4.3465468485148526e-07;1.9205141834784643e-05;8.82165975750662e-06;2.0144736492909448e-06;1.0688014749389823e-05;1.1248308939803849e-05
00:35:30;339;1.0961143830327687e-05;1.1932171564464475e-05;6.239123834912802e-05;1.0194149751896475e-05;1.178976949425057e-05;1.0404105815098319e-05;1.3394481714809361e-05;1.0890622790653156e-05;1.0668865147455232e-05;8.92004620244403e-06;1.3619259612276188e-05;1.0163216822304962e-05;6.038222278706681e-06;1.7417530357151506e-05;8.033452353763757e-06;1.0665251742282152e-05;1.3220980949709088e-05;1.1885440684797882e-05;1.5567053392432967e-05;1.1711725861298678e-05;1.0566045798614027e-05;9.71245739653764e-06;1.4625230183418917e-05;1.1286339313416267e-05;6.930090300637501e-06;1.828956319974467e-05;8.725876376024356e-06;6.159952560926036e-05;4.6692439330186454e-05;0.0001759004129899513;0.0002291959847957876;0.00010191168189725595;7.92909693265527e-05;1.2260552715997962e-06;1.8677480856110532e-05;8.745621601074036e-06;1.3942001851524194e-06;1.162857894813351e-05;1.2431909378471509e-05
00:35:36;340;1.0881399725028793e-05;1.193065969645535e-05;5.581735286747162e-05;7.090654103142862e-06;1.7299319467993385e-05;1.1265117751432543e-05;1.4057749067123124e-05;7.770436447820181e-06;1.0037251770582275e-05;5.980211706522389e-06;1.5086192057367498e-05;1.5189369778764474e-05;7.124164932809601e-06;1.2080250036335242e-05;7.596075627250539e-06;7.638904104238417e-06;1.9184936925601597e-05;1.2624739766475682e-05;1.653504332813399e-05;8.585913505318981e-06;1.0022779930249605e-05;6.461227212064012e-06;1.6111400362183014e-05;1.6933807181643877e-05;7.9818974663334e-06;1.2829199281268416e-05;8.258064709376481e-06;4.306200854406731e-05;6.434732698642364e-05;0.00013983472735181124;0.00018182725998737664;0.00010804082354963122;7.542022244198022e-05;1.0546963269999061e-06;2.506900106098432e-05;7.429196833900051e-06;1.606432345672039e-06;1.1994959526228743e-05;1.0121579454584096e-05
00:35:42;341;1.148649024106486e-05;1.2433988409105076e-05;4.8029785029415094e-05;1.3357976700040746e-05;1.656197592193497e-05;1.01942759274917e-05;2.0953098922663312e-05;8.025403985811863e-06;6.480325710873041e-06;1.1424018647429337e-05;1.480292487666578e-05;1.173312466174924e-05;7.860742937217744e-06;9.458378037472606e-06;6.9856327261742415e-06;1.3634535944335387e-05;1.86361013347087e-05;1.1443654324167152e-05;2.239138332617033e-05;9.320494750163907e-06;6.329215454881498e-06;1.2561271467324953e-05;1.547272221372784e-05;1.3126734002877197e-05;8.408046211069966e-06;1.01618204179074e-05;7.721878318989184e-06;5.800470615757238e-05;4.508646207281246e-05;0.00012454785616049325;0.00013334110670559465;0.00010380737135738731;5.904684738678175e-05;1.8735694373995672e-06;1.9489051174751075e-05;6.035599927186075e-06;2.3009960093540406e-06;1.1930329475859145e-05;1.0893524487789526e-05
00:35:48;342;9.6896625905174e-06;1.0685273508310665e-05;8.065315491489112e-05;7.062301996863983e-06;8.51669033478815e-06;1.0956837367424235e-05;1.2239884738236965e-05;1.1533580199341031e-05;6.437732316364666e-06;7.754019943462254e-06;1.1340280007165017e-05;1.0031375609287352e-05;9.645111903337652e-06;1.0695074255228189e-05;1.0063058418552373e-05;7.743978412806047e-06;9.735284136327152e-06;1.2237885780623286e-05;1.442744417810117e-05;1.2461334580609528e-05;6.544786300983566e-06;8.225459790577865e-06;1.2772458255393402e-05;1.1216197953781606e-05;1.0375490161049463e-05;1.178174344906576e-05;1.070121561497217e-05;4.9747365643560294e-05;4.6907109547508424e-05;0.00029574790737618955;0.0003576112957365207;0.00012162129486144008;4.84628419743586e-05;9.350644226149046e-07;1.7533406582038344e-05;7.810227873556328e-06;1.2120938552354062e-06;9.231722315316221e-06;1.1017528790354267e-05
00:35:55;343;1.0246222946622394e-05;1.1290271053255736e-05;4.298276325743777e-05;7.392084179839871e-06;1.932676820424397e-05;1.111669037550717e-05;1.3723236599942497e-05;9.245917387995012e-06;6.625522648174741e-06;5.613276903656842e-06;1.140306321448489e-05;1.5068472658247794e-05;6.8933501079403534e-06;6.8563883937661725e-06;9.689901079019075e-06;7.980965573885523e-06;2.086454981197883e-05;1.234027488667207e-05;1.6302087358412734e-05;1.0432086174326206e-05;7.091209261465959e-06;6.221044345635809e-06;1.2799276571714944e-05;1.620716683865345e-05;7.694794332357698e-06;7.67155749680212e-06;9.878236786663145e-06;6.30159639583639e-05;3.8391785522274504e-05;0.00010476007894596556;0.00011160879963283458;9.765335418516628e-05;5.474415440974583e-05;1.1776138295632837e-06;1.56781647920161e-05;6.2320218213114244e-06;1.4091970630931116e-06;1.0852958950567922e-05;1.0269065978350907e-05
00:36:01;344;1.001081170670659e-05;1.1012770611862063e-05;9.465817642816143e-05;8.280750637432924e-06;1.0398132897261224e-05;2.2493134665069192e-05;1.3328522389212015e-05;8.475102393778013e-06;7.010284893996496e-06;5.45003361357937e-06;1.0425630208032999e-05;9.883508880002203e-06;8.480252100055582e-06;6.928363324993308e-06;8.976020769001604e-06;9.192921494058616e-06;1.1563723425832548e-05;2.3686472720524024e-05;1.5775256197460444e-05;9.307094537286468e-06;7.121312971977676e-06;5.9721682093736546e-06;1.1887738960640376e-05;1.1239282529562774e-05;9.395889903800385e-06;7.837725736206704e-06;9.173657365898157e-06;6.318253950339963e-05;5.9371469895394016e-05;0.00034645243650493443;0.0004303433736117223;9.863123771124449e-05;9.127437360623732e-05;7.455206985494649e-07;1.6494565775115483e-05;6.354597484370497e-06;7.608228257865998e-07;1.1227146808428852e-05;1.1060032712753478e-05
00:36:07;345;8.098771489399455e-06;9.094115883479251e-06;6.086159749392569e-05;5.875992474813074e-06;9.921486274322433e-06;9.408611183723472e-06;1.271776621468813e-05;7.352170068228051e-06;7.19525481491184e-06;6.098014473820967e-06;1.1475115109440345e-05;9.029020201399941e-06;5.433095519823507e-06;7.196553929909235e-06;5.482174450964873e-06;6.503676892942719e-06;1.147598954324892e-05;1.0697378859766082e-05;1.4496106589981134e-05;8.483205483226132e-06;7.302467842052891e-06;6.639034508444189e-06;1.279691144801187e-05;1.0238938344466792e-05;6.029754331393633e-06;8.343507902915192e-06;6.122415464843367e-06;4.7707011718077554e-05;6.468964342016206e-05;0.00017749483305292004;0.00022153038669479904;0.00010730078460286553;5.80767658503354e-05;1.3100130236052125e-06;2.2499383454992015e-05;6.490344469512155e-06;1.820203059693529e-06;1.060827057620861e-05;1.0811530003937097e-05
00:36:13;346;9.037492101914392e-06;1.0083944841967365e-05;8.392387307574561e-05;7.2628231716397416e-06;9.778537122816612e-06;1.1247942948761585e-05;1.1222834461674127e-05;9.333576549863665e-06;7.597859517457809e-06;8.298721834488664e-06;1.090222348923672e-05;1.034224567449242e-05;6.303196560899303e-06;8.530707474237301e-06;7.629232690285128e-06;8.034642880513182e-06;1.1188101987361826e-05;1.2519027268929595e-05;1.3066057340150604e-05;1.0475651045372971e-05;7.8723319635588e-06;8.854621303069944e-06;1.2356145805226127e-05;1.160783119038443e-05;6.995840970986034e-06;9.54067130621723e-06;8.496410373481922e-06;4.60091387398505e-05;4.755277030641029e-05;0.00027239869242145825;0.00042456146738404396;0.00010216298978417872;6.844984813725019e-05;6.883991441116757e-07;1.7961912202264398e-05;5.739649524230503e-06;1.2320511238533275e-06;1.0899565224042321e-05;9.429992917253072e-06
00:36:20;347;1.043923973559851e-05;1.1565141063283015e-05;4.820735457711378e-05;2.0653557449825463e-05;9.636634141491578e-06;9.650753794816906e-06;1.3251005620289066e-05;7.2948469600284875e-06;1.1113540328980518e-05;9.560174536460408e-06;1.43670764045241e-05;9.915723222387772e-06;5.611013632227985e-06;6.8413269929124e-06;7.3752202793416055e-06;2.1887166060222155e-05;1.1172978978536292e-05;1.1278055428445878e-05;1.545891576755867e-05;8.483648222944438e-06;1.1216325283039854e-05;1.0463975418651553e-05;1.564048232213753e-05;1.1164277802430362e-05;6.446553531037076e-06;7.648344941301304e-06;7.920965080175628e-06;5.902319066564206e-05;4.186861721500027e-05;0.00014690122663211413;0.000120969190904927;0.00011557780842468636;4.043359390946835e-05;2.1192939699324687e-06;2.115977135396391e-05;6.57837153795184e-06;1.8480683027647299e-06;1.084594529709779e-05;1.1163176711816815e-05
00:36:26;348;8.549443774344665e-06;9.58425073493552e-06;5.76855537012144e-05;5.901040751478025e-06;8.327073760225092e-06;8.817390353370188e-06;1.1619878016233542e-05;8.335292152010384e-06;7.190298600079359e-06;5.5048409195861e-06;1.0094199495824796e-05;9.39351708046326e-06;7.833619384843939e-06;7.313652966962019e-06;1.2262518121727597e-05;6.267567325174909e-06;9.508694203552434e-06;1.020778894529986e-05;1.438776066779495e-05;9.378116535313157e-06;7.257418226661777e-06;5.997616936043944e-06;1.1638973595652231e-05;1.068262092096258e-05;8.877949364397886e-06;8.153611539639798e-06;1.2652886814262447e-05;6.471889005803884e-05;5.236927973185948e-05;0.0001879749571934377;0.00019568642798786467;8.925530615415205e-05;5.1367051119753116e-05;1.1221437318838536e-06;2.078417932297594e-05;6.9325923000542016e-06;1.6994709030876777e-06;1.010776206707722e-05;1.020858384438804e-05
00:36:32;349;8.317887080848282e-06;9.276453286624526e-06;5.428168712006333e-05;7.398342025959954e-06;8.265668481948813e-06;9.329200992815665e-06;1.2619638772031811e-05;8.140117132752907e-06;9.790483940331672e-06;4.807412696291894e-06;1.0199385419634217e-05;1.0972820048622948e-05;5.314902489349617e-06;7.149664273953249e-06;5.827005459157032e-06;7.795256725687437e-06;9.409111452775586e-06;1.0839005645272053e-05;1.4543328251408949e-05;8.856579554532477e-06;9.886329412956566e-06;5.5685252794353775e-06;1.1657713400117118e-05;1.216915713680637e-05;6.080664943625909e-06;7.983289108353024e-06;6.528474674683544e-06;4.942610222038381e-05;4.71145498338868e-05;0.00014653046954402372;0.000178674629809275;0.00011635845295439604;6.781930762610365e-05;1.3330711736798794e-06;1.4329902423328717e-05;6.9027647453040794e-06;1.6584367577678401e-06;1.1212774372368582e-05;1.0019783980241816e-05
00:36:38;350;7.577586458105336e-06;8.590293447601261e-06;7.793784141136114e-05;5.782722981835646e-06;8.841826255237803e-06;9.04588492612778e-06;1.1163902060089145e-05;6.4016636620387794e-06;6.492459892371016e-06;4.371395965692542e-06;1.0891402524748628e-05;8.51249215956655e-06;6.433370043882033e-06;6.539965726465818e-06;6.453948697007015e-06;6.287039428294704e-06;1.0356667552272644e-05;1.0442892019029064e-05;1.3156750183158312e-05;7.332210025542505e-06;6.819887881025766e-06;4.8436774584014175e-06;1.2388269215655701e-05;9.718477992430075e-06;7.315332782760563e-06;7.334851914815254e-06;7.087461930311718e-06;5.487258229776153e-05;6.132260928216309e-05;0.0002697417311788888;0.0003269621699720715;0.00010720206355125236;6.429123505714683e-05;1.0711951217963535e-06;2.0427372670944325e-05;7.153190837840042e-06;1.3264114041878768e-06;1.0900671573443658e-05;9.982863988837272e-06
00:36:45;351;7.36126917644242e-06;8.410798198130141e-06;9.358543971192821e-05;5.410575827046284e-06;8.32929568226539e-06;1.1216971652769105e-05;1.0551903773535866e-05;6.096809729234048e-06;5.797772278270941e-06;6.468235727394048e-06;1.0665037637832855e-05;8.294846139733636e-06;4.532634306674378e-06;5.67514659395711e-06;5.295998413792156e-06;6.108183196708604e-06;9.781733187762107e-06;1.2676724566782595e-05;1.2547820334256806e-05;7.2274562016094865e-06;6.029799213230277e-06;7.00427495424184e-06;1.2113201712883339e-05;9.54076816740297e-06;5.28798866554685e-06;6.550944492487418e-06;6.0606802826787085e-06;5.731270768265826e-05;6.34647805599978e-05;0.00039158345299797575;0.00040751303938228235;0.00010230599978056071;4.664286852595217e-05;1.1694839023032065e-06;2.3161065335589397e-05;6.891759440678668e-06;1.0936514908404583e-06;1.0995947788154597e-05;1.0890519656144754e-05
00:36:51;352;7.312933504977082e-06;8.324578699056808e-06;7.366509527885575e-05;5.454664457974187e-06;7.682238479457158e-06;8.356079433724517e-06;1.0869635887770942e-05;1.1325119946160488e-05;5.4166530606313366e-06;5.38093943770367e-06;9.781829405142162e-06;8.297064091131936e-06;4.910792547072808e-06;5.515833847689257e-06;4.764349217044707e-06;6.046958574936784e-06;8.9954067771953e-06;9.713255501163629e-06;1.3425428986448435e-05;1.2002665992244883e-05;5.590340656799296e-06;6.135148019387123e-06;1.1181094002575818e-05;9.515595121240639e-06;5.682710114434727e-06;6.236559473316309e-06;5.3697772877564564e-06;5.225639928839386e-05;5.391973661225789e-05;0.00020909615479234797;0.0003215278551443041;0.00011569487016556796;7.6828818319371e-05;1.3371617356814017e-06;2.2840427772261445e-05;7.77434232371847e-06;1.512893544233063e-06;1.1088570545241976e-05;1.0103913102889884e-05
00:36:57;353;7.184444334158839e-06;8.194359653788513e-06;6.16702183001234e-05;6.937987387994388e-06;7.482960904651876e-06;8.479798837739013e-06;1.1990270169545427e-05;5.9345162477923585e-06;5.454183470603042e-06;4.3113206130000625e-06;9.376717933662349e-06;7.836627358027602e-06;6.4239620756593885e-06;6.023577346974724e-06;5.9614073764697135e-06;7.471793121768787e-06;8.795741191706724e-06;9.85147100805137e-06;1.4058043510701708e-05;7.07145455589277e-06;5.740719764536509e-06;4.7047952861409805e-06;1.088723781863279e-05;9.088570538862562e-06;7.2170260703191896e-06;6.849528273062477e-06;6.5959308260430645e-06;6.511816946601579e-05;4.9176954817913596e-05;0.00020128186208221;0.0002221522102647066;0.000100001306459683;5.134793962840269e-05;9.616456442927566e-07;1.899728575877586e-05;7.70171889402996e-06;1.914167816478387e-06;1.1045547173546429e-05;1.0343811595425748e-05
00:37:03;354;7.100620090289505e-06;8.11867225878169e-06;6.325664535495943e-05;5.453123987112204e-06;8.287225603773798e-06;9.357676465785145e-06;1.0686866339426615e-05;7.0727000479306215e-06;5.231503267437305e-06;4.278062832309036e-06;8.747143012819627e-06;7.90199171066516e-06;6.9859064291739e-06;5.883477569700414e-06;5.321761978972393e-06;6.04248895532565e-06;9.447309787015289e-06;1.0459051155302853e-05;1.2877956094920983e-05;8.28785680282693e-06;5.505202864961701e-06;4.808207055662657e-06;1.041001083258034e-05;9.102286340645219e-06;7.733731395034472e-06;6.756651433948442e-06;5.993310176425531e-06;5.8276860598559954e-05;5.2385939184563244e-05;0.00020156250855292988;0.00023845034437848652;9.964044372495186e-05;5.936833255395502e-05;1.0205966810689076e-06;1.7620734002505454e-05;7.637687256719616e-06;1.7731238126816394e-06;1.116788528191282e-05;1.017528823117801e-05
00:37:09;355;6.839704655254247e-06;7.846693589974304e-06;7.839573307702366e-05;5.8095933862422165e-06;8.15230753206916e-06;8.398198929171485e-06;1.0176429801783177e-05;7.320295204429137e-06;5.322119170097556e-06;3.993760441871204e-06;9.726593281749791e-06;8.114856027222315e-06;4.486843477283483e-06;5.616685610670464e-06;4.958770989948004e-06;6.448198153613035e-06;9.339248150998956e-06;9.794641507913276e-06;1.229096857128706e-05;8.140262267100102e-06;5.545806340671357e-06;4.574020795765056e-06;1.1304411750240398e-05;9.352074017972225e-06;5.2422971886606986e-06;6.53059502918593e-06;5.597796269837632e-06;5.717257809541125e-05;5.785320411690616e-05;0.00026523957676184235;0.00033567067842185183;0.00011177980368901569;6.187717110515982e-05;1.1591680965524592e-06;2.073011836028419e-05;6.577243122903559e-06;1.886090931024563e-06;1.1096635711228924e-05;9.706528512102714e-06
00:37:16;356;6.491312190477898e-06;7.497499269977451e-06;6.327595976802305e-05;5.236409110603352e-06;7.283953527286775e-06;8.128637761925264e-06;1.0461631700567606e-05;6.1151126567308855e-06;5.0845457528354965e-06;4.421935208786078e-06;8.78745793512921e-06;7.515759130362974e-06;4.835071081611307e-06;5.169243905811527e-06;4.855986607568949e-06;5.844783192768301e-06;8.560673340750178e-06;9.544347725566212e-06;1.2486516287118562e-05;7.0160746636708e-06;5.340936520007768e-06;5.0347753361315476e-06;1.0284266155867033e-05;8.788525588851705e-06;5.60388693999432e-06;6.013665479488886e-06;5.451537381765165e-06;5.742116569808901e-05;5.500103074824663e-05;0.00017928178958057726;0.00023982943158120344;0.00011018725914620827;6.837724349959528e-05;1.4454148800011083e-06;1.8206197283493075e-05;6.894202655885989e-06;1.9671423987030056e-06;1.0890824297417654e-05;9.809815446856006e-06
00:37:22;357;6.436364873639956e-06;7.480794799529219e-06;6.728327082589078e-05;5.165363218524859e-06;7.819930367893655e-06;8.483470839916084e-06;1.0114576074148442e-05;5.8224761874922395e-06;5.107173154525216e-06;3.856871282630953e-06;8.608141678740305e-06;7.70512998503715e-06;5.155227017959098e-06;5.0419247760270416e-06;4.356091922568856e-06;5.840483429927167e-06;9.100519129120424e-06;9.892600160186059e-06;1.2189216111529518e-05;6.874513312854843e-06;5.4045504390459534e-06;4.536855869123947e-06;1.0152543013588645e-05;8.894658929167708e-06;5.947082097665333e-06;5.868740336615092e-06;5.067772655843616e-06;5.9261971282324094e-05;5.173853000476082e-05;0.00021378152440975926;0.0002692476792158368;0.00010360677147048543;6.153846237569857e-05;1.1165334087769696e-06;1.7733860987823993e-05;6.905509027331046e-06;1.8078333931075304e-06;1.064127794177447e-05;1.0019296393010279e-05
00:37:28;358;6.375833588766579e-06;7.4258556035406225e-06;7.104446626491689e-05;5.0217886731409385e-06;7.169022912281972e-06;8.742265593623829e-06;1.002188011188888e-05;5.9580656474751814e-06;5.073013896476781e-06;3.818995491077327e-06;8.711873991338528e-06;7.433368503032253e-06;4.861630857404138e-06;5.176449628537099e-06;4.52164598062733e-06;5.6924294122963365e-06;8.498170015478029e-06;1.0243900841130739e-05;1.207734630607095e-05;6.940128888702388e-06;5.342652606993363e-06;4.385294681624952e-06;1.0119323506623453e-05;8.866470608741629e-06;5.632593393220074e-06;6.053044222725579e-06;5.258910157034377e-06;6.135388719525325e-05;5.699380758320418e-05;0.00024730730731531013;0.0002768019570805625;0.00010634761414369992;5.508115337604924e-05;1.0512851232050346e-06;1.8245110845455755e-05;7.270978463846973e-06;1.60331329933678e-06;1.0727617094768806e-05;9.749563658310166e-06
00:37:34;359;6.400013947169017e-06;7.4100402965581725e-06;7.394886819805699e-05;5.2373688810482895e-06;7.26131377410349e-06;8.668511640053111e-06;9.956524610675967e-06;5.763557570113355e-06;5.013404457475769e-06;4.046046771803575e-06;8.636633507111666e-06;7.883441481675908e-06;4.545714090072166e-06;5.216310417469313e-06;4.571338671801393e-06;5.876290944360324e-06;8.64144891537866e-06;1.0047121162919027e-05;1.204054935925929e-05;6.71899809713989e-06;5.275016033183304e-06;4.607390625511194e-06;1.0007818656061008e-05;9.08595293252272e-06;5.308579884628291e-06;6.086017124231793e-06;5.225297866362078e-06;6.25888097646635e-05;5.372022742784943e-05;0.0002600863681870275;0.0002983161329671864;0.00010471213115354666;5.9309806523430815e-05;1.0893297657952392e-06;1.7953278112089303e-05;7.424807338701187e-06;1.552269076330976e-06;1.080781865821242e-05;9.825439401850724e-06
00:37:41;360;6.272046449721942e-06;7.307047556573304e-06;6.829360196481745e-05;4.865919678177409e-06;7.152306345403758e-06;8.124621079988712e-06;1.0032651977873932e-05;5.836213891799699e-06;4.899326242157155e-06;3.821630031905246e-06;8.672537883311096e-06;7.479361244768577e-06;4.6030276075596665e-06;5.1430471411348124e-06;4.6339124540783026e-06;5.544623355732094e-06;8.560739210040509e-06;9.509118402242673e-06;1.2146742144839756e-05;6.8195671028200806e-06;5.184021545896421e-06;4.436103413181742e-06;1.0059294450174888e-05;8.770741081932527e-06;5.332049513411601e-06;5.993438841144354e-06;5.328128549357459e-06;5.9463330549170944e-05;5.355788614400771e-05;0.00022282434966994013;0.0002695276658357913;0.00010646067551900458;5.913593582211152e-05;1.1554792010109285e-06;1.7974605611045478e-05;7.237225052984625e-06;1.649042409972601e-06;1.0824169407110612e-05;9.71285835565921e-06
00:37:47;361;1.2006466089463753e-05;1.2999154944425961e-05;6.867646954240426e-05;9.461837867713092e-06;1.0268390739879992e-05;1.160475652413466e-05;2.492537238781138e-05;9.060745383558036e-06;8.718528586112742e-06;5.764525658106963e-06;1.9971596427384693e-05;1.1983262227359278e-05;8.093287486329617e-06;1.309728444001931e-05;1.1128001520174538e-05;1.0088529080936105e-05;1.145658002257468e-05;1.249351885523043e-05;2.8190075244299208e-05;9.919182756203565e-06;8.758333317732476e-06;6.413318174112002e-06;2.1148943025902462e-05;1.2987274393581864e-05;9.037710092746273e-06;1.3652800048533474e-05;1.1843590487566146e-05;5.228141600756742e-05;3.981397464497088e-05;0.0002340811857550315;0.0002870423730288578;0.0001059307016900572;4.163101119715441e-05;9.611448930598955e-07;3.213324656109636e-05;7.3067652637927135e-06;1.9995075182681186e-06;1.0418945523653352e-05;1.0517362425341516e-05
00:37:53;362;9.618185750716954e-06;1.0675306701251671e-05;5.142933158956431e-05;8.528329776037356e-06;1.3237334111434764e-05;9.914331707121123e-06;1.3125345279005076e-05;7.683204450033413e-06;6.975157451708211e-06;1.0416296839046233e-05;1.1707513280612147e-05;1.1438712332082188e-05;5.343662542920604e-06;9.202873331110533e-06;7.845464445856784e-06;8.900625254705407e-06;1.4956352843691541e-05;1.1075387387963814e-05;1.5371425790731394e-05;8.606526624226959e-06;7.211473161930106e-06;1.1152849506461165e-05;1.3535221436932606e-05;1.2802643555638681e-05;5.888408671851238e-06;1.0117636768110877e-05;8.485125386247506e-06;4.643223888106846e-05;4.181135088548449e-05;0.00011311542090402203;0.0001808109531523792;9.867446715053299e-05;8.974097256660034e-05;1.02188683929973e-06;1.6344994252370147e-05;8.022185324543548e-06;1.177880030115167e-06;1.0586507489265104e-05;9.413121599090551e-06
00:37:59;363;1.8325570115445604e-05;1.9551779598858254e-05;7.591015467750766e-05;1.0488610139444434e-05;1.9253724546656898e-05;1.749267222935073e-05;1.4334334498368083e-05;1.2423479379787171e-05;1.5971830288725126e-05;3.6772795628404644e-05;1.3560470665393867e-05;1.2988094529088233e-05;4.340118442511002e-05;1.095604779134295e-05;1.2263590454737864e-05;1.092386340052501e-05;2.082059715656767e-05;1.914864869716819e-05;1.6030736275487343e-05;1.3317421281165399e-05;1.6306679604388627e-05;3.792918908437036e-05;1.5269208360442014e-05;1.4711313143161072e-05;4.6221903751676465e-05;1.1658280913298434e-05;1.2283507094022603e-05;4.890421861256223e-05;3.430979476423667e-05;0.00017251036187088497;0.00039413674175544744;0.00011124504476153234;9.24726793999768e-05;1.2359536030200891e-06;2.9301121204896e-05;5.148403965091085e-06;8.731085470523812e-07;1.005492737741447e-05;1.0729500267977114e-05
00:38:06;364;1.0134382870836072e-05;1.0923878833153462e-05;8.543650092426233e-05;6.966460242613886e-06;1.2211131375879218e-05;1.7319234903435575e-05;1.474825871189916e-05;8.35005302170864e-06;8.482125267050833e-06;5.765077299909907e-06;1.3597399944584057e-05;1.0567674031847218e-05;6.8163426001759e-06;8.527711998531437e-06;8.26112184300469e-06;7.2701645013360495e-06;1.3656151536509507e-05;1.8457873080432698e-05;1.6241987298058178e-05;9.024867722473573e-06;8.637782644378788e-06;6.171026975204734e-06;1.475754176876935e-05;1.1505334677616403e-05;7.229505592499951e-06;9.16845708242006e-06;8.965851843122782e-06;4.691524352450735e-05;6.1021463574850894e-05;0.00030221318845091277;0.00039665766912662024;8.520492071359887e-05;8.248633003687223e-05;1.0215504547552357e-06;1.7962432398490533e-05;7.831924491069316e-06;1.0452406070778955e-06;1.103734143829378e-05;1.1840706274098816e-05
00:38:12;365;1.14079493701266e-05;1.2147503265266636e-05;4.698363104962004e-05;8.862114663605263e-06;1.0928148989044281e-05;1.5956080012167398e-05;1.4257993322401449e-05;9.581605880271127e-06;1.1690745860836284e-05;6.614850712920046e-06;2.100285026074289e-05;1.2880848010028826e-05;5.960437043484035e-06;1.3173134570882377e-05;5.986579667065102e-06;9.42083077553676e-06;1.1751938116135477e-05;1.692705792507534e-05;1.601824887869423e-05;1.0414526358648732e-05;1.1955199820649681e-05;7.047032568152645e-06;2.1351753782220862e-05;1.4196794548792517e-05;6.499186596717859e-06;1.3791708981812065e-05;6.3957562688992305e-06;5.545716151962504e-05;5.5457802344757116e-05;9.019026704632021e-05;0.00012630137230543268;0.00011445524893967416;6.848432548331043e-05;1.0250296127222364e-06;2.4683472015988406e-05;5.73359193908714e-06;1.4594743121860967e-06;1.1356212062516406e-05;9.199615013820437e-06
00:38:18;366;1.0368464112337444e-05;1.1362334497547796e-05;6.0283809684728836e-05;7.704313289154511e-06;1.3986509673910321e-05;1.0185580499921798e-05;1.3827931454102327e-05;9.471859210660485e-06;7.804089181268575e-06;5.340388314194073e-06;1.2183329193827706e-05;1.152809740548574e-05;1.2153714724728491e-05;1.3394524087056487e-05;6.841228647015317e-06;8.213676296633555e-06;1.5256067036958324e-05;1.1355382325803741e-05;1.6099273136804393e-05;1.0318402917020442e-05;7.74570316589464e-06;5.98184490489167e-06;1.3642532941290322e-05;1.253508164638011e-05;1.3465760229671186e-05;1.407678019525439e-05;7.657505441013108e-06;5.356429531764015e-05;5.309737226928933e-05;0.00017049198601458068;0.00022783811494620095;9.369955991625866e-05;6.803142938692425e-05;7.393794795621608e-07;2.3778404804783777e-05;7.560427615884e-06;2.4622563783452905e-06;1.0762261971051592e-05;1.138022811622537e-05
00:38:24;367;1.0849270342884086e-05;1.1948870900297048e-05;7.027288914449697e-05;1.0386670925041388e-05;1.3148944118251455e-05;1.1168701213002599e-05;1.4135874649086459e-05;7.58382851919557e-06;7.3230521942171185e-06;1.2908014003766187e-05;1.0686544864055039e-05;1.0347925054206412e-05;1.8706687399117072e-05;7.675019903659445e-06;6.1199778739700665e-06;1.1074794811871539e-05;1.5010147544211278e-05;1.2484803639519576e-05;1.6358510797947964e-05;8.593045011573711e-06;7.56582047743686e-06;1.3852730026434373e-05;1.2057780772517582e-05;1.178341283234716e-05;1.968723840427974e-05;8.229904819294277e-06;6.688258877205309e-06;5.1632755764736115e-05;5.9939101733114313e-05;0.00027613167854471596;0.00026923726533972667;9.287834867304603e-05;4.489003927080112e-05;5.484035972848535e-07;2.0146120508895594e-05;5.079985527850146e-06;1.3978492470686736e-06;1.1199935915226731e-05;1.0193185611497567e-05
00:38:31;368;1.2768595172215926e-05;1.3525347306232462e-05;0.00014537946477982338;1.29810807449489e-05;1.2475120528356662e-05;2.87986247180718e-05;1.5493696718170792e-05;1.0202569330627656e-05;1.176808057385353e-05;7.4854307347297064e-06;1.25444938819638e-05;1.1713834125389026e-05;1.0497882134656452e-05;7.53558871254127e-06;1.1726736475607554e-05;1.349732156661877e-05;1.3876940585437815e-05;2.9138841121413308e-05;1.759507828945614e-05;1.1155284517348885e-05;1.1469251862590796e-05;7.806998382875463e-06;1.3697818378458106e-05;1.2689509633132787e-05;1.1169252974457177e-05;8.285804516519789e-06;1.192206146018329e-05;6.836138749243302e-05;6.912356946984321e-05;0.0007834739668342372;0.0006456418424402918;9.582465466761097e-05;2.9557472482987896e-05;1.035262468394188e-06;2.3379422533246263e-05;7.461267208749564e-06;1.2468586918530122e-06;1.00815714074201e-05;9.366301660813574e-06
00:38:37;369;1.168369158222049e-05;1.2735039801347877e-05;6.491112183930731e-05;6.378174346818613e-06;8.802191562618976e-06;2.1502183115403156e-05;1.5271383264544884e-05;1.0574709656778355e-05;7.223912970356526e-06;6.361244730483535e-06;1.1386657601132232e-05;1.2511978668654097e-05;6.247270549925526e-06;1.9292984415063653e-05;1.4651604215290801e-05;6.8948722596533005e-06;1.0106763275422353e-05;2.260108260687255e-05;1.816999583407099e-05;1.1024716312459543e-05;7.277123079837088e-06;7.012921678669724e-06;1.2769432516184288e-05;1.4033537889743088e-05;6.871486825327304e-06;2.064093630998528e-05;1.541760494673545e-05;5.052672545516308e-05;5.4942839769441584e-05;0.00022410911351974694;0.0002625060719392447;9.148255125969265e-05;5.142742221172566e-05;8.736815022522723e-07;1.759408659145764e-05;5.650446989105931e-06;8.646834658660937e-07;9.707004714674974e-06;9.24883465331645e-06
00:38:43;370;8.975432570743827e-06;1.0000932037011025e-05;5.704766260793447e-05;6.0606074725264785e-06;1.2524853002172552e-05;1.2997825161226666e-05;1.4405069483752248e-05;8.1197838322954e-06;6.743245693547289e-06;4.934399516865927e-06;1.0136740879250862e-05;1.0482393254175225e-05;7.549248454161918e-06;7.135601025125156e-06;6.6154194355244105e-06;6.566399210723945e-06;1.3743701004651611e-05;1.40759514844048e-05;1.679901869684278e-05;9.303062730004622e-06;6.976000698079035e-06;5.518324642943748e-06;1.163863802664505e-05;1.1634419726898976e-05;8.367371270950674e-06;7.977171916064446e-06;7.41112147853194e-06;4.927374830505794e-05;5.236173937378615e-05;0.00017060699231561787;0.00021000966286144666;9.679294299321822e-05;6.0986155344141876e-05;8.104506821854957e-07;1.4180387243178663e-05;6.242414923558316e-06;9.412866598050667e-07;1.1684193148254101e-05;1.0681977444963291e-05
00:38:49;371;1.0914206369379412e-05;1.1796336907479334e-05;4.363615237290173e-05;9.809614975350458e-06;1.202426581673163e-05;1.0244026597661104e-05;2.608854451450911e-05;8.708163401846294e-06;7.246762334938756e-06;5.284804965361383e-06;1.0673077803537787e-05;1.0268564162045509e-05;9.04192431764014e-06;1.0594743112077056e-05;1.0985980628158194e-05;1.025233003802677e-05;1.3614469728192397e-05;1.1402191934324993e-05;2.755574381278822e-05;9.746080166546044e-06;7.497826935590799e-06;5.786966876488045e-06;1.177452143945376e-05;1.1178280089287782e-05;9.507674435496217e-06;1.1377295144300177e-05;1.1862658861382787e-05;6.443147278974146e-05;7.240205281446664e-05;0.0001259121980813028;6.387779900097446e-05;0.00010629458071288065;4.532959011356102e-05;7.884844453571114e-07;1.4711862838053864e-05;6.991587434179964e-06;1.0742691064058914e-06;1.0793021845506139e-05;1.102690929239088e-05
00:38:55;372;8.031170609192692e-06;9.009553685222894e-06;4.615591849680592e-05;6.502255443569476e-06;8.477471291583202e-06;1.0938539978285048e-05;1.0822755221795433e-05;7.443852795254522e-06;8.525358299235366e-06;5.31595239456289e-06;1.0348344231787946e-05;9.219418357469584e-06;6.059337420018871e-06;7.181339727163111e-06;5.5394189492377874e-06;6.997922315073268e-06;9.737568729455049e-06;1.209502562820098e-05;1.3161306567412737e-05;8.536838880831102e-06;8.501988811041906e-06;6.1202656697672335e-06;1.1790222535775591e-05;1.024663629035371e-05;6.792252849974622e-06;7.876588594477146e-06;6.258023703698131e-06;5.493438856857983e-05;5.892537171777688e-05;8.132139868854919e-05;0.00010220020972299408;0.00010531815511273358;0.0001010940148677346;1.831344488123312e-06;1.68617712973292e-05;7.687505273889544e-06;2.506051539364355e-06;1.0681682183473078e-05;1.0509128501123481e-05
00:39:02;373;9.87000038709208e-06;1.0746555434004993e-05;5.7605920403742955e-05;1.4881140685283547e-05;9.897295751283185e-06;9.461386856525099e-06;1.4552330056134947e-05;8.46906749142239e-06;1.2555109686280213e-05;6.409686936850986e-06;9.93974944017075e-06;9.20519221768824e-06;9.100808737566075e-06;6.401921271568447e-06;7.566311464560468e-06;1.5181411463690662e-05;1.1247818724481061e-05;1.0554485205703494e-05;1.6236480658772975e-05;9.430606836229092e-06;1.2297852559709963e-05;6.96166684571801e-06;1.141567840529171e-05;1.0352163653921327e-05;9.933587166357673e-06;7.188335541885161e-06;8.158575101218428e-06;6.841400349503385e-05;4.7061473382666415e-05;0.0001207605005817119;0.00017062879413314128;0.00011358080877756293;0.00012502918227511118;1.2510528939433136e-06;1.5294288494938093e-05;5.816020327762915e-06;2.048384684935384e-06;1.0644749644786224e-05;1.0741786153321921e-05
00:39:08;374;8.857155406680953e-06;9.8356236845529e-06;6.905992008118931e-05;1.0313009384012936e-05;1.8905788493839282e-05;8.980405234317665e-06;1.1092775115431861e-05;6.531840643475562e-06;8.70633940376241e-06;4.992050807960492e-06;1.0144553359933441e-05;9.45924928172107e-06;5.5993835078089145e-06;5.896407660153293e-06;5.6640582070211955e-06;1.0852846491063615e-05;2.0024278847249432e-05;1.0439038651153929e-05;1.3003399579224318e-05;7.544621016504722e-06;8.688259629108664e-06;5.80407661317035e-06;1.1662669564855928e-05;1.0528946393007366e-05;6.507367360531065e-06;6.7231723871281e-06;6.248804541578062e-06;5.024383657279082e-05;4.286737038925881e-05;0.00023057165576741712;0.00029801081836498095;0.00010828658059612996;4.785665193875026e-05;1.1100126684503818e-06;2.008720478280463e-05;5.426334200270486e-06;1.7542294536425542e-06;1.1247230062736314e-05;1.1257116177039174e-05
00:39:14;375;8.358950271837205e-06;9.378750361019563e-06;4.76442713961561e-05;1.0054716750832169e-05;9.331646053050752e-06;9.20546696841546e-06;1.2099304195797602e-05;7.717196297753823e-06;7.4551273692562025e-06;5.2070938965894955e-06;9.812660699992648e-06;9.44838645980636e-06;5.519020632182116e-06;6.414668353665382e-06;8.042112073331447e-06;1.1060901957949405e-05;1.0585703076006361e-05;1.0472305618776186e-05;1.4534740238317842e-05;8.488404235529604e-06;7.642371811822227e-06;5.774390320432678e-06;1.1383515028901918e-05;1.0711068015656497e-05;6.385374081794827e-06;7.23261700841249e-06;8.273609729499934e-06;5.328973359125034e-05;5.273762143302218e-05;0.00012195956363432105;0.00012665247025404018;0.00011511830422654019;5.312088666370086e-05;1.4062182270106528e-06;1.82310140139402e-05;7.335032974280868e-06;1.1501085386393702e-06;1.0916469049831517e-05;9.813834147295806e-06
00:39:20;376;1.0163621196697518e-05;1.1128597743893956e-05;7.185774091490563e-05;6.805441869191369e-06;7.804845312426261e-06;1.1442787717767674e-05;1.2451479675364267e-05;1.4554129014692824e-05;2.1691876779331405e-05;5.258013675689778e-06;1.0150153395277977e-05;9.07587303541649e-06;8.654980714016926e-06;7.182873030586734e-06;6.890996800734683e-06;7.247846491437382e-06;8.984432635678544e-06;1.2450012796255613e-05;1.4776015287000668e-05;1.5401559140409056e-05;2.147470861271796e-05;5.830806011994055e-06;1.1512685271359086e-05;1.0144575057144916e-05;9.603786623566648e-06;8.368244489477697e-06;7.7484960744601e-06;6.818961829012904e-05;5.381706328346226e-05;0.00016366642986078466;0.00028335539767869385;0.00012430059126737958;0.0001257311322786473;1.0983806926744188e-06;1.3828496171127082e-05;5.430416423003471e-06;1.8696802130361122e-06;1.0240356689000219e-05;1.0765328130929818e-05
00:39:27;377;8.223015763581481e-06;9.239758669479404e-06;6.092644997400688e-05;7.505579839578951e-06;8.794419139752046e-06;8.479817915811468e-06;1.0208671076968171e-05;6.674288871395944e-06;7.113321597852394e-06;4.242386457323474e-06;9.164643182528339e-06;1.2774770367359038e-05;1.1103915084540652e-05;6.0469087217866635e-06;6.567463465824051e-06;8.101047362426378e-06;1.0008381161265167e-05;9.732481372983657e-06;1.2511545005681796e-05;7.74814045627541e-06;7.333936381759417e-06;4.865137181603799e-06;1.0632370078060894e-05;1.3941031721526687e-05;1.1917125482773084e-05;6.809439116606674e-06;7.276464749580393e-06;5.7540368362032894e-05;5.55386008710934e-05;0.0001943430436174223;0.00022851657240753948;9.364439749803773e-05;5.27648360711266e-05;7.539392085387793e-07;1.8419199485804633e-05;6.15348333791316e-06;2.959284382355697e-06;1.0441795724430995e-05;1.0041878721786728e-05
00:39:33;378;9.697553601675033e-06;1.05780920674516e-05;5.732294052716141e-05;7.633278276454224e-06;1.207375586886883e-05;9.467504058462014e-06;1.2170167897290247e-05;7.5656536654119835e-06;7.503653852774567e-06;4.329559484584809e-06;1.8652692326461626e-05;1.526326780714788e-05;9.774258326186471e-06;6.098249980626943e-06;5.838598327236675e-06;7.955879977365655e-06;1.2936234466169366e-05;1.064802194078662e-05;1.3975096972220094e-05;8.824406760843114e-06;7.73524496690709e-06;4.934872969920722e-06;1.9803171095259996e-05;1.577438402657922e-05;1.1021459440713972e-05;6.827210827280776e-06;6.5011178511541184e-06;4.9645714232770674e-05;4.9683660083910144e-05;0.00014590253012042824;0.00022331525008244583;9.828101711851493e-05;6.616592690016529e-05;8.431500465949216e-07;2.4219812450955233e-05;5.980710257111817e-06;2.3804123690509863e-06;1.0389792802167113e-05;1.1067309861821622e-05
00:39:39;379;7.5251135339985096e-06;8.581266217644745e-06;7.838429561036845e-05;5.968409147915178e-06;1.2431373429483921e-05;1.0452025436662057e-05;1.0216454916319021e-05;6.683077237955683e-06;6.108011512008137e-06;4.088352076275276e-06;9.436379184147757e-06;7.883142509838722e-06;5.505634064529762e-06;5.839595652448989e-06;5.68890467404644e-06;6.643451711227764e-06;1.4171470336551937e-05;1.1575745972976033e-05;1.2277969860026385e-05;7.937548115812287e-06;6.313570660886743e-06;4.6233927703356075e-06;1.086750442574399e-05;9.094538021415673e-06;6.322987004911934e-06;6.782942427544416e-06;6.364070020337542e-06;6.586863851730393e-05;4.897176090946136e-05;0.0002646484250778962;0.0003453862183135558;0.00010387560460975487;6.248662504895708e-05;1.0447953070489595e-06;2.0734579904977135e-05;6.15433514727263e-06;1.355136738718708e-06;1.003078962153835e-05;1.0054638127936445e-05
00:39:45;380;7.317321092805494e-06;8.320079895027079e-06;5.925108873431128e-05;6.107916771146517e-06;7.524663474937783e-06;8.642913423981016e-06;1.0675358845963439e-05;6.167238750071585e-06;5.645154019553254e-06;8.706365255567954e-06;8.913529840206344e-06;8.98328762520929e-06;4.920693945238823e-06;6.590779313016397e-06;4.9299499367676125e-06;6.673474229190313e-06;8.902509589576386e-06;1.0099672566912552e-05;1.2536797903176424e-05;7.001714873441887e-06;5.820517436646535e-06;9.68529207057145e-06;1.0361950444348622e-05;1.0238419483495726e-05;5.620546692660332e-06;7.37681513691072e-06;5.523245328754744e-06;6.016885030117469e-05;4.70123471126745e-05;0.00016766995605454452;0.0002140919286957817;0.00010912114605322472;6.468399243775713e-05;1.7495503937095778e-06;1.6530653215715492e-05;6.705447200203759e-06;1.8327205052606816e-06;1.088215341649777e-05;1.056431942519081e-05
00:39:51;381;7.393126316075764e-06;8.33889128478381e-06;4.763670138166452e-05;6.0407897292820545e-06;8.613827528268882e-06;8.295428688530716e-06;1.246680799095078e-05;6.043226709031367e-06;6.7982622915317075e-06;4.963717895055776e-06;9.063534420115296e-06;8.380314915386448e-06;5.794660249979312e-06;6.386687060261858e-06;5.870256039970783e-06;6.600052558174475e-06;9.759452916137267e-06;9.556866586270971e-06;1.414101749520065e-05;7.07437570321118e-06;7.129027444189208e-06;5.475097079305428e-06;1.048682559807667e-05;9.577556485527555e-06;6.551446496146875e-06;7.175087680882859e-06;6.539886035631143e-06;6.474868892357705e-05;4.952184409593731e-05;0.00012407778585938833;0.00012965521264941392;0.00010251866237409466;5.621902133221839e-05;7.741243404582721e-07;1.4843238486355814e-05;6.67049145903479e-06;1.6966326756998055e-06;1.0824911328816144e-05;1.0089803054980019e-05
00:39:58;382;7.219646229052821e-06;8.220170514770089e-06;6.538621802487845e-05;4.799813329337997e-06;7.347527708842253e-06;1.0076202251241284e-05;9.919245744459783e-06;7.978543393314588e-06;6.14879629200583e-06;4.115444986332116e-06;8.268235222627398e-06;1.0490223358255497e-05;6.968420452386164e-06;5.659151100058001e-06;4.864148881657891e-06;5.422819617418595e-06;8.734613868599106e-06;1.129095431402859e-05;1.2044018897345094e-05;8.832807366218996e-06;6.390918056413169e-06;4.530870461466396e-06;9.727430580501796e-06;1.171038347590034e-05;7.847781452129092e-06;6.473346021738496e-06;5.636098505212569e-06;6.387947949622741e-05;5.707276421412313e-05;0.00019607168305778744;0.0002411347431800791;0.00011715738928488669;6.111419771095472e-05;1.0901744138016684e-06;1.9620097422792403e-05;5.309156214368267e-06;1.9843207296442066e-06;9.923438212372637e-06;1.0277172361504025e-05
00:40:04;383;6.612463744075243e-06;7.632751407118697e-06;5.650888083265935e-05;5.1361878360916595e-06;8.558913874361968e-06;7.948611226993307e-06;9.865057734259608e-06;6.64094966945134e-06;5.512675264314608e-06;3.854446256713505e-06;8.644261313215587e-06;7.598072075025315e-06;5.5262664479275e-06;5.693425651416688e-06;4.370695750695446e-06;5.867003967322017e-06;9.83334335108373e-06;9.403958624198257e-06;1.2032414827134041e-05;7.661471019236149e-06;5.689103467881944e-06;4.529019288614258e-06;1.0007891248704577e-05;8.791582889829488e-06;6.268904682449058e-06;6.4957326524367825e-06;5.012588276201049e-06;6.309904978073846e-05;4.989212757072285e-05;0.00016021154174122588;0.0001933849577812066;0.00010730413280590295;5.500289834962055e-05;9.55768178744715e-07;1.9288007794680068e-05;6.16757657625266e-06;1.6751820949323558e-06;1.0791821230149365e-05;1.0333506087735884e-05
00:40:10;384;6.6212874097521475e-06;7.606849700280265e-06;6.50387967664446e-05;4.845389520240091e-06;7.108373742555201e-06;7.78492795399705e-06;9.77064054100393e-06;6.544760924563e-06;6.0047794505635466e-06;5.059010062586305e-06;8.854526239009498e-06;7.571492072987564e-06;4.511829633780838e-06;5.91922727947876e-06;5.480489503510584e-06;5.482926156483826e-06;8.27406864440882e-06;9.15906958894832e-06;1.1790176105495437e-05;7.616771660040389e-06;6.229661813691403e-06;5.695284008203389e-06;1.0339018306787025e-05;8.797290964922248e-06;5.191069027504558e-06;6.715433070744842e-06;5.991425415588678e-06;5.7979041383724e-05;5.4141074941292154e-05;0.0002195583008917293;0.00023718947891465783;0.00011419898024214924;5.1091666867763866e-05;1.6492628656652896e-06;1.6660358255244775e-05;5.800161502680586e-06;1.3117018897215446e-06;1.149110353834885e-05;9.394429904357723e-06
00:40:16;385;6.261094091025205e-06;7.269593315638154e-06;6.651688573744756e-05;5.157300837055345e-06;6.87899660466552e-06;7.994052898590615e-06;1.0027694163997323e-05;6.13713639164747e-06;4.873852663355262e-06;4.270941968894962e-06;8.25675735685846e-06;7.51883607043944e-06;4.279149914248654e-06;5.231672393403063e-06;4.506736009995455e-06;5.790978735327556e-06;8.111718285317117e-06;9.354194303399065e-06;1.1998827193553862e-05;7.112605288379591e-06;5.125600948096828e-06;4.8105105351963555e-06;9.825980162566316e-06;8.75326799636057e-06;5.040251115916144e-06;6.1328094465974154e-06;5.1783740443020584e-06;6.403856840063836e-05;5.598171129003822e-05;0.00022023601515363373;0.0002484223306111796;0.00010958261621845698;5.449016994304103e-05;1.1146578005658497e-06;1.69089532916918e-05;5.701874356445308e-06;1.2415921842831973e-06;1.0611721958919743e-05;9.872417640476831e-06
00:40:23;386;6.223555005326696e-06;7.22137950486032e-06;6.851750280407856e-05;4.8098856065724824e-06;6.8576530274164975e-06;7.87297964034327e-06;9.537661246642157e-06;5.87301432956751e-06;4.854920636822933e-06;4.8813491566399785e-06;8.332562281054834e-06;7.68265359402614e-06;4.574051259450843e-06;5.070842576060386e-06;4.3350848674027596e-06;5.4302718990008624e-06;8.09716100522127e-06;9.196046339408745e-06;1.1733512933518152e-05;6.735714439947756e-06;5.065884084339089e-06;5.466752065354118e-06;9.754126397097082e-06;8.820376651668464e-06;5.3986609485416664e-06;5.919125235006412e-06;5.038920142373794e-06;6.352532714851307e-05;5.76631201744016e-05;0.00022186321757155814;0.0002643415781202272;0.00010828895821860845;5.829953236753305e-05;1.3884169495164623e-06;1.881055751798367e-05;5.7836843981216845e-06;1.3673356663537726e-06;1.0745705881583379e-05;1.0132599634542106e-05
00:40:29;387;6.033776963156677e-06;7.0342925592061114e-06;6.462198546633212e-05;4.726295357990941e-06;6.988537111593277e-06;7.791947271326452e-06;9.811285157726699e-06;5.569301915965173e-06;4.6583175477818175e-06;3.5484593253249326e-06;8.227659193948966e-06;7.2819155938284234e-06;4.255592171502216e-06;5.0989475630041685e-06;4.447063409558765e-06;5.373078451318374e-06;8.294954971495804e-06;9.138243271242768e-06;1.1872563293222868e-05;6.627265485826971e-06;4.8988966319726225e-06;4.083968512612598e-06;9.707251437352102e-06;8.445743241040124e-06;4.9338797815593515e-06;5.873309465307931e-06;5.162354345654272e-06;6.020311666468634e-05;6.220543720662368e-05;0.0002011985126455008;0.0002390535423105532;0.00010625835907752322;6.013186711391844e-05;1.0892921922057135e-06;1.7118433652656703e-05;6.129959853287916e-06;1.3739864973600643e-06;1.080883224671696e-05;9.892486134952354e-06
00:40:35;388;6.034836265459117e-06;7.057567179085881e-06;6.572227205279527e-05;4.938669311242578e-06;7.209220949665575e-06;7.745034342189104e-06;9.386946468287698e-06;5.635778530885008e-06;5.030914226787011e-06;3.5994486975645468e-06;8.142971219497626e-06;7.198500713653547e-06;4.375337964742957e-06;4.885101890359713e-06;4.2701089956086555e-06;5.630794769590293e-06;8.570655396236166e-06;9.17730427847599e-06;1.1398262750280761e-05;6.733401646727808e-06;5.221371108596434e-06;4.124989757230329e-06;9.536923249769746e-06;8.37110799325216e-06;5.16687445949024e-06;5.741823899738904e-06;5.017294977480123e-06;6.166834968002747e-05;5.677818158331781e-05;0.00019768886462575392;0.0002520319378921806;0.00010867646592704132;6.49726602034322e-05;1.0386099570273243e-06;1.768141190361865e-05;5.850553177084545e-06;1.6579142480937543e-06;1.0876582860082878e-05;9.745732575882529e-06
00:40:41;389;5.892636985875428e-06;6.93712415421585e-06;6.297094541827106e-05;4.639289810820008e-06;6.830574476297939e-06;7.5517173262989505e-06;9.198259714470293e-06;5.631363888495984e-06;4.560576589989813e-06;3.4373499912279923e-06;8.021379520848562e-06;7.14219313896985e-06;4.413472751061611e-06;4.88183574793249e-06;4.403628867777343e-06;5.2623537399834084e-06;8.093823746807911e-06;8.93483108564949e-06;1.1369510554652174e-05;6.677472111744153e-06;4.898586146023435e-06;4.021662708867011e-06;9.602705850289866e-06;8.41449422342187e-06;5.179582218790782e-06;5.695409671014066e-06;5.095055818936642e-06;5.9016868336237406e-05;5.728413412108473e-05;0.00018583975565792854;0.00024024988178492584;0.00010761688869429599;5.854622336482135e-05;1.1508686966655714e-06;1.8269203207134175e-05;5.621565277504682e-06;1.6200340891195905e-06;1.074124064141949e-05;9.694681148115309e-06
00:40:48;390;5.925403622148389e-06;6.953947918133698e-06;6.108762316553143e-05;4.734062538990326e-06;6.81974103661725e-06;7.622448625904161e-06;9.361132678717157e-06;5.497341879651623e-06;4.659959153421121e-06;3.6552833513135075e-06;7.931101458005038e-06;7.086630033499701e-06;4.503773247354172e-06;4.879753462719546e-06;4.353613980353802e-06;5.352014997260074e-06;8.108744427600073e-06;8.955553767009405e-06;1.147932053305639e-05;6.559620706417563e-06;4.9153999889658504e-06;4.210265718869824e-06;9.539988880107235e-06;8.307025675808117e-06;5.260681982230081e-06;5.728691472610034e-06;5.030065359520288e-06;6.041033016512192e-05;5.697924629847115e-05;0.00018014178391960315;0.0002229016735318476;0.00010834926759960194;5.766704785459338e-05;1.2070280165133848e-06;1.745342375231825e-05;5.78974617184962e-06;1.6284529571322855e-06;1.0821919453137566e-05;9.701558266186886e-06
00:40:54;391;1.392128172028606e-05;1.4984553649522735e-05;4.864143766315687e-05;9.726474191557537e-06;2.946508177424014e-05;9.960669833023159e-06;2.4683714382366485e-05;9.266469908973043e-06;8.809516875177534e-06;1.5649302482565666e-05;1.1719893515631115e-05;1.3328194898773207e-05;1.273565185949172e-05;9.260379287147977e-06;1.24500273021123e-05;1.0162485028282574e-05;3.115932039564322e-05;1.1067614955612079e-05;2.6374949616010895e-05;1.0629230594451102e-05;8.685287279541062e-06;1.7283532842260614e-05;1.29095913772416e-05;1.5062426047987611e-05;1.3045038157761616e-05;1.0053166320924706e-05;1.338199508839502e-05;5.909808913935459e-05;7.03739715981439e-05;9.116144254897775e-05;0.0001164483617156306;0.00011177297110918501;8.127060639095126e-05;2.8613287385391148e-06;2.2669246137647552e-05;5.674602075570404e-06;9.284821304280526e-07;1.0545330951667208e-05;1.0892819421787122e-05
00:41:00;392;1.0841069106184229e-05;1.1894662011285089e-05;6.354083059522116e-05;8.26289052339875e-06;1.0160286577006032e-05;1.3914181722766857e-05;1.207826803034157e-05;9.213438124917998e-06;6.088313303691124e-06;1.4172774716572887e-05;1.3681611436182225e-05;1.705434558568248e-05;9.515841759495784e-06;9.075438236229935e-06;6.875435500768907e-06;8.644014519344222e-06;1.1566558228717245e-05;1.4813615087382171e-05;1.4382542654926464e-05;1.055162535142043e-05;6.475516778364987e-06;1.5433729838806828e-05;1.4834107108221868e-05;1.8253033494711646e-05;1.0400099251421147e-05;9.782169503454543e-06;7.598927840251546e-06;5.841454910411619e-05;3.871447723886848e-05;0.0001754233530718218;0.00025028008803686076;0.00011199154146602548;7.320242666985397e-05;3.257478641743116e-06;2.1845683114899918e-05;5.564112209982579e-06;1.425880375497039e-06;1.1568024558790375e-05;1.0802352654194318e-05
00:41:06;393;1.4786148505343341e-05;1.5704492605298675e-05;7.643052447343292e-05;1.1604119476709746e-05;1.1100923871445254e-05;1.688978987860165e-05;1.5937745080856818e-05;7.944616620004684e-06;8.763445474099543e-06;7.731842302405312e-06;1.83263670085022e-05;2.1845297723643853e-05;7.633982642312793e-06;3.159564105265583e-05;1.806000630531137e-05;1.2391549095314709e-05;1.2353091952269395e-05;1.7550085097274306e-05;1.7768393390033913e-05;9.056821880544185e-06;8.981493931658613e-06;7.813781587197187e-06;1.897416993265727e-05;2.305667071077896e-05;8.19021945546088e-06;3.3194479397888575e-05;1.9123149643205636e-05;8.017142529218674e-05;6.027838749436285e-05;0.0003488896517762638;0.00024825170040718256;9.942067163619441e-05;2.8063010980772e-05;5.975157570479057e-07;2.1889276646875292e-05;6.26631568648764e-06;7.841251811062875e-07;9.28979191060183e-06;1.326442091211345e-05
00:41:13;394;1.138291387095788e-05;1.2287226196303315e-05;6.408683719453532e-05;8.082473048499526e-06;1.996395575205993e-05;1.1271161409612516e-05;1.580957728658012e-05;1.1665248609011252e-05;1.0162827512064352e-05;7.149299181269891e-06;1.744838395206278e-05;1.1690834592121229e-05;6.780591733181816e-06;6.678954760404436e-06;9.891654831955583e-06;8.328928581963564e-06;2.1566283665586388e-05;1.268884276053345e-05;1.793406151096584e-05;1.2398086531718462e-05;1.006540624305821e-05;7.527413978280066e-06;1.8562766140521375e-05;1.2754068790590154e-05;7.271495299311384e-06;7.573073041465802e-06;1.0776284852909157e-05;4.3258137250938755e-05;4.278092637524781e-05;0.00020928449855439618;0.00027003083919866703;0.00011281301551937193;4.720176541173186e-05;1.4190891747622145e-06;1.611743898183164e-05;4.152298067417204e-06;1.6504150447892673e-06;1.089801403724719e-05;9.435608718022706e-06
00:41:19;395;1.2555164169405295e-05;1.3512792802545466e-05;9.667495483532469e-05;9.661450781224671e-06;1.7041721741086555e-05;1.7140800457065613e-05;1.229973038166773e-05;8.866605417717272e-06;7.922466048688131e-06;1.786052602945822e-05;1.8296913894615003e-05;1.66527436843725e-05;6.541783418159949e-06;7.835087420072671e-06;1.0542137425643846e-05;9.714743077605402e-06;1.8646440654679914e-05;1.8449075169779532e-05;1.441054151839609e-05;1.0359362292973269e-05;7.60414711950506e-06;1.8971504410913014e-05;1.8899269377205983e-05;1.7947418994861182e-05;7.494476241983556e-06;8.651294748129726e-06;1.1005237347835415e-05;5.135034607132775e-05;4.346200517996823e-05;0.00042952580059701673;0.00043910145543246844;0.00011441119738929335;3.827797357231854e-05;9.934905398554694e-07;1.3959716833538437e-05;6.6706974512255205e-06;1.0973570739511832e-06;1.0154703997854342e-05;1.109471388507829e-05
00:41:25;396;1.062984179094945e-05;1.1617308366941317e-05;9.381212702236728e-05;7.377388728519401e-06;1.0752404427514442e-05;1.1326312007559574e-05;1.3557656528591492e-05;7.297826610009782e-06;6.782158657549851e-06;6.111543090593262e-06;9.921857405004175e-06;1.6673280152252285e-05;1.913092760281126e-05;1.1040379989941068e-05;7.586362485767495e-06;8.087429360105638e-06;1.1985459331057588e-05;1.2464808651778104e-05;1.5773796838379605e-05;8.332124091598243e-06;6.907558588265394e-06;6.606250871058526e-06;1.1498624938017028e-05;1.8177233638958063e-05;1.9888279790462503e-05;1.161055767705518e-05;8.075572931018173e-06;5.1448009120975154e-05;5.202105226141758e-05;0.00035331022285954296;0.00044639320373008034;0.00012188798077821292;5.2087991606925604e-05;1.2335456076844919e-06;2.216133347345733e-05;4.283882041673684e-06;1.2651645418902172e-06;1.1427616086805975e-05;8.225522159740852e-06
00:41:31;397;9.372234333423792e-06;1.027510175914312e-05;8.40846116781175e-05;6.971669717808544e-06;1.0544613756864733e-05;1.385913375302876e-05;1.209705381264505e-05;8.833040216674446e-06;8.13329042741047e-06;6.535031016855183e-06;1.4738834812016483e-05;9.253789719953044e-06;5.882972514631939e-06;8.362190801459622e-06;7.25518769619591e-06;7.527657688322368e-06;1.1676978927057405e-05;1.4982587874581878e-05;1.4251106843898291e-05;9.753606390623197e-06;8.114123012333788e-06;7.0903680076482974e-06;1.606400572982929e-05;1.0362062968414637e-05;6.5510949188816845e-06;9.014512486345079e-06;7.913112307206471e-06;6.115873674725492e-05;5.47601363937313e-05;0.0004103239855564223;0.00029698797374008923;9.104298384797535e-05;4.4592452027491903e-05;1.0210661726627736e-06;1.8618872398473733e-05;7.090195509241509e-06;1.4146789901755198e-06;1.1172516727083963e-05;1.0831742026807825e-05
00:41:37;398;9.501186575924045e-06;1.0446458608258362e-05;8.557955310266702e-05;8.519345793832723e-06;1.2007632320696551e-05;1.8542261351874664e-05;1.1357476744613201e-05;7.462560109093953e-06;6.3393016379687985e-06;4.607742860071343e-06;1.1715741333194853e-05;8.974176896391452e-06;5.674396172010305e-06;1.0392741681383457e-05;8.420858253285504e-06;9.362283395326997e-06;1.3388716703232177e-05;1.9474662691163182e-05;1.352259042056475e-05;8.381718405963753e-06;6.441408902302803e-06;5.193436974670614e-06;1.3114151615694407e-05;1.0100375042200056e-05;6.468925529231997e-06;1.1035422573248852e-05;8.873807819097088e-06;5.585231423046016e-05;4.7035388453773535e-05;0.0003315654375079377;0.00041188970083758634;8.600448862615847e-05;4.988522984920821e-05;6.519291352078794e-07;1.8399074871514666e-05;4.826849263295152e-06;1.479936462318042e-06;1.0010943072355987e-05;9.353344922187856e-06
00:41:44;399;9.517270078938303e-06;1.0405178313070607e-05;6.585975762627784e-05;1.0649646828720837e-05;1.053154721959841e-05;9.684488232282588e-06;1.263098425658365e-05;1.0074533099797959e-05;7.99639497340753e-06;6.220703000149218e-06;1.0257427322554493e-05;9.093023690938521e-06;7.77041601648679e-06;1.1916538255718478e-05;7.381534388819298e-06;1.1066910419570757e-05;1.1629665320320275e-05;1.0818228889271452e-05;1.4430215143667876e-05;1.08793592977535e-05;7.97110940282759e-06;6.964847861000416e-06;1.1557095080252687e-05;1.0282042579472292e-05;8.484745954268e-06;1.2680233696669405e-05;8.09768051089744e-06;4.3301065051573826e-05;5.3055629961809896e-05;0.0002083419626260208;0.00026919188675846923;0.00011886503158798332;5.2761052564296806e-05;1.0248517246293606e-06;1.7273214355801225e-05;5.32843132357594e-06;1.83485072379651e-06;1.0341529989539922e-05;8.99758484783707e-06
00:41:50;400;1.1071764441019447e-05;1.187399613880626e-05;4.6901299422460076e-05;7.435860146126123e-06;1.267775731925915e-05;1.1752111230510888e-05;1.4208264109976716e-05;2.6905724541589652e-05;9.178169590804622e-06;5.832778184162118e-06;1.2585464683018637e-05;1.124250140546482e-05;6.221073822713792e-06;8.245700907849596e-06;6.575763698567595e-06;7.915788006081314e-06;1.3682971107703487e-05;1.2931037210502744e-05;1.6344816236896e-05;2.6905410190402455e-05;9.03329693663849e-06;6.495961709828684e-06;1.3748089886460928e-05;1.2059118299602452e-05;7.0698413396655e-06;8.894006786928763e-06;7.407611600326705e-06;4.166157880136324e-05;5.659923107636695e-05;0.00011421629045478981;9.987113457039003e-05;0.00013625336276859123;7.533699400998727e-05;1.8815515613247074e-06;1.258786823802103e-05;4.123921836433724e-06;1.7777010637036026e-06;9.98904002788219e-06;8.516918660667028e-06
00:41:56;401;1.4543045929051665e-05;1.5449278306951334e-05;0.00011827805082192071;7.232194923419271e-06;2.0913631965930275e-05;3.620039255606984e-05;1.4558372529646393e-05;8.957706754131323e-06;1.5220267937624241e-05;1.1538194617279693e-05;1.8324649389001024e-05;9.276655287170467e-06;8.415312885161216e-06;1.3784513249959218e-05;1.0094655031232172e-05;8.022758835597668e-06;2.3294458434422637e-05;3.681332501527541e-05;1.6498989898997323e-05;9.706434667937692e-06;1.5036192582809673e-05;1.189231252455896e-05;1.9549797337886852e-05;1.0413734090906462e-05;9.310227913466648e-06;1.4463686459783253e-05;1.0389416378460783e-05;6.348478842500541e-05;6.20055248296292e-05;0.0006984322137738459;0.00042482499134549194;0.00010959123857789702;1.7785431351982365e-05;1.1905667459451044e-06;1.578209736112516e-05;5.545607609775138e-06;1.0824805009272688e-06;9.704610281927499e-06;9.907059059496797e-06
00:42:02;402;1.1154935229094256e-05;1.2158377218458807e-05;5.929903694283125e-05;9.965602131956075e-06;1.0972853187044249e-05;1.3385664832231793e-05;1.105124059560839e-05;7.461449590548145e-06;6.4126396107543435e-06;2.558515845020214e-05;1.242721216178986e-05;9.373371447261228e-06;7.012445395107844e-06;1.4703824230754105e-05;5.507757711081302e-06;1.0653561085872972e-05;1.2385772871438568e-05;1.4485497282478292e-05;1.3399391120194334e-05;8.496806947709668e-06;6.813294447378603e-06;2.618317655646876e-05;1.3360050886575077e-05;1.0592881107520124e-05;7.729479173438541e-06;1.5743248028068395e-05;6.057362909388436e-06;5.489660872507631e-05;5.382744490127046e-05;0.00013474163909812833;0.00020525055219099028;0.00011501359262416481;9.768050514233227e-05;2.5148693149941233e-06;1.9130207155623023e-05;6.315703356305896e-06;1.5191431765443753e-06;1.1638012444343905e-05;9.060165184201203e-06
00:42:08;403;9.728372951010236e-06;1.0806630736532256e-05;5.0762049016585536e-05;7.944014508997167e-06;9.545360102498018e-06;1.0423154077055973e-05;1.3740161704008228e-05;1.0760650457474309e-05;7.357622113023478e-06;1.0373937574828771e-05;9.437479041645764e-06;1.2708306747619893e-05;8.193495783101215e-06;6.449453481332574e-06;9.806836542674608e-06;8.45552617474938e-06;1.079684409001235e-05;1.1521571166990207e-05;1.576823451844725e-05;1.1758168724715883e-05;7.703720867435618e-06;1.1390814725479075e-05;1.1073935460260571e-05;1.3828479300000368e-05;9.381380942049642e-06;7.350576013294225e-06;1.06503130730663e-05;6.331730715295463e-05;4.956908790744762e-05;0.00010344836438159765;0.0001419875846475618;0.0001041628299349183;9.957671767249456e-05;2.9761478625617886e-06;1.685982488371464e-05;4.2233144596560074e-06;2.625823804689131e-06;1.0914482389496077e-05;9.483103101934222e-06
00:42:15;404;8.573456309658344e-06;9.49936796282197e-06;7.614062676132968e-05;6.3372333775775625e-06;8.691362637591737e-06;1.5180391216063072e-05;1.1415212742091088e-05;6.502283352396241e-06;5.8966634028934095e-06;4.863038465171857e-06;9.132491243235563e-06;8.454943741495216e-06;1.3319193082591854e-05;6.8173864465589675e-06;6.271272542399877e-06;6.903531224843736e-06;9.850483360124496e-06;1.634875695080028e-05;1.3445555850921664e-05;7.412954976678497e-06;6.031027410993179e-06;5.392058215598993e-06;1.0603107270232808e-05;9.549697782099027e-06;1.3917184321455145e-05;7.671286265910648e-06;6.86676841286487e-06;7.392016704579587e-05;6.1028897804342486e-05;0.00033995540792418355;0.0002630598993046019;8.837136420122617e-05;4.328009025363735e-05;5.725533029886322e-07;1.588484385181405e-05;5.997815154304196e-06;1.756716010494353e-06;9.669145832117224e-06;1.019062045045062e-05
00:42:21;405;8.657578336174703e-06;9.579384967062513e-06;9.298053235894994e-05;6.554324914728485e-06;8.276659882385088e-06;1.5284596746570596e-05;1.0836904510566372e-05;7.585725572699754e-06;6.528599902305194e-06;6.197606077956214e-06;9.132342864471742e-06;1.1025238813224611e-05;1.1049434130489482e-05;6.260648366921115e-06;5.158854656108567e-06;7.265235477530904e-06;9.640035553770125e-06;1.6544206729018767e-05;1.2891106847216835e-05;8.332457703464926e-06;6.725974589232775e-06;6.5795765168113115e-06;1.0487287546553328e-05;1.224614320390289e-05;1.1520655121624063e-05;6.949886183871127e-06;5.7700492648051935e-06;6.923133916272644e-05;6.159391521865743e-05;0.0003939602021587716;0.00039657523050123196;0.00010238765818215206;4.485236302949651e-05;9.62869376910048e-07;1.7661410643975217e-05;6.090315683658713e-06;8.47311219022442e-07;1.0674355779400085e-05;1.0929417351397006e-05
00:42:27;406;9.684453070752335e-06;1.0570639598789725e-05;6.694854794557498e-05;7.046581259182651e-06;8.625764905254776e-06;1.388347260703168e-05;1.4460094680595665e-05;8.295641439236658e-06;6.849341396275577e-06;8.671815341123398e-06;1.0955509918243354e-05;9.441236609316919e-06;5.94652773664641e-06;6.580921814441416e-06;1.5456525565065764e-05;7.730751320518202e-06;9.808457762810115e-06;1.487000561241927e-05;1.6308063176081845e-05;9.081620882619674e-06;6.924151081495692e-06;9.30221089899383e-06;1.2284710061941973e-05;1.053582555765457e-05;6.653677931503404e-06;7.203428203520392e-06;1.61447692853126e-05;6.825944761704563e-05;5.993177334468462e-05;0.0003169260984576998;0.00019160687360327352;9.616735404195781e-05;2.7011327205542395e-05;6.844679389503218e-07;1.5644614315564795e-05;6.441441546163993e-06;7.882820011328205e-07;9.814816356120466e-06;1.0106078918763554e-05
00:42:33;407;8.192750617555786e-06;9.122815293877362e-06;5.479644983776158e-05;5.591945603294397e-06;9.849435562097659e-06;9.016733503518605e-06;1.0201037091080293e-05;6.5156241258922485e-06;6.7261848515959794e-06;5.571480529779778e-06;1.3424665778865636e-05;8.004520092247896e-06;5.974240441989051e-06;1.2223447731814344e-05;5.213688666895099e-06;6.189466413288065e-06;1.1102103265249199e-05;1.0200553776796162e-05;1.257409349484907e-05;7.326802857923086e-06;6.905575625025932e-06;6.196211292193812e-06;1.4270184853753736e-05;8.998778078340721e-06;6.8497622981374636e-06;1.2987140024374121e-05;5.873106869606815e-06;6.476058189143354e-05;6.150816732789067e-05;0.00013486450867237882;0.00017031318016418805;0.00011075281389479008;6.052487167190255e-05;2.0088414649390993e-06;2.4072927144749005e-05;6.446517104948047e-06;1.7153244481538926e-06;1.0892409378641717e-05;9.69725488912342e-06
00:42:40;408;6.874478695547995e-06;7.78726641179167e-06;5.930714989114306e-05;5.548420622664645e-06;7.466218692994434e-06;7.622596976246272e-06;1.1755093669695395e-05;6.695993864915615e-06;5.6231694885091406e-06;4.596250681872376e-06;9.620655223262599e-06;8.56537191589785e-06;4.781350087897223e-06;5.18607630342868e-06;5.032544781871903e-06;6.041158309892149e-06;8.76011308949423e-06;8.984529778922767e-06;1.3447174118298306e-05;7.645705317130866e-06;5.755437250972815e-06;5.099545165372731e-06;1.0841363481504921e-05;9.59826945026053e-06;5.544304508763576e-06;5.98699287227738e-06;5.742600924810476e-06;6.108575075634658e-05;5.050686168692847e-05;0.00018194509164295525;0.00021972443855885516;9.887031285028797e-05;5.5033189658893096e-05;9.757632632840826e-07;1.6958378036089523e-05;5.732219011520211e-06;1.129514594737735e-06;1.0653592231095154e-05;9.070686402723676e-06
00:42:46;409;7.343799416177759e-06;8.333650189170044e-06;7.128055662036235e-05;5.591655976063108e-06;7.087757571804849e-06;8.108646109470577e-06;1.0453869947468775e-05;7.2270377822808935e-06;6.854769050399702e-06;9.724375787682634e-06;8.718839217310274e-06;8.223070558053472e-06;4.689164297582755e-06;6.245818542926042e-06;5.200585780846206e-06;6.25554166963181e-06;8.37780420555692e-06;9.19887150625464e-06;1.2713889496301852e-05;8.018006817881634e-06;6.967079651628951e-06;1.0466966971221212e-05;1.018121451746578e-05;9.26133358766895e-06;5.443192615334565e-06;7.2097055992712795e-06;5.910192100335608e-06;5.664655413045469e-05;4.636042104945347e-05;0.00023007684609419897;0.00031841557145706863;0.00010718320879089517;4.743995122650993e-05;1.7873325487113488e-06;2.0524020393782002e-05;5.300597545815644e-06;2.1331826568817003e-06;1.0843568932044467e-05;8.655424618532151e-06
00:42:52;410;6.805719994996583e-06;7.802317150326186e-06;5.570294427677678e-05;5.291402982847289e-06;7.1107982299942955e-06;7.670129342975748e-06;1.2787780364802034e-05;5.426633506030757e-06;5.622442108817309e-06;4.834651271000791e-06;8.23533859579067e-06;7.446446823357953e-06;7.2870633105863325e-06;5.569111108756757e-06;4.386840569672111e-06;5.918020478124094e-06;8.241549448363993e-06;9.022701029791762e-06;1.4611855856602705e-05;6.531617753099926e-06;5.787402599282037e-06;5.3842374677803e-06;9.747686811961909e-06;8.658937076688744e-06;8.127777400198894e-06;6.416151866031651e-06;5.17986501120193e-06;7.215166837878782e-05;5.470104625609966e-05;0.00017251710440754502;0.0001689440481065622;9.977166283255656e-05;5.496146956939855e-05;1.303727701423139e-06;1.683478083952087e-05;4.9474950619688975e-06;1.697322886591306e-06;1.0775184618017198e-05;9.829820662849926e-06
00:42:58;411;7.312938263029619e-06;8.326989464427542e-06;7.048240149081335e-05;5.169353170812614e-06;9.009096159347378e-06;1.0310800068615642e-05;9.781522205220096e-06;5.919845925461686e-06;5.00720529249644e-06;4.516446962845387e-06;1.0640881818992717e-05;7.878265632593246e-06;8.94841234355681e-06;6.187324831718012e-06;4.386102254727575e-06;5.778910955213396e-06;1.0272157085844672e-05;1.1690584305821936e-05;1.187364779082289e-05;6.810102138244267e-06;5.255521463241857e-06;5.156273582082277e-06;1.2107297261766839e-05;9.220791491339075e-06;9.723881156545919e-06;6.951833423540215e-06;5.082869433230187e-06;6.313415426821381e-05;5.722087313762249e-05;0.0002524884455587019;0.0002718049696780983;0.00010742056973926934;5.037546864107209e-05;1.006944173019765e-06;1.5645445580496216e-05;5.052594168011199e-06;2.3962610316678288e-06;1.0332886974721564e-05;8.910204938866122e-06
00:43:04;412;6.271717547240934e-06;7.239855256534323e-06;6.438508793636152e-05;5.224849102218472e-06;7.0225906460502134e-06;8.603882219853693e-06;9.537326926595762e-06;5.51991532692465e-06;4.8792407689936885e-06;3.4158182769578556e-06;8.31445460391933e-06;7.641756536003186e-06;5.010645404207088e-06;5.134350785014745e-06;4.955777846437183e-06;5.89773958957186e-06;8.228038426796623e-06;9.816161395917068e-06;1.1490013208988128e-05;6.494076111450824e-06;5.0339938412964586e-06;4.009870053778286e-06;9.796870765771754e-06;8.718454628711996e-06;5.767734137407388e-06;5.9626297023655005e-06;5.6626792361903085e-06;6.146440646305242e-05;5.4041897585748715e-05;0.0002317488976043795;0.00023423204503267566;9.935544046562941e-05;4.237273114156246e-05;9.730028735305941e-07;1.960437406278691e-05;7.358787426611413e-06;1.3662587348165596e-06;1.0499591513302443e-05;9.60362233224209e-06
00:43:11;413;6.388708886685311e-06;7.440499377733868e-06;6.951300472605392e-05;5.641507902448046e-06;7.14551012751227e-06;7.65739919020544e-06;9.071320703087208e-06;6.052793073055537e-06;5.374327514896425e-06;4.0980392564646e-06;8.037683653841752e-06;8.254943018926042e-06;4.259854120518143e-06;6.741104218509587e-06;4.3300221380155275e-06;6.270993702556449e-06;8.455198670312309e-06;8.992973884624352e-06;1.1322036301217977e-05;6.956997833784251e-06;5.7632339547448675e-06;4.660203609966652e-06;9.504961378263055e-06;9.589198374600574e-06;5.04242484854745e-06;7.650571182860898e-06;5.077196877359308e-06;6.431769954221693e-05;5.6104292427703414e-05;0.000217314348716549;0.00028092449110161423;0.00010354442338842444;6.754365108827718e-05;1.2193684868597263e-06;1.7878622063802254e-05;5.044088538041202e-06;1.2842513255010453e-06;1.0090681088211137e-05;8.890138945446335e-06
00:43:17;414;6.2665985234905914e-06;7.275964205141866e-06;5.7877653263984264e-05;5.053783395810156e-06;6.569267669156241e-06;7.585110243336533e-06;9.277854074825468e-06;6.903412821269615e-06;4.865294928632383e-06;3.682912861952497e-06;8.610081618666175e-06;7.800487661055202e-06;5.666779893816325e-06;5.295126748385635e-06;3.8890684970609035e-06;5.7369617151598965e-06;7.832989980025686e-06;8.998540895937609e-06;1.1218676965792746e-05;7.892907102428534e-06;5.0270934272841165e-06;4.30520982505025e-06;1.0161459855064809e-05;9.003727243424105e-06;6.454955607146479e-06;6.10340788902065e-06;4.5756372383959985e-06;6.669089821514465e-05;4.9019015962140246e-05;0.00015560327992343687;0.0001969510513265853;0.00011273035071959784;6.659784333197425e-05;1.2964883517898544e-06;1.786936467350399e-05;6.0060641393719775e-06;1.8281672546572547e-06;1.0740894878879949e-05;9.198420390729083e-06
00:43:23;415;5.744567033616477e-06;6.778683678309294e-06;5.848519428296592e-05;4.449795525506385e-06;6.482135098260435e-06;7.209733597852102e-06;9.053301974921107e-06;6.018676858071165e-06;4.705941812878998e-06;3.587038649787256e-06;7.822512632639121e-06;6.833615145751537e-06;3.961803789758795e-06;4.828682105475289e-06;3.981565374612149e-06;5.1435048434645e-06;7.81735935803065e-06;8.656574739032731e-06;1.1314486896538521e-05;6.925045794030412e-06;4.883628452250688e-06;4.123635243317201e-06;9.336997836611243e-06;8.093123372568296e-06;4.6333440411528295e-06;5.725786765271804e-06;4.690714469021098e-06;6.506949655293778e-05;4.961316509566107e-05;0.00015546713698712423;0.00020943657988496233;0.00010812502447732877;6.891913569498984e-05;1.4291214358307893e-06;1.742830705498899e-05;5.5957837586650805e-06;1.408639633732986e-06;1.055271177101779e-05;8.777229048351435e-06
00:43:29;416;5.819574108107355e-06;6.836087748847085e-06;5.471108936765129e-05;4.561524514072475e-06;6.842524357544087e-06;7.1788254888102445e-06;9.56452717689031e-06;5.203747722665691e-06;4.501580078717573e-06;3.836176576883914e-06;7.625890901217438e-06;6.917573825598373e-06;4.2485999739741684e-06;4.881216644941395e-06;4.472700208747359e-06;5.280088034736234e-06;8.010970992772048e-06;8.472931307252008e-06;1.1560236641885183e-05;6.3218936454948656e-06;4.754635615945172e-06;4.378186905698753e-06;9.281319054497533e-06;8.052273233836705e-06;5.0200484266393755e-06;5.732292294529152e-06;5.1681747203175185e-06;6.804373768602222e-05;4.983134150992328e-05;0.0001479007534156198;0.00017739654870476676;0.00010814564941789061;6.071649710096162e-05;1.463461988939584e-06;1.6535746004745953e-05;5.521111115938839e-06;1.4551817804458807e-06;1.0649098422332586e-05;8.873945264228223e-06
00:43:35;417;5.723711534632127e-06;6.780366531322354e-06;5.950042901370592e-05;4.592982181412191e-06;6.532365348603393e-06;7.172421011215523e-06;8.912059441131118e-06;5.720071827268343e-06;4.611252817002506e-06;4.1613661560675874e-06;7.661429045604315e-06;6.608333068152723e-06;4.023358856903252e-06;4.724292780493173e-06;3.9646043174069625e-06;5.1918815027224634e-06;7.816518086944103e-06;8.52352530595845e-06;1.1059021491309057e-05;6.728779010389397e-06;4.863361565887455e-06;4.901756526549756e-06;9.34175851179583e-06;7.953591964998182e-06;4.719585546544168e-06;5.5813515407148946e-06;4.683265137540315e-06;6.592140847188976e-05;5.563753973894866e-05;0.00017160307504411162;0.00020442882636163102;0.00011142789396829421;6.0377811738759944e-05;1.4576792859203402e-06;1.668223351256887e-05;5.6802087355513095e-06;1.505953113627837e-06;1.0571581498223989e-05;8.710936694943467e-06
00:43:42;418;5.653681656977741e-06;6.681793072143764e-06;6.336837391863602e-05;4.555578814543796e-06;6.630329748185721e-06;7.462700424489619e-06;9.07976561589666e-06;5.171991608160004e-06;4.435218894694902e-06;3.342064616163043e-06;7.759498988558665e-06;6.810694425238043e-06;3.910115099420802e-06;4.728970629227805e-06;3.95724913330882e-06;5.2184035338760174e-06;7.897298070894998e-06;8.847716891310323e-06;1.105563737664967e-05;6.251883555302777e-06;4.731692892556002e-06;3.881486506969262e-06;9.341868733343613e-06;8.029032587613454e-06;4.6540655021780815e-06;5.580430973778572e-06;4.691998206401911e-06;6.613391944447352e-05;5.6153648595880165e-05;0.00019955883106264762;0.0002335185804512256;0.00010404384870284317;5.5434041719616136e-05;1.1347932657600303e-06;1.797812583021105e-05;5.458451392122791e-06;1.2976413389102713e-06;1.0689490477779001e-05;9.0191147421632e-06
00:43:48;419;5.595788876953313e-06;6.6200717108447955e-06;6.26446250674824e-05;4.413174665787975e-06;6.65182981149118e-06;7.237273335776577e-06;8.801406159684369e-06;5.066934135297433e-06;4.456548275946013e-06;3.422854781670088e-06;7.608082474968631e-06;6.701555392396585e-06;3.979706988197697e-06;4.645377746793532e-06;4.164721022835817e-06;5.070977378429372e-06;7.901623906876967e-06;8.587790978685629e-06;1.0841983555421187e-05;6.116164712106574e-06;4.700719564080149e-06;3.998622574565875e-06;9.241504484853528e-06;7.948341020362679e-06;4.681520766996384e-06;5.514437022231758e-06;4.837171385174137e-06;6.572874616091996e-05;5.255278949270775e-05;0.00019336499804835779;0.00023229233913769608;0.00010531271479987996;5.763366160231728e-05;1.354769702749954e-06;1.7245321092512423e-05;5.450545692046988e-06;1.347544790190027e-06;1.0702108880214703e-05;8.749961410195894e-06
00:43:54;420;5.583634998887729e-06;6.616868234497032e-06;6.117759067611406e-05;4.417179352471252e-06;6.581759026276628e-06;7.171191864007266e-06;8.707618082904776e-06;5.338264950567733e-06;4.4088356067365195e-06;3.3314337191114873e-06;7.648919317401495e-06;6.776071928207082e-06;3.954282013102722e-06;4.66540842483906e-06;4.002653664837329e-06;5.091793130454386e-06;7.885750193641406e-06;8.491868426016815e-06;1.080392022358174e-05;6.29990115986759e-06;4.671190331867399e-06;3.902692253776175e-06;9.274488904707198e-06;7.964702755215732e-06;4.738620936787132e-06;5.560899707452796e-06;4.716589351522123e-06;6.561314730442117e-05;5.3140123186200216e-05;0.00017769486331882783;0.00022345947589468012;0.0001066186810134984;6.202477595732053e-05;1.293062653937815e-06;1.7922794604992057e-05;5.433418045220203e-06;1.435849545967024e-06;1.0717556259662168e-05;8.777340328641063e-06
00:44:00;421;1.1314253414566751e-05;1.2212816209630315e-05;0.00013973792428321834;1.1703393772160615e-05;1.4371572566512276e-05;1.8901533163851912e-05;1.341180498312414e-05;9.078355731808394e-06;9.715532789429785e-06;7.099299344110415e-06;1.3487860425956653e-05;1.0653210778664082e-05;8.81185357699947e-06;1.2001044699419792e-05;6.535575585528167e-06;1.17750283503552e-05;1.5979240224969315e-05;1.9598861318984205e-05;1.553977550498484e-05;1.0403840688128714e-05;9.745978510366086e-06;7.956097743783775e-06;1.5158126776049922e-05;1.1440513223038302e-05;9.248534913436006e-06;1.2866894446198807e-05;6.8408981238877186e-06;6.517923544451793e-05;5.609676954270104e-05;0.0006510577681235862;0.000714051006076185;8.768524819115147e-05;5.61720546075853e-05;5.010371031896102e-07;1.8707229120655725e-05;5.826924641073671e-06;8.151708432190996e-07;1.0117218938953194e-05;1.06454287658021e-05
00:44:06;422;9.10604445116612e-06;9.961216095735502e-06;5.635473084941953e-05;1.1096945439316062e-05;1.0913241412941426e-05;1.1020708316519547e-05;1.25625209112069e-05;8.330145832437871e-06;1.146175630527647e-05;5.716732267366999e-06;9.863609925275796e-06;1.0062390534864624e-05;5.796011034352556e-06;6.041729225358949e-06;6.40673861469891e-06;1.1229946635524622e-05;1.195028956236813e-05;1.216891949389961e-05;1.450487580550083e-05;9.244904026385069e-06;1.1266904925545117e-05;6.301087132324259e-06;1.1457827716910714e-05;1.124633290370944e-05;6.661082605643071e-06;6.704411238319199e-06;6.798006209844717e-06;6.581609082063752e-05;7.062570380028588e-05;0.00016129147948275085;0.0001616888897719553;9.953071348850977e-05;7.525015635193305e-05;6.714315177016193e-07;1.4694575553896669e-05;5.111808305540319e-06;1.2465901125619231e-06;1.0370446954508356e-05;9.958884032752933e-06
00:44:13;423;1.1266061691954251e-05;1.212826200686852e-05;4.723938601156702e-05;1.9849064468179346e-05;8.883451582422905e-06;1.8746452637814897e-05;1.3165811786564063e-05;9.550996778916566e-06;6.544033993159039e-06;6.2669670241952895e-06;1.0644780356404805e-05;1.2831536166531391e-05;6.786253469796706e-06;7.432232387507363e-06;1.4491155642882735e-05;2.0828709883845257e-05;1.0343210916185922e-05;1.9042560963982075e-05;1.557719780423581e-05;1.0314194025939493e-05;6.759973783556245e-06;7.107536107411496e-06;1.2088635322712274e-05;1.382356777533379e-05;7.450885680589613e-06;7.822241686766045e-06;1.4380426502519853e-05;4.7862306398958475e-05;4.906807301335965e-05;6.319686578105237e-05;0.0001230346860860606;9.802977413276639e-05;0.00013566487785683323;1.6310581451002057e-06;2.3060194523530492e-05;4.241867848582276e-06;1.9393545918126813e-06;1.0504617783753114e-05;8.638955976994598e-06
00:44:19;424;1.4654799943255883e-05;1.557765257461188e-05;3.965988700391696e-05;1.924389064423725e-05;1.088973441263554e-05;9.801554776862014e-06;1.31672591013977e-05;7.694441407902662e-06;6.8931699950460574e-06;2.962904420655832e-05;1.2485204225950755e-05;1.338711846702009e-05;8.813577326546609e-06;2.981893269742903e-05;1.4033667260352187e-05;1.9937292793806187e-05;1.2389600882831669e-05;1.0715859038031386e-05;1.551140577490353e-05;8.42340738086886e-06;7.061321999180673e-06;3.0524828708863265e-05;1.3633391725168714e-05;1.460946337898303e-05;9.195186210697873e-06;3.0295760679328402e-05;1.4634307118987774e-05;3.630844539194996e-05;5.0799755946080485e-05;9.592829543064499e-05;6.379804780453407e-05;0.0001081822180949117;8.220967549826548e-05;2.6186404749336186e-06;1.4595710319397724e-05;3.7921152683070795e-06;1.2028562057287048e-06;9.19031988713132e-06;7.292563725118383e-06
00:44:25;425;1.3461156197794564e-05;1.427991836966543e-05;6.372412404365804e-05;7.722564850225085e-06;1.3839666224994703e-05;1.1562423720528676e-05;1.3277416677226483e-05;8.36423848291836e-06;1.3595046482350881e-05;1.0728802050411188e-05;1.8909402619080787e-05;4.10660337825613e-05;6.240705105333498e-06;9.322773754599273e-06;6.904796793802151e-06;8.335794035114695e-06;1.5183318202064043e-05;1.2580720516480948e-05;1.4738921983067324e-05;9.140073473910106e-06;1.3570696283531554e-05;1.1349157588644825e-05;1.9280120600169654e-05;4.2414435817671445e-05;7.089762666970573e-06;1.0202190331923863e-05;7.473825468268036e-06;6.786223740805159e-05;8.665451569057932e-05;0.0002871535372455757;0.0001615406939193701;7.954845031666828e-05;2.158275864209821e-05;1.132523614873151e-06;3.0841801006089905e-05;4.8699641976268895e-06;1.495840668817755e-06;9.888554453629077e-06;1.2118611360516568e-05
00:44:31;426;1.0842462830592838e-05;1.1696271479805442e-05;7.263356733013867e-05;5.984620335136077e-06;1.4071030379496237e-05;1.0706235357492812e-05;1.1876663695499122e-05;6.906685069519757e-06;1.6394844341117608e-05;8.307052759448652e-06;1.1308085147215314e-05;9.098203832345256e-06;9.296104790027213e-06;1.0519491414516903e-05;1.5640532853663817e-05;6.495913993016466e-06;1.5382662931636943e-05;1.1428313969133076e-05;1.4052509776533203e-05;8.207327902732974e-06;1.6118682824411204e-05;8.932797910243676e-06;1.2730444976551564e-05;1.0109774318808849e-05;1.0062936636834049e-05;1.0941976016292295e-05;1.5891911326561277e-05;4.766961925652215e-05;6.512522756564853e-05;0.0003563111263122262;0.00023562438519734278;9.304493589430387e-05;1.6875020919122554e-05;4.234986555418331e-07;2.6284087614609515e-05;8.031982091970437e-06;1.810683809112901e-06;1.0666432789369396e-05;9.735807855893793e-06
00:44:38;427;1.1258943598849411e-05;1.2138121459014932e-05;6.238134117751941e-05;1.0485715498796047e-05;1.0568718487036222e-05;8.914229536507243e-06;1.2525852037532042e-05;2.2309718563530044e-05;8.139178521301718e-06;5.321255262848788e-06;2.2921950667089483e-05;1.3509741236493834e-05;7.035807767992579e-06;7.791467678879888e-06;5.58368454309485e-06;1.0735769575160393e-05;1.2067456760011243e-05;1.0259981985355704e-05;1.4777299389906251e-05;2.2765944811885385e-05;8.289748413655524e-06;5.810964803689025e-06;2.353047327659037e-05;1.4676469077188169e-05;8.063119372608629e-06;8.52689842033698e-06;6.153327635556822e-06;6.95729360586736e-05;6.659606098083208e-05;0.00015159710737276243;0.00020225304527990865;0.00012119043109202828;8.305911974765467e-05;8.492357049177636e-07;2.440821980352049e-05;5.821815115260621e-06;2.1213978437756095e-06;9.783174230838877e-06;1.1323550900060043e-05
00:44:44;428;1.1331151743444355e-05;1.218064265035364e-05;9.427750382624e-05;1.2132377913138209e-05;1.0180203407695775e-05;1.169046387161643e-05;1.358299790865658e-05;2.3653713118934856e-05;7.306306800620115e-06;5.919102949033831e-06;1.3757528912285785e-05;9.00571837547659e-06;6.336154223034058e-06;7.518911722570465e-06;1.4890337763130322e-05;1.2570886443841751e-05;1.1203217892918612e-05;1.2743309042302308e-05;1.6104646892006115e-05;2.4098286988341493e-05;7.4780454373398285e-06;6.7358921339141894e-06;1.5216895698807704e-05;1.0244326329231189e-05;6.9106781205547016e-06;8.34360148301245e-06;1.4517922696955516e-05;7.649241257693296e-05;6.164426837489064e-05;0.00037178773129564773;0.0004037587815577887;0.00011461818497300605;5.5603063861031016e-05;7.028552792626377e-07;2.005402812419063e-05;4.650984604962274e-06;1.2912286917531449e-06;1.0600081791379711e-05;1.0126424784034458e-05
00:44:50;429;1.0475679988272448e-05;1.1422515727426337e-05;5.854058111012341e-05;7.274603474110625e-06;1.3969561772403887e-05;1.0203736302116795e-05;1.0879791198383579e-05;9.328527279447743e-06;8.462136553336306e-06;6.477627905742235e-06;1.2503418672467474e-05;1.975319614447554e-05;1.1561758472954477e-05;9.091069228811028e-06;6.202729565529808e-06;7.632283167010968e-06;1.5937220982605255e-05;1.151512525568619e-05;1.2946899005328305e-05;1.0443596707612219e-05;8.736986740276031e-06;7.0580870617994125e-06;1.3946377547182248e-05;2.0017910853162397e-05;1.1839888573584038e-05;1.0225933681196487e-05;6.769875017774131e-06;5.092881011468399e-05;5.003785886912406e-05;0.00017601084319182297;0.00021126860424143984;0.00010455184036538166;6.576304522088453e-05;7.821919616945966e-07;1.607498261691183e-05;5.361218100075869e-06;2.917977484355209e-06;1.0024526485293171e-05;8.765074669813239e-06
00:44:56;430;7.692550952433727e-06;8.691212228826127e-06;6.288914164205735e-05;6.805123149110738e-06;8.455694317500605e-06;1.048885592069837e-05;1.0198156125149829e-05;8.337191839690274e-06;5.965280528127695e-06;5.968397819280178e-06;1.100867696379737e-05;9.32600759672265e-06;5.028024285086923e-06;5.919333262418356e-06;4.809867060115184e-06;7.297526649438888e-06;9.71250086232557e-06;1.1978474906789393e-05;1.2060319909036065e-05;9.288912794165551e-06;6.037977450029723e-06;6.691371556624727e-06;1.2720469396898104e-05;1.0533979427317362e-05;5.906103173332713e-06;6.63910963961411e-06;5.427796766732943e-06;5.622598057670182e-05;3.810276585304559e-05;0.00015050059195221473;0.0002580426896993753;0.00012181336665056789;8.006387190414586e-05;1.025687383386577e-06;2.198350689836603e-05;4.321433676142949e-06;2.5007801862441697e-06;1.0517032354716433e-05;9.571992569780833e-06
00:45:02;431;8.99285896464748e-06;1.0023536054211923e-05;7.761225098032249e-05;6.432315716347665e-06;1.0192696179765129e-05;8.176218592190956e-06;1.438365461968839e-05;1.1563437885280853e-05;1.2206957578732933e-05;5.394582694086901e-06;9.677897730078008e-06;1.063464218214511e-05;7.829811243647617e-06;6.303136542969283e-06;5.118953361395804e-06;7.115294333225738e-06;1.1366171632669395e-05;9.408268903791417e-06;1.7029205738725965e-05;1.2378643284908413e-05;1.2046130916731479e-05;6.414869294300693e-06;1.0916927668761132e-05;1.1777703893810063e-05;8.772629613142985e-06;7.203848982971056e-06;5.852734907824049e-06;6.221557926031425e-05;7.523797928223645e-05;0.00019244775060163553;0.00032257437813837993;0.00010796409894568236;0.00012069423064762061;9.285704544272465e-07;2.2161469190944028e-05;5.530722171380506e-06;2.0174587155879806e-06;1.0039180247369381e-05;9.535594108291774e-06
00:45:09;432;8.25854527745791e-06;9.270158316903228e-06;6.752237315328482e-05;6.299036000518237e-06;9.21287045940744e-06;1.3047998348528464e-05;1.0817864853927198e-05;7.363406534207942e-06;6.318599660462806e-06;5.768252682937135e-06;1.0722119368205602e-05;1.0465594940647158e-05;7.027675223334675e-06;7.170229560477475e-06;4.88889220856043e-06;6.924977800667012e-06;1.046285484059083e-05;1.4098893050778557e-05;1.2991802048165045e-05;8.460740791403474e-06;6.69755250276501e-06;6.3489733897365075e-06;1.208771966877423e-05;1.1739846896385711e-05;7.823301921580193e-06;8.063111820348827e-06;5.542121655281922e-06;8.564075840250701e-05;4.976581166792624e-05;0.00029574320498788447;0.0002094916442075364;9.688623406186495e-05;2.823006168708352e-05;6.861305517473482e-07;1.676573360407046e-05;5.952365547676923e-06;1.1315218193439053e-06;1.0451155716245115e-05;9.52385558553179e-06
00:45:15;433;8.949692495460484e-06;9.879442494579213e-06;6.932715478063444e-05;6.272754226831591e-06;9.81549397429469e-06;9.65392025035912e-06;1.0416611940203522e-05;7.4263945951971975e-06;6.796131930997262e-06;1.0854872460441811e-05;1.043928565280794e-05;1.1628721553852921e-05;5.4743993319112345e-06;7.260016840472293e-06;1.1357704012353183e-05;6.8987219262303775e-06;1.1029404193530216e-05;1.0790005380610488e-05;1.2510320981233189e-05;8.324739809135672e-06;6.8395231866378695e-06;1.1427795603203431e-05;1.1979830629524592e-05;1.2709125729986536e-05;6.092713008427703e-06;8.180229997378774e-06;1.177089649865616e-05;6.00083428825205e-05;4.3813530878587e-05;0.00022682544839155479;0.00030461785744051944;9.799338999066766e-05;4.6715294957623e-05;8.75305488784069e-07;2.5081068820384906e-05;7.181431475065078e-06;1.2447843790359103e-06;9.393539797281296e-06;8.175862865590172e-06
00:45:21;434;7.181968314930807e-06;8.098051970407567e-06;7.87955679920861e-05;5.560652974361863e-06;8.783086585786101e-06;1.099817522226038e-05;9.833185272095141e-06;7.263316769529576e-06;5.223457583722083e-06;5.100020032632425e-06;8.653576973539533e-06;9.16685882660059e-06;4.8050331606930285e-06;6.023792842959417e-06;4.772461248979777e-06;6.329432524787851e-06;9.904162405153421e-06;1.206753988091943e-05;1.1917570789799218e-05;7.748295617222791e-06;5.419629337378451e-06;5.579037820731358e-06;1.0154748319501213e-05;1.0259165086424644e-05;5.510405992049815e-06;6.862636428771031e-06;5.423996169697545e-06;7.425822062341509e-05;5.8670805211692386e-05;0.00029260448004199603;0.0003229162399014997;9.997637758103602e-05;5.14027241203974e-05;9.196133688990517e-07;1.7836181423734448e-05;5.811589602199139e-06;1.2965857920844368e-06;1.079893470246201e-05;9.055063535617323e-06
00:45:27;435;7.212438836228847e-06;8.208300676392067e-06;8.420910867280384e-05;5.053802913450185e-06;9.096400123486216e-06;8.700596458895275e-06;9.858450303697323e-06;7.70505566808052e-06;5.108227926471769e-06;5.413491146426126e-06;8.1630730948942e-06;9.744531977611876e-06;6.6296563600525875e-06;6.659889101776819e-06;4.416088838933195e-06;5.726406801772146e-06;1.0165174657392722e-05;9.858641573649763e-06;1.1927128347267597e-05;8.762507740115485e-06;5.320731764220886e-06;5.964775928538374e-06;9.684299469352229e-06;1.084418214373681e-05;7.397314704253922e-06;7.671293645481583e-06;5.1771475619152394e-06;7.049781706273974e-05;4.795072754625386e-05;0.00035418652828505214;0.0003535959731901635;9.844476204604307e-05;3.910896669419234e-05;1.2509389427481516e-06;1.8841656486710352e-05;5.6692663235210235e-06;1.3838854339783302e-06;1.0146437023883156e-05;9.432345038360617e-06
00:45:33;436;8.27054631261345e-06;9.196009988402153e-06;7.205141136643944e-05;8.428850395990718e-06;1.217028307432987e-05;1.0135286297502882e-05;1.2331408598242888e-05;5.854023267269006e-06;5.534762045365162e-06;6.144196815489005e-06;9.841802449531398e-06;8.263202048588234e-06;4.582938743169507e-06;7.5616629731908605e-06;8.398135676657148e-06;8.875237964977852e-06;1.3401604473408124e-05;1.1108149021909619e-05;1.4326166071637263e-05;6.928606615451539e-06;5.602898716437888e-06;6.6473033176764515e-06;1.1204398365234852e-05;9.421519280294888e-06;5.332392358376396e-06;8.640223682107982e-06;8.863617178484432e-06;5.412804769967234e-05;5.294260231829109e-05;0.0002619493533836274;0.00029658857904805985;0.00010103401693029211;4.489513152256141e-05;6.242092615949225e-07;2.557987828739841e-05;6.28420681330806e-06;1.2043296412021886e-06;1.0148796194789503e-05;9.237785296475847e-06
00:45:40;437;7.085407759177542e-06;8.095768960260954e-06;6.859409684032703e-05;5.647638968042656e-06;9.368897771366846e-06;7.905789343903342e-06;9.558539696156872e-06;5.732331754160214e-06;4.94299366012156e-06;5.228099808750709e-06;8.156900455767094e-06;8.469875213150276e-06;6.445344216969446e-06;8.920708080107818e-06;4.647772232211557e-06;6.125929752371018e-06;1.0410662439483796e-05;9.256077594762224e-06;1.1732842503528146e-05;6.7978885914571144e-06;5.143482612650967e-06;5.8430955447610235e-06;9.594853123371074e-06;9.677997108547406e-06;7.161730001273467e-06;1.0135654255337394e-05;5.269009563240224e-06;6.182883020645506e-05;4.8718712171120284e-05;0.00023370111748670928;0.0002776656576767876;0.00010559948805626942;4.760588938138045e-05;1.7045333825612736e-06;1.9655069071363996e-05;4.762033632718648e-06;2.2117752155494484e-06;1.0097394381434477e-05;9.578661421574446e-06
00:45:46;438;7.56418762454752e-06;8.50181022197151e-06;6.669240194653914e-05;6.014448820191763e-06;7.3856752406827164e-06;9.558515038386098e-06;1.1537048625210776e-05;6.153675377424344e-06;7.802919366316598e-06;5.058248055886142e-06;1.2393981855041147e-05;7.405710622198182e-06;5.101251964199284e-06;7.78165232873107e-06;4.577121624423213e-06;6.617344711863737e-06;8.659290213910037e-06;1.0498080992195505e-05;1.3485416447905134e-05;7.052193878631511e-06;7.930997100307259e-06;5.519771669161303e-06;1.3724315038738887e-05;8.64760166430504e-06;5.952504033061066e-06;8.719988664215404e-06;5.214214919346254e-06;6.26139479840699e-05;6.478252742884965e-05;0.0002577890781878061;0.0002396918374764237;0.0001020559374114245;3.188926018688188e-05;9.348671942739576e-07;1.5318974556451717e-05;4.937408361298957e-06;1.1396260346977195e-06;1.0489703083852496e-05;8.665655452439046e-06
00:45:52;439;6.763344424469282e-06;7.68614025426221e-06;5.037496333199421e-05;6.222253693783324e-06;7.641634124023643e-06;8.03346627814056e-06;1.1909871731900653e-05;8.749738246907865e-06;5.042558839172464e-06;3.730738447060844e-06;8.441491537780621e-06;7.136259255120918e-06;4.856377778462605e-06;5.366965633932998e-06;4.028775849979576e-06;6.906127377469947e-06;8.948764475405103e-06;9.318586244607783e-06;1.393527706073379e-05;9.48818687384464e-06;5.067475651138679e-06;4.329534787550212e-06;9.729196255095672e-06;8.241851078252428e-06;5.55023971001107e-06;6.098048869935616e-06;4.620392200528921e-06;6.701016965853898e-05;5.059167917216564e-05;0.00014350133414637255;0.00014294784866543826;0.00011001009797086447;4.472005814123565e-05;1.3712800901260335e-06;1.8567428473375626e-05;5.593002028432147e-06;1.8351710580634178e-06;9.857603105014034e-06;8.49388747430373e-06
00:45:58;440;7.027503992224576e-06;8.051476073243193e-06;6.842397083035318e-05;5.625866596985092e-06;7.308101444245742e-06;7.73286651875341e-06;1.0465976878037964e-05;6.250231543476885e-06;4.959312616005139e-06;6.0139751205667835e-06;9.664539083525431e-06;7.331050156267338e-06;4.832654725041928e-06;5.62830629229955e-06;8.517165391388268e-06;6.210350587520501e-06;8.459012532730873e-06;9.123098400006619e-06;1.2843227442674475e-05;7.287750344103994e-06;5.129043710773738e-06;6.677105857364305e-06;1.1095395321614046e-05;8.570696081733331e-06;5.695115492650259e-06;6.3761193745495465e-06;9.150794372959077e-06;7.101811603063074e-05;6.167139062510758e-05;0.0001956867945480999;0.00025886094195403476;0.00010898342182727748;7.367825575595741e-05;2.191082536987199e-06;2.3038793407400843e-05;5.186350844666538e-06;1.891807653017309e-06;1.0409141549864472e-05;8.471553231194102e-06
00:46:04;441;6.606453400014413e-06;7.5761073115049664e-06;7.576394612119318e-05;7.464002169141085e-06;7.007720929602163e-06;8.605395022827492e-06;9.479964598698002e-06;5.509146217199466e-06;5.067004433165969e-06;3.5118995840703477e-06;1.1063029562179013e-05;7.318948384884359e-06;4.348028277302195e-06;5.71579703616139e-06;4.1865026958667135e-06;7.8252285537111e-06;8.328900963257368e-06;9.862903966619986e-06;1.1475628445070839e-05;6.57414567067002e-06;5.3817187258170595e-06;4.1110027504595265e-06;1.2259366347371966e-05;8.500206005712382e-06;5.10853647892297e-06;6.614203743129686e-06;4.871444374818761e-06;6.731167930874134e-05;5.952330421931438e-05;0.00028146599009015006;0.0003081313416086075;0.00010051561752453347;4.375662202239974e-05;1.117811000246548e-06;2.1640482943722102e-05;5.992691034649636e-06;1.0936484957674104e-06;1.0699335206169234e-05;7.918830000016905e-06
00:46:11;442;6.390219776361309e-06;7.377910830505646e-06;6.175068424147646e-05;5.663617372097075e-06;7.0106829632911945e-06;8.778986829130728e-06;9.008887522683876e-06;5.642326257447973e-06;4.882940963245698e-06;4.057544891754684e-06;8.031803547096802e-06;8.37413691682927e-06;4.373106987804414e-06;6.4394905818170916e-06;4.419110346987054e-06;6.372104824641852e-06;8.192201917902626e-06;9.973602124163439e-06;1.1076327080192204e-05;6.6189890293560295e-06;5.078638230747568e-06;4.609597422304317e-06;9.516457638814177e-06;9.697349797315376e-06;5.143410051667022e-06;7.1793044839920826e-06;5.076945358902051e-06;5.34462420675288e-05;5.498773321812049e-05;0.0001976240361398172;0.00024937959408393443;9.92780664719737e-05;4.554418026253166e-05;9.192362818493506e-07;1.571959212823646e-05;4.9766346204222135e-06;1.385485217292957e-06;9.793545626162366e-06;7.953864779848212e-06
00:46:17;443;6.177056936900788e-06;7.213615413380881e-06;5.8945807586202094e-05;4.704903764524653e-06;7.504368654891054e-06;7.45331137414434e-06;8.81119588895403e-06;5.943636259851039e-06;4.492135835996371e-06;3.5973665756149455e-06;1.1174516905172863e-05;6.879358124933788e-06;4.35764792815586e-06;5.3634825670072095e-06;3.842757597864606e-06;5.4019931126334355e-06;8.767406943431375e-06;8.822252317558299e-06;1.0904235451458658e-05;7.157257699228593e-06;4.706446914128662e-06;4.193461342155491e-06;1.2677451045822671e-05;8.107838288818624e-06;5.115577950958521e-06;6.292376642532078e-06;4.417085070208141e-06;5.95756004453486e-05;5.66102456960387e-05;0.00016760328167346808;0.00021880104960557957;0.00010192692004895907;5.494438003478731e-05;1.318057248404235e-06;2.128589857986321e-05;4.721506474231021e-06;1.7980981414587095e-06;1.044056456220423e-05;8.324088524082552e-06
00:46:23;444;5.60918206815586e-06;6.627830949767059e-06;6.0373589530919835e-05;4.914042234945142e-06;6.752025862381701e-06;7.220738455967793e-06;8.626905708746852e-06;5.508881170871146e-06;4.36856368938007e-06;3.5176759488305978e-06;7.386606832617624e-06;6.608204270654803e-06;3.962073608673481e-06;4.654602238670949e-06;3.7898629882833617e-06;5.6141913912050525e-06;8.115824659651917e-06;8.58058866136081e-06;1.0639214831573117e-05;6.566668170756812e-06;4.678422676908115e-06;4.039796176815038e-06;8.817134803854359e-06;7.87503237421057e-06;4.679483018213732e-06;5.506275648500216e-06;4.42133644850677e-06;6.0797505828899567e-05;5.679927257436175e-05;0.00020060244408249119;0.00021405536715428603;0.00010337080978221944;4.611849831513804e-05;1.2465084862278871e-06;1.67772577365351e-05;5.00627765195832e-06;1.3315851825628023e-06;1.0385428178325857e-05;7.99211939803188e-06
00:46:29;445;5.719130734085163e-06;6.734540023254466e-06;5.713403282948203e-05;4.498357085289874e-06;6.577294906213121e-06;7.1257628962681254e-06;8.761158902359512e-06;5.3856038045358385e-06;4.702024783592213e-06;3.97378366188341e-06;7.7650704045337e-06;6.622558446684417e-06;3.800314108172064e-06;4.723172933167192e-06;4.6944649534969525e-06;5.1727135363578295e-06;7.810941946146055e-06;8.34773125093249e-06;1.0907899932250604e-05;6.4206449137658e-06;4.964154163356893e-06;4.494220685863851e-06;9.454116572001861e-06;7.770773168609778e-06;4.573830469607971e-06;5.5398279528162675e-06;5.357623517220763e-06;5.8697842680948605e-05;5.727393965798185e-05;0.00016691130491916763;0.00020088846348313743;0.0001059816220273827;5.431186259561022e-05;1.4201300517012768e-06;1.5380809355736228e-05;5.049730177820933e-06;1.3695064116532763e-06;1.0470994427606136e-05;7.852188165037946e-06
00:46:35;446;5.618827217481546e-06;6.62761585427009e-06;5.144059766913099e-05;4.351728220926403e-06;6.352039488500726e-06;6.807311797403641e-06;9.257230742450288e-06;5.044319794998066e-06;4.528203604081682e-06;3.079568294756479e-06;7.563562486464806e-06;6.76078742823837e-06;4.832838092544927e-06;4.67172717609866e-06;4.176607632512162e-06;5.134635255418761e-06;7.551083267053745e-06;8.148680230585307e-06;1.1256294898505328e-05;6.149564304779014e-06;4.8018613441958155e-06;3.6315043906119795e-06;9.085919753234993e-06;7.89147390858926e-06;5.568698598617169e-06;5.511958983034571e-06;4.7997142056500924e-06;6.629817600220312e-05;5.615798102360863e-05;0.0001337239671778126;0.00015461395218615176;0.00010293882943847955;5.985770190944748e-05;1.2552169498272099e-06;1.6563754873897617e-05;5.478741996614159e-06;1.8955221265914114e-06;1.0378382033556355e-05;8.124946311381956e-06
00:46:42;447;5.536133226190611e-06;6.54821212576073e-06;6.771464462204819e-05;4.318096173960839e-06;6.463258140404998e-06;7.430797433533536e-06;8.35842889463317e-06;5.039552742144596e-06;4.234535899786093e-06;3.1593263279848895e-06;7.493252028080054e-06;7.206532766252332e-06;4.008433337012527e-06;4.685088855699798e-06;4.0362941989128975e-06;4.9661784049919645e-06;7.677296621353245e-06;8.750251507518453e-06;1.056276677664306e-05;6.058927971325023e-06;4.465304142240136e-06;3.726467558765221e-06;9.016296673185543e-06;8.429099119594763e-06;4.7646537432574175e-06;5.500500682374659e-06;4.660801263111629e-06;6.662762231981296e-05;5.9255470102632184e-05;0.00021906815005912707;0.000260174421213561;0.0001045015318987004;5.904383439278369e-05;1.3257839509897113e-06;1.7370311442236338e-05;5.474418975790225e-06;1.3621449536462188e-06;1.0343474850095126e-05;8.02857130520332e-06
00:46:48;448;5.409366122871068e-06;6.3979864362524115e-06;6.027904571186777e-05;4.308918624412234e-06;6.287972507447069e-06;6.932080528346515e-06;8.565015789294897e-06;4.901380354027651e-06;4.314731256081152e-06;3.1226906849404012e-06;7.30002345828883e-06;6.345579334715074e-06;4.186137158448198e-06;4.618055200467097e-06;4.029806970219273e-06;4.9473900922242176e-06;7.47382446091631e-06;8.257490962127053e-06;1.0467902150513866e-05;6.0037051022120554e-06;4.572838726076791e-06;3.708947975276634e-06;8.736394572880744e-06;7.60834803523848e-06;4.882774810884936e-06;5.4332859529299465e-06;4.68293199768987e-06;6.671566949152579e-05;5.5705276850276004e-05;0.0001832860271052182;0.00021727566409317155;0.00010258318242741805;5.245333607197483e-05;1.2147015890658637e-06;1.8710558155095407e-05;5.1663449445268346e-06;1.7464341021532276e-06;1.039419711209377e-05;8.097156599894006e-06
00:46:54;449;5.36359402758535e-06;6.376244142256262e-06;5.9891405801270746e-05;4.2535039648844926e-06;6.269128494874497e-06;6.9077842700887064e-06;8.471060348695532e-06;4.809396868794962e-06;4.271927946901273e-06;3.3432811203937263e-06;7.325855508161732e-06;6.63389893095324e-06;3.7653358969759085e-06;4.61858778971253e-06;3.69336551063849e-06;4.911757678546334e-06;7.581173102014965e-06;8.221825420968102e-06;1.0439829537385258e-05;5.913513828263488e-06;4.52605101162578e-06;3.919836483620674e-06;8.79590689818761e-06;7.901011319023106e-06;4.474624413692082e-06;5.419382041164002e-06;4.410016534948918e-06;6.54785557598332e-05;5.5298788762857985e-05;0.00017668296233279632;0.00021552009371011703;0.00010436425480398824;5.645720024633245e-05;1.361171914557674e-06;1.8245128684861055e-05;5.121707095733687e-06;1.5929536148129044e-06;1.0515133405555686e-05;8.058919283802553e-06
00:47:00;450;5.3347027275663095e-06;6.348189298812111e-06;5.939715047414173e-05;4.332654658802746e-06;6.317633325894886e-06;6.901119391177314e-06;8.41185269964936e-06;4.87293899453789e-06;4.236023847490535e-06;3.1441949459385588e-06;7.237507524202804e-06;6.375264172737099e-06;3.8321589231186825e-06;4.482924916777103e-06;3.872157412326322e-06;4.972883217202321e-06;7.570166440306325e-06;8.205354374061969e-06;1.0419943067328077e-05;5.967086027811991e-06;4.4525327010415835e-06;3.733251439451676e-06;8.802757995137562e-06;7.6202754998915605e-06;4.606114607322755e-06;5.3042440355701605e-06;4.523660367386249e-06;6.618594200937448e-05;5.590056320239595e-05;0.0001775974376665463;0.0002091939819417466;0.00010462085473755546;5.478096223110057e-05;1.2837329763124275e-06;1.788255843232615e-05;5.23476031982234e-06;1.5733729039042565e-06;1.0449854792537425e-05;8.0617844760789e-06
00:47:06;451;1.147878904687745e-05;1.245469667094456e-05;4.6016924993537455e-05;7.664535291046997e-06;1.8821687004591777e-05;9.787603418813392e-06;1.1828811212472539e-05;9.053367021232878e-06;8.498797824849838e-06;7.0545819319534075e-06;1.7596928180616736e-05;9.381038195628703e-06;1.0572130332387918e-05;9.794836173491397e-06;1.7691148377190817e-05;7.918159409902866e-06;2.0342578334495117e-05;1.1170764698558915e-05;1.3883043398500031e-05;1.0278317349614934e-05;8.635090419179332e-06;7.73252285502098e-06;1.808108051211346e-05;1.0423844304557261e-05;1.1468515793562283e-05;1.0754315588178255e-05;1.8768123113601823e-05;6.871393276622871e-05;4.127999890895405e-05;6.589163288960304e-05;0.00010322071084902267;0.00010581104464274562;0.0001144148508677482;1.0395604720557061e-06;2.7342158764696932e-05;4.815959678923152e-06;2.056000235050383e-06;9.310733327585733e-06;8.306516519835383e-06
00:47:13;452;9.193755317937757e-06;1.0060528749611105e-05;5.5414350157241434e-05;6.3702359867079394e-06;8.904822786219443e-06;9.279179981805639e-06;1.7167280786752187e-05;8.903632567063886e-06;1.1875553855521627e-05;6.160093767768806e-06;1.0728891986389044e-05;8.640498329916888e-06;8.436080213543432e-06;7.304867218106313e-06;6.553922676808745e-06;7.097404998407738e-06;1.012858634751439e-05;1.0788671405159992e-05;1.8763252550734597e-05;9.420671153460302e-06;1.1642299019121875e-05;6.725302700021841e-06;1.2193389920867048e-05;9.81399884201178e-06;8.845213933109565e-06;8.182616027947397e-06;7.124933325007699e-06;5.1702588356201385e-05;4.678274938485773e-05;0.00015927164498437857;0.00020208739475293446;0.00012011042204653857;3.342187886446752e-05;1.2633341954660152e-06;2.849315844174137e-05;3.908480421505848e-06;1.3717816485956836e-06;9.848327272407384e-06;6.710441517802556e-06
00:47:19;453;9.355688039714881e-06;1.0301391267614835e-05;7.30411673870661e-05;7.170124241895337e-06;8.658390697100707e-06;9.046634869104185e-06;1.2272745248832383e-05;1.5329301186801043e-05;6.091520479791577e-06;1.0491150562427523e-05;1.0008240348792118e-05;1.2119702823554235e-05;8.64149615929157e-06;7.194804417697366e-06;5.244141868713954e-06;7.402872891166053e-06;9.877709486962758e-06;9.935839858095462e-06;1.4349401272404894e-05;1.6107425507689647e-05;6.247556749385003e-06;1.125368592660886e-05;1.1307186687651055e-05;1.3529774576777008e-05;9.810283061113619e-06;8.027118389081e-06;5.767837140560511e-06;5.3188767130298486e-05;4.324829217711317e-05;0.0001894083989399775;0.0003541207669402963;0.00010910173427789203;7.111426779812438e-05;1.003393366547529e-06;2.8770365210610313e-05;4.726049804947835e-06;1.415353194972325e-06;1.0268714865039162e-05;1.0127904938974416e-05
00:47:25;454;1.1652562813486094e-05;1.2457732552746488e-05;4.5302953895747074e-05;7.1844287335471275e-06;1.2150125921938194e-05;1.627933687845226e-05;1.4285798380859143e-05;6.9025280931808455e-06;7.839407644574045e-06;5.055034883773922e-06;2.139225873324077e-05;9.401589495119175e-06;6.972237949815446e-06;2.2117956836547652e-05;1.0250046749149533e-05;7.69194306646764e-06;1.373722980018481e-05;1.7421890529649203e-05;1.552507963631659e-05;7.633695318711748e-06;8.104514822489478e-06;5.572342825883114e-06;2.2269902648433713e-05;1.020490437348357e-05;7.60719264885838e-06;2.2986054502809245e-05;1.0738036916670434e-05;5.7112782655872e-05;6.20828076044552e-05;8.671840114305895e-05;7.712477833501404e-05;0.00010550028913724936;0.00010806495591868221;1.8439053392696852e-06;1.801523931382238e-05;5.158496633414832e-06;1.7579855880984544e-06;1.0894288503106121e-05;9.361516576921624e-06
00:47:31;455;9.895688796229313e-06;1.0744119047362628e-05;4.124052403064734e-05;1.0885769765681372e-05;1.0330069741826264e-05;1.3080443743263004e-05;1.1887016252775208e-05;7.393831144110084e-06;7.165431362275078e-06;1.3606234391132107e-05;1.1120126312779245e-05;1.0334379616303771e-05;7.318889783195201e-06;7.376226396874327e-06;8.249843728239368e-06;1.1412347386702763e-05;1.1478349871957775e-05;1.395243908760515e-05;1.3850751604912126e-05;8.196407461697692e-06;7.2688589907672014e-06;1.4179320565238448e-05;1.2409338201514057e-05;1.1512562270835115e-05;7.657756363693772e-06;8.169858758748565e-06;8.841433946490494e-06;5.35053029321747e-05;4.103862396098702e-05;8.99607491605083e-05;0.00010818459432084789;9.813502719051341e-05;6.058772907882455e-05;9.101756492281464e-07;1.6139863320995868e-05;4.135789463772792e-06;2.720542232100598e-06;9.96887195718082e-06;9.599019100634183e-06
00:47:38;456;1.0986674293566136e-05;1.1795734096693518e-05;3.8861736857916155e-05;1.0809289317524996e-05;1.012096400578664e-05;1.2878081542246697e-05;1.4633632014108985e-05;6.815211109315297e-06;1.926951202723227e-05;1.0726608167679139e-05;1.075994366285148e-05;1.272215034217342e-05;6.319294264433108e-06;9.580367320955412e-06;7.205034395693391e-06;1.1073178133232478e-05;1.1332444201694739e-05;1.4060507055546623e-05;1.650356039768851e-05;7.807324569120847e-06;1.8941943058570922e-05;1.1392859235030887e-05;1.1932606038142325e-05;1.3601585054903474e-05;7.144175714517898e-06;1.0159559701893574e-05;7.59906404571758e-06;5.477775381637003e-05;5.749501153735502e-05;0.00012048559568056345;7.653807988581894e-05;9.117854894475523e-05;2.304785542430825e-05;1.7108433188685957e-06;1.499296637207966e-05;4.678543780409676e-06;2.0403503845253082e-06;1.0184858123127586e-05;9.210435026812121e-06
00:47:44;457;9.434970526068685e-06;1.0375441428251076e-05;4.662939210498113e-05;1.086952647517075e-05;8.841415513736386e-06;9.347437842098895e-06;1.2731681088951063e-05;7.4669169152421295e-06;8.023591078654135e-06;8.497154776162832e-06;1.131689416925238e-05;1.0323686637357035e-05;5.939478158593787e-06;8.530549151750868e-06;1.1331310807479026e-05;1.1468573166560337e-05;9.996423631480266e-06;1.0522601343514516e-05;1.430554048171491e-05;8.472416936191494e-06;7.968458666128535e-06;9.367437968061886e-06;1.2810107203026573e-05;1.159993400183857e-05;6.730644421438654e-06;9.376964890525184e-06;1.188619170292602e-05;7.28586874780674e-05;6.530806796930783e-05;0.00011799258213677094;0.0001258738063252256;8.678438115406975e-05;4.1311098380995656e-05;1.4471220477341028e-06;2.3170725786191895e-05;3.7407491588222766e-06;1.070845525609895e-06;1.0431004147471506e-05;9.56363514950687e-06
00:47:50;458;8.029491497878057e-06;9.033919267022622e-06;5.0678052335617195e-05;6.413074451927514e-06;9.89620538340639e-06;8.854427709986174e-06;1.3029271733764538e-05;8.52101705042039e-06;7.497220194481584e-06;4.557754812269237e-06;8.881515073126552e-06;9.395307641051948e-06;5.422681626883601e-06;7.0647005685486874e-06;6.820718469862703e-06;6.952295418067237e-06;1.126942310339139e-05;1.004142918242871e-05;1.492112853985775e-05;9.866689698022047e-06;7.85767556005305e-06;5.207736033103002e-06;1.0403621580493724e-05;1.0534155736894707e-05;6.062184624331362e-06;7.852850529483867e-06;7.437837309766962e-06;6.452581052212469e-05;4.646635951007722e-05;0.0002030345599967878;0.00013441298024482033;8.915650656886491e-05;2.857882332696045e-05;1.2604691074136707e-06;1.7861119969667332e-05;4.3834331523981735e-06;1.2317785353696612e-06;1.0216081098971665e-05;7.008705993950693e-06
00:47:56;459;1.1006402946701531e-05;1.1978520657826668e-05;7.05578009181594e-05;1.2114370023978568e-05;2.0825835963219934e-05;2.4302630489036016e-05;1.0933740684554943e-05;9.778906069548363e-06;5.493910368414845e-06;5.02071677679148e-06;1.0662404133266922e-05;1.0508613788444295e-05;9.397364717823496e-06;6.3401296427850245e-06;6.698209003533603e-06;1.2609990634804421e-05;2.2621726237025252e-05;2.4918858602914157e-05;1.3068447595840184e-05;1.0909352775204844e-05;5.696902603688878e-06;5.567013034388891e-06;1.2036655138954416e-05;1.1582525645810418e-05;1.0145409127105694e-05;7.3973348800699325e-06;7.188028644986268e-06;7.279559324537596e-05;6.442570551969413e-05;0.00028908097538560376;0.0002457705910366669;9.227936919466357e-05;4.290846677833004e-05;6.546841919981824e-07;1.5168277755717733e-05;5.480074541560239e-06;1.2805771307683969e-06;9.64308928961574e-06;7.206206947918112e-06
00:48:02;460;9.291581741101915e-06;1.0254273167700813e-05;7.921227812848271e-05;9.955622182644674e-06;7.780078187186684e-06;1.1112100656356978e-05;1.165840916492946e-05;1.938977057524095e-05;9.239006803082619e-06;4.56532985508447e-06;8.947584986303395e-06;1.0048906226891383e-05;6.6307241507569294e-06;6.5178478271961504e-06;5.6535966989976964e-06;1.0341859936638282e-05;8.985917155527365e-06;1.2056593559579216e-05;1.4002025245299822e-05;2.0636590721275027e-05;9.171920933285832e-06;5.3436547722976914e-06;1.0432928993856266e-05;1.1213383338225511e-05;7.591891120037998e-06;7.226626722294435e-06;6.047881913529429e-06;5.9589401057836465e-05;5.723072959633302e-05;0.00034001720247392556;0.0002945965878340238;0.00013047962507355219;2.332915186332636e-05;8.841512338105664e-07;1.9431005936015664e-05;5.828773207312389e-06;1.0904627654281761e-06;8.754312597432637e-06;9.31593390279563e-06
00:48:09;461;9.21496924116189e-06;1.0133754562669804e-05;5.2131019329592796e-05;1.7763448468599563e-05;8.191897978545883e-06;1.0099932779894516e-05;1.2302569343541398e-05;7.055187929306715e-06;5.213263230400984e-06;4.525376320623826e-06;9.60597521720336e-06;1.0405619579242655e-05;1.4233608493053783e-05;6.0428034584250865e-06;5.139944547235845e-06;1.7882198001563112e-05;9.425297252210505e-06;1.1090279085807726e-05;1.4727846548017233e-05;7.94636141304354e-06;5.42794256794371e-06;5.142227711432865e-06;1.0993813708709343e-05;1.131679122224767e-05;1.4914065139214184e-05;6.883768382746744e-06;5.854460843831383e-06;6.588991107708654e-05;5.254401519682424e-05;0.00011432813741969464;0.00016994008859899683;0.00010951944676427735;6.926036689571377e-05;1.333664984067883e-06;1.7465969346877902e-05;4.241893179010853e-06;3.658672624958889e-06;9.153700186598346e-06;8.23636568100629e-06
00:48:15;462;7.77079610969622e-06;8.718108393289104e-06;5.4582179058820167e-05;5.8828395795144805e-06;9.16233962623313e-06;8.862367230542326e-06;9.947041395331656e-06;1.2995367846067232e-05;5.17688821136372e-06;4.516674728772717e-06;9.499389583631704e-06;7.631962616146252e-06;4.339522415428767e-06;7.260925485106575e-06;7.974231653339427e-06;6.299482870014765e-06;1.0699652452613123e-05;1.0109056220935138e-05;1.2047279148036172e-05;1.3877179241452595e-05;5.263684103358427e-06;5.1316549448943715e-06;1.0869794366470483e-05;8.750168530517655e-06;4.909427348771899e-06;8.241213827550152e-06;8.418703819649025e-06;7.938646053624219e-05;6.39979726561656e-05;0.00012798037651363738;0.00014858861230371254;0.0001212446723102619;6.758159996099643e-05;1.747510066149412e-06;2.078866009252423e-05;3.5482679094685197e-06;1.4154298611671114e-06;9.089154004577175e-06;9.61743249093944e-06
00:48:21;463;7.84117143837193e-06;8.785409763616752e-06;3.612985227947556e-05;5.9263419248364615e-06;7.76910017014581e-06;1.322725410220342e-05;1.1649032759661084e-05;7.136579315866501e-06;7.987288529808335e-06;3.781666676613585e-06;9.311708013306294e-06;7.29394532134558e-06;4.718156319295407e-06;9.827428908951417e-06;5.465552498665457e-06;6.508907322140773e-06;9.10730252627805e-06;1.4288557038157648e-05;1.3149943639936155e-05;8.116586079406169e-06;8.32067858430526e-06;4.439854307482948e-06;1.0885862875626646e-05;8.54759427735949e-06;5.31944522928042e-06;1.0703081097975123e-05;6.037100420835026e-06;5.714206939018433e-05;4.836393442504837e-05;5.141975698107289e-05;6.050735598903695e-05;0.00010016744408826653;7.191625152749513e-05;2.411429239351656e-06;1.4969562752278107e-05;5.751951633596581e-06;1.941850297074759e-06;1.0082717793116252e-05;8.883903237185247e-06
00:48:27;464;8.7255999784733e-06;9.701309161617338e-06;6.711256670602487e-05;6.375380720478254e-06;7.253062167675043e-06;1.4385990584483723e-05;1.0149951749709048e-05;1.1083093440979816e-05;5.572140907229471e-06;7.990485570339636e-06;1.4831951888409508e-05;8.42223505256615e-06;6.871470383241661e-06;6.008224721460403e-06;5.76320876048571e-06;6.9672581083045484e-06;8.448591340967613e-06;1.54973721104789e-05;1.2149742867188274e-05;1.211334167433224e-05;5.672037971209325e-06;8.572535436910642e-06;1.630558811864577e-05;9.595993094391609e-06;7.679679215413405e-06;6.889698322740077e-06;6.523868400615322e-06;6.096856605732046e-05;5.9394072298528046e-05;0.00026518914315542256;0.00025483898201929283;8.805390736226556e-05;3.0336530019833905e-05;8.281811253224153e-07;1.994986931660182e-05;4.646749524827409e-06;1.644897400050938e-06;1.0482388859505784e-05;9.0175133333264e-06
00:48:33;465;7.481853470184515e-06;8.469113133368054e-06;6.971773694104668e-05;4.585505884981765e-06;7.957507070247258e-06;1.065860519133821e-05;1.1778223121826738e-05;8.293399262206755e-06;5.322350297699462e-06;4.3682136114336405e-06;1.2288818492255483e-05;9.102200507982161e-06;4.627348101784244e-06;5.8707642545321255e-06;4.929303458502752e-06;5.289466585802788e-06;9.250626843350812e-06;1.1749463789748938e-05;1.423686042678899e-05;9.147373288491324e-06;5.440110844344268e-06;5.115528308665432e-06;1.3672250479200407e-05;1.0080453332101328e-05;5.324596946892701e-06;6.76617844851247e-06;5.556444895912044e-06;7.043404868159184e-05;6.539250013550357e-05;0.00024273700080429365;0.0002584873425709171;0.0001033669319464673;4.841286307122028e-05;9.188079167083531e-07;2.1778661553439363e-05;5.934027681341629e-06;1.0150492145429348e-06;1.0038779528782676e-05;8.096830187751557e-06
00:48:40;466;8.237301878983255e-06;9.24417210764567e-06;4.113497604052333e-05;6.223663584977017e-06;8.061701502723198e-06;1.0610693575653261e-05;1.249654066141788e-05;9.62905059121898e-06;4.962312745765923e-06;7.175847106178811e-06;8.842260104234935e-06;1.1502890317351763e-05;7.995642161776315e-06;6.989099985139029e-06;4.357917047185951e-06;6.923292886900135e-06;9.374205069146723e-06;1.1913475099149015e-05;1.4290829232224865e-05;1.0571323898573933e-05;5.111376807851425e-06;7.856356746685113e-06;1.0098929768774504e-05;1.2926718423104716e-05;8.98980434163904e-06;7.859884544238493e-06;5.0138646397672235e-06;6.198548041934692e-05;4.306561480863176e-05;7.603010106153727e-05;8.433746527010494e-05;0.00011461522362772204;6.785762098848554e-05;1.5733603077966228e-06;1.7342935116270206e-05;5.5260892021249585e-06;2.6215405186916617e-06;1.0320226589689951e-05;8.344054575878147e-06
00:48:46;467;7.551961722640499e-06;8.436034839846049e-06;4.423977064224604e-05;8.929040015330388e-06;7.372693222151838e-06;7.960425667166957e-06;1.1140118543034367e-05;1.2578606025215322e-05;5.736677378949522e-06;4.198377079363396e-06;8.56702896550649e-06;8.207079797014929e-06;5.517974433902592e-06;6.080735897029399e-06;4.3347807754592145e-06;9.698775631730751e-06;8.736427556454423e-06;9.184951350222566e-06;1.2760902181174902e-05;1.3254836521579669e-05;5.829084646485413e-06;4.893397208203929e-06;9.70954323160577e-06;9.324554579092641e-06;6.176996429289081e-06;6.738107150697401e-06;4.924838198279804e-06;8.033741061064194e-05;5.905068838906116e-05;9.556070378154578e-05;9.740369635899952e-05;0.00010767104061082905;4.624770619724434e-05;1.0949559805580085e-06;1.9022970455215006e-05;4.441738495581448e-06;1.9528982750628106e-06;9.294849985036853e-06;8.79858856717676e-06
00:48:52;468;6.81990066908611e-06;7.78254456857707e-06;5.986860077289457e-05;6.631221167972192e-06;6.9235266964411e-06;7.708146740852003e-06;8.940582966813922e-06;6.398412318763359e-06;5.3984809799022635e-06;5.149188999712092e-06;9.173424212411357e-06;7.276000368185785e-06;5.060271154504066e-06;6.311639039776909e-06;6.867911510449238e-06;7.334873621805889e-06;8.266151596643208e-06;8.76791920193141e-06;1.089528480325855e-05;7.240419252619038e-06;5.59031450163125e-06;5.858939244671426e-06;1.0732565505914184e-05;8.368413062593781e-06;5.718643288800413e-06;7.146418070826971e-06;7.470590332294579e-06;5.744667542600968e-05;6.830045076101229e-05;0.00016163783786852487;0.00021749596748102087;0.00010057156315858088;6.866415367440704e-05;1.3841739466757476e-06;1.9609427601897034e-05;5.021956145415182e-06;1.2338473695818489e-06;9.816420742346224e-06;7.240735099263035e-06
00:48:58;469;5.972692294035782e-06;6.9552752738442756e-06;5.080616423771482e-05;4.600874511918494e-06;6.953047163320165e-06;7.345915419873253e-06;9.720164923459668e-06;5.910750261441742e-06;4.698492407422867e-06;4.1350065952304824e-06;7.937601106339736e-06;6.583394004167076e-06;4.005933555620541e-06;5.430693892482065e-06;4.350431718788431e-06;5.120278438316515e-06;8.37930417530308e-06;8.776338906696029e-06;1.1634686300947325e-05;7.0056083799661075e-06;4.770103147695662e-06;4.73445201454455e-06;9.319104449361153e-06;7.83866107091934e-06;4.65438065072669e-06;6.2583056758371585e-06;4.972078066870542e-06;5.7532126664072674e-05;6.1073007314424e-05;0.00012075694017032417;0.00015416794994951491;0.00010469570730075056;7.010221270914907e-05;1.8498592542157358e-06;1.556167463630601e-05;4.371694597836532e-06;1.6511432823703421e-06;1.0268813481960662e-05;7.642841491653023e-06
00:49:05;470;6.588693166649633e-06;7.596988227674104e-06;6.512664027001924e-05;4.930528342131621e-06;6.927119998258811e-06;8.588680668320979e-06;9.025127775947277e-06;5.411216594808366e-06;5.133889827197374e-06;5.174853449186788e-06;1.2381644437973385e-05;7.093355216496051e-06;4.303215023103814e-06;5.99097450662808e-06;4.103710589605085e-06;5.4775742493019824e-06;8.183965056110836e-06;1.0121143060143967e-05;1.1278985893332453e-05;6.493352093227109e-06;5.288611188766884e-06;5.932617519831666e-06;1.349442959796266e-05;8.360518896103102e-06;4.920925808227931e-06;6.841853778323754e-06;4.769879265213488e-06;6.921885615694426e-05;6.492911335280274e-05;0.00018150844119423516;0.0002396762156475094;0.00010099444794122703;7.677024800077516e-05;9.663400325037336e-07;2.2737079491081526e-05;4.935309021091732e-06;1.2570344403549212e-06;1.0157553158633568e-05;8.369044803071472e-06
00:49:11;471;6.203667964464123e-06;7.233674342053666e-06;6.590646395598732e-05;5.10472656113269e-06;7.3174136648969e-06;8.155932484044115e-06;8.61923483212608e-06;5.365561294015916e-06;5.015281973315537e-06;4.795993027041266e-06;7.994541587276093e-06;9.07799958001347e-06;3.853008767797726e-06;4.770177778758787e-06;4.374142088052353e-06;5.844033590688877e-06;8.869501776137475e-06;9.473129455129104e-06;1.0626064568562388e-05;6.502874373238021e-06;5.260854308450885e-06;5.363183396483795e-06;9.498128292761976e-06;1.0346415457448369e-05;4.4543661588940716e-06;5.59506240935224e-06;4.970476325818513e-06;6.743931215814813e-05;5.690720791652364e-05;0.00023581390645135264;0.00023405588459260004;0.00010579725275747333;4.870731962054315e-05;1.2504831470245704e-06;1.6513246287530046e-05;5.314757521020788e-06;1.061931376080168e-06;1.0091994976403741e-05;7.924270667147528e-06
00:49:17;472;5.946059382402134e-06;6.9413532067220685e-06;6.318300514194272e-05;4.496690072580185e-06;7.0822002529976915e-06;6.856783428397441e-06;8.43928218847106e-06;6.160621400332709e-06;4.7260229501169056e-06;3.607182724155419e-06;7.35847856764787e-06;7.083680940085784e-06;5.007599656633746e-06;4.741884821286972e-06;5.792283758087148e-06;5.149717293810497e-06;8.267277389907726e-06;8.036102377745113e-06;1.0637896495977714e-05;7.365640359711495e-06;4.960633630248537e-06;4.19484679759644e-06;8.834701222002866e-06;8.289844578329497e-06;5.690718857110795e-06;5.534042691556063e-06;6.334814079770085e-06;6.82986116821262e-05;5.959905338727521e-05;0.00018353886046273228;0.00023144990364898412;9.92876484541523e-05;7.206068808516187e-05;1.5452989975451694e-06;1.7686511558107008e-05;4.34158135759352e-06;1.8450055373311102e-06;1.0377390162362195e-05;8.16550836994158e-06
00:49:23;473;5.568809869642295e-06;6.5767781455213455e-06;5.5432867469326935e-05;4.603414880157495e-06;6.863561380818985e-06;6.819473463663557e-06;8.73437231260513e-06;5.644075672121702e-06;4.431663567187756e-06;3.1961281521184692e-06;7.476556222937606e-06;6.520612463392891e-06;3.9714385745267835e-06;4.479329642557352e-06;4.085090140584023e-06;5.2093743582915945e-06;8.204000712080588e-06;8.156521050606691e-06;1.0833105390495031e-05;6.632835075960648e-06;4.615515605063926e-06;3.7885257842378762e-06;9.01339179891474e-06;7.781381468760894e-06;4.707293432078632e-06;5.346572278759146e-06;4.632818433803342e-06;6.16529122768555e-05;6.704791844240657e-05;0.0001467325539160675;0.00017617799105993945;0.00010650350562268285;6.370432343503003e-05;1.3568371669704444e-06;1.6932650831295324e-05;5.1865575507707856e-06;1.5372804429971076e-06;1.026528904255342e-05;8.096589844354417e-06
00:49:29;474;5.639302764073116e-06;6.625504427782151e-06;4.8822949320209425e-05;4.279898259149852e-06;6.374822812657302e-06;6.604969535508396e-06;9.621195195047056e-06;5.610720080862951e-06;4.492039775140132e-06;3.414774265212114e-06;7.094152004909078e-06;6.963427544803835e-06;3.7687373390130316e-06;5.0721660930331715e-06;4.374728525779016e-06;5.020863719563968e-06;7.775876723296935e-06;7.967046943271778e-06;1.1559172095605643e-05;6.613135334375812e-06;4.6693150746745505e-06;3.930298890460292e-06;8.486088316641155e-06;8.18540455597192e-06;4.436965999830827e-06;5.926727145736008e-06;4.93515586594519e-06;7.110911880418199e-05;5.751270862606537e-05;0.0001334025890972662;0.00013381320129689442;0.00010088415019998086;4.7856377867000924e-05;1.070334934891233e-06;1.630442156428735e-05;4.956454815484336e-06;1.1750552964952822e-06;9.803787362698353e-06;7.98719197726645e-06
00:49:35;475;5.389448986647949e-06;6.419463871576296e-06;5.9011668671803625e-05;4.1192873711666645e-06;6.324157002847063e-06;6.964332730386889e-06;8.390758533235756e-06;5.0110807104627755e-06;4.366457247974929e-06;3.91365365085247e-06;7.039981939142721e-06;6.511253469005334e-06;3.800702593860127e-06;4.596733490493741e-06;3.6349874748189204e-06;4.82239774607444e-06;7.600221366212995e-06;8.296324906524792e-06;1.047201624404104e-05;6.074455161322913e-06;4.671478558221576e-06;4.534861283923707e-06;8.535079376986087e-06;7.74870473441861e-06;4.481272592588366e-06;5.461259644118998e-06;4.335492136144953e-06;6.368235891142864e-05;5.934705697346055e-05;0.00017027025134331623;0.00021112899440722062;0.00010445261977627484;5.578651367666899e-05;1.4629163428640655e-06;1.7809453032744092e-05;4.691548134741907e-06;1.1790992176619792e-06;1.0266818174363756e-05;8.062394070897863e-06
00:49:42;476;5.243500775071135e-06;6.2653019120238865e-06;6.0499670510402055e-05;4.533620110436232e-06;6.008114917738732e-06;6.757578243562793e-06;8.152291238678282e-06;4.716985968852586e-06;4.119496399113132e-06;3.080300559591106e-06;7.254482452817063e-06;6.220780570099681e-06;3.7647883774512407e-06;4.728333003679484e-06;3.5852355905903592e-06;5.244601039475462e-06;7.330222874598009e-06;8.133002257302824e-06;1.0289427054770765e-05;5.841369758417375e-06;4.403641357004998e-06;3.68690834127133e-06;8.721298584106667e-06;7.382129061176174e-06;4.430292901930972e-06;5.476567427154528e-06;4.244160091050766e-06;6.61906162817232e-05;5.9743424449564106e-05;0.00017882306060696868;0.00021518766234399536;0.00010060575954110943;6.228853550772068e-05;1.2186468016642042e-06;1.720050884484748e-05;4.926458990712865e-06;1.3301595453730239e-06;1.0336294826784442e-05;8.144918384361268e-06
00:49:48;477;5.209723793536176e-06;6.24770388030005e-06;5.7321890392488915e-05;4.266176327922205e-06;6.268291688048645e-06;6.517144487748862e-06;7.9695164361934e-06;4.8368774579123715e-06;4.062977700866358e-06;3.3244900868564544e-06;6.970256297801246e-06;6.1260761234714005e-06;4.032007719700914e-06;4.496035430502264e-06;3.646833937861774e-06;4.899206758153336e-06;7.436057822941839e-06;7.946501596109822e-06;1.0201642856407466e-05;5.9469081625599145e-06;4.3258256350264106e-06;3.9823094170912286e-06;8.533787468543697e-06;7.384084054575407e-06;4.703529698360134e-06;5.29773026329754e-06;4.314861175598823e-06;6.300213655537297e-05;5.739825814293555e-05;0.00015262020117520503;0.00020285308765988363;0.00010456319585180155;6.473277378772853e-05;1.3950995098434295e-06;1.6749423317651357e-05;4.830213651891962e-06;1.5261657532135068e-06;1.031717281492705e-05;7.874956489412148e-06
00:49:54;478;5.157533371531868e-06;6.169792954948852e-06;5.1848591285543865e-05;4.260563416251402e-06;5.94623684206526e-06;6.452470487452254e-06;8.210720813715191e-06;4.819773499581908e-06;4.153445716006197e-06;2.953030822377462e-06;7.0821439683238e-06;6.138266532799848e-06;3.62613279556647e-06;4.443622378987171e-06;3.803991313136831e-06;4.930024971732173e-06;7.287373191617537e-06;7.797604885587433e-06;1.0174805037756495e-05;5.94068399815241e-06;4.402936245334118e-06;3.5642341359400947e-06;8.648583935851842e-06;7.314506811907668e-06;4.258744270315864e-06;5.305725185107919e-06;4.412290948068081e-06;6.489132446794393e-05;5.5430718491975676e-05;0.0001360389563280293;0.00016578011221293467;0.00010307212836500328;5.399999852216746e-05;1.2048170909413618e-06;1.7191492950076648e-05;4.97827567820533e-06;1.4577896583250536e-06;1.0275876289559528e-05;7.861605371364131e-06
00:50:00;479;5.127535886308785e-06;6.125447697153895e-06;5.3989130656360054e-05;4.179948114827167e-06;5.947425683090883e-06;6.485746974957155e-06;8.245237170518232e-06;4.708439570839056e-06;4.063929876255398e-06;3.0216437843157773e-06;6.99857945656907e-06;6.223592325937943e-06;3.523703525652102e-06;4.404564252718563e-06;3.7276181973053015e-06;4.828746088168362e-06;7.244171994691125e-06;7.899847545720345e-06;1.0125953924469723e-05;5.770187427411725e-06;4.333950603066551e-06;3.573398916896737e-06;8.526785804170238e-06;7.440677051553267e-06;4.209476539380134e-06;5.204941763173637e-06;4.347232026150236e-06;6.536153529434333e-05;5.715008702463649e-05;0.0001467704719906635;0.00017673826776357953;0.00010190771127652212;5.701681621580035e-05;1.1949712037420795e-06;1.7169596463118877e-05;4.874090087276644e-06;1.5226550388442403e-06;1.0306958297551854e-05;7.856407220241916e-06
00:50:06;480;5.085121106095482e-06;6.090020742934179e-06;5.504179236497528e-05;4.060916240369104e-06;5.980216041479025e-06;6.563809377075296e-06;8.141348239767218e-06;4.6613271303447785e-06;4.001298441186856e-06;3.0399147117130743e-06;6.850973376644602e-06;6.00463336749871e-06;3.609612746399452e-06;4.388725597240492e-06;3.7186760189136048e-06;4.690783495639556e-06;7.219689830636998e-06;7.942334458318869e-06;1.0052427235597308e-05;5.74769209482769e-06;4.289510608158926e-06;3.6225964253436026e-06;8.466545721925677e-06;7.2557586808895244e-06;4.297884818041421e-06;5.1794947432449876e-06;4.315528738953628e-06;6.52962325074228e-05;5.694842090699941e-05;0.00015737162560222926;0.0001833113902581227;0.00010078451935258081;5.414709481352266e-05;1.1911775948985734e-06;1.6993024255153643e-05;4.935645278625709e-06;1.447397368810578e-06;1.0219555682750909e-05;7.855424758586136e-06
00:50:13;481;1.215561119300384e-05;1.3052671765532828e-05;5.4807105850625234e-05;1.0917607807863822e-05;9.014630048330797e-06;9.270931928090869e-06;1.491209793223127e-05;7.313046604648124e-06;1.2977064624987055e-05;6.970263830846141e-06;3.925669112577039e-05;1.0888890471314674e-05;9.027737356539298e-06;8.60749381491711e-06;6.710875322436426e-06;1.2136105610058817e-05;1.0169965633717247e-05;1.0738972026887541e-05;1.745428502706286e-05;8.379055221275503e-06;1.2630967738672713e-05;7.732741677719338e-06;3.934321572574569e-05;1.2136961939614605e-05;9.13141244796585e-06;9.633135292299617e-06;7.145239722583799e-06;4.8137722966078276e-05;4.4945980339364575e-05;0.00011549701992253078;0.00024842107396176084;9.502616672577241e-05;3.8701537675441375e-05;7.790155438476479e-07;4.4320092498106846e-05;3.448749413046445e-06;1.1284427400025825e-06;1.0065170616107555e-05;7.214297805443483e-06
00:50:19;482;1.0460947991801236e-05;1.1454429194243489e-05;7.634880116367614e-05;9.62312233519149e-06;8.60791799924114e-06;1.9136452364550266e-05;1.9902799616550677e-05;8.940761913772183e-06;6.7665864103813336e-06;1.3674002135840881e-05;9.470850766423279e-06;1.0401931516861913e-05;5.5436711069748155e-06;6.738935250635595e-06;6.724340459643682e-06;9.884049373058473e-06;1.0022872013710011e-05;1.9750524188566487e-05;2.308175259448818e-05;1.0116263592287477e-05;6.972234984194857e-06;1.4579230076988903e-05;1.075560463574174e-05;1.1259402797321268e-05;6.289887269188892e-06;7.655842113354659e-06;7.08548370450352e-06;3.884905295968957e-05;3.970435570857931e-05;0.00016768632215751785;0.00038662561551860714;0.00012411981721925324;0.00011092390952738895;3.6975461114199452e-06;2.03375519420882e-05;3.983039751047343e-06;1.9255762709270982e-06;1.1336447043200922e-05;6.996379754394226e-06
00:50:46;483;8.16651048942483e-06;9.045295514567177e-06;4.185373290809409e-05;6.922390823469661e-06;9.665350824987359e-06;1.4615522439178427e-05;1.0409997026334333e-05;5.967919369192549e-06;8.682046522520439e-06;5.041911030254844e-06;8.437345214092188e-06;9.347319038707527e-06;6.603820719032104e-06;6.682870607929462e-06;5.6216292350086405e-06;7.2283096530174845e-06;1.0981173534075217e-05;1.5708935176076876e-05;1.2234368448015274e-05;7.105368836221979e-06;8.877229666274005e-06;5.834773705655722e-06;9.896363764387906e-06;9.991198975846682e-06;7.109921061552846e-06;7.4538175461303935e-06;6.122082394068468e-06;5.44542872047937e-05;4.0060567406242284e-05;0.00010190042673528911;5.8219016108266914e-05;0.00011536474659759804;9.277648087031795e-05;1.3489704784153227e-06;1.586894712760624e-05;3.5512833760357393e-06;2.0556489254561384e-06;9.398274418375082e-06;7.246145648732695e-06
00:50:52;484;9.122922632927425e-06;1.0044043398310454e-05;3.850239263797882e-05;6.715585067434466e-06;8.354052082831293e-06;1.0308587989853054e-05;1.7337027584703307e-05;7.6973811825486e-06;1.0099890616288576e-05;6.641887227522923e-06;1.0815634696050644e-05;8.799862052135474e-06;6.885839259431557e-06;1.0153811840945599e-05;5.665508389217745e-06;7.418556804945574e-06;9.57213442349332e-06;1.1637603027430728e-05;1.8978987387941466e-05;8.653554560405149e-06;1.0399458230345265e-05;7.228230466537326e-06;1.2260001001984936e-05;9.872344308641453e-06;7.414067783740185e-06;1.0827724100302394e-05;6.265854260244494e-06;7.511196010710728e-05;4.9600707491715955e-05;8.23014888935183e-05;5.501388419594524e-05;9.697929711548557e-05;6.210355298921288e-05;1.1292519154119777e-06;1.31386730906055e-05;5.468232131956215e-06;1.7615575657703215e-06;9.418438069417647e-06;1.0001668089598793e-05
00:50:59;485;9.07018121862083e-06;1.0072883475303673e-05;7.26513719510916e-05;7.971601578111114e-06;9.050249582158317e-06;1.4001644811659473e-05;1.0417713092181202e-05;9.070282137651537e-06;1.1051168803016315e-05;6.042205116846782e-06;1.2446084962970293e-05;8.934091365052733e-06;7.036559766052361e-06;7.893712243856044e-06;4.926857554982627e-06;8.698896267502922e-06;1.067057368506735e-05;1.4875500491592603e-05;1.2396275462977635e-05;1.0434927078884219e-05;1.126393130959249e-05;6.733753857185513e-06;1.3629763629921134e-05;1.0113001430506266e-05;7.868590423237912e-06;8.591363370260872e-06;5.598020630092338e-06;6.142641979439459e-05;6.386676930446722e-05;0.0003435420393067347;0.000260859648672419;8.020769181969879e-05;2.2658521293902924e-05;7.721967908789935e-07;1.6105528590962727e-05;4.281136068633389e-06;1.4059593455937478e-06;9.629716647223287e-06;7.060835778189858e-06
00:51:15;486;9.525926066864734e-06;1.0455179845054392e-05;4.630241105131523e-05;7.641263634122259e-06;9.817996672464604e-06;1.0568767491230863e-05;1.1659249915267496e-05;1.157959812432678e-05;8.764354880306449e-06;5.767354279323007e-06;1.160709546158242e-05;8.696884102412447e-06;1.3681731550847912e-05;8.087409314198753e-06;6.439403433427577e-06;8.364133515862727e-06;1.146946536359389e-05;1.1731043384856946e-05;1.323814758737321e-05;1.2401779909114224e-05;8.717212517982677e-06;6.2350441975801995e-06;1.2925893684099075e-05;9.683726194119036e-06;1.4730137427019905e-05;8.98694851676288e-06;6.978622800085725e-06;5.6366602823639383e-05;4.602554633050985e-05;0.00010150562821493728;0.000164265639031438;8.851584480792037e-05;5.916865564188702e-05;7.810416041931373e-07;1.5187332781048156e-05;4.78366629155126e-06;1.2448174625463692e-06;1.036955457006547e-05;7.414603056046531e-06
00:51:21;487;8.340614504669992e-06;9.308842419170705e-06;5.13289346151946e-05;5.6730014906298205e-06;7.824256500234903e-06;9.749123270937202e-06;1.0614371743403437e-05;1.6212616205667597e-05;5.1408155905944985e-06;4.037605103913609e-06;8.379424179658848e-06;9.678066536945483e-06;7.522298392424111e-06;7.949565601512115e-06;7.306225863988981e-06;6.271298118491946e-06;8.991069961079511e-06;1.0882358609809603e-05;1.264347050477503e-05;1.745860509235851e-05;5.3236011912235014e-06;4.784330379071791e-06;9.846997963444366e-06;1.0739752528761643e-05;8.122761053389787e-06;8.75210425759558e-06;7.889754186503005e-06;6.183349196647132e-05;5.944829470208485e-05;0.00016187060503006887;0.00015787694633077317;9.365661771829073e-05;3.947654211743805e-05;6.876836667747316e-07;1.601057311370861e-05;5.080922544878369e-06;1.5788551141505098e-06;1.0178605290339231e-05;8.248077787356634e-06
00:51:28;488;9.373553667237708e-06;1.0408717755609946e-05;3.700686673906031e-05;6.79443833462301e-06;1.3993465927342186e-05;8.713673189220117e-06;1.2033112440044327e-05;7.409506769110149e-06;1.3306076949442575e-05;8.41660611621881e-06;8.620720712635624e-06;8.981979138153209e-06;7.009338862541302e-06;1.1804773521362222e-05;5.39894846631548e-06;7.219685881818229e-06;1.578589682496754e-05;9.97268796110595e-06;1.3728270425440602e-05;8.53206195562409e-06;1.3563035511801497e-05;9.417665958470117e-06;1.020438753872855e-05;1.0274036245805924e-05;7.614842316694263e-06;1.272883500975315e-05;5.863202915539268e-06;4.5304904970895725e-05;7.954970220456376e-05;9.520312369579324e-05;6.10309107629052e-05;9.103446639088469e-05;2.815520497449886e-05;2.1531524476709055e-06;1.591778739522933e-05;4.1903688396392124e-06;2.31516745497674e-06;1.0903772943448679e-05;8.323838788217436e-06
00:51:34;489;8.506121185353715e-06;9.3752485934348e-06;4.0228718018425615e-05;5.21942087093986e-06;8.29135934698012e-06;8.80960286376752e-06;1.161579415054348e-05;8.874625301948733e-06;6.313557567497438e-06;6.720782674304618e-06;1.2392501310061602e-05;7.888470705097461e-06;8.172636106771527e-06;5.789095750491862e-06;1.1985604056715973e-05;5.643815533219339e-06;9.272426613958338e-06;9.816699937662726e-06;1.3217897400023457e-05;1.0086779690902426e-05;6.460370485323829e-06;7.2273395704265755e-06;1.3509621987418829e-05;9.417204401421558e-06;8.906111102250974e-06;6.813958787207884e-06;1.2130754183527654e-05;6.119852553760691e-05;5.4203217383284865e-05;7.246768533014848e-05;9.633441351707344e-05;9.117674916118144e-05;6.998797911451924e-05;8.700378511542575e-07;1.3836165985914062e-05;4.512428975260604e-06;2.1877022194221387e-06;8.827471801628573e-06;7.142239343913368e-06
00:51:40;490;9.294367662898201e-06;1.0245512730531878e-05;6.965583596157054e-05;5.187699072903032e-06;1.7458488723708466e-05;1.879185119626279e-05;1.0299231510140833e-05;1.401729273905775e-05;5.401045433602163e-06;4.68751368290751e-06;8.355700414080564e-06;7.799343990846161e-06;6.523466786231583e-06;8.346186974186118e-06;4.664587763159034e-06;5.65906944020638e-06;1.9084689334197754e-05;1.9782081041359815e-05;1.2205258746137047e-05;1.4818510229631528e-05;5.632334452019666e-06;5.080919850748799e-06;9.779416583874483e-06;9.000235722045477e-06;7.361659645309224e-06;9.308121276216632e-06;5.233852446888451e-06;5.5962482451266326e-05;9.788547870667508e-05;0.00029533992019057547;0.00021429670541737986;0.00010050367134249478;3.256745849972845e-05;1.082589142626462e-06;1.5141107455116963e-05;3.980547293706979e-06;1.1069598162079037e-06;9.65549726863738e-06;8.347613954430818e-06
00:51:46;491;7.030698154411849e-06;7.946314666167129e-06;4.4916931219794135e-05;5.338720332562471e-06;7.694114581821312e-06;9.47639908652966e-06;1.1078073920988242e-05;6.001644616110918e-06;5.692213329214465e-06;4.6437184835212975e-06;9.522043724013491e-06;8.07991550870342e-06;6.585536861210399e-06;5.324105121864229e-06;4.931890416060014e-06;5.9063587413439115e-06;8.86495147628748e-06;1.0784603926114432e-05;1.2815348511623274e-05;6.9523214163762276e-06;5.791873686748543e-06;5.310698828838259e-06;1.1153335746505174e-05;9.038989446708001e-06;7.217854142219972e-06;6.019227517362761e-06;5.500209195079036e-06;6.215399115333711e-05;6.234296855345468e-05;8.439356261199282e-05;0.00012433652709480355;8.699017244202587e-05;7.141914479764785e-05;1.2955380093805501e-06;2.0229123203998858e-05;5.1115835697471215e-06;2.4313998161519784e-06;9.579291253549979e-06;8.719872131439396e-06
00:51:52;492;7.731407142779807e-06;8.72308002519414e-06;6.677089691643189e-05;8.14919978350562e-06;9.73153369508075e-06;8.986383164710787e-06;9.21857136469064e-06;5.724391528551885e-06;6.3470817143499145e-06;3.959386203950482e-06;9.850528635850383e-06;1.4769455553029978e-05;5.602582768140317e-06;5.883371024786109e-06;4.554397167117424e-06;8.612848651415633e-06;1.100037904012148e-05;9.932316797973346e-06;1.1438832004813189e-05;6.778069573671548e-06;6.674767484605869e-06;4.542833784962798e-06;1.129269751604452e-05;1.607046187582685e-05;6.3226826177579145e-06;6.686554887074877e-06;5.324512185440273e-06;6.487474454252804e-05;8.401481591107044e-05;0.00024355689499339553;0.00021504048255188;8.555666119184199e-05;6.504403035083657e-05;1.106648754194169e-06;1.727286150230767e-05;5.203821887199101e-06;1.0923622786194046e-06;9.285819576081306e-06;9.201619457228424e-06
00:51:58;493;6.5926111755164705e-06;7.586235945301626e-06;4.6025392813629e-05;6.833658237907643e-06;8.460158638776896e-06;8.319085165711924e-06;1.042081926333987e-05;5.597154348890854e-06;5.738436362696058e-06;3.933913753458156e-06;8.428126089396217e-06;7.384403655340645e-06;3.67622894937757e-06;5.895801930222433e-06;4.423545861245967e-06;7.305704503444678e-06;9.67491985624914e-06;9.820979236873071e-06;1.2446162847620052e-05;6.638184286318012e-06;5.895367215814502e-06;4.5669919328949755e-06;1.0085670671483231e-05;8.511940611438322e-06;4.34438493933077e-06;6.645262152532372e-06;5.099261155505068e-06;7.001336818618762e-05;4.636274120886849e-05;0.00016287997047745447;0.00011510043031813259;8.750283482595694e-05;3.016347842557153e-05;1.1397120241175217e-06;1.540596217545534e-05;4.008503230573725e-06;1.576297197792326e-06;9.711993453033619e-06;8.439422240403759e-06
00:52:05;494;8.17080777566885e-06;9.041932732739215e-06;3.998069717981723e-05;4.992023845447462e-06;8.166830832449664e-06;8.328002654681397e-06;1.2935987889115744e-05;6.289875122886005e-06;7.918707278907856e-06;5.821358027059308e-06;1.4997969535877267e-05;1.2940486021891088e-05;4.907620934928176e-06;6.2552619824109774e-06;4.495565442978617e-06;5.568833293055613e-06;9.365951652248843e-06;9.696524079739487e-06;1.462945069933879e-05;7.262026938521178e-06;7.935578616548188e-06;6.248693842257747e-06;1.6164650390502302e-05;1.3888136637905507e-05;5.573520627278205e-06;7.01065109636527e-06;5.159169534094929e-06;5.837236786362279e-05;5.07520996247729e-05;0.00010417396114949377;7.837669139210615e-05;0.00010102067984082223;4.787325081183958e-05;8.862144829058422e-07;1.5578773740065365e-05;3.786590785126024e-06;1.1085503812280183e-06;9.993927033595463e-06;7.845259052228686e-06
00:52:11;495;6.894372682934731e-06;7.9102154687243e-06;5.884576131858516e-05;5.747748808298587e-06;1.1678891636728911e-05;7.64785781370847e-06;9.728058416349292e-06;7.259560217288584e-06;5.278337444539457e-06;3.311481406178338e-06;8.541824266733949e-06;7.515598948192416e-06;4.179392354783121e-06;7.913041926599362e-06;3.93067688942882e-06;6.353403564332174e-06;1.2977188459985825e-05;9.018109802680187e-06;1.1808053565075653e-05;8.406120764735948e-06;5.607761968809727e-06;3.832734361672413e-06;9.851916084825681e-06;8.744482081827392e-06;4.912503202290339e-06;8.87862908504896e-06;4.531680018242442e-06;7.21207514375128e-05;4.5085186597077273e-05;0.0001665043002014139;0.00021119839222085473;0.0001083644888289092;5.887262916992546e-05;9.185361721144332e-07;1.8835931211703348e-05;4.3118163727434735e-06;1.4327916485626862e-06;9.257236970434252e-06;9.24707499177041e-06
00:52:17;496;7.160774578225797e-06;8.105334893139403e-06;6.334398220583016e-05;5.500317722092777e-06;8.59096011557819e-06;8.309484497976365e-06;9.615317369144288e-06;6.41073025258782e-06;5.138851507072414e-06;4.644126092175198e-06;1.519535295490083e-05;7.377346847192712e-06;4.4584399768025795e-06;5.631370317615847e-06;5.056995099359731e-06;6.209091357568123e-06;9.760149871137308e-06;9.688605759832551e-06;1.2017356484533064e-05;7.344870091056012e-06;5.249837460977215e-06;5.3483728998234934e-06;1.588798303474286e-05;8.692621669311687e-06;5.0423411376189655e-06;6.4111332339731994e-06;5.6116519121869826e-06;6.852962597870672e-05;5.762049181441869e-05;0.00018043780097134243;0.00023433818552277824;9.545757169149535e-05;6.929536785065931e-05;1.6877933275082924e-06;2.8491933037386897e-05;4.5192624123237806e-06;1.6551911736300946e-06;9.130663553692349e-06;8.963899136019783e-06
00:52:23;497;6.8076603186155315e-06;7.879296614951674e-06;6.222704993430818e-05;1.0279628176719639e-05;6.986874880190251e-06;8.717521543582569e-06;8.974053619810588e-06;5.341739019761669e-06;4.843060524900073e-06;3.911423731492195e-06;7.3949893520235e-06;8.94021155966646e-06;5.807473070521238e-06;6.227041690206906e-06;4.267904726356681e-06;1.0843970145126864e-05;8.132524070316333e-06;9.992072125298157e-06;1.1133111088326321e-05;6.5476994873451875e-06;5.004018925020215e-06;4.623204507810488e-06;8.890601040110585e-06;1.0237991053928234e-05;6.944805965206255e-06;7.186774348179203e-06;5.014782409143894e-06;5.190072068023645e-05;6.533899954370822e-05;0.00019439691733427088;0.00023593687627191032;0.00010210664736925555;5.244910263980248e-05;8.678767957508645e-07;1.9671518758567514e-05;5.47816678240593e-06;1.975713077507653e-06;9.336971439835993e-06;7.265088518446518e-06
00:52:29;498;6.260490191064863e-06;7.19718105710278e-06;4.5579412279147086e-05;4.305661718717602e-06;9.379181405351615e-06;7.483144707523789e-06;8.933856289094034e-06;6.41050744382648e-06;4.549336854544415e-06;4.88150378462716e-06;7.94683874196587e-06;6.712035616115744e-06;4.771678864236926e-06;5.0091351423924895e-06;4.743000041041899e-06;4.903530107415613e-06;1.064675659189204e-05;8.677949620194547e-06;1.1011567039531656e-05;7.352193656112797e-06;4.720253334394501e-06;5.737559523724853e-06;9.315459948671169e-06;7.863777267906514e-06;5.289717663903433e-06;5.682911688393377e-06;5.1644938628646455e-06;7.268039788444241e-05;5.6538359873216e-05;0.00010725459360965394;0.0001059239907323451;0.00010021130245770784;6.1007181807836615e-05;1.4290146398264188e-06;1.634648172117211e-05;5.435346963227803e-06;1.1750555781277063e-06;1.0046205193438768e-05;8.905016888770219e-06
00:52:36;499;5.9610151630160795e-06;6.95557629356538e-06;4.964910671805095e-05;4.162500648163814e-06;6.7067396943540105e-06;6.808252127722302e-06;8.331094832669805e-06;4.804345543295664e-06;4.463032376313756e-06;6.775138831213471e-06;7.251243529344203e-06;8.97923579530739e-06;4.292985846244722e-06;4.9089493326836085e-06;4.048661687764107e-06;4.765234352011179e-06;7.984092785073134e-06;8.065330544186394e-06;1.038643340277154e-05;5.883642487891779e-06;4.627012288702771e-06;7.482951401424877e-06;8.792628273401039e-06;1.0247985589063042e-05;4.859669636200032e-06;5.680355660025512e-06;4.691577441341986e-06;7.374460491134872e-05;6.15896027059318e-05;0.00013260409077150572;0.00013072874064604727;9.432843209331216e-05;6.0556399790477715e-05;1.4570855209630174e-06;1.627581135870262e-05;4.794625256021616e-06;1.1864994895379057e-06;1.0295829024122455e-05;8.227559048640325e-06
00:52:42;500;5.965141752348948e-06;6.90816213010075e-06;4.707191415782036e-05;5.2203489001488954e-06;6.298310591613575e-06;6.634803458315343e-06;8.855666685292363e-06;6.077402226235439e-06;4.420310413296007e-06;4.407150073084474e-06;7.537999871167565e-06;7.128107832634421e-06;4.0829253933338805e-06;6.130054080182907e-06;4.788619647558531e-06;5.909324364680126e-06;7.616793338249547e-06;7.83957411149919e-06;1.0809887026891974e-05;6.904005842926968e-06;4.569094894750263e-06;5.067823662378757e-06;8.858617962410974e-06;8.357615006158845e-06;4.791459885013807e-06;6.854340703100632e-06;5.319406903864443e-06;6.655356235773929e-05;5.586511164440188e-05;0.00010507816355923578;0.00013366539435545464;9.728722576974408e-05;6.164643363414672e-05;1.5325985295952511e-06;1.7901815554666715e-05;5.648292983235071e-06;1.418542924189076e-06;1.0201074137356586e-05;8.064754444079417e-06
