Time;Epoch;Train Loss;Test Loss;Exp_Diff;Train_1;Train_2;Train_3;Train_4;Train_5;Train_6;Train_7;Train_8;Train_9;Train_10;Train_11;Train_12;Test_1;Test_2;Test_3;Test_4;Test_5;Test_6;Test_7;Test_8;Test_9;Test_10;Test_11;Test_12;Exp_1;Exp_2;Exp_3;Exp_4;Exp_5;Exp_6;Exp_7;Exp_8;Exp_9;Exp_10;Exp_11;Exp_12
00:02:22;1;0.005368575101866471;0.005297687894935849;0.006504739322295791;0.005689373748861148;0.010288922863599675;0.005791296934396748;0.006088680957459887;0.003234700267057633;0.0037663394313395574;0.002941677006674581;0.0049653373730093745;0.007075647577122171;0.0036440442375103225;0.007283520696959881;0.0036533582503828006;0.005700485309279418;0.00977251620939638;0.005679601355444027;0.006074325305327207;0.0032305106774113976;0.003909828542154046;0.0027675328605301394;0.004915160386339773;0.0068855416707553066;0.003811811919241578;0.007286065269874621;0.003538873796704921;0.0006598028511849804;0.0004434980734843743;0.010566835786095163;0.04822564404072761;0.0009273627881273068;0.0074472487802261;0.0007662573160931106;0.0017082513810265697;0.0015616248488900548;0.0008664526472572309;0.0035707497768781454;0.0013131435775588704
00:04:44;2;0.0004718925870706285;0.00047935222170928705;0.0003324665164075825;0.0004546740985295566;0.000683742681840985;0.0004869890447232385;0.0006017144133197276;0.000648716715245841;0.00034207745563269947;0.00029718756689528;0.0003654030729607753;0.0005990278382755191;0.00023577441327853938;0.000635541860777845;0.00031186172143613726;0.00046086839372233215;0.0006934287209989197;0.0005116666456436903;0.0006190879101705843;0.0006767634814089353;0.0003637845611017009;0.0002932742997323151;0.00035893827156588154;0.000607130571586799;0.00023720473661883204;0.0006197181503034987;0.0003103607457979948;0.00011426684823395234;0.00021313754822607753;0.0012604240330410204;0.000405436230516221;0.0004150702285733837;0.0008151873355362779;0.0002097332317417369;0.00018265841181928423;5.6570570196800626e-05;0.00010343212410421536;0.00012519405775584727;8.848757714617355e-05
00:07:05;3;0.00030692321152772905;0.0003095460290095144;0.00015708532220592262;0.00021838776146151676;0.0003912171282536292;0.0003050767114803999;0.00018787894273166538;0.0004224629165863999;0.0002523876534558605;0.00037832675459206007;0.0002058690496265957;0.00043123298010786215;0.00013775179655278242;0.00017701803426461993;0.0005754686948503976;0.0002249026084554535;0.00039358606047727924;0.00030596605164980327;0.00018527176263565315;0.00044395514031506697;0.0002639643146871601;0.00035967268057085006;0.00020687280888109221;0.00044484075219252534;0.00013952551551805692;0.00017959717486150964;0.0005663973585071773;6.960131555797321e-05;0.00010236328391192494;0.0004844882359801592;0.00040291819904304793;0.0002616792739298427;0.0003124327442588114;6.66189785277429e-05;4.127137383742319e-05;2.4681368734978047e-05;4.1876836656537186e-05;4.4856061036212324e-05;3.2236194996418536e-05
00:09:27;4;0.00021585958593691018;0.00021832197155992065;0.00014955079705797442;0.00038742755158306284;0.00023665402091988983;0.00019079680918242627;0.00017897593188949528;0.00022113537784207438;0.00012056217018012335;0.00012319850322807145;0.00021667377418246113;0.00032377860386325415;0.0001469600330313948;0.0001545101418452594;0.0002896420532000444;0.00039779677632695087;0.0002413589355927786;0.00019324231254381919;0.000186769133989988;0.00022100781136976343;0.0001248650788753205;0.00011596694807676729;0.00021642038382772545;0.00032063667817907763;0.00014921254119202142;0.0001606271704260991;0.0002919598383080403;2.850865367434298e-05;4.484276321498804e-05;0.00046918358433744196;0.0003598594044330842;0.0004281734684731578;0.00010589812285739012;5.87104460120849e-05;1.2170248211873456e-05;0.0001788306593259428;3.0163625254362902e-05;4.11694430617253e-05;3.709914583929906e-05
00:11:49;5;0.00016439966704886254;0.0001651482167359017;0.00030030865404593324;0.00018995183317697823;0.00021919706123505668;0.00016290219974218252;0.00015711763713129173;0.0001770359828635099;0.00018534848612200057;9.293073415247736e-05;0.0001870454532722347;0.00012423869093874435;0.0001294041628625564;0.00012222902240533915;0.00022539467169157103;0.00019672233721866166;0.0002217394372748942;0.00016421314455639525;0.00015735400859428616;0.00018390603223520838;0.00018740265604028997;8.83625597211155e-05;0.00018694417722835618;0.00012316697458014528;0.0001232488173144115;0.00012609378950113336;0.000222624600253398;3.355253850425257e-05;6.290052635994913e-05;0.0015526300400620127;0.0010669748169331492;0.00034165092242342013;0.00017372921603981474;4.660426152576091e-05;0.00016234164315065395;4.945194678814756e-05;3.863290023252348e-05;4.855610063914276e-05;2.6678935892372367e-05
00:14:11;6;0.00014319562296805088;0.0001463670821608445;0.0003137264614001697;0.00010020353317941044;0.0002125297647084649;0.00015263276889692696;0.00012170049597609085;0.00014856615266787478;0.0001894624633058067;8.337397802258486e-05;0.00010053431204100475;0.00011762252548082456;0.0002281973205630162;0.00012320736791273455;0.00014031673636468028;0.00010458758886302291;0.00021884599763198604;0.00015777822860584394;0.0001230763917629713;0.0001478495393677827;0.00020096568596848476;7.940167231452828e-05;0.00010310871722957685;0.00011648668064308483;0.00023558495206687645;0.00012474192504968517;0.00014397756696112832;1.4855000877551259e-05;0.00011809738809084541;0.0011757801228660775;0.00047648899250354523;0.00037032894348625474;0.0014206959044696643;1.1571587001476118e-05;7.168679121804088e-05;4.185207558295649e-05;1.715704483315772e-05;2.018736198657391e-05;2.6016323885893592e-05
00:16:33;7;0.00013082643825286638;0.00013191036961433372;9.028096608368052e-05;8.273682113791769e-05;0.00013240365733095544;0.00013694910522975658;0.00012637480864958144;0.00012213475414765443;6.73644672391757e-05;6.291734273521466e-05;0.00011619858086284943;0.0003177681693697113;7.94577252298206e-05;0.00017428675263627983;0.00015132501764789842;8.43806361744204e-05;0.0001343166889605124;0.0001361623543271901;0.00013171856220121954;0.00012099319290520057;7.049827109779161e-05;6.256745924658873e-05;0.00011697294716605375;0.00032363664944614934;7.732403703156234e-05;0.0001747950980044854;0.00014955849446432926;1.8214573876906362e-05;3.2816863269039924e-05;0.0005198616642906038;0.00017932440745710746;9.252606885097007e-05;9.588789479571155e-05;1.7873791026416386e-05;2.367496286184834e-05;8.706992014894901e-06;2.3582818757005393e-05;3.956659251807003e-05;3.133496328559183e-05
00:18:55;8;0.00012471532248913388;0.00012458032446536175;0.00027739698629750483;0.00019950801199477362;0.0001092252399220425;0.00010156205339936523;0.00023436293192637757;9.426065084157513e-05;7.739638945994639e-05;7.06813614241045e-05;0.00010066272585618208;0.00019581698189664496;0.0001163692887809537;8.279860942262862e-05;0.0001139395792144817;0.00020525672438383527;0.00011309052943148874;9.919479174341983e-05;0.00023848502001507042;9.129152404287347e-05;7.910103361414085e-05;6.711585813753095e-05;9.97477905405538e-05;0.0001934677224475124;0.00011314994586842382;8.422079448377466e-05;0.00011084211429896399;3.230010186453657e-05;4.5781504941540546e-05;0.00028225560402000385;0.0024115502401299265;6.204633616979546e-05;0.0002527511324747599;1.2380987037390257e-05;8.184107492724622e-05;5.5646430108764036e-05;2.375065672930972e-05;3.394159772245833e-05;3.451816944432551e-05
00:21:17;9;0.00014418036039387516;0.00014449456722116026;6.323089657547149e-05;9.74237416047882e-05;0.0002884158972268448;8.804431210633497e-05;0.00012505268922392463;7.053006581517448e-05;0.00010502688863053581;8.039976377848357e-05;0.0002751630802529028;9.099296799129e-05;0.000340027230549822;6.477234607225249e-05;0.00010431528267996659;9.680991961776951e-05;0.00028623242422649517;8.978446585618408e-05;0.00012508547955849856;7.144876531416645e-05;0.00010727896843963197;7.753805158832228e-05;0.0002779462175809224;8.83064292079498e-05;0.00033783887091528957;6.612042834373674e-05;0.00010954472144234549;2.0831759480892135e-05;0.00010407473305750239;3.79796737268903e-05;0.00017712979672864252;6.400621095225433e-05;6.426092791801853e-05;1.9168716420365618e-05;0.00015722217501773085;2.579158937331977e-05;3.467820500799755e-05;3.501934239330793e-05;1.860762882873601e-05
00:23:38;10;8.756310037163281e-05;8.910408019179573e-05;6.403980425017381e-05;8.635746873799441e-05;9.32352011359812e-05;0.00011711427679405129;6.813453640833441e-05;9.948064424944195e-05;7.368546232555673e-05;7.608007997946102e-05;5.9715965221585066e-05;7.963803189816396e-05;0.00010725482185204204;0.00010566701282951644;8.439367414067337e-05;8.78210124523597e-05;9.514623967403122e-05;0.00011715696202856312;7.138838255637962e-05;0.00010887033756803191;7.80199182752514e-05;7.023137414428595e-05;6.155413953083437e-05;8.3818000693779e-05;0.00010623285077921929;0.0001063374597085581;8.267226181902239e-05;2.2806586635931372e-05;2.6817244063879906e-05;0.00010829994614475614;0.00029765769060375463;4.175203445756867e-05;7.84236520815167e-05;7.031574740080386e-06;7.581369530091457e-05;2.174509797785091e-05;3.0629652594826114e-05;3.592897746478527e-05;2.15714989362211e-05
00:26:00;11;9.859878498859457e-05;0.0001023475525022449;5.0780771641784945e-05;7.939875310760478e-05;0.00015912641019481683;0.0001020369313612884;0.00010977166999737165;9.605109164050936e-05;6.075070076473242e-05;6.986191728876953e-05;0.00010222015710455294;0.00012362656693974051;9.468840259139391e-05;5.529511697039363e-05;0.0001303576709688059;8.400671821952608e-05;0.0001643137233420216;0.00010297684924738906;0.00011735068357113419;9.971129083733334e-05;6.340084752381802e-05;7.018998656326115e-05;0.00010143937631451254;0.00013181573233885479;9.861006162017347e-05;5.656746103755446e-05;0.00013778786275526981;1.4417994209332941e-05;5.592335483671886e-05;5.679501432043386e-05;0.00011207261647735646;0.00013919914388804217;0.0001106547466761685;3.297988322933377e-05;1.8665912775031443e-05;1.1258778829519782e-05;2.4699827244171817e-05;2.6892643731698768e-05;5.809343483610829e-06
00:28:22;12;9.981151407084161e-05;0.00010113073102142544;6.647836702911744e-05;0.00023293499914829724;7.723146899769e-05;6.597157726094916e-05;6.207736713680457e-05;0.00010248146333486312;6.859998345796406e-05;0.0001947619061142673;0.00013325494036177008;5.9592645331204864e-05;3.868539154051508e-05;0.00010634817936699454;5.5798217449488554e-05;0.00023897496255444764;7.835946036974275e-05;6.748385664040246e-05;6.298873033094562e-05;0.00010480370594128153;6.890419761567742e-05;0.00018800894261552964;0.0001365674873836091;6.254529912036526e-05;3.823197960317182e-05;0.00010953617817869622;5.716394712813965e-05;2.74993569142283e-05;1.8847280584940808e-05;4.932657597657044e-05;0.00028375965573581945;0.0001230047317795811;0.0001287409899137458;4.208930257155016e-06;4.181467271912363e-05;2.6369053740755814e-05;2.254698159705429e-05;3.085463613504827e-05;4.076753899538633e-05
00:30:44;13;8.318696910175112e-05;8.34208603688999e-05;8.99451362600945e-05;5.2465844062639505e-05;9.36039747588521e-05;0.00014155175853664497;0.00012014320499143982;6.37842695451499e-05;5.206977778274532e-05;4.5000614671215026e-05;7.999173189690819e-05;0.00015374156309504045;3.980612649715195e-05;8.269599371921934e-05;7.338873857324043e-05;5.4647797662278494e-05;9.143607770321196e-05;0.0001401357790948882;0.00012049388657677682;6.345835611717098e-05;5.4469464493759234e-05;4.522273805297475e-05;8.118464839880508e-05;0.0001509662214158209;3.9824594463011e-05;8.372921331124704e-05;7.548152045066811e-05;2.8344860976558577e-05;2.2783721418592848e-05;0.0002921037990173335;0.0002605813170273929;0.00014207851248988377;0.0001534543843720814;5.838487879137227e-06;9.090210784778049e-05;2.41809383407613e-05;1.0424186428970474e-05;2.841476438315069e-05;2.0234554939490817e-05
00:33:05;14;6.802601844604148e-05;6.889701624551222e-05;6.237085269529225e-05;5.042907513215637e-05;9.610760740873626e-05;5.648019576008003e-05;0.00011278905842779999;4.3093968372431846e-05;6.849013565422204e-05;4.626785323322028e-05;9.106686085984124e-05;7.085423710216013e-05;4.816245332377052e-05;5.296619656808782e-05;7.960455027180366e-05;4.962634511109253e-05;0.00010086291499474216;5.6386300883199905e-05;0.0001151881124890598;4.367941974008697e-05;6.896084076150237e-05;4.3592745010133926e-05;9.150424905127221e-05;7.265893656972654e-05;4.85293048193024e-05;5.374070149374819e-05;8.203428674450945e-05;1.8119805207302477e-05;1.826152713968863e-05;0.0001195554436389666;0.00018465094674927532;0.00011501235338928366;0.0001768302003133974;7.6334806950963e-06;2.6924353940536163e-05;2.0498876417452686e-05;1.5300614066977205e-05;2.7328950054508293e-05;1.8333680731022277e-05
00:35:27;15;6.4955516971953e-05;6.496696129678512e-05;7.669230112265709e-05;3.629595675585568e-05;0.00011026257963790572;4.9696232488052125e-05;5.419234696804861e-05;4.2469318654783905e-05;0.00010964671861302122;6.79641061315744e-05;3.860654527184951e-05;8.868109603616341e-05;4.1057597177934276e-05;4.2999063905116685e-05;9.759461544366455e-05;3.787056547353822e-05;0.00010864335509043635;5.0226327644689066e-05;5.62740811179952e-05;4.4091043963805844e-05;0.00011131675770989608;6.350033926756174e-05;4.014775264364243e-05;9.008941910733599e-05;4.1480080964695075e-05;4.333814681961519e-05;9.26256460256291e-05;1.773009271361614e-05;2.2612407861979213e-05;0.00033253272354018097;0.00028069967215737634;7.049697655076393e-05;0.00010122927198819647;6.229511355978552e-06;1.5757774001489645e-05;1.4235570417878872e-05;1.032048081043181e-05;2.1473858872682755e-05;2.698927320131011e-05
00:37:49;16;0.00013683194335747183;0.00013746885060409345;3.81458159830248e-05;4.934445092627274e-05;0.00035107162019895355;7.002247121528688e-05;7.918851481359856e-05;6.964005182071146e-05;6.618636715219591e-05;0.00038970877072973633;7.169757631944859e-05;8.907013941242522e-05;0.00012671832467958666;8.901594871572756e-05;0.00019031902202600165;5.189127648320002e-05;0.0003541640889804362;7.398671916718418e-05;7.975511291562403e-05;7.152760814347812e-05;6.898276543221141e-05;0.0003770092700068733;7.373530333316472e-05;9.152336833376697e-05;0.00012784248550976566;9.170587361927286e-05;0.00018750227614942514;4.092080283982419e-05;2.99219469173766e-05;9.585855862333905e-05;6.416969918279119e-05;8.073312974038636e-05;5.850419321096306e-05;1.2095914860172145e-05;1.7900237674575623e-05;5.756031822332738e-06;2.2045949463383335e-05;2.147742632527117e-05;8.3659011358822e-06
00:40:11;17;5.7736732018880005e-05;5.968974059951621e-05;0.0001450305249710188;4.43003787738276e-05;0.0001228986847184966;7.755712605537404e-05;8.59808221414162e-05;4.750675188864245e-05;5.44995772935925e-05;2.9007132383185308e-05;4.209627729520352e-05;5.309354868255799e-05;4.6936792244878234e-05;4.108333667121852e-05;4.788033849546412e-05;4.80371834529723e-05;0.000128098797879058;8.18734843051061e-05;8.707650672074089e-05;4.98085047195362e-05;5.96760506550133e-05;2.8668636551179887e-05;4.249993711525775e-05;5.360513193719973e-05;4.779642954475358e-05;4.170525617270489e-05;4.7430948638342486e-05;1.8111592867340002e-05;3.4362156354105634e-05;0.0009584625106687258;0.00047588864016418126;9.906843919412148e-05;7.501704381468166e-05;4.375633160325829e-06;1.9899270849260853e-05;1.1135689579055827e-05;1.4470763300149653e-05;2.105527719918547e-05;8.519282501092612e-06
00:42:32;18;6.014820495569108e-05;6.009035321399039e-05;4.6737481243152e-05;6.954608031926249e-05;6.000299595660346e-05;8.401730586497665e-05;4.220305684622293e-05;3.610979899804079e-05;3.1236905075812416e-05;3.771080549664806e-05;6.666907434423179e-05;3.572573122312406e-05;4.322480208946383e-05;0.00016670555457535969;4.8626329732893616e-05;6.887693658266275e-05;6.231685850402352e-05;8.321488639000873e-05;4.353759334351915e-05;3.709981446482294e-05;3.244968390586282e-05;3.489396462837364e-05;7.007994479610278e-05;3.593225973636896e-05;4.2314072041197594e-05;0.00016171356870887116;4.865463680416033e-05;1.3285799695206638e-05;1.1759929437249683e-05;0.00024614970405333444;0.00012754047315208976;3.280753213514774e-05;3.89549358432028e-05;2.829523221131094e-06;2.09884906123013e-05;1.3062971084528935e-05;8.05192162569469e-06;1.927942328739586e-05;2.613907077054104e-05
00:44:54;19;8.202615720682098e-05;8.242456837412842e-05;5.330828341361938e-05;8.95759750159703e-05;0.00012789956888975047;0.00011450714386414388;5.326517762941049e-05;0.00018800618397563085;5.96971225093057e-05;6.035674600339421e-05;5.003361632625249e-05;8.482093043808577e-05;5.958459420505526e-05;6.076920587102822e-05;3.579759165652583e-05;9.032959386314371e-05;0.00012397910697611132;0.00011482009234251691;5.435571691560665e-05;0.00018731927227662123;5.9502839115949326e-05;5.967051742739881e-05;5.1031968551002665e-05;8.951319319702967e-05;5.9794074792379535e-05;6.279428114656276e-05;3.598414373818396e-05;8.71050278483917e-06;2.241941568876025e-05;0.00017570825098096724;0.00020362907928982737;6.947551888971351e-05;5.033690422792993e-05;3.338901085033801e-05;1.7154503234512826e-05;1.4055907497224144e-05;5.833342899742457e-06;2.6607857821600555e-05;1.237910679797722e-05
00:47:16;20;7.059420940177833e-05;7.20881679960338e-05;8.034326669199638e-05;5.885883075507081e-05;6.574890250538539e-05;5.513392573613435e-05;5.3222798661842965e-05;6.166074223818379e-05;5.852651623751047e-05;8.756644182416163e-05;0.00012829475442479386;6.329334877880848e-05;9.633241533244721e-05;7.404432109710383e-05;4.444748803290498e-05;6.183048196673346e-05;6.798767585851122e-05;5.6006152866573274e-05;5.396697468060228e-05;6.272131531083767e-05;6.038628091602409e-05;9.157591714167119e-05;0.00013434358633379747;6.444659959038578e-05;9.536170012014034e-05;7.341265103881412e-05;4.3018657402459625e-05;3.200269505007437e-05;4.7969715296003026e-05;0.00036341012962058525;0.00013742742771395816;0.00018474624967445492;8.688566152958086e-05;6.8500786535128905e-06;6.784986112345726e-05;3.3900773435656804e-06;6.0274822636952514e-06;1.5853687193618133e-05;1.170613484145052e-05
00:49:38;21;5.270046812132602e-05;5.304988846109143e-05;0.00010540877680331592;3.643366854724015e-05;0.0001121394995235195;6.0746096959395466e-05;4.0309603530307534e-05;3.0277984277207988e-05;4.453053434164386e-05;6.93730053585155e-05;3.896310145085574e-05;9.822951391346247e-05;3.183787287174379e-05;3.746420247032554e-05;3.210051872315489e-05;3.703890268044705e-05;0.000112335527186979;6.190857666182108e-05;4.159570495705592e-05;3.212921596450887e-05;4.580951665761686e-05;6.546949045997868e-05;4.0046859403101054e-05;9.714845601834734e-05;3.0566459044385286e-05;4.0592129682662273e-05;3.1957807515960044e-05;2.2830850207974512e-05;1.615476276946404e-05;0.0007871144025366639;0.00015627721827222345;7.600129059667469e-05;0.0001111430897961534;1.3869547284580112e-05;3.4448859722049817e-05;4.614094843838798e-06;1.1854843196884868e-05;1.7757916210047463e-05;1.2838446203235147e-05
00:51:59;22;8.104651429489836e-05;8.218401149239486e-05;0.00010524725728155365;0.00014088621575390127;0.00012247722077063372;3.4952251248589825e-05;0.00014946322557369223;4.805604544602912e-05;8.782673769887465e-05;4.409068238363613e-05;0.00012494778428101034;4.849961214858922e-05;8.006085965917009e-05;5.759751822541727e-05;3.369998842634397e-05;0.00014429221998478722;0.00012157379986299791;3.5903249549328737e-05;0.00015117046666402324;5.0051713480593493e-05;8.713865067472363e-05;4.3896084242055336e-05;0.0001266925844649012;5.0234394356139785e-05;8.393360617389325e-05;5.711769460239212e-05;3.420364362083794e-05;1.5195943422469924e-05;9.438779850482451e-06;0.000331051784140301;0.0005261280781132925;9.671697657038974e-05;0.00020311319074935744;4.362814827147995e-06;3.461126338108516e-05;6.6015497109455805e-06;9.897114589507468e-06;1.564607553386749e-05;1.0203516489797268e-05
00:54:21;23;5.071623839760584e-05;5.1270170670365206e-05;0.00018802494458717718;3.847382549276352e-05;7.002983682272398e-05;5.461206190850796e-05;4.730051912040587e-05;4.4429369247402725e-05;8.913187488960003e-05;3.0700813438629254e-05;6.673831325088031e-05;5.1477277204205826e-05;2.4210310608003223e-05;4.288355838804653e-05;4.8607085277167656e-05;3.983218321772705e-05;6.839211891929153e-05;5.4573538133659386e-05;4.819311500715587e-05;4.530273128947084e-05;9.023434126269237e-05;2.9297055691499793e-05;6.841266283889218e-05;5.215041809479553e-05;2.420503290212062e-05;4.50803200473723e-05;4.9568514786866974e-05;1.0124925541687562e-05;9.012979520199282e-06;0.001419173432010639;0.0005632368112707825;0.00011757750355239212;8.449120838119971e-05;9.42334301416091e-06;1.2740148139817746e-05;3.1508167395543164e-06;7.93480180427403e-06;1.5278397940712526e-05;4.1549671307070345e-06
00:56:43;24;4.7702611094667766e-05;4.8782140340013544e-05;6.330679107497309e-05;4.510890655431219e-05;4.63390702779262e-05;3.905957910371233e-05;4.637513083594058e-05;5.1514861757534e-05;5.6160729147078115e-05;2.8981326996751538e-05;5.985800561864546e-05;0.0001007569875251978;2.3271548242705236e-05;4.283883512812281e-05;3.216633689362425e-05;4.7021411900678234e-05;4.615615812959916e-05;3.8839827677201114e-05;4.753086443686905e-05;5.4631109562734894e-05;5.7690707210354106e-05;2.7725656361291862e-05;6.232817639424348e-05;0.00010151232515765307;2.4624518303000193e-05;4.400882444545609e-05;3.331608890152029e-05;2.9083966791707193e-05;1.4719033899253687e-05;0.00031641953401913357;7.81917085990166e-05;9.851868518196155e-05;8.222708934943217e-05;4.590039226965045e-06;0.0001042693094856166;2.685915256488751e-06;4.3993693099959914e-06;1.3805509780310054e-05;1.0771331999795835e-05
00:59:05;25;5.327651901800643e-05;5.3895934371799345e-05;2.7079098765586224e-05;6.076135441513873e-05;5.497168898862335e-05;7.478012598870588e-05;3.2490571328480655e-05;3.6188319861387505e-05;4.2727956166676116e-05;5.409639497729172e-05;3.931087443799118e-05;4.891087870233109e-05;3.621591107813319e-05;0.00012062360535351631;3.8240530727762234e-05;6.217346973370914e-05;5.5102889055439235e-05;7.421354208026623e-05;3.306893624908356e-05;3.670895699841925e-05;4.2668079315055505e-05;5.6139303351416475e-05;4.081932210387025e-05;4.964536453337155e-05;3.677833412922742e-05;0.00012088972860372542;3.8543271088362614e-05;1.2190694130789204e-05;1.1986390891504654e-05;8.54177274394687e-05;5.955130890932619e-05;3.2583650885649085e-05;4.401011085661573e-05;4.370017241490233e-06;2.379055297970338e-05;1.868539497521169e-05;7.58114719526471e-06;1.5515873539551952e-05;9.266316142459229e-06
01:01:26;26;5.700700328051508e-05;5.7577204666191805e-05;0.00014416460509352448;9.739214338176019e-05;4.880300678874764e-05;8.62388189220424e-05;6.422114864273516e-05;4.4955626836182006e-05;5.874079226941831e-05;3.104558305722094e-05;6.848392450303271e-05;4.966476049617086e-05;2.5942741628300197e-05;4.436685258920906e-05;6.422862455482655e-05;9.684788335418281e-05;4.702100419377484e-05;8.620622141774496e-05;6.774103655251438e-05;4.5586724947405614e-05;6.22835040867588e-05;3.0524437994544416e-05;6.908692007470299e-05;5.0846974404463896e-05;2.7123847573846754e-05;4.4136504906810276e-05;6.352138209681297e-05;2.2825119982728514e-05;4.0655948419582e-05;0.0008105366093408064;0.0006654785096884126;3.23629233844351e-05;6.434954518868752e-05;5.553863958017146e-06;5.303559138791621e-05;3.20406193753193e-06;4.910291619534657e-06;1.3250428457455813e-05;1.3812367757185301e-05
01:03:48;27;3.605556952638008e-05;3.67057606656343e-05;6.24686381393481e-05;1.827431605440986e-05;5.452345864527656e-05;4.62880132736452e-05;5.550073721720268e-05;3.6000572080752136e-05;2.2999921072978808e-05;3.3556859772364653e-05;6.250064941778791e-05;2.3786247923722343e-05;2.760690131770554e-05;2.6764173453970713e-05;2.4864970675573453e-05;1.8936158125419567e-05;5.4392581015362555e-05;4.6646062101795976e-05;5.7208395815053604e-05;3.735389546369633e-05;2.4648878278168026e-05;3.177873705807761e-05;6.31858797245099e-05;2.5426472348044626e-05;2.7188947339559894e-05;2.738931733445129e-05;2.6313787835717932e-05;6.171579499190141e-06;1.4343986653892253e-05;0.0003088306818967774;0.0002116040762697917;5.048585538273055e-05;6.768774264819563e-05;5.4425524620665505e-06;5.4627608169081526e-05;6.499234448357317e-06;6.1229657281569356e-06;1.4983509628129404e-05;2.8238648858076753e-06
01:06:10;28;4.898522898987391e-05;4.990275468842327e-05;7.150989167034425e-05;3.951771520601969e-05;6.79540331186052e-05;7.309055881809068e-05;3.712257530837219e-05;4.722385706527761e-05;3.846456045215002e-05;5.100785387991312e-05;4.660780302339679e-05;3.970537167416214e-05;3.382601325085943e-05;6.4037939347889e-05;4.926445267534002e-05;4.168567666286585e-05;6.784456569290296e-05;7.47375539688193e-05;3.941512880408459e-05;5.1764543369947345e-05;3.9923776287800647e-05;5.1901389787981545e-05;4.7289863583569923e-05;4.0644840679950776e-05;3.2850291166982105e-05;6.370284116408445e-05;4.7072574546556225e-05;1.546732632575028e-05;1.0769274044837258e-05;0.00028224582842384935;0.0003050997230289225;6.655722820790579e-05;3.930097636507855e-05;4.6587650220595165e-06;0.00010352491358538175;7.110304122168764e-06;4.839320846131317e-06;1.3233993437565675e-05;5.3110466344804735e-06
01:08:31;29;4.277948501525812e-05;4.379565378465348e-05;6.613863279095708e-05;3.291567811267917e-05;8.811276815508377e-05;2.977051345128116e-05;3.2364363895774e-05;3.353746358605101e-05;5.339768498722399e-05;5.159174839067501e-05;3.826731369568651e-05;5.322091263596204e-05;2.4915558471021043e-05;4.808132530859604e-05;2.717847384174506e-05;3.4015775816419305e-05;8.966979925090424e-05;3.0456433556030823e-05;3.3212453361764206e-05;3.439052044443456e-05;5.598834893215651e-05;5.173615513913204e-05;3.896699739396101e-05;5.657831377304112e-05;2.5272874960206492e-05;4.870886919037085e-05;2.6551284877947367e-05;3.366818498716758e-05;1.6005648047623885e-05;0.0003494857749452877;0.0001602229726672117;2.8830376811660467e-05;0.00015005724859762623;1.0095537754553842e-05;2.2108474004909924e-05;2.1479969041656756e-06;5.629758519309849e-06;1.221434444433603e-05;3.197275807631967e-06
01:10:53;30;4.327548192474172e-05;4.399678068636339e-05;8.75078754016513e-05;3.681025136033482e-05;5.096239774295761e-05;5.973615631401944e-05;8.087097090868734e-05;2.5757180104981423e-05;2.5928895891783295e-05;1.960851582794021e-05;4.41881607855521e-05;3.588730353178769e-05;2.071691654686509e-05;5.7399615596667985e-05;6.143940221001934e-05;3.73111141683855e-05;5.387915886866365e-05;5.9343250840460244e-05;8.495711775635121e-05;2.7090232419417405e-05;2.738460010202945e-05;1.9666098558422783e-05;4.3705636673184004e-05;3.70148945530903e-05;2.1403795023005946e-05;5.7009458331880453e-05;5.9195994115817726e-05;6.253547892210241e-06;1.3557636156588894e-05;0.0003889421831946027;0.0004757087256166244;6.338305447781992e-05;2.208729779801167e-05;1.1919589801706744e-05;4.5844428347370564e-05;3.0999316310264315e-06;2.9521888362338963e-06;1.314069090460272e-05;3.2052301630174274e-06
01:13:15;31;3.905445408814888e-05;3.9075780973056496e-05;0.00012906250950103174;2.518838844878246e-05;2.8143760520616855e-05;8.444222659033007e-05;2.8720739596689203e-05;4.050905910058976e-05;3.615230123831349e-05;1.7626244597708634e-05;4.162916176720831e-05;4.9883571147223513e-05;5.070932725588632e-05;3.0047599209255665e-05;3.5601053355094336e-05;2.66567220806573e-05;2.7780173511444767e-05;8.264259953579358e-05;2.9881302746421e-05;4.046797831402797e-05;3.6210629781336036e-05;1.7257397406796416e-05;4.253360315534003e-05;4.965550878399812e-05;4.992674711260567e-05;3.150514293096582e-05;3.43915511206709e-05;2.5188918863352864e-05;1.3974365452751127e-05;0.0010597599112273258;6.0028813736269355e-05;9.529596120699319e-05;0.0002050167275402756;5.429660611320512e-06;5.229413195192233e-05;3.4067326871503e-06;1.2539359000665407e-05;1.3384747864143935e-05;2.430783870210432e-06
01:15:37;32;3.247819043653263e-05;3.331256402240878e-05;5.013245706810063e-05;3.64432172907734e-05;4.081004259536382e-05;5.099943589667336e-05;3.510864215560229e-05;3.0265529326036564e-05;2.0369107717370255e-05;1.9609745315563032e-05;2.4069121848087477e-05;2.4555634757400018e-05;3.2032082922290265e-05;4.457917996412355e-05;3.0896530795778496e-05;3.7436451840463474e-05;4.228826859432473e-05;5.325334620200793e-05;3.736407369949201e-05;3.146046485567298e-05;2.0999877592600305e-05;1.9130918984426644e-05;2.5348331683180503e-05;2.4770132537774265e-05;3.081449439021158e-05;4.639676281161123e-05;3.048762839539507e-05;2.2408082533598882e-05;1.6206175384479255e-05;0.0002066251007822704;0.0001599956349533036;7.548708280130519e-05;3.407621658939668e-05;9.280388862633674e-06;4.954178297689548e-05;2.4062541609419484e-06;5.788574513541214e-06;1.4726673619805207e-05;5.04751763903609e-06
01:17:58;33;3.5009443027175536e-05;3.5681948167068554e-05;4.4432363106644345e-05;5.484626441123262e-05;4.060386818464808e-05;2.336142504397933e-05;4.425422242155202e-05;2.5622907403740928e-05;1.985309259825127e-05;4.211166514070638e-05;2.2196322460517464e-05;8.453705478669607e-05;1.668678603617867e-05;2.4498430204547812e-05;2.15412637061263e-05;5.5358440649682434e-05;4.020280230869952e-05;2.547324927231957e-05;4.612154361318143e-05;2.7008450356506614e-05;2.0248816580061443e-05;4.029833564368634e-05;2.2746351279710312e-05;8.554215388427064e-05;1.7887936452627655e-05;2.609175044199219e-05;2.1203533119832968e-05;2.843436126885234e-05;6.828820685544015e-05;0.00010954075468215267;0.00015784783141791468;5.0151373264275535e-05;2.1435544366554323e-05;5.236704868040255e-06;6.978038867840298e-05;2.5001448510044623e-06;4.430442845996652e-06;1.290689265318722e-05;2.6357115279108616e-06
01:20:20;34;4.9199191902392734e-05;4.932813639634678e-05;5.147697095144766e-05;2.086366192861016e-05;8.817382220368845e-05;9.946360967205692e-05;3.121613309660502e-05;3.622815838287931e-05;1.9524825273978504e-05;4.594811578845731e-05;2.5615186337611043e-05;0.0001168309067545372;4.551622041049086e-05;3.0046658149661777e-05;3.09629905695436e-05;2.2432739017317602e-05;8.687106545246795e-05;9.868373607890976e-05;3.3660450166671924e-05;3.589028475991792e-05;1.9637508120456316e-05;4.459682644711059e-05;2.600102645742539e-05;0.00011788626708741642;4.404650032103999e-05;3.0371296908256974e-05;3.185991710457138e-05;2.2962843088998962e-05;3.462952647462053e-05;0.0002754830366646638;0.00011875436453023366;4.900249865701416e-05;4.278767063944249e-05;1.7347574614890015e-06;1.731066140658286e-05;3.3398755940677156e-05;5.116111969443246e-06;1.3338179769284514e-05;3.2052448149215324e-06
01:22:42;35;4.824728310123564e-05;4.8801449350010654e-05;4.0684522858054594e-05;2.47707817247932e-05;3.718847557365734e-05;0.0001303177564812524;5.1164309752493864e-05;2.912718146061169e-05;2.3380887779725608e-05;2.303666605417799e-05;4.171083909651233e-05;2.843248443117442e-05;0.00011240997747563597;3.1907094200856925e-05;4.552092946916921e-05;2.533481089317953e-05;3.780508210828758e-05;0.00012644329730898755;5.3182220492803764e-05;3.091480608372301e-05;2.453801649792269e-05;2.2588819924346318e-05;4.283321939948121e-05;2.9424054952834944e-05;0.00011352288092433511;3.31220422664e-05;4.5908133536533016e-05;1.797743328297141e-05;1.1288377079460477e-05;0.00010171422742922482;0.0001260353879442521;3.8103679611659284e-05;0.00010187809539365733;4.978848600632658e-06;4.556322527768437e-05;1.5594231328589863e-05;7.4898907578475915e-06;1.0698089702007434e-05;6.892787888667697e-06
01:25:04;36;3.689096560709583e-05;3.8110586536253946e-05;3.935922739874884e-05;3.7583291556715764e-05;3.0914894239231216e-05;6.0376536804472956e-05;2.906295791469595e-05;2.0937200428182802e-05;6.189772219820291e-05;2.777973074718044e-05;4.307501578440761e-05;2.768721706755431e-05;1.2053244895908351e-05;6.394332260387355e-05;2.7380439122608053e-05;3.834894880151584e-05;3.183720253195755e-05;6.241535033317448e-05;3.063371074363837e-05;2.1419146833068226e-05;6.506785939563997e-05;2.6221582560584132e-05;4.539286870751795e-05;2.8509835115246346e-05;1.1948708330997253e-05;6.876747306993326e-05;2.6764339077377785e-05;2.699049031835235e-05;3.792982059762005e-05;6.397579608367931e-05;3.371202325050954e-05;5.976740935171822e-05;0.0001565720498536756;2.073505461369827e-06;6.844974617946229e-05;4.631132366974908e-06;3.919652176632875e-06;1.0460709517516322e-05;3.8283936274747945e-06
01:27:25;37;3.7432471383557307e-05;3.772099084984157e-05;4.029961211456004e-05;2.6696653378621704e-05;5.472249386881148e-05;4.019720281627831e-05;2.43639786364466e-05;3.055169057120111e-05;1.8256535900656505e-05;7.543073157152817e-05;3.860429726966107e-05;1.919787761101526e-05;6.312801077838644e-05;3.500309028032172e-05;2.303707919473006e-05;2.702176944591043e-05;5.296538498280629e-05;4.103876611374796e-05;2.617213582036843e-05;3.10466123238844e-05;1.847902299980692e-05;7.371396354813706e-05;3.941250840018509e-05;2.034627734154796e-05;6.21431615480658e-05;3.6828532204167516e-05;2.348374488939976e-05;8.095113325381397e-06;1.1805263474189114e-05;0.00017187776903285323;0.0001456467844983793;5.465243665090219e-05;3.4688998022246745e-05;2.078402542437178e-06;2.7233178152689874e-05;3.715275884965084e-06;4.959086106926586e-06;1.483149721923125e-05;4.011540464518768e-06
01:29:47;38;2.4871227884142915e-05;2.5580409852363452e-05;0.00011802614038391585;1.991151031239207e-05;2.7467343469114976e-05;2.1530552663245377e-05;7.005110804088459e-05;2.3079190698509095e-05;3.1871871558761e-05;1.248844371430509e-05;1.5558846129692938e-05;2.10054356182871e-05;1.472763993862455e-05;2.2752120090982235e-05;1.8010665151926084e-05;1.932585457578608e-05;2.8712073649733646e-05;2.3050207507563017e-05;7.268872816237928e-05;2.3520344280147087e-05;3.175679553293511e-05;1.2466532955875642e-05;1.612734563480709e-05;2.1061949788602334e-05;1.5424825782063152e-05;2.427075705321541e-05;1.8559492212871996e-05;2.0795195722383982e-05;1.9375496880753126e-05;0.001011577439377703;0.0001963311009723245;3.770137825005389e-05;6.363725772071704e-05;2.0455021679798846e-06;3.9251271602501876e-05;4.068538800668753e-06;3.6506585677081316e-06;1.466235570306814e-05;3.2174888411282215e-06
01:32:09;39;3.151074227503159e-05;3.157490957878335e-05;4.6745529547512117e-05;2.2880724509894374e-05;3.191204618376146e-05;4.602766844382958e-05;3.670728088164569e-05;2.845566644344382e-05;1.9195299360836255e-05;1.8623485898801434e-05;3.0268226246541666e-05;4.510540861701884e-05;5.97399611230933e-05;2.212877803551485e-05;1.708434979651553e-05;2.2518491554180826e-05;3.27464855402042e-05;4.445084877134613e-05;3.7014630684500876e-05;2.997519011473684e-05;1.9599516385421304e-05;1.754210497202172e-05;2.8836407792265233e-05;4.6326404071230255e-05;6.049388666494302e-05;2.1978912719774436e-05;1.741602354050434e-05;1.1898277096096835e-05;2.766927260206212e-05;0.0003047841014367821;5.183027837346448e-05;6.590407951620423e-05;3.223941888324655e-05;2.891371390550253e-06;3.516761608755009e-05;4.149744247760168e-06;4.354786587727997e-06;1.3924941450237503e-05;6.132466898463188e-06
01:34:30;40;2.28583839714247e-05;2.356568965976144e-05;4.160498014708873e-05;1.70948803822119e-05;2.0282614039372632e-05;2.4113550869680527e-05;2.714446287008989e-05;2.273731123316545e-05;2.6288111505643677e-05;1.4183146278283361e-05;1.8901687976257232e-05;2.7441047268181055e-05;2.0178698744256383e-05;3.980022262081465e-05;1.6134866454949176e-05;1.7315001566168598e-05;2.090648363091647e-05;2.526767087757331e-05;2.7855611940911423e-05;2.4450880164870716e-05;2.7047492316157758e-05;1.4366582957025664e-05;2.059377570558469e-05;2.838620706295589e-05;2.082235553217875e-05;3.852217378153e-05;1.725403498185878e-05;2.8649531721662986e-05;1.1531947905963896e-05;0.00024811046793026155;4.79143821524e-05;6.428817782667751e-05;3.09624074825912e-05;2.943564472809648e-06;4.073176578123311e-05;2.6080906371602585e-06;6.6132185295612375e-06;1.1666091643951298e-05;3.2401156807920082e-06
01:36:52;41;2.3889044260014007e-05;2.4194296040864002e-05;3.8244855491661115e-05;1.8496812235081382e-05;2.8084883705436038e-05;3.654889778849999e-05;4.986597233689529e-05;1.616882813819261e-05;1.905590682130506e-05;1.143672052447445e-05;2.919163849862178e-05;2.672149238301038e-05;1.6964790523972667e-05;1.8742611877862394e-05;1.5389969978488434e-05;1.811689393826218e-05;2.9045552684140062e-05;3.8316610594916666e-05;5.051931339615213e-05;1.6250783222789368e-05;1.9179395788836977e-05;1.1138625884282365e-05;2.944585075159852e-05;2.669747968118113e-05;1.6383206629937755e-05;1.951122065960751e-05;1.5726613024595236e-05;1.4250474255239417e-05;4.7099863969803446e-05;0.00010245789609536757;9.707294608158672e-05;4.299007241618439e-05;7.484119282784988e-05;2.3455071438246577e-06;5.612321991807693e-05;2.8331213583464778e-06;4.4204961554549626e-06;1.1361914822138915e-05;3.1415608560600474e-06
01:39:14;42;3.346127116866558e-05;3.378238943696488e-05;6.010637724946963e-05;2.3895372357494374e-05;2.900096661371456e-05;3.9183298934052466e-05;2.7461728313421023e-05;4.648202614083113e-05;2.1164355383069218e-05;5.666948793635708e-05;2.054324282467364e-05;4.391265872527583e-05;4.0215022938706504e-05;3.5624323602560665e-05;1.7382756368533592e-05;2.4096007973064013e-05;2.9515580006519956e-05;4.114165607507523e-05;2.9080964677747565e-05;4.73494252633551e-05;2.1609202536361593e-05;5.386894287156896e-05;2.1870656382816378e-05;4.317762910961645e-05;3.794396380277548e-05;3.7627793845567336e-05;1.8106835364339035e-05;2.7461842627592383e-05;1.666664173988745e-05;0.0004389412637860077;6.997903785653921e-05;0.00010691911553418382;8.231463177553985e-06;1.4641847159134954e-05;1.7959791175859262e-05;2.5889269763556436e-06;1.9446540391776754e-06;1.318906834093079e-05;2.7528745804126313e-06
01:41:35;43;2.9373482267270777e-05;2.98253668190711e-05;3.337297829948897e-05;2.1238381186414948e-05;3.040805170619685e-05;2.0694794612681605e-05;6.808736764634722e-05;1.8072939791512578e-05;1.0208851394627965e-05;7.426236449894283e-05;1.7227976853591414e-05;2.1283925919006336e-05;3.0914726858616795e-05;2.0403298735387082e-05;1.9679098678373272e-05;2.2200461357955e-05;3.1446817127841854e-05;2.0928788378310118e-05;6.985863517082732e-05;1.8414572912638215e-05;1.0669580344164146e-05;7.152056568423788e-05;1.7877285198998913e-05;2.1827532956321412e-05;3.1327107201751816e-05;2.126913189881001e-05;2.0563914692007252e-05;1.0277249916647835e-05;1.330987564148631e-05;0.00013452714419708681;0.00013049969705418327;4.21684009260865e-05;1.653084655432108e-05;6.039697974745991e-06;2.3286642912814373e-05;2.5061971526597883e-06;5.109923846164586e-06;1.2736361216145661e-05;3.4837022015254815e-06
01:43:57;44;2.5444246936310513e-05;2.6222349725121374e-05;2.3662824764871397e-05;1.1615681464279119e-05;4.4419508821068696e-05;3.148097887359117e-05;1.859061044678418e-05;6.489478403182147e-05;1.75595326872078e-05;1.0251261978117492e-05;2.3371135532877155e-05;1.8845864755948323e-05;1.3418768691441198e-05;1.9662900023511362e-05;3.121992935591193e-05;1.2187547125432513e-05;4.51400971392507e-05;3.189613295334415e-05;2.0343419870371264e-05;6.875286861123883e-05;1.7995633139504163e-05;9.658928636873739e-06;2.4828951390639915e-05;1.9876521958083892e-05;1.368380867173568e-05;1.959834157154362e-05;3.0705938553194444e-05;5.228971681496234e-06;3.408835778803994e-05;4.54067420340868e-05;5.52735984333168e-05;3.674179604609835e-05;3.0164828250116147e-05;2.7440938354730297e-06;4.099073909191107e-05;1.3725219881921801e-05;3.137148859753195e-06;1.3053719135367839e-05;3.3986821408754714e-06
01:46:19;45;1.8444424943647224e-05;1.9206722443621265e-05;9.591422897059971e-05;9.981988678217393e-06;2.0905119840945602e-05;2.3283950481940835e-05;3.163491963934203e-05;2.19586953123367e-05;1.7455981545243628e-05;1.509486442911752e-05;1.5039077524647837e-05;2.0813831475472647e-05;1.26820153544765e-05;1.8221707769974024e-05;1.4260940444382248e-05;1.0298379815531352e-05;2.2173959660915586e-05;2.545046504852922e-05;3.2990300370110614e-05;2.2969708804995678e-05;1.8247939622113657e-05;1.52587261461893e-05;1.637085850671622e-05;2.076841304452627e-05;1.2653102715640798e-05;1.8188985576889997e-05;1.5109821647398992e-05;1.5304513563234234e-05;1.6587710047768495e-05;0.0007452344420655525;0.00024293661357335214;3.8680740061064225e-05;3.5681044352202174e-05;2.70498967193743e-06;3.438771790508517e-05;2.749416339958804e-06;2.020805617148888e-06;1.2531138949286546e-05;2.1516155006057062e-06
01:48:40;46;2.18722027408479e-05;2.2472026931966325e-05;7.314720440409719e-05;2.7801216285054537e-05;3.314651974826368e-05;1.769728453124034e-05;3.401416683407826e-05;2.3929565370198443e-05;2.0029073022504402e-05;1.3538485472576088e-05;1.6811357994583886e-05;2.710664084950374e-05;1.2609907261404176e-05;1.81391921307233e-05;1.7643015775609623e-05;2.7690734573816025e-05;3.394798247277725e-05;1.8712118674821922e-05;3.513960567759085e-05;2.480134599299842e-05;2.0599516988746657e-05;1.3194118879784835e-05;1.7354912956704274e-05;2.795660146125268e-05;1.3044348265736251e-05;1.919323411912737e-05;1.802979729486824e-05;7.918154731888878e-06;2.050904519616433e-05;0.0005323502391816865;0.00014614931893596394;6.043409476477887e-05;5.626544164069883e-05;2.913634554688211e-06;3.2520832551013285e-05;2.201483983888814e-06;3.2547390492626556e-06;1.0716564497381055e-05;2.5329037617510437e-06
01:51:02;47;1.9167736465678072e-05;1.9709118267983976e-05;3.766008793359438e-05;2.3521079816129547e-05;4.907572881827284e-05;1.8162144210071514e-05;1.9400039989973678e-05;1.3121118539965499e-05;1.66411591415929e-05;1.240736507797506e-05;1.7739097255674675e-05;1.640069808155948e-05;1.1372796553711272e-05;1.3520044446899895e-05;1.865155860578873e-05;2.3875294999338103e-05;4.922088970212101e-05;1.8937839763854258e-05;2.0977129172968467e-05;1.4068449776390526e-05;1.6419976706361645e-05;1.2392546333230022e-05;1.8463865136611644e-05;1.663173420811175e-05;1.1823496681498437e-05;1.494019907804153e-05;1.875798925884507e-05;9.186734604170926e-06;1.5729435918901045e-05;0.000194257521803171;8.529243717356075e-05;5.421379306855829e-05;3.190754105519587e-05;1.2017913486409086e-06;4.0459141118007464e-05;2.2837451961589287e-06;2.1905654295180615e-06;1.1348749472077605e-05;3.849599015171823e-06
01:53:24;48;1.9235078608207086e-05;1.9886307061916583e-05;4.054877143254317e-05;1.739831930210171e-05;2.45111123666158e-05;1.674851433816374e-05;2.8232670744769578e-05;1.766398970656527e-05;1.5326656307737803e-05;2.294283544560213e-05;1.9268956953830887e-05;1.3728740342535481e-05;1.7570512151172064e-05;1.4647406463165101e-05;2.278122142032854e-05;1.8430938337276736e-05;2.5759540244795475e-05;1.7904182883123925e-05;2.9557400737274614e-05;1.7785300528136956e-05;1.6137857114066535e-05;2.155897915674612e-05;2.0178129892008633e-05;1.425556417381836e-05;1.8030211909326334e-05;1.554691922897694e-05;2.3490653088801877e-05;1.3941530055664524e-05;1.2414794087680413e-05;0.00025153705895659663;7.986878884604234e-05;6.40162869645093e-05;2.3080768312935872e-05;1.2833054520388093e-06;1.96706945819248e-05;2.2112091120229255e-06;3.0876765417159474e-06;1.225143522112459e-05;3.221709058261959e-06
01:55:45;49;2.4181369583557583e-05;2.4812636322075136e-05;2.41946362213789e-05;2.3571962644423778e-05;5.4179318699322145e-05;2.1615784943791866e-05;2.7689196245587894e-05;1.4766566414566155e-05;3.321342664590206e-05;1.2353449490828696e-05;3.0222023705112573e-05;1.7344373156773102e-05;1.7094011323851273e-05;2.4189450451734213e-05;1.3936864164711757e-05;2.398503170585587e-05;5.6002150813583285e-05;2.283718615355518e-05;2.767432085385758e-05;1.6283167289795436e-05;3.4042792621325064e-05;1.1371887496030076e-05;3.1316595423165e-05;1.8805221080134587e-05;1.7325173919030193e-05;2.3899044599947727e-05;1.4209054997876063e-05;1.4404789291312321e-05;1.8759853679012827e-05;6.648526137682667e-05;7.55518534693267e-05;3.0001797806436362e-05;2.3804937129514374e-05;1.9088043768245413e-06;4.173982926114839e-05;1.7178672235540918e-06;1.2509560116215e-06;1.1197345382010516e-05;3.5123396489584047e-06
01:58:07;50;2.2733883311461383e-05;2.31238149975565e-05;2.128989466647948e-05;2.40562096587899e-05;3.419167755680519e-05;2.864135440590458e-05;2.7151800612624687e-05;2.08620798877684e-05;1.0083097846285744e-05;1.583064894752149e-05;1.3222963017059639e-05;2.6428701651391087e-05;2.4313272795304577e-05;3.373944307130924e-05;1.4285342632934896e-05;2.5082888159771224e-05;3.458448257713573e-05;2.9030425070278064e-05;2.7230383296492746e-05;2.183825694650111e-05;1.0165755035894661e-05;1.427032785740485e-05;1.3653911623747907e-05;2.7254595588141157e-05;2.465424522942837e-05;3.5491616460914674e-05;1.4228885344051332e-05;5.156273370444122e-06;1.9983364565697107e-05;7.457684796903142e-05;7.280694665844312e-05;2.5488006469218157e-05;1.484969239542229e-05;1.6178062536517503e-06;2.150361846461844e-05;4.972948587029147e-06;1.3088815132013953e-06;1.0073272714625212e-05;3.1410770363715523e-06
02:00:29;51;2.2816064580927726e-05;2.3233631256079194e-05;5.069511445288702e-05;2.108149875048391e-05;3.071940467820737e-05;3.340078051327179e-05;4.701668935974174e-05;1.67266322044022e-05;2.2591709447345405e-05;1.1386766092610658e-05;2.0838516294671454e-05;2.445959565668752e-05;9.1149000544471e-06;1.6673532367147718e-05;1.9782741964811315e-05;2.1045943332312532e-05;3.209453261430859e-05;3.475920608782215e-05;4.783118011697367e-05;1.8048804027393652e-05;2.2679778236193625e-05;1.06796921810903e-05;2.1377859918140552e-05;2.5343982272289983e-05;8.671179756087831e-06;1.7321348365575304e-05;1.8950061208278947e-05;6.07499349857992e-06;3.871430980568753e-05;0.00019243418690146222;0.0001463732817324106;4.6984094837868295e-05;7.68067474819173e-05;1.4857446710434172e-06;8.151440913981725e-05;2.6008869812003394e-06;3.3937332094286883e-06;9.330196002664415e-06;2.6287891725643914e-06
02:02:50;52;2.3364914705387658e-05;2.4061360910551067e-05;2.7657064406001474e-05;2.2754948994154553e-05;1.8997142882943248e-05;2.0961048151817025e-05;3.4014641869362094e-05;3.172055775218558e-05;1.4354582215890911e-05;1.1034595163101296e-05;1.975807590781642e-05;2.2467914960925967e-05;2.6210639009346696e-05;3.83449941187502e-05;1.975982812299745e-05;2.287482545363696e-05;2.0420028658342824e-05;2.2270784961907752e-05;3.486526829759366e-05;3.286150643396445e-05;1.4953688772533773e-05;1.1097093002844523e-05;1.9522195083182746e-05;2.312904630746778e-05;2.6352616536130398e-05;4.038384264000527e-05;2.000542722098659e-05;1.1551978310775328e-05;1.5434095247303376e-05;8.814864889145924e-05;9.780814896981371e-05;5.29075530365814e-05;1.6563871310569858e-05;1.1720258455753916e-06;2.5859905254072855e-05;3.4221131237177678e-06;5.042990751355452e-06;1.1266757645541825e-05;2.706684485251487e-06
02:05:12;53;2.7463414898999293e-05;2.765400419280646e-05;4.279928738404092e-05;1.428724821876544e-05;2.4216614838999043e-05;1.8244450033803744e-05;1.9347146696511366e-05;2.706827894950369e-05;2.0726576451579604e-05;3.1407370701427595e-05;2.0871214541206097e-05;7.957219434667257e-05;4.1697213705757264e-05;1.876502010134118e-05;1.3357641722419347e-05;1.4517494756673151e-05;2.4164400443462712e-05;1.8549415391491862e-05;2.0655819143133997e-05;2.724404814354692e-05;2.1093051237827077e-05;2.9839623988940545e-05;2.184170153680187e-05;7.900001827105762e-05;4.223293657145681e-05;1.971005485181275e-05;1.2999477619331042e-05;5.975684487047356e-06;1.7472708479392593e-05;0.0003017880740816713;4.167465956730169e-05;5.6714768414685607e-05;3.532107299533004e-05;5.0169867527387565e-06;2.1763901804518296e-05;5.9896982405944985e-06;5.068263709352667e-06;1.3702035649563232e-05;3.1035944262949023e-06
02:07:34;54;1.493934247000859e-05;1.5751412849820993e-05;0.0001224948009033968;1.2405175754343583e-05;2.707154341537303e-05;2.316656934779489e-05;1.5810903753597152e-05;1.3534235766211499e-05;1.4637679250029123e-05;8.43155614498931e-06;1.3622887064715625e-05;1.0060393248326447e-05;1.7499220657090188e-05;1.0187309178697681e-05;1.2844631182996512e-05;1.2750885674259862e-05;2.8631992756368453e-05;2.551619176693184e-05;1.7323310467999582e-05;1.4801146266154895e-05;1.5251177547391226e-05;8.16082658989044e-06;1.4386531675663257e-05;1.0779359658781801e-05;1.719260117054926e-05;1.116086290310221e-05;1.3062062292572338e-05;6.763763328705504e-06;2.595256079123231e-05;0.0010225501063300417;0.00022487541373460252;8.580760681183253e-05;5.750696455824825e-05;1.2333525072409306e-06;2.418277892707391e-05;1.5719027320753206e-06;6.170178023230327e-06;1.04976192680199e-05;2.825363828458465e-06
02:09:56;55;2.431186513004749e-05;2.5141612229473842e-05;8.818844993154866e-05;1.4191009780456005e-05;5.645411680048214e-05;3.797399843108451e-05;1.5805270627631465e-05;1.4174353903293671e-05;3.507440904245e-05;1.596536329435077e-05;2.0027564119118324e-05;2.460654358251511e-05;1.8291158712910065e-05;2.4076316292239014e-05;1.5102270113102763e-05;1.517480494022735e-05;5.69672112668499e-05;3.881603842722753e-05;1.7246840567927797e-05;1.4811165115882236e-05;3.794109024850893e-05;1.628130865102793e-05;2.044822826686454e-05;2.515225893562907e-05;1.8846554943409018e-05;2.5132398863943423e-05;1.4881439181155219e-05;2.29705524214827e-05;3.096709685589635e-05;0.0007881670377697308;4.9934426905923244e-05;5.2321583113151686e-05;4.444414483463984e-05;3.493797211394557e-06;4.751549489414911e-05;1.4005117493791473e-06;2.493535748498458e-06;1.2083380026612742e-05;2.4698376477253134e-06
02:12:18;56;1.5735930198636858e-05;1.6281218829791685e-05;3.556189437611696e-05;1.1218105945105931e-05;1.6801866714579525e-05;1.7587454316660775e-05;1.843592998279126e-05;1.4698298595693483e-05;1.111715334965104e-05;6.03567651938616e-06;2.2895622088660936e-05;1.4188721071274234e-05;2.1315384768430786e-05;1.7100395990222626e-05;1.743654693665452e-05;1.1373576370128312e-05;1.783086753664376e-05;1.845388651187782e-05;1.9437503339494342e-05;1.5487724904463143e-05;1.171893163815714e-05;5.8318342705862525e-06;2.3654101685771153e-05;1.4495812310882154e-05;2.171058707673079e-05;1.819253477059405e-05;1.7187260893962636e-05;1.2602727035687747e-05;1.7611862650931392e-05;0.00019375438725167593;7.662246670630739e-05;4.9205698371369626e-05;1.7035815771413306e-05;1.1154933110326677e-06;3.84715205472111e-05;1.8143553926242359e-06;3.553885357625399e-06;1.0785302981557926e-05;4.169217135966837e-06
02:14:39;57;1.6788262671112037e-05;1.709960289662365e-05;2.614864303159971e-05;9.508980427467991e-06;1.8940865516660985e-05;1.292108576287567e-05;1.893709658547364e-05;1.5072275559514413e-05;1.226331096404465e-05;2.6570223887099267e-05;2.6356710405133814e-05;1.4766199162801803e-05;1.2040187310188601e-05;2.179336340707943e-05;1.228884612074084e-05;9.95880733355563e-06;1.9593619095136505e-05;1.335011224507036e-05;1.991708676875613e-05;1.658217927256431e-05;1.265960646620281e-05;2.5229361786450335e-05;2.698345713126193e-05;1.4758751978108563e-05;1.2007729937862148e-05;2.1639381389555822e-05;1.2515134487698618e-05;4.961984273323205e-06;1.840211827634294e-05;9.053351674110918e-05;5.461125874500879e-05;3.371052282729577e-05;1.6511231858687792e-05;2.4872638409549894e-06;7.374936268025417e-05;2.2185115347583365e-06;4.625349137023939e-06;9.626904177720503e-06;2.3456922867168753e-06
02:17:01;58;1.857455969333056e-05;1.9059111108145784e-05;3.784250912286222e-05;2.0597852511627934e-05;2.663157354473614e-05;1.152976437750071e-05;1.3197963575996916e-05;2.7151319967928927e-05;1.275701376745143e-05;1.2405055044113892e-05;1.6432157009466604e-05;1.550150560996661e-05;1.0707271783225927e-05;2.7085967684828656e-05;2.8897264259212946e-05;2.072986000159658e-05;2.7461071746258796e-05;1.2247583509645355e-05;1.395368445639777e-05;2.886834523980977e-05;1.3528219404156228e-05;1.2547327152120327e-05;1.6591143827974542e-05;1.622415730489132e-05;1.0985933253714738e-05;2.7126352989985726e-05;2.844564544288972e-05;4.697018391693851e-06;2.0868393739498668e-05;0.00019854329635142273;7.481818616125622e-05;6.32427571919709e-05;4.214918823340224e-05;2.320475285193601e-06;3.0759006085240704e-05;1.6502221730971273e-06;3.7688471852650283e-06;9.450596828087988e-06;1.842121848217536e-06
02:19:23;59;2.588218038629913e-05;2.6309738558078998e-05;3.586782336275953e-05;2.787295458455736e-05;1.2534857488462462e-05;1.966853861290474e-05;2.9206490395949913e-05;1.8936084789412565e-05;1.9238240696495268e-05;1.0480323105355183e-05;1.7784554507536335e-05;3.908792989581013e-05;1.881600437834343e-05;1.602910198786586e-05;8.093107738266718e-05;2.8127880911217544e-05;1.355477375403132e-05;2.0773930223588685e-05;3.045320418210924e-05;1.9326154755088028e-05;1.9873262329072738e-05;1.0870420288783056e-05;1.851151779491478e-05;3.890787109734838e-05;1.9094588827136227e-05;1.614231313155121e-05;8.008093844850171e-05;8.91899630484727e-06;2.530505538935428e-05;0.00010226624516406268;0.00018158869006730213;4.434713850589407e-05;1.3076352861093104e-05;3.6418483298648845e-06;2.892929320107321e-05;4.975825275547226e-06;5.726605626097709e-06;1.0140191036025226e-05;1.497638591952439e-06
02:21:44;60;1.3599730998883139e-05;1.4171612344363916e-05;2.4191644358090962e-05;7.061628203721491e-06;1.568997051683916e-05;1.7966664019168505e-05;1.5273397934188118e-05;1.4854809233032608e-05;8.603647905467618e-06;9.123557216706889e-06;1.2521551732127342e-05;1.4576813581160506e-05;1.814429752497207e-05;1.4418839058485197e-05;1.4961590979629074e-05;7.523155177238285e-06;1.611423523414326e-05;1.8381728664338234e-05;1.7171414364832955e-05;1.5768173996755513e-05;8.696727600411727e-06;9.822721984141648e-06;1.2866510334350994e-05;1.5622532615291478e-05;1.7819536717783932e-05;1.4953921591664835e-05;1.5318686127090898e-05;1.0700385262264058e-05;1.685168480554743e-05;0.0001027544051914871;4.909645509259987e-05;4.707197834786128e-05;1.7348188012453985e-05;1.581087949244656e-06;2.6783153070318123e-05;1.6801907227781707e-06;2.189687072496693e-06;1.20172943830748e-05;2.225222386965357e-06
02:24:06;61;1.84003695370517e-05;1.9032004458978597e-05;3.7219173983990996e-05;9.89092222622193e-06;2.7283410724201282e-05;2.0610255863185888e-05;1.8526340228545863e-05;1.9133799872344586e-05;2.252728180255045e-05;1.4007402977643903e-05;1.7747627264374056e-05;1.5259924060211976e-05;1.1097332295600443e-05;2.5421889158782175e-05;1.9298240581313372e-05;1.0289127934627203e-05;2.7111909431265373e-05;2.1276614116007444e-05;1.9320258489423843e-05;2.1025409641649126e-05;2.326525627492479e-05;1.4950998648382204e-05;1.8086387079833165e-05;1.58624277187473e-05;1.1004961563714137e-05;2.698013360736983e-05;1.9210561409244855e-05;1.1094462259066104e-05;2.354119042405396e-05;0.00014964909522803676;0.00011664399046191741;3.316056427494509e-05;3.286084832639365e-05;2.748172449812208e-06;6.034174960783778e-05;2.6434873292621595e-06;1.3272003936779955e-06;1.1234591053025182e-05;1.3847359998635858e-06
02:26:28;62;1.8212438193514075e-05;1.8832718881099084e-05;4.623717639178645e-05;8.836013215975733e-06;2.0421688045179177e-05;3.137070562528069e-05;1.1403724178132341e-05;2.0421286914091237e-05;1.896744563690721e-05;2.5572517330374467e-05;1.0338476946132728e-05;4.1328437695462775e-05;1.1318726377980552e-05;9.515765709460828e-06;9.054463276925162e-06;9.379273930640413e-06;2.2346548426360676e-05;3.156505931368469e-05;1.2924947291542629e-05;2.1428968915343725e-05;1.9809258458424872e-05;2.3763096486376688e-05;1.0907218288996808e-05;4.3205472449492076e-05;1.112329369743172e-05;1.0209764695900958e-05;9.329719041143338e-06;1.3385018086162964e-05;2.0507556260478447e-05;0.00031024548310767903;9.336649540109246e-05;3.2849394140914605e-05;2.6709953936418042e-05;4.637641605163806e-06;3.6648892047934854e-05;1.9671587201139833e-06;3.4428158900632494e-06;9.003907619527224e-06;2.081799885888612e-06
02:28:49;63;1.8867813250525696e-05;1.9529037119723455e-05;0.00010991942534332431;1.2232082063044139e-05;2.058466401809834e-05;3.1313614885872e-05;2.4183422469418886e-05;2.107338486661609e-05;2.6743500749210565e-05;9.687365534396328e-06;1.3629214250117498e-05;1.8020480476882934e-05;7.979385137120557e-06;2.388103309478786e-05;1.7085603472950922e-05;1.2604750442929063e-05;2.1063858415040664e-05;3.204835107519816e-05;2.559523341869287e-05;2.3223876464899035e-05;2.6850709955512306e-05;9.808683490185022e-06;1.4253373949400214e-05;1.838077474254717e-05;8.182534777835273e-06;2.5183690761682384e-05;1.715260074163354e-05;1.1242525775060493e-05;2.2340246779356132e-05;0.0009877918948523572;9.366308217132888e-05;4.3978576661638164e-05;9.928752828003132e-05;4.0474158145956086e-06;3.833130212718233e-05;1.620468083309832e-06;2.2483166559526674e-06;1.2096621150161328e-05;2.385125768918119e-06
02:31:11;64;1.828370373857524e-05;1.874424328256098e-05;6.410498703037587e-05;8.597715537658504e-06;1.4597246541050232e-05;2.0130576571504704e-05;3.247347159432675e-05;1.372403155386337e-05;2.6612730316990316e-05;1.022151654242717e-05;1.212613853983736e-05;2.0322284978068307e-05;1.8582017820537285e-05;9.57262053705418e-06;3.244408804903287e-05;8.906345915938455e-06;1.545724415659088e-05;2.0572029802391212e-05;3.280569168814912e-05;1.5116241171844067e-05;2.68311610116028e-05;9.549623174752003e-06;1.2753280258683717e-05;2.0498615344013736e-05;1.9406519514413497e-05;1.0184931835294864e-05;3.284922823246533e-05;1.0270817553227464e-05;1.0333192975584272e-05;0.0004467458922708865;0.00018236259067526636;4.294113944074741e-05;2.7380978619695478e-05;1.1308477001477523e-06;3.201404539786613e-05;1.94919919003454e-06;1.8634736005831288e-06;9.562250649879615e-06;2.70541629059188e-06
02:33:33;65;1.6772213338743892e-05;1.7441554104428903e-05;2.8477140831573364e-05;6.9628817320351155e-06;2.9736561857744576e-05;2.6118719396415393e-05;2.1351238177399782e-05;2.376229711713181e-05;9.118288674094607e-06;1.5620323426643072e-05;1.701349712652183e-05;1.4049290323922294e-05;8.321217969867432e-06;1.4622480202190632e-05;1.4589756757226786e-05;7.561196954628929e-06;3.0257176943830673e-05;2.8087174219371826e-05;2.2605691926021136e-05;2.5349241880150336e-05;9.631402083212816e-06;1.4601996571388864e-05;1.7928561825285698e-05;1.5376169576944748e-05;8.331696197366242e-06;1.49131137156554e-05;1.4655220091967e-05;1.7573723016624164e-05;5.289604990843857e-05;4.307598653298028e-05;0.00011234704976881604;4.6476434231098466e-05;2.1506825963214735e-05;1.973371823342267e-06;2.8287518220067497e-05;1.7566782522088327e-06;1.4245266129732811e-06;1.1494547098435544e-05;2.91297855068065e-06
02:35:54;66;1.5576038755036528e-05;1.6238046705036105e-05;4.933243582099781e-05;1.799063898679585e-05;1.852449289494664e-05;1.56050087334527e-05;2.6117267469513454e-05;1.623217876943851e-05;1.09886840740294e-05;1.0649065739766105e-05;1.6710745034681e-05;2.1222401590586575e-05;8.374613820840501e-06;1.4274100354715426e-05;1.0223261699980991e-05;1.8718920739646116e-05;1.9556017602404103e-05;1.6500468253853577e-05;2.7182519813863962e-05;1.6747992739959656e-05;1.192087921492801e-05;1.043278622621327e-05;1.7669981006396413e-05;2.1671945997016487e-05;8.95982631984133e-06;1.5229433808564885e-05;1.0265783485125741e-05;1.2711848878099285e-05;1.6445432534146072e-05;0.0003821375811951371;5.318833655894795e-05;5.0637565826470743e-05;1.1961327316244517e-05;2.758123082877943e-06;4.52079178307723e-05;2.0295018199738716e-06;1.9127189460408653e-06;1.146289187803917e-05;1.5359839852237938e-06
02:38:16;67;1.9240193363533432e-05;1.965274509242176e-05;0.00010718576030108546;8.275815168833457e-06;2.547586547827698e-05;2.1613487711327004e-05;3.667402505284785e-05;2.8492694512620304e-05;1.4622132871460797e-05;1.0692041764121479e-05;1.1645160568527693e-05;3.4774677691922825e-05;7.054203808885197e-06;1.1744576846565865e-05;1.981763169890304e-05;8.531717294548038e-06;2.6401855911554095e-05;2.2224485890754158e-05;3.7802337851932366e-05;2.9412566077611055e-05;1.522812499963867e-05;1.0481618430069058e-05;1.2227141931223833e-05;3.336563828799879e-05;6.99902976302377e-06;1.2497553454315632e-05;2.0660862958985617e-05;9.348384030697622e-06;2.2375044239029315e-05;0.0009527511378844479;0.00014832775390921472;7.04466997163779e-05;3.7264773052454225e-05;4.57005059439953e-06;2.5875107698720448e-05;1.8537275805151915e-06;1.4915019917806096e-06;9.947353656534869e-06;1.97758925885299e-06
02:40:38;68;1.7857849276093805e-05;1.818912524764597e-05;2.3797697861635195e-05;1.7254852200468658e-05;1.4526957717076915e-05;1.1927606453874453e-05;1.481364833789588e-05;1.5568746334793104e-05;1.1440171761023521e-05;1.1277883530169674e-05;6.219842840302839e-05;1.5765541312036518e-05;1.5419497482970325e-05;9.656650238877194e-06;1.4444200443558037e-05;1.717987066236858e-05;1.5259400991258018e-05;1.2662546603540342e-05;1.5332199813823122e-05;1.6416511186170155e-05;1.1846073655622696e-05;1.0918091338450573e-05;6.12654905954871e-05;1.6305387373593682e-05;1.5738129046509085e-05;1.0382730262698473e-05;1.4963065559295731e-05;9.866179609622524e-06;2.4434166888209988e-05;8.541168160917733e-05;5.13167638344988e-05;3.8954120757060615e-05;1.1785640792457793e-05;1.0429953832390358e-06;4.3870493454428575e-05;3.3284536239362602e-06;1.6819360375517601e-06;1.1367927337110186e-05;2.512015012329453e-06
02:42:59;69;1.4312850948075804e-05;1.4668388919030977e-05;5.151933966049912e-05;7.485929304157873e-06;1.1719210467023542e-05;1.1823614937870017e-05;2.3797654923834504e-05;1.2063967043926285e-05;8.035711704611582e-06;1.1027436667890553e-05;2.742508135611388e-05;1.1322048501809109e-05;1.3745792113762821e-05;2.288110674442123e-05;1.0426653503259331e-05;7.525075393977768e-06;1.2442964396518331e-05;1.2118827070008603e-05;2.5105553354881557e-05;1.3306124982810167e-05;8.106212423131816e-06;1.0589010683741182e-05;2.8057129084923942e-05;1.137896223081964e-05;1.3858193102074622e-05;2.2717441171625056e-05;1.081516752434899e-05;6.899957414086819e-06;2.171012825441738e-05;0.0001902359052188403;0.00022850661348682128;5.363366526378748e-05;1.4510963978256136e-05;2.530316305686823e-06;8.231654760483766e-05;1.8467094667256881e-06;8.342280185405521e-07;1.244834757195013e-05;2.7586933420393334e-06
02:45:21;70;1.8260852378013872e-05;1.873296778170168e-05;4.8586690912334335e-05;1.0402171470373519e-05;1.4908766522255105e-05;1.775277879222482e-05;2.0030859847576142e-05;2.3655759633811613e-05;9.576855925982644e-06;2.599169610174489e-05;2.3152628942439563e-05;3.407168369759265e-05;1.1074027753465998e-05;1.0276106348395718e-05;1.8236886543444474e-05;1.0452823862348701e-05;1.5708725341834067e-05;1.874646637542689e-05;2.1551500934417818e-05;2.5578258989494487e-05;1.015691591592143e-05;2.5015406162644547e-05;2.3634442405187955e-05;3.378150526996366e-05;1.084474860927233e-05;1.1118557561335192e-05;1.8206253110903057e-05;1.7531258230832193e-05;2.320008854544575e-05;0.00033571030924473715;7.940294582248818e-05;4.5831024158068404e-05;3.570654320534528e-05;3.2935917964385394e-06;2.7120169532559314e-05;1.7640507160517322e-06;1.6795667380759238e-06;1.0397325628161072e-05;1.4034173298086264e-06
02:47:43;71;1.3781819585677692e-05;1.4199509551653585e-05;4.400801525849624e-05;1.2694237770202479e-05;1.1750010109132994e-05;1.2355100626460956e-05;1.6956266125331158e-05;1.2816871601857697e-05;1.8804898067644032e-05;1.0987487428014798e-05;1.914757792256048e-05;1.703890894398021e-05;1.0096771541673826e-05;1.1247982512104086e-05;1.148571826997175e-05;1.3278203852356064e-05;1.2491702133807341e-05;1.2694089923282758e-05;1.760293938027241e-05;1.3590453127568552e-05;1.9807582489941327e-05;1.0742841305163662e-05;2.022066804139412e-05;1.6905481809576314e-05;1.0349572584104114e-05;1.1348064986180627e-05;1.1362510208470401e-05;1.3413992496317882e-05;2.30607865232914e-05;0.0002761878600559121;9.04449453082736e-05;4.0435840547226374e-05;3.55658377168529e-05;7.197281818857803e-07;2.897313609789256e-05;2.020203902095931e-06;2.409466398661654e-06;1.0942615226982767e-05;3.92177064656181e-06
02:50:04;72;1.4809920640149441e-05;1.5219566850209037e-05;3.235543904267284e-05;1.0870772381498352e-05;1.4282645087152188e-05;1.3510738046239691e-05;3.7298516502914936e-05;1.3531167753781533e-05;1.5761686663557324e-05;7.355451227975994e-06;1.1983625691930849e-05;1.7701365311237087e-05;9.304621916586795e-06;1.5095706782698347e-05;1.1022745591110999e-05;1.1566320286483115e-05;1.5015638727842848e-05;1.3706927370837053e-05;3.737661459529625e-05;1.405821448419305e-05;1.7126930921406285e-05;6.96688896858154e-06;1.2129824271245457e-05;1.9430467039490373e-05;9.665819705540205e-06;1.535301553418851e-05;1.023813589383764e-05;6.537604357235096e-06;2.62970465831511e-05;0.00012942073867833258;8.395044356980352e-05;5.709193297604047e-05;5.040562304759994e-05;1.1103620389078609e-06;1.9486961601202256e-05;1.5415490744223303e-06;9.957619197415406e-07;9.139012650832954e-06;2.2882320148044952e-06
02:52:26;73;1.3206199828242791e-05;1.3742058445707617e-05;4.6830491277053175e-05;6.349669695734664e-06;1.3053542618541252e-05;1.3608106146731105e-05;1.6351294995977447e-05;1.4365269637101557e-05;9.559703332293814e-06;1.5125477362558245e-05;1.81165960319938e-05;1.497379873556652e-05;1.3804041635978592e-05;1.5594297019431863e-05;7.572597422980917e-06;6.763811367668898e-06;1.3592635431323978e-05;1.431890666912917e-05;1.803868968935707e-05;1.4984509170626783e-05;1.0097623722870168e-05;1.4815867416473338e-05;1.8934864645508483e-05;1.5283353006245443e-05;1.4144585442915706e-05;1.596408191853928e-05;7.965768320359587e-06;5.510211725323221e-06;4.9276856708355665e-05;0.00027134303729389124;0.00011258150058586163;2.6960519161025265e-05;3.7904044269576606e-05;6.888154485709926e-07;4.273874378990971e-05;1.7992159078109424e-06;8.100536620466241e-07;9.210311090177261e-06;3.1425856820888747e-06
02:54:48;74;1.5035600260272407e-05;1.582937566817685e-05;5.6368758599445935e-05;9.439964164864085e-06;1.9688827709852706e-05;1.4766117325073289e-05;1.3806310487428743e-05;1.7009688680115108e-05;1.141556152620379e-05;1.2408529753765213e-05;1.0188127884124366e-05;1.361925705755208e-05;8.78417470479514e-06;3.108881377691184e-05;1.8211825283225895e-05;9.73573681141163e-06;2.1056550567548962e-05;1.4783462598021703e-05;1.5167786761041867e-05;1.943041745476024e-05;1.2451827658395227e-05;1.2230302350480652e-05;1.0869113045569239e-05;1.3997954001636952e-05;8.883670166660177e-06;3.3081235104171215e-05;1.826444538523844e-05;1.6545953918799598e-05;1.775277446007394e-05;0.00044280740754936815;5.136595319464378e-05;5.2488286810941895e-05;3.966449619095361e-05;2.5254181419859705e-06;3.6792700284823256e-05;1.757153170078282e-06;2.5529547514449293e-06;1.0783719428747842e-05;1.388285291490199e-06
02:57:10;75;1.0091997304264375e-05;1.0706371471360974e-05;3.682996438291886e-05;8.772945245735544e-06;1.45826270519158e-05;1.0606457534963324e-05;9.614571522769728e-06;1.3653835956326724e-05;1.0312480027091004e-05;6.801907009836648e-06;1.0497254362075058e-05;1.079321659505891e-05;6.418593177928952e-06;9.25606236473248e-06;9.794013070451125e-06;9.01738415830297e-06;1.552550849184995e-05;1.1640127911361353e-05;1.0907801608965788e-05;1.5290712867624015e-05;1.043805021461456e-05;6.665770475201153e-06;1.1106317760083894e-05;1.154726978596425e-05;6.6249150694591065e-06;9.841922793050718e-06;9.870673181202492e-06;7.438679014676352e-06;2.2586637813639188e-05;0.00010221127726582949;0.00018985940269031874;5.263009789147805e-05;2.0484713234361453e-05;1.1955827735183013e-06;2.543502852409937e-05;2.6878170454015853e-06;2.778452948454374e-06;1.1131993942047723e-05;3.51988945120169e-06
02:59:31;76;1.314877653545533e-05;1.3744663745087507e-05;2.7670549139386023e-05;6.9415019619999505e-06;1.6746462422516245e-05;2.560494380464785e-05;1.3523633856235309e-05;1.0617819060986346e-05;2.0668503597417757e-05;6.9134261670585184e-06;1.3142414906817315e-05;1.0926529141515443e-05;1.1180522770553642e-05;1.2512226572492967e-05;9.007330587254811e-06;7.383221424754106e-06;1.780056281629036e-05;2.5228879466443616e-05;1.4742861338485845e-05;1.1832907390110254e-05;2.1521912688662774e-05;6.985484238220689e-06;1.3822017662496825e-05;1.1809659197383496e-05;1.1292615258580668e-05;1.3332133112041298e-05;9.183707616217891e-06;1.0510346022781218e-05;2.244536052063027e-05;0.00010561751195543848;5.164799290418179e-05;3.9790481068802487e-05;5.067547288999168e-05;1.2095990857178312e-06;3.2043591022757507e-05;2.4895459821178453e-06;1.5269364270855423e-06;1.0611518418543998e-05;3.47823337458358e-06
03:01:53;77;1.7196416018030256e-05;1.7731260298585512e-05;2.9238146821818094e-05;1.2653965052839505e-05;3.540362354731935e-05;3.2804957787003666e-05;2.5415540122253333e-05;7.365748843826933e-06;2.18657597356882e-05;8.630233399031795e-06;1.4592396535885076e-05;1.5034754545178492e-05;7.348937154331865e-06;1.1016656796672661e-05;1.422441181311094e-05;1.3045723859203797e-05;3.598730325370237e-05;3.2167613529894924e-05;2.6905909111565627e-05;7.937817363659932e-06;2.366339323330815e-05;8.803875151080561e-06;1.475835048800439e-05;1.6033446805706746e-05;7.3918777535611665e-06;1.1793679352448162e-05;1.4286128238312859e-05;6.2504565284219905e-06;2.5435007324453127e-05;0.00011674974280070003;9.190797591268893e-05;3.59815303700866e-05;2.0972003766307594e-05;2.16296657822016e-06;3.478107272782713e-05;1.912174556207715e-06;1.2336480712998473e-06;1.0820686126220994e-05;2.6504970993830504e-06
03:04:15;78;1.0759843508946108e-05;1.112735226573172e-05;2.764237014882598e-05;6.841714982835418e-06;2.1732507119312768e-05;1.2013111986871907e-05;1.1579300256414626e-05;1.1371933662215641e-05;7.643815792526063e-06;9.72239426711884e-06;1.1339504620945139e-05;8.374642360112459e-06;6.6962243791899505e-06;1.1783640759559107e-05;1.0019328203466928e-05;7.227855066842874e-06;2.234427237557542e-05;1.2829692227396777e-05;1.2497315834434055e-05;1.1917173029774581e-05;8.058609481953613e-06;9.04935713082569e-06;1.1735473464473735e-05;8.7543492243847e-06;7.108257682087737e-06;1.1693564478195231e-05;1.0312303189332656e-05;5.821774562231339e-06;2.4773243694280658e-05;8.701030871894111e-05;9.440622816825369e-05;3.587073236844074e-05;3.593759060408793e-05;1.1924952315052634e-06;3.223863156273766e-05;2.23081880181192e-06;1.6141317662918015e-06;8.349952666067294e-06;2.262533641262275e-06
03:06:36;79;1.7881373152435614e-05;1.8353109157079082e-05;2.422053818374711e-05;7.616522440462797e-06;2.317188968768071e-05;2.5745505231549775e-05;1.783484587359784e-05;3.6860094401059875e-05;1.5736053342798392e-05;9.490447186263653e-06;1.3197964435107679e-05;3.463042117278871e-05;6.9740397725064955e-06;9.69171841479589e-06;1.362696905586476e-05;7.713433251986235e-06;2.3084617825151314e-05;2.533159036092796e-05;1.914722837728398e-05;3.772209505124137e-05;1.6163145982652247e-05;9.672735123336978e-06;1.383836153556469e-05;3.577250052192632e-05;7.4938287738566224e-06;9.784323848882334e-06;1.451344189286207e-05;7.129586342832779e-06;2.2358386261047248e-05;6.0992152599443174e-05;4.030568087226069e-05;5.812811126031738e-05;5.1349366903995954e-05;1.4613283410296943e-06;2.809730802111388e-05;1.743277124377131e-06;5.892290504017777e-07;1.1052683237772352e-05;7.439348190373277e-06
03:08:58;80;1.513640356553093e-05;1.598636370982615e-05;5.9174629816469166e-05;8.252904478922574e-06;2.5230613979167835e-05;1.4636639055189768e-05;1.6181081895312715e-05;1.6538221823287298e-05;9.78915327077733e-06;9.691570511772728e-06;1.5648837440742433e-05;1.6548974440669635e-05;1.0360305997507298e-05;1.7993692644970658e-05;2.076484204461725e-05;8.819986800793956e-06;2.678157925171795e-05;1.4924323088191066e-05;1.7749330507723256e-05;1.7800577322155226e-05;1.0863893190686167e-05;9.847395821326025e-06;1.6141965877264e-05;1.722699090362456e-05;1.077005058332476e-05;1.949492514517882e-05;2.141533915866741e-05;9.465148954436455e-06;3.595937073720781e-05;0.00045946393447460795;5.820576765511099e-05;6.95722818371751e-05;3.262693315297374e-05;3.3667404641121808e-06;2.5626684888483673e-05;2.492345923610689e-06;1.5551500559005236e-06;1.0215841163108578e-05;1.5453584909023252e-06
03:11:20;81;1.5919619130499996e-05;1.6267690798370873e-05;3.031487480109739e-05;1.2365898559675191e-05;1.0901479352686362e-05;1.1171320453100138e-05;1.0024600765167303e-05;1.0541408167858373e-05;2.034302797746725e-05;1.4153708888706909e-05;1.3741721054636649e-05;2.001668565557421e-05;4.355655386751261e-05;1.4465247873700223e-05;9.753770998796343e-06;1.2923831278224302e-05;1.129297010542175e-05;1.1739019348307828e-05;1.1233488731716224e-05;1.1421321676008822e-05;2.0975113433381965e-05;1.2939062010365334e-05;1.4746745260777924e-05;2.072492306864131e-05;4.25232509642919e-05;1.4674822074383986e-05;1.0017734565954476e-05;7.051611506261921e-06;2.6961450882526412e-05;0.000156245707608903;5.7521866726108426e-05;4.466412234504795e-05;2.6574049347674977e-05;5.705275337723038e-07;2.725321422361491e-05;1.6532919499460471e-06;2.999201987817647e-06;1.0135181749779823e-05;2.148271751715339e-06
03:13:41;82;1.3417662336998795e-05;1.380497313313086e-05;4.0667939726242916e-05;2.0638433143331398e-05;9.469719997086527e-06;1.2385759069517958e-05;2.3595491871798334e-05;7.891521256585644e-06;1.1889998595067523e-05;2.7427671994282512e-05;1.467593098812937e-05;7.761566665335936e-06;9.221426338321883e-06;9.510393717639751e-06;6.5440303022125015e-06;2.1072826481791202e-05;1.039187097226607e-05;1.3400861634976007e-05;2.5041370647642586e-05;8.468436895275807e-06;1.225041427736685e-05;2.6142160567348895e-05;1.5086994861559117e-05;8.223223918735763e-06;8.914435016500832e-06;1.0173032375019783e-05;6.494047945896547e-06;1.109971519094037e-05;1.4653105212485425e-05;0.00016179967755360628;0.00013481807512489614;6.183395484499681e-05;3.134766839676975e-05;1.141572440812899e-06;5.533037871553417e-05;2.9293620867166248e-06;5.683758288938973e-07;9.88001826605662e-06;2.6133730532060067e-06
03:16:03;83;1.4847740575615633e-05;1.5308699725601747e-05;6.620322581611635e-05;9.187967841742504e-06;1.8508307506563554e-05;1.4399133218293256e-05;1.628541462847269e-05;1.0956378724038338e-05;1.1616788406534148e-05;1.4192283488383014e-05;4.496729986995392e-05;1.2487726491821666e-05;5.529686672192921e-06;1.302979796817412e-05;7.012096943012383e-06;9.828358214909264e-06;1.930130872983394e-05;1.5233245880775524e-05;1.76114077084658e-05;1.1735644196200663e-05;1.2013362035609536e-05;1.308998346332051e-05;4.486473158124946e-05;1.3070834052374681e-05;5.535277903365131e-06;1.4087234301515781e-05;7.333003568304246e-06;1.3084175580020357e-05;3.064632213809563e-05;0.0005143063322859074;9.563545692275252e-05;4.820921434306063e-05;2.510142683031744e-05;2.167366375474895e-06;4.827711613423586e-05;2.1336722472126898e-06;2.449928425743674e-06;9.759255235040413e-06;2.6684432755344758e-06
03:18:25;84;1.6535339923962056e-05;1.6949053386707432e-05;3.566014504177084e-05;1.0913116454312124e-05;1.599218137923489e-05;1.012500653403818e-05;2.0323294982269793e-05;8.527260354960411e-06;1.423964936267649e-05;1.0959138875095546e-05;1.9528274854963e-05;4.944763726526121e-05;6.4583681927258984e-06;1.1135308452284418e-05;2.0774836130499352e-05;1.077398313192376e-05;1.6829250657620037e-05;1.0561453903772164e-05;2.090107382979182e-05;9.473162841643472e-06;1.5183787547380522e-05;1.0566966241789994e-05;2.0023851804949175e-05;4.9441730258382176e-05;6.587357952009336e-06;1.1553385072918992e-05;2.1492630988672594e-05;4.345818305978062e-06;1.2729548936471553e-05;0.00019592160478050914;6.564641295761776e-05;4.8720363572748406e-05;4.445197964813612e-05;3.240472076240014e-06;3.625075483717281e-05;3.4288063035866036e-06;1.129206250375782e-06;1.0591967426570792e-05;1.4648054058430137e-06
03:20:47;85;2.080566779547801e-05;2.1276139739688626e-05;4.258592641316904e-05;1.1951357779144638e-05;2.1195429437429166e-05;2.9097831179053006e-05;1.3104623619788278e-05;2.5704478477192342e-05;3.0051825247441727e-05;7.381971427830339e-06;1.0183774301579392e-05;1.3203395335443185e-05;1.4701520904416363e-05;3.962373921627783e-05;3.346805916170194e-05;1.2794150958903121e-05;2.130373601935792e-05;2.935759442187168e-05;1.4263265302936735e-05;2.512095384017927e-05;3.0808338446541145e-05;7.41483696298088e-06;1.0692338198364442e-05;1.3603769430925308e-05;1.4401894445712325e-05;4.143843973826181e-05;3.411435037505035e-05;1.4438891959548149e-05;2.6813569021414645e-05;0.00019866083870581183;8.754947582452003e-05;8.347923027838393e-05;5.3037323261814005e-05;9.564209650611456e-07;3.099492376117099e-05;1.6801596480462164e-06;9.617890484383422e-07;1.1389624914319262e-05;1.0688695695000316e-06
03:23:08;86;1.265716580111199e-05;1.2943509571851803e-05;4.729089299219521e-05;6.827420452023861e-06;1.5734265637299607e-05;1.4261988071821593e-05;1.2762064238038626e-05;1.4449274723140412e-05;1.098060014405953e-05;1.7844899928640892e-05;1.032825179046106e-05;1.2253788570019838e-05;1.2044101383294633e-05;1.3478020410285684e-05;1.0921310499673547e-05;6.875352413817957e-06;1.6537603498156523e-05;1.4300601626156912e-05;1.3828963554122403e-05;1.4914587799340333e-05;1.1761135053198306e-05;1.655355186766762e-05;1.1129265773508703e-05;1.2733728592046404e-05;1.168985841392401e-05;1.3925674437227308e-05;1.1071787567640126e-05;9.352449891936964e-06;2.3092491143908528e-05;0.00037649300128934655;4.6750384795293907e-05;3.934402400383337e-05;1.0665656959103312e-05;5.889598857940181e-06;3.9898718231899204e-05;1.995216365265278e-06;1.2521730874878075e-06;1.2154815120022182e-05;6.0218616030502e-07
03:25:30;87;9.499971260399063e-06;9.947802913924119e-06;6.633077075590282e-05;1.534174262990911e-05;1.0376865127170731e-05;1.4327092572521202e-05;1.717914743050063e-05;7.004167367793715e-06;8.899718274335555e-06;6.7731234716978346e-06;8.199738740121244e-06;7.726820366568434e-06;4.617629045032924e-06;7.478303546354875e-06;6.075302815327694e-06;1.5937679149195717e-05;1.1105720199039648e-05;1.4665567827642353e-05;1.7662972512178248e-05;8.098634962267699e-06;9.219455173076277e-06;6.65947832606469e-06;8.74081233402499e-06;8.021838398177995e-06;4.798479511907628e-06;8.014082520932351e-06;6.448910598804485e-06;4.933967806785374e-06;2.7812914107886852e-05;0.0004661263526102208;0.0001905069584057206;4.198234701411465e-05;2.6513803360513287e-05;6.192021141108512e-07;1.9871872498435157e-05;2.9566629536967437e-06;1.6253590663863109e-06;1.0356090906741667e-05;2.663718226221736e-06
03:27:52;88;1.1507961719882008e-05;1.2157975521127994e-05;2.4881753837617364e-05;8.279663809027873e-06;2.650662453747414e-05;1.0434420066732484e-05;1.1432135361841036e-05;8.561597632385862e-06;5.8464384176721236e-06;7.0678730414189514e-06;1.6233756560588766e-05;1.116061743289265e-05;1.0021531771865387e-05;1.0378968971865147e-05;1.2171909509881765e-05;8.574393085595308e-06;2.6841388244986463e-05;1.1227594993065797e-05;1.2755360629956999e-05;9.668449866360707e-06;6.213964841755356e-06;7.346385723682447e-06;1.649563843404647e-05;1.1940428245181949e-05;1.0605521167028339e-05;1.1443380957690017e-05;1.2783195968581765e-05;5.72504160642949e-06;2.646692288538359e-05;9.962541040727172e-05;6.158763359773663e-05;3.4632445647073887e-05;3.3414101513947106e-05;1.0367361368311682e-06;2.2711582632697076e-05;1.7582756429277238e-06;1.769782884728196e-06;8.691665215058656e-06;1.1614478813231413e-06
03:30:13;89;1.0540657545344732e-05;1.1137247441448508e-05;6.018350604821519e-05;2.448697174305504e-05;1.1317526041342386e-05;1.3341795461873186e-05;9.911051099335696e-06;1.5174918688258417e-05;6.209660146083706e-06;5.174871571902238e-06;7.135655715599527e-06;9.255297609523826e-06;5.947202303311562e-06;9.304114240261573e-06;9.228822489730378e-06;2.5505937432908582e-05;1.2583483256301268e-05;1.361394847260237e-05;1.0957838225571138e-05;1.658127313378286e-05;6.60862933209846e-06;5.260405179244485e-06;7.651302664121833e-06;9.354995061677315e-06;6.0429559981238975e-06;1.0100374760141573e-05;9.385822039216173e-06;1.1791789826705067e-05;2.620598529621194e-05;0.00041912978257224476;0.00013508587332572926;4.8113785032495374e-05;3.3890103402227016e-05;6.753677884897072e-07;3.091042370239859e-05;2.326342856917668e-06;1.6816264883519228e-06;1.1557355100672584e-05;8.336371861383776e-07
03:32:35;90;1.5711993869031588e-05;1.624561788002545e-05;5.7493039293472223e-05;1.0948077059874157e-05;2.5555238716440893e-05;1.93811807750163e-05;4.3529998319772034e-05;1.2389212595952483e-05;9.401632292400047e-06;1.0693455673757315e-05;9.759950888043146e-06;1.8783383850327276e-05;5.724334452268791e-06;1.4913265855201727e-05;7.464190185208446e-06;1.102944527045548e-05;2.626041910107118e-05;1.9840485233717003e-05;4.579766642518159e-05;1.2863652707754319e-05;9.881836250096506e-06;1.0295927932941285e-05;1.0253769819946338e-05;1.89370233829898e-05;6.144193039175132e-06;1.5834344065043767e-05;7.808644481941239e-06;5.5080897391155005e-06;2.3798887426730487e-05;0.0003463190211930681;0.000195644311554319;5.899935004847164e-05;1.7211371117683925e-05;2.7484069797333537e-06;2.424584038136194e-05;3.0196359754587103e-06;1.4690176550116874e-06;8.985551918218028e-06;1.96698753249468e-06
03:34:57;91;1.3631225027924385e-05;1.4189944557051316e-05;0.00010504430164114325;1.0656100924160745e-05;1.0834545577154131e-05;2.6691178052570567e-05;2.9419410780788397e-05;1.828572559632717e-05;9.16813117222339e-06;5.482603905255184e-06;9.26220050894761e-06;1.582290506844815e-05;5.729695078312861e-06;1.3441068933094481e-05;8.781130789776109e-06;1.0533125676581992e-05;1.158168675783024e-05;2.7523818890942862e-05;3.0302299094302404e-05;1.9603023258840246e-05;9.888150296181358e-06;5.615008919011405e-06;9.655452841694637e-06;1.6120688858883355e-05;5.790794418743057e-06;1.4361901799308231e-05;9.303379665883007e-06;1.0325450018641285e-05;1.872354803939617e-05;0.0008247760927122662;0.0002976322337715054;4.383160723589772e-05;1.613244804705345e-05;1.5480137925350816e-06;2.900921713364762e-05;2.5181123090875927e-06;2.9419006069973817e-06;1.175921796494977e-05;1.333778061741256e-06
03:37:18;92;1.7638540458361522e-05;1.8477661129348037e-05;7.209068111895552e-05;7.743771123810719e-06;6.568024402688685e-05;1.9935472651737157e-05;1.4427651024107035e-05;2.4975190987158218e-05;7.203479690722568e-06;5.024537417403446e-06;9.896599113868763e-06;8.499874640092871e-06;6.602032717689161e-06;3.492796402714372e-05;6.745660602224358e-06;8.289493852996052e-06;6.720597658282782e-05;2.07736011707081e-05;1.5981111884477423e-05;2.616450985695775e-05;7.402711035646911e-06;5.1483297358825875e-06;1.0393856168948218e-05;9.276220962534882e-06;6.925228225428109e-06;3.6968647069857706e-05;7.2022397501003275e-06;6.085260165246659e-06;2.9503647472643773e-05;0.0005501146649415937;0.00018304280163729652;2.890678629198965e-05;1.3813597724883122e-05;1.3384516151869121e-06;3.517098556301613e-05;3.07808640598118e-06;3.3074707994315473e-06;8.470580419080508e-06;2.2558403911164066e-06
03:39:40;93;2.1743262643460845e-05;2.1911612414361472e-05;8.131563417434195e-05;1.0394280671732758e-05;1.145829166272382e-05;9.116852587257281e-05;1.2545382097848481e-05;1.1319853347205564e-05;8.91375940041557e-06;2.3023251711733067e-05;2.0978978274012082e-05;1.58791212292251e-05;8.600578713213736e-06;1.4415864472735764e-05;3.2221257935237766e-05;1.0734361591017613e-05;1.2256647977077982e-05;9.016054550729562e-05;1.3895206669801581e-05;1.1995188794537193e-05;9.405779144776428e-06;2.2274040722688277e-05;2.0546560519989404e-05;1.5976938719845e-05;8.770729057031059e-06;1.542332962874096e-05;3.150001616689488e-05;1.2950207534147812e-05;1.729797815821727e-05;0.0006958820953980321;0.00011726587718654769;4.289295021887331e-05;2.3227728934398888e-05;1.9834942560721457e-06;4.878148584783862e-05;2.170565308691651e-06;1.6595709860687083e-06;1.0768676221828405e-05;9.069800413865654e-07
03:42:02;94;1.575567690730912e-05;1.621328968362429e-05;3.754618744701427e-05;3.182717075844721e-05;4.8380795665149314e-05;1.1511441044185425e-05;1.0653733064393897e-05;8.681991112460061e-06;8.024542008978518e-06;7.728308489163283e-06;8.980330972266612e-06;1.1689261186957497e-05;1.7225589827257242e-05;1.3958031350372577e-05;1.0406921692084449e-05;3.220872888418911e-05;4.845116085032461e-05;1.1863279033156076e-05;1.1692581792195148e-05;9.420588205240982e-06;8.69435152823446e-06;7.695231845359615e-06;1.0065506356550952e-05;1.1968308655601113e-05;1.7134438443279094e-05;1.4752004362084267e-05;1.0613291193248521e-05;8.80298797364511e-06;2.4330954626846718e-05;0.0002708866794382711;4.1565750132614966e-05;4.4865322967766746e-05;1.4320341675313822e-05;1.4063724096695933e-06;2.5907244330016364e-05;2.2702241328406744e-06;1.8888495998043696e-06;1.2892104510807612e-05;1.4174175665742074e-06
03:44:23;95;1.1150199933302412e-05;1.1971246807016669e-05;3.0894498078801435e-05;6.029824851791235e-06;1.6223306297227033e-05;9.278644909536318e-06;1.8984404652593927e-05;1.9696774435958147e-05;9.627157921763477e-06;5.025987326848477e-06;1.2495948248995733e-05;9.538550492813805e-06;8.177969011636709e-06;1.0930893606345391e-05;7.79293402947639e-06;6.463311961000082e-06;1.7342799546435045e-05;1.0166964940150206e-05;2.0455733313530247e-05;2.1779779039022713e-05;1.0834375767513802e-05;4.841566293824927e-06;1.325964941212147e-05;9.94318006748092e-06;8.39124566804849e-06;1.1732510699138275e-05;8.443840817010283e-06;9.471643189220769e-06;1.6999672773937422e-05;0.00016032553813843465;7.939760225438047e-05;3.5444482259370596e-05;2.271563702786055e-05;7.141544329117381e-07;3.18702142400526e-05;3.1507674146518534e-06;7.039661089343889e-07;8.628420021559048e-06;1.3118790843032353e-06
03:46:45;96;1.2567041466127193e-05;1.3288459775116902e-05;6.526567161993533e-05;1.4384087895729698e-05;2.728382589690558e-05;1.3432546682229878e-05;1.0480437588000768e-05;9.549667632184496e-06;9.448344888534683e-06;9.16045240664041e-06;8.997781033056898e-06;9.30129988965043e-06;9.017697575653859e-06;1.4391048607494254e-05;1.5357303942147897e-05;1.4698295643351621e-05;2.840548107467586e-05;1.4145755179740689e-05;1.1674196961209844e-05;1.1244222507598409e-05;1.0229985065639603e-05;1.0019509606041261e-05;9.312453026792309e-06;9.963795958045218e-06;9.162535247290905e-06;1.481277339032975e-05;1.5792509726406358e-05;6.447830445811832e-06;1.5310818540749007e-05;0.0005507557605037788;9.473066507328642e-05;5.451702522417085e-05;2.622209240873169e-05;1.3613060168783132e-06;1.6548422659218654e-05;1.8488874403316928e-06;3.415222107511639e-06;1.107707432592938e-05;9.529546928256657e-07
03:49:07;97;1.0260427606050888e-05;1.0945011644817217e-05;0.00013157849820800199;7.560248747040532e-06;1.2714430794667145e-05;1.5209529586648138e-05;1.9189313112571487e-05;7.815595503628133e-06;9.398321738145073e-06;1.0858225118229567e-05;8.243767189371324e-06;7.2129663247463585e-06;5.6227261088731044e-06;7.698724757496869e-06;1.1601278155834196e-05;8.33021080543864e-06;1.3796623269500523e-05;1.6883671205620507e-05;2.0620932492086388e-05;8.736601339018008e-06;9.51378288397181e-06;1.0201200010197692e-05;8.76741883018175e-06;7.78826413323581e-06;5.788060138048088e-06;8.752026507311171e-06;1.2161343656310847e-05;7.126109053980539e-06;1.0764624978975567e-05;0.0010268812928199244;0.0004187866386608082;4.45312176187919e-05;2.595586607547061e-05;8.072740902473552e-07;2.986558473486292e-05;1.7555642754975085e-06;1.257417168960335e-06;9.757577579669567e-06;1.4528114388347837e-06
03:51:28;98;1.24273900170961e-05;1.2927819464298236e-05;6.314929582737514e-05;8.457828559859205e-06;1.675077671075604e-05;2.4842688378353987e-05;1.0686199081016474e-05;9.951316184500767e-06;1.638838599986188e-05;7.181017002205243e-06;1.2846517189498998e-05;1.0121679202254343e-05;5.527546386022405e-06;1.5302531369084964e-05;1.1072190302224334e-05;8.824167425585454e-06;1.6943823561920412e-05;2.583973409970515e-05;1.1760715079629025e-05;1.0414596101925988e-05;1.695190325957396e-05;7.017736342150565e-06;1.3551976119547189e-05;9.937787989990365e-06;5.99233913253326e-06;1.5974222346985584e-05;1.1924828494200114e-05;1.0604662490051025e-05;1.9146861763927886e-05;0.0005111036418087723;9.040486595084664e-05;4.0535887453727303e-05;4.59822980374695e-05;2.1931646446315885e-06;2.1565741517184807e-05;1.8578162664510533e-06;2.199127963693552e-06;1.036931096015437e-05;1.8281710715915972e-06
03:53:50;99;1.343828964970519e-05;1.4063402737013383e-05;8.168958047647274e-05;1.1309149719161063e-05;1.3235881889980563e-05;2.8591195970761873e-05;1.673114490653337e-05;8.883709964506311e-06;8.294334387799877e-06;6.797701249248369e-06;9.41087377206238e-06;1.2201213298691403e-05;2.5990917585907233e-05;1.0868176391973996e-05;8.94517274086969e-06;1.1445256833684641e-05;1.3380722475055417e-05;2.9339731646601487e-05;1.8704524250154727e-05;1.035090295035728e-05;9.144551336536512e-06;6.802639227662209e-06;1.0256827310881875e-05;1.2450358680544475e-05;2.60189129140956e-05;1.1880537443440644e-05;8.98586297727336e-06;1.2315304988420913e-05;2.036714248524436e-05;0.0006999359237686446;4.935168323080948e-05;5.584735635546229e-05;9.017898960555102e-05;2.2178027198854937e-06;3.196918919686923e-05;2.923338684107568e-06;2.9460690860046468e-06;1.1286892028595932e-05;9.352735680773966e-07
03:56:12;100;9.539947195688372e-06;9.901868780397756e-06;2.9432981496501893e-05;5.929169667886279e-06;1.3187815760318244e-05;1.0359912668501568e-05;9.515541880747689e-06;1.6592570249491185e-05;1.0499623230166641e-05;8.598634839787875e-06;8.70501769608981e-06;6.578021845368457e-06;4.73552184843129e-06;1.086003241759024e-05;8.917500923870266e-06;6.444682913418466e-06;1.366682701263005e-05;1.0887516210355966e-05;1.0402940179004343e-05;1.720412815244989e-05;1.074402794247247e-05;8.079328436112139e-06;9.111479231032256e-06;7.023642335954282e-06;4.753925818649689e-06;1.10178310749205e-05;9.486094348153241e-06;7.056982979143355e-06;1.2290135782929984e-05;0.00018112195346720226;5.177442321428513e-05;2.9329303541876808e-05;1.53587640624039e-05;1.6043967973436533e-06;3.903156774938442e-05;1.6489509673172114e-06;1.0680564303096061e-06;9.595035682322305e-06;3.3162072835040722e-06
03:58:34;101;9.937901082098092e-06;1.0422735739885417e-05;2.8026779435089353e-05;1.8678799099285985e-05;1.9279845216405274e-05;6.982023060557325e-06;1.0098673698812696e-05;7.362302902759087e-06;5.642433801320769e-06;3.7011169395513703e-06;1.3051181264762073e-05;6.4165141040462e-06;6.719086780939485e-06;7.847613318936261e-06;1.347521886300869e-05;1.884123740418994e-05;1.979509477079566e-05;7.65799621126174e-06;1.1034853574943277e-05;8.19223109080863e-06;5.8735785807607785e-06;4.022187114589796e-06;1.4115587862162804e-05;6.5419209494382215e-06;6.6739464871923564e-06;8.521835228794437e-06;1.3802355889437641e-05;5.4844785437418335e-06;2.0978761753719193e-05;0.0001258889910420498;6.218426194746273e-05;5.155719969602361e-05;1.690915702321614e-05;7.914832199225863e-07;3.6310416983439995e-05;1.9069506710562964e-06;1.4362654970753482e-06;1.0318117152403833e-05;2.555269690960741e-06
04:00:55;102;1.2902058257809172e-05;1.3318337884892215e-05;3.8700257778524586e-05;9.505417603412008e-06;2.0348474569170154e-05;1.0807410968089409e-05;1.0219663808057208e-05;8.56042931441824e-06;6.469430909690614e-06;6.651669638363893e-06;1.3880239692489546e-05;1.0524961795836548e-05;9.40937894129816e-06;1.8721130740185675e-05;2.9726487803507304e-05;9.434133505548537e-06;2.1398755075384956e-05;1.1975033332787519e-05;1.0939637457893327e-05;9.278851670203465e-06;7.418323755562689e-06;6.078137403164874e-06;1.4784446625238655e-05;1.089933137543856e-05;9.483917380483817e-06;1.9029493862173602e-05;2.9099988659012687e-05;9.283546162633029e-06;1.1364559560294448e-05;0.00025603088346458304;8.844822288981638e-05;3.6625761964854537e-05;2.3300752996245503e-05;9.998638640845425e-07;2.3575117351624156e-05;1.991138532638631e-06;1.2256868205980868e-06;9.467422014208533e-06;2.0901377207141527e-06
04:03:17;103;1.0312254528602436e-05;1.0914091058399623e-05;4.992467698326685e-05;5.445858676334968e-06;1.7285191381171732e-05;1.660510770048776e-05;1.532865936582084e-05;1.1737650776989415e-05;6.813716666765789e-06;1.0663976077942358e-05;8.019933632913927e-06;8.22372125112865e-06;4.035916186140298e-06;9.133900622838485e-06;1.0453418240271875e-05;5.7477813864847395e-06;1.8082616809841034e-05;1.7824927926073854e-05;1.704071397812819e-05;1.2943754956976118e-05;7.469420002571151e-06;9.961816224087578e-06;8.760380193121772e-06;8.349695558017974e-06;4.277976416498076e-06;9.762017081028936e-06;1.0747988204756542e-05;5.424537495175146e-06;1.5928055211591603e-05;0.00017417732274450755;0.00028442819099161774;5.6986428167992455e-05;1.8507139857139125e-05;4.99404029675691e-07;2.3191505290316826e-05;3.039347989295201e-06;1.741419846527064e-06;1.2965566412539088e-05;2.2072057628246308e-06
04:05:39;104;1.408595062199228e-05;1.4783447827367241e-05;3.8593695724139304e-05;1.5311057642913344e-05;2.1236196841104256e-05;1.3489372197351589e-05;1.6754188302250192e-05;1.0184034619245805e-05;1.8439009087439278e-05;1.6140969294233607e-05;9.129962800164487e-06;9.205468664028807e-06;1.0906037665201687e-05;1.7619621914377603e-05;1.061548418848898e-05;1.5407294310385118e-05;2.123430129105617e-05;1.4584627991363177e-05;1.7947467255643333e-05;1.1407971698322917e-05;1.9956889394086807e-05;1.6667477603168434e-05;9.64065167886762e-06;9.412005562773651e-06;1.1203590215873077e-05;1.8729344631112005e-05;1.1209747575592217e-05;9.289926024218188e-06;2.226088277352966e-05;0.0002214933758388904;6.656584556246133e-05;5.2206361183054325e-05;4.240389045088403e-05;1.5785853197409662e-06;3.246168972589652e-05;2.4007033063383372e-06;1.2414032472653211e-06;1.0381280519271968e-05;8.404047381207307e-07
04:08:00;105;1.707393685990155e-05;1.7515600028431598e-05;4.824439043149729e-05;7.241621535960328e-06;1.5434149618959676e-05;1.7613008236852775e-05;1.1263092248919355e-05;1.0742836592989782e-05;1.1236093426832253e-05;1.0712376425591298e-05;7.795655307063498e-06;9.508609714714567e-06;6.226114139063942e-05;1.0836422084992137e-05;3.0242229587171014e-05;7.622646057537663e-06;1.641686145675625e-05;1.808095155957986e-05;1.2028346110484932e-05;1.1643489041132484e-05;1.2261966857513932e-05;1.0383352190141914e-05;8.394524148927672e-06;9.916869272228148e-06;6.0786639102233595e-05;1.1236871211587663e-05;3.141467595348412e-05;4.712337040211559e-06;2.3196010412509928e-05;0.0003249811881479676;0.00013185952321008814;3.315527578602449e-05;1.3740563594367458e-05;1.207287418402696e-06;2.4594061326684303e-05;3.8138040602410666e-06;3.2107707302784216e-06;1.1364179016109104e-05;3.0976844350828644e-06
04:10:22;106;1.0385057486608027e-05;1.0853761500296554e-05;4.3645278838455905e-05;7.974379350628169e-06;1.0792443638572216e-05;1.2340292898407121e-05;1.0763749831322787e-05;1.1646333573170606e-05;1.2966732600458188e-05;1.613424029110113e-05;9.882491154139023e-06;6.714847457380622e-06;1.2023666540466655e-05;8.044710329810103e-06;5.336798406509822e-06;8.565572097953158e-06;1.1630165122196673e-05;1.2939489737664765e-05;1.2227254518609098e-05;1.297400736411528e-05;1.3526822967142386e-05;1.5508963539864857e-05;1.0210225683076253e-05;6.93405797703028e-06;1.1827570452175067e-05;8.595273771512623e-06;5.305731669574891e-06;1.3295200070052904e-05;2.5916877586107375e-05;0.0002611567157715991;9.587756496407412e-05;5.0659317569498195e-05;2.33028803424812e-05;2.0017845271903892e-06;3.4142728674851265e-05;4.001181655029024e-06;2.6052457272315708e-06;9.43556856017361e-06;1.3482806131821688e-06
04:12:44;107;1.0828382945698484e-05;1.1508302191895716e-05;4.049740563023022e-05;5.725596762444369e-06;1.0893331546216443e-05;1.0230176083713228e-05;1.3841576072143818e-05;1.099033348530363e-05;1.026393163140359e-05;2.3972946568629926e-05;6.9972155804459195e-06;8.079227460135805e-06;8.117114496028224e-06;9.265084510187451e-06;1.1564057285408001e-05;6.0870739369282185e-06;1.2186607473498192e-05;1.0990169789405212e-05;1.5261607609605976e-05;1.2135069430803902e-05;1.0771220642502296e-05;2.4266674296961377e-05;7.792198515214952e-06;8.350023781991994e-06;8.108837817739577e-06;1.0092049734926668e-05;1.2058090300043556e-05;9.529621214394907e-06;1.3448554076376217e-05;0.00031229223381326626;4.270675283190411e-05;4.060988010840147e-05;2.2615562612236692e-05;8.39880101085232e-07;2.6264306498338135e-05;1.8336577184384554e-06;4.338713719055564e-06;1.049465216009386e-05;9.950527091717631e-07
04:15:06;108;9.923770625293441e-06;1.0419565057153577e-05;6.620202190096806e-05;7.32306452504035e-06;1.792308045429019e-05;1.0913863318377667e-05;9.936243510563516e-06;1.4117607842675541e-05;1.21450172856767e-05;5.394629028901673e-06;6.736354826518788e-06;7.614527961214373e-06;7.317875948845395e-06;1.1989976725084778e-05;7.673002571741769e-06;7.407376136177822e-06;1.835201722234517e-05;1.1825783784371208e-05;1.1347278353851731e-05;1.4802280123989522e-05;1.2362874880222356e-05;5.599921663976797e-06;7.474115139452403e-06;8.115096407672802e-06;7.498043596800166e-06;1.2094028580243422e-05;8.15596014853085e-06;5.663691195584859e-06;2.1058913966211538e-05;0.0005294377411888727;0.0001094924639678749;4.864318603180821e-05;3.698273794354256e-05;1.3134145798518892e-06;2.7504297282905717e-05;1.55085004636378e-06;1.474922497654633e-06;9.897318830088606e-06;1.4047252808574907e-06
04:17:27;109;7.923689614260224e-06;8.350695092695223e-06;4.653125240212836e-05;4.631074325800455e-06;9.232696500176148e-06;1.1989186447181055e-05;8.210982431028862e-06;7.914806547856559e-06;5.779880129417527e-06;7.913785391686837e-06;8.139005266113744e-06;6.192085026542187e-06;5.091495136449515e-06;1.1683323447445302e-05;8.3059514098109e-06;5.04382338660918e-06;1.0144273133685406e-05;1.1798407326117556e-05;9.427260269885779e-06;8.638689773243076e-06;5.97943358691656e-06;7.61179755868455e-06;8.345968514927509e-06;6.965002607494516e-06;5.319289691295678e-06;1.2240815798393186e-05;8.69357571198496e-06;1.117554186490004e-05;1.3146268393456854e-05;0.00037057315509778235;4.091252752581195e-05;4.859082139148227e-05;3.116077017815242e-05;1.3649938315752042e-06;2.5306062613511165e-05;2.004353732541154e-06;2.0165571315436756e-06;1.0717875111529702e-05;1.406101953253722e-06
04:19:49;110;1.0687029547863279e-05;1.1186930765412583e-05;6.018959720726006e-05;7.66749074801706e-06;1.2290585697304447e-05;1.9872996312968056e-05;1.3737704727325514e-05;9.166068223785054e-06;5.722500997507041e-06;1.1327577617237239e-05;1.0245388660285409e-05;9.063543535732647e-06;4.438947988334845e-06;6.53504768102018e-06;1.8176498652877626e-05;7.591670199169901e-06;1.3234748414244585e-05;2.0097437277112063e-05;1.4995128574672073e-05;1.02886449411339e-05;6.179212962856179e-06;1.0862089167651131e-05;1.0620432735604596e-05;9.575833821974258e-06;4.6819523107197834e-06;7.105862723504668e-06;1.901015253633311e-05;8.655424626978874e-06;1.9995189744898654e-05;0.0005090774122047334;4.781359721786927e-05;4.7305405163023454e-05;2.764952231672386e-05;5.11395125254423e-06;4.292318252315688e-05;2.053409488694821e-06;1.4231032915515673e-06;8.773880119104538e-06;1.4910885378412844e-06
04:22:11;111;1.324577529777054e-05;1.3653077582568607e-05;2.047678751885278e-05;2.2869035698198044e-05;2.7843800417961326e-05;1.193008650866225e-05;1.164063745242381e-05;9.05110507625812e-06;5.891451406563936e-06;1.0481717620404073e-05;1.0681852246689646e-05;1.528589905707246e-05;1.029977472716775e-05;1.2312725198042203e-05;1.066121452776191e-05;2.254213285584539e-05;2.915377800617753e-05;1.2339688602210866e-05;1.2639947030199633e-05;9.554418232290096e-06;6.31645401236837e-06;1.0500407013382698e-05;1.1060530958942924e-05;1.6116121917582837e-05;1.049216474642936e-05;1.251234252892193e-05;1.0608941494543224e-05;6.057242377654074e-06;2.465058859632067e-05;4.8961104129515734e-05;4.099480019640493e-05;4.93674024134739e-05;2.975499572644431e-05;2.0330039018012164e-06;2.9252912784991672e-05;2.570512964937749e-06;7.778389526688236e-07;9.740896089872414e-06;1.560152092147823e-06
04:24:32;112;1.0555239048864513e-05;1.1049110727543837e-05;2.5576828600390453e-05;1.8632872780699472e-05;1.0689381457237603e-05;7.242981166267658e-06;1.4962884236524587e-05;7.703266536005707e-06;6.394694238374334e-06;1.1685496040379142e-05;8.909999086173768e-06;7.9520927081169e-06;4.6660998323359726e-06;9.196097605917492e-06;1.8626999730289835e-05;1.892086959431461e-05;1.1428731242999732e-05;8.279651226501624e-06;1.5791880275484594e-05;8.486605208959133e-06;6.634734975854878e-06;1.1816603759304794e-05;9.503750363042463e-06;8.505866833131015e-06;4.824410123984319e-06;9.74983983919801e-06;1.864638144542357e-05;6.590837024851779e-06;1.6203958160977654e-05;0.00011923869949298628;6.327801412976409e-05;4.307736899349224e-05;2.540872599140345e-05;1.841509192957952e-06;1.7242989715742357e-05;2.3272364168136936e-06;7.159704275949012e-07;8.22640743305405e-06;2.770226225047006e-06
04:26:54;113;8.839920011832254e-06;9.262435095122414e-06;2.8692246793081555e-05;7.354160611715667e-06;1.2926852256420965e-05;8.779992010038933e-06;1.1848613553411269e-05;1.3134814788625961e-05;4.765451023044679e-06;1.1528901151404046e-05;7.97663298225292e-06;9.314429214348571e-06;5.189269031611523e-06;7.880957734326701e-06;5.378962138409675e-06;7.409930765765861e-06;1.3686892296253155e-05;9.57315133067063e-06;1.2809640125690553e-05;1.3865102446979557e-05;5.046012580650416e-06;1.1230634570409488e-05;8.536653706558561e-06;9.507263292084357e-06;5.048229330078598e-06;8.63150867362377e-06;5.804197837877135e-06;9.823553461808416e-06;2.5189861684120662e-05;0.00011312431384088316;8.205016046128539e-05;4.5979506393400474e-05;1.865208359247896e-05;8.543658699929421e-07;3.267156329318136e-05;1.7221489052651372e-06;9.520192695569746e-07;1.141457376419073e-05;1.8728109808144932e-06
04:29:16;114;7.943144778850678e-06;8.466561983460693e-06;2.7395788475205473e-05;1.04924693631729e-05;9.02297868970498e-06;9.509782070825747e-06;8.845157213696355e-06;8.691121087619793e-06;8.879946570061747e-06;4.175542355352749e-06;9.247318449080343e-06;8.130574536706222e-06;7.030536478486676e-06;6.551493734912645e-06;4.740813865437716e-06;1.0671398142014507e-05;9.454862628203206e-06;1.0368650001061113e-05;9.905297137944977e-06;9.62709026093244e-06;9.157771394631156e-06;4.165891921361378e-06;9.876173649738835e-06;8.280940576270627e-06;7.4955099920817364e-06;7.0191056209618575e-06;5.576049661497944e-06;1.3864620454504551e-05;2.1942605626913312e-05;0.0001525761837339622;3.59521353252205e-05;4.7039015705592976e-05;1.5928181011485454e-05;1.063463740368128e-06;2.4402184691739287e-05;1.5348933378942307e-06;2.3420710929948124e-06;1.0654667953492627e-05;1.449439028297641e-06
04:31:38;115;1.349702572058091e-05;1.4000798555686362e-05;4.31940965085504e-05;4.86796688809415e-06;1.8548009313173512e-05;1.3391696376950016e-05;2.3457431802078396e-05;7.852194182786123e-06;5.9166185347433755e-06;7.0617760744472555e-06;2.8504574686394335e-05;9.753159722756457e-06;1.0071680720939598e-05;1.451320353011583e-05;1.8025993019870672e-05;5.2714528286558075e-06;1.9479744993607055e-05;1.3966634331246738e-05;2.4635575812945844e-05;9.081484878623985e-06;6.2176535105013325e-06;7.003475465226765e-06;2.9347570224545742e-05;1.0315941312047137e-05;1.006925296241195e-05;1.4539186585225942e-05;1.8081605958286673e-05;9.72846970101343e-06;1.7058817460650537e-05;0.00027235621799643624;8.949574698424378e-05;3.584797692527087e-05;1.5886779419056057e-05;2.1885732837642967e-06;6.270918530474641e-05;1.9484614876158038e-06;5.552084258181162e-07;8.373690894348831e-06;2.180030219640352e-06
04:33:59;116;9.241278709220586e-06;9.73749187715275e-06;3.546718971776286e-05;6.1680026765290306e-06;1.0962060739865882e-05;9.703416707716109e-06;7.159240476410518e-06;6.7549682666817095e-06;7.197644853947209e-06;1.58473849716436e-05;1.11109468144057e-05;9.935691132056945e-06;5.530545165429017e-06;8.763313829909045e-06;1.1762125341425127e-05;6.413868709099501e-06;1.20096424440437e-05;1.0503825550689657e-05;8.26602670229799e-06;7.86721493050554e-06;7.881265624930649e-06;1.5687331027418368e-05;1.120707297616983e-05;9.81166764591486e-06;5.697828713937845e-06;9.123388931757176e-06;1.2380765636845365e-05;6.301693344687454e-06;2.538654307606956e-05;0.000221041713352545;7.110396584497629e-05;3.588078292265256e-05;2.5349819680728726e-05;8.908987243022865e-07;2.6625306936778572e-05;2.151551001060338e-06;1.7489794158072216e-06;8.023545379016161e-06;1.1014769345301934e-06
04:36:21;117;1.016704492749134e-05;1.0517975722536846e-05;7.737031296152047e-05;4.559454342644255e-06;1.060096871699753e-05;9.922416819175727e-06;2.5601306953665865e-05;6.613498484207205e-06;9.230559058437393e-06;1.9501196855483986e-05;5.701856220306147e-06;1.072096852151493e-05;7.652641350830436e-06;7.173478730945507e-06;4.726189345499227e-06;4.7325713090179345e-06;1.186884625745227e-05;1.007193388800318e-05;2.6699928248144944e-05;7.334121279729769e-06;9.511898100109774e-06;1.8480736660513927e-05;6.158242858643312e-06;1.0945845052804003e-05;7.88107712927556e-06;7.623855368894764e-06;4.906649202226456e-06;8.087088135926082e-06;1.1436029385062836e-05;0.0004582890256435537;0.00034571480263016156;2.938155319693381e-05;3.5916826875174213e-05;5.983465299399347e-07;2.1711576281165517e-05;1.908159951266596e-06;8.307241428813205e-07;1.0733368240776793e-05;3.836254525403223e-06
04:38:43;118;1.0068731538384865e-05;1.0596785268947464e-05;6.822903603542898e-05;7.280540556047816e-06;1.0367157720736486e-05;1.5419037084866844e-05;3.448650914802701e-05;5.211278931938068e-06;6.684811830707944e-06;5.39968447651776e-06;8.151568362212526e-06;6.452091974877434e-06;5.894541885709259e-06;6.623879816849219e-06;8.853672884612251e-06;7.320482454009765e-06;1.1125716389846897e-05;1.599909032099472e-05;3.5851039925385324e-05;6.295424504624183e-06;7.106681527769565e-06;5.477661598209274e-06;9.092002183254557e-06;7.12494265020654e-06;6.126414590757053e-06;6.928538812045892e-06;8.713425784985184e-06;5.015337717455904e-06;1.6837803674346976e-05;0.00037247052587261544;0.00032171683160897547;3.3803054131608025e-05;2.6081075648140695e-05;1.201877510351508e-06;2.3810953291423116e-05;3.860388774448894e-06;2.284464638214298e-06;9.280188761890519e-06;2.3859307956769287e-06
04:41:04;119;9.241263413819276e-06;9.722976675577598e-06;5.30130662487869e-05;7.960026172911098e-06;1.0493100828315702e-05;9.28268237872358e-06;1.0349100668479009e-05;8.583891950696522e-06;5.7449905229005216e-06;6.073478115098396e-06;1.0325556321400985e-05;1.9799557209280877e-05;4.083395320461395e-06;9.616142390649946e-06;8.583235667587855e-06;8.308150024242445e-06;1.1471284479635938e-05;9.92977728729565e-06;1.1459224096361601e-05;9.7560754212178e-06;5.959576859638645e-06;5.6752349055271605e-06;1.0611917338182242e-05;2.0239232186743065e-05;4.237955633321183e-06;1.027069050261288e-05;8.756597587388213e-06;1.3589875991001696e-05;2.14579099335691e-05;0.00038773611052275925;0.00010823987754475337;3.963577681814299e-05;1.2457847304388957e-05;9.044772924016729e-07;3.6771597011384486e-05;2.3826590879371467e-06;1.0300231440748068e-06;1.0580642303974632e-05;1.3699980310545152e-06
04:43:26;120;8.994150284991065e-06;9.485515264817809e-06;2.6241384733534966e-05;4.141298766701208e-06;1.8742592964506663e-05;1.731307032896852e-05;7.423056122749213e-06;8.396078972920536e-06;8.07081444908032e-06;5.09265868296118e-06;6.4915071052692754e-06;7.0162031271727505e-06;8.14559337669607e-06;1.129510348621662e-05;5.801822709049599e-06;4.279040064795504e-06;1.955348788318519e-05;1.782295256114456e-05;8.187640727141392e-06;9.135659327719484e-06;8.437720018402523e-06;5.175970808165944e-06;7.249717845861827e-06;7.6250141745144385e-06;8.51269075460953e-06;1.1499511396023887e-05;6.3467739466109895e-06;7.563055784660442e-06;2.232456938058752e-05;8.515122378182152e-05;9.148273350047369e-05;4.812578002794819e-05;1.9449715245637128e-05;4.80494850252206e-06;2.246124749533101e-05;1.8310189233514453e-06;1.4865948492680145e-06;8.948108612199683e-06;1.267620698618891e-06
04:45:48;121;8.311260402975181e-06;8.763587457112028e-06;4.293615069937105e-05;8.736514821159538e-06;1.2008677374033347e-05;8.17343729925762e-06;1.121070397338351e-05;8.119590303062358e-06;7.996087354911197e-06;4.6555964032599855e-06;5.745158825282653e-06;1.1880386211451174e-05;5.164448444490559e-06;6.3244094124958e-06;9.720110924795542e-06;8.943693927316808e-06;1.2484852619838673e-05;8.897845338099074e-06;1.218819763863981e-05;9.293250082297578e-06;8.43729767323946e-06;4.546107925595111e-06;6.371501233877984e-06;1.2191692619552082e-05;5.14413820866726e-06;6.6682992791690676e-06;9.996169945777723e-06;1.1625718915291001e-05;1.9298458438859974e-05;0.0002935020239053162;8.440831866224179e-05;5.215418194757086e-05;1.5544756936218544e-05;1.2599175449787056e-06;2.241383414341259e-05;2.494597802118976e-06;5.064681387702322e-07;9.864188468386341e-06;2.161343489287233e-06
04:48:10;122;1.0457547265797405e-05;1.0902748703923447e-05;2.9222565767101607e-05;8.544515246132857e-06;1.2006582428563723e-05;8.417362204097985e-06;9.002672889189192e-06;9.581092167239417e-06;8.07889178973524e-06;5.983454370033831e-06;1.1081247160921686e-05;1.5860794359344833e-05;5.3250609203752735e-06;8.916164824639013e-06;2.2692725384455446e-05;8.583407565357113e-06;1.2671714407991238e-05;9.012085085280116e-06;1.0015595163870014e-05;1.0903371817163777e-05;8.652950028486953e-06;5.98890217795859e-06;1.1531988887707232e-05;1.6164931113525186e-05;5.399146624468709e-06;9.002426096127306e-06;2.2906461743309302e-05;6.830298349711428e-06;1.6304246482683424e-05;0.00018457616402894282;4.887446360440407e-05;3.557968801764967e-05;1.736700700708976e-05;1.203974713283286e-06;2.5933688006393218e-05;2.3308754276595616e-06;7.105179407413014e-07;8.826515496274634e-06;2.1333501303861152e-06
04:50:32;123;8.791255425612896e-06;9.285191792307298e-06;3.5578489978029406e-05;7.842857898313325e-06;1.1993621479885777e-05;1.7795214198847795e-05;1.0397299291107423e-05;9.471566453488446e-06;5.463881696825141e-06;8.335300264793556e-06;8.507974223319211e-06;5.3644204071965555e-06;3.5160825037779246e-06;8.910955499950226e-06;7.895887554938822e-06;8.060068800740381e-06;1.2760210596798636e-05;1.8903075860053613e-05;1.1257333846538419e-05;1.0247892740015324e-05;5.7429749602628755e-06;8.565543486285974e-06;8.657262219170246e-06;5.919543176603355e-06;3.7324535506867723e-06;9.290924740353263e-06;8.285013969909898e-06;6.857907406057928e-06;1.3752737260199564e-05;0.00022793030229987992;6.0508711595920884e-05;4.8189445865114356e-05;3.390517951343446e-05;6.492832811553714e-07;2.1064551430620306e-05;2.5048609184454375e-06;7.368841514067327e-07;9.321043142493787e-06;1.5209728716241086e-06
04:52:54;124;1.0874753398065257e-05;1.1401555144126362e-05;3.517924417672439e-05;1.2372414786909758e-05;1.522746743308868e-05;1.0813326140118368e-05;7.796903591771422e-06;1.0715107774475738e-05;1.4240648365092635e-05;7.402905665284979e-06;5.8081527059398885e-06;1.2369032177807846e-05;1.1164558740455794e-05;1.455642643383664e-05;8.030093267502087e-06;1.3026073662055026e-05;1.583985387604784e-05;1.1404739659236483e-05;8.878418105303331e-06;1.1636625654491467e-05;1.4730295437333599e-05;7.444132293878997e-06;6.413580051023157e-06;1.286533945202319e-05;1.0896789665855954e-05;1.553822589294559e-05;8.14458304905455e-06;5.382341896089622e-06;1.45035011678493e-05;0.0002082290391144251;5.2490777225982616e-05;4.552135688551117e-05;4.874338308388583e-05;5.536611361571855e-07;3.08455609181113e-05;1.7786826886197803e-06;6.448915439582916e-07;1.0646865234599053e-05;2.8108692255033406e-06
04:55:15;125;9.265691736133745e-06;9.853859398701182e-06;2.7936973548500142e-05;7.4626449698588324e-06;1.0855763737150813e-05;8.799731758622123e-06;1.626005636332841e-05;1.1432361557953383e-05;6.5965627452545626e-06;1.0854769120075245e-05;1.0863472440483044e-05;9.873130924053054e-06;4.084539409244702e-06;7.020761251071277e-06;7.084503238920868e-06;7.795338695336508e-06;1.171772124461647e-05;9.213075931187678e-06;1.7604406752116695e-05;1.227081324768848e-05;7.280389176046327e-06;1.0338776208507486e-05;1.1734479467352834e-05;1.0598292255617938e-05;4.379494589269184e-06;7.675310388537892e-06;7.63821084478014e-06;5.183711422997144e-06;2.1943684693877238e-05;0.00014686423928314985;4.449458506659357e-05;4.7171498615102345e-05;1.8399170445266355e-05;1.142001897268824e-06;3.507652302470269e-05;2.0456406754937937e-06;3.8846381991890254e-07;1.0988860824825559e-05;1.5453028128055257e-06
04:57:37;126;9.363830731569e-06;9.884365762088777e-06;2.3326525403845037e-05;4.09811757119304e-06;8.724127113168834e-06;8.58071917067801e-06;8.955177223283913e-06;1.5254985662884543e-05;3.849819290993847e-06;1.7438763928820126e-05;7.873180331201143e-06;1.1234193932290799e-05;1.073814969872315e-05;9.297661290733314e-06;6.321070244361883e-06;4.583321749089032e-06;9.565645259384308e-06;9.512711769759012e-06;1.013345016975949e-05;1.6142652747234186e-05;4.330490102364809e-06;1.6806851564541817e-05;8.23873262814669e-06;1.166065769350006e-05;1.1116171427153248e-05;9.721780413742578e-06;6.7999202241757115e-06;7.70794111026812e-06;2.204077909694782e-05;8.829763220747571e-05;8.56914946536567e-05;2.6645743820145695e-05;1.0677884822887619e-05;7.810795252659149e-07;2.5460128693702844e-05;2.018920717404484e-06;5.659441671422218e-07;9.180202151710368e-06;8.505538795330051e-07
04:59:59;127;6.336293192274215e-06;6.856603318692002e-06;2.634812934554743e-05;5.7488424906957585e-06;1.0947670051305893e-05;6.465450002611885e-06;7.745192012914066e-06;5.892207809342732e-06;4.661645350461702e-06;4.035376273621565e-06;5.319431278006835e-06;4.693517600109296e-06;5.0985280521134966e-06;7.233680220960795e-06;8.193975245066296e-06;5.806566061345379e-06;1.1800757477695824e-05;7.165238233178167e-06;8.723261164303477e-06;6.8214906524547044e-06;5.206182247749456e-06;4.146277688108322e-06;5.637454233704064e-06;5.0894813474643125e-06;5.477113509647397e-06;7.89011060481278e-06;8.515304907172023e-06;8.3560515352094e-06;1.6465286294820336e-05;0.00015415522968258315;4.822951130803657e-05;3.724242030727698e-05;1.709952357022772e-05;4.071544847474763e-07;1.9676325039923846e-05;1.7995209165208394e-06;6.827065698181205e-07;1.0184857622612846e-05;1.8789648147918932e-06
05:02:20;128;9.611418196765374e-06;1.0174329769211862e-05;4.3917233437932667e-05;1.4184328884619452e-05;8.372729423394338e-06;8.104519446176669e-06;2.8599721192987008e-05;5.8417730247516495e-06;6.032424843286063e-06;1.1285599603121971e-05;6.53565139042588e-06;6.150757450029687e-06;4.776359390748749e-06;6.69504242041667e-06;8.758107564429709e-06;1.4812197444175408e-05;9.088900806321512e-06;8.438205774917704e-06;3.0469602947211767e-05;6.78018831641117e-06;6.352888522663226e-06;1.1389719233354494e-05;7.10619332770691e-06;6.49462797902075e-06;4.9054216002401475e-06;7.19385749291661e-06;9.060149977813126e-06;1.1148618898778611e-05;1.801244695238141e-05;0.00022191605825577445;0.00013238139241242544;5.7449543934847316e-05;2.7753825358404038e-05;1.2967264912062617e-06;4.229325110199266e-05;1.4934945229490388e-06;2.1947709752353583e-06;9.887737286173874e-06;1.1789350650233337e-06
05:04:42;129;9.284299862728899e-06;9.812002103956995e-06;5.177076683468828e-05;4.9395212907396315e-06;1.0723674091262968e-05;7.761908270060241e-06;1.0118063536104025e-05;1.179424231103419e-05;7.09879638255922e-06;4.645534639797171e-06;1.2511196891425284e-05;6.975728317244871e-06;5.116838418992777e-06;1.6711067392417466e-05;1.3015023252581738e-05;5.106868825408393e-06;1.1118225169803172e-05;8.319336457940222e-06;1.1069575112408448e-05;1.3112850266927264e-05;7.668616231230657e-06;4.514884051475954e-06;1.3244751388108714e-05;7.426650818506229e-06;5.3339631938774515e-06;1.772174166518785e-05;1.3106558739470725e-05;1.3317450702824777e-05;1.747837965904146e-05;0.0004347490358303661;3.4659621945719895e-05;4.656559826464068e-05;2.3919362582304976e-05;1.2088759144733032e-06;3.3020471762247274e-05;2.02377630834074e-06;2.4797974409541517e-06;1.0353121941545458e-05;1.4737096638007015e-06
05:07:04;130;6.923326888594064e-06;7.382204750706766e-06;2.781675098407181e-05;7.161543064429762e-06;9.420150899653766e-06;6.528666927478484e-06;7.933119155852223e-06;7.340743911883734e-06;6.56103034528273e-06;5.544142488131146e-06;8.695532905278469e-06;5.533876644844585e-06;3.630452539159602e-06;8.800020990210298e-06;5.930640598253686e-06;7.4148278047146106e-06;1.0340443755530596e-05;7.208646763236958e-06;8.741482332292826e-06;8.314879102116823e-06;6.981113517523929e-06;5.304787697540736e-06;9.296231699501064e-06;6.042755448785861e-06;3.767539478931097e-06;8.79441680048837e-06;6.379330541308206e-06;9.35099066762387e-06;1.3088889574581853e-05;0.00017667022146686232;3.6215525775025864e-05;3.103680310316218e-05;2.0772737904608548e-05;1.1151219810601952e-06;3.2401508264389354e-05;2.0880721479670468e-06;1.8306333730139883e-06;8.296642120391255e-06;9.338654301753547e-07
05:09:25;131;7.803281449205521e-06;8.210851855080904e-06;6.96069844065409e-05;4.147433963132905e-06;1.3433544140830442e-05;8.128677605286198e-06;1.159145865676175e-05;7.553389278249576e-06;5.635240604817682e-06;4.861243476125568e-06;6.285114258859763e-06;9.842191414835808e-06;3.869351317414333e-06;6.814107318963249e-06;1.1477622025650321e-05;4.4047555686028074e-06;1.3915773965718586e-05;9.014350555994095e-06;1.2308335199928547e-05;8.29221229524373e-06;5.83468211148044e-06;5.038991878768396e-06;6.9020243360302885e-06;1.0452156391094625e-05;3.828503639840475e-06;7.029339145976591e-06;1.1509092750018197e-05;8.942230861265257e-06;2.2811851687067963e-05;0.0005129418703936766;0.00019110666921470754;3.3728392694460845e-05;1.1647694704817614e-05;9.76689510818459e-07;4.006587352569786e-05;1.5769304061685283e-06;1.0253968228829383e-06;9.320119732688064e-06;1.1400933242391774e-06
05:11:47;132;9.463766521636527e-06;9.949088651617647e-06;4.86081025401747e-05;1.786871832171693e-05;1.5039564718609778e-05;8.590034550660551e-06;6.169384262283922e-06;1.0423990263125853e-05;1.1988476007151018e-05;5.008026761449907e-06;6.716893577421698e-06;5.857845978144124e-06;7.194653895678274e-06;9.504551054559132e-06;9.203055051769256e-06;1.8246567493936054e-05;1.5652319683495884e-05;9.279516441754914e-06;7.08109692374209e-06;1.1056175857954223e-05;1.26196410643457e-05;4.987509115219641e-06;7.722301775117292e-06;6.2430567192643164e-06;6.895270494572321e-06;1.0111351468966156e-05;9.494253885626492e-06;5.716036118439932e-06;1.3040466266337638e-05;0.0004040714443477737;5.0362617712216044e-05;3.689609708019766e-05;2.5407216883145777e-05;2.153179762963171e-06;3.0257818417991806e-05;1.91011030641359e-06;1.3392891981149396e-06;1.1154433155814545e-05;9.885212326875338e-07
05:14:09;133;6.943358490668123e-06;7.497484389953374e-06;4.217229795166737e-05;4.200393168154258e-06;8.9058159008201e-06;5.44722262254347e-06;1.2159796457017984e-05;1.3887189068513676e-05;3.96027284081542e-06;4.106923428731141e-06;5.967734898410464e-06;7.494998955208261e-06;3.6750458362953187e-06;8.172443193449846e-06;5.342463323772377e-06;4.427208356406205e-06;9.838802696644443e-06;6.257576733102574e-06;1.3453731851400277e-05;1.512551766666812e-05;4.39533528727144e-06;4.097980648491758e-06;6.413732043129821e-06;7.98994043882114e-06;3.880282600773712e-06;8.570675577808472e-06;5.519025115040389e-06;5.692012415146893e-06;1.0753993146973782e-05;0.0003141415932235923;9.362327072593755e-05;3.929374982438115e-05;1.1806668330898289e-05;6.827994150135229e-07;1.558576562130329e-05;1.850379880331056e-06;4.3918229909452027e-07;1.0974946357617517e-05;1.2232141797186177e-06
05:16:31;134;9.148089784038017e-06;9.487370242581325e-06;2.878533005297057e-05;8.401415110755165e-06;8.607412917042852e-06;1.0819120756945143e-05;8.160242742214699e-06;7.06850657876275e-06;4.271858232646702e-06;4.45250916120637e-06;1.1162936344662326e-05;5.3734428746565754e-06;1.2770384633724193e-05;1.3954460121241977e-05;1.4734784372194554e-05;8.874950872613905e-06;9.43227392850485e-06;1.1235459923331223e-05;8.768016840217051e-06;7.850747881346688e-06;4.556216374941316e-06;4.4821478143062505e-06;1.1374781456364457e-05;5.846595792683752e-06;1.2062889225812278e-05;1.4242541015570353e-05;1.5121818043691654e-05;5.242124418564641e-06;1.801554016192683e-05;0.0001477532764650434;8.95459270468139e-05;3.087660041709469e-05;1.546449037749681e-05;1.0375687039448965e-06;2.3301378310634548e-05;2.281503414404777e-06;7.28617805356646e-07;9.998722057023286e-06;1.1782114573423834e-06
05:18:52;135;5.5368531500283264e-06;5.958845605751385e-06;1.9697565441275055e-05;4.4873220362133415e-06;6.750779685401912e-06;7.722715268569532e-06;7.856193297522458e-06;6.257031418887106e-06;3.5214251224082527e-06;3.569900555853358e-06;4.619087242151533e-06;5.454442064234399e-06;4.07749467321785e-06;8.252002812786879e-06;3.87384165537438e-06;4.612996464477218e-06;7.426336329053466e-06;8.672778077900286e-06;8.842448591443642e-06;6.752319742374795e-06;3.817627234466387e-06;3.4967018417417054e-06;5.152556379379106e-06;5.726244600875269e-06;4.152594967792216e-06;8.778514130207889e-06;4.075026723351389e-06;7.321309913286481e-06;1.4044348900014324e-05;9.60928384791767e-05;3.724973893493227e-05;3.617854543370567e-05;8.826489232897104e-06;1.0931320438145607e-06;2.2835032168581435e-05;1.672944141053987e-06;6.597821118396368e-07;8.788442065944681e-06;1.6081818700537927e-06
05:21:14;136;7.352701988271416e-06;7.839862133504873e-06;3.300788427708531e-05;4.2300472968422165e-06;8.514250486061057e-06;8.415438574357639e-06;6.753742854667425e-06;5.551980434665376e-06;5.602566065864391e-06;1.0054459821808656e-05;6.401849437635705e-06;4.977806984546811e-06;4.2728444029840125e-06;1.3273072141182432e-05;1.018436280989218e-05;4.438176790555892e-06;9.402143940503806e-06;9.570022680409124e-06;7.507213456248584e-06;6.082330176618195e-06;5.9101289652856774e-06;9.832871121863165e-06;7.078322464103966e-06;5.530194864115424e-06;4.297502712262618e-06;1.434328049394417e-05;1.0086155032096733e-05;5.4259595391614785e-06;9.879974662114846e-06;0.00021965588267986585;7.069125871184137e-05;3.614661877644418e-05;1.023163220401614e-05;6.095967639728552e-07;3.177311050596228e-05;1.68127560946327e-06;8.429900852223137e-07;7.752493462753164e-06;1.4038183242060617e-06
05:23:36;137;7.525071124932352e-06;7.919660461832595e-06;2.522143339648922e-05;3.4694712631733182e-06;8.868062812568537e-06;9.115207972017329e-06;9.64879025518299e-06;5.775639217957136e-06;9.845978970640152e-06;3.962480825559954e-06;1.4422330953581506e-05;7.870365645988965e-06;3.4704332262885433e-06;8.415179250805108e-06;5.436910523893733e-06;3.8078536763235586e-06;9.41704763446771e-06;9.669080658499343e-06;1.0405824376661418e-05;6.6893583656380965e-06;1.0199281267069878e-05;3.907287920430716e-06;1.4983264377463722e-05;8.269937874893348e-06;3.657215846125169e-06;8.360732454669151e-06;5.669038319531784e-06;7.284833486546266e-06;1.1044227634111286e-05;0.00011919970581784301;5.8280897515604586e-05;3.199631590240627e-05;2.9029950072914437e-05;3.838458642456847e-07;3.2741849502208294e-05;1.7590932961771807e-06;5.577635637316237e-07;8.35942214251483e-06;2.019295959567251e-06
05:25:58;138;7.792887748275296e-06;8.207576822222776e-06;5.482925911524878e-05;3.885093152401385e-06;6.811533581376559e-06;7.338770835474406e-06;2.0248351825619633e-05;6.084553440643958e-06;6.093969466421227e-06;6.705280958514819e-06;5.254054412711701e-06;7.84599586238373e-06;1.0541407457315637e-05;6.604064659334406e-06;6.101574475407419e-06;4.131628956305507e-06;7.821580150252711e-06;8.143687979629502e-06;2.1376337400984603e-05;6.867451783007341e-06;6.183728860205635e-06;6.793440624151808e-06;5.931746344789575e-06;7.900452330915546e-06;1.0062511338691354e-05;6.981895916097425e-06;6.296456903431976e-06;8.60836797368321e-06;1.582974691743083e-05;0.0004498148709095546;8.748091339927852e-05;3.5094658035224725e-05;1.9627402490820082e-05;1.2863452703534929e-06;2.712689505459195e-05;1.971301378942757e-06;1.599486091211783e-06;8.366003786763603e-06;1.1451180751299627e-06
05:28:19;139;7.288018550029434e-06;7.624408025077184e-06;2.8127751008381487e-05;8.75466871328647e-06;9.485866237794612e-06;6.878903748034046e-06;5.601505996498769e-06;8.925976636285007e-06;5.5237565700462134e-06;1.1048092432988907e-05;5.55548751922753e-06;5.393637355410874e-06;3.673686367474974e-06;1.031370921241019e-05;6.3009294105530565e-06;8.75849785568536e-06;9.879084527825928e-06;7.4155565258318155e-06;6.480975444682821e-06;9.781970986088847e-06;6.1232984086317735e-06;9.915855571307475e-06;6.421610287706923e-06;5.7868267682536075e-06;3.817231256015233e-06;1.0749941666981152e-05;6.36204471090964e-06;9.084722812506381e-06;2.3240010713146188e-05;0.00016412813953001882;4.8498994980405774e-05;3.669179938341302e-05;1.1534010541040061e-05;1.1936576563264247e-06;2.8110223478287667e-05;2.140289042462143e-06;1.020943713877625e-06;9.206571246141989e-06;2.6836490029518195e-06
05:30:41;140;9.465745050492428e-06;1.0067140660967083e-05;2.8666394111484715e-05;4.319481179364133e-06;1.0536561868496557e-05;6.3671322385e-06;9.686026953917546e-06;9.412112120153118e-06;7.330084611047803e-06;6.537158108570069e-06;5.498904747466585e-06;1.341964443923871e-05;8.410454126109554e-06;1.316570798854338e-05;1.890566847412794e-05;4.524709788999149e-06;1.1210202147376088e-05;6.909194469906513e-06;1.0784272680085231e-05;9.899832384344566e-06;8.304192081745494e-06;6.847428258430527e-06;6.310734384390378e-06;1.3256009602812384e-05;8.530475658713104e-06;1.410960549382932e-05;2.0119027219233074e-05;4.713008806174589e-06;1.3277703096473974e-05;0.0001708902599179158;4.8603413149720295e-05;3.93655676119151e-05;3.048985614115721e-05;1.3786663368413685e-06;2.3267244532178455e-05;2.739728235382089e-06;6.394100046676853e-07;7.334246345625231e-06;1.2976251597649004e-06
05:33:03;141;6.3430654603538725e-06;6.913335531678484e-06;3.1002369597656495e-05;5.463378492074546e-06;8.36638381232743e-06;8.599196006416191e-06;7.51092280960496e-06;5.641624509293437e-06;5.284347885976941e-06;5.849172057249451e-06;5.7175434116500545e-06;7.596272571933324e-06;4.207131527358208e-06;7.878693364786345e-06;4.0021174338988885e-06;5.679530788625073e-06;9.48882154284835e-06;9.499431212997813e-06;8.68622595866143e-06;6.5687818709815056e-06;5.7837596815733364e-06;5.373528890082019e-06;6.3808967516257625e-06;8.4607411482938e-06;4.5732033442296204e-06;8.000142856814553e-06;4.464959815029229e-06;5.925182293249211e-06;1.0751620914177888e-05;0.0002090425662455066;3.475279093737549e-05;5.152060179505953e-05;1.7743672404260085e-05;1.2211121847723215e-06;2.657980669756174e-05;1.7253757752883064e-06;8.20406825320169e-07;1.0414632242879861e-05;1.530666856426682e-06
05:35:24;142;1.0523747374949464e-05;1.1097637738364224e-05;2.1266091805924797e-05;9.371167628234968e-06;1.9707755224761637e-05;1.069412236373327e-05;5.6207570318504585e-06;1.579379963991621e-05;1.5973451942970357e-05;2.0509576639359363e-05;6.046583216991828e-06;6.818996348750323e-06;5.511110695718716e-06;6.6984981236957575e-06;3.5391459479424983e-06;9.361795860116483e-06;2.094577381354565e-05;1.1450274680008746e-05;6.727535054767342e-06;1.6994298100224667e-05;1.7309996144808503e-05;1.9671776476283e-05;6.7041032419678505e-06;7.432390478392842e-06;5.586616547980502e-06;7.1395963827911415e-06;3.847491963732622e-06;7.635039079382046e-06;3.6663720752274634e-05;7.560729034915364e-05;5.382907078534719e-05;3.401129494443471e-05;9.740021072070131e-06;1.5680499849289994e-06;2.1272880357556876e-05;1.8380211468326614e-06;1.3316516401851555e-06;1.0219385450027824e-05;1.4766761089037176e-06
05:37:46;143;9.483196821106917e-06;9.897347267781963e-06;2.6909312147562053e-05;6.391838746046894e-06;8.257093512042957e-06;6.587550385910907e-06;1.2440635564623584e-05;7.931737082406636e-06;6.880061214399223e-06;7.848318043941886e-06;1.5718637797590418e-05;8.716659945274717e-06;1.691474129795655e-05;8.32432070878171e-06;7.786764189241715e-06;6.696187552687995e-06;8.915018618528294e-06;7.557806545460325e-06;1.3264540582526876e-05;8.423176334676836e-06;7.186638574435337e-06;7.625290171618653e-06;1.638887753662995e-05;9.075424926938663e-06;1.7331474794710757e-05;8.537198568716765e-06;7.766530663640786e-06;7.056300565414928e-06;2.3012543020130217e-05;0.00014057305664121118;7.310309694217607e-05;2.8432369733469767e-05;1.421269431032504e-05;7.272829911597333e-07;2.0857477174693236e-05;1.8458353545885612e-06;6.348197971620422e-07;1.009855251274607e-05;2.357716727667736e-06
05:40:08;144;7.480878635910606e-06;7.918888139654513e-06;2.514277418473363e-05;9.910455542115994e-06;7.081277006387216e-06;8.927550741656308e-06;9.72568590123563e-06;5.350068060168538e-06;4.167514516756848e-06;1.2711769714583584e-05;6.222997160162694e-06;7.00907916304707e-06;4.6868120133971365e-06;8.854005815547597e-06;5.123325607314655e-06;9.942487619660317e-06;7.885999731932983e-06;9.669212552499986e-06;1.1187532304057076e-05;6.1051137456299236e-06;4.480509258865834e-06;1.1753457052875575e-05;7.0502937686324925e-06;7.715834358292985e-06;4.83579235519813e-06;9.294684643257053e-06;5.105736213811758e-06;6.395761704757033e-06;1.540142488497523e-05;0.00011993513621009775;5.899319503684546e-05;3.73467963621887e-05;1.0149440686484572e-05;1.6350756988325442e-06;3.5668305547488716e-05;2.3472516577980755e-06;1.2555608041546161e-06;8.454504118748576e-06;4.130837504432277e-06
05:42:29;145;9.663588355382755e-06;1.0346785552716443e-05;2.8749656265706253e-05;8.911071601341353e-06;7.287677531502885e-06;1.0175486624771937e-05;1.8622318564935497e-05;1.466122859868206e-05;5.452004915246727e-06;3.474721812421225e-06;1.3261417679705739e-05;6.2424898872719e-06;3.859630825851148e-06;8.754921665208506e-06;1.5260086988953184e-05;9.266402993132573e-06;7.908332561414624e-06;1.1329521799503894e-05;1.9468937629242163e-05;1.6640557993313555e-05;5.638171850927093e-06;3.6244276670222923e-06;1.3663003519928978e-05;6.950475006858683e-06;3.774175114859311e-06;1.0027540415476438e-05;1.586987656094296e-05;6.078854822791695e-06;1.6242123602660477e-05;8.314687817729688e-05;0.0001413643170221101;2.6066822306751375e-05;1.116008173325139e-05;9.241977245178667e-07;4.781272431192597e-05;1.8552289492581063e-06;5.505023761433046e-07;8.881331272906432e-06;9.128128888614172e-07
05:44:51;146;7.668871122942536e-06;8.112888315713175e-06;3.7050814291636696e-05;3.8948843316626896e-06;1.6088874177972396e-05;6.333799633621724e-06;6.770172947186253e-06;1.0721733223755853e-05;5.009515967460939e-06;3.559449406896998e-06;5.5746153371025935e-06;5.151031922617284e-06;6.971338193101866e-06;1.6125183150124528e-05;5.825852771191752e-06;4.1817910313730415e-06;1.641383079015812e-05;7.064145220398661e-06;7.5499237534097145e-06;1.1401538836540982e-05;5.39687522764843e-06;3.627613488811509e-06;6.623522874835107e-06;5.727734833847455e-06;7.164203049762387e-06;1.6184941424525497e-05;6.018536546031976e-06;9.85235524700153e-06;1.6052227515395166e-05;0.0002662984461256056;3.468572188620574e-05;5.5651666118501103e-05;2.196668853337777e-05;9.625901014772286e-07;2.561328999034824e-05;1.8077304573590777e-06;1.0374286266524014e-06;9.217232591074086e-06;1.4643943066424268e-06
05:47:13;147;7.332935638260096e-06;7.714709514817237e-06;6.72031431399935e-05;5.449365492505752e-06;1.0844228861954393e-05;9.538527053300847e-06;7.885521014827646e-06;1.0401122658265649e-05;4.634778924448503e-06;1.1390647781116638e-05;5.023171372833056e-06;6.030222821286977e-06;4.901875906878931e-06;7.6212147232271574e-06;4.274548456609492e-06;5.70269797588227e-06;1.1528709865736265e-05;9.927622458339033e-06;9.038064542402958e-06;1.1218325526678648e-05;5.0226331242373804e-06;1.0532968149797128e-05;5.485441228808634e-06;6.321631558478922e-06;5.009099989860537e-06;8.26765238378334e-06;4.521664625170598e-06;6.6016088962816e-06;1.2970492054328578e-05;0.0005477773834446229;0.00013643415698692455;3.8046302045197374e-05;2.366039076141663e-05;2.0260687272389473e-06;2.27534710291169e-05;1.79888659672236e-06;1.7279856605057544e-06;1.0902955194879468e-05;1.7380162826872757e-06
05:49:34;148;5.944705919282776e-06;6.378373286621999e-06;4.33757785627136e-05;5.276589908605316e-06;1.0230375571816033e-05;9.883690932678167e-06;5.781594218813201e-06;5.849527651106841e-06;3.7450318424574065e-06;5.12106162921875e-06;5.2145063979093145e-06;5.022253428809233e-06;4.404031435130533e-06;6.9931657783360954e-06;3.814640626002715e-06;5.474250616040265e-06;1.0957338147392552e-05;1.0429646431763518e-05;6.796308482563878e-06;6.584079764701228e-06;3.9699661147672405e-06;5.123530581265266e-06;5.6281554994320344e-06;5.351576425099769e-06;4.629543113130435e-06;7.395598810104229e-06;4.200483438500116e-06;6.116952819581259e-06;1.9140090915437443e-05;0.00033394895850358275;6.374461529454198e-05;4.667913875511669e-05;1.3681939777589143e-05;1.2365350507929093e-06;2.1585478143097243e-05;2.112622973163198e-06;1.2681286502002076e-06;1.0118192682477648e-05;8.766891869826563e-07
05:51:56;149;7.098435260517859e-06;7.707593893060163e-06;2.556499450837795e-05;5.550744739159861e-06;1.187827978684068e-05;7.379328758877984e-06;8.877530842968637e-06;8.5102472831202e-06;5.869214596998518e-06;2.8025919488977085e-06;1.3916333441892965e-05;3.878395317064525e-06;3.3701200085157654e-06;8.932292323167571e-06;4.216141939653281e-06;5.82240499504304e-06;1.3067760351710788e-05;7.91036264568971e-06;1.0130607492262438e-05;9.234636867335258e-06;6.542616001982573e-06;2.95229145056602e-06;1.4895321685257898e-05;4.230696711463771e-06;3.664236134992982e-06;9.516504011531375e-06;4.5236859886578795e-06;8.677841793855237e-06;1.5214230863824558e-05;0.00013574074832470022;4.9249874282470295e-05;3.869067317692694e-05;1.5094255729142413e-05;8.118315606963233e-07;2.901475367443822e-05;2.5639165256961504e-06;7.237074643039228e-07;9.538062588856348e-06;1.4600381156247654e-06
05:54:18;150;7.664003921351279e-06;8.16416367561493e-06;2.0591662829752195e-05;4.949094178192064e-06;1.2455881589672076e-05;5.836970625949789e-06;1.4962719415155913e-05;9.762824401672209e-06;4.707527495575257e-06;4.993531782172443e-06;8.751354944148591e-06;6.243479156867434e-06;4.8011331954130165e-06;7.5650407328386e-06;6.938486932480973e-06;5.056377401011053e-06;1.3411419181868986e-05;6.789967744536418e-06;1.629101327033581e-05;1.0553151107931718e-05;5.028641490879855e-06;4.8896535582007115e-06;9.097304871231038e-06;6.478133976007841e-06;5.172240538671804e-06;7.997633831478254e-06;7.204423990849217e-06;7.17890076200511e-06;2.2220411163730827e-05;4.7686105885499984e-05;7.815252462576538e-05;2.53188944659236e-05;2.124148995855388e-05;1.2961725068400796e-06;2.7484665069647835e-05;5.503995586670634e-06;6.533178758204317e-07;9.28053585040049e-06;1.0829402061680856e-06
05:56:39;151;6.05154240156997e-06;6.5806949765552605e-06;3.288456115776045e-05;3.3301044949464074e-06;8.946804378886306e-06;6.554124313980352e-06;8.862792237158084e-06;4.9950282051983406e-06;7.498714066336086e-06;2.9130269659883754e-06;9.879512543487966e-06;4.976694949476723e-06;2.5369566423385303e-06;8.061975496076457e-06;4.062772673114006e-06;3.5358835772012177e-06;9.484941149165462e-06;7.1962545755727485e-06;9.796107244969616e-06;5.857944928076121e-06;8.085712283037204e-06;2.8945112363325727e-06;1.0641200408170772e-05;5.68714556755344e-06;2.7162446120293014e-06;8.608078092671533e-06;4.464313947152467e-06;1.3659741065291608e-05;1.6935983711441657e-05;0.0002277768459134858;3.306365131995155e-05;3.4359676876144565e-05;1.7184663924289878e-05;7.632699953698969e-07;3.780269377585043e-05;1.8165308825908469e-06;4.914433191198724e-07;9.00775089546949e-06;1.7524822141199024e-06
05:59:01;152;9.729425778976458e-06;1.0021138603152867e-05;2.198440776124554e-05;4.801188522792059e-06;6.431317775546962e-06;1.9668028891508335e-05;7.487680818808361e-06;5.610020711734685e-06;6.921144977215218e-06;5.131417766338328e-06;9.091884088909616e-06;8.333023250176295e-06;2.475778860209423e-05;1.1651417304263264e-05;6.868193079479955e-06;5.119994140634073e-06;7.190722102032977e-06;2.032068754534187e-05;8.661134024460128e-06;6.245642732175861e-06;7.106331907644871e-06;4.690913156197514e-06;9.66608614143746e-06;8.710482988239096e-06;2.351853438569056e-05;1.1939420835892346e-05;7.083710057440264e-06;7.809588635287307e-06;2.235674933772228e-05;6.548753957026284e-05;5.3693247189303764e-05;3.0154085085740672e-05;2.8299200775079225e-05;1.8502736532285523e-06;3.924580397105953e-05;1.9153776318062616e-06;1.3254771807417536e-06;1.0126740311549802e-05;1.5488097931643957e-06
06:01:23;153;8.964804841582463e-06;9.424283004441752e-06;5.7765542518847195e-05;4.538009642244973e-06;8.805186004162186e-06;2.4165595757029802e-05;1.1565367109576321e-05;5.649286375586371e-06;7.006500255939003e-06;4.3079672617871916e-06;9.87910249831843e-06;1.3047486742255966e-05;3.0953588540812276e-06;9.107740909089754e-06;6.410052919327634e-06;4.746904257640553e-06;9.540540373517949e-06;2.3903224764235576e-05;1.2763418430662153e-05;6.729332233566932e-06;7.467982108716535e-06;4.073987139247636e-06;1.0528777946529783e-05;1.3666701375722702e-05;3.2380217598523515e-06;9.925826983402934e-06;6.506675013445636e-06;5.817287941647256e-06;1.4444416733236778e-05;0.0004803990980162072;5.730101675928016e-05;4.3156835961299077e-05;4.41379777668926e-05;1.1969364156306785e-06;3.1348261033901693e-05;1.8709103089120824e-06;1.8469350143232676e-06;1.0143374270535173e-05;1.5234600043003376e-06
06:03:44;154;6.981530028517889e-06;7.452507395987308e-06;3.3873697278386695e-05;4.770165761543281e-06;2.3415207329755752e-05;5.387335771186744e-06;5.945583668872959e-06;4.950347222728882e-06;4.6765468071767335e-06;6.233021281978133e-06;8.384036236980757e-06;5.28386696594587e-06;3.4005596313784796e-06;6.818553783977615e-06;4.5131338449845195e-06;4.9525421091638685e-06;2.4060638034952027e-05;6.02443084592122e-06;6.9912472916925415e-06;6.072297108840769e-06;5.036138231211041e-06;6.11187929107588e-06;9.0300158654263e-06;5.748786291785765e-06;3.486249486833245e-06;7.137622007944686e-06;4.778239550616974e-06;7.974081526604908e-06;1.8917422503885277e-05;0.00017512126333260508;6.94608632587692e-05;4.331748404457802e-05;3.5348889467519435e-05;1.208396874638536e-06;4.165952309843284e-05;2.0139656076855673e-06;7.10341214276117e-07;9.787856850959664e-06;9.642795606857867e-07
06:06:06;155;8.533002299900131e-06;8.944721132506914e-06;2.9859274013667255e-05;4.929073137366851e-06;2.8649285463250802e-05;6.941565077896299e-06;1.0833548680528276e-05;4.635935012845235e-06;4.73956427333116e-06;7.234092864132952e-06;6.460806973701045e-06;6.046460350587908e-06;2.988494503500502e-06;1.0039183415244679e-05;8.89801423815067e-06;5.06875522383964e-06;2.9753901534478026e-05;7.849672685920325e-06;1.1752034810388643e-05;5.357318188912416e-06;4.968492591235444e-06;6.870346428340896e-06;6.9764304544726575e-06;6.524330550562325e-06;2.934115950147661e-06;1.0210393853251649e-05;9.070858210133672e-06;7.35184228071204e-06;1.4458984859743667e-05;0.00020661820341721874;3.313337643413083e-05;4.075588819491412e-05;1.9013226654106517e-05;6.932333436476418e-07;2.2376751538586308e-05;2.6324499843014027e-06;5.334527430988868e-07;8.942851900010277e-06;1.8010268135365693e-06
06:08:28;156;8.895790109229232e-06;9.407381622634293e-06;5.938971154069455e-05;7.477148052068762e-06;1.636762798604898e-05;1.0836913945927956e-05;9.11866204556976e-06;7.0207127029158816e-06;7.550736508609258e-06;4.5240507330649136e-06;7.621619586602306e-06;7.209652579185579e-06;7.947046999780902e-06;1.0597002240395817e-05;1.047830413240676e-05;7.763795994395867e-06;1.6584473870133927e-05;1.169384954722128e-05;1.0059872624015618e-05;7.895589867156203e-06;8.191417783806013e-06;5.020597315326339e-06;8.185241336210726e-06;7.89015876198161e-06;8.079269034019892e-06;1.1024755633714655e-05;1.0499554091553893e-05;6.298771466901181e-06;1.3405796523400122e-05;0.0005041128385291869;7.184935504171697e-05;4.664503041581807e-05;2.110928146878216e-05;1.5063858803189936e-06;3.210931202341585e-05;2.1871737825186565e-06;2.5962462830222444e-06;9.688405726478011e-06;1.1679413467758099e-06
06:10:49;157;5.790157617530605e-06;6.305017179812827e-06;2.7155360432746803e-05;3.493635463349485e-06;6.92352205046053e-06;8.737138076304001e-06;6.63353930718813e-06;5.340551539425385e-06;3.3268188247862183e-06;4.890367652489079e-06;8.258921796960356e-06;4.8771562510616855e-06;3.24927318780381e-06;9.906610797956587e-06;3.844354588687017e-06;3.767718655143642e-06;7.644652614429486e-06;9.539917122126525e-06;7.866898492546723e-06;6.1187112828808e-06;3.784234304706083e-06;4.448077980162486e-06;9.227300779457437e-06;5.648356838857488e-06;3.2230689632480696e-06;1.012833152206532e-05;4.2629354420799395e-06;6.650882800463668e-06;1.3812306620175975e-05;0.00015532777997375564;5.31420100839266e-05;4.0083086647340855e-05;1.7105149418129467e-05;4.114031379880747e-07;2.576873051006464e-05;3.5506007989970222e-06;3.6734027884427025e-07;8.741141945565665e-06;9.038929777096823e-07
06:13:11;158;6.440022828387142e-06;6.885998279554032e-06;6.497182608149975e-05;7.193383193024064e-06;1.1291927902784044e-05;8.462560827447099e-06;7.242708149264714e-06;8.345031515750117e-06;2.8281326504110314e-06;7.035096729491773e-06;5.795373990803331e-06;4.682048904863285e-06;4.4068176237033185e-06;5.428658049311252e-06;4.568532548467695e-06;7.450571703447156e-06;1.1971998890059488e-05;9.394377759489071e-06;8.259245578877117e-06;9.02700137401875e-06;3.1893441326799435e-06;6.732221934242583e-06;6.218443786565331e-06;5.123706974308898e-06;4.599265899235468e-06;5.853289711104722e-06;4.812509132534615e-06;7.227073559915341e-06;1.4169135104748852e-05;0.0005469942341892166;0.0001011408497597229;4.153137065668495e-05;1.4189549092896459e-05;7.825114196277573e-07;3.8707188882060655e-05;2.134149805099881e-06;2.0093201889638375e-06;9.80508516700732e-06;9.71445152052537e-07
06:15:33;159;8.269244163598573e-06;8.867473004297781e-06;3.1176663796024353e-05;5.573381317509012e-06;1.0219788737618853e-05;9.004077696126636e-06;7.468150856998983e-06;1.72817067277978e-05;3.7387242194274575e-06;5.385265487363582e-06;6.496770911468275e-06;9.941484192472155e-06;4.075299460640477e-06;1.246227158705179e-05;7.5840055441357315e-06;5.782024296606807e-06;1.128884757892155e-05;9.59661330070267e-06;8.816386007656316e-06;1.89857501948298e-05;4.225881564454102e-06;5.214052042084646e-06;7.111035676091346e-06;1.0488267590413739e-05;4.255222139835485e-06;1.2825867721587685e-05;7.819722812408006e-06;8.37579348951084e-06;1.1799975602604315e-05;0.00017814696568157774;7.598883524881841e-05;3.9781435595395567e-05;1.2261470742803899e-05;1.3251478380132083e-06;3.3253706395145775e-05;1.93661327979236e-06;7.712972880138028e-07;9.0261580314357e-06;1.4525663591807027e-06
06:17:54;160;6.22612947541835e-06;6.7902645621617486e-06;4.1212346320122405e-05;3.43822061972658e-06;8.288898896389377e-06;1.224003325394175e-05;9.582589443239572e-06;4.66246260137511e-06;4.636994706107668e-06;5.503652230681217e-06;5.7527954269367205e-06;3.955747031270107e-06;6.602090115654329e-06;5.933872976336054e-06;4.116194579527711e-06;3.698723417131342e-06;9.106965017399258e-06;1.3361704549413244e-05;1.0997840853391769e-05;5.3691479490824554e-06;5.006554006228461e-06;5.522563098358798e-06;6.441210808024831e-06;4.626896264809044e-06;6.659084960971731e-06;6.205399983363223e-06;4.487082782925657e-06;1.1445479991582072e-05;1.4728775332410544e-05;0.000308283180540114;5.0967959185438604e-05;3.7333399075711716e-05;2.661327792489274e-05;9.066152551349113e-07;2.9151042987038848e-05;1.856162431370753e-06;9.284950051758513e-07;1.0921336598359241e-05;1.4124315142397118e-06
06:20:16;161;8.275369206051602e-06;8.986034912066063e-06;4.446273110603436e-05;5.4997751481070365e-06;1.2436682363866938e-05;1.1449962671731969e-05;1.051883335698924e-05;7.917846285853226e-06;1.5228247357738796e-05;4.443918427909921e-06;5.132159464112234e-06;5.754714081263046e-06;4.985731473732875e-06;7.820619859185998e-06;8.115936491586757e-06;5.879892442644172e-06;1.3512448714220826e-05;1.2333860928564821e-05;1.2271786240086805e-05;9.180141504761127e-06;1.5916120446490822e-05;4.563894369507752e-06;5.9215469258261585e-06;5.996656820478833e-06;5.256269545659247e-06;8.658491009831593e-06;8.341306655191009e-06;1.018831900942831e-05;1.242866195208234e-05;0.00035334593289863315;5.045690370599505e-05;3.791439668365816e-05;1.9283737469143344e-05;1.3991778548028648e-06;3.364350283748235e-05;2.086822529794628e-06;9.990160524101868e-07;1.0254544794161051e-05;1.5517574848210717e-06
06:22:38;162;8.899623604205233e-06;9.432376045188455e-06;4.780571749462033e-05;4.271476876609044e-06;1.352862576841186e-05;1.0322043273447434e-05;8.759627241904479e-06;6.881222989237172e-06;9.224718080634954e-06;8.76252502153689e-06;6.8472743157082565e-06;7.827305411015315e-06;1.0267870039952372e-05;1.5148728924688468e-05;4.9540615708307e-06;4.673085416620376e-06;1.393715455712562e-05;1.0702318503936574e-05;9.996024000659567e-06;7.76397825886099e-06;9.458902833920305e-06;8.724067368037347e-06;7.272226622274191e-06;8.157427313148495e-06;1.0862086709712919e-05;1.6287436250698917e-05;5.353800390044462e-06;7.034615937058276e-06;2.529483722488631e-05;0.0003363278482022283;7.946559279483851e-05;4.2897700025525935e-05;2.95090318283634e-05;1.2757852352776416e-06;3.574397880826415e-05;2.7957643153940484e-06;1.3487472844497257e-06;1.047258806264167e-05;1.5021202165160523e-06
06:25:00;163;7.286658122945317e-06;7.696373238185159e-06;3.178659263002305e-05;4.079800129084467e-06;7.170489643664785e-06;1.4128432969006223e-05;5.369582651000697e-06;7.084342890095741e-06;5.0876916132965144e-06;1.250064874498817e-05;4.252545603897963e-06;1.0614798740184803e-05;3.0782993537637924e-06;8.19930783051022e-06;5.873955003207501e-06;4.4473851308402686e-06;8.089064113512823e-06;1.4257658711335065e-05;6.461889327085051e-06;7.816839898404844e-06;5.243590608130679e-06;1.2036090981693426e-05;4.9682957575862045e-06;1.0993261455467614e-05;3.1236888412710373e-06;8.68145575105136e-06;6.237256373631542e-06;8.44804161279725e-06;1.8930583753917495e-05;0.00021254720059162973;4.0786372364856335e-05;4.5754623486198796e-05;1.3700345489563019e-05;1.8848345585651778e-06;2.3356146979479485e-05;2.059652357793249e-06;1.9373971074913385e-06;1.1387493910384342e-05;6.464193476002094e-07
06:27:21;164;6.020900009673369e-06;6.56265308263548e-06;4.3576205940242755e-05;3.2530576582378115e-06;7.957466286709094e-06;7.151287036968122e-06;8.14643286905049e-06;5.099556602449308e-06;3.888461660136758e-06;1.0127106030211053e-05;5.766181513680832e-06;5.225611242629859e-06;5.212563850291603e-06;7.143999390602961e-06;3.2790738026281216e-06;3.6144979851916464e-06;8.813714349700973e-06;7.750373409675653e-06;9.53639858069644e-06;6.0722271669713144e-06;4.315787792401801e-06;9.889837754230882e-06;6.4500165904122055e-06;5.579002077013948e-06;5.2315363150170655e-06;7.907529845995875e-06;3.5909131642993204e-06;1.0715644059090553e-05;2.8580366691583362e-05;0.0002723439302257494;0.00011498064721112481;3.829716500346442e-05;1.341118087878967e-05;6.803487157768983e-07;2.925511203524667e-05;1.9460272813320562e-06;7.322232424778818e-07;1.1108202171901478e-05;8.636237663758817e-07
06:29:43;165;8.061535813846438e-06;8.551087105417214e-06;4.679877370165426e-05;4.578684878999504e-06;1.382890260001349e-05;6.873047907938392e-06;9.919734851073578e-06;1.0274720069829032e-05;9.037134864603951e-06;8.54471547836769e-06;1.187715608094467e-05;5.864544989590699e-06;4.80865934804342e-06;6.06720973227549e-06;5.06391548104158e-06;4.820852954932739e-06;1.3868349147350837e-05;7.4068464389803255e-06;1.0708045695686958e-05;1.2190869331132927e-05;9.016866212582902e-06;9.085562203813136e-06;1.239611209930905e-05;6.276410408357646e-06;5.046473651291999e-06;6.45659500300605e-06;5.3400580056888105e-06;8.67682216516932e-06;7.44505356618281e-06;0.0003992808126631815;3.3373543754214365e-05;3.5205828750391724e-05;2.1420421133551796e-05;1.2954776406485851e-06;3.9380177311894936e-05;2.01585574526476e-06;1.5821966601773346e-06;1.0631301631710303e-05;1.2777933974636908e-06
06:32:05;166;8.356161188771694e-06;8.788192143917594e-06;2.6461048127964782e-05;5.027897068223617e-06;1.376263743873613e-05;1.2011562042537413e-05;8.151835130638057e-06;6.799157265969701e-06;4.460117620846466e-06;6.741687648702634e-06;6.222260364487718e-06;6.564210716481449e-06;1.1687880482275597e-05;1.1155962921288227e-05;7.68872235761881e-06;5.124880282915289e-06;1.4111180911341659e-05;1.2381376869091617e-05;9.003127448937172e-06;8.239893293049838e-06;4.699857501253962e-06;6.615386365422326e-06;6.827404077636016e-06;7.098881091039828e-06;1.170373627845245e-05;1.1462752509838606e-05;8.189825845725356e-06;9.770586659137337e-06;2.43819146132587e-05;8.436262307166536e-05;9.964871400784672e-05;3.886178877574035e-05;1.6020677045555923e-05;1.7153531369032674e-06;3.01306407006544e-05;2.037710120400568e-06;7.260922968454169e-07;9.139030218009476e-06;7.374468895599414e-07
06:34:26;167;7.2630288059372106e-06;7.77186851682697e-06;4.21083464889574e-05;5.068677830425114e-06;1.0633184112924193e-05;5.941314907367066e-06;1.199412914329204e-05;5.779089463299091e-06;1.0315969514739333e-05;3.832975218836571e-06;8.995645848260251e-06;4.9246095863834815e-06;7.997632010869893e-06;6.467723749055536e-06;5.205392285939132e-06;5.295959349035611e-06;1.1508645934842622e-05;6.791155999364284e-06;1.2983367152536388e-05;6.502376452231204e-06;1.1164789088116443e-05;3.653944952043563e-06;9.659450116959295e-06;5.282811956977305e-06;7.9101218137952e-06;7.080716875838956e-06;5.429078993086167e-06;6.749600947439004e-06;2.480953707459616e-05;0.0002448496256478912;0.00012736223681906767;3.687807096639117e-05;2.638877367945126e-05;9.025407789026189e-07;2.4310345087712687e-05;1.866164547670213e-06;8.181060286552578e-07;9.331478454420312e-06;1.0336778352913396e-06
06:36:48;168;7.698633292560233e-06;8.175532952285537e-06;3.7329554994867054e-05;8.989527866664172e-06;8.358721187045665e-06;9.292943085755082e-06;1.2466230838402804e-05;8.006360572662432e-06;9.564125291335172e-06;6.252611317915001e-06;4.980027102293021e-06;6.440944618707983e-06;6.67234872218294e-06;5.825001605912079e-06;5.534754620193573e-06;9.481605963018513e-06;8.895969459226301e-06;9.766208867277563e-06;1.3410486092111626e-05;9.230345934651545e-06;9.73643263529959e-06;6.0407001289109484e-06;5.5101350201916424e-06;6.9196405921859335e-06;6.834729844475861e-06;6.326734825351299e-06;5.953403324728921e-06;7.661690431390159e-06;1.6606266696329256e-05;0.00023329406377243524;7.514868627344827e-05;4.004690337440089e-05;2.5538031336216562e-05;8.592895798248191e-07;3.5186413792691604e-05;1.8851412087240365e-06;5.049985298833425e-07;9.348868296891979e-06;1.8743066461684742e-06
06:39:10;169;6.0005693840862895e-06;6.60359746343832e-06;3.697424506444108e-05;4.259421963904618e-06;1.3668140687302225e-05;7.061241580301343e-06;5.491877867378682e-06;7.561323749107694e-06;3.4499612370937753e-06;2.3210332560162006e-06;5.843836194750131e-06;6.8250695648621536e-06;2.472165243102867e-06;7.772658119232677e-06;5.280101202810204e-06;4.523555942428117e-06;1.489972502112542e-05;7.819908648654539e-06;6.645929707252735e-06;8.51665781795683e-06;3.878237587546037e-06;2.4797917042552758e-06;6.376337906554978e-06;7.409454587726527e-06;2.544068937063054e-06;8.427652021423512e-06;5.721847858844337e-06;7.694357354748607e-06;1.0556063947989872e-05;0.0002766638783105842;3.0797601118939805e-05;4.0409636143815324e-05;2.5574373813124616e-05;1.1683885315033916e-06;3.772741304518134e-05;1.9022194017909593e-06;4.811134430421102e-07;9.883112039337736e-06;8.32783623234837e-07
06:41:31;170;7.452270657056075e-06;7.87737264798562e-06;4.36284918478259e-05;6.256199298413569e-06;8.382212727879464e-06;7.383164166182868e-06;7.767731959711972e-06;7.749319402576434e-06;5.141966551294982e-06;1.4255404435397685e-05;6.30820225372924e-06;6.228776593983102e-06;5.505259891756189e-06;6.746898145140986e-06;7.70211008733151e-06;6.395911386674395e-06;8.939489523268267e-06;8.35066211487784e-06;9.002180428944507e-06;8.743462123813423e-06;5.323554628548548e-06;1.3616723225811566e-05;6.59327918848375e-06;6.733418817757526e-06;5.547027691320665e-06;7.306645171365169e-06;7.976114806918798e-06;8.998757542577825e-06;7.86763670302429e-06;0.0003721834618147025;3.510430778182388e-05;2.946842969953802e-05;2.7706378382419783e-05;9.031442014652208e-07;2.706179061690635e-05;1.9056813753361583e-06;1.2139076295222985e-06;9.78909144189417e-06;1.3393149847003994e-06
06:43:53;171;6.014934405258869e-06;6.4921828428091025e-06;2.4006486240742342e-05;2.926853972275787e-06;6.53922540875969e-06;6.228108838193045e-06;6.595584644098938e-06;4.488926223380283e-06;5.482928840323935e-06;2.899827111526385e-06;5.74642104825526e-06;8.931759324391145e-06;5.623441119953751e-06;9.749202538438857e-06;6.96693187698181e-06;3.327627434338888e-06;7.112770514209796e-06;7.02533430693954e-06;7.456232185488054e-06;5.46781508333718e-06;5.7518674669994695e-06;2.8416499781433e-06;6.435937166315853e-06;9.002697413363215e-06;5.81320503592503e-06;1.0534778752278012e-05;7.1362770725074045e-06;7.402639278685717e-06;1.3345747804642486e-05;0.00011474155825513055;6.015991978858597e-05;3.8675439825543056e-05;1.2899712682139001e-05;1.3580513124786178e-06;2.3520648086347353e-05;2.1668592854161904e-06;6.901136220033934e-07;1.098708896847306e-05;2.130055979462675e-06
06:46:15;172;8.677418508992476e-06;9.117370868634794e-06;3.4767588891919625e-05;6.3214142933532e-06;8.008214884760243e-06;6.177036667054381e-06;9.545701922645962e-06;1.2310031956856578e-05;1.0299377183028726e-05;2.5772909212533207e-05;5.78024979121365e-06;3.622000354268225e-06;2.584761132886435e-06;7.3745232149555955e-06;6.332798000259614e-06;7.0379827303452346e-06;8.764629611401756e-06;6.884279202172884e-06;1.0738691810418665e-05;1.2940894129879101e-05;1.0608610536328803e-05;2.4852452434406358e-05;6.065617025676227e-06;4.001471684723238e-06;2.736837461581465e-06;8.081881897172174e-06;6.695098852992199e-06;5.809609085368905e-06;1.609167637901707e-05;0.00021796015185046518;8.571267473911951e-05;3.140460251703032e-05;2.7010433572651777e-05;2.3754579544907693e-06;1.7977882754900957e-05;2.659022536211056e-06;5.400068904916114e-07;8.577084703675095e-06;1.0924637196132448e-06
06:48:36;173;6.084684069404292e-06;6.598067850777452e-06;3.255147276012719e-05;7.333838792336874e-06;6.60451015606482e-06;7.084718434216794e-06;8.62054453743998e-06;6.22879740158117e-06;3.5176103804314027e-06;3.2569144372148044e-06;9.94006526446676e-06;5.0712275623254754e-06;3.3388981467329484e-06;7.628890730289455e-06;4.390191109073592e-06;7.381847713595217e-06;7.34029223869722e-06;7.503518006586413e-06;9.98449114733744e-06;7.4043528865665475e-06;3.972567960369781e-06;3.2804715947119653e-06;1.0311356244171834e-05;5.505870848526085e-06;3.69553308960176e-06;8.126067141462574e-06;4.6704436942802e-06;6.832460274593762e-06;1.2648746444765463e-05;0.00020518081017275919;7.601960475119188e-05;3.388350160711246e-05;2.0314372067295182e-05;1.1950421433045122e-06;1.853078088718471e-05;2.4631488853739413e-06;5.783650487760626e-07;1.020919513813353e-05;2.7616457010356885e-06
06:50:58;174;6.502820450035332e-06;7.129346630779166e-06;2.639396531694165e-05;4.342578216535871e-06;7.343226884741356e-06;7.530086995318057e-06;6.221353453577711e-06;5.276506527384196e-06;4.57656078593645e-06;4.3591694990655325e-06;1.0009219793196486e-05;7.5662093602152876e-06;7.5468426633630194e-06;5.783031615439168e-06;7.479057774549926e-06;4.645751750668072e-06;8.268648723716541e-06;8.314229610651993e-06;7.180977390126378e-06;6.578620960232301e-06;4.923194093770448e-06;4.763928965202686e-06;1.0519746186368646e-05;8.388171702595e-06;7.730573620795475e-06;6.514496883741968e-06;7.72381717173561e-06;8.080042186262766e-06;1.7232166566757088e-05;0.00012789653711055293;5.5376339648594934e-05;5.0317158195675173e-05;2.7655628605964338e-05;3.791031570057993e-07;1.6256162194855198e-05;1.7627324322326935e-06;8.082559433881698e-07;9.843460784718585e-06;1.119996977292153e-06
06:53:19;175;7.15054939090268e-06;7.65593972861512e-06;5.400724281158661e-05;4.942512179246188e-06;4.859912009955926e-06;9.446479900532267e-06;1.2199969434205245e-05;6.5285459591925905e-06;5.134252494346211e-06;5.529077657939752e-06;4.4453137390896495e-06;7.288833268665423e-06;1.411313241626224e-05;6.7309671811182685e-06;4.587594278439931e-06;5.25931499442443e-06;5.7215690728149135e-06;1.019710211776443e-05;1.3387796242787324e-05;7.153303040698269e-06;5.559553786249897e-06;5.719099875287738e-06;5.1276456619971325e-06;7.706307556711895e-06;1.3783255412760544e-05;7.327664477514512e-06;4.928661785959752e-06;7.083740122299455e-06;2.040313375399588e-05;0.00036299814592257823;0.00015847794796360634;4.241107918894803e-05;2.3118555288183146e-05;5.774444115885933e-07;1.9510738481380676e-05;1.8687652071516508e-06;5.111590261057058e-07;9.488088456023174e-06;1.6381159171785013e-06
06:55:41;176;1.0746040842946059e-05;1.1417747891410048e-05;3.824599013091404e-05;1.725606934725606e-05;8.683074369741917e-06;1.378429738836799e-05;2.3038534965022254e-05;8.399026448557834e-06;6.4956188575009e-06;6.007576238496106e-06;7.08468715483367e-06;9.875246795006246e-06;4.620053841073648e-06;1.507731634120546e-05;8.630985092204149e-06;1.7858345984942516e-05;9.729693092479845e-06;1.4149811779387602e-05;2.419099381526555e-05;1.005296285314481e-05;6.737052721107346e-06;6.063053162990078e-06;7.350774812718406e-06;1.0584909766374593e-05;4.692673113350804e-06;1.6374258215180333e-05;9.22844167724156e-06;9.099529589121851e-06;1.5082538650617026e-05;0.00027075233429033264;7.18915129701535e-05;3.596704425228012e-05;1.6554477545660277e-05;1.3049912284486485e-06;2.521077649877154e-05;1.8804418227873113e-06;5.5413254906931e-07;9.967389433992257e-06;6.867127397339434e-07
06:58:03;177;8.761643404010432e-06;9.19065019797351e-06;3.158435942188675e-05;8.430062868375837e-06;8.762801255037608e-06;5.582253328190683e-06;1.5630743541676523e-05;9.588913223849845e-06;6.313933699431118e-06;1.8502630967082663e-05;6.4557119750154675e-06;4.242527146722998e-06;8.440680949012796e-06;8.56757217801177e-06;4.62188612844598e-06;8.438600397761248e-06;9.3505350550798e-06;6.507072888596184e-06;1.6516761632696607e-05;9.839718154868439e-06;6.489920232974028e-06;1.890908520238819e-05;7.1475321298829486e-06;4.9852943517134346e-06;8.613187484242409e-06;8.474706543052843e-06;5.0153847565479164e-06;6.040146522328346e-06;2.5502015155193565e-05;0.0001919654582604675;4.7855604755172225e-05;4.203154540384833e-05;2.5885355902339375e-05;1.0809082834629928e-06;2.3223297212262052e-05;2.7822453471188053e-06;6.787350619745384e-07;1.1111562718790294e-05;8.554384396830519e-07
07:00:24;178;9.260648616434123e-06;9.521219758828955e-06;5.098539368718894e-05;4.671850665196396e-06;1.0551133496764207e-05;2.1131176836775012e-05;8.132550738857638e-06;6.582301510798578e-06;3.725267323708501e-06;5.82949997575032e-06;5.865921951973198e-06;7.98944765698841e-06;2.1283328052845718e-05;5.6920319919258455e-06;9.6732698014922e-06;4.7089927106811316e-06;1.1312801384116903e-05;2.1333908517601828e-05;9.36227921050011e-06;7.291604094772785e-06;4.054034963954546e-06;5.979690225598737e-06;6.696842031982946e-06;8.281033180675785e-06;2.0043837507785875e-05;5.7269092313974764e-06;9.462701439277432e-06;6.895597450809968e-06;1.5123654883934139e-05;0.00039331068293715573;9.373945097038963e-05;4.799867208694766e-05;2.011713872079813e-05;9.706026685360662e-07;1.8078769246019414e-05;2.2146819248818102e-06;1.5070362964763102e-06;9.363085611751651e-06;2.505351448566927e-06
07:02:46;179;7.1469459431806506e-06;7.865791113671768e-06;2.5735227042543058e-05;3.275595477767659e-06;1.1168957118198621e-05;5.334979223967841e-06;1.1794687088178597e-05;1.7112345379256443e-05;3.7137851938757134e-06;3.420815481870353e-06;4.8375017381762184e-06;4.825851400431185e-06;3.454755775032161e-06;7.479157028649814e-06;9.344917991427337e-06;3.577718183506373e-06;1.2354181014611814e-05;6.275565306456388e-06;1.302106891993781e-05;1.9048840052083862e-05;4.2440191107375484e-06;3.5010472160299483e-06;5.485436718751046e-06;5.467705411515626e-06;3.6138631363037e-06;7.907275504075636e-06;9.892769118973948e-06;7.076136659128672e-06;1.3654503427069636e-05;0.00015577047970166813;5.413178459134163e-05;3.819994045383921e-05;1.067390459806734e-05;7.446428549153608e-07;1.5833828593016857e-05;2.1403706804152954e-06;3.612882028237906e-07;8.771044981834803e-06;1.4647997663959239e-06
07:05:08;180;5.615851124735565e-06;6.0470834577694105e-06;2.8632258686073447e-05;9.960882283363306e-06;5.4397629289129865e-06;8.881035775878196e-06;4.713066808583542e-06;3.5943449688925386e-06;5.193307565320993e-06;3.611134294700946e-06;6.987452952568095e-06;4.05592596857735e-06;3.95846812056339e-06;3.6394484097131268e-06;7.3553815676580765e-06;9.867598081758774e-06;6.2804442159522065e-06;9.390764780273688e-06;5.649924980412212e-06;4.594550603807092e-06;5.442880529135206e-06;3.421986441854999e-06;7.753919414391953e-06;4.439945248318681e-06;4.14497523125428e-06;3.964144905441134e-06;7.6138644832513546e-06;7.126905645517e-06;1.341396924078856e-05;0.00017118396279327806;3.634402007886944e-05;3.6343053542659836e-05;2.2907204411051863e-05;5.616655189212407e-07;4.096144555327055e-05;2.5188785243121026e-06;6.001326915551302e-07;1.0124439999895253e-05;1.5014262327621683e-06
07:07:29;181;5.289312669793327e-06;5.866903036435303e-06;5.017906992176856e-05;5.820211133893012e-06;4.384896841584536e-06;6.314538390354714e-06;9.22254599347835e-06;5.599058471003363e-06;3.4537617892092176e-06;3.224808691112716e-06;4.854495428348442e-06;4.072843550256328e-06;4.359069511653243e-06;7.788705458205476e-06;4.376814855594995e-06;6.103338750154428e-06;5.398210368748781e-06;6.9587707037476035e-06;1.0134991486976808e-05;6.949809449572887e-06;3.874696746226872e-06;3.626713060275276e-06;5.5245342007512155e-06;4.528994856017665e-06;4.572353478993769e-06;7.96765874539129e-06;4.762762579980805e-06;6.587204659018717e-06;1.030881380840705e-05;0.00040313403767758553;6.924607266742546e-05;3.7534788021064624e-05;3.82394016718734e-05;1.1143800022842341e-06;2.3058355426497853e-05;1.5479470165679137e-06;3.010009221643173e-07;9.411466900014335e-06;1.6653702883192935e-06
07:09:51;182;5.1397531292836485e-06;5.6098185924855885e-06;3.208227655063721e-05;2.922676265368099e-06;7.223203968206607e-06;5.39853659634301e-06;5.534809289997611e-06;4.820427960471431e-06;3.0096488960008503e-06;6.430124201014823e-06;5.382064501382254e-06;3.9832500103965564e-06;6.959269873747913e-06;3.3943836879046785e-06;6.618640510163749e-06;3.247665077490442e-06;8.179262450436068e-06;6.213698604450299e-06;6.514653958657629e-06;5.730456065020341e-06;3.372019623211715e-06;6.103985432547015e-06;5.844104128334925e-06;4.409450337081143e-06;6.75106142623434e-06;3.882572083874706e-06;7.068892143793107e-06;6.806880652207521e-06;1.3877475289728011e-05;0.0002225582472221691;4.0623062841871484e-05;4.420447299657702e-05;1.5179723574329205e-05;9.527931658042199e-07;2.614838431756097e-05;2.18016429905425e-06;3.4505026844513906e-07;1.0680387970024779e-05;1.4306760098749541e-06
07:12:13;183;7.221742012316926e-06;7.770646979098054e-06;4.3553996538556205e-05;8.692047890173688e-06;9.252713154045916e-06;1.042296940053947e-05;1.202452062187831e-05;4.888735264526903e-06;6.149388414074379e-06;4.764225337955901e-06;1.179889847045181e-05;4.40841907947939e-06;4.115652366788357e-06;5.445822238734556e-06;4.697509531581545e-06;9.168952860645846e-06;1.0103875652769407e-05;1.1006919590681143e-05;1.3170524555248506e-05;5.888519995729623e-06;6.47109130666281e-06;4.89821594714204e-06;1.255615153597687e-05;5.076179575875749e-06;4.12566787763123e-06;5.724721344035337e-06;5.056940599848831e-06;6.647228219651788e-06;1.4811678371520044e-05;0.00030527250772644963;5.034793534006811e-05;4.895469619621122e-05;4.1897428403541824e-05;1.1841473530848165e-06;3.986647216219492e-05;1.916753202929037e-06;5.645353357214438e-07;1.00545135788825e-05;1.130062572419214e-06
07:14:34;184;8.65760411983274e-06;9.012325122805837e-06;5.7772183787755206e-05;1.0653334271637505e-05;8.420431686059517e-06;1.5369737554429072e-05;7.715531655350105e-06;5.811098177846671e-06;5.465397740519765e-06;2.325549584079247e-05;7.012116301103271e-06;6.828054841372994e-06;3.6683357853561915e-06;6.182413107518931e-06;3.509298856921558e-06;1.0667251404535093e-05;9.65123059888609e-06;1.5884390829998226e-05;8.83799592987929e-06;6.710221222868923e-06;5.660663761393406e-06;2.21286733293813e-05;7.436366927380087e-06;7.121975400716824e-06;3.681571521340203e-06;6.445004339207404e-06;3.92255338462021e-06;1.092349232620535e-05;8.251010308818252e-06;0.0005029913839726329;5.917455919238613e-05;3.2304643400707015e-05;3.3860776411176e-05;1.7475487123850244e-06;2.663483588113222e-05;2.0391731507023573e-06;1.4873564943413228e-06;1.1952798454855452e-05;1.8986271477203855e-06
07:16:56;185;8.18173104280814e-06;8.685196330070884e-06;2.0379706286181686e-05;3.2179873615105365e-06;5.487162568681728e-06;1.2735375616624754e-05;1.649544244292594e-05;5.641939629829164e-06;5.932291779102301e-06;1.4769741045871466e-05;8.462672595173485e-06;8.201591429597825e-06;4.005190023354482e-06;6.2166461350831135e-06;7.014728615024007e-06;3.5135708889978145e-06;6.389095293757869e-06;1.425543523279735e-05;1.7667066757998257e-05;6.629688825825402e-06;6.1428966177970055e-06;1.387292891367791e-05;8.97328532752183e-06;8.808208665960834e-06;4.12710871007474e-06;6.726126247474296e-06;7.116941574916186e-06;8.225977898060722e-06;1.7340481382054417e-05;5.5667843013742087e-05;8.324003455048091e-05;3.4262903880978086e-05;1.3233192810901775e-05;9.834291655729447e-07;1.8254984991963666e-05;3.352758982389656e-06;4.296282013304163e-07;8.591576071915503e-06;9.736644847900022e-07
07:19:18;186;5.036757135004874e-06;5.54596999215472e-06;2.696657407668478e-05;1.13165786895696e-05;4.383757347751911e-06;5.92558107890475e-06;4.92475350035513e-06;5.188218936005094e-06;2.3988957973195757e-06;6.117619720862939e-06;4.612385332336544e-06;4.684969573015058e-06;2.8651760049766297e-06;4.491421846159421e-06;3.53172604454373e-06;1.1336461163490283e-05;5.2934227956547715e-06;6.707999338825083e-06;5.807776017407585e-06;6.058993903934606e-06;2.8643253302371832e-06;5.885308981512797e-06;5.329070791624792e-06;5.265279152716843e-06;3.049718734876513e-06;5.031017591838601e-06;3.922264289065401e-06;7.926995300345976e-06;1.7894505414657e-05;0.00016878658815604026;3.551723684580273e-05;2.653698029242104e-05;1.6130025856848946e-05;1.174362704867875e-06;3.569653027352053e-05;2.259256872154395e-06;5.359316258697079e-07;9.568014657452002e-06;1.5724609202369118e-06
07:21:39;187;7.989780868265164e-06;8.7643502814024e-06;5.870799305324132e-05;5.826699063440153e-06;1.08368907570428e-05;1.2328815710883521e-05;5.7152414615044025e-06;1.3747173330681438e-05;7.547575529736667e-06;3.410782256549086e-06;5.230147382982088e-06;6.5230104553393176e-06;5.624330274723764e-06;1.2638260499060875e-05;6.448440629469587e-06;6.0717259202647256e-06;1.1870466608607912e-05;1.3123987703037056e-05;6.816296493675106e-06;1.5697366052336292e-05;8.35718092678724e-06;3.6105745660774396e-06;5.892988202170192e-06;7.241483528352685e-06;5.739506895788739e-06;1.4065198361613166e-05;6.685423826799902e-06;9.743478340652859e-06;6.9524884017081955e-06;0.0005089801533556857;6.264205671938195e-05;4.414540410838921e-05;3.160565566172515e-05;3.0906847669242437e-07;2.6599792942489427e-05;1.6180827393437768e-06;7.091135666956035e-07;1.0211326175218612e-05;9.79296150913119e-07
07:24:01;188;7.0178854817920016e-06;7.587502543312347e-06;3.137131963202409e-05;9.619498612778443e-06;1.7608477357100583e-05;4.978890233915805e-06;7.746810620222856e-06;9.108310177520128e-06;3.6785878527532323e-06;3.845837274176554e-06;6.599180407947229e-06;5.0210848275934374e-06;4.785863966622566e-06;6.318623657428836e-06;4.903458852693761e-06;1.0099557032303949e-05;1.8334060941809563e-05;5.6013261108759414e-06;8.864342465971323e-06;1.0070831917167922e-05;3.930553665541774e-06;4.091309476072776e-06;7.35033226871415e-06;5.714340757181105e-06;4.990316909565472e-06;6.871837993895508e-06;5.131217811807962e-06;7.1516458028668274e-06;1.7330394361257004e-05;0.0001733734426668925;6.879096037671896e-05;4.4728675320789486e-05;1.967793606967675e-05;1.045547716504545e-06;2.944211758610248e-05;2.01706846416355e-06;2.4200781284529375e-06;9.125290700302836e-06;1.3526783905612404e-06
07:26:23;189;7.14654376953273e-06;7.688720600100755e-06;2.5740925903488325e-05;4.8666699589845886e-06;7.4846214397956086e-06;5.4308202085709665e-06;6.1164270797255744e-06;6.177012203713937e-06;5.31893481485342e-06;3.0286781958337046e-06;5.472582486408907e-06;1.5149148069326657e-05;2.94829546166785e-06;5.368820994727292e-06;1.8396512258918435e-05;5.335003975290684e-06;8.277091021941314e-06;6.296287918740756e-06;7.410676833479798e-06;7.528445540985926e-06;5.828109400497368e-06;3.2049797712865765e-06;5.728296052519552e-06;1.5082360508281052e-05;3.167698768945079e-06;5.912574769227612e-06;1.849312047852436e-05;8.995890838364421e-06;2.336533282616441e-05;0.0001450129859861196;3.725012548670109e-05;3.440530472769197e-05;1.5447098654980726e-05;4.5568569505919905e-07;3.008128967490928e-05;1.9524030820705863e-06;9.90419250315185e-07;1.0017875454120695e-05;9.166991653627899e-07
07:28:44;190;8.042620920760287e-06;8.447603393713369e-06;2.697115215534111e-05;3.4637424127287826e-06;5.170667272771177e-06;6.200577525044599e-06;7.387045568856882e-06;4.8709717377157995e-06;3.873156881762828e-06;5.075695981576251e-06;1.0902055279225145e-05;4.450704353589882e-06;2.25840352544279e-05;6.347777873439885e-06;1.6185017752367127e-05;3.771412521824528e-06;5.978884560078503e-06;6.616845134482867e-06;8.73819285113279e-06;5.639864765944827e-06;4.375093757390241e-06;4.790839090121521e-06;1.1752696864968578e-05;4.708527443700071e-06;2.2111336990367163e-05;6.462537615484104e-06;1.642500661500314e-05;9.985734763041153e-06;1.1317754631325041e-05;0.00018443088028558354;2.6398701405187634e-05;2.9908561277649188e-05;2.906697298363129e-05;1.3321754178061645e-06;1.8113516442503475e-05;1.654965798077972e-06;1.0457046566931495e-06;9.21684426950086e-06;1.182013933093982e-06
07:31:06;191;5.7537769196420125e-06;6.291099222685664e-06;2.6716438406101288e-05;7.567724888443453e-06;6.855167446221086e-06;5.212218405406785e-06;4.835157732620908e-06;6.631211631519756e-06;5.645686782881657e-06;3.900085589107634e-06;5.167963464523175e-06;5.014550438886545e-06;2.2847764462596842e-06;1.246370427439429e-05;3.467074042004273e-06;7.592131229517414e-06;7.713710037702945e-06;6.128747700822254e-06;5.927002843512853e-06;7.958513088287642e-06;5.613449974577945e-06;3.980308251006067e-06;5.689842682725992e-06;5.6509809354205965e-06;2.4139017473834992e-06;1.3012382416629315e-05;3.812217105232891e-06;7.118490449686554e-06;1.9208529297976284e-05;0.00011718664629939768;6.836808007105111e-05;4.3781360160455794e-05;2.2002195633896964e-05;1.1853143491045524e-06;2.850152677326569e-05;2.056463766261925e-06;8.53281843228811e-07;9.296330325015566e-06;1.0390419038745886e-06
07:33:28;192;8.130890650063934e-06;8.699718502519985e-06;3.148481382443846e-05;7.094649004037799e-06;1.4925891774582437e-05;6.458232033036314e-06;5.684141858288492e-06;6.076521559544352e-06;4.986439624846381e-06;9.766302956651627e-06;6.25909046289311e-06;4.149134422058089e-06;1.451335430017893e-05;1.1400429961192707e-05;6.2564965142412765e-06;7.342562081317691e-06;1.5758961045678375e-05;7.340449716553572e-06;6.927095605130455e-06;6.878881731033369e-06;5.322039516866863e-06;1.009511564732264e-05;7.054066911016118e-06;4.520551679957816e-06;1.4953679470360114e-05;1.1738262602665589e-05;6.464951684968502e-06;7.4036865008138535e-06;1.6937638828303364e-05;0.0002336582883481151;3.177563786637374e-05;2.7287878204725122e-05;2.2927086541577435e-05;2.5209245814625206e-06;2.123770743236824e-05;2.21861059577494e-06;1.526093365947491e-06;9.704804814675401e-06;6.194088131243001e-07
07:35:49;193;5.82908678901297e-06;6.379636931653087e-06;3.963844330744736e-05;3.363581439556769e-06;6.7957183289153855e-06;4.544228037094523e-06;5.867457925422638e-06;1.3194840804622096e-05;3.38708012360588e-06;1.2299162577278366e-05;4.412667372186909e-06;5.006223042417187e-06;2.7832484562718594e-06;4.079421656396934e-06;4.2154096856382815e-06;3.566969038314986e-06;7.709098767170158e-06;5.3904142348499915e-06;6.879576360489997e-06;1.4805732865204823e-05;3.6987160951233635e-06;1.2210236134337662e-05;4.956870892369174e-06;5.586735766618277e-06;2.912024014440709e-06;4.40569850162561e-06;4.433568533443841e-06;8.33681811351567e-06;1.2502208387331025e-05;0.0003018053576495224;5.450068323577575e-05;3.3984877723841266e-05;1.5113200861955621e-05;9.524441178838582e-07;3.496522109497705e-05;1.9855770681075612e-06;7.451350003840494e-07;9.01468002054396e-06;1.7551164155300678e-06
07:38:11;194;6.32598022837721e-06;6.864883226062144e-06;2.306392954801696e-05;5.986837857624943e-06;6.257482084815923e-06;4.780374558906302e-06;4.5367931523866325e-06;6.710167845369597e-06;6.164280462557641e-06;2.760700912964673e-06;1.9000856249042705e-05;7.185508095116947e-06;4.752423629254694e-06;3.8424457685951294e-06;3.9338901503588826e-06;6.4344996264734144e-06;7.037528857951276e-06;5.577253959121594e-06;5.573026656529231e-06;7.391815974118845e-06;6.737794808342889e-06;2.917087751392259e-06;1.936912976125774e-05;7.707155366950224e-06;5.078532689068094e-06;4.2290347624381144e-06;4.325737157885186e-06;8.034034195658545e-06;2.976880965989624e-05;9.562501712681106e-05;3.256338231012273e-05;4.0200623449583735e-05;1.4733394529472881e-05;8.555404136178729e-07;4.119389496849235e-05;1.8815393827698289e-06;1.0735631424704384e-06;9.336057742441637e-06;1.5012976548661626e-06
07:40:33;195;6.783869633476446e-06;7.2910927745489305e-06;3.5399910186934913e-05;1.230990715648452e-05;9.36365362297858e-06;4.998814264987252e-06;5.954894401583033e-06;7.779615398429872e-06;5.829458376056933e-06;3.4081027154348415e-06;7.1015996742186296e-06;6.391025651001056e-06;8.488009532085657e-06;5.281145505716981e-06;4.500207240066732e-06;1.2632995851416563e-05;1.0214795968784506e-05;5.663820369982549e-06;6.817237216280405e-06;9.033460973793659e-06;6.023219732843602e-06;3.753335724606494e-06;7.4558912343445055e-06;6.708224933805191e-06;8.410104314113792e-06;5.799717514434368e-06;4.980306717306685e-06;7.337232833394926e-06;7.972861129259248e-06;0.000238976808918036;5.21100682060284e-05;4.249935938456526e-05;3.160259775325441e-05;8.34428460968005e-07;3.155538562843256e-05;1.9596209931777097e-06;7.981205541148968e-07;8.046473458033769e-06;1.1059649239537468e-06
07:42:54;196;9.627419593982722e-06;1.0164082296692936e-05;1.71006988354581e-05;6.8270580997746455e-06;1.0665889295647833e-05;2.3312593689504204e-05;9.518932012559327e-06;2.1890488899859147e-05;7.98697276429359e-06;6.084448560014525e-06;4.6388672150434536e-06;4.047137282111893e-06;1.0579078027655504e-05;5.752464589518653e-06;4.225100885238672e-06;7.078695191438195e-06;1.1511898541173167e-05;2.4111894635086485e-05;1.0322121443671595e-05;2.344469740370486e-05;8.62728761949026e-06;5.538474351275989e-06;5.124071799688368e-06;4.884718334865226e-06;1.0348454602132698e-05;6.296720423765519e-06;4.679949119857651e-06;7.351561175791458e-06;9.166906727507252e-06;5.98176501188338e-05;4.281643903693736e-05;3.424222341963859e-05;1.4973731849326372e-05;1.5006285785701764e-06;2.0655027146847807e-05;3.379347484553181e-06;1.1556892522392775e-06;8.807540420158745e-06;1.3416408150932616e-06
07:45:16;197;5.328580570562735e-06;5.8231747326444055e-06;3.4550715750629385e-05;4.444748177431538e-06;9.794557189221367e-06;4.620102598031715e-06;6.3055701996394085e-06;7.937186750113638e-06;6.32586433336645e-06;2.2972881581686333e-06;3.1369797384363873e-06;3.0013937471938914e-06;3.972493021884495e-06;8.710704602066244e-06;3.3960764708689855e-06;4.878722626316734e-06;1.0570973383345276e-05;5.320743210614648e-06;7.228766179063705e-06;8.56610891281014e-06;6.563912479520431e-06;2.4912243512643944e-06;3.773505686464737e-06;3.5258406344987233e-06;4.198311729206706e-06;9.131692926346176e-06;3.6282922424049238e-06;7.616225294568691e-06;1.580797167137053e-05;0.00024495448470720983;2.578724003275439e-05;4.635680992263658e-05;3.84851180424987e-05;8.246522427813779e-07;1.9941114399307553e-05;1.8520772588169564e-06;1.0172107806305672e-06;1.015083799429449e-05;1.8148466606828232e-06
07:47:38;198;8.48043615064853e-06;9.046759616835573e-06;7.395601756828436e-05;1.2273738584347235e-05;7.288645698302141e-06;2.359257879385785e-05;8.588920006244196e-06;5.40705030745285e-06;5.923351752040224e-06;4.281103068977514e-06;4.607334673778496e-06;5.68147608571611e-06;1.0191437979756302e-05;7.003662907643295e-06;6.9259303384941715e-06;1.246354584716617e-05;8.358295693867575e-06;2.3958544883084236e-05;9.912431484931577e-06;6.543078975079845e-06;6.462778620067483e-06;4.4371188496255325e-06;4.874257525397631e-06;6.003786487597125e-06;1.0302943861415194e-05;7.918653910231033e-06;7.325674934829202e-06;1.004774920780094e-05;8.976547193220771e-06;0.0006554287433074615;9.282467334191256e-05;5.240587510061293e-05;2.7146698465863943e-05;1.3242686682267501e-06;2.384452230619769e-05;2.4975151575090546e-06;1.8753745846794515e-06;1.0244377280090306e-05;8.558662058363798e-07
07:50:00;199;5.488214222799053e-06;6.101490357593056e-06;3.2014597664169256e-05;6.715623329837812e-06;7.162277505947466e-06;5.738407145178764e-06;5.656728829512241e-06;7.338156164332139e-06;3.12727212319947e-06;4.316582160157623e-06;6.025545409213154e-06;6.643873015703279e-06;3.4725575693334516e-06;6.171707512885922e-06;3.4898380293862434e-06;7.173801448147912e-06;8.205755582107659e-06;6.804312979971955e-06;6.716800455734889e-06;8.662663028961198e-06;3.3980354572444805e-06;4.033633060800317e-06;6.5328583873394295e-06;7.150512368453643e-06;3.6396996286304233e-06;7.18625395891166e-06;3.7135561964118374e-06;1.1278465746926712e-05;1.2503409311575136e-05;0.00021795359760942847;3.9365524065433106e-05;3.5453964564190883e-05;1.4152784149738612e-05;5.789342195114479e-07;4.025803466482013e-05;2.3025529782729213e-06;6.451306523942541e-07;8.956800872197892e-06;7.259731355414553e-07
07:52:21;200;6.686627574223084e-06;7.208926122017791e-06;5.6856131989197965e-05;5.02717884258304e-06;1.463815035342784e-05;1.0674196273379783e-05;9.784253596091151e-06;7.891762139939312e-06;3.3084456877542254e-06;8.302896418722515e-06;3.630069226222655e-06;5.142493945827069e-06;3.1948087225427715e-06;4.360044142453551e-06;4.28522973453224e-06;5.430820453822682e-06;1.5755198857525238e-05;1.1470302461366142e-05;1.0805194322045604e-05;9.115094466715508e-06;3.5361901920416267e-06;7.802123704256896e-06;4.244358096106156e-06;5.5748951846125455e-06;3.483346601362566e-06;4.837252845391049e-06;4.452333530336338e-06;8.708893918382803e-06;1.077872417581845e-05;0.0004781355310549434;9.937110529095345e-05;2.8050058607274684e-05;1.9352736991983836e-05;5.479214855691988e-07;2.5327687034905763e-05;1.973807168189294e-06;7.290033797281005e-07;8.394531719089134e-06;9.035830435373189e-07
07:54:43;201;5.478460558740815e-06;5.977252471836172e-06;3.392952787636622e-05;2.547591759529475e-06;7.365278701921728e-06;4.807139681226793e-06;4.4110099524501e-06;8.249635789522616e-06;7.0437975413607425e-06;4.954153828506946e-06;4.5308424286748625e-06;5.068971513886502e-06;3.413504763052153e-06;5.546415810671461e-06;7.803182998341898e-06;2.846033257637943e-06;8.201062048354725e-06;5.647826655253015e-06;5.51686580480766e-06;8.8747551671986e-06;7.004434210793528e-06;5.189618406480413e-06;5.081156730946393e-06;5.552693446128315e-06;3.5811277712127776e-06;5.913039817469441e-06;8.31841414684634e-06;6.121081371553963e-06;1.3982633683498941e-05;0.0002525554459055597;3.904997190750146e-05;3.362643368480214e-05;2.421012166075631e-05;7.853137376217451e-07;2.323265289763389e-05;2.0228254069736135e-06;9.030503789473478e-07;8.940801004144224e-06;1.7240028774012578e-06
07:57:05;202;5.467436539225384e-06;6.019372150045525e-06;2.2951342279397483e-05;4.007300650340798e-06;4.855912109423922e-06;1.1200116784560908e-05;5.631159698538113e-06;6.34359367976148e-06;3.3422366813534215e-06;2.9407616915348584e-06;4.194112872759413e-06;5.945979221554477e-06;7.224683859809809e-06;6.869137874913762e-06;3.0542413624475144e-06;4.090802588196519e-06;5.7047966608099415e-06;1.2133038218294881e-05;6.713162776255167e-06;7.1640093245127614e-06;3.7451828845831507e-06;2.9999835351766624e-06;4.6853648499667474e-06;6.495387582663746e-06;7.666435631338722e-06;7.426426829532588e-06;3.4078727303840193e-06;8.66806964971646e-06;1.9127129423339933e-05;9.60087806304853e-05;6.193659647978378e-05;3.543707946807014e-05;1.601266443186082e-05;1.4107824651140936e-06;2.161183532587063e-05;1.976923195392084e-06;4.943382924667389e-07;1.1456786667069226e-05;1.2751213236006542e-06
07:59:26;203;4.02862002440491e-06;4.458415566049656e-06;3.411963917380575e-05;3.4314676034793736e-06;5.50884494514166e-06;3.885496993240943e-06;6.688878326857858e-06;3.2360665785027076e-06;4.875555546200096e-06;3.3482875315177747e-06;3.5963529063048387e-06;2.6929231594540295e-06;2.020722423572026e-06;5.941273747564227e-06;3.117568997462234e-06;3.4153104111225465e-06;6.400138772733044e-06;4.740030722650427e-06;7.69449807309304e-06;3.890329014522442e-06;5.0980063924380605e-06;3.127226470577268e-06;4.207964324554199e-06;3.1731974530297914e-06;2.2268225568985123e-06;6.279901385766342e-06;3.24755971425613e-06;7.374834552113428e-06;9.925264048518526e-06;0.00023833914138054305;5.22883599888983e-05;4.392085752289308e-05;2.0490019424221297e-05;6.689303606169768e-07;2.2262576117864865e-05;1.9048955911907166e-06;7.751109835147129e-07;9.779575291917314e-06;1.7061048233767296e-06
08:01:48;204;4.51537470105088e-06;5.171909684070704e-06;1.7689687416445028e-05;4.695409342629504e-06;5.740194068434593e-06;9.113442270735174e-06;4.474057618285666e-06;2.9176997351498812e-06;2.544736033207393e-06;3.2266178608156535e-06;9.030186032145014e-06;4.355089017658222e-06;2.3248122521221406e-06;2.956720209920408e-06;2.805530172138178e-06;4.973077486421879e-06;6.764822354496205e-06;1.0578282871381217e-05;5.6543632886535345e-06;3.6569529791311746e-06;2.987420161038175e-06;3.4308977875079557e-06;9.810283135945461e-06;5.046135595565127e-06;2.4775533154729315e-06;3.4818493140501463e-06;3.2012761361720896e-06;6.906587512750384e-06;1.8549746861787698e-05;4.697057247887438e-05;5.633567114878351e-05;3.368744520844266e-05;9.378478376508767e-06;1.267859496277242e-06;2.5232495035944628e-05;2.764132587040432e-06;6.431220042586631e-07;8.856549719462509e-06;1.6835885672094191e-06
08:04:10;205;5.440904881223477e-06;5.981387190170412e-06;3.1115663749306036e-05;4.974862451686849e-06;4.976463916990652e-06;4.8285607467138645e-06;5.223185224294142e-06;9.835550266759894e-06;4.13599141585957e-06;4.04793105249465e-06;7.312265243732761e-06;3.369668158725858e-06;3.5928858595339492e-06;6.051067900162107e-06;6.94242455168137e-06;5.507124371111395e-06;5.826514210109709e-06;5.334894234393584e-06;6.26398353037812e-06;1.1482952444727939e-05;4.511516897741497e-06;3.946209488598861e-06;7.731722689641174e-06;3.87415714244468e-06;3.557732187098598e-06;6.385984099462711e-06;7.353853181738014e-06;6.3907847444670874e-06;1.096963815214613e-05;0.000209808741808066;4.799579870532206e-05;4.0560357802760366e-05;2.1218377173906446e-05;1.9006507394588822e-06;2.0382504716634347e-05;2.4290186975965813e-06;9.459847947307433e-07;9.814905822749031e-06;9.71201833834728e-07
08:06:31;206;4.959178237517005e-06;5.400145796499336e-06;2.1202626014294013e-05;4.6195598599751975e-06;9.306232238321337e-06;8.413352230976754e-06;5.256115494360487e-06;3.342577908844129e-06;4.019233791523065e-06;7.319898123434789e-06;4.068721586233695e-06;3.172293538320694e-06;3.1344460010144943e-06;3.182658694488406e-06;3.675047557100635e-06;4.8454919463818186e-06;1.0007753356643938e-05;9.248596954789776e-06;6.384939708852149e-06;4.120368182928452e-06;4.238285601452764e-06;7.028919048646953e-06;4.539678543493855e-06;3.766372179897293e-06;3.2337509454216933e-06;3.5723661871019478e-06;3.815224643035378e-06;6.538371047189355e-06;2.478118797624428e-05;5.6975090163618795e-05;6.487620331386819e-05;3.726838791977945e-05;1.7266509676811617e-05;1.3345549270004523e-06;3.270045189116219e-05;2.567626763673576e-06;8.690673604438754e-07;8.309696432934237e-06;9.443646988021523e-07
08:08:53;207;5.909031369423122e-06;6.385324295594348e-06;2.6406087689503175e-05;3.273882493911887e-06;6.853668891566982e-06;5.448015850168469e-06;6.100331069221325e-06;3.4381415324444022e-06;3.8742774364018055e-06;2.7445908900732134e-06;6.003856290671582e-06;2.1465973187740804e-05;2.092054504743146e-06;4.317102096251801e-06;5.296480646550932e-06;3.384533355057113e-06;7.654773727625968e-06;6.182067443637319e-06;6.878480384836587e-06;4.171294674621624e-06;4.258897527368482e-06;2.8770679568591317e-06;6.652554458026005e-06;2.203408126384786e-05;2.3337880474507155e-06;4.6606575600706005e-06;5.535693205700549e-06;1.101569442647595e-05;2.031989070301097e-05;0.0001413012811068811;4.601560567186689e-05;3.427212568576213e-05;2.5069748499509294e-05;7.047415270015549e-07;2.424722922644965e-05;2.001440999111981e-06;5.670381369572495e-07;9.942350262380734e-06;1.415906028630622e-06
08:11:15;208;5.565094506917748e-06;6.145628394503397e-06;2.0742160231322838e-05;4.4743344861072645e-06;1.0906082378364152e-05;5.050493968574508e-06;6.266505237626709e-06;4.288251211257623e-06;3.835277035109512e-06;3.5222750762125603e-06;3.857760741965421e-06;5.145087263710738e-06;6.0335110276810155e-06;5.43705477601913e-06;7.964498923485053e-06;4.7956196921623366e-06;1.1741793784920769e-05;6.099463496843494e-06;7.4771572984946605e-06;5.103491814017754e-06;4.397709163421945e-06;3.623863918458287e-06;4.361988574808354e-06;5.820736371592657e-06;6.297639925787159e-06;5.9761682937105545e-06;8.051906626883753e-06;6.349218565339534e-06;1.607939242729781e-05;0.00010413634375460419;4.034891815120108e-05;3.158966284056565e-05;1.0753159953397573e-05;6.727293248294283e-07;2.6090515256233556e-05;2.4938609627410035e-06;1.101944725368967e-06;8.410997923212403e-06;8.791788910828618e-07
08:13:36;209;6.4182585743114116e-06;6.888183956498669e-06;2.056428834411311e-05;2.644452261209422e-06;7.125481329175252e-06;1.1732306746316887e-05;4.869955977552949e-06;3.4904430326256697e-06;1.8653943348050976e-05;4.522769935051811e-06;4.666800836681452e-06;4.247340375326561e-06;4.782096894796371e-06;7.136527629696006e-06;3.1469828076780004e-06;2.8414588792035334e-06;7.39075327273204e-06;1.2620865485978701e-05;5.906365378352716e-06;4.214947151450371e-06;1.8742498169454918e-05;4.259354666460183e-06;5.328045983931796e-06;4.711289017870536e-06;4.931993952929668e-06;8.28498475095353e-06;3.4256487985738755e-06;6.887330506828028e-06;2.3902908204706596e-05;8.172268174390665e-05;3.874158165819598e-05;2.5558385208591023e-05;3.623038849671843e-05;6.312064945896943e-07;1.880155348496525e-05;2.1496352491822916e-06;2.1615714728337426e-06;8.37596548491716e-06;1.6082521239224597e-06
08:15:58;210;4.371771036010779e-06;4.835839453208573e-06;1.9907543797156286e-05;5.4155101574854765e-06;4.268003703021929e-06;7.0447134044632715e-06;6.123466801258556e-06;6.217115628779559e-06;3.349912541139588e-06;4.114536285500363e-06;3.6165987449265913e-06;3.0402842485182706e-06;2.2336829234732973e-06;4.715851958795011e-06;2.3215744564743868e-06;5.734030403662565e-06;5.02110860101242e-06;7.572376546969407e-06;7.136479671086668e-06;6.927168712962479e-06;3.7460773179375365e-06;4.088726220426814e-06;4.248089182994268e-06;3.603901036455417e-06;2.398325686436128e-06;4.953649280812183e-06;2.600139040784793e-06;7.047776787270198e-06;1.451421306059337e-05;4.85125971282845e-05;8.264818943383217e-05;3.4170504327673644e-05;1.6174255738307113e-05;5.685811834246785e-07;2.241758808014268e-05;2.2134662521954842e-06;3.803519772844247e-07;8.424721043187952e-06;1.8182805536793453e-06
08:18:19;211;4.477069050197584e-06;4.989943395057823e-06;2.3034457415304947e-05;2.8449684558072943e-06;4.474501889329861e-06;4.058863408444453e-06;5.537636377410267e-06;7.339115818829421e-06;3.5146126182313124e-06;6.131933846505304e-06;6.180300668487152e-06;2.875021847743979e-06;3.709089409104587e-06;4.442260182974616e-06;2.6165222033469604e-06;3.250335342422256e-06;5.392210869679649e-06;4.96004880788641e-06;6.462559656339883e-06;8.696878495944084e-06;3.7938524759669282e-06;6.008821323627637e-06;6.299465756548003e-06;3.3755680599628988e-06;4.1067268417072796e-06;4.662208389566365e-06;2.8706431769161915e-06;8.980337143807628e-06;1.69647541631364e-05;0.00012793625212761112;3.511784186500359e-05;3.404939590415563e-05;1.9911954296380012e-05;9.221988944212671e-07;1.919587281514988e-05;1.7991984352833363e-06;8.944221607549529e-07;9.505564622188672e-06;1.1356965557668413e-06
08:20:41;212;1.000477539166282e-05;1.065384986770967e-05;3.590151102708133e-05;1.0699921756699124e-05;1.3396124665958228e-05;8.492616488033697e-06;1.258984842358111e-05;1.7410733867315933e-05;5.0928355373710845e-06;4.42513674737587e-06;9.444065687541132e-06;4.265992312210446e-06;8.359577766660983e-06;6.551693629962653e-06;1.9328754164730938e-05;1.1275688880059648e-05;1.4662212022444634e-05;9.615656778540924e-06;1.3758680255751308e-05;1.9073347325099313e-05;5.543965500369786e-06;4.288236152804737e-06;9.831121196493999e-06;4.889372472531203e-06;8.58879233235228e-06;6.650239604052239e-06;1.9668883166410018e-05;6.782499083804213e-06;1.8849852650241836e-05;0.0002226407788104908;8.269501878630192e-05;3.1707713093518546e-05;2.1490909891092185e-05;1.2887032019560807e-06;3.217911191413075e-05;2.463789561389587e-06;3.40364343003005e-07;8.744596694403177e-06;1.634794294643853e-06
08:23:03;213;6.443110322607026e-06;6.956366183957574e-06;3.870605406747921e-05;3.806462580610318e-06;1.0236442743147025e-05;1.0726109141242803e-05;6.539450405669682e-06;9.257333052206915e-06;4.2820323109538094e-06;3.1690075609315147e-06;1.254537433742991e-05;5.285592654951705e-06;3.0301536266819085e-06;3.5030251205628558e-06;4.93633846138602e-06;4.1484413385879186e-06;1.1115895050133525e-05;1.1346950878196136e-05;7.702999609355636e-06;1.0019877436207025e-05;4.66271188122823e-06;3.1109144139941522e-06;1.35035983867401e-05;5.672010683490124e-06;3.1515526778761503e-06;3.908852822630102e-06;5.132587260429974e-06;9.966900387453127e-06;1.9418466141465985e-05;0.000278792601916014;3.8845322538581074e-05;3.9079336040032785e-05;3.366383633426676e-05;6.626905541575095e-07;3.010557134760772e-05;1.8928564559259311e-06;5.444318794585913e-07;9.88588445594122e-06;1.6147507588458813e-06
08:25:24;214;8.229923879680841e-06;8.56650897535301e-06;2.2122881342826834e-05;3.2873390230553863e-06;6.415968320668113e-06;8.980024154745728e-06;6.726136344781253e-06;1.757906284441643e-05;2.673119763843798e-06;2.220873193049432e-05;5.009985557080654e-06;6.644673823204399e-06;4.898445378290458e-06;6.963581185136615e-06;7.3720150368863164e-06;3.5895740312079845e-06;7.1888494294168445e-06;9.686157394339083e-06;7.661304935717902e-06;1.764950814538656e-05;3.005123014904539e-06;2.1186541421747842e-05;5.497511248121773e-06;7.120587304575277e-06;5.058529826714267e-06;7.538148453552166e-06;7.616269506717247e-06;6.955537016973337e-06;1.431700319680268e-05;0.00010863446650889139;6.572523349661314e-05;2.493602338483576e-05;1.3162201561318365e-05;9.4039313635695e-07;1.7415348018657263e-05;2.1338133732125497e-06;7.359725287611039e-07;9.009739154605254e-06;1.5088447368941016e-06
08:27:46;215;6.648536955563858e-06;7.38967584674114e-06;3.760323221942868e-05;4.280308518774105e-06;9.85329529547905e-06;8.899641826073692e-06;1.1019395750948165e-05;5.818253033463737e-06;5.493540816106898e-06;2.7293540290074247e-06;3.659316504438111e-06;8.629458660374729e-06;1.0008959631849477e-05;4.729167872338539e-06;4.661749952526086e-06;4.580990563065629e-06;1.114262524332602e-05;9.779840258741825e-06;1.2678295108712576e-05;6.948588311906515e-06;6.054270394272436e-06;2.8128740478689594e-06;4.4158638951258474e-06;9.32629486266671e-06;1.0444697095466192e-05;5.226443231031571e-06;5.265324797262652e-06;9.858293260822755e-06;1.0084715186270156e-05;0.0002769832532995006;4.498894389333024e-05;3.964599783463184e-05;2.2254174975503766e-05;2.0896344050468266e-06;2.9783173179599715e-05;2.095889871333261e-06;2.2276967007038786e-06;9.788180397108742e-06;1.4388336292923e-06
08:30:08;216;4.603954158193863e-06;5.117785130545299e-06;2.6830866419229343e-05;3.7685110019225476e-06;5.793610521271313e-06;4.089465677446149e-06;4.766364345310979e-06;6.4853960382229365e-06;3.372559934272152e-06;3.0749667990063885e-06;3.427107137874621e-06;4.093408427895508e-06;2.846798045781766e-06;8.947112549022181e-06;4.582147440792348e-06;4.295171352111273e-06;6.738331597296542e-06;4.818241838816166e-06;5.964880353496506e-06;7.315706372100056e-06;3.834206009005241e-06;2.900924833232273e-06;4.165693297504213e-06;4.52183240679604e-06;2.969915012899831e-06;9.020851013955035e-06;4.867666071916148e-06;8.508930161766542e-06;1.0259828675974159e-05;0.00017541505905334294;3.491082158291181e-05;2.760827558864875e-05;3.1037516232310264e-05;9.694993411584263e-07;1.9957439860227806e-05;2.158122452674671e-06;3.1350057188103984e-07;9.438671606612692e-06;1.3927319032429856e-06
08:32:29;217;5.945445049736588e-06;6.481115132707681e-06;2.315179192203773e-05;4.1489688223221455e-06;4.239898636303575e-06;8.96438334440187e-06;9.778586411228348e-06;6.2133703916086605e-06;4.060708435525064e-06;2.054923634243654e-06;5.52131144424741e-06;9.371513235898668e-06;8.774409165952916e-06;5.228866548957388e-06;2.988398864851986e-06;4.412899316557281e-06;5.189831939143131e-06;9.698934655152467e-06;1.1202068441279256e-05;6.860201509984039e-06;4.366276715688711e-06;2.0615604231766788e-06;6.38297269918589e-06;9.663410206554499e-06;9.102435359625216e-06;5.63938015205432e-06;3.193408375248314e-06;7.88503653671762e-06;1.8209437738299826e-05;0.0001196090359626861;4.137620996124302e-05;3.1623802935714694e-05;2.04630111304209e-05;9.080633103664651e-07;2.4955746676448546e-05;1.952804456398986e-06;1.29827075311111e-06;8.076011443751524e-06;1.4640721592940051e-06
08:34:51;218;5.205349301010384e-06;5.624107542862936e-06;2.5434210621859733e-05;4.200939836319538e-06;6.113222536831906e-06;4.828319165413446e-06;5.1422915134935465e-06;7.531554953033037e-06;7.003297055971106e-06;6.586825218913749e-06;4.181379047452083e-06;5.652264685548661e-06;3.451377218769122e-06;4.647171554239549e-06;3.1255471507113892e-06;4.55591051129748e-06;6.673657549935676e-06;5.649500882457146e-06;6.068554561168156e-06;8.262030640172626e-06;7.189223519554052e-06;6.333724041735566e-06;4.676679607286985e-06;6.361807606216517e-06;3.616759502769634e-06;4.774824852759167e-06;3.326615325033943e-06;8.288501120522236e-06;1.9059567145320783e-05;0.00013645408865307427;3.514477288887416e-05;4.018131186324428e-05;2.6873250535666813e-05;8.817330972157092e-07;2.550637238897104e-05;2.3020385922399995e-06;7.64676161895704e-07;8.702058038974808e-06;1.0521569763170597e-06
08:37:13;219;7.496064294540164e-06;8.134837041981445e-06;2.7495996561592617e-05;4.430156313552723e-06;9.111272978595315e-06;6.239056635851367e-06;8.980119661378632e-06;8.01803105720079e-06;5.920325910321625e-06;1.0520618490646298e-05;6.510665740351711e-06;7.0341829624903145e-06;8.60633265728242e-06;8.388274522339792e-06;6.193732264201592e-06;4.876926722536615e-06;9.638444202831619e-06;7.044749480296041e-06;9.83476923154947e-06;9.843560565634935e-06;6.472998600518714e-06;1.073256622545113e-05;6.786351567698839e-06;7.70553084823658e-06;8.908972004179834e-06;9.222170722785427e-06;6.551001373322201e-06;1.128942459638698e-05;1.337177903714628e-05;0.00018843395947581803;2.9123570252874627e-05;3.1837397429278554e-05;1.8676061135636137e-05;6.787779762830307e-07;2.3909852453159874e-05;1.8899917922025751e-06;6.202764006369652e-07;8.366298415964448e-06;1.754569773723972e-06
08:39:34;220;4.346926570132258e-06;4.8673278751600346e-06;2.2419256528996616e-05;2.9853574419808577e-06;4.218376319284093e-06;5.331644591357397e-06;6.7844841218154466e-06;6.357503134521184e-06;2.846218806821939e-06;2.744861994101329e-06;5.729131470970246e-06;3.631747469706232e-06;2.6419029385170814e-06;5.236811809406948e-06;3.655077131302743e-06;3.2309026958305196e-06;5.083056504202121e-06;6.022698776580944e-06;8.206885433560561e-06;6.9164799872885825e-06;3.1484316791705433e-06;2.9444869801121553e-06;6.473716347258394e-06;3.958757199857073e-06;2.887822997936267e-06;5.475136144405387e-06;4.059558122368994e-06;6.369435955451695e-06;1.1722719776035324e-05;0.00010982133262180154;5.0467154519938616e-05;3.5926468975774e-05;2.2318918238537607e-05;4.5688190646008583e-07;2.0289159130428532e-05;1.990266721748017e-06;4.2428771208743027e-07;8.226108845471113e-06;1.018343944225382e-06
08:41:56;221;4.453436718550434e-06;5.08481628722747e-06;2.2554780059716248e-05;3.6612698747520964e-06;4.985636004241976e-06;7.215783740380485e-06;4.5215467258814934e-06;5.357389394979671e-06;2.434081741336575e-06;2.3757735437128376e-06;4.391416597148247e-06;4.2608063356329815e-06;2.3475433264378993e-06;4.753615782378389e-06;7.136375741174044e-06;3.9145803223423e-06;5.990303671878101e-06;8.388118042407595e-06;5.527814103435405e-06;6.2000518091390635e-06;2.717455546661756e-06;2.6593493361406794e-06;5.325151905593355e-06;4.759021334670067e-06;2.4700052174725726e-06;5.394920035656998e-06;7.67102216419125e-06;1.3285203058830588e-05;2.1451475263606538e-05;9.397114564012084e-05;5.2303381534031985e-05;4.0748896158040344e-05;1.5157941330239101e-05;1.5209619710574449e-06;1.9525009888763918e-05;2.9833085643990245e-06;9.198337170835601e-07;8.123892938764391e-06;6.663106516572667e-07
08:44:18;222;7.089564491671106e-06;7.567947083276245e-06;2.153862906269741e-05;2.7642074864205184e-06;2.291413486365069e-05;5.530349647322262e-06;6.174838122193065e-06;6.67714762349967e-06;3.504329273308248e-06;5.647564824200075e-06;4.168167899236281e-06;3.961782750103928e-06;3.2547599986478626e-06;1.7100927657700346e-05;3.3765615455972795e-06;2.9488771757959384e-06;2.3692306288616743e-05;6.28792441844619e-06;7.305489511561029e-06;7.203909257142083e-06;3.928985639112962e-06;5.504372694891181e-06;4.631407473655749e-06;4.518529821429114e-06;3.5347948990915306e-06;1.7647064528836944e-05;3.611700402514175e-06;7.416675220199068e-06;3.177199412648162e-05;0.00010057356099207595;3.0260739918121505e-05;3.8003409831575295e-05;1.3452854690644655e-05;4.0555383154249776e-07;2.1914560191758023e-05;2.5760156379393035e-06;6.779915912464726e-07;1.0173333464990739e-05;1.2368592557938241e-06
08:46:39;223;5.098592066200457e-06;5.597101749750621e-06;3.250854610372063e-05;4.103977222058575e-06;5.029842744813157e-06;4.2196305100555325e-06;9.521913543541029e-06;3.131984949369191e-06;3.1188872372018235e-06;3.474721494937812e-06;5.8175705381105756e-06;5.387674278590669e-06;1.9983803251380747e-06;3.740719189111856e-06;1.1637801066590534e-05;4.27745152580739e-06;6.191816107240834e-06;4.910911926183676e-06;1.0325964830130194e-05;3.844268492892159e-06;3.6122353552095373e-06;3.4635528134205307e-06;6.508159469975206e-06;5.851572357734099e-06;2.208108344923777e-06;3.933317047189052e-06;1.2037860271240927e-05;7.604590960401051e-06;1.0644766162322128e-05;0.00020253883374894208;8.408314739103768e-05;3.576257816358337e-05;1.6294065294459967e-05;1.5492652401619792e-06;1.6158489915130023e-05;2.1887239394002887e-06;4.928754835242535e-07;1.0325824429219807e-05;2.4593925164649576e-06
08:49:01;224;5.3731126576715065e-06;5.783307118736623e-06;2.1265665743056735e-05;3.306108998043814e-06;1.1449270899597444e-05;8.703490291462789e-06;6.054911542334325e-06;5.2162679618949035e-06;3.109829851087976e-06;4.391291984585553e-06;3.902885618083991e-06;4.3991119511588295e-06;3.427134877624512e-06;5.2013898584587794e-06;5.315656403613968e-06;3.483280927786284e-06;1.23813690750674e-05;9.285745133488892e-06;7.028990648329535e-06;5.722997084549091e-06;3.3964368972652963e-06;4.065011497212115e-06;4.463699479868099e-06;4.768616742660038e-06;3.6019762031668784e-06;5.498594577193792e-06;5.702965309761636e-06;6.442805206714675e-06;2.317824862687422e-05;0.00010196469659282737;3.990010829533826e-05;3.701484199337863e-05;1.4195001469057612e-05;1.2927985339821682e-06;1.6910036710263104e-05;1.8590480231391306e-06;4.662343670352175e-07;9.945346150176712e-06;2.0188229478937396e-06
08:51:23;225;4.595464427901354e-06;5.149274611655148e-06;3.271875090261367e-05;2.9832131940501294e-06;4.727449479960652e-06;5.8205907891497395e-06;5.050873800175023e-06;6.420595031642051e-06;3.5324540818105663e-06;2.2251013999411127e-06;4.195471145607144e-06;5.79486427780425e-06;2.398101764681955e-06;6.295689074549542e-06;5.701167303261524e-06;3.2747367945778967e-06;5.489295877459536e-06;6.625766972423593e-06;6.187495457681185e-06;7.334910983042357e-06;3.963975948092319e-06;2.168294271040729e-06;4.963047734270708e-06;6.398877925261608e-06;2.5306437274720556e-06;6.914628913732543e-06;5.939619218742901e-06;6.5653599520639386e-06;1.2736264114302609e-05;0.00022899339727865543;3.522906718664042e-05;3.0487979842042916e-05;3.0773235823251414e-05;7.51161786376549e-07;3.3574814573320146e-05;2.1612125198298805e-06;1.0395024247481974e-06;9.3046494316443e-06;1.008365898488132e-06
08:53:44;226;4.3397852325907396e-06;4.899896399779842e-06;2.6479014681419368e-05;2.5639165003613327e-06;4.197602713095318e-06;5.55806716110138e-06;5.611661083613419e-06;4.343793738441222e-06;3.4344639379730264e-06;2.4782680865859614e-06;4.9868840899979325e-06;7.086770047883626e-06;2.8521796116817457e-06;5.406986587595177e-06;3.556827630323379e-06;2.805598874550049e-06;5.2018060326685646e-06;6.277121325252619e-06;6.537013482960026e-06;5.2906099386469765e-06;3.79976317842043e-06;2.619732660743374e-06;5.778397859172355e-06;7.497421626184508e-06;3.113104116028474e-06;5.820267403313538e-06;4.057918618578881e-06;5.93830747752772e-06;1.7138133134148025e-05;0.0001688376738726377;3.706426272039991e-05;3.738492436873478e-05;1.4598722499031077e-05;1.309810737452733e-06;2.0498765577948153e-05;2.6386474767016383e-06;1.113526862402428e-06;1.035648950578883e-05;8.689119442593345e-07
08:56:06;227;3.7663462480514394e-06;4.2995534875421695e-06;2.4939166987498173e-05;3.2340722762440195e-06;7.4448478518976655e-06;3.7216725103726067e-06;4.488752460477227e-06;4.1961834191604135e-06;4.086624337676622e-06;3.7931246449251046e-06;3.302128667958083e-06;2.5948446245846215e-06;2.3706200824995123e-06;3.773774339324828e-06;2.18950849079585e-06;3.5549472740277003e-06;8.308888361251419e-06;4.483083108724817e-06;5.55890971577643e-06;5.159814098170742e-06;4.236491107965062e-06;3.792086173936834e-06;3.894208101526233e-06;3.0465694008059092e-06;2.5861357955041574e-06;4.341819272045955e-06;2.631687616025075e-06;7.880430257100793e-06;1.2488813182943252e-05;0.00014478199056144835;4.681973161319069e-05;3.521376366549704e-05;1.745006658774164e-05;8.903337719912005e-07;2.1084835426001296e-05;2.3998168672394903e-06;4.395340690064868e-07;8.895903658720862e-06;9.247841890969028e-07
08:58:28;228;7.1243750603209515e-06;7.538068938963159e-06;3.273990397387564e-05;4.618503831175437e-06;5.800803522375149e-06;6.882593797673632e-06;6.1886008421264584e-06;7.186274967097006e-06;1.392652267962934e-05;2.793054816763174e-06;1.217506119969998e-05;4.61742248799882e-06;7.63974451700733e-06;3.883856839692612e-06;9.780059199342036e-06;4.959730222829341e-06;6.687532530560031e-06;7.731311528960426e-06;7.212638172836417e-06;7.881375207529622e-06;1.4247875127164409e-05;2.6447532039278084e-06;1.2739474169404875e-05;5.089970396580565e-06;7.70066805349024e-06;4.2715102401554665e-06;9.289986113039556e-06;7.0161252331587975e-06;7.4640081531134595e-06;0.000205656559397235;5.8704983925364475e-05;4.302324358729268e-05;2.8924106798775233e-05;9.616512538370722e-07;2.4982739524790874e-05;4.461752620988186e-06;5.148776012199416e-07;8.619887594395606e-06;2.548911996336253e-06
09:00:49;229;4.760811699614206e-06;5.240872856638471e-06;4.706963810779919e-05;5.2892097450942606e-06;3.802193652288369e-06;4.498681445787931e-06;5.986914023930529e-06;3.7495921204308305e-06;4.8064004606632436e-06;8.351513134708842e-06;4.06038678816985e-06;3.593808388011801e-06;5.597485358454048e-06;3.78888353063706e-06;3.604669732320593e-06;5.468180567812494e-06;4.700554159804781e-06;5.313895699836843e-06;6.897811090311734e-06;4.458607486700617e-06;4.880860243949566e-06;8.091766967712069e-06;4.676176616422835e-06;4.1934462836862515e-06;5.9731673555009515e-06;4.402194443035206e-06;3.83381162360889e-06;6.977357624869965e-06;1.3776187244535135e-05;0.0003281304894954728;0.0001373880997455941;3.24429749360023e-05;1.4621077798148926e-05;5.823318960806249e-07;1.7135272475023133e-05;2.045655725450133e-06;1.5352203530604669e-06;8.30388553991611e-06;1.8971044594367287e-06
09:03:11;230;6.145306496886281e-06;6.74202716784092e-06;3.137453819469704e-05;4.232317891059913e-06;5.37987855185985e-06;6.4446546119902655e-06;1.1839102815517064e-05;5.989598259309952e-06;8.523200787248118e-06;5.04438979411568e-06;5.628109241681304e-06;5.774534929902199e-06;4.424339177527321e-06;5.036764549841295e-06;5.426785498227363e-06;4.53681923605887e-06;6.268495340757713e-06;7.102003213662147e-06;1.287806736411456e-05;6.998818691177412e-06;9.130425295080397e-06;5.4682196674502275e-06;6.139009506517175e-06;6.332039286266818e-06;4.902820652619717e-06;5.285226000558373e-06;5.862380268947071e-06;5.92370614139978e-06;1.0642775461315093e-05;0.0002133738326367584;3.48834763123236e-05;4.802957222758527e-05;1.3228239222037137e-05;1.629328817358509e-06;3.421440557863989e-05;2.214157879533197e-06;1.2308016154389496e-06;1.0358952576519825e-05;7.652098674547943e-07
09:05:33;231;4.304673311462569e-06;4.834054719520028e-06;2.4810740103908878e-05;3.0117075816672343e-06;8.973165119708813e-06;5.595751545360951e-06;4.376214443753539e-06;4.243389994617143e-06;3.957797985747065e-06;3.234886222326271e-06;3.410742217465926e-06;2.8171509671311283e-06;2.4110879524838227e-06;5.98167904768006e-06;3.642504848532336e-06;3.3692081793744847e-06;1.006263756274085e-05;6.3327218476497595e-06;5.432373862138867e-06;4.775774670311484e-06;4.243235103279437e-06;3.4565651469188483e-06;4.087949376678554e-06;3.30580881330241e-06;2.5914075246839296e-06;6.210809508185683e-06;4.140163066005721e-06;7.0501096716931056e-06;9.586588031442086e-06;0.00014736175581057405;4.1503769060806783e-05;4.2859333320325494e-05;1.639389837032521e-05;7.034761093744813e-07;1.8773153553432252e-05;2.3255816969019075e-06;5.214171653123777e-07;9.325143378334871e-06;1.3246550783838697e-06
09:07:54;232;3.4701425480999535e-06;4.006159525499841e-06;2.3862587940101833e-05;1.9260693636366257e-06;4.0828270769889165e-06;3.7545858966516543e-06;3.896527088381225e-06;5.6246148977963495e-06;2.3058636419260767e-06;1.63219969249375e-06;3.7708139912369503e-06;4.4763798379547515e-06;3.1520510255234058e-06;3.4834829220771595e-06;3.536294119754757e-06;2.216103930147221e-06;4.952670287475715e-06;4.5547870090386025e-06;5.077305069812898e-06;6.578937637077385e-06;2.546064010109344e-06;1.7577646882342331e-06;4.41485056548624e-06;4.905015430267667e-06;3.307377367871342e-06;3.937585907357361e-06;3.825450745306959e-06;6.463638097717308e-06;2.708279793657011e-05;0.00012534761092252087;4.2149123202184924e-05;3.455797410730357e-05;1.1204098923904815e-05;8.167412266708535e-07;2.5050224790907486e-05;2.347379148545063e-06;9.06845979159272e-07;9.235987582999724e-06;1.1886333627380702e-06
09:10:16;233;7.03761822313192e-06;7.619500040532387e-06;2.6935708110910456e-05;4.595863036078123e-06;7.134926780788026e-06;4.68417446245181e-06;5.836026973520864e-06;5.113188194950556e-06;2.2450080236198616e-05;6.210481643943343e-06;5.01938559661529e-06;3.4631723035971618e-06;4.644030534027944e-06;4.85746282437431e-06;1.044262380454277e-05;4.941866684849986e-06;8.165104950824606e-06;5.445376643100518e-06;6.795473923317976e-06;5.959653107529908e-06;2.366905732454638e-05;5.765594847570689e-06;5.4887142153036826e-06;3.9356934935255326e-06;4.908802767676196e-06;5.106853625909912e-06;1.1251807014168317e-05;6.758941690656199e-06;1.7587103693960824e-05;0.00014282286569611958;4.301370956937758e-05;4.795309873873757e-05;3.1052346842892745e-05;7.505302315801782e-07;2.0234500254182042e-05;2.3930104895256717e-06;9.390932026252895e-07;8.868058114144645e-06;8.552388071231858e-07
09:12:38;234;3.875155162414888e-06;4.460446220198005e-06;3.8447942835766626e-05;5.523568570773498e-06;4.887040436329926e-06;4.800359196366344e-06;4.774452258518832e-06;4.2324253650088455e-06;2.6150950045433774e-06;3.5995951304101936e-06;3.4494626030708146e-06;3.128191032753979e-06;2.487932536028707e-06;4.429941479664669e-06;2.5737970531413237e-06;5.932514260523389e-06;5.982936163260852e-06;5.59717255794256e-06;5.788051198521051e-06;5.489050806053329e-06;2.938447359662825e-06;3.4630280220259424e-06;4.075613523001047e-06;3.5178841532302335e-06;2.7128592281067404e-06;5.110473147155224e-06;2.917322216823858e-06;8.422224880736457e-06;1.2232617099389618e-05;0.00031149176400764556;2.6442710767952953e-05;3.4367820726997545e-05;3.271385216023471e-05;8.251797690291954e-07;2.025241210339861e-05;2.248640803029498e-06;1.7774704861490645e-06;9.563796152593555e-06;1.0368250720426838e-06
09:14:59;235;6.881930252172259e-06;7.41565973621158e-06;3.621342201716994e-05;3.276585501668902e-06;1.3904710660933068e-05;4.307347912528443e-06;7.245539430817354e-06;4.52622620175899e-06;1.5181027492226143e-05;7.326484904494763e-06;4.374486412863441e-06;6.9094907369756955e-06;4.980608490483136e-06;4.429299486862316e-06;6.121353414944121e-06;3.4654673515744225e-06;1.473005997030657e-05;5.170111566994935e-06;8.208577220344363e-06;5.524500074552865e-06;1.5997935487218996e-05;7.324335680855659e-06;4.871290960907089e-06;7.628222324974213e-06;5.014033863344709e-06;4.7412610099486245e-06;6.312119245493808e-06;6.948689746383814e-06;1.689780936660298e-05;0.0002699944838912322;2.858255295737915e-05;2.3193258217596373e-05;5.2343538025749675e-05;8.413735814583496e-07;2.184117930883254e-05;2.8142232581029263e-06;1.129413470143953e-06;8.72819697612011e-06;1.2463454064372808e-06
09:17:21;236;4.79939159832425e-06;5.328298230560444e-06;4.1193263179854805e-05;3.122993517769921e-06;8.330472227025997e-06;5.4811328137237645e-06;4.881326534574142e-06;5.451970855703663e-06;2.416334062454501e-06;6.118279989308917e-06;4.189721334151903e-06;4.722819074487461e-06;4.543838211710429e-06;5.272438018137522e-06;3.061370688425572e-06;3.340011804953698e-06;9.059568249459873e-06;6.3477554755956615e-06;5.911964521307905e-06;6.392649777497562e-06;2.7894568258396914e-06;5.994212233993414e-06;4.9251231147640215e-06;5.153269198729769e-06;4.842303154344082e-06;5.791913704515421e-06;3.3913491745495985e-06;9.196763381958615e-06;1.3147369187108086e-05;0.0003386119456680737;3.3218227027038424e-05;3.082800042797057e-05;2.534417077122462e-05;1.273621867402529e-06;3.0026663961346922e-05;2.2591897402561885e-06;7.009190708556706e-07;8.863069084368983e-06;8.492179706533615e-07
09:19:43;237;6.284032619031553e-06;6.789060702016563e-06;5.6214234081313124e-05;3.707877044754262e-06;5.287450900226531e-06;2.2263188666019314e-05;4.988122678704278e-06;4.6323084602112825e-06;3.870908854705394e-06;1.1793567784417808e-05;4.383843889596309e-06;3.7411061422884275e-06;2.848769896343387e-06;4.1811562244798885e-06;3.7100889668744745e-06;4.065630175226701e-06;6.246218945997947e-06;2.3385853660617117e-05;6.101947816159161e-06;5.786476002626093e-06;4.1375665924660315e-06;1.1177961714335502e-05;4.9745735418870445e-06;4.077096485771914e-06;2.8777152263938673e-06;4.697665241985328e-06;3.940020998833219e-06;7.601129685264867e-06;1.078174569671546e-05;0.00046730777338597167;8.946483937045062e-05;3.694597145464301e-05;2.2498714413426658e-05;1.174114413609871e-06;2.319385067728997e-05;2.1713914699394505e-06;1.07061718261702e-06;1.0888937035974978e-05;1.4717241898538768e-06
09:22:04;238;6.0172010256048285e-06;6.490873481278511e-06;1.760427562535571e-05;5.7423087550422345e-06;4.240274918904612e-06;8.361549973301408e-06;5.089533671761873e-06;5.537028664096252e-06;2.9632357387237622e-06;1.7495870928676347e-05;4.9829143471604516e-06;3.5723899080928523e-06;4.164765794133597e-06;6.814848676645562e-06;3.2416888220219353e-06;5.9281797325350944e-06;5.243835863738344e-06;9.653903114529477e-06;6.189087286392224e-06;6.0368037902893015e-06;3.2651427220485003e-06;1.6685620433731223e-05;5.47782163761716e-06;4.196506566425146e-06;4.275431238747382e-06;7.395303822980893e-06;3.5428435602383778e-06;7.483644875317948e-06;2.498947716234817e-05;4.632618953801113e-05;5.353655658870294e-05;2.5178135168278814e-05;1.9681906981568862e-05;1.0568487173887892e-06;2.0020225437097217e-05;1.980554119025326e-06;5.50814836795084e-07;8.662237099269215e-06;1.7847169804649834e-06
09:24:26;239;4.986748224537636e-06;5.619136026083813e-06;5.4944293177210415e-05;3.392404855937705e-06;5.355457590122176e-06;8.689891955591314e-06;4.004424815982268e-06;5.276981043002913e-06;9.954891593560495e-06;2.4836124214192266e-06;4.845660326486206e-06;4.505275284313629e-06;2.902536718449059e-06;4.900979393146992e-06;3.5288608332835607e-06;3.813856987499439e-06;6.396175874065596e-06;9.431983339191337e-06;5.266168080174506e-06;6.139803645055508e-06;1.0602123789863935e-05;2.702600847407689e-06;5.396785299920719e-06;4.8563761975867835e-06;3.367035359116028e-06;5.562135538063638e-06;3.894585754810405e-06;7.95983325221303e-06;1.60322060142883e-05;0.000427531671066405;8.291924251903576e-05;5.794625380636934e-05;2.105100223877576e-05;1.5182807809750991e-06;3.183489242757942e-05;2.043481701171439e-06;5.022651479099104e-07;9.102520295896328e-06;8.898688759052992e-07
09:26:47;240;4.301384687140213e-06;4.896639381248734e-06;2.9577319768073706e-05;2.462732498255026e-06;4.691771742024932e-06;4.04203322804361e-06;4.993746993294095e-06;6.458550985658204e-06;3.1409283321308252e-06;3.6919146311411377e-06;5.4668008014599225e-06;4.03326807103936e-06;2.6486377640628174e-06;6.087975574735212e-06;3.898254062177515e-06;2.6266928438118054e-06;5.580334489630193e-06;4.815409338449701e-06;6.139884169874389e-06;7.603779971460323e-06;3.4659802274371583e-06;3.853468509573126e-06;6.1236580850048465e-06;4.7564640025012535e-06;2.774974491273232e-06;6.694455952485809e-06;4.324568526268955e-06;7.489598450516827e-06;2.101856269742054e-05;0.00015388418032326329;3.8926750230690864e-05;5.1430003977358624e-05;2.1083897450376256e-05;1.2087610954925613e-06;4.665566359983411e-05;2.120192476301841e-06;7.710096412549175e-07;9.569900498442619e-06;7.693167759321086e-07
09:29:09;241;4.759392216093581e-06;5.321305436638473e-06;3.608197925659455e-05;3.5284714852549954e-06;5.253139181992207e-06;4.44404999652451e-06;6.3663030971383705e-06;3.928655123078525e-06;3.7776666422088696e-06;3.1853814522652226e-06;6.306578924379509e-06;6.711443655211207e-06;4.636682234281476e-06;5.988348647179009e-06;2.985984250646435e-06;3.937816818276438e-06;6.106467296802615e-06;5.305907340203426e-06;7.409188330274435e-06;5.000190504930126e-06;4.018824086680196e-06;3.2415710139975077e-06;6.852883157252903e-06;7.4871152696399386e-06;4.814337737829929e-06;6.493393112589418e-06;3.1879687651470003e-06;6.213287595302628e-06;1.3714998173678639e-05;0.00024884270076475735;5.7236524588112084e-05;4.744171215692942e-05;2.6988552188254407e-05;9.851571710843019e-07;1.804193638040736e-05;2.65018188612056e-06;5.885074118375958e-07;9.454670946486425e-06;8.255218161639174e-07
09:31:31;242;6.338125704597918e-06;6.732651710783241e-06;5.621578933304476e-05;5.221286190475056e-06;4.4830388329263435e-06;1.561107954534629e-05;6.540108201265453e-06;8.485314910186306e-06;3.414194020672829e-06;4.831229227422992e-06;3.3390829246632787e-06;4.334651787083678e-06;2.1507225979953337e-06;1.3255147526339526e-05;4.391650940117518e-06;5.4002973165897626e-06;5.2590863946580275e-06;1.5931859315624253e-05;7.818603362581218e-06;9.374222582676029e-06;3.6984236652343395e-06;4.6076212702016015e-06;4.0935758649159e-06;4.769546775824443e-06;2.219984525300454e-06;1.3367712061245825e-05;4.250885859055185e-06;7.072850404612457e-06;1.3769722222180115e-05;0.00046160969460099904;5.592979147368671e-05;6.292695492478165e-05;3.2300980714685553e-05;7.286886451508727e-07;2.6114826517920807e-05;2.2201584495204605e-06;7.852486170737427e-07;9.931751919648385e-06;1.1988035062772695e-06
09:33:52;243;3.936731245152652e-06;4.462681366746864e-06;2.3422534010647097e-05;2.296231932516238e-06;5.6937777695896905e-06;4.096539960262259e-06;4.093426614236829e-06;3.821793107599609e-06;6.160853932548414e-06;4.200991527819104e-06;2.947094119934687e-06;3.707668790491942e-06;3.5414481719700772e-06;3.7437036788581035e-06;2.9372438023629726e-06;2.5829786674093375e-06;6.62140275634084e-06;4.90171547840597e-06;5.293696769421089e-06;4.574558698561903e-06;6.5694394414071835e-06;4.01548286074011e-06;3.5493834660929346e-06;4.128177159122682e-06;3.7730370549289098e-06;4.237907277560156e-06;3.3043956830313828e-06;6.48638629774562e-06;1.848108413421561e-05;9.805533537761521e-05;6.35310226991544e-05;4.194675761824983e-05;1.9135191464920713e-05;8.44850091254102e-07;1.982436347886878e-05;2.2929302323991974e-06;4.303919702849565e-07;8.889889355364048e-06;1.152205407692663e-06
09:36:14;244;4.9332254829049695e-06;5.400266385135459e-06;3.9018672166413666e-05;3.345133856217072e-06;6.8755034900195e-06;7.200330507828312e-06;3.9351276574254e-06;4.379054672331119e-06;4.826548133768876e-06;9.713235255307238e-06;4.7796673305294295e-06;3.5257342978085986e-06;2.9689298219892635e-06;5.125130105522079e-06;2.524308812888101e-06;3.4000081411791088e-06;7.6547398172887e-06;8.131447309177573e-06;4.9938698391053575e-06;5.304110524050458e-06;4.975759767620719e-06;9.250707523589674e-06;5.507930836756714e-06;4.031363140469855e-06;3.0396204554655258e-06;5.64613949940901e-06;2.867498004647293e-06;6.650336147684192e-06;1.791393830635578e-05;0.00028964413385053404;5.000125221840268e-05;3.300768336249526e-05;2.5919667604699703e-05;1.363471417058288e-06;3.009695370476887e-05;2.27508322523334e-06;7.177185974706074e-07;9.3481058777388e-06;1.2857216845222957e-06
09:38:36;245;3.4094158164970683e-06;3.910731720679905e-06;1.8993680326109897e-05;2.0172047402960462e-06;4.873354294170957e-06;4.652190816497895e-06;3.980977848140231e-06;3.4821258980082863e-06;1.9365672895591244e-06;3.072008616539728e-06;3.1560856801539994e-06;2.5454911171219794e-06;2.3023601554554447e-06;6.193069571351502e-06;2.701552801263254e-06;2.247561229247551e-06;5.7812990148762124e-06;5.665972150980659e-06;4.959152926823686e-06;4.192509653807111e-06;2.2170940403295296e-06;3.0345547613734787e-06;3.887861705060217e-06;3.138244811809641e-06;2.3666736360264852e-06;6.4005110525152915e-06;3.0373447097639356e-06;7.107405556869795e-06;1.4363098105105033e-05;8.787091111449338e-05;4.3155338273330994e-05;2.834285044160623e-05;1.0759914293136937e-05;8.113883686641696e-07;2.235924987405114e-05;2.104388837055484e-06;5.232807906468141e-07;9.168779156034665e-06;1.3575591023241375e-06
09:40:57;246;4.220927454344871e-06;4.782830469766735e-06;2.0998251979372102e-05;2.2134686649234356e-06;4.327690908018605e-06;7.241609399567427e-06;4.104613271493918e-06;3.7279795407453196e-06;2.748762371657614e-06;2.005826303921119e-06;4.188333659691714e-06;6.876474981835785e-06;2.171241684869394e-06;4.181787127970955e-06;6.863339874450182e-06;2.522100786175347e-06;5.27396260518868e-06;8.165968608144667e-06;5.395101453946672e-06;4.647988189505288e-06;3.0576173423492323e-06;2.0843412334837507e-06;4.706417041832745e-06;7.426894085313771e-06;2.4587393555302236e-06;4.629441767790439e-06;7.025391017963603e-06;7.19697811441612e-06;2.2996637369870496e-05;4.19111125675846e-05;9.868752639697058e-05;3.358388367413745e-05;9.643688877018555e-06;1.6695629507978541e-06;2.236882424469069e-05;2.120404008764932e-06;6.353319121762991e-07;9.844460877800858e-06;1.320612758236758e-06
09:43:19;247;6.1263042406329244e-06;6.517927523660385e-06;3.135165015585483e-05;8.703935598930457e-06;7.353001228822946e-06;5.9509856229893065e-06;7.536506844858919e-06;6.39374863873534e-06;3.3926329094733565e-06;1.627565179001584e-05;3.713649870527227e-06;3.066433874175025e-06;3.7377700703444816e-06;4.348611816983418e-06;3.042720268550428e-06;9.108288136476289e-06;8.278895304009651e-06;6.586581715550259e-06;8.706749500975726e-06;7.197375386763442e-06;3.817963180510928e-06;1.4843138327291221e-05;4.309313194598756e-06;3.2935876926693465e-06;3.818518922067781e-06;5.005884773547937e-06;3.248831497250096e-06;1.0729082104607157e-05;1.3025931955769131e-05;0.0002065364484331708;4.239046992840957e-05;2.6745796075134157e-05;3.0771547766325165e-05;7.610031527380007e-07;3.201357589241174e-05;1.952107322414712e-06;1.412885632750627e-06;8.709983684406514e-06;1.1709699221204538e-06
09:45:40;248;4.865347743273932e-06;5.276375042763281e-06;6.374033139721735e-05;4.10407859228392e-06;4.997875764316135e-06;8.937368648467078e-06;6.158351622916185e-06;3.2074293572618857e-06;2.9514374097836726e-06;8.669833475946378e-06;3.931703840720502e-06;3.816232700999804e-06;2.122300634222928e-06;4.265054183928317e-06;5.222504848619152e-06;4.2917760500914265e-06;5.812149538542144e-06;9.81881503091095e-06;7.4746414058977335e-06;4.010586639185332e-06;3.2052407660454333e-06;7.934431881880346e-06;4.556950037838277e-06;4.058068037621421e-06;2.203518427369447e-06;4.521480521569036e-06;5.428839637681472e-06;6.6241545223918375e-06;8.355468697539207e-06;0.0005472941971878648;8.524666339798236e-05;3.7446608006160135e-05;4.8157399996190785e-05;1.3335821290998856e-06;1.7978608856375276e-05;1.7564360563187234e-06;6.500447024853396e-07;8.893659098099762e-06;1.1471541161002245e-06
09:48:02;249;4.481595407991211e-06;4.945578468000867e-06;3.4509041444134025e-05;2.708073476656833e-06;3.911264232411585e-06;4.2902332053012575e-06;3.7282286597737557e-06;4.182616398199198e-06;3.3659139745300206e-06;1.5322262091837562e-05;3.5766013946866595e-06;3.43835775350566e-06;1.993259225795508e-06;4.203236360018019e-06;3.059096150857179e-06;2.9679720573537302e-06;4.703350076034681e-06;5.110508905263371e-06;4.735622882481614e-06;4.872786672433593e-06;3.673087803690578e-06;1.4918805218373184e-05;4.243563379060117e-06;3.7505549531902666e-06;2.14315853071052e-06;4.783823140061503e-06;3.443706392789852e-06;6.693127793712686e-06;1.3644006840462197e-05;0.00026445423094731304;3.464145565108975e-05;3.794926229575435e-05;1.99262838860806e-05;2.3213463348336005e-06;2.2603608944166227e-05;1.566144754601001e-06;1.0169091933514822e-06;8.140341426560977e-06;1.151779261682213e-06
09:50:24;250;4.7372495718501675e-06;5.215711374873962e-06;2.2241177531074567e-05;3.759171681978883e-06;5.002223036918642e-06;7.4674849243969925e-06;6.119791435630552e-06;5.73628263047319e-06;2.5028421812643065e-06;2.776726583048566e-06;3.253828871795473e-06;2.933546947015874e-06;8.531773422052167e-06;4.9372307693509106e-06;3.826090601031431e-06;4.014997275474723e-06;6.074635327618298e-06;8.193059444767894e-06;7.0454501423504365e-06;6.677572756255163e-06;2.80489746129908e-06;2.651255539880183e-06;3.823935760263776e-06;3.4981994442113075e-06;8.496181034031537e-06;5.178229762753324e-06;4.130121195413278e-06;7.378881886584909e-06;1.9464653163187086e-05;8.032516839297216e-05;6.302430331047457e-05;4.090069404988911e-05;2.100960811925325e-05;1.8642540023625967e-06;2.0935877852770746e-05;1.7027549839798637e-06;4.169885501849998e-07;8.680369965285883e-06;1.1905760959496405e-06
09:52:45;251;5.472742082381708e-06;5.934930154753486e-06;3.194424812133473e-05;2.0919699971503034e-06;6.082779139210908e-06;6.212026328000775e-06;9.998272877257106e-06;3.6286386672786235e-06;8.655100061942408e-06;5.617015590108178e-06;3.7737930086737235e-06;3.706742437517815e-06;3.0311761474166588e-06;5.976337797167472e-06;6.899051109146822e-06;2.396008827832426e-06;6.831747994142404e-06;7.066832063461748e-06;1.0867231329812747e-05;4.441412243845143e-06;9.040739268463848e-06;5.2804115529386165e-06;4.465907436554781e-06;4.1042674154918524e-06;3.1705462068985763e-06;6.394932399094223e-06;7.159123746348513e-06;6.170749945849228e-06;1.4430010319690216e-05;0.00016048811110060365;0.0001034694544380138;3.9101750612656554e-05;2.3057790358266006e-05;9.55710778780059e-07;2.2313184883750678e-05;1.91074369416961e-06;5.24447033722581e-07;1.0163780704788866e-05;7.452435857254787e-07
09:55:07;252;4.696732516280959e-06;5.2697618391189455e-06;3.4967202899942106e-05;4.827074237374001e-06;4.567735856139424e-06;4.581758563982806e-06;5.721811005443556e-06;4.16475326274353e-06;7.525387361989095e-06;1.8908478993460356e-06;8.813659943934288e-06;5.375102386618767e-06;2.299058269498873e-06;2.8525994350497346e-06;3.7410003150222853e-06;5.212897208308922e-06;5.517329531979653e-06;5.410385400162202e-06;7.1018542723921405e-06;4.882432363104536e-06;7.858157854156438e-06;2.0284242947139007e-06;9.425648628005351e-06;5.934340281241987e-06;2.4883908773644398e-06;3.274318238496401e-06;4.10296154515453e-06;5.690302142471341e-06;1.2690316289914934e-05;0.0002649800778024259;3.9682471570103256e-05;3.986501658787164e-05;1.9192919523440343e-05;9.168832200904402e-07;2.2652287083026042e-05;1.8957578703813666e-06;1.0018783940332254e-06;9.60057982860127e-06;1.4379444869455696e-06
09:57:29;253;5.143675738591727e-06;5.8083692180579295e-06;3.226583746737679e-05;2.308999808323361e-06;5.171401093532908e-06;4.645408921210116e-06;8.290975018935983e-06;3.2981576902296244e-06;4.802401700875304e-06;3.710529957472049e-06;8.326393083538361e-06;3.2189593114654e-06;2.299131157941629e-06;4.090059188787233e-06;1.156169023372203e-05;2.5552856862915075e-06;6.2119563694920275e-06;5.562540317890735e-06;9.301704330591977e-06;4.096200539986713e-06;5.586719372688462e-06;3.782827317841514e-06;8.989257148181124e-06;3.6380157984861894e-06;2.5524661390291737e-06;4.4713363140429845e-06;1.2952120048886414e-05;1.0184007247576323e-05;1.4270822155699286e-05;0.00022309382025536778;4.542555481220024e-05;3.912803291062795e-05;2.3095523060685834e-05;1.139522379955233e-06;1.9071473428317068e-05;2.197557988223024e-06;4.666723052183727e-07;7.326995708114952e-06;1.7900673565353324e-06
09:59:50;254;6.721465618268625e-06;7.229580032914402e-06;6.268774759000834e-05;7.400357618985771e-06;8.087170743338715e-06;1.8512794019381378e-05;6.688629529027036e-06;3.636921961167807e-06;3.556240877535608e-06;9.862530907673255e-06;6.60149108065091e-06;5.179894077465199e-06;2.074753210689163e-06;4.382080657773134e-06;4.674720860267908e-06;7.6202162186815215e-06;8.986303425986022e-06;1.9655379311430644e-05;7.885649757796112e-06;4.404176409715996e-06;3.831245829685572e-06;9.32010549794414e-06;7.2507477968049244e-06;5.455872646559294e-06;2.3229846981019915e-06;4.9660883535038975e-06;5.056188292310484e-06;6.055846102059606e-06;1.1987841656247307e-05;0.00047832800162047706;0.0001645756046520892;3.910969551766543e-05;1.9322983765261804e-05;7.007001368267865e-07;1.982231939073389e-05;1.4817578893750551e-06;6.752382061759158e-07;8.814325474180604e-06;1.3786566690074008e-06
10:02:12;255;4.247675936723412e-06;4.850403940186488e-06;2.6628904987175158e-05;3.3677418675185065e-06;3.634035102092784e-06;7.641400835402898e-06;4.123377998801268e-06;4.513322602761605e-06;4.756267542725047e-06;3.0367798352738293e-06;4.880691635572083e-06;4.213608304129676e-06;3.34223314591885e-06;4.6871459776877025e-06;2.7755047356172535e-06;3.7011439998641897e-06;4.717299891379735e-06;8.408735331751721e-06;5.2849515317506345e-06;5.371785898170879e-06;5.285876246097924e-06;3.13619471289482e-06;5.578107784688804e-06;4.837911083547014e-06;3.662417128320549e-06;5.060121776307513e-06;3.160299938884501e-06;8.558012669804504e-06;1.1239299609450353e-05;0.00017594167948743785;3.5283221835167044e-05;2.7634236691361653e-05;1.2143222606718471e-05;8.153415958940751e-07;3.403767324110322e-05;1.6364044548287823e-06;1.6507660066428386e-06;9.035083349732167e-06;1.5719182979609158e-06
10:04:34;256;3.60802342604736e-06;4.13159469483421e-06;3.0171046673385283e-05;2.530606632204653e-06;4.660314643442379e-06;3.9327482371282425e-06;6.848819157054012e-06;3.998885612542903e-06;3.2510490164192807e-06;2.7860768192702134e-06;3.181412156746691e-06;3.6885572007670153e-06;2.1323961767259125e-06;3.912752634701891e-06;2.3726616921687143e-06;2.694138728818157e-06;5.762042916748088e-06;4.6158019059372305e-06;7.962695270157095e-06;4.95269200885709e-06;3.6205475237382625e-06;2.788309334218981e-06;3.8246885426965086e-06;4.0487900260134815e-06;2.27639765962752e-06;4.2445620128771075e-06;2.7884686987012105e-06;7.101740207795323e-06;1.723660813439944e-05;0.00019419999801975385;6.153440385124822e-05;2.724154526034231e-05;1.972101786216067e-05;7.560379450579865e-07;2.17100693501685e-05;2.140392306998015e-06;8.000092555052547e-07;8.844087625262596e-06;7.666502619313011e-07
10:06:55;257;4.456286943818358e-06;5.078574022148512e-06;4.6834581256461446e-05;4.605203902098186e-06;4.51295067514159e-06;9.074351057721101e-06;4.574538645259323e-06;4.370735442581587e-06;3.0428857767232516e-06;2.4196147592192574e-06;3.6770263908439658e-06;4.051484194598422e-06;3.668478733716411e-06;3.82875635503281e-06;5.649415543212461e-06;5.115163756710001e-06;5.408307624978228e-06;9.95681394566487e-06;5.840106519205124e-06;5.611241914277942e-06;3.4614965192925906e-06;2.6632121184372374e-06;4.344515333816415e-06;4.472484916628742e-06;3.7749899271332225e-06;4.3538168339884715e-06;5.9407375086761295e-06;7.97061571035912e-06;8.501397829319782e-06;0.0003893854276166807;5.2547733614090215e-05;3.7656205897165935e-05;2.6625944966622845e-05;7.052130546209765e-07;2.5763860422599618e-05;2.1517345025743287e-06;8.690275183956388e-07;8.898237825298067e-06;9.3957611981036e-07
10:09:17;258;4.128860169962743e-06;4.6221189683209666e-06;2.1258225852475426e-05;3.0030278042855487e-06;5.363506160255776e-06;4.334108302311341e-06;5.1606885287986355e-06;5.040508567785454e-06;2.0381098974165854e-06;7.091252239309721e-06;3.102538839495527e-06;3.6009271231888946e-06;3.681610404335991e-06;3.16137592758604e-06;3.9686666723846224e-06;3.355003639315535e-06;6.4067525951791546e-06;5.154810130275282e-06;6.432677715749861e-06;5.695243967411328e-06;2.330536028262319e-06;6.45243898637816e-06;3.6991838804837406e-06;4.047384050817861e-06;3.968150800758423e-06;3.695371425479446e-06;4.227872730414766e-06;6.640449335953701e-06;8.3502965809898e-06;0.0001243378433408543;3.736516911868301e-05;2.601146724290804e-05;1.3139059278773614e-05;4.665696230577235e-07;2.709903694878018e-05;1.9509981052247994e-06;4.6412012517231184e-07;8.18812766060787e-06;1.085572868699761e-06
10:11:39;259;3.626745731369593e-06;4.099864574665752e-06;2.05101870057698e-05;2.9771487214896357e-06;8.61882142156777e-06;4.01973864780106e-06;4.190925058948509e-06;2.5839372157902702e-06;1.9041915843716466e-06;3.328893068108776e-06;3.259134447249194e-06;3.459057232969475e-06;2.0248418263303267e-06;3.1291105028298136e-06;4.025147993822677e-06;3.213256930745116e-06;9.293687082989188e-06;4.715643281318229e-06;5.4022561523162975e-06;3.310524332506777e-06;2.157926101235601e-06;3.283546029303545e-06;3.926860026234563e-06;3.931888792251385e-06;2.151232995171845e-06;3.649681649578638e-06;4.1618694421565205e-06;7.385337814763654e-06;1.862706836630206e-05;6.95380161256373e-05;6.592585706942021e-05;3.400754812847374e-05;1.5623621638066814e-05;1.3150577808461447e-06;2.032307148366186e-05;2.4741101075084405e-06;4.789476252476926e-07;9.428137687258098e-06;9.954702420515198e-07
10:14:00;260;4.190307318261623e-06;4.632956334498425e-06;5.6286937772945726e-05;4.857551222996066e-06;4.601312052831087e-06;4.522617226014476e-06;6.5674608216361525e-06;5.339283223225845e-06;3.2884897618727522e-06;1.556271025826561e-06;4.111849531085454e-06;3.478410766533102e-06;3.3273399520084013e-06;5.2989412350515606e-06;3.3341591793730045e-06;4.88237363737702e-06;5.523444220279653e-06;5.445314339835299e-06;7.630161310115437e-06;5.856395362087236e-06;3.494393718316547e-06;1.6618280146528228e-06;4.698938646815574e-06;3.6490684458011497e-06;3.6857820069150265e-06;5.611815307515193e-06;3.455959489644867e-06;6.672558683815267e-06;1.7157707152947617e-05;0.0004168562171547533;0.00012953355912167475;4.015762421285793e-05;2.235016050651661e-05;5.343958774476365e-07;2.8393567151591106e-05;2.6656687029667843e-06;2.858517414578379e-07;9.110289372958695e-06;1.7256535963610987e-06
10:16:22;261;3.918513700346631e-06;4.520771348831624e-06;2.5863728691036124e-05;4.89294514513264e-06;5.674882606014493e-06;6.2967181345382786e-06;4.679890671998134e-06;6.0088258968123265e-06;2.1831224072147135e-06;3.4327891483730935e-06;2.7618176865473743e-06;2.8637727145634657e-06;2.1619724498736756e-06;3.036968986271724e-06;3.0284570610464554e-06;5.423229877239084e-06;6.6829716851765326e-06;6.932889581422168e-06;5.978034516397489e-06;7.2994442326731425e-06;2.485816929648432e-06;3.6914859461094123e-06;3.406142877217543e-06;3.4050625514927432e-06;2.260496583840916e-06;3.3537822958615962e-06;3.329897043829389e-06;7.980330198552155e-06;1.2995606477613362e-05;0.00014945246817847565;4.503768800386353e-05;4.7446329346009624e-05;1.1332706501126644e-05;1.0388498283858324e-06;2.1724697422002925e-05;2.1322029646080276e-06;8.71392962904645e-07;9.716253466897646e-06;6.362189419935603e-07
10:18:44;262;4.93240979308625e-06;5.479381107312592e-06;3.6969065563381856e-05;2.894846620032416e-06;5.939741718272919e-06;7.053112264575713e-06;5.811887596962606e-06;3.398702076460516e-06;3.650063106874768e-06;2.130907609961112e-06;5.529831892594282e-06;6.09132325993497e-06;3.245503080829725e-06;7.439634666055057e-06;6.003361726605115e-06;3.186517408756094e-06;6.875198513499308e-06;8.183025018504712e-06;7.187597458153194e-06;4.242052748654542e-06;3.931391079910284e-06;2.338177549500881e-06;6.226841436083431e-06;6.5694595193661696e-06;3.446618843784713e-06;7.570993170990237e-06;5.99469876473035e-06;9.15236682381046e-06;1.2651076968287698e-05;0.00029128487997020206;3.176765404262307e-05;4.022904366228905e-05;1.838496021756628e-05;6.822696634812476e-07;2.6651793358624038e-05;2.0292598528419184e-06;1.1229512161745076e-06;9.110047431934598e-06;5.624835527473137e-07
10:21:05;263;3.862717620186438e-06;4.376717717743212e-06;2.6089692522385737e-05;3.382490335662231e-06;4.137787783197279e-06;4.134103009014532e-06;4.583513608415822e-06;3.211507776803366e-06;2.2444656478432474e-06;3.9847473758605e-06;4.405215951857661e-06;2.6988843920928605e-06;6.865217126581704e-06;2.7110707750663012e-06;3.99360634485323e-06;3.6636159977574663e-06;5.0838006378007435e-06;4.950985753624346e-06;5.7253354342823445e-06;4.204512143138645e-06;2.445398082802311e-06;3.892690760719084e-06;5.177809084037833e-06;3.1112345172741813e-06;6.851620367031708e-06;3.0730561026953353e-06;4.340552115674562e-06;7.650215353122877e-06;1.4483039430784279e-05;0.00015252404215442957;4.424106338234991e-05;3.533091928050854e-05;1.8169785570850803e-05;1.2011807849803928e-06;2.629193535004923e-05;2.0020805483606493e-06;1.0606304294309176e-06;9.028756004308757e-06;1.0926619794529608e-06
10:23:27;264;3.546596376418682e-06;4.059826122539573e-06;3.94758524920961e-05;1.9051887738541495e-06;4.625458386894624e-06;4.637173304899989e-06;7.675184758294439e-06;4.52474706591488e-06;2.584599976464894e-06;1.4739290865797081e-06;2.7798055551965137e-06;3.3035298281964227e-06;2.614602050017693e-06;3.3710339486312724e-06;3.063902812108019e-06;2.140197112348227e-06;5.460268248843701e-06;5.471290230933029e-06;8.534307567118314e-06;5.370713458571025e-06;2.9241790715084653e-06;1.587701904733151e-06;3.3830568278247056e-06;3.850904911676572e-06;2.834678958848438e-06;3.645335490995122e-06;3.5152777572760367e-06;7.831762391051796e-06;9.259809177011631e-06;0.000307584881194162;5.567037328772256e-05;3.781053189824038e-05;1.859348055444595e-05;6.447630410693568e-07;2.3461502502888473e-05;2.0058069327377425e-06;5.593098089709449e-07;9.342831372824e-06;9.451777440283516e-07
10:25:49;265;5.374325147174246e-06;5.8959007092889345e-06;3.7669512949712634e-05;5.111276560947948e-06;5.005996957650118e-06;4.95483542486206e-06;1.3421218465158415e-05;4.146259470710396e-06;3.3735163196269013e-06;2.2397396235036964e-06;5.945101519441468e-06;1.0029339403739744e-05;3.7084612646186668e-06;3.043469557827517e-06;3.5126854097778835e-06;5.700561949865166e-06;5.434667495528974e-06;5.794110217686489e-06;1.4489639397652354e-05;4.788542087859426e-06;3.819749085605624e-06;2.41558952202928e-06;6.5343168369255655e-06;1.046167828831188e-05;4.021334335229307e-06;3.4863038521668583e-06;3.804314589235472e-06;6.949193229499728e-06;1.4688287261553776e-05;0.00025786258659722455;9.422210828430815e-05;3.189183814177582e-05;1.4524511460084341e-05;4.869294457077785e-07;1.9507298157039624e-05;1.9106835767789958e-06;4.30694192647253e-07;8.431763054918074e-06;1.1282619950135141e-06
10:28:10;266;3.1505533761653415e-06;3.663752096732032e-06;3.1684059143900684e-05;1.9989949056054e-06;4.242602392552768e-06;4.5923198703173345e-06;5.969383561354004e-06;3.0540373166571495e-06;1.8430708665110016e-06;2.437508664728098e-06;2.701688920742578e-06;3.286243855946871e-06;1.5551387269658272e-06;3.665643884754776e-06;2.460006632822662e-06;2.228800066047911e-06;5.183198096300991e-06;5.444446546616861e-06;7.029939144812016e-06;3.923830571336653e-06;2.141368589013549e-06;2.422738879276143e-06;3.3642129639264554e-06;3.790530060161726e-06;1.6956026889843837e-06;3.989138801294251e-06;2.7512173700634327e-06;6.8139699564192595e-06;1.1770115083261921e-05;0.0002080092586210596;6.253541907938007e-05;3.515649484071001e-05;1.846618950694451e-05;6.859714338113108e-07;2.1096519436842903e-05;2.4352226060910243e-06;9.11620417936175e-07;1.0236870710667365e-05;2.0910580336839866e-06
10:30:32;267;4.697256680750363e-06;5.1982240367141445e-06;4.561708539063868e-05;2.2223455252207653e-06;7.642092231272748e-06;7.914296710189525e-06;4.5463769489308765e-06;2.738124172164579e-06;2.1976442941803755e-06;4.2567881836804e-06;4.578063031537092e-06;6.576042902782898e-06;2.3276255876260943e-06;3.311287668950058e-06;8.056391053915233e-06;2.58817019700093e-06;8.342037871662348e-06;8.690794367817322e-06;5.6778160860285655e-06;3.527801221578188e-06;2.635381590636503e-06;4.045253096097163e-06;5.168861403208096e-06;7.237489211823956e-06;2.4655794147834003e-06;3.6799810223334433e-06;8.319521229272072e-06;8.692701489432705e-06;1.3228679400368683e-05;0.00034214207907748217;7.863017794021101e-05;4.920250070660028e-05;1.6890100301872106e-05;5.612522847865633e-07;2.517515228461896e-05;2.1410035022684837e-06;9.00223232619685e-07;8.754814578021258e-06;1.086339889382556e-06
10:32:54;268;4.400056509852717e-06;4.958557645272489e-06;2.1784476682229317e-05;2.700621040574447e-06;3.588655800644925e-06;8.1875802990794e-06;4.887264905177475e-06;9.01270121935547e-06;2.8385729745717856e-06;2.539046751111455e-06;2.633291027332906e-06;8.623998610992409e-06;1.9151127512919497e-06;3.267060011292632e-06;2.606770984443911e-06;2.960254197562249e-06;4.454274547449902e-06;9.411792136602401e-06;6.135623797363914e-06;9.640048908375873e-06;3.1867399212399193e-06;2.689684601557042e-06;3.2231430021609045e-06;8.923837533904035e-06;2.1197327965591618e-06;3.854044058543071e-06;2.903514708618153e-06;6.727031419457171e-06;1.613331683924836e-05;8.694187443562961e-05;5.527359663074696e-05;3.9790066007036856e-05;1.86345876046705e-05;9.92562537909389e-07;2.224139495105042e-05;2.6942784501070194e-06;6.380945538301863e-07;1.0091165808241366e-05;1.2557509488239202e-06
10:35:15;269;4.7544803462332394e-06;5.314050069293582e-06;2.737755410935317e-05;3.5201526291863483e-06;5.7410134020456516e-06;3.9367925136378865e-06;4.584813847685609e-06;4.504026933396042e-06;2.4006959778494714e-06;5.808077358696292e-06;4.485572497517606e-06;4.1110077467462505e-06;6.4644792975601915e-06;5.967685975928237e-06;5.529444153299065e-06;3.659087925842857e-06;6.807316712863063e-06;4.731614811284596e-06;5.899339387874131e-06;5.66934076969234e-06;2.7011637896550062e-06;5.719656287453025e-06;5.197106233187892e-06;4.5201331713657584e-06;6.630088580406456e-06;6.566648357587423e-06;5.667103369553762e-06;9.06839595513522e-06;1.4660979628426945e-05;0.000160484659612853;4.560353376494927e-05;3.208532599604912e-05;2.172041169008642e-05;1.6278329072112343e-06;2.942772741674309e-05;2.274251729128561e-06;5.141712708614572e-07;9.463237460878959e-06;1.6001218799148231e-06
10:37:37;270;5.7360729557713474e-06;6.275657614412323e-06;2.3169582714586332e-05;5.71276075721595e-06;7.014977017211715e-06;4.7428465024459206e-06;7.516201284958739e-06;5.589338356835262e-06;3.5435928040783438e-06;3.6129667605567692e-06;4.383653534228477e-06;1.114271461943872e-05;3.0758045174262736e-06;6.4116765779493274e-06;6.086340807988997e-06;6.1333964045452034e-06;7.929917311357023e-06;5.660051478623211e-06;8.877752441526066e-06;6.666766573369939e-06;3.993916618727079e-06;3.4341082994879926e-06;4.9159973859556736e-06;1.1289227972202419e-05;3.3277507327511557e-06;6.675558934954166e-06;6.403445896939036e-06;7.25018083523778e-06;1.4453448686973045e-05;0.00010788903044993166;4.950927011916583e-05;3.847541598455452e-05;1.893415725221762e-05;7.64638682540219e-07;2.795713243870229e-05;2.3354407522887253e-06;6.315108728740733e-07;9.02840274666513e-06;8.06363753885043e-07
10:39:59;271;3.5609766755519767e-06;4.045816070439413e-06;2.1626024163132882e-05;1.7461074892240318e-06;4.771794145920115e-06;3.3722753531861827e-06;3.1546921848954215e-06;2.6661959481412043e-06;2.8500705349704898e-06;5.192067834255712e-06;4.301252406368018e-06;3.289735960007337e-06;2.6228859457688714e-06;6.308262546510108e-06;2.4563788309253907e-06;2.0409046465207626e-06;5.614595704772208e-06;4.1643038543895e-06;4.246048676946032e-06;3.4344718642387306e-06;3.1670968043347127e-06;4.878552821353395e-06;5.019666836049026e-06;3.696229774055909e-06;2.79382492310474e-06;6.727905800496817e-06;2.7661893926949545e-06;6.563995559311127e-06;1.8344572058888736e-05;8.86253671187794e-05;5.494170091913659e-05;3.505470062585675e-05;1.4893608105466404e-05;7.311465904857855e-07;2.8356295871062165e-05;1.7799375583496723e-06;1.0136034668535318e-06;8.36866406669967e-06;8.38698016704766e-07
10:42:20;272;4.944864572435521e-06;5.496656343249141e-06;2.2668237046903737e-05;2.582696134855279e-06;5.9447416360052845e-06;5.0798681540827184e-06;3.94619788708765e-06;5.120925571911915e-06;3.7540979739796914e-06;1.2984807517051939e-05;3.495259981081941e-06;4.578010467523344e-06;2.2811287469049932e-06;4.911965300441972e-06;4.658673613665666e-06;2.826615558706756e-06;6.8374783000486974e-06;5.944132465318242e-06;5.149583629748962e-06;6.0443203812057985e-06;4.141508192839831e-06;1.2966644215891933e-05;4.1612976693164754e-06;5.141054972699738e-06;2.457407255193014e-06;5.365396893604974e-06;4.924434799963647e-06;7.542991049021277e-06;1.2392029544393164e-05;0.00011928836438368849;4.173423357335843e-05;3.603477718433425e-05;1.9505586783904222e-05;6.388422825789674e-07;2.281585587727874e-05;2.019737130820169e-06;1.6069008794912748e-06;7.841225461369536e-06;5.983004126063388e-07
10:44:42;273;3.8062540539194534e-06;4.246413767115099e-06;2.1349934099872164e-05;2.967578502771124e-06;8.926169252793608e-06;4.137072109535532e-06;3.887927524330466e-06;4.06070876948015e-06;2.695158094277097e-06;2.3030564791006536e-06;3.38161730746704e-06;4.359609953364828e-06;2.082964530474902e-06;3.8134246298100876e-06;3.0597601322119257e-06;3.2217937667708244e-06;9.253816838454326e-06;4.947065863119331e-06;4.902453783755316e-06;4.604164167153325e-06;2.956945317686105e-06;2.6226608177907272e-06;3.881471793877758e-06;4.555498291458345e-06;2.29508368446187e-06;4.265826658100403e-06;3.450182507376782e-06;7.213870524600145e-06;1.3972251085075936e-05;0.00012409491983988362;3.280775807576581e-05;2.9020095808928486e-05;1.669517461262907e-05;1.3065375367186038e-06;1.823172131785415e-05;2.2109045688406327e-06;5.826750500301872e-07;8.925658360683861e-06;1.1376424174555186e-06
10:47:04;274;4.093963328828791e-06;4.6267062581263635e-06;2.348514716530035e-05;1.8068965659458833e-06;4.611427430619002e-06;4.1865585361284214e-06;4.182323168516239e-06;9.076931963715072e-06;6.849833305657492e-06;2.5630634981672014e-06;3.1320934519902206e-06;3.5146999105057315e-06;2.8113197512169563e-06;3.933069053632917e-06;2.4593417581219126e-06;2.138612680477009e-06;5.5073519894294e-06;5.022108230668546e-06;5.2473062882936685e-06;9.714485517915933e-06;7.132535264518774e-06;2.6358303960512764e-06;3.828097682850932e-06;3.989353280867593e-06;3.058511198634986e-06;4.3468953576906e-06;2.899385372420281e-06;7.792277121487717e-06;1.4198684329225865e-05;0.00013296706059101032;3.1614293696433844e-05;4.014321406078503e-05;1.796924709557677e-05;9.380037272990254e-07;2.2162206817357933e-05;2.1724669838783267e-06;2.0839129920554724e-06;8.240541037181943e-06;1.5398575313119538e-06
10:49:26;275;5.1757994299350685e-06;5.762496688406873e-06;2.001244186173762e-05;4.581053386006189e-06;1.138368437058158e-05;4.010429515749985e-06;9.162172410335437e-06;4.554426170987437e-06;2.2849284785858064e-06;2.5080243928534496e-06;6.512435955518082e-06;2.8739917275931828e-06;7.689172227093815e-06;3.8027769881730156e-06;2.7464958247074893e-06;4.750354391253955e-06;1.2630804708869273e-05;4.7734309571498235e-06;1.0664054070154715e-05;5.41147756226979e-06;2.7223624116070627e-06;2.4146564538580294e-06;7.227172519850672e-06;3.412644230282447e-06;7.748861322927294e-06;4.245496343116164e-06;3.1486431266151883e-06;8.177554664228277e-06;9.216953091880235e-06;9.77824413264238e-05;4.635337492559697e-05;3.13713645839715e-05;1.2529543387307867e-05;7.046141704745493e-07;2.0342297267990157e-05;1.8960686009088665e-06;1.3332326798074814e-06;9.020486296827307e-06;1.4213713454344497e-06
10:51:47;276;3.5936558123627162e-06;4.1925866615293915e-06;2.791555167308626e-05;2.8483898003886763e-06;4.0330996271946295e-06;3.6058704717073002e-06;5.59569414804173e-06;2.6640007919227897e-06;6.322767265552122e-06;2.5463536543151637e-06;3.679593435279571e-06;5.260894380657274e-06;1.4748750759675422e-06;2.8936551571040976e-06;2.1986749029100463e-06;3.0610874834069996e-06;4.954777189515328e-06;4.4613767109879095e-06;6.8286314580049455e-06;3.6372945835784225e-06;7.014118294516921e-06;2.6669688971116006e-06;4.30034829381079e-06;5.88308499642107e-06;1.7095903008857585e-06;3.3424508639562857e-06;2.4513088154763646e-06;6.46596155005101e-06;1.6676678866649223e-05;0.00015568138995170178;6.583780957070973e-05;3.746957157179947e-05;1.7311391551028377e-05;5.95041591989411e-07;2.0754421333070387e-05;3.1350240716670416e-06;6.047864502305956e-07;9.17408329327567e-06;1.2804602748625444e-06
10:54:09;277;5.768765554783138e-06;6.371660812782224e-06;2.6050415808034417e-05;2.2835340968444227e-06;8.621992659708543e-06;4.355967221672782e-06;4.64627243604551e-06;8.481814138473386e-06;4.032699204065631e-06;3.3115818678779037e-06;5.042548816644202e-06;4.55270578957435e-06;8.209172519777688e-06;7.762120561174221e-06;7.924775468252806e-06;2.5140130282689146e-06;9.362051002161807e-06;5.24272484976273e-06;5.820420512141545e-06;1.0060065033951704e-05;4.5089911043161714e-06;3.363000072153503e-06;5.930819768280666e-06;4.911734705170671e-06;8.435676660109827e-06;8.158488526532892e-06;8.151942616862044e-06;6.882824227629795e-06;1.4309375899934524e-05;0.00016282602825833667;3.565263486619667e-05;3.3298497614530235e-05;1.6939571977609307e-05;8.591930456845687e-07;2.563890510196156e-05;2.390182254265367e-06;2.322591760684338e-06;9.814130934671288e-06;1.6710537549086763e-06
10:56:31;278;4.281167810078883e-06;4.698711402656782e-06;3.1195750817283057e-05;2.421078901319747e-06;7.538139600688448e-06;5.3535582896880775e-06;3.699670326217198e-06;5.044272634984798e-06;2.5939155759082477e-06;1.2042383949826466e-05;2.8094115901534553e-06;2.3505543887061075e-06;2.040576542002141e-06;3.474673313519361e-06;2.005776872593401e-06;2.5568672169897526e-06;8.524443509935437e-06;6.1165560193238646e-06;4.8461321702107635e-06;5.851215016977958e-06;2.872709504267329e-06;1.1225322315469753e-05;3.384314886370933e-06;2.7969345142715794e-06;2.1135466179461957e-06;3.867545893062694e-06;2.228947725103077e-06;7.178208846528497e-06;2.7034319730420747e-05;0.0001849378383108137;4.028226595949512e-05;5.275972279878879e-05;2.091154450750009e-05;1.918804170523897e-06;2.5069488891675397e-05;2.3240259633786635e-06;1.2760577852296586e-06;9.903673609922382e-06;7.530592331197077e-07
10:58:52;279;5.343835941831995e-06;5.8714106706224525e-06;3.36220293053595e-05;2.4339624077834348e-06;1.0029056964940123e-05;5.565257982453886e-06;1.107888326404546e-05;3.918626629002957e-06;3.509689118401256e-06;2.886252092276271e-06;6.3656914280391614e-06;5.0769278965906945e-06;3.348244111058627e-06;3.6890389054633488e-06;6.2243985358246725e-06;2.650783879093806e-06;1.1205043611431691e-05;6.130690269257477e-06;1.2096533961844618e-05;4.963612277203504e-06;3.681314626502874e-06;2.904315753272109e-06;7.054771121826739e-06;5.5631099551451196e-06;3.4742864770549524e-06;4.166389374669178e-06;6.566075206114586e-06;6.5274576251415906e-06;3.447533418536753e-05;0.0001792422709555283;7.969585449149468e-05;3.943584303455228e-05;2.269777698109476e-05;1.0359121151097296e-06;2.7468829936587796e-05;1.8707498485337546e-06;6.397797963899489e-07;9.553351355314609e-06;8.211913391990145e-07
11:01:14;280;4.190557143472646e-06;4.725523306465048e-06;2.7640537470948887e-05;4.542482235853578e-06;5.393791751825719e-06;4.711480859756731e-06;3.904969574041285e-06;5.072598424537102e-06;2.7740714716047292e-06;2.3153573904204965e-06;6.090569321124597e-06;3.885352708656662e-06;2.947504672334844e-06;4.855333087987064e-06;3.79317251967977e-06;4.804554965296949e-06;6.436409490515295e-06;5.3233070876915375e-06;5.0302844297393565e-06;6.0683619065895086e-06;3.121154728559523e-06;2.3806897379933006e-06;6.57707435873564e-06;4.29127554306882e-06;3.089463967062099e-06;5.491239110746898e-06;4.092462349829855e-06;8.336173763575783e-06;1.4783645285271366e-05;0.00016888052894401857;4.487289476302666e-05;3.9432725399805576e-05;1.4307354079304785e-05;1.1729675916305613e-06;2.6301145737108506e-05;1.7757147349693749e-06;8.805386159861336e-07;9.19704947534821e-06;1.745711261341105e-06
11:03:36;281;4.0943318534335624e-06;4.595505012005134e-06;3.4246434072978696e-05;4.339061049695271e-06;4.253203339097602e-06;4.972117948718526e-06;5.897923431580859e-06;4.0380952002811394e-06;2.20493828738778e-06;3.3476767980741586e-06;3.5355461385222497e-06;4.9735182504920514e-06;4.232072029546947e-06;4.855924076901436e-06;2.4819039576649193e-06;4.5399537836452006e-06;5.153882434166883e-06;5.8665116399954315e-06;6.847895689778726e-06;4.733816007202119e-06;2.490896774154091e-06;3.6140557635399437e-06;4.128956198897706e-06;5.5652121456567995e-06;4.418759058526005e-06;5.081255477318935e-06;2.7048631852577973e-06;6.605020653877485e-06;1.7207748983966502e-05;0.0002217968652644613;6.611887795995408e-05;4.0346826147350484e-05;2.193983291102102e-05;9.713513563255991e-07;2.3693139018709665e-05;1.8359790532476337e-06;1.2750205597276058e-06;8.23284146295214e-06;9.337055041508091e-07
11:05:57;282;3.548983984105999e-06;4.032249117826032e-06;2.125341599375001e-05;3.4363812440445103e-06;7.73129067707404e-06;3.181309919659208e-06;3.7500634080861968e-06;3.917707835719077e-06;2.46071224471481e-06;2.8497555812508195e-06;3.093358594244674e-06;3.1626722401382907e-06;2.015396713840222e-06;3.379334676332426e-06;3.609823626278667e-06;3.678687119334634e-06;8.903997390513688e-06;3.973210872388762e-06;4.7554542331304625e-06;4.536794401241123e-06;2.6929622427366056e-06;2.8058559737358717e-06;3.6272313082008623e-06;3.5912461703158937e-06;2.204993003217652e-06;3.769879660605419e-06;3.846675325273937e-06;7.250965083558916e-06;8.701991582221941e-06;0.0001116913718433319;3.826415668800287e-05;3.419339635612875e-05;1.5149409586616893e-05;9.832682034403004e-07;2.4283701401784527e-05;2.538526191963021e-06;6.786352106667368e-07;9.989858458096518e-06;1.31571131918777e-06
11:08:19;283;4.15520447819259e-06;4.725512421310104e-06;2.1111370699916854e-05;5.778513860057253e-06;4.971778358059902e-06;4.1035872539199856e-06;4.245657202775729e-06;4.498879227942222e-06;5.0384320878681486e-06;3.458817554308718e-06;4.573451853673305e-06;3.4631311297449554e-06;2.6207776727783414e-06;3.993263560627983e-06;3.116162266245872e-06;6.177715892843917e-06;5.884633264365301e-06;5.0080983339883665e-06;5.273469670572911e-06;5.1169966079928424e-06;5.622584726379616e-06;3.3983679480725993e-06;5.120374335322744e-06;4.080048319902065e-06;2.8982956351522065e-06;4.628705451241215e-06;3.4968569551996484e-06;8.42312064058097e-06;9.169652973799812e-06;0.00010849711148134782;3.68002692135926e-05;2.8821537740824455e-05;2.027640582119286e-05;6.439110627892922e-07;2.843750897152984e-05;2.4189378273835542e-06;8.063033846810705e-07;7.4762251282895415e-06;1.5654641529903504e-06
11:10:41;284;3.872381209710986e-06;4.446072220553451e-06;2.5897543840138257e-05;1.982000272429926e-06;3.6011816785152075e-06;3.663416484107012e-06;5.80716312209068e-06;1.0046280699782528e-05;2.6052737115120097e-06;2.101853460571719e-06;3.5092821636081597e-06;3.1266032223052e-06;2.4868669596339093e-06;3.464651116467301e-06;4.074000193037881e-06;2.2496606380293916e-06;4.567952157829703e-06;4.412979993917994e-06;6.852226185481966e-06;1.134048996022954e-05;2.9518717633724423e-06;2.165792129514407e-06;4.160071492013323e-06;3.6459262193165146e-06;2.6510106757006174e-06;3.84024889471324e-06;4.514634706020278e-06;6.625534539445036e-06;1.4356031622613902e-05;0.00016933347518772885;3.816030054581037e-05;3.4375904451517684e-05;1.6252875231295404e-05;8.582338863227586e-07;1.710559232386132e-05;2.1296346246194247e-06;6.702993696023688e-07;9.375925619000776e-06;1.526718679841193e-06
11:13:03;285;5.562537788767424e-06;6.0176458485134215e-06;4.354763048405926e-05;2.625838822822857e-06;4.668088079801629e-06;5.399468912385559e-06;1.283630397805072e-05;3.663261406055602e-06;3.638801741055111e-06;6.026008862973371e-06;4.819912429419239e-06;9.00070335709622e-06;5.43108912445043e-06;3.640984560152302e-06;4.999990339659245e-06;2.7931273478638497e-06;5.395234102022037e-06;6.362948619126552e-06;1.4126752312567757e-05;4.335289651252527e-06;3.929689760701001e-06;5.72608577604575e-06;5.213451936757752e-06;9.331146113162262e-06;5.833837501742454e-06;4.1258850770542335e-06;5.038299645369804e-06;6.624411428151387e-06;2.2074586589593446e-05;0.00029578659831704546;0.0001123853862250495;2.993572423115489e-05;2.1833466575605763e-05;8.568856006463624e-07;1.9128911694630076e-05;3.111257042138442e-06;5.448381210745697e-07;8.934784295438459e-06;1.354715688182688e-06
11:15:24;286;5.024422296561294e-06;5.480397530961074e-06;3.093880891458462e-05;2.475014210225688e-06;9.603491149786949e-06;7.41732471322042e-06;6.742658535265698e-06;4.729742563178909e-06;3.944393288758295e-06;1.6362234733981815e-06;6.477019281964596e-06;5.070954587955095e-06;1.905780988858458e-06;4.669499817114539e-06;5.620963254283527e-06;2.7088956545136354e-06;1.0191501460903503e-05;8.253263314156956e-06;7.749844101028107e-06;5.57647787520435e-06;4.150276251344115e-06;1.731107684181437e-06;7.001882021874815e-06;5.558814051900173e-06;1.9754681598217907e-06;4.976669912783892e-06;5.890568287167632e-06;7.678906146194617e-06;1.3201948548547477e-05;0.00020755970656690837;3.268650712647412e-05;5.23556629714914e-05;1.5319882611185605e-05;8.318646654981661e-07;2.5405214054669604e-05;2.317886787362725e-06;9.098083516982723e-07;9.418377218039164e-06;3.5799419269458657e-06
11:17:46;287;3.7603255904627986e-06;4.205580022313324e-06;2.453420697070339e-05;2.8115754942800466e-06;3.292630189186887e-06;4.029972917152236e-06;4.020001183814191e-06;4.157224698466487e-06;2.4469281440660366e-06;5.062108300696815e-06;5.1848000664539935e-06;2.5835177121665125e-06;2.3988623008816292e-06;2.860418210333519e-06;6.275866511241578e-06;3.0490451936087464e-06;4.090931264427933e-06;5.0868170921050845e-06;4.94382180776587e-06;4.837389797736435e-06;2.7786029980959456e-06;4.660940479120251e-06;5.878535105268062e-06;3.1291590777429886e-06;2.3670312948179575e-06;3.2631673355330973e-06;6.381516595290203e-06;7.25185096431005e-06;1.772612318837932e-05;0.00014718690358763798;3.478359492738282e-05;2.4177941724157537e-05;2.349478773883532e-05;9.724514611931034e-07;2.5635576207863833e-05;2.8670808325694945e-06;5.645060531151475e-07;8.691465425632346e-06;1.0582015373637238e-06
11:20:08;288;3.6952434802566874e-06;4.190743291335913e-06;2.7249233879835172e-05;2.6130472278073182e-06;3.36896404624037e-06;4.066193584991011e-06;4.7623206317449664e-06;3.7699875279754864e-06;2.5263563793681048e-06;2.6631305757004755e-06;3.494992236306096e-06;4.76891406978294e-06;4.704549123278991e-06;3.641264138855924e-06;3.963201003255211e-06;2.8310907000444256e-06;4.304664390140635e-06;4.911707987324732e-06;5.909535206274661e-06;4.640121837434856e-06;2.6976774158437007e-06;2.7098881391678713e-06;3.94182772444903e-06;5.2276695464858185e-06;4.825403939781908e-06;4.013185910284674e-06;4.276144311375049e-06;6.784874579935141e-06;9.878908392931078e-06;0.000180878420427069;3.965132732613124e-05;3.551169718955101e-05;1.9900643291089752e-05;5.254883234247847e-07;1.9964145176994775e-05;2.868902696724488e-06;5.919851973943292e-07;9.056809393648316e-06;1.3776045631281917e-06
11:22:29;289;3.360361351279938e-06;3.89051028314843e-06;3.5379773099515904e-05;3.181469251116327e-06;5.151696317863173e-06;4.082661604020256e-06;3.762350525833695e-06;3.097732800292554e-06;1.991694301686018e-06;1.982966105015552e-06;4.395524127625611e-06;2.7056105002481505e-06;2.937492133496407e-06;3.670116968153407e-06;3.3650207840387547e-06;3.5290691111577308e-06;6.124387240722367e-06;5.02407704493347e-06;4.808632679036052e-06;3.94686365705385e-06;2.197188236314565e-06;1.9468186334811836e-06;5.014122792355137e-06;3.1469434537064423e-06;3.2208864911209976e-06;4.057550520745373e-06;3.669582386614417e-06;7.5633318156656146e-06;1.4387541477777599e-05;0.0002623157239164986;5.7998868788909645e-05;2.901255618119966e-05;2.079285105644094e-05;4.41508789918689e-07;2.1035039571819797e-05;1.721908089738128e-06;2.9831573464773247e-07;7.74423409405478e-06;1.2453976775195686e-06
11:24:51;290;3.9981303378314434e-06;4.615024296601658e-06;3.33779584496963e-05;2.533669638861046e-06;4.34333489771823e-06;3.825908784449439e-06;7.635557138159625e-06;2.8651237778247336e-06;2.7588238190903978e-06;2.2034246316819535e-06;2.7094312789314885e-06;5.591363413321398e-06;2.8898069944266975e-06;3.78799137850711e-06;6.83312676663661e-06;2.793761028223793e-06;5.251747673274979e-06;4.658316897745598e-06;8.939533581954642e-06;3.8316852523385484e-06;2.9570821462711355e-06;2.3153696687747666e-06;3.4140054330110398e-06;6.29960332625609e-06;3.098379658718219e-06;4.313140184249393e-06;7.507665008855424e-06;8.011267073703476e-06;9.396237948370307e-06;0.0002295883255269502;3.585708195906658e-05;5.0775434052079904e-05;2.2216461725270806e-05;1.0555198455202425e-06;2.9878930688602883e-05;2.3586272485976617e-06;4.24401313314424e-07;9.91504378224601e-06;1.05817023263297e-06
11:27:13;291;3.924821870333e-06;4.501179117579352e-06;2.6466917495362722e-05;5.065782867448703e-06;3.716441971461522e-06;3.87185249631469e-06;5.055680483226607e-06;7.995452629669133e-06;1.9620827357998265e-06;1.7066566639911684e-06;2.3309997784922003e-06;4.798176441863947e-06;1.7252024583055716e-06;4.383133175361371e-06;4.4863991099930445e-06;5.4659500522034306e-06;4.502249218684126e-06;4.656552302457143e-06;6.0660102468617986e-06;9.395604662085468e-06;2.3398806689916062e-06;1.8763639061518593e-06;3.052223609923698e-06;5.106273040181332e-06;1.8909318274796258e-06;4.96905788824296e-06;4.6930501809319015e-06;7.999679273467402e-06;1.5589976052625794e-05;0.000172328473502833;3.249616523127824e-05;3.5119129841128545e-05;1.8729291355478738e-05;6.942180423743687e-07;2.2565386345692985e-05;2.1914405883772356e-06;9.67749340663947e-07;8.112564692330612e-06;8.089356781018139e-07
11:29:35;292;5.697668136406264e-06;6.222786799333312e-06;2.6908517767408643e-05;2.7094377944468886e-06;5.640238975504727e-06;5.914516427648922e-06;3.611124416865023e-06;3.238758654559733e-06;2.931043924903065e-06;5.093467196621242e-06;3.2178449343495625e-06;3.1101695100555946e-06;4.830642149238946e-06;2.3904820253051184e-05;4.169951311442074e-06;3.000092855864186e-06;6.6079259127784816e-06;6.7166457322659705e-06;4.750317884827382e-06;4.029089631089098e-06;3.1592039992079385e-06;4.899967898727251e-06;3.919400517623194e-06;3.6150276622421086e-06;4.841774121998725e-06;2.4523555457332655e-05;4.610438304840914e-06;6.835156056162574e-06;1.3165582213131373e-05;0.00016556207987777427;4.666570715594005e-05;3.1851195833043694e-05;2.04469052767462e-05;1.2187979498229642e-06;2.4849787743720933e-05;2.3035848418583453e-06;4.188098845771545e-07;8.576425922668483e-06;1.0081804534576253e-06
11:31:56;293;3.61259815532962e-06;4.182435779650312e-06;4.535579712064214e-05;2.453117966700285e-06;5.482014441585389e-06;5.566845492213898e-06;3.5952315655472167e-06;4.180305711284663e-06;2.4008787744959776e-06;4.219432963995215e-06;2.85138393849784e-06;3.58140001695388e-06;2.6620577719556464e-06;3.8301644934467625e-06;2.52834346719572e-06;2.7735499635369544e-06;6.523917467278853e-06;6.500994971512354e-06;4.760253892826871e-06;4.948886642730802e-06;2.6916228261477126e-06;4.202436959726756e-06;3.5028914957181286e-06;4.124987759795762e-06;2.854173957633906e-06;4.386939318591649e-06;2.918572448247169e-06;1.0405271588704518e-05;9.323873496704042e-06;0.0003742494963966632;4.1991832963255626e-05;4.1259181351900625e-05;2.4669257109061093e-05;1.0514357460245429e-06;2.8753349647359318e-05;2.209130504016023e-06;1.1962497161139916e-06;8.57223271191592e-06;5.882542159867245e-07
11:34:18;294;3.1819301427240343e-06;3.6952936723168877e-06;3.540236996497152e-05;2.0411446327079314e-06;6.335136123812969e-06;6.1262463252634545e-06;4.34044626535462e-06;3.2596339988412058e-06;1.7889814824685728e-06;1.5105186417230243e-06;3.6135071006526687e-06;2.748070692216619e-06;1.8774733353442807e-06;2.657212329605262e-06;1.8847899909085248e-06;2.3043849025754433e-06;6.9689944142783706e-06;6.915505114020677e-06;5.42760727236057e-06;4.065462045345376e-06;2.100176884653857e-06;1.7850953911333875e-06;4.2227348768403915e-06;3.169306929705755e-06;2.1441364562541578e-06;3.088882438740118e-06;2.151236197830799e-06;7.031740183941446e-06;7.876005684871536e-06;0.0002698580643903701;4.237399922017827e-05;4.4640933366425245e-05;1.4935231983420397e-05;1.0495122507937036e-06;2.307582535350741e-05;2.19371339738389e-06;1.0681958837678197e-06;9.34749874870749e-06;1.3777191162908612e-06
11:36:40;295;3.506649819487703e-06;4.044976983867038e-06;2.8373483778647467e-05;1.965736493096544e-06;4.171557781712016e-06;4.086598841303933e-06;4.592134690930359e-06;4.536007972465551e-06;5.212009333051397e-06;2.0319256493938167e-06;2.566086290850029e-06;2.752476945841212e-06;2.626443786174997e-06;5.531238119971249e-06;2.0075809554562985e-06;2.238745901483031e-06;5.087394247081498e-06;4.845614532452508e-06;5.718059761604792e-06;5.398572189341958e-06;5.431268952714715e-06;2.0542462423207646e-06;3.2922249875476073e-06;3.30637480250447e-06;2.7386510818003077e-06;6.009785416792994e-06;2.418784330834972e-06;6.81752343725563e-06;1.4785368428299724e-05;0.00017951482709352627;5.075508463298679e-05;3.489837391867538e-05;1.5984982496115082e-05;7.823554969067027e-07;2.3469006750641548e-05;1.8238065575342264e-06;1.1397337543595146e-06;9.5146575557368e-06;9.96085221732033e-07
11:39:01;296;3.4788300860616967e-06;4.032662301844677e-06;2.7780092377046264e-05;3.253054332736321e-06;3.5570289756880027e-06;4.411207371258673e-06;2.9352816544238958e-06;3.6320241408366822e-06;2.8079593536809644e-06;3.0617876428965216e-06;3.2840497999392877e-06;4.700795217486715e-06;5.038037318559997e-06;3.321678181642731e-06;1.7430559550875429e-06;3.6143954684454992e-06;4.4493918157738186e-06;5.352290459028799e-06;4.082332662631105e-06;4.448173173461581e-06;3.098311485470581e-06;3.2110524875573487e-06;3.993306670134741e-06;5.174037326043295e-06;5.179562235810673e-06;3.6882258163005427e-06;2.100866827046807e-06;7.836931157577614e-06;1.1118355236890049e-05;0.00017501812419124565;3.465698505909337e-05;3.7398540042756326e-05;2.1506687036462288e-05;1.0778483827886805e-06;3.213643770658149e-05;2.2694359862610396e-06;1.0045940396590185e-06;8.469703189805419e-06;8.674664954342789e-07
11:41:23;297;3.3777652455248908e-06;3.9356685687656676e-06;2.3703949841646132e-05;2.768788043122134e-06;4.255120987360008e-06;5.357053221062684e-06;3.1812121522085075e-06;4.337831368288065e-06;1.9356761467228334e-06;1.4264984103446403e-06;2.840270577276659e-06;2.540773192000694e-06;4.651856233873662e-06;3.2637036015162577e-06;3.974398115502709e-06;3.140962773406638e-06;5.201077766298711e-06;6.312798902825629e-06;4.422329487204456e-06;5.131034718436274e-06;2.111536899444874e-06;1.587942848875426e-06;3.5035457390049602e-06;3.1507579363658554e-06;4.7662000367922646e-06;3.639219562213424e-06;4.260614879300031e-06;7.694603534743201e-06;1.585929758446868e-05;0.0001070494892621177;5.324753928988319e-05;4.636450449273136e-05;1.3122135686101891e-05;1.1936833606115132e-06;2.682710007956667e-05;2.1321148793876973e-06;1.6361775041423789e-06;8.710616596940216e-06;6.101358290590495e-07
11:43:45;298;5.067698906331812e-06;5.638869781619235e-06;2.0736382010643058e-05;2.5093340438269767e-06;7.05039257230634e-06;6.376252579992132e-06;6.35888853944328e-06;5.015585704174183e-06;5.10960435465532e-06;3.454340861030015e-06;3.6014204654448307e-06;2.7040431892802728e-06;4.938326148814812e-06;1.0230283888548994e-05;3.4639127106055927e-06;2.818821898575992e-06;8.035887644894767e-06;7.249334683802783e-06;7.725221817226951e-06;5.87155003629476e-06;5.504954043328924e-06;3.105879521839758e-06;4.132769816673708e-06;3.148189226878826e-06;5.261153014141166e-06;1.0876729257815206e-05;3.935944024778098e-06;8.949761530978565e-06;1.0065009395225853e-05;8.86540719752868e-05;5.823563521225864e-05;3.416224675767557e-05;1.7429452344270255e-05;9.030716048267143e-07;1.8735766239578683e-05;2.118722192015841e-06;8.504848289755564e-07;7.3582648201377955e-06;1.3740972264864097e-06
11:46:07;299;3.7472922678396325e-06;4.312806370912364e-06;3.118996268123134e-05;3.983791456718677e-06;4.693999331612469e-06;3.621919910010909e-06;4.927464945322671e-06;4.3118303582965405e-06;3.046951973476294e-06;2.79913415250506e-06;4.368931476958241e-06;3.0377690877517436e-06;2.566422534529393e-06;5.030854047047032e-06;2.578436811456248e-06;4.2670373739936255e-06;5.627843948568165e-06;4.5887160859256025e-06;6.160185565229629e-06;5.3674638296843686e-06;3.2430564433410307e-06;2.9257751656345298e-06;5.1210169393799115e-06;3.4694144751138314e-06;2.755217989735822e-06;5.277333653057097e-06;2.950612960825011e-06;8.12975722006871e-06;2.0601238125384484e-05;0.00020212257002634633;3.23384808395757e-05;4.518795250439603e-05;2.4312915123978945e-05;9.510517766955332e-07;2.6069992102350468e-05;1.9665618687685106e-06;1.539862076948493e-06;9.994366170910036e-06;1.0648043393527752e-06
11:48:28;300;5.149509963331411e-06;5.783632907797612e-06;2.858185937091631e-05;2.4053170676229354e-06;7.1128111297401695e-06;4.989140782447004e-06;5.391145599922063e-06;3.6763831628276606e-06;2.0707638846963825e-05;1.8613679210491538e-06;4.24416968026652e-06;2.7809325836872487e-06;2.3545411613151206e-06;3.2883846251249596e-06;2.9822848190974582e-06;2.752134714913304e-06;8.186016047251473e-06;5.9362121537330345e-06;6.4243925068314895e-06;4.635751237620303e-06;2.1564295832520863e-05;2.1508718120884034e-06;4.796461872743587e-06;3.3606206944234974e-06;2.4322150650306546e-06;3.7083035997195017e-06;3.45631672390954e-06;6.906748729218697e-06;7.422620012401016e-06;0.00017383789876799233;4.655014815448342e-05;4.266980444833997e-05;2.7798372361216002e-05;5.804037314613917e-07;2.356480294667912e-05;3.162634895496868e-06;6.724941265467311e-07;8.374419615395663e-06;1.4419646617644514e-06
11:50:50;301;3.4553959467457802e-06;4.01065102191233e-06;2.7651563472216457e-05;2.3651991576591835e-06;3.623123034398904e-06;3.6335506033486293e-06;3.767892238215609e-06;3.884917703089741e-06;2.6556845458068e-06;2.2141873985213256e-06;7.495591630531222e-06;2.5528324558104547e-06;2.0071079557159135e-06;3.662226991319916e-06;3.60243655964351e-06;2.513086332316872e-06;4.56955134884279e-06;4.3949227191764225e-06;4.832490454830378e-06;4.894156643475279e-06;2.973207483016348e-06;2.340163517526636e-06;8.205910063812162e-06;3.087874704219815e-06;2.082871275623675e-06;4.2845415378054254e-06;3.949034836768067e-06;7.3310353465052e-06;1.3908811074964257e-05;0.0001723665687282654;3.915440809955088e-05;4.068487254967735e-05;1.3968617659782796e-05;8.450813658508478e-07;3.0246590619665918e-05;2.2827269245672923e-06;9.293586533617115e-07;9.120474728077575e-06;9.802159163283583e-07
11:53:12;302;5.353334734210917e-06;5.926930227844101e-06;3.1092899367809555e-05;4.8513820861987e-06;3.82722757534411e-06;5.62750436795444e-06;1.0414376307918163e-05;5.643725394900333e-06;3.262583241146124e-06;3.138538491239987e-06;5.424909610176408e-06;5.3095367091254335e-06;2.874906326898564e-06;4.820946958649198e-06;9.044377689610366e-06;5.161741570720805e-06;4.772456534312047e-06;6.3542598507157455e-06;1.1616433622995966e-05;6.825626493266583e-06;3.5540659247331697e-06;3.1197125261176646e-06;6.213746398972507e-06;5.764321457131182e-06;3.1790866442067074e-06;5.329403738639335e-06;9.232306310187148e-06;7.567970079695251e-06;1.1151522866682972e-05;0.00022183012533100538;4.2910121844915526e-05;2.9985380505843334e-05;1.4671184038222093e-05;9.859678457062403e-07;2.7691267799183114e-05;1.858251029356509e-06;1.5428604385183771e-06;1.0490164199710821e-05;2.429976434875147e-06
11:55:33;303;3.85073197409466e-06;4.39599728428842e-06;2.133510823662027e-05;2.146001593963185e-06;3.148111230447367e-06;3.903461890527896e-06;3.07592676743437e-06;2.880445296747005e-06;3.721009894228835e-06;1.9067655511891117e-06;1.4378511000178275e-05;3.236955131733701e-06;1.8413884929170299e-06;3.101309385784971e-06;2.8688960070607807e-06;2.365294742762499e-06;3.9852869991315135e-06;4.956267324630488e-06;4.259655255898192e-06;3.6911197939038106e-06;4.0528810770894455e-06;2.100357653921204e-06;1.4873354153171966e-05;3.7231265501252926e-06;2.025874817010407e-06;3.5223788213615874e-06;3.1963687128661115e-06;6.44766745191973e-06;1.4582891649193716e-05;0.00011616049388296087;2.9275853130346173e-05;3.465600111102608e-05;1.7967319282101177e-05;1.2410969752351128e-06;2.4831613747764345e-05;2.0351585311015186e-06;5.439175225113131e-07;7.573545378688317e-06;7.057401765949422e-07
11:57:56;304;4.061601095370096e-06;4.579874908076702e-06;2.231376425067331e-05;7.55149129490333e-06;4.735561325539741e-06;3.2464414671680557e-06;4.701617163957198e-06;2.7630455825544686e-06;2.1722016088884546e-06;5.54523117622032e-06;4.738681136858118e-06;3.0733729420004154e-06;4.519975895143282e-06;3.3571106594430167e-06;2.3344810511360947e-06;7.9433122629803e-06;5.665531590020231e-06;4.076405128769325e-06;5.887395621391965e-06;3.4557110774286127e-06;2.455809696089724e-06;5.449715059466477e-06;5.42733442107189e-06;3.5326511308568704e-06;4.602648646774653e-06;3.844260955023096e-06;2.6177212268659693e-06;6.9206134974755645e-06;2.005247288494046e-05;0.00011294908723557066;3.243746425250052e-05;3.547748632407906e-05;1.3929277516879023e-05;8.611735112362588e-07;3.368736139768048e-05;1.8735943062961503e-06;9.363450392643604e-07;7.753708816001548e-06;8.865862261556257e-07
12:00:18;305;3.3983549469434653e-06;3.974830325562293e-06;1.847349218238854e-05;2.470034507272668e-06;3.820610185556461e-06;6.584340017535727e-06;6.462305643010908e-06;2.062825588728339e-06;2.0089020079761997e-06;1.9117860275066145e-06;3.105536129992133e-06;6.233834045975652e-06;1.583511788361136e-06;2.819117538683196e-06;1.7174549271233146e-06;2.723085202300745e-06;4.719177091322342e-06;7.620838298666795e-06;7.761385600306198e-06;2.851661019455686e-06;2.230239873151271e-06;2.0538939296888134e-06;3.7989016710767666e-06;6.866828002036723e-06;1.7188652933166653e-06;3.218909243883048e-06;2.1341770489131324e-06;6.477586232952836e-06;1.7207986579384566e-05;5.212238945610794e-05;6.630676377854953e-05;3.4009334642104005e-05;1.0787658840689621e-05;1.0248592088859907e-06;2.1093237462930842e-05;1.9536050480082987e-06;7.290785241240101e-07;8.873192492755378e-06;1.0962139221695026e-06
12:02:40;306;2.8244992639708304e-06;3.373089802026479e-06;2.3584977309985957e-05;4.455706583492904e-06;3.4095452124657557e-06;3.3101081696235663e-06;4.789244991860125e-06;3.506291263151566e-06;2.1591828645028954e-06;1.6217387266628045e-06;2.088228718186904e-06;2.4061980472758004e-06;1.9681903086715185e-06;2.020057234375372e-06;2.1594980044170597e-06;4.721800744650691e-06;4.331238268248485e-06;4.144297969980494e-06;5.879600155223463e-06;4.537620575722974e-06;2.4817266729412582e-06;1.6438326186496713e-06;2.793120804394848e-06;2.881316341884059e-06;2.160576573145061e-06;2.463134330378413e-06;2.4388118358901805e-06;7.47582301003942e-06;1.3557343675673002e-05;0.00014500035291424029;3.515617973676418e-05;3.2647602275269785e-05;1.3959130854045383e-05;1.0729691972492542e-06;2.2131810042789473e-05;2.148632801807662e-06;1.1702085500794114e-06;8.072298703292725e-06;6.273759585808725e-07
12:05:01;307;4.403222274553607e-06;4.972258351169986e-06;2.038786073931357e-05;2.691865477027539e-06;7.379022424526159e-06;3.4447852572066555e-06;6.734353298686425e-06;2.451004290516711e-06;3.106617023911957e-06;3.809018711916937e-06;5.1423470840719885e-06;3.503734543547859e-06;2.357195224789166e-06;8.793192087352963e-06;3.4255300642110402e-06;3.048734792564919e-06;8.290999308491901e-06;4.545568065657767e-06;7.898927108300673e-06;3.3053846880049396e-06;3.463963384080982e-06;3.6595608544533356e-06;5.956913447576719e-06;3.9112113409839965e-06;2.5563881694370715e-06;9.224204905542966e-06;3.805242429251261e-06;6.4355233415265524e-06;3.177786355126862e-05;5.57695777650522e-05;6.015081173032072e-05;3.93075272622219e-05;1.1872627455719637e-05;7.546016791814577e-07;2.539911585440408e-05;2.9120507115419406e-06;4.28979398811949e-07;8.928864764865598e-06;9.167853568482388e-07
12:07:23;308;3.9300560401174645e-06;4.3798899374059715e-06;2.0475246220158106e-05;2.249093920073361e-06;3.0789816034952495e-06;3.875389390405427e-06;3.376569618008706e-06;4.407414066194675e-06;2.0691911758968278e-06;3.874835713382006e-06;5.821630703324714e-06;3.806919996049177e-06;5.855680723501874e-06;3.911041010728024e-06;4.833922968572324e-06;2.5318699047752087e-06;3.7692533267177113e-06;4.653058982236146e-06;4.438363352095667e-06;5.063846407510131e-06;2.3484530091289207e-06;3.6595728721594344e-06;6.452681133586212e-06;4.187007864200933e-06;6.072971418573996e-06;4.131723894888522e-06;5.249875489943971e-06;7.656818961368269e-06;1.7860220826779776e-05;9.793224105552606e-05;4.194022567962614e-05;3.5380119295587985e-05;9.589004947078834e-06;9.142728546665376e-07;2.2096868138428488e-05;2.070024480003285e-06;6.703143098787273e-07;8.537522972275702e-06;1.0553211206774047e-06
12:09:45;309;3.7109623172362016e-06;4.242394479776142e-06;2.56902651591016e-05;2.926971619097365e-06;5.2547357398680106e-06;3.712476087517044e-06;5.390197925175306e-06;2.3220458827663295e-06;3.5876691251763244e-06;2.0631888719500258e-06;3.6733782774366444e-06;2.380865714357583e-06;5.603977968378486e-06;4.894093694024997e-06;2.721945667567964e-06;3.1527677714321623e-06;6.129826850823681e-06;4.782352236729878e-06;6.456884639652644e-06;3.1467717880205565e-06;3.837753379402669e-06;2.065039765672932e-06;4.370546770288353e-06;2.9266887933565295e-06;5.698573187157907e-06;5.240456011615837e-06;3.1010708477844695e-06;7.568211830088655e-06;2.071690287005423e-05;0.0001358630255900978;5.2317413478880855e-05;3.715939340142102e-05;1.6034088365925186e-05;1.1148983416906424e-06;2.3782193624649507e-05;2.2541511873113655e-06;1.127668289525088e-06;9.683730322629317e-06;6.615046069454651e-07
12:12:06;310;3.4727924096826386e-06;4.017553073590765e-06;2.0045180746189746e-05;2.3722419127251855e-06;3.104357726839298e-06;3.4634878834018745e-06;3.552638686182325e-06;2.796875528913874e-06;2.250983255145591e-06;1.4215493822078429e-06;1.127257220384143e-05;2.6788475962743776e-06;2.513047321593056e-06;3.2079466730682395e-06;3.0389597033578495e-06;2.5802288317646357e-06;3.985731182240935e-06;4.424647256741934e-06;4.6109719882731e-06;3.6210857834254356e-06;2.451003357651367e-06;1.5323597651757477e-06;1.2248048198118709e-05;3.046826569067279e-06;2.7206560757861817e-06;3.4510459603483515e-06;3.538030180411452e-06;6.6690940412877025e-06;1.6871119655827288e-05;9.769644950704386e-05;3.493986015738723e-05;4.035395436881566e-05;1.021565187414821e-05;6.663147069789748e-07;1.87626671131691e-05;4.97834715803136e-06;6.695716577157175e-07;7.76012936767149e-06;9.590093462004045e-07
12:14:28;311;4.9446845241360196e-06;5.555674271841159e-06;4.8451686786848225e-05;4.224240107607681e-06;4.663420585289528e-06;8.529480215134878e-06;3.7046175953166354e-06;3.403653072679576e-06;2.1560081312992967e-06;2.4846621185565194e-06;4.1509212645704254e-06;3.5604263361415693e-06;8.133356326050551e-06;9.963820012938061e-06;4.361606699567553e-06;4.6934593614469694e-06;5.6050864570144904e-06;9.247899625630521e-06;4.924952587385587e-06;4.33943567926851e-06;2.4476954520282506e-06;2.92522622657998e-06;4.880775609135641e-06;4.053817399006773e-06;8.137907081641348e-06;1.0630168582816001e-05;4.781665006991221e-06;8.437883178728444e-06;1.6642495283782277e-05;0.0003861985022917529;5.357885836619092e-05;4.61735887248667e-05;2.706951727749605e-05;1.5474630330317454e-06;2.839592177330321e-05;1.8900630676109675e-06;6.014669407955009e-07;1.009214000830013e-05;7.923414963198766e-07
12:16:50;312;2.823771006112772e-06;3.32109680475466e-06;3.073123182174883e-05;2.3277833370759606e-06;3.728002155867216e-06;3.667914040858281e-06;4.399974519357515e-06;2.9061695430760377e-06;1.9189811816356825e-06;2.067215749407774e-06;3.004925430261096e-06;2.6629315307179593e-06;1.2450544542827204e-06;3.6755163431611106e-06;2.280782825795055e-06;2.5384572151629474e-06;4.587168793673472e-06;4.529106260484189e-06;5.473108673488495e-06;3.629612208471049e-06;2.1809794275271353e-06;2.270126676389909e-06;3.6447997899813345e-06;3.0884054361114426e-06;1.4129494377213425e-06;3.9254709054724036e-06;2.5729756921061346e-06;8.939697831002122e-06;1.4153443268621622e-05;0.00020757011614543617;4.7956728326504724e-05;3.812736758125596e-05;1.5423132041860262e-05;1.2035883571465793e-06;2.2937905420297453e-05;2.6670128872893497e-06;7.390766547199199e-07;8.300584438144473e-06;7.561289087073033e-07
12:19:12;313;2.892604266820213e-06;3.451641469273224e-06;2.391379793660615e-05;6.833363516084939e-06;3.334337585188378e-06;2.83921521590261e-06;3.5239091693158158e-06;2.4462649527056226e-06;1.3954838123840896e-06;1.854581040981109e-06;2.5655382739454455e-06;3.88494245969055e-06;1.7379308434393372e-06;2.288628039889576e-06;2.007055299493097e-06;7.184772590634669e-06;4.169484952134427e-06;3.832317890808991e-06;4.725884948613062e-06;3.325302028355785e-06;1.7400595419231545e-06;2.01221928364248e-06;3.238725894392056e-06;4.366520345142874e-06;1.9043068256238097e-06;2.7016614271642654e-06;2.2184407285588153e-06;7.081360028794166e-06;1.1415731285284034e-05;0.0001524259044607278;3.5079198760130256e-05;3.5006970058670255e-05;1.4357516261388889e-05;1.1145362383169352e-06;1.805541968263002e-05;2.091162289161942e-06;9.774754025685811e-07;8.535638481094066e-06;8.246622905068243e-07
12:21:33;314;4.379523672200363e-06;4.873975970590033e-06;2.603445376615054e-05;3.7017183776426195e-06;8.503356995829977e-06;4.769239884309813e-06;3.6420560657032555e-06;4.390722763632353e-06;4.566865007211101e-06;3.5920503854601873e-06;2.5190530098226107e-06;3.518043031033616e-06;3.5030066821403496e-06;7.383270545411526e-06;2.464899667002514e-06;3.938891617957479e-06;9.56987305701809e-06;5.533235126458288e-06;4.833043102378356e-06;5.475651163049152e-06;5.0310928870629465e-06;3.3036983409204632e-06;3.1470776602988355e-06;3.944294216517282e-06;3.6445439413507267e-06;7.293141693423157e-06;2.7731673296180308e-06;9.049865263247181e-06;1.1005248527691444e-05;0.00016648647273922635;3.42706750146157e-05;3.713181698967729e-05;1.2692255535245582e-05;9.33411525286243e-07;2.7825897707983703e-05;2.3137563906853252e-06;1.1267339351971657e-06;8.562010729854304e-06;1.0153008350962213e-06
12:23:55;315;3.955328527896737e-06;4.579050134533288e-06;3.383989634200555e-05;4.026745833582171e-06;4.926277880330914e-06;4.288214844388511e-06;4.771689075381986e-06;3.6571241485655097e-06;2.2000697961614564e-06;2.234632718221199e-06;6.343499351983568e-06;4.11770908764259e-06;2.2274334418945974e-06;2.8651347213132734e-06;5.805409967701342e-06;4.365450931915422e-06;6.020273948580106e-06;5.104176099411223e-06;6.001907290219951e-06;4.756546497412296e-06;2.5262170858028022e-06;2.3873783447925234e-06;6.925314187068165e-06;4.7310920417888305e-06;2.3791353914009362e-06;3.314487283700422e-06;6.436620864567171e-06;7.335583316500022e-06;1.3643200093357275e-05;0.0002088200112967808;8.874118494453616e-05;3.170451895875367e-05;1.6687973814723055e-05;5.688868788014028e-07;2.588281922128016e-05;2.4627500360582204e-06;2.624299591041519e-07;9.037498468593531e-06;9.318991155782781e-07
12:26:17;316;4.466245046524426e-06;5.039247822377881e-06;5.5802021783844374e-05;3.7963837691279423e-06;5.5370818714741494e-06;1.1064271730405876e-05;3.0065843983351215e-06;3.271792999758428e-06;2.7529570261399594e-06;3.4866519337968653e-06;3.467219568746445e-06;4.215058205015897e-06;3.6396122657126027e-06;4.4578754380030326e-06;4.899449458987832e-06;4.148017342807099e-06;6.49484406460056e-06;1.1805179222196611e-05;4.2032668693249016e-06;4.081291829411212e-06;3.0014101740343443e-06;3.569899931041814e-06;4.2097137879806455e-06;4.6917015211713796e-06;3.917768285473473e-06;5.110726311913016e-06;5.2371523814812625e-06;8.308257783701914e-06;1.0905628990533079e-05;0.00047684869686450836;6.28573803819404e-05;4.385685334348798e-05;3.1900684937318644e-05;8.803939984037006e-07;2.1408493752151695e-05;1.8551193978938364e-06;1.2039222441591738e-06;9.028407920917658e-06;5.704217911161921e-07
12:28:38;317;4.082447990004891e-06;4.552247285377971e-06;2.4020637052437814e-05;3.4465585404642627e-06;9.980209258292854e-06;3.7350071021468136e-06;4.054875630094495e-06;3.64740077849681e-06;2.184619124389154e-06;6.971884777697633e-06;2.923155395638911e-06;2.7124929308735606e-06;3.176661224008564e-06;3.924699545233455e-06;2.2318098667736566e-06;3.821728390719244e-06;1.0619840942368522e-05;4.599801119598574e-06;5.232033020006441e-06;4.246705366658486e-06;2.452267946714931e-06;6.649322597384733e-06;3.621028292423322e-06;3.2194404377173955e-06;3.2075147819802013e-06;4.4017654694977826e-06;2.555517466411218e-06;7.895598879674352e-06;1.306406321943489e-05;0.0001411638653324693;3.512097342093444e-05;3.078021434782042e-05;1.7840100083169547e-05;8.37982167310557e-07;2.7850033642447294e-05;3.2130491188137463e-06;6.320836142922048e-07;9.150376460376966e-06;6.99304342510074e-07
12:31:00;318;3.105990165346901e-06;3.6296597741805075e-06;3.853605275776205e-05;1.7397945729736752e-06;3.0763936271165964e-06;5.523416696785365e-06;4.1851803713138285e-06;2.531366078528663e-06;2.9624075840476136e-06;3.2385250568528985e-06;3.2728017855406093e-06;2.3143829630937902e-06;1.7063605523307244e-06;4.783213961962412e-06;1.9380377404716724e-06;2.0136710832681458e-06;4.094275723967062e-06;6.360615765216504e-06;5.424682446769284e-06;3.3850508863238994e-06;3.2038477281241306e-06;2.9534872648490575e-06;4.016710964963208e-06;2.8019276445015347e-06;1.983027968285972e-06;5.069898565171236e-06;2.248719865056506e-06;7.161887169828449e-06;1.4701006730308002e-05;0.00026724169682211237;6.878037724105713e-05;4.344682946527579e-05;1.8229962921167835e-05;6.695103445812225e-07;2.955043092009298e-05;2.218336077686437e-06;7.051538079108263e-07;8.763005664778419e-06;9.644359283452355e-07
12:33:22;319;3.5909002081330694e-06;4.198232257789918e-06;2.7387574244361098e-05;3.0555069989320187e-06;4.99228434656309e-06;3.745625832768889e-06;4.240024883760508e-06;5.112532421494817e-06;2.294720908806043e-06;2.456772922957126e-06;3.9189802417380095e-06;2.8022918374468664e-06;3.456372616965227e-06;4.11298075872227e-06;2.9027076034925483e-06;3.4155331639317124e-06;5.870291750374857e-06;4.562591348536743e-06;5.606845065755541e-06;6.1036313282680635e-06;2.7354777929056445e-06;2.556250955180237e-06;4.694942105478604e-06;3.33372273111815e-06;3.658831454093253e-06;4.589867445776944e-06;3.2508005259370306e-06;6.846712268927969e-06;1.4279658415379065e-05;0.00018414593452402282;3.422225253317227e-05;3.30261172083618e-05;1.9795762575099e-05;6.994195867663188e-07;2.135479529000322e-05;2.352576565234836e-06;1.07883511736382e-06;9.943418161328817e-06;9.054086866732724e-07
12:35:44;320;4.977449517763365e-06;5.468046863456891e-06;3.4730612752668654e-05;2.664724149458276e-06;7.15337634202032e-06;7.742276296922187e-06;4.880835126447829e-06;4.616326085837841e-06;3.402747648095783e-06;4.645656564408992e-06;3.139270712957589e-06;2.8713761343562343e-06;3.057426773332075e-06;9.91943335680968e-06;5.635943048335176e-06;3.000086610283481e-06;7.80855873040597e-06;8.469156443736004e-06;6.107499446650625e-06;5.572372954334184e-06;3.7012801880613368e-06;4.688899057155256e-06;3.935723003174828e-06;3.3297500395528453e-06;3.320692979033555e-06;9.723781670489395e-06;5.958759609573555e-06;6.538112127222274e-06;1.3027815403816527e-05;0.0002553576809030447;4.731539279050586e-05;3.3659615701914594e-05;1.9739648592805062e-05;1.0685242054379807e-06;2.7079630362673134e-05;2.0357995174627903e-06;5.057920985223022e-07;9.5282579182596e-06;9.110834103589778e-07
12:38:05;321;4.3410661576941e-06;4.903027263337e-06;4.327658348073438e-05;6.6713413570017686e-06;3.477970814781305e-06;8.500892737376118e-06;4.1789874920539205e-06;6.7891446098917125e-06;1.523203089316315e-06;1.7983323182913968e-06;3.4724907839683343e-06;2.1017457036975884e-06;1.7955007378263459e-06;4.722924883344087e-06;7.060257728271195e-06;7.05773462684618e-06;4.503663255571707e-06;9.238347024332637e-06;5.1401485259564746e-06;8.058601854861968e-06;1.8052790472188174e-06;1.7866084391831073e-06;4.2832212652165595e-06;2.5623412022492007e-06;1.9638604588273e-06;5.179644029892729e-06;7.256876061328052e-06;7.743806489515897e-06;1.1598464361919742e-05;0.0003424127306165413;6.232824662077578e-05;3.3366110479686027e-05;1.8193184257842437e-05;8.858842756438011e-07;2.888815302488466e-05;2.176334990867981e-06;8.580947106259921e-07;9.739098204624367e-06;1.1288937358848112e-06
12:40:27;322;3.8517875789910825e-06;4.352110259281324e-06;2.325830743701275e-05;2.7566807047983066e-06;3.5248087128665744e-06;3.0186179855527162e-06;9.397125140253593e-06;3.0873250280323687e-06;2.2267941531918143e-06;3.872992755111165e-06;4.753144801386807e-06;4.5821379653819925e-06;1.852381373623757e-06;3.7447707333432785e-06;3.4046702223571916e-06;2.9580117750557766e-06;4.4597758218676255e-06;3.754696058134454e-06;1.0588718062455329e-05;4.0251148204874825e-06;2.5198463171812974e-06;3.854918552089565e-06;5.185664378264455e-06;4.823813501216252e-06;2.1734910129579693e-06;4.17165243630688e-06;3.7096187549615955e-06;6.463323329261183e-06;1.1601554687793955e-05;0.0001400410408461056;3.7845192906335506e-05;3.458741039047725e-05;1.3913200953500383e-05;1.0860881683346906e-06;1.940359203686226e-05;2.4712795305479672e-06;9.95079679543721e-07;9.882427365555804e-06;8.094993498346878e-07
12:42:49;323;2.660511512431185e-06;3.209268269057259e-06;1.832138092045152e-05;2.571997350774392e-06;2.9153927504859727e-06;3.1069735117612978e-06;2.8591355119415725e-06;4.222358927628213e-06;1.8602446076472616e-06;2.9105282589693036e-06;2.075889431907285e-06;2.1867918425561523e-06;2.2425454175654314e-06;2.833380185019895e-06;2.140899396349286e-06;2.7852964732821556e-06;3.943286271892191e-06;4.028255094868378e-06;4.015676348542543e-06;5.0632935815169906e-06;2.0928100984517037e-06;3.0035453653885893e-06;2.7963858141032965e-06;2.6124364467250416e-06;2.4105172542476794e-06;3.3615937141642266e-06;2.398121933719601e-06;6.940904394597462e-06;1.3396082462471344e-05;8.349531673257474e-05;3.6069857896993086e-05;3.2905179130375474e-05;1.3666923791729942e-05;1.0477450563459538e-06;1.8745437638207833e-05;2.727040191424675e-06;4.905024665880695e-07;9.513108747042828e-06;8.584725370667329e-07
12:45:11;324;3.741158288696831e-06;4.3242247516624235e-06;3.2285684374602894e-05;2.1659394773882408e-06;4.866572157621621e-06;4.317626539447743e-06;3.838044368461882e-06;5.4116314080426324e-06;1.7563209160959496e-06;3.45492718506984e-06;5.437807406784921e-06;2.5435718983986404e-06;4.569197411541381e-06;4.193215393012327e-06;2.339044200509606e-06;2.411551869229271e-06;5.810844298519188e-06;5.036057156665933e-06;5.1377714665745134e-06;6.399025790104341e-06;2.0348420447808628e-06;3.4299879575019653e-06;6.324016233439936e-06;3.0586691182870248e-06;4.857637594784448e-06;4.682428557834665e-06;2.7078635392033996e-06;6.9368129044646395e-06;2.306354427477232e-05;0.00021433635903365784;5.588238716628347e-05;3.323276401431168e-05;1.6012279199404788e-05;1.413972414172795e-06;2.3449499424096275e-05;2.8725980033471064e-06;1.2710194975703004e-06;8.164947403311357e-06;7.920291598421794e-07
12:47:32;325;4.4243092460760636e-06;4.860460896590574e-06;1.9598219221807968e-05;3.1586683591135833e-06;3.3392764703679942e-06;3.8059716722862258e-06;4.842963656931881e-06;2.8263170325327667e-06;1.9580380570261013e-06;1.5519362125747772e-05;2.411426234936378e-06;2.8667284878865344e-06;4.958667740660096e-06;4.935836428384991e-06;2.46845299320145e-06;3.408339706984867e-06;4.148654181934242e-06;4.6928002656029636e-06;5.928746172167284e-06;3.5396805146717005e-06;2.2499951795378113e-06;1.4721732959169688e-05;3.1629990932247615e-06;3.25535134097548e-06;5.079053127264149e-06;5.423243085059294e-06;2.7149328875393737e-06;6.6428326599847064e-06;1.587852520766704e-05;8.562555795681052e-05;4.809674096591434e-05;2.710613899055568e-05;1.2123208761618334e-05;6.711960369372496e-07;2.557353562532003e-05;3.1481989851851443e-06;1.3027346439858936e-06;8.206389942383971e-06;8.03570885332675e-07
12:49:54;326;3.4614494588616007e-06;3.9860738012711285e-06;2.566732206772711e-05;2.2835955494248208e-06;4.333705308632509e-06;3.5941491743200644e-06;8.36197080515562e-06;2.4773115177819962e-06;1.8372065868632603e-06;2.1476853699908816e-06;3.845367097874621e-06;4.528044958621277e-06;1.7446647116094802e-06;3.393229659435933e-06;2.9904617046095825e-06;2.5562783206094285e-06;5.249889627405917e-06;4.484562813432385e-06;9.321828316917416e-06;3.326328308940913e-06;2.1475094713365896e-06;2.173893229074922e-06;4.312356807105649e-06;5.164869838188656e-06;1.9227003363833122e-06;3.874005882826628e-06;3.298661173590241e-06;7.128059955753663e-06;1.7323303063459375e-05;0.00014948354914104235;5.043654834893101e-05;3.501292049775562e-05;1.1733616546344516e-05;1.6581223854743417e-06;2.2111868543321295e-05;2.3774706631203156e-06;9.519754517263849e-07;8.986875895862081e-06;8.035543199342689e-07
12:52:16;327;4.618230009159871e-06;5.274752604950491e-06;2.7825549057772855e-05;6.772214403644677e-06;4.921593341836425e-06;4.333986258522125e-06;4.806412896775989e-06;5.044867710165849e-06;2.950239738972662e-06;3.3563090890773784e-06;8.109868478424108e-06;3.5424525623994896e-06;4.31120791074849e-06;2.9315825032163256e-06;4.3380233446622576e-06;7.159985797662108e-06;6.036343021853238e-06;5.26146295612042e-06;5.7655557277859216e-06;6.611169003952432e-06;3.161874396534551e-06;3.63176536090658e-06;8.889972774985708e-06;4.161740639286604e-06;4.43332053064411e-06;3.4268690468925804e-06;4.75697046153349e-06;6.430981442191373e-06;1.3519532301567679e-05;0.00019159787327370156;3.2968223170342503e-05;3.434123456514528e-05;1.2463465711995409e-05;7.899118874243351e-07;3.0365149123989173e-05;2.3751627125815372e-06;7.099129349364296e-07;7.89033005513847e-06;4.548115142605995e-07
12:54:37;328;4.411945094514894e-06;4.987504527452063e-06;2.657546067575803e-05;5.090768501374172e-06;5.441306606906499e-06;4.453672932669406e-06;3.960557879878479e-06;3.6024191687870784e-06;3.1020144759126693e-06;3.3264165317994165e-06;4.6537276396918514e-06;5.047297448677248e-06;2.769120681039345e-06;3.761707671336787e-06;7.734329803358007e-06;5.35220328856667e-06;6.275273571640055e-06;5.284825560978144e-06;5.110511403495654e-06;4.6785478792151454e-06;3.4082938782376004e-06;3.4543586307451353e-06;5.3154588996118105e-06;5.521612964210224e-06;3.03747063736421e-06;4.050787257670614e-06;8.360708013438116e-06;8.130672713495118e-06;1.5295741419439584e-05;0.00016894108944657765;3.9685842227403715e-05;3.1582901333994844e-05;1.0971915983307498e-05;9.586297344151835e-07;3.1676157309841165e-05;2.594828208468246e-06;1.0253925680683417e-06;7.457175062600687e-06;5.851821014842002e-07
12:56:59;329;3.1893378662899026e-06;3.7846851953389298e-06;2.4144446245048852e-05;2.9655044412829117e-06;3.5718275235296915e-06;3.791925485850036e-06;3.379087037170724e-06;4.0714848178166365e-06;2.851563715660694e-06;2.9737342542352447e-06;1.949153576157931e-06;3.777222791515297e-06;2.7002026302175803e-06;2.9336526777127987e-06;3.306694555020458e-06;3.3118272153266925e-06;4.500436607256084e-06;4.7859124594962645e-06;4.777031145876427e-06;4.893518858876586e-06;3.193375974499563e-06;2.953541232998276e-06;2.6552658876921037e-06;4.213123316685021e-06;3.043273248099295e-06;3.3348863216585265e-06;3.754028730787767e-06;7.427486796522171e-06;1.7778609820801358e-05;0.00012762550438430063;4.118238272587351e-05;4.054389839744007e-05;1.6914219911808935e-05;8.870899300008383e-07;2.331123456516209e-05;2.7113616647702747e-06;8.3050512501111e-07;9.398373130163547e-06;1.1226884887317166e-06
12:59:21;330;4.300811905721957e-06;4.900776551764892e-06;2.9330386572447578e-05;2.1763044507526854e-06;7.176078857443454e-06;4.341333570129729e-06;4.152193002033238e-06;9.122465325684846e-06;2.223864015766191e-06;5.902454463130818e-06;5.900177356788948e-06;3.2746501904444938e-06;1.9026647675572534e-06;3.1858486848208982e-06;2.2517064882553552e-06;2.5096552808233205e-06;8.16994968519356e-06;5.176943152981016e-06;5.312885363470937e-06;1.0555673066225114e-05;2.4769934171511326e-06;5.689445970347151e-06;6.8105419969366335e-06;3.869060840689956e-06;2.0761678909746227e-06;3.6661534246561615e-06;2.495847221452314e-06;6.847025880899909e-06;1.2919008993272533e-05;0.00018623487144770633;7.053159290777564e-05;2.6968715707225076e-05;1.1676792140877931e-05;5.523884032275703e-07;2.2504924218223142e-05;2.220335896722756e-06;3.970719352798048e-07;9.328696913614712e-06;1.783214424545527e-06
13:01:42;331;3.241634553190083e-06;3.838594759858834e-06;2.84396819107099e-05;2.4734502147471074e-06;3.4688873520720294e-06;3.019376636391836e-06;3.314396280015589e-06;4.308460810423495e-06;2.5062232352465488e-06;2.4414212122665773e-06;4.4730750410337805e-06;3.7422875528133917e-06;2.0593333149450515e-06;2.5603508617486814e-06;4.532351296856777e-06;2.7786724737054583e-06;4.5595215362505146e-06;3.910433040892954e-06;4.50370892026455e-06;5.404970870240735e-06;2.7328997639760697e-06;2.701037527470051e-06;5.205408440447115e-06;4.03363383790022e-06;2.2251915724258583e-06;2.981426480144802e-06;5.026231186012767e-06;6.121748044624571e-06;1.9988882447904102e-05;0.00019223224439461015;3.8114794065748635e-05;3.0530908970898754e-05;1.6122543799823205e-05;8.367228852056257e-07;2.4880121496286663e-05;2.367290639337289e-06;1.259363804882788e-06;8.142408356096683e-06;6.791540231003658e-07
13:04:04;332;3.300230263130805e-06;3.856928990127834e-06;1.9651962194990522e-05;2.7096338677458998e-06;3.2776428591835778e-06;4.289876518499951e-06;3.39731640153218e-06;2.408932660781137e-06;4.00935968643394e-06;1.1872591705319735e-06;3.4381988716283085e-06;4.7522866941046065e-06;2.1543915157709845e-06;5.9386478064027415e-06;2.039216135265385e-06;2.9832747216034157e-06;4.238621170459945e-06;5.064405890659111e-06;4.645604354963428e-06;3.229419181894351e-06;4.2185292538962604e-06;1.3506011920889009e-06;4.164277536606105e-06;5.244660884802469e-06;2.3204255282358137e-06;6.419317972508504e-06;2.404008969163822e-06;6.337981674807634e-06;1.994896129662016e-05;7.418457680132442e-05;4.183071729496661e-05;3.393472033620573e-05;1.7410105704940336e-05;9.680939446025722e-07;2.8228660508794152e-05;2.562754432156543e-06;8.839065156452558e-07;8.759005316478598e-06;7.740625133442795e-07
13:06:26;333;4.857919506016308e-06;5.464248036482383e-06;2.869950277269086e-05;4.073944969656457e-06;5.870180120901771e-06;3.5203582886757867e-06;7.043218651858751e-06;3.639256671370752e-06;2.312118120073592e-06;3.304138308735105e-06;4.472588618333682e-06;3.15241473151802e-06;2.837348100470649e-06;1.3875913438710086e-05;4.193552437667139e-06;4.467132666947311e-06;6.729429372493933e-06;4.357714545486614e-06;8.262419398790048e-06;4.688629063867332e-06;2.5646021456367045e-06;3.247438944296696e-06;5.3434651455305194e-06;3.620884851293743e-06;2.9709669701609344e-06;1.4809183539910009e-05;4.50910779018389e-06;7.949939260485737e-06;1.563602525941469e-05;0.0001897856965048855;3.5835888772357114e-05;4.023628327758468e-05;1.5316869798887453e-05;6.947426921810906e-07;2.5337041636114452e-05;2.6277148804975235e-06;6.56818336046389e-07;8.834466986822125e-06;1.4825458670135617e-06
13:08:48;334;2.5196010155845916e-06;3.0349590044260124e-06;2.134631416341423e-05;2.5759301229429226e-06;4.547142634304567e-06;2.4295169944530604e-06;3.500104997268171e-06;2.38509906968044e-06;2.021852357536602e-06;1.5851564906748712e-06;2.320452629883169e-06;2.6576250389870832e-06;1.4534818855564553e-06;2.2678563636317635e-06;2.490992644155199e-06;2.77834478218878e-06;5.263167245578222e-06;3.4149463930635314e-06;4.621296785110564e-06;3.1059557711700962e-06;2.407861302344827e-06;1.7325383905814835e-06;3.068642539329642e-06;3.0395066132078234e-06;1.6240687929456715e-06;2.6185782586898185e-06;2.7446005802469503e-06;7.0287555637139245e-06;2.3964942652660278e-05;0.00010978593264041685;3.0168667482977374e-05;3.317981231939567e-05;1.5076054319282958e-05;1.008694342967468e-06;2.1890879611030957e-05;2.938061985747344e-06;7.931170344391288e-07;9.47704890771052e-06;8.438031006283191e-07
13:11:09;335;4.098372836577627e-06;4.645207423845356e-06;2.5487864521665022e-05;2.176967993670267e-06;1.0111282983742017e-05;2.997214492271961e-06;3.5418404133609598e-06;3.7463623208111585e-06;3.4154707679463896e-06;7.2256824628686385e-06;3.210503018668088e-06;5.046851184883653e-06;1.7897209898330082e-06;3.5955072275454953e-06;2.323068596881745e-06;2.434789346611806e-06;1.116049915702816e-05;3.857432668869306e-06;4.638807033326792e-06;4.493387747015156e-06;3.760002905034491e-06;7.336531820604975e-06;3.952732160104449e-06;5.512520348492206e-06;1.926845267824987e-06;4.042667474613718e-06;2.626271297334755e-06;7.915288289257312e-06;1.3108219065206082e-05;0.00013280701447578603;4.6220846563781554e-05;3.9349606685459884e-05;2.3417090090597556e-05;1.5212875205370303e-06;3.016541414370109e-05;2.014465143293532e-06;3.443028642418235e-07;7.948288208970389e-06;1.0425512091479819e-06
13:13:31;336;3.7859747592315007e-06;4.310458999624862e-06;2.8588646818871187e-05;1.7061838324394785e-06;3.678613252718192e-06;1.0051354272051908e-05;3.019217387131593e-06;2.597943672552364e-06;1.713747424535551e-06;2.025639577125043e-06;6.6556542489851465e-06;7.772668348787255e-06;1.5773712882123774e-06;2.6236910735313112e-06;2.0096112373383077e-06;1.9407051453688124e-06;4.588494969343456e-06;1.0935745102628222e-05;4.144345019062424e-06;3.380951999490576e-06;2.03898084432867e-06;2.185407077987189e-06;7.338365810914805e-06;8.174499380632519e-06;1.6824645206702083e-06;3.0464309230421947e-06;2.2691154549935577e-06;7.239606911597815e-06;1.679944514319777e-05;0.00017271570010051794;4.4378212071488674e-05;3.4782208159990696e-05;1.766214121150574e-05;1.1204198552349333e-06;3.650012375277498e-05;2.3086697992667136e-06;4.533492027295278e-07;8.322376142608715e-06;7.815094755405968e-07
13:15:53;337;3.1655782648117152e-06;3.72571288538939e-06;2.9898920901272598e-05;1.8509381723480993e-06;3.6438369422404033e-06;6.187264669418627e-06;3.164392534025431e-06;3.5538237862004447e-06;2.7088277859183503e-06;1.5701206270499959e-06;3.707763014595209e-06;3.50040493851173e-06;1.9876533954097586e-06;3.6831906500884255e-06;2.4287217509052796e-06;2.1429936876739716e-06;4.698068979922926e-06;7.025470915346265e-06;4.172962370588882e-06;4.362293068453842e-06;3.1808300318631684e-06;1.6804916834742102e-06;4.4505944670969325e-06;4.063673725484685e-06;2.146865114487418e-06;4.049492150166955e-06;2.734817380309024e-06;7.447577249204676e-06;1.1379707475406584e-05;0.00020396442243175884;3.3298096211257194e-05;4.484217599292494e-05;1.3151105032923045e-05;1.0629262578549873e-06;3.2753173677562996e-05;1.7384020243871323e-06;6.478396735453273e-07;7.944826690941514e-06;5.567980975039307e-07
13:18:14;338;3.1101441648347232e-06;3.6697983916060883e-06;3.1357851365978135e-05;2.6768652227363274e-06;3.856009566437603e-06;4.795502897084444e-06;3.322314391273163e-06;3.0425756482347053e-06;5.019638081032502e-06;2.195135469759438e-06;2.2884657482145276e-06;1.8582694161621434e-06;1.3828041346318865e-06;2.9810259879974925e-06;3.903122633824358e-06;2.946558991805179e-06;4.8637127689934335e-06;5.760924261290089e-06;4.4493060958981765e-06;4.166306794852776e-06;5.45040002985912e-06;2.122964091644393e-06;2.8959350229457943e-06;2.305446885864374e-06;1.5652586759781024e-06;3.493823660852585e-06;4.016942178087804e-06;7.295896835971882e-06;1.3193195138675054e-05;0.00022119335001093905;3.1768942927218305e-05;4.346279835718805e-05;1.6161977702216045e-05;7.996247012133294e-07;2.991961739483553e-05;2.106384643192545e-06;6.088613528578937e-07;8.750992180326058e-06;1.0325751471039504e-06
13:20:36;339;3.102009047366168e-06;3.6281602534254028e-06;2.5971752176171597e-05;2.412450569654435e-06;3.716724607598239e-06;4.21992854333036e-06;3.359798523435002e-06;2.6901802978394263e-06;2.9174618788697546e-06;2.0065195164388103e-06;3.0214594758281135e-06;2.2025545200224625e-06;6.037457589384716e-06;2.7295374577947356e-06;1.9100347567822174e-06;2.7524696622405618e-06;4.644699214899262e-06;5.118232337148975e-06;4.4915443135024255e-06;3.428517077195523e-06;3.265157426505562e-06;2.008232904325821e-06;3.760655030004549e-06;2.770065077728057e-06;5.8260858265925834e-06;3.2396812538179435e-06;2.232582185374495e-06;7.122770502656725e-06;1.5954737295246662e-05;0.00015492897963240686;4.0446479610443095e-05;3.699137085090424e-05;1.5354988835399202e-05;6.483082232016187e-07;2.767155491805663e-05;2.157764073099581e-06;8.559134133605603e-07;8.742019851323146e-06;7.861389079608088e-07
13:22:58;340;2.7366006311136846e-06;3.2958274500109654e-06;2.953265693986229e-05;1.4238308721139312e-06;2.834153498312084e-06;3.879631702765416e-06;3.4416311505742154e-06;2.0782809467722143e-06;1.7180875246128577e-06;1.2405716220762677e-06;2.5048291145488766e-06;4.201773532906052e-06;4.296805389068161e-06;2.720694059215651e-06;2.498917310653972e-06;1.696499696122431e-06;3.7991973604681633e-06;4.684142408499426e-06;4.738523433774436e-06;2.7797267831328432e-06;2.044965531010198e-06;1.3623403920582514e-06;3.2653310968213836e-06;4.812306280678346e-06;4.517303992381844e-06;3.1259291656077705e-06;2.7236622953969806e-06;7.559496392555475e-06;1.3242621569809147e-05;0.00021360269285216845;2.5730877500235743e-05;3.823277808632058e-05;1.05980461014048e-05;7.703240904541839e-07;3.095067110962838e-05;1.7433065788249962e-06;1.1174588335681884e-06;9.885525341968724e-06;9.580848214087638e-07
13:25:19;341;2.696372529375036e-06;3.274040038170053e-06;2.50681055588915e-05;3.8024254022611164e-06;2.9389976899032244e-06;2.582517336626531e-06;2.5559339656472897e-06;2.738004625287131e-06;2.695387905114124e-06;2.6856357143016525e-06;2.486013982954722e-06;3.4909955479117176e-06;1.4210108994948778e-06;2.882299510822215e-06;2.0772468987734722e-06;4.0363423793194994e-06;3.9997061281334215e-06;3.553472997506865e-06;3.7972492659891826e-06;3.5710180497252494e-06;2.9752035893176946e-06;2.659233902267249e-06;3.1707836195535125e-06;4.017495643029754e-06;1.686170189915646e-06;3.3656175086826243e-06;2.4561861218438636e-06;6.814717280544002e-06;1.694622472146576e-05;0.00013323886945212218;4.396621320618995e-05;3.88067498446295e-05;2.0591390532576235e-05;5.561866913694274e-07;2.6997641891521722e-05;2.07936725408978e-06;5.887785864629665e-07;9.425530555912106e-06;8.055966898143396e-07
13:27:41;342;3.5845402744624524e-06;4.216810388058974e-06;3.3048376731528615e-05;4.579950948430616e-06;5.2976340941509905e-06;4.542638245523407e-06;3.4166803254914218e-06;3.2096822274754997e-06;2.9527340206023856e-06;2.3904771778210883e-06;5.521933000225814e-06;3.0076156771550378e-06;1.787796419915434e-06;2.7947941498044058e-06;3.5125459914424213e-06;4.8921366485472715e-06;6.390415261263069e-06;5.5598062991072155e-06;4.673414106854338e-06;4.35633397570154e-06;3.376707301372968e-06;2.715401736375359e-06;6.228018506428984e-06;3.5922276172733534e-06;1.9593551321951413e-06;3.203537967468187e-06;3.6543685578353573e-06;6.3808299770189775e-06;1.573539399813843e-05;0.00023297949985061586;3.362655495279994e-05;3.737259169075138e-05;1.9861164493377193e-05;6.88684850569798e-07;3.59081988155842e-05;2.2683382474421168e-06;1.1860247751979312e-06;9.321872552958242e-06;1.2513665738893126e-06
13:30:03;343;3.424067879494301e-06;3.939668019910054e-06;1.6350419171916826e-05;2.076023997558836e-06;4.819776847853063e-06;1.0034241645423043e-05;3.882191815695148e-06;2.6252707351853193e-06;2.239497514060092e-06;1.5344839831919124e-06;2.8625619092084973e-06;3.2370336680222844e-06;2.4630914227814897e-06;2.8707871133222667e-06;2.4438528652061886e-06;2.29678897623464e-06;5.51522726663613e-06;1.0802516959601338e-05;5.087144392193663e-06;3.4376672788945327e-06;2.630911425616363e-06;1.6589047518957872e-06;3.459649880962296e-06;3.922654145696205e-06;2.5900312922675754e-06;3.192865971028322e-06;2.681652680437281e-06;6.275256457066712e-06;1.9608812304092167e-05;5.745071791056507e-05;3.4427507124102024e-05;2.9796789378548788e-05;8.935323112626568e-06;1.8891123974238716e-06;2.3740823154797112e-05;3.943319831788807e-06;1.3924485243952574e-06;8.042463850851487e-06;7.024560167440516e-07
13:32:25;344;2.3958786708920923e-06;2.9739965070860572e-06;2.2290323130421378e-05;1.891007395439136e-06;4.097971757488494e-06;3.0376215348323656e-06;2.9420605688234116e-06;2.4404110934093315e-06;1.943595886334425e-06;1.1040051898124725e-06;2.7188884247857974e-06;2.6027427030586834e-06;1.3106687412157603e-06;2.6729130960296228e-06;1.9886567783218694e-06;2.2264172633220348e-06;5.064941965832111e-06;3.896192621843649e-06;4.165772279635878e-06;3.270190678115715e-06;2.212747907649344e-06;1.2788138197328971e-06;3.5298903582505645e-06;3.0597154905023407e-06;1.5041006200083791e-06;3.1395741966144106e-06;2.3395999330170547e-06;6.289359624242944e-06;1.1195539151237722e-05;0.00013046274316637536;4.082316285726852e-05;3.019167144649688e-05;1.1903433627996447e-05;6.982105341821945e-07;2.4790120607948343e-05;1.9746779807851306e-06;5.337880961462949e-07;7.854488523178534e-06;7.666819491981864e-07
13:34:46;345;3.1690281258146444e-06;3.6521700558641666e-06;2.090035734251905e-05;1.94863874951197e-06;2.9119496735513e-06;3.4868253985949464e-06;3.1586665417390494e-06;2.9820647200877333e-06;2.251283176364764e-06;7.16501317751553e-06;3.4490653258697792e-06;2.7935585768675124e-06;2.234232454237625e-06;2.9268995400273794e-06;2.7201392240075704e-06;2.164558258202674e-06;3.842597394234676e-06;4.312006717842865e-06;4.256126462505678e-06;3.717704303889599e-06;2.579411394619939e-06;6.715924903030008e-06;4.1596122806552135e-06;3.4065273948841952e-06;2.4258151709925844e-06;3.287764242705185e-06;2.9579911632003755e-06;6.871001134351035e-06;1.186982623521909e-05;8.201032619851745e-05;5.570722678883094e-05;3.0473671324261326e-05;1.6723867012266423e-05;1.1698438865814893e-06;3.450766680295409e-05;2.2519207701713507e-06;4.914910865148369e-07;7.750965531875174e-06;9.7648133868545e-07
13:37:08;346;3.91791592914036e-06;4.545080518934661e-06;3.31945907550307e-05;3.6542258119644866e-06;4.290310686110905e-06;7.111269261369816e-06;4.412810052075016e-06;4.278448576432549e-06;6.281128434825302e-06;2.1011620024486373e-06;3.3208369198754118e-06;2.7587223082098884e-06;1.969227658998369e-06;2.648487793360294e-06;4.188360061683418e-06;4.077092044789873e-06;5.344263730807189e-06;7.845685415097389e-06;5.567548631789359e-06;5.151274953150969e-06;6.784062691887028e-06;2.3557653781908005e-06;4.098530181883827e-06;3.2939834495031208e-06;2.1724239432623556e-06;3.140032593456695e-06;4.7103013526747755e-06;7.298687658275822e-06;2.3307702270680335e-05;0.00021104794480466415;5.1958049771720734e-05;4.599737138482949e-05;1.4901195289447113e-05;7.583585154248631e-07;3.057294561534222e-05;2.583839873602099e-06;4.843274481189134e-07;8.732960273325006e-06;6.917061549377106e-07
13:39:30;347;3.352510824586571e-06;3.937880937652913e-06;2.1549401197321143e-05;3.212817471782097e-06;2.7038898244442904e-06;5.325743340798474e-06;3.9659350980643504e-06;2.2421044542591577e-06;1.8941964403460723e-06;1.552165170130722e-06;1.898886956200582e-06;2.5682771972154486e-06;4.739032178558876e-06;8.516522965800794e-06;1.6105579201599405e-06;3.4931379478978128e-06;3.6861425380979938e-06;6.487925800315622e-06;5.137076408273866e-06;2.9857585214134055e-06;2.1375752995953904e-06;1.658921840898293e-06;2.6294372224882966e-06;3.1303146051523303e-06;4.784459789230892e-06;9.20556109881948e-06;1.9182586189759327e-06;7.552968730215595e-06;2.2554717367856044e-05;0.00010961682816584648;3.575736649209956e-05;3.68197468283024e-05;9.35261398469771e-06;9.051840813967344e-07;2.3488192275455187e-05;2.812372145605736e-06;5.039921665907537e-07;7.891081249174499e-06;1.3377508806130217e-06
13:41:51;348;3.6688561037708083e-06;4.2347353111744026e-06;2.3157528768947324e-05;2.798426925662315e-06;3.3878695914908845e-06;3.277127765922604e-06;3.6734582879399174e-06;4.5515332261138815e-06;2.41426890826543e-06;2.1284565713163386e-06;8.729409962236126e-06;3.3669408917479484e-06;2.37210414769348e-06;3.319221350136817e-06;4.007454552766955e-06;3.199329167048895e-06;4.300621081780218e-06;4.0697194879014e-06;4.808264503492554e-06;5.448414674878844e-06;2.783257518555579e-06;2.1073887351236937e-06;9.661061833671565e-06;3.7364702937430836e-06;2.487629506538701e-06;3.903539876934897e-06;4.311125112393181e-06;6.349369797967324e-06;2.249434282666722e-05;0.00011225293191102156;3.972161121933168e-05;3.455931899882627e-05;1.4419430127766331e-05;1.289624713970541e-06;3.417382464479516e-05;2.332412499241784e-06;9.471148397795607e-07;7.754043429036748e-06;1.596320218963659e-06
13:44:13;349;2.443957691737482e-06;2.9716043806004137e-06;1.7134340513916176e-05;1.7132583628151368e-06;2.6585060015223276e-06;2.352593502957296e-06;2.408755521185216e-06;1.9240758682476606e-06;2.0385067132493035e-06;1.1281287640819604e-06;2.3090057919006313e-06;1.9358699018761687e-06;3.213268910749114e-06;3.2582946524296506e-06;4.387227404317235e-06;1.9927114382443493e-06;3.513630538610771e-06;3.2966861540386807e-06;3.5723584563969827e-06;2.7228607348350333e-06;2.4445546329578846e-06;1.2421448461650528e-06;3.0937758972730174e-06;2.3835949461292467e-06;3.259694609898614e-06;3.520944076200654e-06;4.616295669459564e-06;6.769509774779506e-06;1.4428371111694284e-05;7.075043391105175e-05;3.496972530303266e-05;3.674287070561552e-05;9.141011852660075e-06;9.315093596295087e-07;1.85578476582724e-05;2.685834540927581e-06;5.744690206754389e-07;7.837472922258788e-06;2.223030006396522e-06
13:46:35;350;2.973537034540124e-06;3.4842669236563262e-06;2.225853073767064e-05;2.6962692154923347e-06;2.863339514905502e-06;2.909705710959801e-06;3.372967955848274e-06;3.268738989380505e-06;1.8666283245558837e-06;6.947605891644509e-06;3.769205547919021e-06;2.395258874637369e-06;1.4440486625456506e-06;2.412071311009744e-06;1.7366035442798668e-06;3.0997899317080276e-06;3.8737619324589865e-06;3.842586296096796e-06;4.491641096978174e-06;4.052919560803552e-06;2.233980005338351e-06;6.31685833169182e-06;4.442557610673248e-06;2.9453006842991673e-06;1.637537648208838e-06;2.8000234734359833e-06;2.0742454767693018e-06;7.2065072508683996e-06;2.7141280731728608e-05;0.00010863039136278842;4.652178735228591e-05;3.1561925236748455e-05;8.672282796220387e-06;5.70827860951274e-07;2.3263721202579537e-05;2.489492034915244e-06;6.188389520959362e-07;9.33673666222643e-06;1.0885774086391031e-06
13:48:57;351;3.2380195413850288e-06;3.787541875024982e-06;2.859887169316895e-05;2.722761847903402e-06;3.2620229098899824e-06;5.8249059917288415e-06;2.928023186011718e-06;5.184973797544114e-06;2.520182710761467e-06;2.3564632041228606e-06;2.945921125303967e-06;4.004475940016567e-06;1.526492735609059e-06;3.232939072490963e-06;2.347071091176903e-06;3.089220547712724e-06;4.315792817647843e-06;6.484188764296027e-06;4.149932027746528e-06;5.927534139521447e-06;2.811183989412907e-06;2.491097876096503e-06;3.619554712414252e-06;4.474790252567766e-06;1.722736802157324e-06;3.5929228540191637e-06;2.7715464992507818e-06;7.1509459518058264e-06;2.516881009902182e-05;0.0001707404409715517;3.994934325796156e-05;4.9999784072000536e-05;1.5015921814120924e-05;7.228367484620571e-07;2.2041054869401175e-05;2.4435262682274567e-06;4.827204005253516e-07;8.60670005045052e-06;8.643758144985058e-07
13:51:18;352;1.4040303585457794e-05;1.459088745625333e-05;3.495508195887056e-05;6.424776715489728e-06;3.891963429613167e-05;1.0040206005741807e-05;9.619480836937038e-06;1.4187367942109962e-05;9.301461007476581e-06;2.1998710036799903e-05;7.369046582151771e-06;9.522150965905626e-06;1.1750372787585919e-05;1.8995104149801342e-05;1.0355327511681686e-05;6.860757490427158e-06;3.978534074075803e-05;1.1159865256489912e-05;1.036910836912192e-05;1.5791465960353867e-05;9.464354632977511e-06;2.1448654882113238e-05;8.261155005440535e-06;1.0172922354942347e-05;1.1707156335421442e-05;1.9853703392234108e-05;1.0216161154869641e-05;8.65044835959129e-06;3.571520480653504e-05;0.00021653696010081103;5.4193092532680616e-05;3.273503937734277e-05;2.0749802459041162e-05;2.406716125114075e-06;3.414958573475878e-05;2.3865794475832447e-06;2.021114971057621e-06;9.232150579304656e-06;6.842890126263607e-07
13:53:40;353;2.1920946787061397e-06;2.7358388033002185e-06;2.5286816959928823e-05;1.432974769551136e-06;3.0739284619133143e-06;3.0738043761211675e-06;3.6320051551347827e-06;2.206449391034033e-06;1.396413245076515e-06;2.265971295853123e-06;1.9851957645432674e-06;2.212884445704979e-06;1.7071346882376175e-06;1.834111864485909e-06;1.4842618029188193e-06;1.7037690109715139e-06;3.973749160857413e-06;3.944272382888144e-06;4.821587700013269e-06;3.0906976908687583e-06;1.6585794154235384e-06;2.288751980940324e-06;2.702005522684275e-06;2.6775339502140163e-06;1.9075422645223224e-06;2.2647452019958143e-06;1.7968304328987178e-06;7.536819344989144e-06;1.8303743699650773e-05;0.00016056043843162783;3.314830858082525e-05;3.692742490800013e-05;1.2562567703883168e-05;8.960342012821213e-07;2.1112587328539695e-05;2.0436052613068056e-06;7.249495090013126e-07;9.0482179093588e-06;5.771066406808993e-07
13:56:02;354;3.633826647586602e-06;4.158521917389995e-06;2.8374863920611522e-05;3.93291964135239e-06;3.2922812398729984e-06;2.7939155112283682e-06;6.778949913087796e-06;3.196447758439676e-06;1.7782527367383627e-06;5.326099119235488e-06;4.8761526381921074e-06;3.189492997470531e-06;3.5618398620843292e-06;2.4500177366478097e-06;2.429549525441065e-06;4.332239322587766e-06;4.200181555334675e-06;3.5586052156678665e-06;8.026429089954082e-06;4.359502094003698e-06;2.0919927059182982e-06;5.038737696585359e-06;5.424196390926733e-06;3.602047687723549e-06;3.5862319087248613e-06;2.9291695020357926e-06;2.7529279900072998e-06;6.853285965160595e-06;2.167766161869784e-05;0.000155667530142125;6.059107886362045e-05;3.88778556357747e-05;1.710155889861457e-05;6.482461337283809e-07;2.6117162589298227e-05;1.7527435021175745e-06;8.30257679903965e-07;9.567608798917878e-06;8.133772193790819e-07
13:58:24;355;3.757240060570604e-06;4.287401728831781e-06;2.3034125511935246e-05;2.398872632980442e-06;3.3828475364766124e-06;4.601698421747745e-06;5.461416785317914e-06;2.473598300250563e-06;2.1682043496375836e-06;9.69393808013631e-07;1.149023788503779e-05;1.6952977710134447e-06;1.9413984283612638e-06;3.1434755789079687e-06;5.360437990537486e-06;2.577660589976622e-06;4.2451217464249455e-06;5.465767802129046e-06;6.604691464682345e-06;3.2857130299471695e-06;2.4551390934108515e-06;1.140597351543794e-06;1.2116502067685729e-05;2.1548961944684874e-06;2.0748361331369997e-06;3.556756428800246e-06;5.77113739174958e-06;6.990113722025622e-06;2.3138932420598886e-05;0.00010909556996315051;3.616434861840736e-05;3.1290737483698174e-05;1.4068842090582587e-05;6.705600211828291e-07;4.241660172226584e-05;3.1411220214631606e-06;9.203856638821606e-07;8.049208447912899e-06;4.6308396805294717e-07
14:00:45;356;2.7167361325423784e-06;3.3425345216390363e-06;1.8493152244509006e-05;2.063524635851557e-06;2.8505544220019434e-06;3.4094076446096593e-06;4.911733746514425e-06;2.5226095253895085e-06;1.911989114912093e-06;1.9281554244152877e-06;3.840493362358447e-06;2.724639467902276e-06;1.6294158797174936e-06;2.8468226993538792e-06;1.9614867664653377e-06;2.409726202522852e-06;3.849267950730031e-06;4.1843793208994885e-06;6.273536508713364e-06;3.4982112719596525e-06;2.3494356613107675e-06;2.243826524527667e-06;4.674975835895785e-06;3.2446254627308307e-06;1.906751726546875e-06;3.185167897063826e-06;2.2905087822045625e-06;7.009364708433181e-06;1.8960556289101028e-05;9.574446745814744e-05;2.4914842485213455e-05;3.163033037808589e-05;7.842450879993444e-06;8.566220721335667e-07;2.3260458737160838e-05;1.821968199405825e-06;1.0179792989749761e-06;8.285730379060645e-06;5.730560483977572e-07
14:03:07;357;3.2085664439695063e-06;3.808178937244428e-06;2.2628261242583458e-05;2.052740229836884e-06;3.782695795060611e-06;3.3239275149683904e-06;3.2551468100388608e-06;6.671718771142113e-06;2.0127054695219147e-06;1.5754407834866024e-06;7.051836727162646e-06;2.3822344552761687e-06;1.4835473527632168e-06;3.11678227921613e-06;1.794020162487248e-06;2.5187306319718186e-06;4.735302622342531e-06;4.309900515193165e-06;4.391625484286239e-06;7.765011100903543e-06;2.3972654631345707e-06;1.6910686118144094e-06;7.695331314147253e-06;2.8832341309058807e-06;1.687888967969425e-06;3.4794272318023e-06;2.1433594513296212e-06;6.922921020404199e-06;1.909299896848612e-05;0.0001045681426047188;5.328637154399148e-05;3.341679199803459e-05;1.4233610381930342e-05;9.236769178117436e-07;2.6322791061099533e-05;2.099083012342595e-06;5.869829444735183e-07;8.786841828093408e-06;1.2989226296151708e-06
14:05:29;358;2.9349174013113744e-06;3.4973425102444836e-06;2.0668563734019544e-05;1.9134671644332517e-06;2.7150032749677746e-06;2.9903592465271602e-06;7.34581507056863e-06;2.2665506982377792e-06;1.8740478143057389e-06;2.175373926811956e-06;2.392185083234143e-06;2.0631403661042214e-06;1.742480190762437e-06;5.1873644054981325e-06;2.5532207020133186e-06;2.2073071434107667e-06;3.8111187637419973e-06;3.920332971309891e-06;8.562975202764818e-06;2.978692966476219e-06;2.1525610351620596e-06;2.2715186868124507e-06;3.040427099556008e-06;2.580286696925962e-06;1.896013571562826e-06;5.587241851491301e-06;2.9596327075972723e-06;7.857184557155577e-06;1.69726074234105e-05;8.444855501965761e-05;4.4595019112298484e-05;3.803089713343621e-05;1.2733208731575127e-05;9.067472871164079e-07;2.867305877429838e-05;3.0345112667550197e-06;8.841077144157101e-07;8.792088077810378e-06;1.0947797103051703e-06
14:07:51;359;3.7383705479111415e-06;4.277417330533492e-06;2.634175568216266e-05;3.896600407509771e-06;3.31044918572781e-06;4.7564160106296845e-06;3.5373745397910223e-06;2.480896804516161e-06;3.3017724047371386e-06;7.963555682201992e-06;3.6034424320389875e-06;2.442723045089937e-06;3.7297903104613086e-06;3.709308660146152e-06;2.1281158130260667e-06;4.194900853529166e-06;4.281677196489955e-06;5.5218127652298355e-06;4.814465861456967e-06;3.2388110069785146e-06;3.6746135472502013e-06;8.029909801009609e-06;4.138444450567292e-06;3.0497958246260053e-06;3.7663462823234745e-06;4.232679202686995e-06;2.385549751009801e-06;6.610977168626958e-06;1.3745374344907147e-05;0.00015156902108792123;4.306961401700311e-05;3.2978189546705624e-05;2.2508072628930473e-05;1.2335896576553864e-06;3.239820976870199e-05;2.331539022698212e-06;7.990212465647526e-07;8.188471070628204e-06;6.689886256087208e-07
14:10:12;360;2.6103087300555217e-06;3.171756306868172e-06;2.1840065162017578e-05;2.1027536972246192e-06;2.871530215064023e-06;3.3438965960641553e-06;6.8279224924532915e-06;2.0926853405711654e-06;1.8460854293325921e-06;1.7165801081989427e-06;2.485096245795727e-06;2.4543918097919004e-06;1.303301351285313e-06;2.3696352539171914e-06;1.9098253692042344e-06;2.4129186167095824e-06;3.664361371837786e-06;4.211369701530387e-06;7.981228884114277e-06;3.0298867754994072e-06;2.2030642542090446e-06;1.7508017752426226e-06;3.1759837620023674e-06;3.064370074281226e-06;1.5166114377291394e-06;2.768847664384926e-06;2.2816302719006727e-06;7.707978476622908e-06;1.9021024211461513e-05;0.00010907331650188403;4.328470260732044e-05;3.161229631106377e-05;1.1868389410882206e-05;7.322657389653563e-07;2.5886197679630985e-05;2.111202532267984e-06;8.441368072792991e-07;8.659512861538588e-06;1.2797588052938764e-06
14:12:34;361;2.479762984044307e-06;3.0689547766317596e-06;2.0541290209876586e-05;1.6184899151803414e-06;2.640638659492176e-06;3.6255580889003753e-06;2.5122520706976172e-06;3.0596137119622635e-06;2.038806338059115e-06;1.3048259223002001e-06;2.6472134097717386e-06;1.9164891277189224e-06;1.8434657264133525e-06;3.5114911453733426e-06;3.0383108337937093e-06;1.9280637647907612e-06;3.707438463031475e-06;4.673503093427722e-06;3.705666001765109e-06;3.9435968844798805e-06;2.4042938914043345e-06;1.4974030398638827e-06;3.336910620856554e-06;2.419768381077108e-06;2.0034460214469904e-06;3.8006443463916496e-06;3.406722049775557e-06;6.800803264735668e-06;2.1862384946953584e-05;9.214398684208644e-05;4.217277493273318e-05;3.881334078631418e-05;1.1903956357383785e-05;8.876303637442652e-07;1.9732534289782346e-05;2.0125025289057756e-06;9.474461736982993e-07;8.661935114308744e-06;5.561869178727981e-07
14:14:56;362;2.5864189639305963e-06;3.1990441152917315e-06;2.265378291410728e-05;3.2650008886424655e-06;3.108208865237378e-06;3.227288489943641e-06;3.6714294901233044e-06;2.05169734987268e-06;2.116154779973168e-06;1.8282933269149608e-06;2.4908173529393127e-06;1.7530382831022384e-06;2.3695129540096165e-06;3.307282574189168e-06;1.8483022656632577e-06;3.628427863606956e-06;4.2037716849347505e-06;4.150732103903753e-06;5.016451349190534e-06;2.8354157797930614e-06;2.378979084231197e-06;2.0871285051967626e-06;3.2439646716577758e-06;2.2561276303269e-06;2.5263191463625247e-06;3.837460760994965e-06;2.22375007944743e-06;7.629613566169244e-06;2.0015112754731767e-05;0.00012122226592533947;3.015352295368931e-05;4.2830735972496e-05;1.1118325648059741e-05;8.950501604133481e-07;2.4022903154512706e-05;2.5548535800220847e-06;1.0134092714573476e-06;9.476394195617546e-06;9.132077867787693e-07
14:17:17;363;3.0084493332083184e-06;3.535001324168281e-06;1.8255502897017114e-05;1.5034654435359067e-06;3.2717624254274824e-06;2.5217463997377494e-06;3.158517588888995e-06;2.593498880058705e-06;2.1813603066078713e-06;2.8519069870921756e-06;2.115302883157452e-06;4.452666602619812e-06;3.291793284661408e-06;2.8036877957049455e-06;5.355682600274101e-06;1.8220221265805834e-06;4.165755563353511e-06;3.4742358331664322e-06;4.396986690763594e-06;3.432331250454049e-06;2.4860787446794096e-06;2.81792549369037e-06;2.8573950899792893e-06;4.775931083253154e-06;3.5083906892349993e-06;3.2149264687269595e-06;5.468036113574893e-06;5.90149308529999e-06;2.2516732293894474e-05;7.252165157034685e-05;3.4914364633159324e-05;3.47989747583055e-05;1.5201307987381249e-05;7.371378247318109e-07;2.0414460808393316e-05;2.3000564932018927e-06;6.56542083855412e-07;8.156052228619063e-06;9.47260997016456e-07
14:19:39;364;3.0693085487340257e-06;3.6139879658905924e-06;2.0125233980440384e-05;2.7528046961125794e-06;3.7184826894399623e-06;3.2676659886215536e-06;3.460337323992555e-06;2.325262925883077e-06;2.685900208344482e-06;2.544751840037985e-06;2.258610038229459e-06;3.241028546793504e-06;3.1436150984957707e-06;2.2816386549803527e-06;5.151603570719875e-06;3.066331180866367e-06;4.565771632769611e-06;4.185285879890516e-06;4.53837229899732e-06;3.047341387679773e-06;2.95428761730847e-06;2.790771147138463e-06;3.0102661268549264e-06;3.7501600626789777e-06;3.290438305353009e-06;2.672349605918383e-06;5.496479550142967e-06;6.631144845371266e-06;2.0844580031447063e-05;9.979945381299947e-05;3.855963832956421e-05;2.8703540355885734e-05;1.512575060819861e-05;7.402307999755058e-07;1.7784253498432635e-05;2.5238927960231424e-06;5.022311920666887e-07;8.758425433966908e-06;1.5296660613533692e-06
14:22:01;365;3.7395768040162447e-06;4.2921529579353206e-06;4.0380985904610375e-05;2.357417633062782e-06;4.0125178063409415e-06;6.3582570038921524e-06;3.197509787288378e-06;5.33822918475318e-06;3.265187651409333e-06;1.2928190609364585e-06;3.016470098997233e-06;3.8014509021037797e-06;1.6167416999511952e-06;2.502115895000853e-06;8.116203651618228e-06;2.647806678408104e-06;4.677614777945196e-06;7.43869899267764e-06;4.44166798670382e-06;6.198814792731332e-06;3.381604382054861e-06;1.5293612604401012e-06;3.7875104600418493e-06;4.1875064198393375e-06;1.7455078346768148e-06;2.8900258185682174e-06;8.579714026785076e-06;6.709521716106331e-06;1.4125449001482254e-05;0.00030976982539821364;4.695095897806824e-05;4.3167133221953626e-05;2.3741684760923967e-05;5.0969428676519e-07;2.675936626773023e-05;2.2748704144726826e-06;9.869811764077997e-07;8.924742542986784e-06;6.516030902137684e-07
14:24:23;366;2.405637788688802e-06;2.9788526590672966e-06;2.4707463901297146e-05;1.530746396789921e-06;2.3413942666714793e-06;2.427325436406911e-06;3.7747978241368814e-06;2.5896737392889175e-06;1.921336074966524e-06;1.728848998102964e-06;1.8886842294563166e-06;2.7249445017994067e-06;1.82662874409994e-06;2.260883978457493e-06;3.852388331731566e-06;1.7501369605189568e-06;3.3003144622691965e-06;3.3127392363226883e-06;5.014682053886737e-06;3.5739304143756767e-06;2.2523187298351263e-06;1.881114131501357e-06;2.574959045334622e-06;3.227671786417092e-06;2.04423678255059e-06;2.75064455245574e-06;4.063482815063598e-06;6.742234065328146e-06;1.9599471927692088e-05;0.0001476218796687943;3.179611174041755e-05;3.547161849592732e-05;2.0147557255108796e-05;9.072631087273429e-07;2.2006537288416814e-05;2.5913020327448586e-06;9.486856729849979e-07;8.046498167566286e-06;6.104073918572691e-07
14:26:44;367;3.270676916209616e-06;3.873513130973244e-06;4.092451389775303e-05;1.4681072834996847e-06;2.9049162782709717e-06;6.8321885874860815e-06;4.096088161340751e-06;2.3783043660524133e-06;2.9233182669714934e-06;1.491144492851956e-06;3.0733058997095046e-06;4.204089691484114e-06;1.6189610835775687e-06;2.1926548016440703e-06;6.065043110161448e-06;1.73739134206238e-06;3.84784729698068e-06;7.73754349602659e-06;5.144964614120471e-06;3.3458057107307904e-06;3.4524428521095453e-06;1.5596547452240643e-06;3.808705623899336e-06;4.816506727273676e-06;1.8335351393909173e-06;2.7050148607682047e-06;6.492743885914185e-06;7.995039658720436e-06;1.9906344112695907e-05;0.0003077725221472975;6.045503525428442e-05;4.1675259763612696e-05;1.977252805855928e-05;7.724958026424325e-07;1.89470282075106e-05;1.9908623396216952e-06;1.0912343493819297e-06;9.962002377124016e-06;7.53814701585282e-07
14:29:06;368;3.340454585105073e-06;3.945450210186566e-06;2.0419514116181802e-05;3.184022741464787e-06;3.4544880092630077e-06;4.03400611630063e-06;4.709066153261367e-06;3.4866613105386724e-06;2.8053395310998686e-06;2.378143611571979e-06;2.446539508518051e-06;3.175804957435766e-06;1.3925987502554966e-06;5.251924677777837e-06;3.766858762203769e-06;3.5917333083420137e-06;4.386062171392893e-06;4.846805452445229e-06;5.929353421056994e-06;4.485621537218943e-06;3.022767003453219e-06;2.5247771542195504e-06;3.2267593315403165e-06;3.68040118586048e-06;1.6673845869240434e-06;5.815632310351489e-06;4.168103884429785e-06;7.039484135759982e-06;2.123794716422218e-05;9.700079797075904e-05;3.908285926176767e-05;2.689351993903161e-05;1.808297308043092e-05;6.443689381041357e-07;2.226789484814776e-05;1.9851168677344556e-06;4.3008072833384426e-07;9.762515122964984e-06;6.066113369250405e-07
14:31:28;369;2.602873065688465e-06;3.200277712459888e-06;2.471132324176392e-05;1.5382164006377315e-06;2.888578675969649e-06;3.4011072765400225e-06;2.875139764410309e-06;2.016892690677578e-06;3.421122956643268e-06;1.819181431192166e-06;3.0349834898983503e-06;1.9389065842160975e-06;2.760815154187216e-06;3.5343917316894973e-06;2.0051397176181562e-06;1.7743092358395636e-06;3.850323413575143e-06;4.3707366618451214e-06;4.126309054127093e-06;2.913536210558683e-06;3.6520404586254597e-06;2.140165386525133e-06;3.8064420383721604e-06;2.5085534279921226e-06;2.7860408558405618e-06;4.034816805570596e-06;2.440058043662881e-06;6.45935334162649e-06;1.3083054273662855e-05;0.0001480325289618597;3.716547431135219e-05;3.732917654097006e-05;1.929164678671626e-05;8.545406962884478e-07;2.2817614629341958e-05;2.430525729194681e-06;1.0496873760248376e-06;7.476071363346125e-06;5.462048907833015e-07
14:33:49;370;2.690197735042623e-06;3.2237131143096745e-06;2.5743992298960273e-05;2.4408129024196383e-06;3.0840448449577127e-06;3.011119565082316e-06;2.967668666768604e-06;3.5015888685566408e-06;2.828758118411656e-06;4.080854422545082e-06;2.466650207402019e-06;1.8611060447103578e-06;1.8611356610197627e-06;2.3722389957857684e-06;1.806393514607924e-06;2.691904578108434e-06;3.8888377252700175e-06;3.818851083347978e-06;4.246978200678279e-06;4.4029690044122685e-06;3.2063000409972935e-06;3.926028946669341e-06;3.2007116277770677e-06;2.377440386847906e-06;1.9647053189641433e-06;2.8648359338022383e-06;2.0949932555779497e-06;7.184405926649681e-06;1.2194468087549846e-05;0.00016656765884174392;3.457580954653375e-05;3.955228346230343e-05;1.3004527056881425e-05;9.296665618880271e-07;2.2124951526620565e-05;1.9463854129347234e-06;5.084516708973204e-07;9.60660827207196e-06;7.326912214485742e-07
14:36:11;371;2.6989786350901053e-06;3.270880079416881e-06;2.701341011600994e-05;4.215700905131246e-06;4.144159977282801e-06;3.7919756298198206e-06;2.939274896363031e-06;2.4063352285320536e-06;2.03435613631665e-06;1.703084824762739e-06;2.937341882775451e-06;1.694101441917052e-06;2.346592955504434e-06;2.0845561165701425e-06;2.0902627095864545e-06;4.38405192043423e-06;5.116294483119832e-06;4.632300537011787e-06;4.1911486122547944e-06;3.34117866363089e-06;2.399081853570662e-06;1.9348008439159965e-06;3.641201385706361e-06;2.2386064897603584e-06;2.491699503963578e-06;2.5430386349859262e-06;2.337157097165029e-06;7.117404114697991e-06;1.0326919574035805e-05;0.0001776390825167532;3.234913609638909e-05;3.322957998385203e-05;1.5150603779541965e-05;9.900361892969686e-07;3.364288725933225e-05;2.268039272948146e-06;6.311290996005327e-07;9.729682996808076e-06;1.0864205088632496e-06
14:38:33;372;3.433246502285411e-06;4.027621703762289e-06;1.7707049534819228e-05;1.7034572257818519e-06;5.376345899386272e-06;5.036152329102544e-06;3.0189315012307816e-06;2.594211198505356e-06;3.200853794379813e-06;1.944878150972329e-06;3.938905898660426e-06;3.3144460494970542e-06;1.5075945003091689e-06;2.3990351097195757e-06;7.164145368095247e-06;1.9390745422507408e-06;6.5368368913241975e-06;5.945526556641635e-06;4.285454610044901e-06;3.392417055163352e-06;3.4668487934382776e-06;2.0056581039585303e-06;4.684881231915375e-06;4.041414369359838e-06;1.6580225506695108e-06;2.874322070033198e-06;7.5010022578968765e-06;6.6424106683414494e-06;4.7159879399894186e-05;3.519999201300858e-05;3.925575919865694e-05;2.8750141544969855e-05;1.555571507868459e-05;1.0335512212737633e-06;2.6497857775678277e-05;2.8461755997243577e-06;5.719332412263373e-07;7.754236524918426e-06;1.2169421514540089e-06
14:40:55;373;4.168500474254312e-06;4.707229505538059e-06;2.0460085498294795e-05;1.8137251416305844e-06;5.4006429582965545e-06;3.715327059177815e-06;3.4737556398247515e-06;6.723497990438173e-06;7.938676505018934e-06;3.6282288854943605e-06;2.76335686196076e-06;4.722559957315298e-06;2.7553393824319983e-06;2.5448431354132852e-06;4.542050400437668e-06;2.095024248912431e-06;6.343953902868162e-06;4.643763940627731e-06;4.672193138998686e-06;7.923365967743145e-06;8.285372990065276e-06;3.3838401330147556e-06;3.464159656491402e-06;5.061730249347224e-06;2.896017369632226e-06;2.942187784701443e-06;4.775142488027466e-06;6.827216372926652e-06;2.229610650155124e-05;9.796877073051505e-05;3.1191293710513335e-05;3.1214593926246945e-05;2.0917265349215978e-05;1.1615008772869556e-06;2.1562587839112034e-05;2.5666822148827523e-06;5.248301967717925e-07;8.393844324913557e-06;8.96333935601282e-07
14:43:16;374;2.919288117585562e-06;3.4759150338099454e-06;3.554846865944331e-05;1.4486148435950823e-06;2.8080679402752264e-06;6.66092347824009e-06;3.7403273761459457e-06;3.256752720433424e-06;1.5558615855872724e-06;3.222617524914736e-06;2.228198995656395e-06;5.442322601629195e-06;1.2169624366009657e-06;1.8824988460992969e-06;1.5683081693105485e-06;1.6979869444553572e-06;3.902069373665815e-06;7.397529534961295e-06;5.032615127916708e-06;4.201287195808364e-06;1.8961250379095275e-06;3.1597063856610522e-06;2.8570084770210455e-06;5.985899492713278e-06;1.3949507627883207e-06;2.2912877874418135e-06;1.8945133801992862e-06;6.710587271668274e-06;1.656464062159875e-05;0.0002463266136094369;6.080741800587176e-05;4.4447966925929444e-05;1.4238179882088608e-05;9.684210710690971e-07;2.4351440241365977e-05;2.000026162675111e-06;5.250152693492267e-07;9.010155926040236e-06;6.311589262263271e-07
14:45:38;375;4.066988490465788e-06;4.724331569078355e-06;2.2419628277891965e-05;3.0627191005550003e-06;7.763037881212334e-06;8.345274162541665e-06;4.44511046508596e-06;2.4716473272108757e-06;4.86749296028806e-06;2.3837342135735184e-06;3.5600382355999667e-06;3.220010837039085e-06;1.8518564272343694e-06;3.5263790796526773e-06;3.3065596305448253e-06;3.5310150247202232e-06;8.59015716154709e-06;9.370880819961378e-06;5.853622738707404e-06;3.4085517271809226e-06;5.392077902129879e-06;2.659881799238203e-06;4.170476160330118e-06;3.827178736311815e-06;2.021483835592277e-06;4.114805149215442e-06;3.751845862915374e-06;7.02780982555785e-06;1.103120842014079e-05;8.565842962818738e-05;7.159637448729764e-05;2.9036492236377765e-05;1.5667858670677077e-05;1.3414281653102194e-06;3.372173793377533e-05;3.977524355021964e-06;5.567645326746065e-07;8.793854915436916e-06;6.260561642459801e-07
14:48:00;376;2.9323779609765923e-06;3.4809321836222854e-06;1.960964283944836e-05;1.573588574756777e-06;2.4302805828375025e-06;2.381364904541721e-06;3.550812917070671e-06;2.8596929101095983e-06;2.2073512260851142e-06;2.372642343282585e-06;2.0197615607483757e-06;3.962233613692816e-06;2.0689437100106613e-06;4.345606829371139e-06;5.416255454481313e-06;1.8631708155824733e-06;3.5109060292275506e-06;3.2987812873319785e-06;4.814882343832979e-06;3.5472252294093317e-06;2.414783944292554e-06;2.3792910272427033e-06;2.6891780597780562e-06;4.662887212235327e-06;2.1406498737771378e-06;4.9716973282119385e-06;5.477731927189607e-06;7.211286161156707e-06;1.4632621073135876e-05;8.957125095403659e-05;4.3345245116597856e-05;2.5688738853654455e-05;1.2574781002848484e-05;9.515190548529949e-07;2.944210536094004e-05;1.8428791232411602e-06;3.07926616226409e-07;8.941191559538388e-06;8.061691971514089e-07
14:50:21;377;2.412205709683752e-06;3.0338838665626052e-06;2.6225827405796158e-05;2.156327616222662e-06;2.468105727550871e-06;4.261978018666406e-06;2.714367830785653e-06;2.4737224390104404e-06;2.221824885850765e-06;1.076248561907275e-06;2.1301078040830195e-06;2.440028552218688e-06;1.956782223851276e-06;2.8074176636749826e-06;2.2395563146204722e-06;2.4841804364009075e-06;3.4761613284289627e-06;5.1647364792107864e-06;3.9873280088556116e-06;3.4747664873480694e-06;2.4920586896124533e-06;1.319992365200891e-06;3.020265372078593e-06;2.9301118047442287e-06;2.1806924099950312e-06;3.194525793102762e-06;2.6817860494886673e-06;7.35527165968678e-06;2.515615182670873e-05;0.00016222918974157687;2.8028392039800176e-05;3.6416178463165095e-05;2.091690148621014e-05;9.463014212230859e-07;2.127074685952508e-05;1.8630121633547126e-06;7.205142312405599e-07;8.778809352350218e-06;1.0284596247123702e-06
14:52:43;378;2.34352056322445e-06;2.8689533515901103e-06;1.7875479744298128e-05;2.642727874757611e-06;2.9327162865461727e-06;2.8873187286716404e-06;4.865776181165157e-06;2.006399418971486e-06;1.9373893386545857e-06;2.056085090306293e-06;1.827326451930844e-06;2.237060632252637e-06;1.4211663800525995e-06;1.7911901079127224e-06;1.517089332179402e-06;2.9215362914489757e-06;3.8653769726944935e-06;3.7523237102804262e-06;6.0008941678069845e-06;2.7203336973303244e-06;2.2609884880797767e-06;2.0673436035360304e-06;2.5211439617722344e-06;2.7166090402243766e-06;1.616083241664962e-06;2.19073018930039e-06;1.794075870615807e-06;6.9411373579506075e-06;2.5611140754819295e-05;7.020201222092425e-05;3.3131435528639796e-05;3.193126240648269e-05;1.0647944520626304e-05;1.1766768964615905e-06;2.1947534277830882e-05;2.0196316736674117e-06;9.129106654137966e-07;9.308377759464756e-06;6.75692869296134e-07
14:55:05;379;3.0802198984567686e-06;3.6363892492392803e-06;2.3117549328082255e-05;1.3778744854581697e-06;3.869159113182005e-06;5.080684112938756e-06;2.8271811729687424e-06;2.6296582224073393e-06;2.3533842630611574e-06;2.527362100127303e-06;2.3952493635383898e-06;3.3835388939125592e-06;4.578566318000102e-06;2.404908286412034e-06;3.5350715699358015e-06;1.6289460561409537e-06;4.969533378404972e-06;5.9565126654969036e-06;4.037064702314165e-06;3.377429473984412e-06;2.609305308304769e-06;2.5496599420553655e-06;3.115569592110556e-06;3.7523125459451475e-06;4.773464211269394e-06;2.918532165690694e-06;3.948339430211536e-06;8.336897181596301e-06;1.7970320142445623e-05;0.00013667847589338941;3.0842050821673686e-05;2.9253212655333588e-05;2.1687340594077113e-05;1.3608423874926738e-06;1.9396739360171433e-05;2.1458838904742185e-06;8.147256806898886e-07;8.332009369189527e-06;5.920939604535675e-07
14:57:26;380;3.029043418675573e-06;3.595508141637466e-06;3.9738993043874315e-05;1.9144605451644607e-06;4.173896903254941e-06;3.5573960771079722e-06;7.074359324444789e-06;1.8090535771619898e-06;1.4321469674010763e-06;1.997764432104532e-06;2.455074309989672e-06;2.230942643066669e-06;2.0976597891413977e-06;5.175441649382409e-06;2.4303239420930822e-06;2.1337058529476237e-06;5.27913065916782e-06;4.550542820353154e-06;8.342445567053157e-06;2.6530950504774743e-06;1.7056410014666205e-06;1.9854158358324225e-06;3.1179383897692843e-06;2.785452487600357e-06;2.2840740194060114e-06;5.733289509419281e-06;2.5753650915467467e-06;7.328511050211489e-06;1.5952923236934083e-05;0.00027675876430943177;8.741105685840472e-05;3.885061493192577e-05;1.6820088437176556e-05;8.39329937686792e-07;2.0399183354813248e-05;2.1982280184211746e-06;9.839173635912686e-07;8.004244663264996e-06;1.3210543646300616e-06
14:59:48;381;3.337612902821651e-06;3.883616278771218e-06;2.311976155201318e-05;1.7404978699498874e-06;3.62139865828226e-06;4.426057599457326e-06;5.301914949094246e-06;3.0418898025110574e-06;2.6191117877322707e-06;3.2524549448838385e-06;6.125949174515003e-06;2.825136725448374e-06;1.5444838925369389e-06;3.886385524832679e-06;1.6660730057793671e-06;2.0051063932476588e-06;4.504415171681955e-06;5.306697777443701e-06;6.477032457041787e-06;3.870388992208397e-06;2.9454743373461023e-06;3.3775312186674143e-06;6.922666852339797e-06;3.264587282697166e-06;1.772958031796395e-06;4.142123103358958e-06;2.0144125473846923e-06;6.9736076473939626e-06;2.5400222154920166e-05;0.00011807158913807085;3.2721700518575765e-05;3.757836649998719e-05;1.894416020308739e-05;2.5536712601186678e-06;2.3181632459871767e-05;2.1231115637802886e-06;4.2534141768707954e-07;8.756789952138671e-06;7.069458085264949e-07
15:02:10;382;2.8967825655777024e-06;3.5039056628987435e-06;1.926025954932264e-05;2.601097093026603e-06;4.807365948070438e-06;2.8628581005627685e-06;3.597193832179228e-06;3.0148629969902045e-06;1.799828715479376e-06;1.5964803713766882e-06;2.7027952719552415e-06;2.3917010949503492e-06;1.5007740728540335e-06;6.278689891236024e-06;1.6077424803190803e-06;2.7983383366126527e-06;5.903815667519252e-06;3.860460042866364e-06;4.89012039089417e-06;3.843093703118962e-06;2.1352413131341875e-06;1.5950669438995958e-06;3.442333343604954e-06;3.0032775451022473e-06;1.7446755916203477e-06;6.892438129478803e-06;1.9380057363124725e-06;6.918938219843072e-06;3.652786603317322e-05;6.169153096108028e-05;3.3101083536907115e-05;3.7099288736809e-05;1.261131181868231e-05;1.0104573097016594e-06;3.065008845048475e-05;3.0517837321876026e-06;4.249303895463674e-07;7.605025727384179e-06;4.3080967607210354e-07
15:04:31;383;3.3614550496643214e-06;3.9223908872741105e-06;4.090882375998099e-05;1.9033374537064611e-06;5.579516061131202e-06;6.15991551262079e-06;6.181159344203541e-06;2.2658734227899333e-06;2.6550917656787862e-06;2.14210452156103e-06;2.2220183307876016e-06;2.01020901225878e-06;4.684172840476529e-06;2.5289525937630875e-06;2.0051087957672178e-06;2.1344427954939915e-06;6.607728181147131e-06;7.097547668193709e-06;7.3393796154487985e-06;3.082510837614365e-06;3.0206394694111704e-06;2.162181629823345e-06;3.0334440251391256e-06;2.5129464183574104e-06;4.881072245437661e-06;2.963481420068357e-06;2.2333144610042205e-06;7.5767300324446655e-06;2.4592352102078364e-05;0.0002805748963886866;8.630375215423949e-05;3.504277887071553e-05;1.8045454080979737e-05;5.436253476834327e-07;2.5539402381254266e-05;2.2505756472982792e-06;1.180130959162376e-06;8.231871322958652e-06;1.0243158322705084e-06
15:06:53;384;3.310799239128218e-06;3.874000628767837e-06;2.210551688601013e-05;3.246291314146726e-06;3.034411891695237e-06;4.614902078582293e-06;5.311908205256217e-06;2.928200619836926e-06;1.6669901951745074e-06;1.5754068734401145e-06;3.4761164156420095e-06;2.5446372795556726e-06;3.950777279952562e-06;3.189745771110934e-06;4.19020198869837e-06;3.4396635492503034e-06;4.114850206619101e-06;5.5029581715966226e-06;6.566036328094233e-06;3.707978294187342e-06;1.9130223104414803e-06;1.6233656650381564e-06;4.276065550860764e-06;3.12362387859726e-06;4.1559059688632815e-06;3.7056430226331505e-06;4.358893106712722e-06;7.043476513370774e-06;1.793671043881074e-05;0.00011620744205684414;3.921780014895603e-05;3.327931772184168e-05;1.399475994637627e-05;7.085534113513466e-07;2.2955344044313275e-05;3.2740378370429575e-06;8.496261755917815e-07;8.514360294094146e-06;1.2847740435285767e-06
15:09:15;385;2.6719041479530214e-06;3.2248818121233046e-06;1.6523192188406558e-05;1.2371491151115648e-06;2.4521901508155577e-06;3.217320425751392e-06;2.9401920520073914e-06;4.020947390482764e-06;2.885359418543358e-06;1.4432260095696072e-06;4.264589437626269e-06;3.0770257157606484e-06;1.7449264258153427e-06;2.6150130566807404e-06;2.164909651224501e-06;1.5162498783278742e-06;3.476141716729919e-06;4.179201032226807e-06;4.108018088175678e-06;4.794890340730766e-06;3.1553988546990315e-06;1.6086393009549905e-06;4.974787658813765e-06;3.5690999066912498e-06;1.8909958770610168e-06;3.00025547697064e-06;2.4249025837210106e-06;6.82492669714076e-06;2.591691289127182e-05;4.129954344106557e-05;4.715037936820169e-05;3.203865936435254e-05;1.1332752911903097e-05;1.104204323553625e-06;2.1054318746958897e-05;2.0804442970786894e-06;6.962040658163522e-07;8.153753876012787e-06;6.262062775228344e-07
15:11:36;386;2.416273261797063e-06;3.01849529104045e-06;2.3368385821235502e-05;2.757146226076398e-06;3.7114603492356806e-06;3.177585958883097e-06;2.811546202317252e-06;2.3777157560028233e-06;2.199622826508248e-06;2.3601407960911884e-06;2.9763473379644396e-06;2.0199533952562505e-06;1.090038144595114e-06;1.8707886672524927e-06;1.6429326927600776e-06;3.111111378599116e-06;4.787159045745399e-06;4.04319009156765e-06;4.161248349375939e-06;3.1278768298036567e-06;2.592954655759784e-06;2.5616802025104313e-06;3.7051867527420825e-06;2.444616359154472e-06;1.2696822072709288e-06;2.433059952509902e-06;1.9841766248370006e-06;8.32413962877173e-06;2.9580537064124603e-05;0.00012163402848182635;3.262599619410568e-05;3.6461868271685536e-05;1.4649565148362729e-05;8.640180576936882e-07;2.3227424786794698e-05;2.056632338119676e-06;8.708535380338898e-07;9.64102563747564e-06;4.845407078317698e-07
15:13:58;387;3.4744987134677725e-06;4.00103154109424e-06;1.9272743632391316e-05;2.6243022297478547e-06;3.8617298294887155e-06;5.201322538733228e-06;5.68041913337228e-06;3.7907559794996875e-06;3.8447173498212805e-06;4.0013956686250784e-06;3.0182127669062e-06;1.8810169683676619e-06;1.221474098917435e-06;3.9212905837163445e-06;2.6473465159846588e-06;2.7897352506615674e-06;4.664611746584687e-06;6.048632502813545e-06;7.0368365137439955e-06;4.7271079117446695e-06;4.030283222002968e-06;3.870772040580603e-06;3.7514798459827184e-06;2.418395540557925e-06;1.4088760829370677e-06;4.331088466412289e-06;2.934557355844465e-06;6.8619926204277114e-06;2.0841708371370363e-05;5.13402631074329e-05;6.452918220166008e-05;3.7880947148928274e-05;1.3348295398274169e-05;1.180840566222916e-06;2.370622365898542e-05;2.221666167696925e-06;4.2668496085586925e-07;8.263736491051812e-06;6.713828957893389e-07
15:16:20;388;2.538663043984777e-06;3.103885224454298e-06;1.842700455225955e-05;1.8090370142493322e-06;3.532983300661127e-06;3.2661589628446563e-06;2.827988934422427e-06;2.7922472833291128e-06;1.3883097607283255e-06;4.053403506822726e-06;1.7684879417859376e-06;2.0843044168181923e-06;2.3704062048970154e-06;2.6506441074370843e-06;1.9199842318038596e-06;2.016613535356037e-06;4.5673261434164e-06;4.355620612380945e-06;4.009781426973376e-06;3.6646007502676633e-06;1.655549679906218e-06;3.9111121801581735e-06;2.5020582830920023e-06;2.6634750760928875e-06;2.491142370822269e-06;3.18263267914356e-06;2.226709126215944e-06;5.9513169434449255e-06;1.4017932007309836e-05;8.440180055964662e-05;3.638278932487021e-05;3.3581031669635504e-05;1.1624191706335611e-05;1.0240296030733327e-06;2.156691724321453e-05;2.062262236943482e-06;6.637146844334053e-07;8.52087413058476e-06;1.327194517622456e-06
15:18:41;389;1.8776328643807263e-06;2.4225370412474333e-06;2.030189685615302e-05;2.22016521014077e-06;1.9884148764697844e-06;2.2568201361846976e-06;3.2481719915786944e-06;1.7661148533934776e-06;1.1714542138754134e-06;9.372615555992457e-07;2.0264176122966857e-06;1.9441603309063153e-06;1.2494301808920547e-06;1.9660620553000028e-06;1.757120751929878e-06;2.538377736550789e-06;2.9038433729487847e-06;3.1481253060945484e-06;4.460731015800015e-06;2.494981124901999e-06;1.4565599900103009e-06;1.0220787865226249e-06;2.797399054520323e-06;2.3520028417817827e-06;1.4055736004639251e-06;2.3595517399072275e-06;2.1312190267652322e-06;6.856740709340463e-06;1.9073769137536747e-05;0.00010256630776002784;3.38797178460472e-05;3.807002728683953e-05;9.990809823374628e-06;1.0820884096430399e-06;2.0241857458989864e-05;2.3420218690742016e-06;8.282087331138768e-07;7.898445304170567e-06;7.927679356783297e-07
15:21:03;390;2.4516612374983735e-06;3.06294266551901e-06;1.748281234959949e-05;1.4739246601406948e-06;3.5561489042379435e-06;3.81564032636561e-06;3.655926520064089e-06;2.504058943551193e-06;2.3407092663322002e-06;1.8490931767574508e-06;2.195381306564896e-06;1.5759007306376753e-06;1.0245467491772202e-06;2.2684972043859633e-06;3.1601062875161934e-06;1.703608446301656e-06;4.6314993671584015e-06;4.914855382962799e-06;4.9496318844163235e-06;3.4187959099769234e-06;2.659649210358963e-06;1.913022827788546e-06;2.9316174761011615e-06;2.1675526637363297e-06;1.179853139587343e-06;2.8082538478826526e-06;3.47697054558357e-06;7.0382526273351026e-06;2.9512583804576423e-05;5.3729035765057243e-05;3.496186936113326e-05;3.975907904935754e-05;9.635123108804868e-06;1.1285259867271413e-06;2.160136896645186e-05;2.6249752138670043e-06;9.856607506967122e-07;7.953887179654751e-06;8.633863815320127e-07
15:23:25;391;2.322140921086977e-06;2.9020918271824117e-06;2.5309363776312426e-05;2.104868621944821e-06;3.853291734982762e-06;3.5250603260615e-06;5.081156623212089e-06;2.0697685981280696e-06;1.1289006364863368e-06;1.0686628207811177e-06;2.247012328931481e-06;2.193231678049301e-06;1.2608434559847514e-06;1.8058148809013181e-06;1.527078425328005e-06;2.3693753727848507e-06;4.73881092044463e-06;4.56148310621745e-06;6.2318791042113695e-06;2.8585454266490907e-06;1.3987725581017325e-06;1.3001413452900436e-06;3.085989782206686e-06;2.7458868101037506e-06;1.4544343044586708e-06;2.204842709218184e-06;1.8749395352746364e-06;6.976412035635536e-06;1.322031037420265e-05;0.00013393776334168166;6.422724880150694e-05;3.871558781343861e-05;1.1087796764642154e-05;1.0615743569492718e-06;2.285135807942361e-05;2.5430748328589376e-06;4.192817561234876e-07;7.588288602007803e-06;1.0836685572784992e-06
15:25:46;392;2.5631738906704205e-06;3.139178543393957e-06;3.549057340416562e-05;2.008333793894353e-06;2.9197923374433477e-06;4.291409878928479e-06;4.807075717685259e-06;2.2761439120570643e-06;1.1540690532511761e-06;1.2524427490264016e-06;4.954287690721189e-06;2.293623050678403e-06;1.1258156732923459e-06;2.2170420159930226e-06;1.4580499939530578e-06;2.3791540259688054e-06;3.99599409746183e-06;5.1344850420074305e-06;5.97073049684235e-06;3.2095209171875237e-06;1.4653875937946844e-06;1.4249421809249206e-06;5.601167242874206e-06;2.9087169564321167e-06;1.2547523869204581e-06;2.5476856621877877e-06;1.7776049323597536e-06;6.775651271718151e-06;1.703340395213907e-05;0.0002463513071245113;5.834166140656318e-05;4.3467158793958894e-05;1.1860571835283633e-05;8.58437321486183e-07;2.8350684678265646e-05;2.6589278380529163e-06;6.307585472529815e-07;8.807218020418863e-06;7.511000603366971e-07
15:28:08;393;2.5464152015269352e-06;3.0972666329172986e-06;2.5991072626512306e-05;1.9156906394938873e-06;3.1650919042841057e-06;2.710561461101561e-06;4.815482373097459e-06;2.299848233471897e-06;1.5745110778004283e-06;2.528403473175703e-06;2.2527211270525784e-06;3.5124077006090912e-06;2.1072810533307904e-06;2.275106483328283e-06;1.3998759158730743e-06;2.2150056562928004e-06;4.120443210485053e-06;3.604122423583456e-06;5.992951792340815e-06;3.1707225366229563e-06;1.8534085073998207e-06;2.6013224214693764e-06;2.9973694229082393e-06;3.965682034953416e-06;2.229573248792182e-06;2.7258832641898233e-06;1.6907137915961955e-06;7.012980205949221e-06;2.1796729497074692e-05;0.0001465912235831725;4.966059538510456e-05;3.819477119274429e-05;1.3908917598071863e-05;7.073867766358806e-07;2.1620520906467798e-05;1.8683861350227473e-06;4.3677797735639514e-07;8.805936958756739e-06;1.2886453017909254e-06
15:30:30;394;2.600425451052243e-06;3.1505869830215475e-06;3.6335733087002605e-05;1.294681224208525e-06;1.9683340581686726e-06;2.738318633500502e-06;4.3667531689999866e-06;2.5637637414245194e-06;1.3467284170267455e-06;4.059571251117817e-06;4.515669964985395e-06;1.9766778140770858e-06;1.926756878489755e-06;2.8261512325529607e-06;1.6216979675899201e-06;1.5470530650970972e-06;2.9535487622328958e-06;3.648125990550881e-06;5.625149150304585e-06;3.4016755716372326e-06;1.6480756683081324e-06;3.966134082601675e-06;5.221356925084123e-06;2.4869376976669085e-06;2.0937131921527907e-06;3.2906118893243972e-06;1.9246607953852007e-06;6.3874169916868475e-06;1.6673137528633065e-05;0.00022761502823516965;0.00010451900979884044;3.8916243944307115e-05;1.0631724113462233e-05;5.688154111876493e-07;1.880578699437667e-05;2.5269717077533575e-06;5.933776732523772e-07;7.524191599811612e-06;1.2670930455503226e-06
15:32:51;395;2.4655668940841804e-06;3.0871295028283628e-06;2.2358834592452082e-05;1.2562709185653438e-06;2.3726973966182125e-06;3.3187647080591307e-06;3.387940783512859e-06;2.55245166530022e-06;1.3229999799529486e-06;1.7080404106034115e-06;3.892889608568918e-06;4.0048928721215695e-06;1.9065364923969759e-06;2.0916933097096675e-06;1.771623707372524e-06;1.5206684734154425e-06;3.4797432927237573e-06;4.329790413124366e-06;4.763068096807832e-06;3.57523966006082e-06;1.5835550787506932e-06;1.8444624203444228e-06;4.639955745282166e-06;4.561910548580249e-06;2.1358393533900416e-06;2.5052241175838885e-06;2.106095592675438e-06;7.058250023953387e-06;1.7554578975694236e-05;0.00011654987185537744;4.233550478323935e-05;3.671994717560503e-05;1.3917901039384844e-05;4.980484702284423e-07;1.9541422022654275e-05;2.966354402816999e-06;7.249806758433718e-07;9.165245411643238e-06;1.2739102729843287e-06
15:35:13;396;3.5720918964572816e-06;4.212389498368079e-06;2.3484309208714898e-05;1.8285985178581852e-06;4.416193273535575e-06;3.24468071933769e-06;3.16466534400206e-06;2.9437749941927582e-06;2.8865463028311793e-06;1.911622956899092e-06;3.2257466810004973e-06;9.02761702871079e-06;2.6872180320935968e-06;2.404960007463718e-06;5.12347777262531e-06;2.2056337278443124e-06;5.272429625965512e-06;4.223598197417163e-06;4.479238838674847e-06;3.916559313737811e-06;3.2051508109753177e-06;2.1806215715825392e-06;3.995434565384338e-06;9.729897711518856e-06;2.8870989782734783e-06;2.8680648011698083e-06;5.584944070690227e-06;7.333828291021957e-06;1.1628249283108297e-05;0.00014901335610575565;2.7781631647996417e-05;3.210935371490918e-05;1.0463872540323635e-05;1.1344347354870772e-06;2.9008652738347857e-05;2.0020486444009904e-06;7.188625147457598e-07;9.722730983959413e-06;8.946893045225352e-07
15:37:35;397;2.4231228330506838e-06;2.987994986153952e-06;2.1969789675496586e-05;1.4280279362243287e-06;3.0046851093665983e-06;2.4611674150001117e-06;1.9423268955230033e-06;2.169721750630319e-06;1.5047436482295107e-06;3.227358606462293e-06;4.240098834949115e-06;2.754618157170667e-06;1.753516837389345e-06;2.731321198142082e-06;1.8598867197057571e-06;1.702467811868056e-06;3.958860197253901e-06;3.5127953605630945e-06;3.157565322885315e-06;2.984891184381393e-06;1.7353474836915055e-06;3.206661241349622e-06;5.0421180782870604e-06;3.198295811256961e-06;1.8902403805349181e-06;3.2806140817355517e-06;2.1860821619421714e-06;7.235644493733996e-06;2.3990642057659266e-05;0.00011234005930460106;3.4767770567083944e-05;3.389695623342472e-05;1.3665372009684815e-05;7.706846846656782e-07;2.460606429465714e-05;2.5552326885859004e-06;5.621684374913497e-07;8.271959819648012e-06;9.749215147231746e-07
15:39:56;398;2.6217633094011656e-06;3.1654947869804956e-06;2.816027253199743e-05;1.418871982007307e-06;2.7051400666974503e-06;2.980387376571126e-06;2.087918375405128e-06;2.581754413084008e-06;5.3558609051601085e-06;3.380052232124988e-06;2.2543485303959767e-06;1.8860969193729653e-06;2.327354532710208e-06;1.9159395121739275e-06;2.5674339755613316e-06;1.7074486581632415e-06;3.625033819337694e-06;3.921906353971741e-06;3.3675092922000855e-06;3.3451390424799474e-06;5.617729270910141e-06;3.32237440448531e-06;2.999314662264612e-06;2.451486664862778e-06;2.4903085023318373e-06;2.325454694315179e-06;2.812231007772402e-06;6.606708016709057e-06;1.952943530393954e-05;0.0001777165670519479;3.5056815303786416e-05;4.017208215407413e-05;2.3806382567827154e-05;8.466293133694082e-07;2.2041431472858396e-05;2.3966926175045556e-06;3.764459207869865e-07;8.984379196910914e-06;3.89701464254565e-07
15:42:18;399;2.6775931212858435e-06;3.264039982747783e-06;3.3686969165038555e-05;1.9910815876852697e-06;3.4232784649000014e-06;3.5125043110055416e-06;7.095234144055047e-06;2.5117406429489817e-06;1.6523966532036836e-06;1.1483396688499232e-06;2.1276285457490345e-06;2.771579016069836e-06;1.7151440877650648e-06;2.802407638310714e-06;1.3797817677902395e-06;2.234133358089383e-06;4.462468268684461e-06;4.407663246189558e-06;8.318756781706345e-06;3.4310289590935044e-06;1.868794542237014e-06;1.3157252607027346e-06;2.8624278940374614e-06;3.391107660534061e-06;1.89224903340202e-06;3.3114248927182715e-06;1.6726988666407493e-06;7.2252495804636385e-06;1.1374433535995869e-05;0.00024261670771754038;5.273751632643069e-05;4.1710734785075055e-05;1.460896724757999e-05;5.590326149072917e-07;2.0389361612240566e-05;2.0771290120641087e-06;9.063559089338918e-07;9.335985668757944e-06;7.02155970473214e-07
15:44:40;400;2.4140845508472095e-06;2.976072002776981e-06;2.0234774455128367e-05;2.1523431001116675e-06;2.380682988603863e-06;2.1989515969716482e-06;3.0167907782379704e-06;2.6571517666566664e-06;1.8164440397877064e-06;4.775494767951148e-06;3.15279277158192e-06;1.46307569695833e-06;1.0756895284816634e-06;1.9693014932703985e-06;2.310295203952509e-06;2.3520881040319263e-06;3.394752359816243e-06;3.1620063250729684e-06;4.258242801991896e-06;3.4551212046366507e-06;2.182450683431864e-06;4.630025156834966e-06;3.93426593797778e-06;1.9826271020203327e-06;1.2745123235272562e-06;2.4433690418557985e-06;2.643402017153526e-06;6.327741031639785e-06;2.727616445086695e-05;8.86288238894053e-05;4.799741664708107e-05;2.8347954710649646e-05;1.1659002384789108e-05;9.747444548021329e-07;1.921656711603192e-05;2.136758045851208e-06;5.048552418680052e-07;8.829111786766614e-06;9.18153701788581e-07
15:47:01;401;2.8489601698373175e-06;3.4685436396931795e-06;3.983151059048441e-05;1.4987951125049066e-06;5.031330403617383e-06;5.978784730651589e-06;4.121312543438969e-06;1.9344189133751013e-06;1.6360120031225476e-06;1.1421115860731457e-06;3.208410921344425e-06;2.4677714399633612e-06;1.9331980972804206e-06;3.1225901628447033e-06;2.1127851067862222e-06;1.8242196096874563e-06;6.02723580241333e-06;6.948674811760208e-06;5.5763735826410165e-06;2.727953751903592e-06;1.987634037286165e-06;1.2698140955152771e-06;3.981413855502909e-06;2.9583669097116365e-06;2.1557600791622253e-06;3.6827829740392604e-06;2.4822932262602853e-06;8.537548073166483e-06;1.1323667953917354e-05;0.00032599860660544787;3.5599718913593325e-05;4.102041011395576e-05;1.5809926799164212e-05;7.500441110294097e-07;2.563361004432572e-05;2.2424742516917807e-06;1.6025455883473827e-06;8.520878064711592e-06;9.386965664621831e-07
15:49:23;402;3.1211188332814674e-06;3.7050487081396107e-06;2.615489657017714e-05;4.110791214822546e-06;5.737977378249649e-06;3.1608437207417883e-06;4.629773618783614e-06;2.496251450394156e-06;2.680558306070421e-06;1.430399551371021e-06;2.3630498354843996e-06;2.9600108257002686e-06;2.712936716649365e-06;3.52633828723273e-06;1.6444942849085982e-06;4.3417477371216984e-06;6.818957249206621e-06;4.077256836019762e-06;5.893514313195542e-06;3.433430229454678e-06;3.095508147936603e-06;1.5719244943226576e-06;3.1358599785504984e-06;3.3707445692027847e-06;2.87544770931681e-06;3.860611767305283e-06;1.985580537839729e-06;7.0342551002099014e-06;1.2537678200874014e-05;0.00017534442035520702;2.7033432855773357e-05;3.8903894772209264e-05;1.686284285809773e-05;9.58550120211804e-07;2.2240164280719786e-05;2.3685782380937023e-06;4.849473307738013e-07;9.452014169448989e-06;6.379805605063823e-07
15:51:45;403;4.040854182495547e-06;4.611604161922676e-06;2.3030129044784757e-05;1.7146211111131813e-06;3.093758720883567e-06;2.9581880558863944e-06;5.576085531412321e-06;1.9047844580813686e-06;1.6971367815734404e-06;5.771645208147385e-06;1.0481036921109164e-05;8.272747583698054e-06;1.3895820675135051e-06;3.2404392068227397e-06;2.3902230526961046e-06;2.0444557318874505e-06;4.104706623722818e-06;3.8466895361286526e-06;6.9046141049247e-06;2.7771936065388978e-06;1.9454082554389808e-06;5.675126338914358e-06;1.1332560409789926e-05;8.738395898703108e-06;1.5131933450960142e-06;3.68175061696461e-06;2.775153717853363e-06;7.79649400463807e-06;2.1647995868586696e-05;8.229754993692194e-05;5.6501898930491974e-05;3.676857926697458e-05;1.3233787742325431e-05;1.0591088531047686e-06;4.363232364304341e-05;2.3549112220353542e-06;1.0507398685776466e-06;9.180760805468216e-06;8.373983952490184e-07
15:54:07;404;2.406615340788676e-06;2.985435049261388e-06;2.2023802332635557e-05;1.5833619735742972e-06;2.400295789361063e-06;2.6284085342160264e-06;2.804727357999778e-06;2.180629515180499e-06;1.7489532882144296e-06;2.20795165940434e-06;2.7802260765112536e-06;1.6560829394698182e-06;1.4284532836583708e-06;5.668703067032962e-06;1.7915896903404742e-06;1.837082272341152e-06;3.462503388929483e-06;3.534590865755594e-06;3.976793164792404e-06;3.0870161570511543e-06;2.034487098643683e-06;2.5097995163216896e-06;3.5025106865449043e-06;2.169158391023049e-06;1.556387728727069e-06;6.053086773262512e-06;2.101803762009614e-06;7.84421108026928e-06;1.736150442198386e-05;0.00011792959758711421;2.850427170874449e-05;4.0925684382808426e-05;9.121804743118963e-06;1.193166356950576e-06;2.7891812336359578e-05;2.6073913262633657e-06;5.507259872297486e-07;9.116342166264683e-06;1.239115894519453e-06
15:56:28;405;2.8549219092223086e-06;3.5357290321774633e-06;2.450449072033083e-05;1.437665116005798e-06;4.4019671166366114e-06;2.8020274522462656e-06;2.521684672629476e-06;5.717590963107775e-06;2.3656490403761215e-06;1.3632942957157597e-06;2.5798709560573032e-06;2.3797066558922158e-06;1.6499462777052154e-06;4.1719339026645805e-06;2.867725708939743e-06;1.7549462087647298e-06;5.395603987185323e-06;3.7761030364004286e-06;3.803743982045282e-06;7.003816899899143e-06;2.8300180373881182e-06;1.697073249816421e-06;3.4369148936461953e-06;2.9976709103283598e-06;1.8977897614696544e-06;4.5911583123298335e-06;3.2439082614001576e-06;7.2154267469364904e-06;1.4526076578408665e-05;0.0001594642624357;3.323518055066731e-05;2.782622855375296e-05;1.1866100437596888e-05;8.580327763611704e-07;2.6781585855920434e-05;2.295141742205975e-06;7.315663516749816e-07;8.371008714174158e-06;8.832779005708997e-07
15:58:51;406;3.0338920243945142e-06;3.578563219210232e-06;1.8463699279578825e-05;1.8504564485963018e-06;3.4117655963425166e-06;2.231249037814626e-06;3.020519788066167e-06;2.153146963188781e-06;2.9687210396645014e-06;2.0818672564456877e-06;1.9914238027496367e-06;2.3898961491010016e-06;1.6139430762345859e-06;3.6853860790583584e-06;9.008328249974925e-06;2.115779402974792e-06;4.343538499090789e-06;3.255741862458423e-06;4.224645022940756e-06;2.9721805138343614e-06;3.319612872767525e-06;2.1126323743005686e-06;2.6729487686518754e-06;3.0527091577731637e-06;1.7760467995639707e-06;4.0797938801248e-06;9.01712868527065e-06;6.810123903843384e-06;2.2199547302457286e-05;6.227208059698728e-05;3.743112371192618e-05;3.2996679151423116e-05;2.0183178829134833e-05;9.640979660442927e-07;2.23890730298077e-05;3.6010204621426465e-06;5.932303592986639e-07;9.79747319334987e-06;2.326762848530579e-06
16:01:12;407;2.1994574047309614e-06;2.711658280647118e-06;1.8609242604320226e-05;1.6342491157511125e-06;2.5437886887015213e-06;2.8309094862228274e-06;2.143252671419046e-06;1.4880674119992094e-06;2.226265522476855e-06;3.8016512247713248e-06;1.7847320190611526e-06;1.6285077235005991e-06;1.0204875721019457e-06;2.9524296882047194e-06;2.3391468666680093e-06;1.8320868295194476e-06;3.4690445899505455e-06;3.7766280019229582e-06;3.384510306849607e-06;2.2993184126755317e-06;2.5081213100782385e-06;3.5244885511814043e-06;2.502451202072055e-06;2.133736139696822e-06;1.1654278441537942e-06;3.314665321605516e-06;2.6294200126035838e-06;7.895480524487793e-06;2.591115457440584e-05;5.402452425199332e-05;4.7765829080073537e-05;3.538283624631491e-05;1.166087332573002e-05;9.812600606164917e-07;2.632484110414908e-05;3.1872130700748853e-06;4.0999377012406084e-07;8.923211675730765e-06;8.436935681419927e-07
16:03:34;408;2.80372740813949e-06;3.4259763893553813e-06;2.7331192898748298e-05;2.5580864941461683e-06;2.9284248621182356e-06;6.147267126524722e-06;2.1484632112973983e-06;3.1579424237613485e-06;2.683604156510972e-06;1.4399120845160434e-06;1.9639223113220408e-06;2.1626174877553694e-06;4.776974499843721e-06;2.2418327288291224e-06;1.435680655167718e-06;2.8898153022043828e-06;3.9421868367051365e-06;7.040632307150732e-06;3.5382911910001215e-06;4.188484349700197e-06;2.965735247235449e-06;1.6205609798114754e-06;2.821854515119251e-06;2.740616990575037e-06;4.873840804135352e-06;2.6886082138579567e-06;1.8010889849807151e-06;6.889591390344626e-06;2.043706361735114e-05;0.00017702330075248715;4.144196990666097e-05;3.317267709460903e-05;1.0190296281449223e-05;7.518613724856222e-07;2.6182347969945197e-05;2.2437893998603523e-06;1.0262461773593583e-06;7.828457795391805e-06;7.867130270351916e-07
16:05:56;409;2.835380955316809e-06;3.4144206691490594e-06;2.51680735772713e-05;1.5671020448173387e-06;2.8787976755560085e-06;4.505788063950562e-06;4.144103197812786e-06;2.4235944729899086e-06;2.2121540006671902e-06;1.2525843949133404e-06;2.2473097566301123e-06;1.8111751001596716e-06;2.602100397456039e-06;2.0487111624137553e-06;6.331150256177022e-06;1.9031784988696985e-06;3.9201151933791806e-06;5.4275809574553215e-06;5.4194674444433875e-06;3.4417945471432176e-06;2.581676447282951e-06;1.4621651929056623e-06;2.9504959626782565e-06;2.32300134099159e-06;2.685666597152462e-06;2.4148287484192074e-06;6.443076616258484e-06;7.573064502612696e-06;2.614550193081014e-05;0.00013656765450303568;4.3875065474040194e-05;4.26972827790076e-05;1.1868143003863194e-05;7.616752280076075e-07;1.8482489872187686e-05;2.2101560784867587e-06;1.1003631288369026e-06;9.652611663233611e-06;1.0828747631335287e-06
16:08:17;410;2.713062304270476e-06;3.255162758975956e-06;2.612776345963547e-05;1.814476073391802e-06;2.7747816185358882e-06;5.0779458020274016e-06;3.0068052461599977e-06;2.6614497492325673e-06;2.4344561547257566e-06;2.077347983005366e-06;2.3178487207140752e-06;2.4272555575971016e-06;2.436023605056903e-06;1.848517329347291e-06;3.6798388631999823e-06;2.1030218545956237e-06;3.829992143045839e-06;6.026478697002616e-06;4.239848858790687e-06;3.438071491726515e-06;2.5868084200818526e-06;2.069148345388477e-06;3.04418284353624e-06;2.944487298147486e-06;2.5949896256907445e-06;2.2794370786730818e-06;3.90548521990459e-06;6.958539650699893e-06;1.2745703552455319e-05;0.00017747854147751588;2.8564613113999308e-05;3.713093743380554e-05;1.8701800551041527e-05;7.203887442068371e-07;1.862048659404059e-05;2.370028139520217e-06;6.754708202166771e-07;8.732734767417132e-06;8.339166707066671e-07
16:10:39;411;2.346390068908022e-06;2.938588606204714e-06;3.0879525938147925e-05;1.2832938486407774e-06;2.2803304718427793e-06;2.8136804724516136e-06;3.732932704281211e-06;4.352899160635233e-06;1.484565904793814e-06;1.208810470024443e-06;4.404959251822695e-06;1.6871827128930115e-06;9.62864851002236e-07;2.303327937754189e-06;1.6418320947634997e-06;1.5862479141174798e-06;3.3547286409286035e-06;3.905731459838799e-06;4.9952838184299825e-06;5.1752939210513705e-06;1.7176214765652419e-06;1.354756760445272e-06;5.14842396068495e-06;2.182672476378742e-06;1.1550916642418203e-06;2.7271697933739933e-06;1.960040630008366e-06;7.338354310149339e-06;1.6213256749997604e-05;0.00020412706621048663;5.92086210758384e-05;3.550361162414913e-05;1.2636852308493671e-05;9.361486044123169e-07;2.1396747690116617e-05;2.623890643926043e-06;6.785204868526101e-07;9.085293246911825e-06;8.059483064407601e-07
16:13:01;412;2.3943072952967914e-06;3.046041082241204e-06;2.484133495787818e-05;1.5651928206042696e-06;3.399840248683652e-06;3.589682331908958e-06;3.844618394310828e-06;2.0360098651069207e-06;1.5009856079666923e-06;1.4083509141923658e-06;3.6278571180694352e-06;2.3145430612103723e-06;1.323441019682938e-06;2.543445878153896e-06;1.577719396502046e-06;1.957871613222214e-06;4.517505669953815e-06;4.582914093992292e-06;5.143329089369678e-06;3.0033929948054903e-06;1.8705149658717922e-06;1.7615277160869862e-06;4.39383917424332e-06;2.8562561032852995e-06;1.553194124426227e-06;2.9941046017184715e-06;1.9180420254030386e-06;6.697125627763898e-06;1.1857397211326283e-05;0.0001559524772762726;3.565661172970802e-05;3.7548465370554e-05;1.4212219598672217e-05;8.459337031784619e-07;2.1784672055237693e-05;2.386131752659319e-06;6.556248484438754e-07;9.386573966100333e-06;1.1127863546214037e-06
16:15:22;413;2.901058842687896e-06;3.5592382786651084e-06;1.7996450181989233e-05;2.141853445391074e-06;2.5188230594608285e-06;5.668924657052023e-06;3.4273669152055803e-06;3.568094638175332e-06;2.0277282053045425e-06;2.3888909316159936e-06;4.485749635175683e-06;2.5544227688230463e-06;1.4506209039634077e-06;2.275779529754955e-06;2.304450418125467e-06;2.440127120648925e-06;3.50295525532613e-06;6.560356809983849e-06;4.76845480367461e-06;4.7709142226946674e-06;2.3619201720411862e-06;2.8307386881789184e-06;5.189797438785568e-06;3.093404368687343e-06;1.6844450058244225e-06;2.747808909151888e-06;2.7599355963168737e-06;7.227920874674059e-06;2.3434517805615713e-05;6.524686219858367e-05;3.718218019854434e-05;3.734420332556836e-05;1.21240460635987e-05;1.629265925822849e-06;1.9596715603345447e-05;2.5095413708148434e-06;6.252345713678044e-07;8.272593966082088e-06;7.64320279852883e-07
16:17:44;414;2.6660412605653248e-06;3.2801778811690268e-06;3.101962471592012e-05;2.680967763911791e-06;2.4003301394192147e-06;4.116920752588788e-06;2.4625425005808665e-06;2.2381212663382466e-06;1.1123883295706027e-06;1.3429634373451904e-06;6.036489691622777e-06;3.1650531727610667e-06;1.0426785143574142e-06;2.772509690920153e-06;2.6215289636866146e-06;2.9533814152077695e-06;3.448902151819622e-06;5.148206366955699e-06;3.8090936097340757e-06;3.0715760065596685e-06;1.368349385417407e-06;1.6146016186718919e-06;6.704475018074235e-06;3.7352131749121096e-06;1.2736111337209324e-06;3.201951505063703e-06;3.0327722193944765e-06;6.803627840771072e-06;1.531233055989586e-05;0.00021015510652614493;4.8884236057307946e-05;4.1665841771458325e-05;1.3107456736889866e-05;8.756686141119442e-07;2.305122786770433e-05;1.99521841202225e-06;4.871328104306073e-07;9.212373479899375e-06;6.852759144047543e-07
16:20:06;415;2.9753866683599672e-06;3.5165632618395934e-06;3.3706717635481095e-05;1.8376615724074503e-06;3.638662218237569e-06;6.3424245553278524e-06;4.0239915131740584e-06;1.9935643061201476e-06;1.4010469926036122e-06;1.5330982139551772e-06;2.791352998440547e-06;3.1151166507728787e-06;1.597739974828533e-06;4.731292054057948e-06;2.6986881049043374e-06;2.1331008713188357e-06;4.6774557660360704e-06;7.3196966189278075e-06;5.32560592477285e-06;2.733653370998144e-06;1.7046288302814982e-06;1.6288854682518176e-06;3.527593294108291e-06;3.5191136001092767e-06;1.7631594683055632e-06;4.974926445978367e-06;2.8909384173523823e-06;7.871900492512498e-06;1.1104332915035368e-05;0.0002488769249774121;4.377303275338241e-05;4.2868607093891275e-05;1.411725231619881e-05;6.322061948201834e-07;2.208785079219866e-05;2.367396530640508e-06;6.112230563722001e-07;9.51023096116429e-06;6.596535421449132e-07
16:22:28;416;2.76081651245425e-06;3.3652021919564666e-06;2.076623321330545e-05;2.6165217641831036e-06;2.1984456214273575e-06;2.484015698749948e-06;5.193640247566381e-06;1.8084932418686734e-06;2.1630893525652213e-06;1.1157746802048507e-06;2.8137800934499326e-06;2.002597668461125e-06;1.5147222242555876e-06;2.98707752092882e-06;6.231639109541024e-06;2.860437361269311e-06;3.205649419859456e-06;3.525798636566165e-06;6.49084954084519e-06;2.7083270512338446e-06;2.4175394426930337e-06;1.3452640091513843e-06;3.444316740005658e-06;2.6350478578876126e-06;1.757965825433956e-06;3.370400555709987e-06;6.620829199049165e-06;6.9946446226464574e-06;2.1516443887651847e-05;0.00010052864319549443;4.1439499191815774e-05;3.5875730910514755e-05;1.077412691261593e-05;1.1185281768747793e-06;1.82006876209713e-05;2.337027501804517e-06;4.569001536734965e-07;9.16608444179217e-06;7.864819438099136e-07
16:24:49;417;2.630856206826076e-06;3.2417982293748225e-06;1.994978601099128e-05;1.5340551202669417e-06;4.331808862965338e-06;3.2350015702191244e-06;4.120554248032704e-06;5.1074058162534834e-06;1.8225286911159473e-06;1.3125260754617587e-06;2.1525962079493866e-06;2.3594870550299034e-06;1.5007860446109527e-06;2.4234067509096038e-06;1.6701171365470073e-06;1.7897537683110604e-06;5.465189377889457e-06;3.99453255386682e-06;5.49907015082209e-06;6.157739168389249e-06;2.2629460876418354e-06;1.4242293716477756e-06;2.949804529404751e-06;2.8368031340920147e-06;1.7262283465611348e-06;2.7751104808781815e-06;2.020170716639745e-06;7.886328372307351e-06;1.3038556576037031e-05;8.606551983559904e-05;4.494784421439672e-05;4.012771634208449e-05;9.504649386403013e-06;7.769099269416292e-07;2.313631647861017e-05;2.6134074950796728e-06;7.149999031014621e-07;9.438707808690558e-06;1.1464757926442603e-06
16:27:11;418;2.341825763449182e-06;2.958337293570873e-06;2.196472590350261e-05;1.3474632552372285e-06;2.4400308697184156e-06;2.4127012660877445e-06;3.942569951156181e-06;1.8548951767691981e-06;1.5767301590424216e-06;1.3962561774247009e-06;3.871109141199853e-06;2.369329550010558e-06;1.2450117710116615e-06;2.08554048826541e-06;3.5602705087905466e-06;1.6269974968411048e-06;3.456716475612447e-06;3.41541816897582e-06;5.113910815510545e-06;2.6698786095488387e-06;1.8676505921771595e-06;1.6463137554534183e-06;4.777827042963059e-06;2.8727738970678443e-06;1.4482218641861908e-06;2.585956709953268e-06;4.018380997266935e-06;6.231660364189623e-06;2.245285921303823e-05;0.00010708873463849991;3.7749487985945855e-05;3.75882302254785e-05;1.265525748447153e-05;9.242358186010964e-07;2.5439346277907236e-05;2.774929760491639e-06;1.0727902635544613e-06;8.751587365980724e-06;8.475914438724865e-07
16:29:33;419;2.303684512967989e-06;2.9076460566413307e-06;2.643683557043376e-05;1.654483306478095e-06;3.0876515660209365e-06;2.252276976316187e-06;3.949226399800988e-06;2.289231353329187e-06;1.9039442501781165e-06;9.944003873259404e-07;2.3923549531704422e-06;4.02611635311442e-06;1.4841149047484237e-06;1.977375269423088e-06;1.6330375305754914e-06;1.948422777786618e-06;4.174430775688224e-06;3.325808623380505e-06;5.301597561407982e-06;3.0994945063866908e-06;2.216608396062113e-06;1.133696641801767e-06;3.175213258813689e-06;4.50989268411152e-06;1.6938671730621295e-06;2.371057672473997e-06;1.941661775496949e-06;7.241528539994371e-06;1.5524697517726936e-05;0.00017221454333188322;2.843666902941574e-05;4.241530811267655e-05;1.4813341502818563e-05;7.596837755786176e-07;2.2969082317880627e-05;2.568987808869782e-06;7.147326993931968e-07;8.792528304696199e-06;7.909239042713225e-07
16:31:55;420;2.5353990067018954e-06;3.148131209175667e-06;2.864326095812447e-05;1.6141410248819583e-06;3.180599244181146e-06;3.145908997061817e-06;4.312689469866303e-06;2.5470935230874727e-06;2.7323373839038823e-06;1.2163515541856058e-06;3.135987611328646e-06;1.959594292086112e-06;2.581514234701775e-06;1.7657477413961105e-06;2.232822065421787e-06;1.8882508558380312e-06;4.2858230244746665e-06;4.080113178962522e-06;5.460195955527501e-06;3.5162639661290155e-06;3.1794476560403553e-06;1.3453159485661787e-06;3.816438598283939e-06;2.5978853402562037e-06;2.741348094798612e-06;2.2357824971987624e-06;2.6307086025415723e-06;6.731066426688154e-06;1.2120569053035043e-05;0.0001733204778744506;6.043982269202493e-05;3.977057984494537e-05;1.4390608321917197e-05;6.984984467366969e-07;2.3830734125317046e-05;2.0184931695983677e-06;5.963038639595796e-07;8.8415615593208e-06;9.60416119499854e-07
16:34:16;421;2.6592195093206268e-06;3.235227599292603e-06;1.9489430860158748e-05;1.9214128646118733e-06;2.59705827396963e-06;3.346146263021927e-06;2.4491735256436766e-06;2.7154991619356266e-06;1.3467670852468865e-06;7.096594763631649e-06;1.3274312131918784e-06;1.53981911003727e-06;1.846460687944655e-06;4.1066772831625675e-06;1.6175929204594168e-06;2.278843532645002e-06;3.66424843331849e-06;4.027792729060291e-06;3.8034599203709585e-06;3.6638655130238613e-06;1.6634943003276632e-06;6.777354679176329e-06;2.110867983360607e-06;2.0537548086590675e-06;2.0360228336933606e-06;4.811395056209751e-06;1.9316308864774008e-06;7.0977803311722475e-06;2.087137457143809e-05;8.538663347132466e-05;3.507930666127593e-05;4.005165990679384e-05;1.0872165149130062e-05;6.042270574683531e-07;2.2111971371013372e-05;2.170776870481048e-06;6.510329322527227e-07;7.924329803325636e-06;1.0519121962289895e-06
16:36:38;422;3.52860972764223e-06;4.237779631705651e-06;4.4529645159571105e-05;2.1173710809724806e-06;3.4489290793001972e-06;6.939515791256926e-06;3.020492346098277e-06;2.1344696184270746e-06;2.0484381491250114e-06;1.9448945500564396e-06;2.5294409437296137e-06;4.166169092782597e-06;1.722713814670969e-06;8.88002611079938e-06;3.3908549710304214e-06;2.440206358216206e-06;4.556406770173948e-06;8.232961354684747e-06;4.2699341203750675e-06;3.022815462827566e-06;2.3909382423282086e-06;2.3869534200895045e-06;3.334553731534309e-06;4.743042410742028e-06;1.963607935896464e-06;9.704793522164263e-06;3.8071408123616057e-06;8.077247976994908e-06;1.1257283198956469e-05;0.0003610244693394318;4.234594816086786e-05;4.709758091115804e-05;2.067131244527004e-05;6.366720533679215e-07;2.922502388746601e-05;1.85852652021224e-06;1.5469827570035264e-06;9.896316152267744e-06;7.183785118567816e-07
16:39:00;423;2.770224228757198e-06;3.3840893978822927e-06;1.999752587915022e-05;1.2891138823886452e-06;2.5625029374380532e-06;3.018373681097263e-06;3.8324680649217475e-06;2.395308479079135e-06;1.208547721857785e-06;3.6279327816660354e-06;2.759545607133873e-06;2.803790542606841e-06;1.2742987540322175e-06;5.357111095737434e-06;3.1136961971999324e-06;1.5317164307885785e-06;3.60986231660004e-06;4.058243236233719e-06;5.082116423423779e-06;3.3804893660147437e-06;1.4377219219821637e-06;4.098909606667964e-06;3.510879273965691e-06;3.2282021729309846e-06;1.4242516729759296e-06;5.74423316559464e-06;3.5024457109194616e-06;7.60566700258107e-06;2.106292182043635e-05;9.14987286848394e-05;3.0220164073825976e-05;4.0377522459493545e-05;1.0645990263700173e-05;1.2735311879931598e-06;2.4506938358462356e-05;1.7659798350494463e-06;7.981808322720172e-07;9.070659896327455e-06;1.1440261348216998e-06
16:41:21;424;2.287509700690552e-06;2.8837634251626867e-06;1.8407163564481497e-05;1.3713527390829034e-06;3.1439854374068235e-06;3.2111758396589285e-06;2.4570464287811755e-06;2.1927161914867743e-06;1.3998143597795185e-06;1.98681240134749e-06;1.9388216134785807e-06;2.363277905330237e-06;3.972565608508076e-06;2.0074695726341414e-06;1.4050774761061162e-06;1.7282566507018129e-06;4.1776769867743795e-06;4.198985022953763e-06;3.788756870723969e-06;3.1713533561039958e-06;1.7027559382065963e-06;1.9179060832875275e-06;2.8004163823425188e-06;2.9938440415599307e-06;4.061543326246511e-06;2.4355956107867797e-06;1.628069968820121e-06;6.978334430149787e-06;1.967745693204416e-05;7.806869024878891e-05;3.2656295686692e-05;3.539659439083936e-05;9.616015274881094e-06;1.3110844009927489e-06;2.3129291865420932e-05;2.6093700422747935e-06;1.2374503477535455e-06;9.23422286079955e-06;9.711562931410205e-07
16:43:43;425;2.9740289539342317e-06;3.5301901432462672e-06;3.731782664311152e-05;1.7302760593196354e-06;2.682786234780627e-06;4.07491304666895e-06;5.093018169462353e-06;2.3653712171975174e-06;3.667435438326937e-06;1.675769528959718e-06;2.0554966000800463e-06;6.047237651074511e-06;1.159385739736184e-06;3.3609321707928075e-06;1.7757246119581345e-06;2.084231272408344e-06;3.601170724726251e-06;5.197229017850779e-06;6.212540449292025e-06;3.2176689550212786e-06;3.8945133636371806e-06;1.7287503825645206e-06;2.862053785192293e-06;6.514163625887463e-06;1.3105133768499688e-06;3.781157003479304e-06;1.9582887921099923e-06;7.582361138370516e-06;1.4102898973913497e-05;0.00025377874107507416;9.154092984483494e-05;3.430492870020031e-05;1.4007332583068744e-05;6.800847279511417e-07;1.9259768382515905e-05;2.5307697442840173e-06;3.882600507233209e-07;8.457577370615958e-06;1.1802671257857129e-06
16:46:05;426;2.40597445643299e-06;3.048898282872006e-06;2.756969064572773e-05;1.73274063461096e-06;2.5583648308533857e-06;2.303225915121423e-06;2.669790347585955e-06;2.7110799767562166e-06;1.7241416152558031e-06;1.2188507966147777e-06;4.2991764272218544e-06;2.820950497679901e-06;1.2689565031884988e-06;2.5191906631053227e-06;3.04522445078574e-06;2.0216905398493637e-06;3.6164021936731185e-06;3.1923826220837686e-06;3.949999327117819e-06;3.6909249951050594e-06;2.154005904207846e-06;1.4687195024508365e-06;5.100821269905604e-06;3.480049760778629e-06;1.5001396806400397e-06;3.027736755927746e-06;3.3839058209817763e-06;7.747156970139639e-06;1.5242335132577008e-05;0.00018627527096618828;3.233523462403317e-05;3.695618662500203e-05;1.2641971396576683e-05;1.214945089382732e-06;2.5227430022519286e-05;2.4526624690171113e-06;1.0771734046731497e-06;9.198933491556734e-06;4.669875570668993e-07
16:48:27;427;2.655880929968258e-06;3.328341177574991e-06;2.795323221796016e-05;1.7615796322251691e-06;2.8393301019426853e-06;2.9042762150766066e-06;3.0442610990439274e-06;2.1158716678535616e-06;3.3751904461612723e-06;2.5808710806465096e-06;2.5489869316689093e-06;2.8055305451731143e-06;2.24700290979934e-06;3.476443392552204e-06;2.1712261616099484e-06;2.0551572797097534e-06;3.994556436737184e-06;3.8677486096460175e-06;4.3398115912732695e-06;3.1097077275078363e-06;3.96668967737299e-06;2.893675117130569e-06;3.4324055757425887e-06;3.3327349148196303e-06;2.4757401687094e-06;3.882854335194069e-06;2.5890116767531932e-06;7.714086062831123e-06;1.2846434081056538e-05;0.00017858882491557178;4.700141097238378e-05;4.0607509208024914e-05;1.3414640257098587e-05;1.2206096363963771e-06;2.1431558179851548e-05;2.2506190139908735e-06;8.123965637001896e-07;8.813465440527647e-06;7.372322840885338e-07
16:50:48;428;2.9526446096187184e-06;3.5849589442512276e-06;2.2269532086962953e-05;2.2854676872635142e-06;4.713735768743535e-06;3.7089634662121087e-06;4.096245831742738e-06;2.841006629304068e-06;2.5661499901988547e-06;1.1311200183363532e-06;3.0621506492487716e-06;4.339504503776808e-06;2.1409629494716467e-06;2.993722539363313e-06;1.5527045012963081e-06;2.659846793765702e-06;5.685510917759576e-06;4.633232987820336e-06;5.32671354541222e-06;3.961507783820201e-06;2.7956044862007785e-06;1.3687822789921208e-06;3.912566349938544e-06;4.902537166574952e-06;2.440665904158996e-06;3.4335498064218523e-06;1.8989879516636933e-06;7.449938935843576e-06;1.6078999487488786e-05;0.00011959517207556897;3.822676440998409e-05;3.834161535550582e-05;1.3639907404703937e-05;6.010743106480676e-07;2.2267456665876987e-05;2.075409035503453e-06;6.597388441413909e-07;7.777109495461616e-06;5.211990228287883e-07
16:53:10;429;3.5735511548683587e-06;4.2120958323145796e-06;2.0702162522483918e-05;1.4498508964712962e-06;3.1054111955858783e-06;2.819970571398368e-06;2.7681896354956526e-06;8.718927935353287e-06;1.5511709503938804e-06;2.079243749216046e-06;3.163585028851592e-06;2.216610371777702e-06;5.658369071878414e-06;2.729361133546604e-06;6.621922211216067e-06;1.8252704682156405e-06;4.200249163026271e-06;3.7386262480554883e-06;4.08505586245708e-06;9.905124754161218e-06;1.8457572673757073e-06;2.195671655338433e-06;4.002615883742876e-06;2.789816981424372e-06;5.725862509487204e-06;3.1630409271028954e-06;7.068056542657704e-06;6.740297358230711e-06;1.1697414736132927e-05;0.00012106299838542595;2.8979817952168753e-05;3.480129536432705e-05;9.09709947724567e-06;6.731113745267696e-07;2.3563373384160512e-05;2.1286912390773842e-06;6.839280429867527e-07;8.340368846068681e-06;6.575541094557866e-07
16:55:32;430;2.4897943201293318e-06;3.088998819524172e-06;2.7522082542407966e-05;1.3249749263008228e-06;2.5446927480743398e-06;3.09163641015237e-06;2.9363384900126346e-06;3.405942144238142e-06;2.7896091831665486e-06;2.4464078336450257e-06;1.7530192554944661e-06;3.1322574034285045e-06;1.457811063865222e-06;2.552336821731222e-06;2.4425046655936327e-06;1.6379971322714506e-06;3.5447390450538973e-06;4.028661411626395e-06;4.28383106702336e-06;4.3040096949846e-06;3.074602909979563e-06;2.501190104201761e-06;2.529142389166621e-06;3.543438576999978e-06;1.6979624053672961e-06;3.0858622529171667e-06;2.8365477747465314e-06;6.753491254837755e-06;1.250595282367285e-05;0.00019150260458744299;2.8740551805754314e-05;3.9849148347242636e-05;1.7411681989676798e-05;8.297346486429081e-07;1.9388685861472123e-05;2.5789943099642596e-06;1.3402028318782998e-06;8.774765944455216e-06;5.891761038553452e-07
16:57:53;431;2.2644018056183768e-06;2.8832888905457413e-06;2.7778501649728543e-05;1.8155093953450576e-06;2.2150291871399346e-06;2.7811385884358617e-06;4.841064545437555e-06;1.4168918953672005e-06;1.7300446598543895e-06;1.1645205336999451e-06;1.925701455750651e-06;2.1077753544157023e-06;1.5884007199641237e-06;3.0801088189879135e-06;2.506635669939008e-06;2.065220830669964e-06;3.1188068320100487e-06;3.8524882066794125e-06;6.238833636036615e-06;2.2697246379985828e-06;2.089822509091552e-06;1.3478208747004875e-06;2.701707703463514e-06;2.580035685022716e-06;1.811538091179857e-06;3.7085006218874214e-06;2.8149658540234117e-06;6.394079330089407e-06;1.2421073417101558e-05;0.00016718383376302713;5.22737431404639e-05;4.2811273149801416e-05;1.634481557171545e-05;7.967974519252012e-07;2.3773296245111613e-05;1.928806509023849e-06;6.913858944059357e-07;8.082984590518665e-06;6.399307335584841e-07
17:00:15;432;2.5058419759395956e-06;3.1326414494897915e-06;2.4702211461211953e-05;1.4369448186486848e-06;2.938115837413203e-06;2.9872280750838214e-06;2.2331039457994124e-06;2.899020078056031e-06;1.7686258549819522e-06;1.7474132686278276e-06;1.8323677006422527e-06;3.0045347601385815e-06;2.8411396827914874e-06;2.8023015343366224e-06;3.5793072060192284e-06;1.8040835185919479e-06;3.911864107781012e-06;3.98396439236479e-06;3.4920286003697686e-06;4.015939345053188e-06;2.104403004327478e-06;1.7857835116587864e-06;2.597454274305337e-06;3.6308062296680135e-06;3.012224468979115e-06;3.2024020488797414e-06;4.050742725528927e-06;6.852708226327329e-06;1.871745471205349e-05;0.00015264913496171586;2.6869114784070523e-05;4.668274378150741e-05;1.0922889243248354e-05;6.122180526244875e-07;2.0006104097624565e-05;2.35016387152033e-06;8.764370586731278e-07;9.018865424533046e-06;8.687033206448486e-07
17:02:37;433;3.1977989274749192e-06;3.771559793768816e-06;2.3027390968064474e-05;1.6944435246428342e-06;2.6174168276004264e-06;2.6959450805915965e-06;3.088893841152185e-06;1.91122619807128e-06;1.715664133266676e-06;5.043675845619398e-06;3.5673623353912634e-06;1.7379693915939045e-06;2.6378447956044613e-06;3.421358775119126e-06;8.24178541656486e-06;1.9898184046735566e-06;3.63660667603596e-06;3.660570194980106e-06;4.2600705927713846e-06;2.769537662182221e-06;2.0039724749719276e-06;5.019075978210983e-06;4.285816234924029e-06;2.2565938247910857e-06;2.872522997412362e-06;3.954874687857412e-06;8.54925637892698e-06;6.80326056892839e-06;2.189088857076111e-05;0.00011901363130728487;3.8988052088251627e-05;3.822333863949802e-05;1.2517039385415945e-05;4.5505820512027286e-07;2.5654832124851418e-05;3.2404663499197854e-06;7.709433220564626e-07;8.0415590302495e-06;7.296220244361841e-07
17:04:59;434;2.726701790255571e-06;3.365233989733255e-06;2.7326370878779255e-05;6.152074049545965e-06;4.55245805820358e-06;2.635222157336288e-06;2.736526089851633e-06;2.5677206495993747e-06;1.7731366400203734e-06;2.1450132991838378e-06;2.7135294497846663e-06;1.6850822541769617e-06;1.775504402087594e-06;2.2857796134251824e-06;1.69837390979149e-06;6.564437925693641e-06;5.548341168602597e-06;3.6418791319480493e-06;4.035039729629555e-06;3.6423172234576724e-06;2.1078523781098636e-06;2.2397262619396994e-06;3.5148936483063704e-06;2.3001376083685282e-06;2.0216235250562116e-06;2.7064731016886255e-06;2.0600849018569248e-06;7.32191473572264e-06;2.4855409935240882e-05;0.00016834524289603152;3.6198672841992125e-05;4.090033589582753e-05;1.5106443316299198e-05;8.000958078473357e-07;2.1941989187063192e-05;1.68942233484405e-06;1.156502637482988e-06;8.690761481214754e-06;9.096594757848759e-07
17:07:20;435;2.0252652842858962e-06;2.6173475828416695e-06;1.589188133488356e-05;1.3817784193615912e-06;2.678099307732137e-06;2.1844314019858757e-06;3.0025601933658663e-06;2.7018252501549838e-06;1.5326863539948994e-06;1.2204875960784214e-06;1.898625888750096e-06;2.1921581363089486e-06;1.2405808736656612e-06;2.702464636072932e-06;1.5674845360277603e-06;1.6688122691102993e-06;3.709740302020933e-06;3.094711486701732e-06;4.170086015884534e-06;3.563682753338071e-06;1.9282267161646746e-06;1.2946833351899057e-06;2.6885747625852626e-06;2.720044224738155e-06;1.4834405671443833e-06;3.125184516820694e-06;1.9609835141026554e-06;6.763858746664577e-06;2.4278875871118973e-05;4.2069756194619265e-05;3.901428910440847e-05;3.466989815056642e-05;8.659702919960697e-06;8.00444427175035e-07;2.258355670483197e-05;2.090070751303961e-06;6.5535927643058e-07;8.113648924848844e-06;1.0031149466739843e-06
17:09:42;436;2.7174591394896197e-06;3.3480592874990248e-06;2.4506481995483526e-05;2.1371689875593347e-06;2.9593606513212865e-06;2.7562447035026336e-06;3.2135048328996163e-06;3.2413039725363224e-06;2.998845007792542e-06;1.4975257853160946e-06;2.745912626006037e-06;2.478348723820225e-06;1.5507069842354584e-06;2.4763391818732377e-06;4.554247293145605e-06;2.5023373655706483e-06;3.954764342549275e-06;3.7758797986233603e-06;4.514168696477089e-06;4.195617433179916e-06;3.399205637304223e-06;1.6799707228943314e-06;3.4379375772661225e-06;3.035180358455352e-06;1.8253925657207426e-06;2.844085059545642e-06;5.012170826767378e-06;7.113293310758246e-06;1.2337232383442446e-05;0.00015422647619932667;3.0146696040860845e-05;3.585574776282635e-05;1.5465145391447547e-05;1.0842755450516907e-06;2.5721905574001003e-05;1.896198157638868e-06;1.2227039730929871e-06;8.16100638984635e-06;8.471032175092647e-07
17:12:04;437;2.1574238442603e-06;2.744321709312167e-06;2.3118813857305484e-05;2.3339647935539563e-06;1.9594120701717865e-06;2.808419662320654e-06;2.907661370666791e-06;1.982067636806629e-06;1.4086757323445391e-06;1.3913279782022543e-06;2.309593288981918e-06;2.242711944236672e-06;1.7779359372224493e-06;3.4689233197453135e-06;1.298391543775262e-06;2.6183589855613317e-06;3.0096671914951097e-06;3.9254522896124954e-06;4.184770579188266e-06;2.7750038879552265e-06;1.6950769341298227e-06;1.5252764952389111e-06;3.0864152069878836e-06;2.6949302539982963e-06;1.959729520940182e-06;3.819074839191648e-06;1.6381034431359222e-06;6.237151746462809e-06;2.0142343924866008e-05;0.00012386639180825837;4.4135710480296005e-05;3.931603438523491e-05;1.0625383983055888e-05;1.0930578316545333e-06;2.013862327188859e-05;1.9383450212968104e-06;6.290401782000256e-07;8.460041109024734e-06;8.436425474272123e-07
17:14:25;438;2.689058353927914e-06;3.258014778940735e-06;3.7833299413188384e-05;3.93209093923536e-06;3.308007266091615e-06;3.734565629026127e-06;2.4285221991766033e-06;2.237551131368708e-06;1.4281620082101654e-06;3.5215427845710936e-06;2.3720068596976387e-06;1.932510145766483e-06;1.1482250940760124e-06;2.071066147912859e-06;4.154449224070721e-06;4.261692236215385e-06;4.364232436388722e-06;4.779804992469071e-06;3.6674923390082652e-06;3.1252702597215185e-06;1.735780683069422e-06;3.380551272095568e-06;3.081564227038224e-06;2.477643672044664e-06;1.3809166558484654e-06;2.501265577871269e-06;4.339962095377526e-06;8.195678574740305e-06;1.3271021982400748e-05;0.0002864988518619494;5.455091787952921e-05;4.1991903612091414e-05;1.1154165414839814e-05;6.754330003530931e-07;2.5784294767036225e-05;1.880772366819661e-06;9.45360380444992e-07;8.38744836157162e-06;6.637447564842236e-07
17:16:47;439;2.296377848765019e-06;2.9158075282298973e-06;2.344507716491007e-05;4.760772415967164e-06;1.6905459690716187e-06;2.1381605480092443e-06;2.4643624285467714e-06;2.5510902849584287e-06;1.5579287146814316e-06;1.3777386050199554e-06;2.1373372238932897e-06;2.1268259389599238e-06;1.10588504236892e-06;3.815296964178443e-06;1.830589181492118e-06;5.077744971677481e-06;2.7187462175005966e-06;3.1750704249732944e-06;3.835049355236347e-06;3.387373704132602e-06;1.8444063453910219e-06;1.4921211939946272e-06;2.8957621326080237e-06;2.6954644727659716e-06;1.334991961927319e-06;4.334922752167575e-06;2.1980361098721453e-06;7.249497185369967e-06;2.0865769025637185e-05;0.00013394333717330078;3.4798076138788716e-05;3.2352974344646135e-05;1.1714206485265157e-05;1.067059083028782e-06;2.648856916657402e-05;2.9018703086250726e-06;9.927907846700313e-07;8.197245252862337e-06;7.695310301526766e-07
17:19:09;440;2.0234617661429866e-06;2.6455246497098876e-06;2.2562869405335568e-05;1.2022300066179397e-06;2.888599206779025e-06;2.2624395094342473e-06;2.1731595569527618e-06;1.4610431251101246e-06;1.6499779346449115e-06;1.2946156466853154e-06;2.7247023990575125e-06;2.051087495241239e-06;9.98091547995986e-07;2.230937542015774e-06;3.3446564619313532e-06;1.464344032810223e-06;3.928585993901523e-06;3.2637019960964587e-06;3.4918431958454052e-06;2.2989363475505654e-06;2.058798497872183e-06;1.5360938726799654e-06;3.4957700169303002e-06;2.7048645307918894e-06;1.1699222611667532e-06;2.6601870771789632e-06;3.6732468933096935e-06;7.357156972343994e-06;1.8930703637890497e-05;0.00012141316162044135;3.313305100100938e-05;3.844100057294701e-05;1.2682120723404041e-05;1.001222231957122e-06;2.505791768809842e-05;2.686083650608376e-06;9.291090723129615e-07;8.671234449416589e-06;4.5167124359702136e-07
17:21:31;441;2.4428987376009816e-06;3.0705361317629895e-06;2.866385288396839e-05;1.936795108454186e-06;3.3979851423928475e-06;2.7099635455259246e-06;2.058565678970064e-06;2.4065649397316107e-06;1.2821898511816698e-06;1.923731882397755e-06;3.694100178076486e-06;1.9968374516727234e-06;1.5305050942967826e-06;4.530506743740468e-06;1.847038336257676e-06;2.2593314793948017e-06;4.462757787326995e-06;3.7026918188173655e-06;3.393678171741607e-06;3.2930300544131005e-06;1.615995196965442e-06;2.0746659799177777e-06;4.389329626087889e-06;2.476138206475298e-06;1.7754218558216456e-06;5.18506060042098e-06;2.218331938889559e-06;7.733642898287827e-06;9.805277174417644e-06;0.00019578932564707154;2.9361099161166233e-05;4.740775589462341e-05;1.154384025567143e-05;7.030002238448751e-07;2.972137495873565e-05;2.451171324812726e-06;6.460570215159808e-07;7.96504726996397e-06;8.386427775093252e-07
17:23:52;442;2.309353590619749e-06;2.8847295877163052e-06;2.912544798912215e-05;1.1295970719612827e-06;2.6283789979234227e-06;2.913142055340565e-06;2.7936334719475493e-06;1.6701959308110501e-06;1.8289779631818315e-06;1.5228840211504875e-06;2.088152541546151e-06;5.782340045809323e-06;1.1057671302242253e-06;2.7438670645484433e-06;1.5053058551569878e-06;1.4207835092056946e-06;3.638721256973878e-06;3.957269977427476e-06;4.116950966691329e-06;2.5071217840354334e-06;2.112845938622913e-06;1.6456203139522919e-06;2.9138622658483424e-06;6.046189392817942e-06;1.310824096648664e-06;3.0913167013094134e-06;1.8552480100822057e-06;7.25187731026939e-06;1.3961042265317005e-05;0.0001875367977023634;4.268841457597275e-05;4.2761522444796286e-05;1.5067353574397559e-05;1.001942468121947e-06;2.735529850977347e-05;2.079536325833292e-06;1.1425352691483436e-06;7.735327310162856e-06;9.237281133095024e-07
17:26:14;443;2.4605936735417284e-06;3.065307521554339e-06;2.025327060172349e-05;1.4314162724621775e-06;2.4650459055793177e-06;2.875015605787532e-06;2.0755728323122598e-06;2.0445686190549073e-06;1.9364410914364654e-06;1.7181721655132067e-06;1.6217176932251867e-06;2.005694205144757e-06;2.249346052448945e-06;6.357392537898415e-06;2.746740224521008e-06;1.7147374062662055e-06;3.6061777607272554e-06;3.9907752815901105e-06;3.3710050646030004e-06;2.963054318766071e-06;2.2620423146978697e-06;1.7988821025626956e-06;2.3851041043622276e-06;2.5244331306532352e-06;2.4421621726070974e-06;6.696004309652622e-06;3.029311243798348e-06;7.326662611576028e-06;1.3697001258691171e-05;0.00010841658978667614;3.1648512575426276e-05;4.0136175853053754e-05;8.139404750331781e-06;1.0493088244453251e-06;1.9067387515580662e-05;2.631984931434206e-06;1.2411549801729366e-06;8.7152449692261e-06;9.69819164067539e-07
17:28:36;444;2.1780400884872298e-06;2.808326777269514e-06;2.792531932721154e-05;1.9289131159409707e-06;2.3955254730171047e-06;2.383676597681663e-06;2.754926166465504e-06;2.202808936146994e-06;2.602647004740726e-06;1.0977256549405856e-06;2.2007470412497487e-06;2.7752779746234326e-06;2.3589034355741103e-06;2.1286800467766977e-06;1.3066487524294634e-06;2.242237821485128e-06;3.4916069603529154e-06;3.3418005997087744e-06;4.1374064983733374e-06;3.209100956569906e-06;2.906761280911856e-06;1.2994729336011765e-06;2.928847240144921e-06;3.305091348621214e-06;2.558507781377327e-06;2.6229676297842597e-06;1.6561193214778242e-06;6.8100132714464046e-06;1.841247440682599e-05;0.00018118673496210816;3.204168914047633e-05;4.5194003410786825e-05;1.5865749675818956e-05;8.406908748911637e-07;2.1189836419147942e-05;1.9968050993057023e-06;1.189917030894056e-06;9.544300140913044e-06;8.316174939237453e-07
17:30:57;445;2.290507608390416e-06;2.8893422599070665e-06;2.0352693203526374e-05;1.4710215843811108e-06;1.903619892344595e-06;2.2926757447679207e-06;2.273463638276367e-06;2.8669990431818735e-06;1.6974773433340509e-06;1.144165755755983e-06;2.5297572151830847e-06;3.408749159625948e-06;1.99871962269782e-06;1.9903206468799537e-06;3.909120755258238e-06;1.7239113023169e-06;2.9703140911161555e-06;3.234905065416765e-06;3.503291500698041e-06;3.854684706898815e-06;2.0421633720777405e-06;1.3185558096849973e-06;3.249963629635123e-06;3.902324282581169e-06;2.224800538632608e-06;2.447486669748459e-06;4.199705017526867e-06;7.65878061470953e-06;1.660001874688992e-05;0.00011747688957306832;2.4247282426596802e-05;3.080803700794198e-05;1.0885828610850354e-05;8.059257536309131e-07;2.3690529988040503e-05;2.14882744742262e-06;6.199670213774072e-07;8.113509565758472e-06;1.1767216860296339e-06
17:33:19;446;2.657455823719023e-06;3.334237843301719e-06;3.554461172991788e-05;2.3230217344082473e-06;3.861735016127713e-06;3.6262817724780856e-06;3.57814494316761e-06;2.2803494128127837e-06;1.441102864112183e-06;1.6947878182869338e-06;2.3136497976462453e-06;2.264417453222801e-06;3.0066236412874434e-06;2.5997049400478485e-06;2.8996496071313644e-06;2.5617409184771438e-06;4.907648434698187e-06;4.733059229900253e-06;4.877677173669637e-06;3.326793659388259e-06;1.701059288072567e-06;2.0143876168685316e-06;3.176113281531084e-06;2.8687428237136847e-06;3.237340227407245e-06;3.1231735923754486e-06;3.4831171885194127e-06;8.429396591443119e-06;1.681797089337189e-05;0.00026886637662285143;3.315291534220335e-05;4.20596488343155e-05;1.3329438688220137e-05;1.0792951879083291e-06;3.025277162281681e-05;1.8459154800635783e-06;1.108536977442182e-06;8.843585387074843e-06;7.494891313031719e-07
17:35:41;447;2.1361026202012825e-06;2.733718523629676e-06;2.1993479538428315e-05;1.6815295675472313e-06;1.9045016965500074e-06;2.488951564122937e-06;2.404577783433514e-06;1.4746949213288603e-06;2.7729480576771888e-06;1.1729495381438617e-06;3.4031442845164603e-06;1.7915877395776905e-06;1.5440616863477368e-06;2.1441386781617666e-06;2.8501450331155165e-06;1.9447913381313063e-06;2.8599655148424016e-06;3.5186908433710807e-06;3.713739796337536e-06;2.3630236294397775e-06;3.1156934719086777e-06;1.3454603927302627e-06;4.153322690192137e-06;2.2593314865901713e-06;1.7228619138026997e-06;2.5508795442298914e-06;3.2568606963615842e-06;8.05240198820808e-06;1.6558905013326642e-05;0.0001121923139738272;3.1771577052822184e-05;3.9547315319806824e-05;1.2118686280016204e-05;7.839774155556096e-07;2.9872837693256044e-05;2.3307319029423384e-06;1.1357842788651958e-06;9.090848469741287e-06;4.6637507277222484e-07
17:38:03;448;1.9831611782256626e-06;2.5938935910353048e-06;1.972161589228658e-05;1.2566696213734863e-06;2.611839326472808e-06;2.649354458160825e-06;3.2503822083963416e-06;1.855915114681104e-06;1.5220133911985168e-06;1.655742408230248e-06;1.628524923640901e-06;1.946317724846577e-06;9.321058536328828e-07;2.2109968598597747e-06;2.2780715056569534e-06;1.5633817868754565e-06;3.677764592379666e-06;3.623825466403807e-06;4.673649654469506e-06;2.779072534809253e-06;1.8314898484219801e-06;1.7225894834431345e-06;2.388205145991056e-06;2.4292659090170225e-06;1.1402359734658396e-06;2.7065006916133445e-06;2.59074133420562e-06;6.897312029317417e-06;1.3667634621299952e-05;0.00010971072262035516;2.7150678680732862e-05;3.38735724321226e-05;1.1812251166860593e-05;1.0123519527710018e-06;1.854565622992168e-05;2.8356256320728654e-06;1.024455210737548e-06;9.093773448127562e-06;1.0353566831196982e-06
17:40:24;449;1.9949219724227616e-06;2.56739788629959e-06;2.3544129914559376e-05;1.2969818039756185e-06;4.542949326623681e-06;2.25775530085767e-06;2.677918886559186e-06;2.7712725685156348e-06;1.2771293404641297e-06;9.331170490431165e-07;1.7368873594330643e-06;1.560331475500024e-06;9.454230610908806e-07;1.6439969661971334e-06;2.295299710782088e-06;1.5495262452612777e-06;5.40736516972796e-06;3.273781468250709e-06;4.0567286656438185e-06;3.504527004639109e-06;1.4955169881777462e-06;1.079746306159801e-06;2.531131995171183e-06;2.0989011686709356e-06;1.1648506064306322e-06;2.0548501928531068e-06;2.591847992104554e-06;7.662183457708328e-06;1.693174282694994e-05;0.00013621183753154137;3.2439964270368725e-05;3.797954358929984e-05;1.077179585435131e-05;7.258208373054705e-07;2.6382300010443262e-05;2.4714549571506346e-06;9.053147272315586e-07;9.213531143347859e-06;8.340697690142707e-07
17:42:46;450;2.2913546828817744e-06;2.868385996706924e-06;1.8369226732399562e-05;1.638076801071329e-06;2.2494031474645286e-06;2.031858248198081e-06;1.9184451457735205e-06;2.805174559548298e-06;1.4099346973172156e-06;3.808957163695872e-06;1.8674904220200068e-06;1.6948771863958065e-06;1.1625731747793628e-06;3.476076645273193e-06;3.4333880528950287e-06;1.8801679260245173e-06;3.2638982944102085e-06;2.939526483760922e-06;3.2350409082361775e-06;3.784164128267583e-06;1.6910746120330155e-06;3.7071183266527463e-06;2.7137939209924182e-06;2.1705768242813803e-06;1.326452152774943e-06;3.903871649665142e-06;3.804946100911055e-06;7.152363563264273e-06;2.674253133866867e-05;7.717353857237611e-05;2.9447745071932622e-05;3.2742862882160654e-05;8.534488054242646e-06;6.343664571468049e-07;2.4523517298871425e-05;2.468415315602778e-06;8.990821026101199e-07;9.151875015651793e-06;9.599351162667718e-07
17:45:08;451;2.3267377338759783e-06;2.9953270590156053e-06;2.6996590331690066e-05;1.433550806789247e-06;2.8081052802649125e-06;3.822534721561769e-06;2.4694317159204813e-06;3.907545972933494e-06;1.9842129581413492e-06;1.4300384784217035e-06;2.299212356504654e-06;1.6949608007233896e-06;1.7686567149026318e-06;1.9148787162783587e-06;2.3877233744943025e-06;1.730455230382994e-06;3.936515460874851e-06;4.767179838888262e-06;3.780554894961548e-06;5.035007156545328e-06;2.4949223394529164e-06;1.6788674101226668e-06;3.0540232711257574e-06;2.2482904295763628e-06;2.0275802541296405e-06;2.350681147387909e-06;2.8398463638052506e-06;7.355675830750311e-06;1.5022118857927033e-05;0.00017788495230630722;3.175990530015503e-05;4.141333081619968e-05;9.967568244260533e-06;7.7674396557266e-07;2.4847841618781395e-05;2.7251842330240126e-06;1.5122899828072986e-06;1.0192068686243406e-05;5.014041382522379e-07
17:47:29;452;2.6577212647215345e-06;3.283886564554738e-06;2.652142901591674e-05;1.7016598018347973e-06;3.3448300633474237e-06;2.1486193231884894e-06;2.1948722527556894e-06;3.4199935266795736e-06;1.6145158987512787e-06;2.348566264939481e-06;2.356163135950531e-06;1.6398557320132765e-06;2.916096132727313e-06;4.090903171287281e-06;4.116578967645006e-06;2.0133129985108005e-06;4.459182926300947e-06;3.1885916466964337e-06;3.481640821024208e-06;4.369319050297984e-06;1.963625924320154e-06;2.350040012625189e-06;3.1726008043583935e-06;2.1749779986599098e-06;3.1764280458469616e-06;4.676607100987848e-06;4.380310503873698e-06;8.257631263477752e-06;1.6375979469513523e-05;0.00017718302070660342;3.690003472692635e-05;3.057665067582122e-05;1.1302625273226516e-05;8.081026669664786e-07;2.3536740396853137e-05;2.5761422683591164e-06;1.209743805406804e-06;8.895958387352674e-06;6.345185504938204e-07
17:49:51;453;2.437665142710185e-06;3.064455837329085e-06;2.633242825174259e-05;1.325448326205958e-06;3.211237180490333e-06;2.6775921546247488e-06;3.0221408317291063e-06;2.6547469003707587e-06;2.780150251427668e-06;1.6389068896348713e-06;2.466785306768057e-06;2.541794506266177e-06;1.5479538217697744e-06;3.6521296182004646e-06;1.733095006738562e-06;1.6481609341559605e-06;4.2276141604954225e-06;3.649224631369145e-06;4.45236443876546e-06;3.5208602875621792e-06;3.2318087669754956e-06;1.7858690386985265e-06;3.36202653002895e-06;3.030912371804898e-06;1.6806380682294418e-06;4.113424090145243e-06;2.070565488517061e-06;7.258201872942574e-06;1.9721456764827695e-05;0.0001643464062428536;3.398129399020545e-05;3.682093071170966e-05;1.2011662740478827e-05;1.307133053869531e-06;2.7572124830670753e-05;1.9164866220390158e-06;1.3076004885363237e-06;8.700978768534188e-06;1.0448629342435363e-06
17:52:13;454;3.1303696649780992e-06;3.7435625967467602e-06;1.8804418143360613e-05;1.5085625461546732e-06;3.2403582548503418e-06;2.614777288911796e-06;2.9423523956689284e-06;7.5340499731427455e-06;1.527218721183746e-06;6.221652782301135e-06;3.272836838067147e-06;2.122623659304359e-06;2.2763627370959614e-06;2.1161129104350285e-06;2.1875268370052936e-06;1.8257193736460494e-06;4.40035960079363e-06;3.60261456771235e-06;4.218659160535855e-06;8.742573984968256e-06;1.954501819506697e-06;5.8740390239661425e-06;3.995809406718118e-06;2.594824473972845e-06;2.560551738324763e-06;2.5995783444965196e-06;2.5535184834011544e-06;7.5381974684939e-06;2.4121731356747842e-05;8.639731626961101e-05;3.388791352110067e-05;3.3637647069735565e-05;7.89315212919467e-06;7.077350677382652e-07;1.975369216126311e-05;2.2609154709233924e-06;3.941838013214376e-07;7.870462099513174e-06;1.1900713046842598e-06
17:54:34;455;2.3231866776995957e-06;2.9688060121885958e-06;1.8733168549641063e-05;1.3699331233044374e-06;2.4302060614383496e-06;4.216950102240637e-06;2.539389938569705e-06;3.97685417364745e-06;2.582001166852941e-06;1.1361412878779282e-06;2.4512959883341265e-06;2.1321915434862664e-06;1.4368528434131762e-06;1.8351386257881523e-06;1.7712843869623705e-06;1.7118234240967203e-06;3.45359784130525e-06;5.268875827224994e-06;3.8056459542059214e-06;4.881191265483238e-06;2.9921027117791398e-06;1.3534839665018947e-06;3.2803235010564833e-06;2.69899412096838e-06;1.7080592500216097e-06;2.339567883402335e-06;2.1320052072249245e-06;6.933117059429006e-06;1.2483338581718322e-05;7.787989268198799e-05;3.587405762058233e-05;3.547005092144798e-05;1.1815435078085561e-05;1.3893638600999585e-06;3.012802493662195e-05;2.2584790233493828e-06;7.571502719410695e-07;9.118468373462176e-06;6.9064418696699e-07
17:56:56;456;1.916621342119966e-06;2.540249086658012e-06;2.899642371366523e-05;1.5998121344037743e-06;2.4011443555077054e-06;2.555339775414919e-06;2.0137633115782902e-06;2.0895263760064866e-06;1.3536104892317915e-06;1.8092024560510047e-06;1.917311221788509e-06;1.7461119748480252e-06;1.262259841942766e-06;2.2900518721739744e-06;1.9613216302777854e-06;1.9360230911083416e-06;3.4827579309168433e-06;3.624262196549525e-06;3.336627768004303e-06;2.92459645618381e-06;1.696835492503287e-06;1.8590958447182144e-06;2.736697478546456e-06;2.2744544464871923e-06;1.5104932165027267e-06;2.786150688838392e-06;2.3149935222009627e-06;7.457403412962595e-06;1.7704503052698657e-05;0.00020283806696876343;2.877784718945465e-05;3.7890638770081674e-05;1.5308664131053818e-05;9.84073098526945e-07;2.4897596121286857e-05;2.184720707552582e-06;1.0778476340805182e-06;8.19730295040504e-06;6.384205271159274e-07
17:59:18;457;3.013266592042576e-06;3.680404196403069e-06;3.4676818031379314e-05;1.9872520256440525e-06;2.595927691473321e-06;7.766376115628502e-06;3.0034485681537406e-06;3.5884081141675366e-06;1.9548529600722406e-06;1.0257122382562045e-06;3.1574444263200845e-06;1.871480222913714e-06;3.53880609502901e-06;1.669278906778583e-06;4.000210817781377e-06;2.41353336461336e-06;3.6974201400051794e-06;8.62551027976339e-06;4.391765860188421e-06;4.7497311801566e-06;2.2826013503307177e-06;1.1815592242898294e-06;4.019910403269622e-06;2.4296071335846115e-06;3.6606719346263495e-06;2.15729185244147e-06;4.555246547066487e-06;8.341077656092055e-06;9.933162288179973e-06;0.0002697490717903534;3.108436905374388e-05;3.8082674518604185e-05;1.6704461344880194e-05;6.231966433768482e-07;2.9150447019730236e-05;2.1148638103394943e-06;1.3921538297910234e-06;8.450255042127891e-06;4.960833793325235e-07
18:01:39;458;2.085308063761524e-06;2.7072722482041138e-06;2.7533051582612092e-05;1.1929222389704044e-06;2.0419881911431563e-06;2.992814213181367e-06;2.2282686969920076e-06;1.9316055609957576e-06;1.3974498633021168e-06;2.35606576543484e-06;1.9095731617372023e-06;2.3686125528014785e-06;1.1452925966795844e-06;1.7212346956215057e-06;3.7378683708637213e-06;1.5153053126757382e-06;3.081618232603363e-06;3.99004573444449e-06;3.6567275884995586e-06;2.8534571980989184e-06;1.751906270213492e-06;2.3298540180446795e-06;2.680704595529934e-06;2.8622322274771515e-06;1.3399451499417756e-06;2.2617929548514555e-06;4.16367674340189e-06;7.034414580827928e-06;1.4494245993748523e-05;0.00018079717418230965;5.017383923513036e-05;3.1551847983116644e-05;1.0838613273589322e-05;5.708468804488442e-07;2.195808238604612e-05;2.648118264992249e-06;7.436126634276313e-07;8.888004378815861e-06;6.978191688918969e-07
18:04:01;459;2.673880411792466e-06;3.284477563422023e-06;2.3932826243282096e-05;1.8007687731272624e-06;3.304186314294229e-06;4.891781248355704e-06;3.58337172023937e-06;2.8660425581896542e-06;1.721904100678144e-06;2.457875276155748e-06;2.1397653515720094e-06;2.1526033128922832e-06;1.4220918653571537e-06;2.417614059976617e-06;3.328559440034114e-06;2.06801147485265e-06;4.416179656719935e-06;5.673433153350732e-06;4.879396343151516e-06;3.944381481958288e-06;2.111728243027203e-06;2.3887634872348997e-06;2.99812945683433e-06;2.6451739143029254e-06;1.6655555139297138e-06;2.8350292610941576e-06;3.7879474031705042e-06;6.745072544569072e-06;2.0140928571451017e-05;0.00014413500094686183;2.5676187409903652e-05;3.76674611296615e-05;1.6138513179477283e-05;7.416164069153954e-07;2.2076031973800574e-05;1.8159224228361101e-06;9.36622453880443e-07;1.049112904641515e-05;6.294288336131392e-07
18:06:23;460;2.0794751304332624e-06;2.7051936556261673e-06;1.838867657365271e-05;1.2200399491487959e-06;2.055944209544691e-06;2.6668246105158873e-06;2.1587849742972636e-06;2.335514179143481e-06;1.686599191863536e-06;1.4346988816365587e-06;1.7343917997953378e-06;2.631189204617034e-06;1.214828817662873e-06;1.6200560239987283e-06;4.194828831445689e-06;1.5249554572803873e-06;3.050311309529713e-06;3.786475794692671e-06;3.554724021859893e-06;3.202031140534916e-06;2.0298021691135695e-06;1.4946154263708205e-06;2.5198600056521886e-06;3.073713703341565e-06;1.4235670882550914e-06;2.114634634081891e-06;4.687632096497912e-06;7.449522709983555e-06;2.8896993693176133e-05;6.23096551159466e-05;3.3790823551229335e-05;3.7436446026097396e-05;1.2141340790728437e-05;1.148137661160735e-06;2.4994626885759382e-05;1.9509181913367535e-06;6.854183204720555e-07;8.871918428037764e-06;9.883175099044171e-07
18:08:45;461;1.9893930273634e-06;2.623369781862424e-06;2.589112765655033e-05;1.5942567108886216e-06;2.0336277762373296e-06;2.366607816061229e-06;2.8716374278885e-06;2.1872711330220538e-06;1.7435533988706775e-06;1.801411969007657e-06;1.818841970288335e-06;1.6437491481078517e-06;2.3715544188653648e-06;1.944805774685547e-06;1.4953981006209978e-06;1.890709776218984e-06;3.0520117998324317e-06;3.347829697649783e-06;4.264089549123346e-06;3.1205399230927896e-06;2.1161175407288757e-06;2.0228098033160826e-06;2.6273780502125666e-06;2.164177274181971e-06;2.6440491226338374e-06;2.397723098706765e-06;1.8330007839112218e-06;7.228228914557239e-06;2.070458324517213e-05;0.00015889167930597023;2.6944603614996428e-05;4.318656529976641e-05;1.1510197222414557e-05;8.809582308867084e-07;2.7377488816367048e-05;2.270658431143707e-06;1.5262824890980648e-06;9.20092294170655e-06;9.713633665249233e-07
18:11:06;462;2.3031013642467584e-06;2.920391574362735e-06;3.0747174239692785e-05;1.2674752866653256e-06;1.7928900697809653e-06;2.7570273211097174e-06;2.300220725327439e-06;4.384376931651249e-06;1.4025826186138024e-06;2.7184640463544114e-06;2.4076035910783586e-06;1.7725103255049712e-06;1.3845430516826438e-06;1.3386135463119588e-06;4.1109079744346255e-06;1.5967909400353188e-06;2.8904467203401625e-06;3.6888462471071326e-06;3.6868512416973155e-06;5.471974389687994e-06;1.6670048851181813e-06;2.7256206260085778e-06;3.136790348458195e-06;2.3144993586160865e-06;1.5501782623007934e-06;1.8039629134064749e-06;4.511732194708812e-06;7.0391440593167775e-06;2.1706625212487026e-05;0.000202408000148328;4.530245513960282e-05;3.5181281979078265e-05;1.4482055053233668e-05;7.409916275147683e-07;2.9011621233917994e-05;2.5103508440958804e-06;1.198110765308539e-06;8.491429447490573e-06;8.94025365939045e-07
18:13:28;463;2.060724165208295e-06;2.6698993581162596e-06;2.116056686592285e-05;1.2276896559561898e-06;1.781100777652579e-06;2.5859531904098336e-06;3.6154933492324206e-06;1.8083359398185002e-06;8.554950174932685e-07;1.3209244031516092e-06;2.044014030841171e-06;1.4818001971309256e-06;9.226603988307406e-07;1.867746631618998e-06;5.217475552851428e-06;1.5054564844923575e-06;2.8667784461135797e-06;3.581990952199381e-06;4.886062096018209e-06;2.7751149161039265e-06;1.1394657595310145e-06;1.5411946549912626e-06;2.803484667771344e-06;2.07138794371243e-06;1.099662416822003e-06;2.3253504909744267e-06;5.442842344748471e-06;6.969892532662819e-06;2.5159896786776414e-05;0.00010275910300072161;3.713478320771876e-05;3.670294784571586e-05;1.0916383346552261e-05;1.6614389945000746e-06;2.088471503782072e-05;1.933525903667384e-06;8.834077993243487e-07;8.188608773569158e-06;7.320991620448105e-07
18:15:50;464;2.0233717562040905e-06;2.614182204536208e-06;2.3817743306842935e-05;1.0944315730848138e-06;3.04082173517951e-06;3.1515886685827934e-06;2.440376902254374e-06;1.6674811581619442e-06;1.1985877269279657e-06;2.6569342800219045e-06;2.6451557078840695e-06;1.8077680277173158e-06;1.1998548253541488e-06;1.9077401697971523e-06;1.4697194226895052e-06;1.3416026399969683e-06;4.122403036294427e-06;4.099310876593831e-06;3.7579885699841136e-06;2.4586632436314428e-06;1.4212315238493622e-06;2.7417970872929915e-06;3.466212843658802e-06;2.3208610581939037e-06;1.3967029064898972e-06;2.4716365127851878e-06;1.771775058369724e-06;7.274747379106104e-06;2.5547794666598185e-05;0.00013011874860576768;4.627234619619032e-05;3.2103264846679466e-05;1.053049990526548e-05;1.1325587509890512e-06;1.9756599144052163e-05;2.227486910003615e-06;1.164982565817494e-06;8.637538753120416e-06;1.0463519585252016e-06
18:18:11;465;2.129097551676037e-06;2.7533111693352295e-06;2.4838938301958956e-05;1.6535481926735232e-06;1.777077653031256e-06;3.814259735209062e-06;2.264630428234165e-06;2.198107592267139e-06;1.6569160653613257e-06;8.496106775688552e-07;1.8884480505415075e-06;4.623662578140397e-06;1.3463117440276113e-06;1.7537750412314908e-06;1.7228219985166893e-06;1.971831510718978e-06;2.8762835032881135e-06;4.696723661691987e-06;3.6587814290065072e-06;3.0602011031101315e-06;1.9940820870539903e-06;1.128134347053202e-06;2.588511552524243e-06;5.146155519722452e-06;1.5916566524860563e-06;2.2297023035000302e-06;2.0976695027399463e-06;7.684796311108126e-06;1.6538209252109214e-05;0.00015518949202543826;3.128376341428651e-05;3.9068234714722646e-05;1.0616701108590063e-05;9.461139718638895e-07;2.3628152330751445e-05;2.283032507192656e-06;9.353354416405815e-07;9.121488571429598e-06;7.719399743745439e-07
18:20:33;466;1.999404423358442e-06;2.5985869751245527e-06;2.6204264202541096e-05;1.7883881272854039e-06;2.2439016138520174e-06;1.949246664361743e-06;3.806198296339083e-06;1.7085267049213568e-06;1.2647144466238946e-06;8.358396950327383e-07;1.4341657009450417e-06;2.0000932444797956e-06;1.2533907509457911e-06;3.963961802840159e-06;1.74442525572002e-06;2.1361654417784007e-06;3.3024677197571217e-06;3.0163615214912136e-06;5.10915843514789e-06;2.5771623423000314e-06;1.546316568663637e-06;9.96828800994023e-07;2.196824110325008e-06;2.5401620946410466e-06;1.4750111292034744e-06;4.256824695403338e-06;2.0297601064226863e-06;7.789894845548078e-06;2.016994892454511e-05;0.00016620788913962936;3.3108566776551644e-05;3.795863640159767e-05;1.2198994043066777e-05;1.159864280089342e-06;2.217558727718221e-05;2.319717468103127e-06;8.510783766967578e-07;9.707206365639431e-06;8.03786531843669e-07
18:22:55;467;2.5434593605408198e-06;3.173281336647143e-06;2.3049148565734316e-05;1.3910740679760765e-06;1.8530015264417443e-06;4.122071665981573e-06;2.1069589518741725e-06;3.258197203431285e-06;4.803521651229982e-06;1.61553116815518e-06;2.285982449637655e-06;2.078963340469319e-06;2.8401994613150547e-06;2.2635129118113313e-06;1.9024970403917636e-06;1.6673359253598138e-06;2.884286882535774e-06;5.188338894220555e-06;3.465536242919934e-06;4.331988104896954e-06;5.053584866604806e-06;1.7706841223530953e-06;3.1624803358670163e-06;2.628809992057552e-06;3.0039494918761376e-06;2.6380665456346397e-06;2.284313759043436e-06;7.981342208595603e-06;1.865056695156216e-05;0.00012064645882692097;3.5687112167747705e-05;3.871266771911014e-05;1.197543441572034e-05;8.097561029091813e-07;2.924251466037302e-05;2.4641996519572948e-06;1.3890164850043285e-06;8.637407491970919e-06;3.9330610694001607e-07
18:25:16;468;2.245627905527282e-06;2.871444175519783e-06;1.8992840312564785e-05;1.1604000653293993e-06;3.9529603948939105e-06;2.093742499456849e-06;2.158535042666317e-06;2.016090232295007e-06;1.0393470165323295e-06;1.3292538892221857e-06;2.3304415764419613e-06;1.5414707204412665e-06;1.02480260851094e-06;3.922499630316555e-06;4.377990297399492e-06;1.4834571906064838e-06;5.058683165794097e-06;3.105096406607463e-06;3.5264384689670105e-06;2.9626758250627443e-06;1.3193917209408235e-06;1.4587837189468748e-06;3.1038819994896986e-06;2.138427398273927e-06;1.243008688406111e-06;4.47447119261631e-06;4.5830133987255054e-06;7.178384591191326e-06;1.1206210068461052e-05;9.381563968811293e-05;3.6027428036252634e-05;3.6201413777395087e-05;1.0162183092380145e-05;5.874542949833253e-07;2.1121335581897153e-05;2.142746652767766e-06;8.030988767369337e-07;7.956605195177282e-06;7.115838954217722e-07
18:27:38;469;2.838783766763568e-06;3.410737091846524e-06;2.4169563504188195e-05;1.2918598235600598e-06;2.5908727551250297e-06;3.5828177225027957e-06;2.5415181235514823e-06;1.6688877018111725e-06;1.252581930339341e-06;4.180322887524891e-06;2.0000474456403272e-06;4.548597061509502e-06;2.226425744534698e-06;3.093041708333224e-06;5.088431356431949e-06;1.5923472532553137e-06;3.601475172321374e-06;4.58003228807603e-06;3.897153822470477e-06;2.499316456613064e-06;1.5792015888052182e-06;4.199657260420581e-06;2.7142590800429367e-06;4.9540589247090456e-06;2.412760990628618e-06;3.5461182218154413e-06;5.352463447223594e-06;7.212172107206156e-06;1.902537776739377e-05;0.00014555598020352234;3.8948221199016264e-05;3.5202863850847096e-05;1.0613553672564466e-05;1.0437343878443906e-06;1.9323724301288964e-05;2.725817197873862e-06;1.3954360930058983e-06;8.451289621173817e-06;5.365916485214065e-07
18:30:00;470;2.229705428453082e-06;2.8151159854075294e-06;1.8760646195619834e-05;1.1063254106763958e-06;2.1641057876629266e-06;2.27792429266768e-06;2.11641731275656e-06;2.068978263057953e-06;1.4797642770923083e-06;2.9139465486206393e-06;2.228526032639748e-06;1.6642447274829342e-06;1.1739462656120994e-06;2.1831231332602e-06;5.379162197853433e-06;1.3922298575656712e-06;3.1987042520880475e-06;3.3089813596349433e-06;3.427400324193214e-06;3.048095273882183e-06;1.819346974553821e-06;2.8916155735737734e-06;3.001905363678908e-06;2.2663765663839765e-06;1.3038870502907828e-06;2.5740970889999034e-06;5.548750956406849e-06;7.1208397177877005e-06;1.4651262734499717e-05;9.613964796192973e-05;3.069225478493977e-05;3.221138580566357e-05;1.0627734730482448e-05;8.738530389851253e-07;2.1002197032247177e-05;2.1262458194706144e-06;6.089994973008588e-07;8.299233471031063e-06;7.740997531003178e-07
18:32:21;471;2.0280402708294787e-06;2.6522756043856202e-06;1.8042344097137727e-05;1.7247849708468266e-06;3.082285170369852e-06;2.5069230988479645e-06;2.1138174833946652e-06;1.4303185859144596e-06;1.6876787688569939e-06;2.5873601855766735e-06;1.6593872864880475e-06;1.2916630947853749e-06;2.030210972024029e-06;1.3961849383292702e-06;2.8258679046059982e-06;2.0448684208646757e-06;4.145253690613929e-06;3.6789429722824635e-06;3.4306729825794155e-06;2.295733145706148e-06;2.0197450860709807e-06;2.6629722449659406e-06;2.5074373254512146e-06;1.8326084448779488e-06;2.175817606177036e-06;1.8454568930792448e-06;3.1877975239879134e-06;7.532131402964922e-06;3.08100637585851e-05;6.130421918568168e-05;3.6300086324690006e-05;3.444381241276907e-05;1.015082475158151e-05;7.674799782280423e-07;2.1742007899333432e-05;2.716646287664132e-06;1.0181529054988365e-06;8.223462122862286e-06;1.499242135793729e-06
18:34:43;472;2.162942001181601e-06;2.777069090670115e-06;1.616053286335753e-05;1.6390609705848904e-06;3.5114089691681083e-06;1.9603232288354566e-06;2.63213605981734e-06;2.3604223408181144e-06;1.166612840997061e-06;3.0632712812400147e-06;2.6439050988939656e-06;1.5988072590289448e-06;1.103725127455329e-06;1.6177052252915174e-06;2.6579247596394206e-06;1.9720583634496716e-06;4.674016534846498e-06;2.953900306399387e-06;4.065919529814811e-06;3.2423005539477588e-06;1.4583758364764595e-06;3.0332660347234704e-06;3.50920334001992e-06;2.0735990980213074e-06;1.2554650076789228e-06;2.1059543547679925e-06;2.9807694652016476e-06;7.171375205538493e-06;2.252401636877548e-05;4.5015413698038915e-05;4.4684583222616605e-05;3.350192673019399e-05;5.76345530801851e-06;9.544672165868575e-07;2.1118172671574633e-05;2.934463794673903e-06;4.964601031121275e-07;8.966648204884808e-06;7.954118362759999e-07
18:37:05;473;2.3197485516329213e-06;2.8877850380450595e-06;2.1489077946485133e-05;1.2901189720567046e-06;2.545038406121979e-06;3.1330034875119073e-06;2.620501459302008e-06;1.9605859893154976e-06;1.082067167989077e-06;4.227677865807002e-06;1.6969395390279116e-06;2.640285482933471e-06;1.3162967608822256e-06;2.7577377968283785e-06;2.566728788460699e-06;1.5792491480388441e-06;3.591994461398999e-06;3.9209787931362875e-06;3.9820666942536195e-06;2.823320355788912e-06;1.3974933207049892e-06;4.173117728689387e-06;2.4846952521352536e-06;3.1914713875416563e-06;1.4979849617725737e-06;3.072313908968324e-06;2.9387334403578232e-06;7.086848728651079e-06;1.9267966674319924e-05;9.779087389927179e-05;3.59558651090071e-05;4.78543983913685e-05;8.982217105545462e-06;6.096596381446561e-07;2.737475024399288e-05;2.4127631704273904e-06;1.2000516075331952e-06;8.541107763671288e-06;7.924330258883036e-07
18:39:26;474;1.6774617410675319e-06;2.2889739595277342e-06;2.2030978615756127e-05;1.57748218221343e-06;2.3731402167018443e-06;3.1143605520740762e-06;1.9510426630246642e-06;1.8287831247737978e-06;1.1769456498682147e-06;9.659289164076768e-07;1.418493858454636e-06;1.5760221287211804e-06;1.2106529789173754e-06;1.7747848545952976e-06;1.1619033178821392e-06;1.8896445413425865e-06;3.3906221716866247e-06;4.138571578355195e-06;3.2640020602724967e-06;2.668002393213239e-06;1.492807227143341e-06;1.1148356327771292e-06;2.2181118354154343e-06;2.091285134870132e-06;1.3843248749955958e-06;2.3289550990969623e-06;1.4865239088838372e-06;6.579516405512285e-06;2.0667395801530775e-05;9.778183138251027e-05;4.236193348519526e-05;4.3619628867723904e-05;1.0571267715380612e-05;1.0759534187987436e-06;2.8751780661561216e-05;2.2793099933766587e-06;1.1046274415256626e-06;8.473307262385111e-06;1.105190953573021e-06
18:41:48;475;1.8007158703945627e-06;2.4597180020498833e-06;2.2765952693202193e-05;1.1415720349622853e-06;3.187794954552136e-06;2.955923646297265e-06;2.122674599001264e-06;2.0237761737944155e-06;1.6973096982846931e-06;7.212890211569991e-07;2.1325095423660203e-06;1.5304374326225394e-06;9.961956180375027e-07;1.932871780206049e-06;1.166235410465788e-06;1.4591197829954754e-06;4.276440944798921e-06;4.017765259280317e-06;3.4868865936281325e-06;2.963816256586925e-06;2.0781935450607226e-06;9.589248250023634e-07;3.042660815665414e-06;2.0982845686790547e-06;1.239736065996757e-06;2.3683011825516036e-06;1.5264854324367994e-06;6.4085523755316644e-06;1.523925615803029e-05;0.00013524735815967538;2.8073726867774273e-05;3.5885709756538826e-05;9.479643653424545e-06;1.0521533638604048e-06;2.8163998989193005e-05;2.5282877860636117e-06;1.1743192889771688e-06;9.03080507143107e-06;9.076208479260952e-07
18:44:10;476;2.399806728448084e-06;2.9830910022345833e-06;3.569040452374739e-05;1.1357210113774583e-06;2.6488499829921155e-06;2.959911659287813e-06;4.217440740719977e-06;2.0485515443172373e-06;1.9755397238085948e-06;1.806104076316408e-06;1.893465111086295e-06;1.7774422541482304e-06;3.5090270246678816e-06;3.0840903380215745e-06;1.7415363251706915e-06;1.3737466701968515e-06;3.777646923803723e-06;3.955444834543955e-06;5.4467955728393424e-06;3.060651471359155e-06;2.261017816405761e-06;1.9025355976437718e-06;2.677616930092962e-06;2.319627012034692e-06;3.536059411884178e-06;3.46874740104415e-06;2.0172014078352847e-06;7.0378486842998105e-06;1.8326244453388528e-05;0.00024328828994646796;6.92490954245124e-05;4.009439699733603e-05;1.2997548118702142e-05;8.307122272235404e-07;2.3962873919295222e-05;2.345077192531224e-06;8.288581722221387e-07;8.539915078305874e-06;7.839940706838697e-07
18:46:32;477;2.4609454211021e-06;3.100975986911445e-06;1.682970749998497e-05;1.9605511992860545e-06;4.771984963140725e-06;2.95998323742517e-06;2.094321379754082e-06;1.911434471873525e-06;1.964550191453766e-06;2.213059770025697e-06;3.1504613513533286e-06;1.5354986299827416e-06;1.8488568795534248e-06;3.090962360084084e-06;2.029679768902135e-06;2.2080556604284735e-06;5.927785043494151e-06;4.166138970055117e-06;3.444168013157662e-06;2.824983520832011e-06;2.2715257512262024e-06;2.259437801771865e-06;3.960333892388883e-06;2.0912159801740974e-06;2.0241789504521137e-06;3.601259593295576e-06;2.4326278274006483e-06;6.706331762932662e-06;1.6132435677097088e-05;6.662300997979867e-05;2.9783919903986294e-05;3.35256931263502e-05;1.0230555054397403e-05;1.721457852188396e-06;2.378776019631391e-05;2.3830341505994476e-06;6.884579900938323e-07;9.383303145654336e-06;9.905311604073325e-07
18:48:53;478;3.5665423561552374e-06;4.1946472253895785e-06;2.1781902962560338e-05;1.7342265997396824e-06;2.291891999174244e-06;3.7211843702584186e-06;2.789156142733098e-06;2.7251997335947014e-06;1.8021722482815377e-06;3.0761090316582855e-06;1.8061344315095147e-06;1.235711546921824e-05;4.545513084637647e-06;2.2388338249160453e-06;3.710970251091794e-06;2.0421932285438444e-06;3.3337355489493348e-06;4.6612844753441625e-06;4.402374094142136e-06;3.5865690635914744e-06;2.091459564297433e-06;2.9844879875355807e-06;2.5567905186683593e-06;1.2858211465743207e-05;4.827694424478333e-06;2.7793656439411557e-06;4.211599084152988e-06;6.64517385886903e-06;2.098876847960721e-05;0.00011451753252337812;3.160562915649965e-05;3.639619052289514e-05;1.34304153523217e-05;1.1556963598015835e-06;2.3038753183205876e-05;2.258496715493697e-06;1.7297258580179407e-06;8.961013201100089e-06;6.554403395339896e-07
18:51:15;479;1.8900137220935098e-06;2.52015933590054e-06;2.7959514748764237e-05;1.5029078032181464e-06;3.0105256684332846e-06;3.5835601371174293e-06;2.560022032098304e-06;1.7475915286204533e-06;1.542314755222727e-06;1.0869086765972404e-06;2.1500018311955542e-06;1.812292212865042e-06;1.0312047109752662e-06;1.4694007324032234e-06;1.1834339352519279e-06;1.81576899793279e-06;3.99893794761001e-06;4.516443693860253e-06;3.8969289124895424e-06;2.6578881033856305e-06;1.7866828551333024e-06;1.393410774555746e-06;3.0698182814099893e-06;2.3783544016807837e-06;1.284841072061635e-06;1.9100743078455754e-06;1.5327620316602867e-06;7.125665651013097e-06;1.97376235083204e-05;0.00017118275527316248;4.90382686850167e-05;4.008872263644148e-05;1.2802083603335847e-05;1.1245372832822024e-06;2.0856592858884803e-05;1.9896966899596256e-06;1.4436387777799469e-06;8.777008971874012e-06;1.3475830461001379e-06
18:53:37;480;2.2871613548535277e-06;2.923381025884507e-06;2.54993960953658e-05;1.5480719808280696e-06;2.960560088476944e-06;2.849614398024094e-06;2.039991480790542e-06;2.154432038023205e-06;1.6464429693547282e-06;1.7039074749935035e-06;2.0839806983923896e-06;3.440840256597643e-06;1.597678560116833e-06;2.257733530635681e-06;3.162681916276969e-06;1.8156239874931285e-06;4.097359526929699e-06;3.884200548528969e-06;3.314984279382724e-06;2.9944530734621965e-06;2.0404488205839916e-06;2.0408350932012594e-06;2.7825380219020433e-06;4.104716294299394e-06;1.7954345671972112e-06;2.657868508955473e-06;3.552108729550876e-06;6.567944661798756e-06;1.823820154019539e-05;0.00016025867460285213;3.288967745915415e-05;4.152652512567473e-05;1.1584125605677956e-05;1.0279046602906343e-06;2.1673181845044635e-05;2.201561655555084e-06;1.026117712812402e-06;8.233339663943775e-06;7.654986113899606e-07
18:55:58;481;1.8025825021730022e-06;2.4390829372650035e-06;1.9456371854773286e-05;2.7253067915531593e-06;2.3611640032263703e-06;2.086174622303619e-06;2.7921876683091216e-06;1.6754508777532868e-06;1.2248299210426694e-06;8.566291776126242e-07;2.246658735413379e-06;1.7738076729465682e-06;1.0030094984065323e-06;1.5602448770544377e-06;1.3255256697516673e-06;2.941550119545884e-06;3.4791566456159313e-06;3.0885199245133236e-06;4.138715857025781e-06;2.632131584712486e-06;1.5935833357040873e-06;1.0372997840482939e-06;3.1080697261108694e-06;2.2951480585544245e-06;1.2393172710289946e-06;2.0537534026838723e-06;1.6617486526056497e-06;7.5336306141250505e-06;1.7246613167372207e-05;9.471026840983554e-05;3.199388684723913e-05;3.178104011118536e-05;1.23054156331516e-05;7.589495407579603e-07;2.5367415602445917e-05;2.0145023179332954e-06;5.631475858299342e-07;8.342917290443304e-06;8.586751369601913e-07
18:58:20;482;1.7555802008088635e-06;2.3426678039925983e-06;1.997304356395939e-05;1.613844881731552e-06;2.2267619333084876e-06;2.1791363120436036e-06;2.112119616497084e-06;1.3105950580955488e-06;1.5351826265169228e-06;2.393799980944648e-06;1.5001129025839852e-06;1.3005115966761722e-06;1.0576413284562653e-06;2.7577906673444246e-06;1.0794650469653726e-06;1.8805080655303893e-06;3.307828341970475e-06;3.202014237172943e-06;3.4803863918223445e-06;2.1235928906656837e-06;1.7446802383899552e-06;2.280833882650768e-06;2.3884976104178533e-06;1.8742255366029169e-06;1.1958995812648614e-06;3.2217449648968898e-06;1.4118012395153494e-06;6.600811928346762e-06;1.796782855376774e-05;0.00010598446619006936;2.9904802682633807e-05;3.3730130294345385e-05;8.883672947459385e-06;5.867259665740006e-07;2.3878037002544228e-05;2.025253698387839e-06;6.619690755896944e-07;8.703556052001039e-06;7.492683757934768e-07
19:00:42;483;1.7526347857454994e-06;2.422306400874248e-06;2.0135796282108304e-05;1.0805321169532982e-06;2.574614642208479e-06;2.3105382665730447e-06;2.227456442485928e-06;2.1994845603824262e-06;1.731206272801635e-06;9.082523242589311e-07;1.6379744171921764e-06;2.040229920846121e-06;1.35725683290324e-06;1.857195647290346e-06;1.1068755055147634e-06;1.3542408560515238e-06;3.668228595116385e-06;3.2881728950801346e-06;3.612715335282102e-06;3.325545790924284e-06;2.153700110359094e-06;1.127014806564758e-06;2.4107516923368743e-06;2.7034913434558974e-06;1.6049949261839714e-06;2.342664045131584e-06;1.476155528254384e-06;7.004001799839277e-06;1.8929961545522334e-05;0.00010356218295371465;2.7585728224553136e-05;4.0676498597088484e-05;8.223468378906492e-06;8.41844854974102e-07;2.1627679952284345e-05;2.1189717840591514e-06;1.472657881202506e-06;8.912731109839966e-06;6.738283033153131e-07
19:03:03;484;1.964550379182387e-06;2.580109965699965e-06;2.163442978779577e-05;1.1213997256443908e-06;4.0796365290418635e-06;2.3271137952398457e-06;2.55116899549147e-06;1.4915041512963967e-06;1.3040525663754465e-06;1.7054287614438512e-06;1.773077568565575e-06;1.8083975847298979e-06;1.053000299238766e-06;2.4261145228556624e-06;1.933709268668467e-06;1.4347465215779048e-06;4.968051630212473e-06;3.379288494826038e-06;4.05459678703768e-06;2.3148849879673226e-06;1.612859423288153e-06;1.799028586614026e-06;2.599071977565012e-06;2.315229859867699e-06;1.2765634571362079e-06;2.883662550399854e-06;2.3233342750544682e-06;6.978680728875703e-06;2.1261541785735787e-05;0.00011879063431027249;2.8335176506882294e-05;4.1193733295851893e-05;1.1500630804967104e-05;6.713635209494846e-07;1.787117297572914e-05;1.8998883965556363e-06;1.0482915317180195e-06;9.367255053831642e-06;6.947885421800502e-07
19:05:25;485;1.7581277789573009e-06;2.413713086234911e-06;1.8927851728007174e-05;1.382872845325587e-06;2.5328487909865256e-06;1.7279930565227242e-06;2.6443111714836607e-06;1.601766283165773e-06;1.1943892378564092e-06;9.147796708413641e-07;2.8282494258488358e-06;1.3739891232040173e-06;8.453525539373821e-07;2.641815054069887e-06;1.409165666336905e-06;1.6721266548831663e-06;3.6968636961802665e-06;2.8040383802340043e-06;3.984093462902452e-06;2.4661500982445065e-06;1.4346831519589292e-06;1.3212498884116295e-06;3.6811115443947815e-06;1.9719642638467373e-06;1.0362530592598737e-06;3.1509947561223467e-06;1.7450269443900112e-06;7.696049158749253e-06;1.3408197007756174e-05;0.00010095584687566374;3.0311630454666054e-05;3.274601839791719e-05;7.562030115790059e-06;1.0784775591620363e-06;2.136940538648983e-05;2.4025709302009474e-06;9.917759621912772e-07;7.801912289228194e-06;8.103065982713397e-07
19:07:47;486;2.3534945622248995e-06;2.954554201430336e-06;2.843088750128703e-05;1.8769932714364628e-06;2.3172962480605914e-06;4.01704744086699e-06;2.1232973712996412e-06;2.975649486329375e-06;1.2014396053381595e-06;1.1545909555705174e-06;3.1327501197608854e-06;1.9511394692240844e-06;9.201240227115064e-07;3.651274362778426e-06;2.9203314767623954e-06;2.146274378970656e-06;3.4112366231770295e-06;4.9956970657678795e-06;3.4213674673911914e-06;3.8330499138812485e-06;1.5192303543457616e-06;1.2404726642446953e-06;4.0144682172260355e-06;2.4760148217185965e-06;1.1131739111251475e-06;4.1185227260778255e-06;3.1651412050853685e-06;7.349546649599032e-06;1.5621077530419732e-05;0.00020291016019176355;2.7277297644392945e-05;3.763813433107467e-05;1.3109187106467733e-05;9.465825593522846e-07;2.4796676626471738e-05;1.948880275423551e-06;9.121301167654087e-07;7.774427835501697e-06;8.865491482119131e-07
19:10:08;487;1.6709521396439764e-06;2.3362146455124446e-06;2.3454026826892984e-05;1.1050563169977645e-06;1.996274056604751e-06;2.20614852269369e-06;2.0376950141777104e-06;1.9043741780290124e-06;2.080958639506424e-06;8.978717836702091e-07;1.8891658077083404e-06;1.761156874719399e-06;1.000535798696815e-06;1.8497012441316811e-06;1.322486899142787e-06;1.3785035742882968e-06;3.111803990474142e-06;3.2807315447031744e-06;3.4372869748362456e-06;2.816059186098076e-06;2.3009580783614584e-06;1.1817717496008218e-06;2.700301672144011e-06;2.4368182364555595e-06;1.215532934773226e-06;2.465108169889379e-06;1.7096986703454374e-06;6.8358643059922894e-06;2.1314065216333086e-05;0.00013565544752970407;2.9855628540328957e-05;3.920253159910435e-05;1.1743821171489064e-05;7.304835467606634e-07;2.4523996376913127e-05;2.0860851942958937e-06;1.1141021941921615e-06;7.858284715759725e-06;5.280115318424433e-07
19:12:30;488;2.1400309661730303e-06;2.7952483844872613e-06;2.0569836803679656e-05;2.096888105252891e-06;2.4295804663474674e-06;2.8003049440495818e-06;2.5777934901004653e-06;2.1701809309604414e-06;2.99907422984802e-06;9.383471864571841e-07;1.7888434001956843e-06;1.5713697386520276e-06;8.276233427069584e-07;1.6190033517463318e-06;3.861361578442897e-06;2.4073593461748083e-06;3.552115265824508e-06;3.82294334900231e-06;4.058270348385905e-06;3.0429693286442914e-06;3.5322958278293645e-06;1.1274650863107368e-06;2.517464202332743e-06;2.1171166105852556e-06;1.0606448883283774e-06;2.1368984973861778e-06;4.167436980170823e-06;6.918915904431558e-06;1.46673577177668e-05;9.839398996281725e-05;3.713585647738848e-05;4.050842404066557e-05;1.1229089269406544e-05;9.361174454912266e-07;2.4748334547104796e-05;1.9857809129315824e-06;8.866421232491034e-07;8.95202455077436e-06;4.755086921285613e-07
19:14:52;489;2.0186591782398655e-06;2.6637567517826925e-06;2.7323327450761014e-05;1.479185564014849e-06;2.5610894163399034e-06;3.4206361478277874e-06;2.0036293671472034e-06;2.323497923355107e-06;1.0973110820796963e-06;1.1670971658601041e-06;2.994524120064119e-06;1.6692441550215553e-06;2.535430723068802e-06;1.674799087535529e-06;1.2974646205098461e-06;1.7993567659767548e-06;3.627665960323876e-06;4.495568626087426e-06;3.3238768595120874e-06;3.199005491267921e-06;1.3890274734749947e-06;1.4369127192182959e-06;3.8426413579421745e-06;2.3195654383799375e-06;2.625681802299691e-06;2.2233394900790183e-06;1.6824379208283293e-06;6.4903501689320685e-06;2.2783166153217082e-05;0.00017369032640748445;2.9166737953515415e-05;4.1387744887167154e-05;1.1948226767389974e-05;7.670124693028428e-07;2.9375622610724166e-05;2.0574578139473593e-06;1.1826211443757662e-06;8.251585002527419e-06;7.790780305484638e-07
19:17:13;490;2.0567229790784e-06;2.6557593115929975e-06;2.3696159720603268e-05;2.7588577804493752e-06;2.4895775871543306e-06;3.3648011906447808e-06;2.6979236107393945e-06;1.4978276361432563e-06;9.961880409874042e-07;1.6313556598519923e-06;1.7442698366080962e-06;2.472326665009012e-06;1.951718341931429e-06;1.552647285488459e-06;1.5231812637042905e-06;3.0264543885452807e-06;3.4533657618581694e-06;4.380616537328254e-06;4.0717587477116424e-06;2.3651181791886105e-06;1.3119889219144424e-06;1.7057843325070464e-06;2.621841289671661e-06;2.8713886330237236e-06;2.1505014196515697e-06;2.025586725929177e-06;1.8847057836416142e-06;6.638662696641749e-06;1.87777799529528e-05;0.00014528954183188779;2.8071651595237737e-05;3.5519907490665205e-05;1.0823205247756587e-05;7.829717620957615e-07;2.557283809321618e-05;1.948156332389526e-06;1.0480249729552343e-06;9.213273409241309e-06;6.679032621993221e-07
19:19:35;491;1.8152845126063644e-06;2.431807917927e-06;2.1998518312261964e-05;1.15684108999274e-06;2.495759657444358e-06;1.795001520027933e-06;2.246963548234827e-06;2.4461406283971985e-06;1.8247791605025492e-06;2.2514309203232457e-06;1.5912607715536224e-06;1.2050580623873037e-06;1.1565360599107388e-06;1.7127117314688887e-06;1.900930423494949e-06;1.4547142431862845e-06;3.536843522955609e-06;2.920727267130271e-06;3.5610578177948823e-06;3.2882041920592073e-06;2.0402608271656907e-06;2.5174418938092193e-06;2.3706362540745235e-06;1.773153672453375e-06;1.3317993844057012e-06;2.184231167535196e-06;2.202624065968756e-06;6.1664261117946875e-06;2.608942839477235e-05;0.00010978627079965643;2.6198408719616347e-05;4.845745673999705e-05;1.1644702932243275e-05;1.0464722505361227e-06;2.0950615420722207e-05;2.133968615359493e-06;7.722834584099214e-07;8.971161548246285e-06;1.7650247557893705e-06
19:21:57;492;1.9243773272266522e-06;2.5716216804297963e-06;1.9699309144033573e-05;1.2352349902529496e-06;3.838857176868322e-06;1.6516702738429827e-06;2.1445799901184417e-06;2.9761951900943795e-06;1.3858691242677166e-06;9.600878904013721e-07;1.2924033696167085e-06;1.7720612563594655e-06;1.4429242940685392e-06;2.4472122558708262e-06;1.9454313901237894e-06;1.5230009258238733e-06;4.9401900140983805e-06;2.6825310522879223e-06;3.528066107592858e-06;3.873818703924153e-06;1.6784202164706561e-06;1.1940387702153098e-06;2.1514223996021e-06;2.3938421409069104e-06;1.6414369621157628e-06;2.9327120342667846e-06;2.3199801694030197e-06;6.5476792527692445e-06;1.4618123835821735e-05;0.00011031681968924671;2.7158414160446142e-05;3.1075227572195724e-05;1.2142685047740305e-05;7.842896226186174e-07;2.140293286048673e-05;2.0802428896194293e-06;6.536767111098222e-07;8.595411806717258e-06;1.0162062796311112e-06
19:24:19;493;1.4372569972145108e-06;2.0598064424972753e-06;1.7037266844631416e-05;1.6100995643016218e-06;2.2204910396859323e-06;2.0473885446005045e-06;1.8033625679627427e-06;1.323440221170167e-06;1.127126005216119e-06;9.698431280695403e-07;1.5503746206038924e-06;1.3366794292030642e-06;8.827928734689294e-07;1.296492564215803e-06;1.0789929448503957e-06;1.8766919164234054e-06;3.3223836275099047e-06;3.0996237093191504e-06;3.0892106080293297e-06;2.125910119111377e-06;1.4475952986075858e-06;1.1327975587996258e-06;2.410808537194809e-06;1.896567219267161e-06;1.0578540707372874e-06;1.7835638912781834e-06;1.4746697815950673e-06;6.928935482910299e-06;1.7075830727720756e-05;7.143484705645531e-05;3.557821314074175e-05;3.2690069732439495e-05;8.045588500394214e-06;1.4512700370955212e-06;1.971330170279708e-05;2.249706495039437e-06;6.550536074284129e-07;7.924967873189314e-06;6.994177793653366e-07
19:26:40;494;1.7083748595971635e-06;2.3239812308710946e-06;1.9651457511000587e-05;9.81745470938413e-07;2.103935479008163e-06;2.2051028852584667e-06;2.080070657131924e-06;1.4315699504214245e-06;2.642282246899764e-06;2.2538620797586293e-06;1.437147764107103e-06;1.671936631162587e-06;8.920527086302017e-07;1.8092795039947873e-06;9.915125394661055e-07;1.2580466494035112e-06;3.221546027321616e-06;3.1716356937677926e-06;3.4490190132543566e-06;2.269276238402648e-06;2.9096096168474635e-06;2.369982203623594e-06;2.295818383492035e-06;2.1575929210910865e-06;1.1172181462491527e-06;2.3093135622948927e-06;1.3587152807303937e-06;6.90967444446141e-06;1.8890554634026112e-05;9.003976906803618e-05;3.6037971000465126e-05;4.057844449885438e-05;7.891085742282313e-06;6.959853242735461e-07;2.2196154606411667e-05;2.0556273737226156e-06;6.639584169548639e-07;9.059961491558962e-06;7.98303530959895e-07
19:29:02;495;1.6842807423503556e-06;2.2966673363550365e-06;2.5581420382793905e-05;8.77841281685867e-07;1.9974743531941446e-06;1.951593822950444e-06;3.200021426023754e-06;1.3458351030786793e-06;8.65840694414482e-07;1.7295624578588848e-06;1.7055559865429937e-06;2.122655428235279e-06;1.1742732240320337e-06;2.0273010470361896e-06;1.213413564213087e-06;1.1690088457081527e-06;3.1375416860607368e-06;3.0065751196138704e-06;4.432544010687476e-06;2.222632492501799e-06;1.1555659793999968e-06;1.7684343706432743e-06;2.520411196857384e-06;2.633665564092012e-06;1.3827320540431059e-06;2.5750428454856876e-06;1.5558530940670377e-06;6.483839958954543e-06;1.3631680054001019e-05;0.00016803162385802298;3.75604665214142e-05;3.5818423411944044e-05;1.1321798991724132e-05;7.973135644273956e-07;2.141709684597492e-05;2.0510716106118812e-06;7.501895151559987e-07;8.154438694831864e-06;9.591015664638583e-07
19:31:24;496;2.0428106023731827e-06;2.6614742337993516e-06;2.5543250182242015e-05;1.1020562003981704e-06;2.4702337566169645e-06;3.181801330853773e-06;4.42766959516596e-06;2.0185887318033027e-06;1.9103938145354444e-06;1.0231227374404093e-06;1.933961319816097e-06;1.2264823898307369e-06;1.495174007876637e-06;2.1096339632784766e-06;1.6146085544122002e-06;1.3631633228675427e-06;3.4858427167669507e-06;4.1951008848006e-06;5.814766370660229e-06;2.8931239036197277e-06;2.205040794861712e-06;1.1904514129910931e-06;2.781112678210867e-06;1.8063426537831023e-06;1.669805289819561e-06;2.5783339211396e-06;1.95460605090939e-06;6.606815435336093e-06;1.5168542954392886e-05;0.0001591620405160227;2.5309655859251018e-05;4.468046461083573e-05;1.729001357979602e-05;7.171643330048485e-07;2.4559738517896813e-05;2.3684637823458994e-06;9.93376160519412e-07;8.821184406745224e-06;8.41542030757584e-07
19:33:45;497;1.7440114445124975e-06;2.362508220806986e-06;2.1644893999130284e-05;1.5836876752217677e-06;1.6582495706271319e-06;2.26717647500152e-06;2.5714201941892414e-06;1.7793159350758132e-06;1.9007321125515246e-06;9.943998092832762e-07;1.955747187309953e-06;1.7454701003348883e-06;8.616472962605118e-07;1.6850616620832748e-06;1.925228843417544e-06;1.85368173356725e-06;2.697141114736099e-06;3.336399825894671e-06;3.997270915775355e-06;2.587002425950888e-06;2.219064211641137e-06;1.2004409998703119e-06;2.7785864098911554e-06;2.2277552278853675e-06;1.0378009998147936e-06;2.1333182009780274e-06;2.281635766284805e-06;6.9488017691764076e-06;1.4238311016012437e-05;0.00011942203702915754;2.989034726840828e-05;4.2478338756443065e-05;1.0777240715371064e-05;7.331034356698178e-07;2.313411944808771e-05;1.8297071366262458e-06;9.739288492673999e-07;8.677648427022805e-06;6.351441383206087e-07
19:36:07;498;1.5352298483797064e-06;2.197128326229234e-06;2.052257544234364e-05;1.0434464895156284e-06;2.2382522347057106e-06;2.381205801265713e-06;1.944010674457466e-06;1.4757519593415354e-06;7.898022365408637e-07;7.765209072116167e-07;1.3841526525352905e-06;2.1098474816935466e-06;9.29200162147481e-07;2.111553900941875e-06;1.2390132546613586e-06;1.295285797000303e-06;3.3346123881862776e-06;3.621806471632157e-06;3.3614513753652514e-06;2.345271686604237e-06;1.0665889657836569e-06;1.0014850001333557e-06;2.2165839749781115e-06;2.6927156603028093e-06;1.1549516495471858e-06;2.6277193568073674e-06;1.647066642219008e-06;6.738599191992596e-06;1.7305315473199875e-05;0.00010464081594146876;3.28760817274929e-05;3.552550500871685e-05;1.087758925324981e-05;1.3634350416421415e-06;2.404512713626292e-05;2.6945643166524696e-06;1.1445861750605797e-06;8.533776221450217e-06;5.255098209345956e-07
19:38:29;499;2.0134772210734684e-06;2.6661704327171386e-06;1.828844418513687e-05;1.8606307680034784e-06;3.0065792551361237e-06;1.9926675343320066e-06;3.4150607219694185e-06;1.5423193598222569e-06;1.2098776810308787e-06;1.7408391684948687e-06;1.991637015550587e-06;2.287248728194413e-06;1.263673784683435e-06;1.7072060533736404e-06;2.1439858077989338e-06;2.1698524765097433e-06;4.1181905216254115e-06;3.067742667715006e-06;4.712067156785302e-06;2.4350811663334983e-06;1.5896345773767337e-06;1.9320497555574684e-06;2.814750420344077e-06;2.901385439052987e-06;1.5129654864526683e-06;2.2191776754224046e-06;2.5211467751616993e-06;6.4546929308819745e-06;1.4876852656241671e-05;6.49884845263785e-05;5.293192738232175e-05;3.517763028541285e-05;7.385553883072645e-06;7.657033558715035e-07;2.489128115070979e-05;1.889624226219037e-06;8.349685074974513e-07;8.405363465287884e-06;8.592478517472766e-07
19:40:51;500;1.9306384938421286e-06;2.5239202806938296e-06;2.5365764045706594e-05;1.2033429231647377e-06;2.054643694939593e-06;3.1182437729300587e-06;2.0628513483248154e-06;1.7100587210111036e-06;1.4321278978066878e-06;2.6134103866032827e-06;2.838501024691389e-06;2.289193820362553e-06;9.787196313998885e-07;1.4076981490776772e-06;1.4588698846134724e-06;1.515905074063971e-06;3.049471373903739e-06;4.03669008835406e-06;3.43559910233344e-06;2.6110695265558633e-06;1.7306350441052744e-06;2.5547197388225902e-06;3.7241105485607686e-06;2.797647195471148e-06;1.161088569380256e-06;1.8390634237865799e-06;1.8310426864295954e-06;6.765975956678701e-06;1.9800821840570394e-05;0.00015459056448642087;3.221016933459993e-05;4.6505168372561684e-05;1.2717813055799179e-05;8.03792591057874e-07;1.9366925602607805e-05;2.2107685327948814e-06;8.515177805028892e-07;8.012757570378686e-06;5.528934245061827e-07
19:43:12;501;1.79392170064251e-06;2.407239210846962e-06;2.354626552235388e-05;9.86308277394311e-07;1.7536446824773966e-06;3.747765065236825e-06;1.6841464211901005e-06;1.7633277405499308e-06;1.1054616356854685e-06;2.718678752506259e-06;1.2690847185258358e-06;1.457106662721747e-06;1.0340458048202998e-06;1.5389312262505748e-06;2.468558848243354e-06;1.2626488357823349e-06;2.810723838339544e-06;4.685796226757576e-06;3.070168589412005e-06;2.690504901739253e-06;1.4410026881106908e-06;2.7570390111117077e-06;2.1438224719163317e-06;1.9676138930939304e-06;1.2168856246601916e-06;2.0245401608779596e-06;2.8161232997182555e-06;6.700744892971298e-06;1.8728794316519532e-05;0.00013605552384707216;3.9959785737909085e-05;3.701185177037234e-05;9.418427364322843e-06;7.012194246779373e-07;2.282928210231897e-05;1.954200147245423e-06;5.318312248503199e-07;7.861860324035934e-06;8.016651159507162e-07
19:45:34;502;1.9153007609805752e-06;2.5571393991090707e-06;2.88708060133142e-05;1.9379752604303295e-06;2.503070218974234e-06;2.517029848547736e-06;2.419241377731913e-06;1.7347354794659189e-06;1.8020580263566899e-06;2.5724215897617664e-06;1.8544723287499727e-06;1.6611864713699343e-06;1.1636126922615568e-06;1.7518868773436225e-06;1.0659182690437257e-06;2.252728868773409e-06;3.702693666588247e-06;3.476204941002431e-06;3.7622095003572687e-06;2.7143088993421147e-06;2.213374640160521e-06;2.5377886415782675e-06;2.6101480026354e-06;2.277464637941942e-06;1.3696527690350378e-06;2.3054780144718014e-06;1.463619203668368e-06;6.84395502905273e-06;1.5282875363214403e-05;0.0002022001208527403;3.326890682060131e-05;4.1407171921643214e-05;1.4528598948095736e-05;6.875079479378484e-07;2.0571694656751758e-05;2.07213043806295e-06;5.390950097544233e-07;8.376025647798273e-06;6.715895241174683e-07
19:47:56;503;1.7903384680227996e-06;2.437497227496167e-06;2.0058257627073097e-05;1.1638561854063958e-06;1.693912330079751e-06;2.3495295081620395e-06;2.3334364930798817e-06;2.2100616318839044e-06;1.9169359478351824e-06;8.337689876292131e-07;2.5331107626026426e-06;1.3452664910121568e-06;1.0810070704036046e-06;2.36011311165059e-06;1.6630625692732275e-06;1.4418723089529752e-06;2.777053442180578e-06;3.3940017762884225e-06;3.6562594606395945e-06;3.0588062080639674e-06;2.392403527155578e-06;1.1413978702162413e-06;3.388977163438862e-06;1.9331255964084734e-06;1.2767821510374521e-06;2.777758444481842e-06;2.011527729486767e-06;6.953877026151223e-06;2.7832271341150724e-05;8.50738840131913e-05;3.6661282711055e-05;3.813246143461036e-05;1.0624822672484785e-05;9.962344306482157e-07;2.141319751801757e-05;2.0458505460904595e-06;8.209881900393636e-07;9.196143789894201e-06;9.480778515439204e-07
19:50:18;504;1.6368378566898978e-06;2.262001620566261e-06;1.8111743736096228e-05;1.727568712165092e-06;1.9792251684045614e-06;1.9865470561471326e-06;2.254733895025073e-06;1.48927053073516e-06;9.770537141775357e-07;2.194400914353038e-06;1.2861320492647947e-06;1.6330244372107152e-06;1.0130483330993523e-06;1.6196766474281659e-06;1.4813723912190178e-06;2.0251833189785763e-06;3.077094947048529e-06;2.9941471421818876e-06;3.656386225780876e-06;2.406814166341041e-06;1.3046172831551143e-06;2.233485881328007e-06;2.083504367402395e-06;2.2142147283283277e-06;1.2436076216073172e-06;2.1156907603400688e-06;1.7892721800734175e-06;7.063732814162005e-06;3.0479963154364875e-05;6.282106972962184e-05;3.470027284816129e-05;3.655144823195663e-05;7.633859754279225e-06;1.1439700584349082e-06;2.3961839159324978e-05;2.60534164720652e-06;8.79847337858415e-07;8.042563919041355e-06;1.4570161787426503e-06
19:52:39;505;2.2345981533853565e-06;2.859765929683875e-06;2.3428200399957693e-05;1.0561025612012351e-06;2.1878418793813186e-06;3.4749085871381298e-06;3.510107128431886e-06;1.5614232425000616e-06;1.0318041916625795e-06;2.8873234314956293e-06;2.1623089059891694e-06;3.1442143917976235e-06;1.0443832930594577e-06;3.20173104449075e-06;1.5530282426532629e-06;1.3523897357255827e-06;3.2944190053645405e-06;4.5328997139567715e-06;4.904644756491887e-06;2.499189625993921e-06;1.3066144385413305e-06;2.9544115676212124e-06;3.0112133180973845e-06;3.5460406413417502e-06;1.2622834498835824e-06;3.669305151906653e-06;1.9837791108940007e-06;7.279744445525784e-06;2.081160339556664e-05;0.00014308773301999545;2.6604624377013374e-05;3.978593633650412e-05;8.837525668867249e-06;7.071125473924172e-07;2.1124461474746237e-05;1.9226499095179773e-06;9.122483672861275e-07;9.549626389288652e-06;5.151388677882742e-07
19:55:01;506;1.490474428161354e-06;2.136350944159789e-06;2.2405976998517397e-05;1.8795694658054045e-06;2.115025381014975e-06;1.9363016181146846e-06;1.8571397126394955e-06;1.5898081312829246e-06;1.0129123858862696e-06;8.648308378121008e-07;1.3705340167000848e-06;1.6943268076633187e-06;9.208615423326385e-07;1.7209150421460995e-06;9.234677824048793e-07;2.2333809275102184e-06;3.1706726698343396e-06;3.039959170288241e-06;3.219383099257115e-06;2.476741436751155e-06;1.298367944308424e-06;1.007664304650093e-06;2.1949447891874794e-06;2.3474007726874816e-06;1.1305489382018866e-06;2.205786898552497e-06;1.3113596616699685e-06;7.278516552639038e-06;2.0531752188673175e-05;0.00012298323519225915;3.3652994299147515e-05;3.299242045216001e-05;1.0292993485279137e-05;7.056771574161169e-07;2.7346325557293128e-05;2.492636740712183e-06;9.306675573519802e-07;8.69184982775019e-06;9.726549715271578e-07
19:57:23;507;1.6230561565451622e-06;2.265478807329819e-06;2.4428679319331548e-05;1.1158486051921945e-06;2.2380155125486825e-06;2.7351976946799925e-06;1.852182246121391e-06;1.745160248312061e-06;9.831310048886104e-07;6.688828009854769e-07;1.8230513283221874e-06;1.596694329399704e-06;1.1844520195354717e-06;2.3291489404639068e-06;1.2049087805882601e-06;1.4334045801338625e-06;3.2697618614373465e-06;3.692538165281964e-06;3.278387897738913e-06;2.6946840183813085e-06;1.300193167060547e-06;8.827731469812568e-07;2.7017883131877537e-06;2.2245260957282005e-06;1.416074505408388e-06;2.6978844136718616e-06;1.5937282209443202e-06;6.558627348132537e-06;1.631579916927674e-05;0.00014534273571892607;4.1422053096578537e-05;4.1692227897877e-05;8.452884933555995e-06;7.789623920573721e-07;1.9800884418333864e-05;2.3849115831093414e-06;7.759808414620306e-07;8.771208175408985e-06;8.478762572601629e-07
19:59:45;508;2.947213686998008e-06;3.6337051634417766e-06;2.5021256509794308e-05;1.4397658337469723e-06;8.37184993943393e-06;2.6012138366514717e-06;2.8940008820073486e-06;3.606629388515485e-06;2.086065176437108e-06;1.2212682380940976e-06;2.3840366432507794e-06;2.6122098590067564e-06;1.94857732971343e-06;2.702006764594826e-06;3.498939459299002e-06;1.7463900143169827e-06;9.25090226482547e-06;3.659445504046191e-06;4.325367710200364e-06;4.731521049864027e-06;2.4525766438952665e-06;1.552299451466038e-06;3.3174100801975157e-06;3.2780309843877183e-06;2.156600970333266e-06;3.2681652420493103e-06;3.8657508699958e-06;6.909563425061251e-06;1.992386935043372e-05;0.00015834396023376847;2.7588583234872864e-05;3.708404989856238e-05;1.034585630034145e-05;1.2759362391562441e-06;2.51585273446859e-05;2.3328748089259944e-06;1.4702387260052817e-06;9.370879479502983e-06;4.5073907621521144e-07
20:02:06;509;1.90462088105066e-06;2.5488744206915175e-06;2.21207991654543e-05;1.5548728812769303e-06;2.9214259704701817e-06;2.0130333752245053e-06;1.9165598175163723e-06;2.04559180632719e-06;9.074768031974206e-07;7.556385281937139e-07;1.916178956274838e-06;1.2127810074182641e-06;1.7007926410269905e-06;1.8548882094939565e-06;4.0562099815521045e-06;1.9499956207957576e-06;3.920478110546666e-06;3.0998943746545836e-06;3.3845257279654683e-06;2.936528215033394e-06;1.2381785257396505e-06;9.464097958318487e-07;2.7008326429219052e-06;1.8300567380489916e-06;1.9359617980729968e-06;2.2138024149493896e-06;4.429828619276456e-06;6.127141437348903e-06;1.938432380285914e-05;0.00012483213676149445;3.493733038412529e-05;3.550085792247053e-05;9.429461492730153e-06;7.820127620981424e-07;2.1038130525234617e-05;2.447007761880637e-06;1.3754530504620388e-06;8.611173756808403e-06;9.845603279392863e-07
20:04:28;510;1.8607794280776282e-06;2.4924936065250636e-06;2.5607754651069645e-05;2.247708773611185e-06;2.9267773413721443e-06;2.296096618856971e-06;1.6218350854625319e-06;2.9062063114017955e-06;9.781039733702812e-07;1.5322452474496695e-06;1.9694030178773016e-06;1.441540742774805e-06;9.999750198996793e-07;1.9361643495747156e-06;1.4732960624415496e-06;2.5899214520743757e-06;4.026829695053321e-06;3.3873015374549047e-06;2.9503808281321965e-06;3.941879496571484e-06;1.2791590942141956e-06;1.6614059184495447e-06;2.8344626789936527e-06;2.0031679405637757e-06;1.1666551194703291e-06;2.3799661759560104e-06;1.688792599164612e-06;6.705440228258634e-06;2.323638057919831e-05;0.0001539007335710289;3.505510489266394e-05;4.603351081981567e-05;8.958975144915213e-06;5.397819696051842e-07;2.0377001304980624e-05;2.2446666984779472e-06;1.610906024418791e-06;7.697634167381109e-06;9.32920412091322e-07
20:06:50;511;1.8543570754884926e-06;2.4933044152953984e-06;2.0763932901394658e-05;1.0372290277580667e-06;3.037659604258765e-06;1.8099475119467714e-06;2.3850954005346447e-06;1.6934547928797046e-06;1.3380621779872244e-06;9.998592055314826e-07;2.7053852538407663e-06;2.3950958815435994e-06;1.3271559063034808e-06;1.5003800102129297e-06;2.02295955728263e-06;1.3672898521517824e-06;4.059608425197002e-06;2.858219886547886e-06;3.77227253253134e-06;2.6258375108146897e-06;1.7072717959815202e-06;1.1334651279107271e-06;3.587882837322629e-06;2.9078098275678277e-06;1.538652730267108e-06;1.9832458491104655e-06;2.3780958015408886e-06;6.661598584829531e-06;2.8595184891436915e-05;9.748344358377995e-05;2.795157448409752e-05;3.768268606396672e-05;1.085585384050115e-05;9.389929789758734e-07;2.693464570551172e-05;2.384487075541696e-06;7.519999080734593e-07;8.36510496211682e-06;5.616227379045263e-07
20:09:12;512;2.0784302980106615e-06;2.6775359418922874e-06;2.1134149432096953e-05;1.4898765733048238e-06;1.8154689964688941e-06;1.9134134668212384e-06;4.3242063659092045e-06;1.8663236928420899e-06;1.572351788325932e-06;1.1741928880517414e-06;2.412439749864926e-06;2.0302756436052505e-06;3.059833446657349e-06;1.7441455911053212e-06;1.5386344852753486e-06;1.7796048493287748e-06;2.8377589151665533e-06;2.827693838068476e-06;5.6378647180200814e-06;2.9052330002649553e-06;1.877993383194608e-06;1.2950360191029223e-06;3.209883132086948e-06;2.5810320206386955e-06;3.1337764398755743e-06;2.1547937180164095e-06;1.8897602802996828e-06;7.397142102736413e-06;2.1893749023658858e-05;9.220092745240371e-05;3.959368777755378e-05;4.183674424418292e-05;1.3153582319233355e-05;6.525966865390418e-07;2.4336816489290534e-05;2.2592136770464596e-06;5.325564203929636e-07;8.663940996226731e-06;1.0888359958986531e-06
20:11:34;513;1.6443417097439743e-06;2.2725500782685175e-06;2.605416821014681e-05;1.1217031601340466e-06;3.19974305217453e-06;2.401958158351001e-06;1.7965578778180522e-06;1.6908674536479524e-06;9.148600546218042e-07;7.02614984092843e-07;2.0176738618861054e-06;2.6551620286661337e-06;8.878287698556939e-07;1.1811299054768782e-06;1.1620007461294273e-06;1.3799764218087539e-06;4.2869735410287045e-06;3.396737382370449e-06;3.1332151593232993e-06;2.58971619984285e-06;1.253622835514462e-06;8.984251669258074e-07;2.8040846709239914e-06;3.3069265894862586e-06;1.096307148398847e-06;1.6476832249420021e-06;1.476931594183204e-06;6.844328908509753e-06;1.2038943905003139e-05;0.0001763367249680798;2.441983826888872e-05;4.148257823988646e-05;1.2765788345603269e-05;7.230080663304761e-07;2.590484091422128e-05;1.8827700084279346e-06;8.116125008722738e-07;8.514944899598468e-06;9.246394963401496e-07
20:13:55;514;1.953701442403144e-06;2.5801061118600738e-06;1.8151313123472517e-05;1.3704889707129424e-06;2.0881199260197096e-06;1.9386378937724658e-06;2.4653305312356948e-06;2.69047143061388e-06;1.554979161433323e-06;1.0708621528107445e-06;2.8579367762853796e-06;2.1448100604650544e-06;9.320422909424182e-07;3.0783782860184643e-06;1.2523590987679645e-06;1.691358601753644e-06;3.108711401965374e-06;2.9835139661994203e-06;3.815518976819165e-06;3.4910966417244917e-06;1.8892818069374858e-06;1.3436043975415015e-06;3.7767822044471256e-06;2.6512317577449905e-06;1.1777165321843853e-06;3.4566124938890746e-06;1.5758434566250107e-06;7.053681100758099e-06;2.6192064656104722e-05;7.329734004777244e-05;2.7731704336850267e-05;3.7558227968240234e-05;1.0466326473928293e-05;1.1007791665527908e-06;2.1997742085944695e-05;2.0199011372587674e-06;9.348812856718115e-07;8.262412625474848e-06;1.2006965971132486e-06
20:16:17;515;1.497957028074769e-06;2.159219906377386e-06;2.200427597136525e-05;1.3352886160818271e-06;1.588593205829754e-06;2.014224925355796e-06;2.2821230177524656e-06;1.4876646076638684e-06;1.299296296976913e-06;1.1418345132034475e-06;2.1111699628888077e-06;1.4776778831659954e-06;8.068318010872649e-07;1.2723427881379157e-06;1.1584362871792047e-06;1.6690497055099547e-06;2.6581536758385482e-06;3.091090090343135e-06;3.7205353335225426e-06;2.422595151051322e-06;1.6306090988627711e-06;1.3125127879845158e-06;2.966252212946195e-06;2.1064151836451604e-06;1.0469668190632512e-06;1.778043448396176e-06;1.508414466346189e-06;7.005369603990768e-06;2.0033950830172182e-05;0.00013141616244474985;2.549339162118298e-05;3.8047854966159206e-05;1.0767745068890699e-05;8.973999296920492e-07;1.9384221470168782e-05;1.9374672671407447e-06;4.906809194904067e-07;7.936187497849925e-06;6.408800368954033e-07
20:18:39;516;1.5368736064790378e-06;2.187138283883127e-06;1.803959395947337e-05;1.6290814508288711e-06;2.1279163659409566e-06;2.1256737229403586e-06;2.2724661267080717e-06;1.5083712437464152e-06;1.3297796177334156e-06;1.27503995216539e-06;1.3401554907426834e-06;1.3558849278894058e-06;8.259041594465605e-07;1.2651749701220183e-06;1.3870348442327183e-06;2.0068577504953513e-06;3.2533082503505284e-06;3.166904526793426e-06;3.695166233689023e-06;2.4028515155540717e-06;1.6359652700205665e-06;1.405606492656411e-06;2.1534916756156487e-06;1.9347983830996355e-06;1.0424490617107857e-06;1.7711382343528568e-06;1.7771211790354352e-06;6.7203888726624945e-06;2.8986329664502517e-05;5.763284039965862e-05;3.8980925723193986e-05;3.531879780199462e-05;8.195040313157943e-06;8.235527854966742e-07;2.644934914276521e-05;2.420026748358752e-06;8.236517488440233e-07;9.248371486774858e-06;8.758528262707345e-07
20:21:00;517;1.6811028585356718e-06;2.3443633553937086e-06;1.8132269876241785e-05;1.1865038427316676e-06;2.0129467681393654e-06;2.3358087087966726e-06;1.7971566767274991e-06;2.9169830043943277e-06;1.1138237868993626e-06;1.6985943282224722e-06;1.6243207121972731e-06;1.5690095423308166e-06;9.388444328224792e-07;1.8606450337637688e-06;1.1185969345138924e-06;1.5756794108354e-06;3.0860682865658175e-06;3.4093223267875513e-06;3.1583663171716845e-06;3.966900507454934e-06;1.4524448553131634e-06;1.8152109668093704e-06;2.434635490904447e-06;2.122064942444853e-06;1.1693585773610732e-06;2.4525435567082676e-06;1.489764219767022e-06;6.7650689707214964e-06;1.670665583682969e-05;8.350360438376746e-05;3.81670138632351e-05;3.239804868716102e-05;7.679448582887892e-06;9.110099635337948e-07;1.9833531281727973e-05;1.9795440264088286e-06;8.779903382501213e-07;7.92280537466586e-06;8.425172057122005e-07
20:23:22;518;1.8219788062106608e-06;2.5045580681348206e-06;2.1551120065688844e-05;1.981208102625425e-06;1.9099676878459544e-06;1.777265840113335e-06;2.1668378998963465e-06;1.5456393555753194e-06;2.025997482345655e-06;9.37390231537837e-07;1.476067201719192e-06;2.2943339441638955e-06;3.0276533858594492e-06;1.4387244243640007e-06;1.2826595268739476e-06;2.3390647184102438e-06;3.02343948987982e-06;2.893487408648899e-06;3.6593486457386e-06;2.4505838963923913e-06;2.4647831133170027e-06;1.2517826910051197e-06;2.2815115986719043e-06;2.8365032238968836e-06;3.203912283539996e-06;1.9295102427211626e-06;1.7207686369147268e-06;7.0163076515937175e-06;2.138271526642959e-05;0.000119375068568242;2.4226749307862138e-05;3.626060711945062e-05;1.1517096202908165e-05;1.010510079136711e-06;2.4452856323309505e-05;1.9499170150978274e-06;1.8173181572950464e-06;8.793228081588752e-06;8.110670153520079e-07
20:25:44;519;1.7583391691353902e-06;2.4077397034788294e-06;1.8086464342276082e-05;2.6201449170315527e-06;2.141317924107191e-06;1.5587295408342976e-06;1.929671260437648e-06;2.3287708941020147e-06;9.241510266135642e-07;1.062387369026913e-06;1.3310064561622426e-06;1.4937537224116424e-06;1.1547614342723798e-06;2.206000651644951e-06;2.3493742962379183e-06;2.8712061052080768e-06;3.1422925237361767e-06;2.662538592999284e-06;3.3051211547197317e-06;3.2700168164030653e-06;1.2515592021096565e-06;1.296204301024197e-06;2.1660609398835894e-06;2.068247349137592e-06;1.385285794283477e-06;2.8094176945781823e-06;2.6649251171702532e-06;7.136591350355413e-06;1.7112135670460656e-05;8.158532661605935e-05;3.18429236920759e-05;3.727052016501115e-05;8.703185385606373e-06;1.050138416325973e-06;2.0293472813184167e-05;2.64519666978776e-06;6.446679482543847e-07;7.84191022607965e-06;9.115031541121245e-07
20:28:06;520;1.8597794397834377e-06;2.523365819912744e-06;3.28988810662271e-05;1.5937697846721024e-06;1.846689126949741e-06;2.287330092120111e-06;3.877476104075971e-06;1.914790095531254e-06;1.3347800784657693e-06;1.1174993423149457e-06;1.4919004733826569e-06;2.4334209874607184e-06;8.245207585375816e-07;1.6151307274241007e-06;1.9800451337527067e-06;1.961269839440216e-06;2.8755163200429117e-06;3.442425971035293e-06;5.270729282448331e-06;2.8400415346046037e-06;1.6498272428559831e-06;1.382312140914927e-06;2.370593491993727e-06;3.034295361108497e-06;1.0565499506735906e-06;2.1100804847092265e-06;2.2867474589348386e-06;6.6046076941501895e-06;1.6906014775732958e-05;0.00022840926105645903;5.8879183298332916e-05;3.6695735556537446e-05;1.3345886710727518e-05;1.2306098214973e-06;2.094037129630617e-05;1.9403973497463234e-06;8.865880133702494e-07;8.460546095245481e-06;4.873711266195649e-07
20:30:27;521;1.5878879402464463e-06;2.233419067285663e-06;2.1839121396246566e-05;1.2703803545283614e-06;2.694645602894432e-06;2.333684448110127e-06;2.2412808217030613e-06;1.649335318341307e-06;1.1203918831076913e-06;8.417194611208924e-07;1.8794759117923832e-06;1.307354825447698e-06;1.110427583015585e-06;1.2844555323193225e-06;1.3215030861924892e-06;1.5444349493250978e-06;3.815005359833373e-06;3.2493719831845853e-06;3.703279084726966e-06;2.5421068792500685e-06;1.4852653574548006e-06;1.0798658169295766e-06;2.7065849997574956e-06;1.8308797933381747e-06;1.3639713916411811e-06;1.7402403881809549e-06;1.740021976338194e-06;7.34572780536172e-06;1.2330494391449314e-05;0.00013331259377543988;3.010704482663604e-05;3.291999289209835e-05;9.827453035476667e-06;9.939803253622972e-07;2.2215912881642122e-05;1.8836305471974692e-06;1.0983889332234015e-06;9.286770860869776e-06;7.474664802017989e-07
20:32:49;522;1.6912834232905218e-06;2.348832114438653e-06;1.788958681778255e-05;1.1596288924664577e-06;1.714335505230803e-06;1.5855840763185307e-06;2.4377435238097758e-06;1.6211438996872507e-06;1.2772289906108498e-06;9.024374615261944e-07;3.752087447204324e-06;2.1394770501488707e-06;9.604675873217419e-07;1.6956188172333564e-06;1.0496473697491575e-06;1.4025236272504164e-06;2.8603552146141507e-06;2.603434941653476e-06;3.798444468665815e-06;2.5595567511210236e-06;1.6598626793490405e-06;1.201415283837458e-06;4.54539226551258e-06;2.7500025801520127e-06;1.219785872308421e-06;2.1266348870925914e-06;1.4585759843128794e-06;5.860622950414133e-06;1.9365069487812218e-05;6.403663339554864e-05;3.631726666566294e-05;3.9140774447766944e-05;9.675028485448858e-06;9.7125447199569e-07;2.704910908714867e-05;2.048988472112736e-06;9.047097049290914e-07;8.374893332545744e-06;9.306913120049584e-07
20:35:11;523;1.4147944889166617e-06;2.057503207606139e-06;1.9274500179610555e-05;1.443799788815945e-06;1.6797786526594067e-06;1.8042024994002759e-06;1.848685306494634e-06;1.2961215833132398e-06;2.049238299212613e-06;7.643007341765181e-07;1.3332710953051219e-06;1.2028324358355618e-06;8.718503017716857e-07;1.5762728431602888e-06;1.1071798193414266e-06;1.746220120850599e-06;2.7359066254138257e-06;2.8205338237598825e-06;3.1974969554344e-06;2.154778031391415e-06;2.395464685211169e-06;9.64983819703545e-07;2.226826497082837e-06;1.7745578905397693e-06;1.124985155450914e-06;2.110377521073789e-06;1.4379063436190566e-06;6.848223819119665e-06;2.427464543192857e-05;9.143128588385387e-05;2.897854780424989e-05;3.550023186598029e-05;7.300808246247647e-06;1.2459217403830271e-06;2.3446249988884898e-05;2.3884337704924008e-06;7.99347343534471e-07;8.365876516684485e-06;7.144297439673767e-07
20:37:33;524;2.120465285057352e-06;2.804928804328518e-06;2.11611989809675e-05;2.846493134130283e-06;2.698977663422914e-06;2.469534163264019e-06;2.2100502165303935e-06;3.0996789198812667e-06;1.1941164659907082e-06;1.3816554441154432e-06;1.7853385042666436e-06;3.272056284425224e-06;1.047233882964995e-06;1.7826201802764983e-06;1.6578276651266968e-06;3.113227315144643e-06;3.817391183175356e-06;3.599336632242175e-06;3.689567234641224e-06;4.298453375990384e-06;1.5658919282135616e-06;1.6077082719514496e-06;2.5801083093259116e-06;3.813310058831121e-06;1.2493071572355837e-06;2.2588839820981993e-06;2.065959467725844e-06;6.6055290006187295e-06;1.3513921421222682e-05;0.00012645866970591887;3.353471961599326e-05;3.237318602007985e-05;9.461123310207243e-06;8.290212672733159e-07;1.8984934937576705e-05;2.0695820506723866e-06;1.2942411375074355e-06;8.171597118327094e-06;6.37862186212373e-07
20:39:54;525;1.3733965670584523e-06;2.0492697880791075e-06;1.9166319401866974e-05;9.420443375676965e-07;2.637799671619105e-06;1.717511946159272e-06;1.8415059088122183e-06;1.3891904547107132e-06;7.918034386943485e-07;4.885861611050111e-07;1.5975510044538313e-06;1.595942467392707e-06;1.0055781509295385e-06;1.3252468332422298e-06;1.1479979829380356e-06;1.2931596653357654e-06;3.7917069103289727e-06;2.769625040590527e-06;3.3062887631544234e-06;2.2777400838808546e-06;1.0744022656754053e-06;7.48808497447395e-07;2.492787429437618e-06;2.1393642915035907e-06;1.287755514734767e-06;1.8548203461020271e-06;1.5547778590661427e-06;6.3517114793886225e-06;1.9155737228872597e-05;9.67194239572857e-05;3.224013971128236e-05;3.2268313884340974e-05;8.665712927552238e-06;9.327778070235025e-07;2.120457174161495e-05;2.17169634333936e-06;7.945181210051939e-07;9.011146595239695e-06;4.800830254585436e-07
20:42:16;526;1.6045620620469043e-06;2.2891903070189927e-06;2.0371309456546978e-05;1.5140433704339464e-06;2.128620712421087e-06;2.240250704782005e-06;1.741631392155279e-06;1.3165463663902053e-06;1.3028572809694403e-06;1.0203903966625334e-06;1.1278543320291201e-06;3.1271896127161756e-06;9.602204338725202e-07;1.2859162475044947e-06;1.4892234439562395e-06;1.8416822533392314e-06;3.2429971707654347e-06;3.4501582431518347e-06;3.2679917429832822e-06;2.219592007822018e-06;1.6334765931891456e-06;1.2055591438886179e-06;1.981769431247674e-06;3.6875710261656307e-06;1.183355120155042e-06;1.8337369565530555e-06;1.922393187646488e-06;7.286932095171853e-06;1.9825752876133396e-05;0.00010361075781613022;2.8943588036315327e-05;3.49004182217018e-05;1.1772620323224645e-05;1.0866727025083083e-06;2.4115077773641577e-05;2.216316942213182e-06;1.148526598971341e-06;8.783626417099524e-06;7.654236754525262e-07
20:44:38;527;1.4811399986895553e-06;2.138325280151249e-06;1.7775894707955254e-05;9.963206411808558e-07;2.250800495318117e-06;1.9413196800402686e-06;2.0320376130846607e-06;1.5370151048476155e-06;1.232647664909078e-06;9.323191441898163e-07;1.446191315630911e-06;1.5443062746165672e-06;8.491346919744817e-07;1.5468923028162285e-06;1.464694589210906e-06;1.292126128940058e-06;3.307544003993964e-06;3.0407003782496344e-06;3.4767604523074603e-06;2.4840020660697438e-06;1.5521585956327116e-06;1.0877073924647552e-06;2.2974969120880387e-06;2.1353408135814503e-06;1.064899862153134e-06;2.1000823590850502e-06;1.8210833697502253e-06;6.896154659783017e-06;2.4230876545068825e-05;7.077777408833215e-05;3.805911949568278e-05;3.174179677602313e-05;9.019074892541456e-06;7.956529934786542e-07;1.883007092831223e-05;2.175971232750924e-06;9.932258099953702e-07;8.41982082118444e-06;1.3711982523101935e-06
20:46:59;528;1.985453040925284e-06;2.604866949695861e-06;2.1928788703587338e-05;1.010449853889771e-06;1.766490925415486e-06;3.881367069201826e-06;2.3642358028491177e-06;1.8377511036181782e-06;9.225053472631957e-07;4.6962369111078965e-06;1.2653289578940468e-06;2.7691165073274635e-06;7.914149720213779e-07;1.2696080781441053e-06;1.2509302343876139e-06;1.310860503059602e-06;2.9398441118338512e-06;4.779059074418818e-06;3.7520884907741064e-06;2.7771003171345667e-06;1.2665523014174474e-06;4.5915559744974455e-06;2.1161254642697427e-06;3.3617759239445427e-06;9.754049636175975e-07;1.7398749389629509e-06;1.648160434077782e-06;6.858164240871436e-06;1.5044937800100038e-05;0.0001315248722975443;3.619905139251602e-05;3.081404633710063e-05;1.0679124942220765e-05;7.593780376747712e-07;1.8796672552067465e-05;1.9184363465584578e-06;1.0912860010290864e-06;8.691381434225112e-06;7.681130611399688e-07
20:49:21;529;1.813039953804915e-06;2.463152536102261e-06;2.301142040966728e-05;1.761182154941759e-06;2.68801457213964e-06;2.516278841856557e-06;2.149699498975689e-06;1.5227517578188874e-06;1.453854747863142e-06;7.026762589971853e-07;1.6343499302189974e-06;2.845095393217372e-06;9.461263086924471e-07;1.762129164846597e-06;1.7743202855252156e-06;2.0288473838781665e-06;3.814967722294718e-06;3.7032520934569878e-06;3.5672342970497947e-06;2.444331552039871e-06;1.7326005643300522e-06;8.817901814410694e-07;2.521752513023819e-06;3.318536604511573e-06;1.139028591906832e-06;2.2820203343190436e-06;2.123467777581234e-06;6.7182733339901166e-06;1.7343914055269943e-05;0.00014661771189781837;2.7912934895479855e-05;2.9240123813673386e-05;1.1159682128568083e-05;9.309097406766255e-07;2.383100866112296e-05;2.1773320450636693e-06;1.1858232406812283e-06;8.379867111675982e-06;6.394639919871336e-07
20:51:43;530;1.7248297075863919e-06;2.352845772120533e-06;1.850515119096136e-05;1.286170741465753e-06;1.6076274692880785e-06;3.7654891694413353e-06;1.8453308469965826e-06;1.3247759196714655e-06;1.126035618526089e-06;1.1212687720933574e-06;1.2785757350641802e-06;3.6811381337093447e-06;1.2619658549665886e-06;1.4068566300615906e-06;9.92721089493836e-07;1.5674377684401315e-06;2.6689959161592903e-06;4.8118988673460204e-06;3.2254358987451777e-06;2.1986463070644977e-06;1.4286176792666083e-06;1.2666363713948687e-06;2.0478003986532204e-06;4.2857314562027145e-06;1.4256594865884513e-06;1.9278786509593246e-06;1.3794095324659724e-06;7.586352732550742e-06;2.1584174045260255e-05;8.879270040672196e-05;2.900558517163257e-05;3.186623763716801e-05;9.578780014894692e-06;8.473869049779605e-07;2.018452998231245e-05;2.085032347185513e-06;1.1585622667210401e-06;8.503964734910407e-06;8.685080472007446e-07
20:54:04;531;1.6304635715094016e-06;2.266962247873219e-06;2.2927524774421233e-05;1.0328920773229233e-06;2.065192398022346e-06;1.7419099274914887e-06;1.7829314889119339e-06;1.2914148047503782e-06;1.241743750490798e-06;1.618019852484503e-06;1.8791197086445974e-06;1.929368467172439e-06;9.240733923509094e-07;1.4327222931275296e-06;2.6261742490551012e-06;1.3218441626111e-06;3.152471280476606e-06;2.8534628752454354e-06;3.1971989577684753e-06;2.175628460060545e-06;1.5698054565728864e-06;1.7568886822210757e-06;2.6599977209576835e-06;2.4669766404097376e-06;1.1340348191303828e-06;1.936192618330419e-06;2.9790443163677347e-06;7.167466420669469e-06;2.1680709329039786e-05;0.00012880870151890333;3.084111124861277e-05;4.013709498224718e-05;9.225025177595186e-06;9.058602848213268e-07;2.4523551919076995e-05;1.980810584834966e-06;6.861336102278977e-07;8.506837963391494e-06;6.669942536343575e-07
20:56:26;532;1.4710465556788677e-06;2.140805397371141e-06;2.4420819086652328e-05;9.90779425048448e-07;2.1161021933512427e-06;2.009464912042993e-06;1.8958005943274388e-06;1.2534252297090698e-06;1.6460932134133477e-06;7.432010724819158e-07;1.6294189576594353e-06;1.8554020489699754e-06;7.536203730961301e-07;1.4853844961299438e-06;1.273865735966369e-06;1.3053516231363424e-06;3.2248853723921213e-06;3.0744342044686796e-06;3.3721257808148167e-06;2.229728411898174e-06;1.94913249737211e-06;9.640767908548914e-07;2.4922014126441585e-06;2.447503066556421e-06;9.88250498773561e-07;1.9582458026555206e-06;1.6837284376862631e-06;6.7423526613729e-06;1.4089646786168806e-05;0.00015965312035911677;2.8363438155934674e-05;3.566164585302791e-05;1.0186854805939093e-05;9.150543404439208e-07;2.5481350782525974e-05;1.9680316505965567e-06;7.311071096350815e-07;8.750276536820716e-06;5.069499982456078e-07
20:58:48;533;2.119607856666438e-06;2.7935860526679478e-06;2.2950274905939093e-05;1.0120226265089824e-06;3.418693746517285e-06;2.4834113328996534e-06;2.094826941568716e-06;2.552693666951262e-06;1.500997855301152e-06;3.199216248200349e-06;2.461064269225362e-06;1.4054499779738514e-06;9.530076955870986e-07;2.9334526948946147e-06;1.4204563752299877e-06;1.3709160981894065e-06;4.481470801992249e-06;3.4011800783480773e-06;3.5220558615198766e-06;3.6586851448894004e-06;1.8840789619078557e-06;3.202334763540697e-06;3.3860252084265038e-06;1.9612484735100938e-06;1.139300834467254e-06;3.6675560511268277e-06;1.848179564045564e-06;6.7155962619735056e-06;1.7021168216966173e-05;0.000126451918902641;3.366765804053657e-05;4.1880166079323314e-05;1.11785534748567e-05;9.30624586865732e-07;2.4955875233978318e-05;2.0741996413619463e-06;1.0205224579545232e-06;8.776659508227964e-06;7.303564665833897e-07
21:01:10;534;1.3107911110471997e-06;1.9658030488486312e-06;1.8830963871578687e-05;8.060433015185967e-07;2.4333807705803876e-06;1.4905371685197173e-06;1.6668044784395875e-06;1.2066277615054652e-06;9.649508115378518e-07;1.1456405384357993e-06;1.5120462056569552e-06;1.2072560567394868e-06;7.84606738650369e-07;1.187131583823099e-06;1.3244674428718057e-06;1.1014545941202702e-06;3.5345979690243405e-06;2.5712546892441137e-06;3.114232594604881e-06;2.1279274517526783e-06;1.3214699148953008e-06;1.364980713459991e-06;2.2937337928540937e-06;1.716854776129332e-06;1.0063895395352476e-06;1.7041042648215116e-06;1.7326355064833017e-06;6.919712108516937e-06;1.3173616189665953e-05;7.996022726446713e-05;3.766963152258143e-05;4.081081746122752e-05;1.1064793938573909e-05;9.199748731975704e-07;2.335003419363472e-05;2.2631631432781826e-06;1.0278624528892473e-06;7.991520093177427e-06;8.202132177342383e-07
21:03:31;535;1.4227170140980083e-06;2.077509332340486e-06;2.3984372656354305e-05;1.2319422797446578e-06;1.4485082160398122e-06;1.897344829451051e-06;2.0474584469874135e-06;1.3622723838676878e-06;8.786458154991744e-07;8.940682504646443e-07;1.5895067111415528e-06;1.5519150034554678e-06;1.3568555752095015e-06;1.3123596236397361e-06;1.501726611427304e-06;1.5259696510838694e-06;2.5334579328920903e-06;2.965935940480875e-06;3.4578249625743018e-06;2.3087478911281635e-06;1.1991685498655955e-06;1.086249308403389e-06;2.4098618597017315e-06;2.1577359247422016e-06;1.5377108182672346e-06;1.8212402014623992e-06;1.92620817973806e-06;6.318836955804429e-06;1.672224099487437e-05;0.00014935254532826651;3.643714186601769e-05;3.4889800656618964e-05;9.529344896851774e-06;9.037480562179786e-07;2.0910375094136627e-05;2.6117355736673617e-06;1.1414824552362862e-06;8.284256009965052e-06;7.109639885945806e-07
21:05:53;536;1.6953017278483045e-06;2.350964594577679e-06;2.2759382232884423e-05;1.7162129962015755e-06;1.7845770842486983e-06;1.6426244587561003e-06;2.4998498476107174e-06;2.7523254066155998e-06;1.211271284889454e-06;1.0703334564109535e-06;1.5805281991470628e-06;1.3867197572055416e-06;1.1064859228456085e-06;1.6566160885906294e-06;1.9360757319766075e-06;2.0216186753771845e-06;2.944580576039226e-06;2.7130594263107462e-06;3.890946264975723e-06;3.7722936552579743e-06;1.5847889961127915e-06;1.1779220304975476e-06;2.4494916939907345e-06;1.9758674236786476e-06;1.3094555582408903e-06;2.0366086317475885e-06;2.3349412766590464e-06;6.6616680544002235e-06;1.4013430578470266e-05;0.00013428780317259326;3.0155220928392586e-05;4.138600562487267e-05;9.86424582125656e-06;7.650364682324122e-07;2.299048703028254e-05;2.704924184258234e-06;6.863381285451122e-07;8.889763162915101e-06;7.076636403940323e-07
21:08:15;537;1.772620350302325e-06;2.4303892184399977e-06;2.1386572147535633e-05;9.458744639251843e-07;1.8490663079068719e-06;2.3955711781941216e-06;1.8013544451633834e-06;1.69816388886155e-06;1.5161623229625383e-06;7.650372575036939e-07;2.5704522431365975e-06;1.5829741436041382e-06;2.673466378944056e-06;2.0088824092697037e-06;1.464438655270199e-06;1.236206954568912e-06;3.0616415556381336e-06;3.367516850216183e-06;3.158691165078346e-06;2.704175680656026e-06;1.8224801550199508e-06;1.056615940486361e-06;3.424014776216229e-06;2.148059545820443e-06;2.8821741148309643e-06;2.4860498236113376e-06;1.817042886291865e-06;6.573566475487672e-06;1.593387388209944e-05;0.00011575132492417666;2.9689076094906207e-05;4.230656446165061e-05;9.092233462933964e-06;1.2592830286632522e-06;2.3013209937166993e-05;1.985187814010004e-06;1.1226044785545374e-06;8.98228728280134e-06;9.296539279768698e-07
21:10:36;538;1.4924874579042517e-06;2.1689631446723163e-06;2.327925548705209e-05;1.0074185539110658e-06;2.2380573906456323e-06;1.7166449493414988e-06;1.8276382309778683e-06;2.211083740019407e-06;1.0844247044581514e-06;6.269727373235541e-07;1.3657488591369635e-06;1.200232393876051e-06;8.303022185755666e-07;1.3449657841587994e-06;2.4563594203512324e-06;1.2909933885463102e-06;3.3899413487049487e-06;2.8285404740225067e-06;3.2620908463793023e-06;3.242936411626505e-06;1.3726440722851443e-06;9.058091011324962e-07;2.292226043474456e-06;1.757170958004695e-06;1.0386288457809741e-06;1.822290814628484e-06;2.824284579909994e-06;6.816195283844502e-06;1.2237637659367393e-05;0.0001524351512754427;3.161753747167013e-05;3.062495345044569e-05;9.290808879207036e-06;8.711745717245486e-07;2.3133587753488407e-05;2.182275137306905e-06;1.0105414630484493e-06;8.402808500137059e-06;7.283943989422442e-07
21:12:58;539;1.6315915513199675e-06;2.2504452973879766e-06;2.3358137401723777e-05;1.6204077838724826e-06;1.6313200978340154e-06;2.094392432735762e-06;1.4454747149531242e-06;1.4068493338373598e-06;8.339500918921126e-07;2.6020132964225824e-06;1.2992449231222478e-06;1.783683431904654e-06;1.3627817947246192e-06;1.2365777030222025e-06;2.2624025880995706e-06;1.928806229783202e-06;2.7435474961909873e-06;3.1802744673124053e-06;2.811065982475352e-06;2.257426629086372e-06;1.1171998563394815e-06;2.6037340243811177e-06;2.16285092582312e-06;2.3572715287593404e-06;1.5589798353970234e-06;1.7049384196876486e-06;2.5792471401646138e-06;6.87186450750242e-06;1.753012422912234e-05;0.00013500175927593132;4.385735147864704e-05;3.5238541416795115e-05;9.201883040989834e-06;9.823600248052217e-07;1.8880566943432812e-05;2.319298636070288e-06;1.3314866199121958e-06;7.866854222538947e-06;1.2155584249377464e-06
21:15:20;540;1.5188526927480759e-06;2.166814168429229e-06;2.485363058861671e-05;1.3665164499763385e-06;1.719486736752949e-06;1.5705210027825636e-06;1.5591153704651684e-06;2.1260149771571624e-06;8.581765527699242e-07;1.5310791954674259e-06;1.3161750822150835e-06;1.1118018300751684e-06;7.190264141259722e-07;1.4635025353209647e-06;2.884815750160318e-06;1.6986771041484655e-06;2.8204864825459515e-06;2.7170792317163065e-06;2.95926191869558e-06;3.024947414826473e-06;1.1553111676221306e-06;1.7078047109482467e-06;2.112669591629646e-06;1.688376296672836e-06;9.488841941720814e-07;1.99629444298957e-06;3.171976660741154e-06;6.9258707197673215e-06;1.8949476429754515e-05;0.0001404007176157056;4.727605652459657e-05;4.253193630444745e-05;1.0521636381911678e-05;7.28341103269256e-07;1.8616234058194205e-05;2.0506121844668694e-06;8.634220708819995e-07;8.463213957996165e-06;9.160497124087935e-07
21:17:41;541;2.1549166947016314e-06;2.810469941093138e-06;3.1126214627841277e-05;1.1796020866357408e-06;1.8440498227402136e-06;2.8639770671387312e-06;2.0529211636502707e-06;2.1434264204342215e-06;1.5205759826225125e-06;1.4679797776957897e-06;1.8068890656828465e-06;4.009042433947033e-06;2.6903812821191506e-06;1.806095416738303e-06;2.474058942441621e-06;1.5446932969075245e-06;2.9753378146180485e-06;3.978075866040013e-06;3.5221785713509213e-06;3.0440083860469978e-06;1.791026944328557e-06;1.4994375536084186e-06;2.625356092387766e-06;4.621760751168823e-06;2.9979961395896035e-06;2.3667847886550773e-06;2.7589824501866376e-06;6.480421001298007e-06;1.3947186228615235e-05;0.0002223415245133596;3.710695171513637e-05;4.481237810940734e-05;1.0109915076053513e-05;9.192181525079331e-07;2.4823312629304442e-05;2.5268922947006933e-06;1.2154827014001848e-06;8.539592173495997e-06;6.917009388161448e-07
21:20:03;542;1.4074767505821806e-06;2.068216190309613e-06;2.674929848046921e-05;9.909185555333588e-07;2.132862726030153e-06;2.642157903697363e-06;1.6586596492244738e-06;1.2112862249386518e-06;1.3764505931813564e-06;7.279493417146974e-07;1.239044905787523e-06;1.662071387348812e-06;7.621911941591009e-07;1.212483795789219e-06;1.2736442811119146e-06;1.2772225896765984e-06;3.2875175667315856e-06;3.778132380991533e-06;3.0355102445597205e-06;2.126860287797724e-06;1.6553451860666347e-06;9.483143403370757e-07;2.111437004691364e-06;2.262882217225144e-06;1.0385969623792887e-06;1.6576007876118397e-06;1.6391737478696524e-06;6.273783023120458e-06;1.4695118298132153e-05;0.00017895911007710283;4.0321659949628754e-05;3.845438953245457e-05;9.161617305038164e-06;8.552053108910545e-07;1.9803305759908728e-05;2.3926228172308193e-06;1.2641694545637907e-06;8.044340675374956e-06;7.662595621842151e-07
21:22:25;543;2.1086582498694186e-06;2.7263507128069088e-06;3.49841103786646e-05;1.8507640848562026e-06;3.7987510465727197e-06;3.932646603033163e-06;2.661840432435528e-06;2.295820037836258e-06;2.279689661205902e-06;8.593262574650076e-07;1.2887037633388134e-06;1.413416722167488e-06;1.1123540206916325e-06;1.6849688786861479e-06;2.125616615732507e-06;2.1092854302003595e-06;4.852685942981374e-06;4.938821670685119e-06;4.088053617435227e-06;3.3055761423959585e-06;2.4950058597041097e-06;9.952113650423242e-07;2.156243423789558e-06;1.987055794369887e-06;1.3081090009673293e-06;2.0947454729565245e-06;2.385413915385758e-06;6.8553712550116e-06;2.6732269162622743e-05;0.00022995132385399554;6.2442591220594e-05;4.603008805578229e-05;1.236891919959861e-05;6.671246862196316e-07;2.2052689643822147e-05;2.2735859600368333e-06;8.854858713373387e-07;8.8671587790301e-06;6.827168559242741e-07
21:24:46;544;1.8437164861495603e-06;2.5111757674460044e-06;2.1642753957950902e-05;1.496536672039962e-06;2.3077131328299383e-06;2.223708419099327e-06;1.8923735325415691e-06;1.8100033847481065e-06;1.5179160565249494e-06;2.0156680572727934e-06;1.8542445152647247e-06;2.1623626937512923e-06;1.7208697270408957e-06;1.9402274034680484e-06;1.182973678691791e-06;1.8608448922523051e-06;3.408643440799338e-06;3.3649270899562147e-06;3.3430150356080164e-06;2.862295310720422e-06;1.831274503965227e-06;2.064031688653042e-06;2.6807045609921606e-06;2.6732126127770453e-06;1.9832044843704216e-06;2.5092312217232494e-06;1.5527232508132709e-06;6.810475684102103e-06;1.2264375507154818e-05;0.00012512119651286662;2.7760943448363228e-05;4.081160879687621e-05;1.1577519236701193e-05;8.841933771613363e-07;2.2652262226131186e-05;1.9844980382314082e-06;1.2123087347208764e-06;7.984476132778497e-06;6.491898003232604e-07
21:27:08;545;1.653904125572839e-06;2.3267825249201417e-06;2.4003484637352402e-05;1.5114835237962543e-06;2.287792554834699e-06;2.7171962569254178e-06;2.1435365348568522e-06;1.5772080599128138e-06;1.2508648445930248e-06;9.344208407439809e-07;1.8237068807829877e-06;1.5084240906853614e-06;8.099015611697589e-07;1.6163328343633443e-06;1.6659810563817763e-06;1.8729587140966677e-06;3.3899603847744346e-06;3.7508123229219816e-06;3.5864256109493046e-06;2.600828270836165e-06;1.5173262156593732e-06;1.1570961668198084e-06;2.723833209886293e-06;2.058206516117428e-06;1.0764965657449177e-06;2.0982209026108568e-06;2.0892245091297673e-06;7.686980694106346e-06;1.1856855685181767e-05;0.00015948841678077968;3.385339337904693e-05;3.19490914767277e-05;1.0282789099630698e-05;7.304877816183141e-07;1.94909150936518e-05;2.5009539710605784e-06;7.271504183389487e-07;8.89379463542007e-06;5.809866326659187e-07
21:29:30;546;1.737889201920821e-06;2.4124507593955106e-06;1.871324861232343e-05;9.197620320316507e-07;1.933153134297589e-06;2.20277360699325e-06;1.7072693466634414e-06;2.6281455898023087e-06;1.0534378212573807e-06;1.2120805193870476e-06;1.3214527176750515e-06;2.0671360103237517e-06;1.2218529596581944e-06;1.3836348668018095e-06;3.203971215529319e-06;1.2301086904192778e-06;3.0723437035542505e-06;3.262596856420484e-06;3.2081411978951212e-06;3.619917104319766e-06;1.4148998994768808e-06;1.3207248494963314e-06;2.233371659874333e-06;2.741630708764597e-06;1.4663901318191522e-06;1.8512562407142722e-06;3.528027433920998e-06;7.186447400704337e-06;2.529070299618697e-05;7.983317466297058e-05;3.388257010250171e-05;3.4558137767835785e-05;7.3490791040415335e-06;1.3355343381767523e-06;2.2794505025915854e-05;2.429198893006717e-06;9.058879772264614e-07;8.306209701533217e-06;6.875353777812444e-07
21:31:51;547;1.525766414706647e-06;2.176555698543446e-06;2.3983443453548642e-05;9.340041125162977e-07;1.8615905793046232e-06;1.925337060852557e-06;2.6371731134198417e-06;1.7171671794390486e-06;9.49874068693775e-07;9.423339367406217e-07;1.87146102396825e-06;1.781014831695157e-06;7.631938794070627e-07;1.2286339234082986e-06;1.6974128171718597e-06;1.2528805043558937e-06;2.977787361591185e-06;2.977114442003341e-06;4.067007599196241e-06;2.6452095745540484e-06;1.2706616308904918e-06;1.1230617245398863e-06;2.7293772881179555e-06;2.314900255821814e-06;1.0181486152737019e-06;1.7499405154196693e-06;1.992577895065022e-06;6.7302825574009455e-06;1.2810058032440023e-05;0.00014687860974109873;3.6770621676449755e-05;3.757744430350428e-05;1.1006753644862526e-05;6.260248969648721e-07;2.3107283614749145e-05;2.32309953011047e-06;7.07410010997818e-07;8.668352649407903e-06;5.953807845972801e-07
21:34:13;548;1.5066477034056644e-06;2.201899122420527e-06;2.002540776535535e-05;1.0808904778094395e-06;1.806429771827373e-06;1.6560191792403989e-06;1.7373403801651028e-06;1.6402489827785613e-06;1.17534564464899e-06;8.958189014827347e-07;1.8933937210812763e-06;1.7977913630511984e-06;1.4303027508236452e-06;1.725123099483028e-06;1.2410677351258992e-06;1.413188218935553e-06;2.9299387345222214e-06;2.7848993363765162e-06;3.2472231968992524e-06;2.7086375983436726e-06;1.5082206173362085e-06;1.1008568366424364e-06;2.786729012342808e-06;2.40932590972816e-06;1.680364217503942e-06;2.2545906504783027e-06;1.5988141843921814e-06;6.831796792744528e-06;1.903021978591273e-05;9.88856038267525e-05;3.550535046581736e-05;3.348988757792804e-05;1.1463621457733219e-05;7.301330524080512e-07;2.2225670075798516e-05;2.5218715840863946e-06;6.407469616654166e-07;8.204445749672667e-06;7.755458537448546e-07
21:36:35;549;1.3178574126920302e-06;1.963516443895428e-06;2.2107135903061655e-05;8.402716643293476e-07;1.883741886840343e-06;1.4500016867202703e-06;1.7938347710678604e-06;1.4586706534364617e-06;1.2272300060219137e-06;6.051965007923922e-07;1.2845972668626162e-06;1.636993192151563e-06;9.173264987616392e-07;1.1822046127495478e-06;1.5342197171687066e-06;1.0971731032003834e-06;3.0220594870898604e-06;2.52715562821115e-06;3.1965051370713775e-06;2.410499816989291e-06;1.544207636090758e-06;7.871663692179637e-07;2.100127914408277e-06;2.1833846164865254e-06;1.1549327098956509e-06;1.6615786238663198e-06;1.8774054581891631e-06;7.252824217708996e-06;1.6485592684182293e-05;0.00012919907850399994;3.1343375571403534e-05;3.5251175357306216e-05;1.1034910670727892e-05;8.696643903611125e-07;2.122269862029216e-05;2.196134429230127e-06;4.937554002727283e-07;9.1589066204551e-06;7.775143707997761e-07
21:38:56;550;1.5406097614603906e-06;2.1822329702594797e-06;1.870775615557267e-05;9.244385163627427e-07;2.672108543806799e-06;1.6506822109589465e-06;2.2232222979761733e-06;1.4694784130530147e-06;9.640005258695148e-07;1.408044883920535e-06;1.4431360163446139e-06;1.4462924353091984e-06;8.993427145220778e-07;1.397287183493099e-06;1.989282924083372e-06;1.2605805987801385e-06;3.7753310135497174e-06;2.672770687574565e-06;3.6364546868074435e-06;2.3935159949555953e-06;1.2578473678895765e-06;1.535904267498902e-06;2.3106735231027137e-06;2.028555754114228e-06;1.1157342840571017e-06;1.8759113238876482e-06;2.3235153191849294e-06;6.588802520048127e-06;1.7037544285904988e-05;9.02922930377734e-05;3.1898127786377676e-05;3.431613131300625e-05;9.539750006837289e-06;9.043305420846094e-07;2.15425542888532e-05;1.7355362477317247e-06;7.841130647507458e-07;8.742943172003482e-06;1.1109476015006077e-06
21:41:18;551;1.6484619875195057e-06;2.290131064162065e-06;1.6078144343611053e-05;9.394709933229318e-07;1.4957894038532387e-06;2.7683765972144867e-06;2.355920790170723e-06;1.328150969648334e-06;1.9153901795541306e-06;1.4785923928460998e-06;1.4662725349042076e-06;1.2996991806831075e-06;1.608102932996887e-06;1.9078192550607427e-06;1.217958140403203e-06;1.2445953386097383e-06;2.6222023547510433e-06;3.839996475395724e-06;3.747361176200557e-06;2.1564491199753802e-06;2.2440301362149525e-06;1.58296666302105e-06;2.329420722968349e-06;1.856100756343995e-06;1.835744641642963e-06;2.425125997065094e-06;1.597578385440965e-06;7.214763284991552e-06;2.4828621765359048e-05;4.196053592833658e-05;3.550786006668707e-05;4.02341968280973e-05;9.835159002099432e-06;1.2436910485290112e-06;2.0324512424294522e-05;2.3272474846115627e-06;9.91551596607865e-07;7.81246104025443e-06;6.571316534643179e-07
21:43:40;552;1.723210298494719e-06;2.3865388783046394e-06;2.8006150998886574e-05;1.0978634985357096e-06;1.5812121322188555e-06;2.4950196192722016e-06;1.7586683479206302e-06;1.5324980581513357e-06;2.3583156969082935e-06;5.903021154309649e-07;1.5319846190015534e-06;3.063832074187448e-06;8.903703747620284e-07;1.9007178542196357e-06;1.877738682684341e-06;1.411083918022006e-06;2.6766341462358537e-06;3.5364370219961333e-06;3.258293570726454e-06;2.475671311901662e-06;2.585975828049966e-06;8.653226660222756e-07;2.4155062457011117e-06;3.629458335494804e-06;1.0958419137969492e-06;2.390643891275535e-06;2.297596772303775e-06;6.917396322230435e-06;1.3829502468221464e-05;0.00019628005651261207;2.693463851080186e-05;4.689642309729407e-05;1.08697525913488e-05;1.0120476900874521e-06;1.9568335494299476e-05;2.7230154109407896e-06;1.1669718041062978e-06;9.365648929138631e-06;5.100231555576174e-07
21:46:01;553;1.5744085337261864e-06;2.2287819567420135e-06;1.938539091406511e-05;1.9408826357001563e-06;1.659107792645836e-06;2.1346846310812206e-06;1.795270308978626e-06;1.4790969504539155e-06;1.4058913226316412e-06;8.060108661308877e-07;1.5330781276387286e-06;1.4684938507223613e-06;1.0424229395637625e-06;2.357641495688189e-06;1.270321068053642e-06;2.2941295367362027e-06;2.841902928479083e-06;3.1901680255101336e-06;3.1667544285080078e-06;2.41380843639306e-06;1.7300756127629548e-06;1.0247529815652468e-06;2.4158155875865522e-06;2.024658295893091e-06;1.253676998658193e-06;2.730829634591701e-06;1.658810231363739e-06;7.826641954729498e-06;1.1867485928671748e-05;0.00010912313735428516;2.6782420546074715e-05;3.1306289696896885e-05;9.05283114912621e-06;1.0726202918512424e-06;2.3572959190826793e-05;1.6903095045929075e-06;1.2121633426485128e-06;8.455520942233759e-06;6.623110668439926e-07
21:48:23;554;1.3398988320483858e-06;2.004396145522047e-06;1.7765126677057184e-05;8.560068174290336e-07;1.7615733502199502e-06;1.6765839283359376e-06;1.8882615393713629e-06;1.4275284908100099e-06;8.497335388455631e-07;8.620705214527775e-07;1.914842283280326e-06;1.3851482071235532e-06;7.305019644137706e-07;1.7480658021701794e-06;9.784691381575783e-07;1.1388827439261632e-06;2.8801746612437374e-06;2.82720865574378e-06;3.2396640568848955e-06;2.352921769612939e-06;1.1381099576467505e-06;1.0605843198667388e-06;2.779713070917233e-06;1.979467311638807e-06;9.690712356788498e-07;2.314429505969213e-06;1.3725255735440856e-06;7.1865045280439255e-06;1.8936091896809393e-05;7.811218899731015e-05;3.2196801747753644e-05;3.097236605642851e-05;8.36062136196032e-06;1.0624413272576196e-06;2.424695650485477e-05;2.169547498158785e-06;1.0179129680750751e-06;8.30872978446033e-06;6.113574535737242e-07
21:50:45;555;2.1409698574811644e-06;2.7620678361305595e-06;3.2297712671646346e-05;9.989892166021006e-07;1.900542521097877e-06;6.904186556769528e-06;2.41401793326707e-06;1.808077577840224e-06;1.3843951845095923e-06;2.5303589750371524e-06;1.7022862821973335e-06;1.8492461812352252e-06;1.2336593503515691e-06;1.6269399027183082e-06;1.3389377610680113e-06;1.2861530404745879e-06;2.985022563193582e-06;7.927057566443573e-06;3.8574918982726844e-06;2.7427899619362528e-06;1.7261554646637118e-06;2.490299028908385e-06;2.538318825182741e-06;2.330802613823259e-06;1.4333121879921053e-06;2.110437647739742e-06;1.716972372930827e-06;6.952504053335987e-06;2.3745649314725404e-05;0.00022582744888792862;4.1678433976898176e-05;3.880232831367755e-05;1.3712177788521898e-05;8.156770026964001e-07;2.307931494905687e-05;2.134717516898227e-06;1.2850357325222932e-06;8.822541302780996e-06;7.167232207136156e-07
21:53:07;556;2.0511151500489757e-06;2.721757853785537e-06;2.1811222132315144e-05;1.7012875845071305e-06;3.107401814649403e-06;2.182616625293318e-06;2.6582030902101326e-06;2.427530571063647e-06;2.014390955131582e-06;7.033270242166751e-07;1.6387451517794396e-06;1.4058491651622065e-06;8.899941957548921e-07;1.7454347454239703e-06;4.1386000693548075e-06;2.0481591180421537e-06;4.124858821652899e-06;3.3280780314006605e-06;4.044240428431548e-06;3.485142388577699e-06;2.3255448947473935e-06;9.489032503886017e-07;2.522807892402645e-06;2.022841066476919e-06;1.1314578198581802e-06;2.1869445370473935e-06;4.492115191238508e-06;6.759049023644182e-06;2.530371452472594e-05;0.00011509310835802503;2.6198545752380085e-05;3.860772259103742e-05;1.2810057342456986e-05;8.838147491207376e-07;2.4114543860268974e-05;2.4389778028964467e-06;3.9988430709329873e-07;8.25354537135635e-06;8.717019047763038e-07
21:55:28;557;1.461819092279432e-06;2.1386982593234096e-06;2.184271431491631e-05;1.3050606870734782e-06;1.8211913553788472e-06;2.217790888472202e-06;1.653837196807279e-06;1.4684967698418527e-06;1.062384777241541e-06;1.6820113567820014e-06;1.266720866381506e-06;1.6623791450469256e-06;7.39349439529943e-07;1.4926450221285459e-06;1.1699611517166566e-06;1.6086043415328541e-06;2.927747049444072e-06;3.341868954279723e-06;3.1397821082544947e-06;2.4343460341420907e-06;1.4385813941155706e-06;1.8145611760171706e-06;2.113426232219492e-06;2.3103277999901284e-06;9.361649100482501e-07;2.0308424166303876e-06;1.5681258004624858e-06;7.807210962287603e-06;1.6507539392067686e-05;0.0001285010072934318;2.9896637932322215e-05;3.603208867557432e-05;1.1308027883481698e-05;8.673762848728175e-07;1.897670419897901e-05;1.8602334597446723e-06;1.1835249161487269e-06;8.333004534347539e-06;8.39216245737659e-07
21:57:50;558;1.4457871528670487e-06;2.1063981406930194e-06;2.0661034898678552e-05;2.595710946871257e-06;1.8578432566907954e-06;1.5915368670637131e-06;1.8654966844813068e-06;1.140076995153162e-06;9.065582071295224e-07;6.580356517662331e-07;2.1114164303009435e-06;1.639043116664528e-06;8.062214607837151e-07;1.1488166577225654e-06;1.0286891282230604e-06;2.900029500456703e-06;2.934029722278934e-06;2.706982248910899e-06;3.3352778245898662e-06;2.0231014474707597e-06;1.19891076064384e-06;8.905870624368641e-07;2.9626424615735578e-06;2.167358384443255e-06;1.0301614537051527e-06;1.7124092919460319e-06;1.4152867952131451e-06;7.618812712982448e-06;2.1738452388721123e-05;0.00010868165861078098;2.9687546531803313e-05;3.409065793950313e-05;1.0260402847395423e-05;1.0157994001459849e-06;2.1857449754658972e-05;2.0499553470423065e-06;1.196633064754386e-06;9.009042587944128e-06;7.26007598410409e-07
22:00:12;559;1.291635770460754e-06;1.9402462261427037e-06;1.9036063452828358e-05;1.003782977545856e-06;1.46475506011192e-06;1.8436878972203565e-06;1.8084615437497964e-06;1.2648031479530046e-06;1.1842598384765262e-06;1.221668437684736e-06;1.4361725650340935e-06;1.0618187921645534e-06;1.1819723962408995e-06;1.1395736656134985e-06;8.886725211669373e-07;1.2950186178213814e-06;2.6175598491193606e-06;2.86951184465625e-06;3.23312336817414e-06;2.1131989063932554e-06;1.5452363105753108e-06;1.4015430700003924e-06;2.2411317795098213e-06;1.5959173171285318e-06;1.4128122486483012e-06;1.7056795297920169e-06;1.252221139405069e-06;7.174035121705503e-06;1.7526695577665414e-05;8.864068534317051e-05;3.371671744502351e-05;3.699684819143975e-05;1.0945320877970168e-05;6.180815585674924e-07;1.953266571570603e-05;2.031611397905515e-06;1.3144812367400563e-06;8.967219965846364e-06;9.683990021999755e-07
22:02:34;560;1.6124118825576839e-06;2.259843950877773e-06;2.1011628748855476e-05;2.714812723716229e-06;1.6263218566595325e-06;2.0208926937538183e-06;1.9243938936920233e-06;1.451173401889605e-06;1.7408492918717529e-06;1.4083402722807714e-06;1.24935751602803e-06;1.6231764134808848e-06;1.0153785249771892e-06;1.315200109627571e-06;1.2590454016732493e-06;3.017269250449317e-06;2.692659960947695e-06;3.0858576493197757e-06;3.3762973970037303e-06;2.344946726449812e-06;2.1233482085289658e-06;1.5770604540757862e-06;2.108016161988025e-06;2.181421565712552e-06;1.2219651338616328e-06;1.777709928630222e-06;1.6115741043651286e-06;6.807809527116058e-06;2.1877988111818798e-05;0.00010202486156958621;3.2853676994379236e-05;3.857420228626695e-05;1.2719500214122916e-05;7.712739113770256e-07;2.3602314435857335e-05;1.8292388909669877e-06;1.0101083531676371e-06;9.367044332423844e-06;7.015263591826964e-07
22:04:55;561;1.3600045151465876e-06;2.005305615759564e-06;2.435824316367417e-05;1.0440852475923634e-06;1.8468037741505647e-06;1.9081899835591476e-06;1.4409597316568001e-06;1.1748836923140196e-06;1.053013694584205e-06;1.7945153205835915e-06;1.2914684922290833e-06;1.1533440799172856e-06;9.641715320282431e-07;1.1521763991369354e-06;1.4964417215682344e-06;1.39580752118813e-06;2.997960702394934e-06;2.959028174240003e-06;2.8445814810374595e-06;2.0147703313755933e-06;1.3715491158558208e-06;1.900231461892377e-06;2.193334043850088e-06;1.7033207955770378e-06;1.1825603333139192e-06;1.6662829981629054e-06;1.8342397344342686e-06;6.875014172905471e-06;1.4069626264961446e-05;0.00015418271860474328;3.9406876477710805e-05;3.3597011409194516e-05;1.0646959902864158e-05;7.192009853514419e-07;2.0811371956746526e-05;1.8629816208217772e-06;7.949373984828466e-07;8.567729763965866e-06;7.644894063419049e-07
22:07:17;562;1.294517209386599e-06;1.9665364699811773e-06;2.1325651775722254e-05;9.722702981304368e-07;1.7516295904649517e-06;1.7653571611411032e-06;1.3705804108613249e-06;1.6929106028937015e-06;9.521965079044166e-07;6.065178298991275e-07;1.196449406296293e-06;1.6794823699842452e-06;9.499892255071529e-07;1.5722616839978927e-06;1.0245609513923817e-06;1.2624803497302205e-06;2.8343033073160538e-06;2.9796243681998986e-06;2.818838970309611e-06;2.5724219645331985e-06;1.2829050434977289e-06;8.534093334346144e-07;2.0423462639790825e-06;2.2570543809637503e-06;1.2153087205845196e-06;2.0896471651327904e-06;1.3900971342231566e-06;7.0637976740028594e-06;2.1017007109464776e-05;0.00011083100934657504;2.8078302451115488e-05;4.438067599979764e-05;9.61786257421615e-06;9.656688842801059e-07;2.1520473188921196e-05;2.0168844966983048e-06;1.0096656088802458e-06;8.653692408902878e-06;7.527815658124249e-07
22:09:39;563;1.7091993204200084e-06;2.3112000097263506e-06;2.4636690564520985e-05;1.112120516082045e-06;2.348257159793961e-06;2.1515673322173e-06;1.6002976645653049e-06;1.2873182375437089e-06;1.255487753921097e-06;1.982735447905978e-06;3.1648891864415933e-06;1.5464786467169553e-06;8.821824790672395e-07;2.127154907004648e-06;1.0519020050962653e-06;1.4114667713996983e-06;3.39495238101416e-06;3.115792360749535e-06;2.911036616912693e-06;2.1353376217155507e-06;1.5499387996850934e-06;1.9801005573984334e-06;4.111788585541484e-06;2.1113487923397356e-06;1.0615811030346994e-06;2.5797277045011803e-06;1.3713275812227073e-06;7.499774063044001e-06;2.3930546228176595e-05;0.0001410860525585975;4.5853891574169496e-05;3.33200800952484e-05;1.0661665710779098e-05;6.58454718497288e-07;2.0578855608696013e-05;2.684861535125063e-06;3.757037352640029e-07;7.842843717526355e-06;1.1475572291279678e-06
22:12:00;564;1.4727221649867384e-06;2.1228773356355467e-06;2.3516203563261892e-05;7.62682531271511e-07;1.5191939900011613e-06;1.9006149315391563e-06;1.683233696829363e-06;1.357845449331566e-06;8.957075067912839e-07;2.454450429648344e-06;1.1697898467262617e-06;1.703664631995268e-06;8.400274954018466e-07;1.9325926439767667e-06;1.452862368270499e-06;1.0563692184623967e-06;2.6724467779440832e-06;2.9844100113165686e-06;3.066811779740707e-06;2.2710908458261827e-06;1.173271326461884e-06;2.601161130067201e-06;2.0402714763125154e-06;2.2452418335565715e-06;1.0848981324221612e-06;2.3848861796459805e-06;1.8936687704613005e-06;7.057751263658334e-06;1.9805021379504925e-05;0.00014247942989442446;3.026134976553339e-05;3.55774327769893e-05;1.2813425600516302e-05;5.80062688157584e-07;2.0718134473253415e-05;2.1971594454517325e-06;1.1394415767591028e-06;8.784403384297049e-06;7.808305105970977e-07
22:14:22;565;1.989948832139341e-06;2.7006367302799593e-06;2.6453802664762133e-05;1.6142149453072947e-06;3.0961615235272886e-06;1.869925645921326e-06;2.3562225280377387e-06;2.1030895187770038e-06;1.345747322063899e-06;2.7922123128379637e-06;2.3012959901339256e-06;1.6766114825372824e-06;2.0500996397872355e-06;1.5725072716289323e-06;1.1012970303783929e-06;1.9793457271635483e-06;4.229129488038192e-06;2.9802089171379854e-06;3.7970135658321817e-06;3.147452852766647e-06;1.6264882913363388e-06;3.1841005532246356e-06;3.241984497343523e-06;2.2583795320131202e-06;2.2665128179003753e-06;2.177305516483954e-06;1.5197184364043568e-06;6.562537808198501e-06;1.818952036929674e-05;0.00017264164897198324;3.0304992642892017e-05;3.9441330217668e-05;1.1259223209743515e-05;9.308868385771367e-07;2.568349091086935e-05;2.1525809546993147e-06;8.139481793377539e-07;8.618433141134919e-06;8.47038732745102e-07
22:16:44;566;1.4428746643540598e-06;2.11234327155039e-06;2.1853339376294447e-05;1.322039439941782e-06;1.988404695845764e-06;2.0832487227809535e-06;1.9112588426653785e-06;1.3688648799520757e-06;1.4085177801477626e-06;5.35635557241676e-07;1.4977498698246192e-06;1.0377857348425386e-06;9.541392028790019e-07;1.3092772121419733e-06;1.8975736264727836e-06;1.6241310041101614e-06;3.086597281495254e-06;3.1501740249375043e-06;3.3598375950210146e-06;2.299646697090655e-06;1.7187332467741886e-06;7.737036170671868e-07;2.418186231577088e-06;1.629901427079432e-06;1.1669410245983123e-06;1.812498162853214e-06;2.307768126448087e-06;6.946395525376975e-06;2.313101382065903e-05;0.00011896874326538056;2.8388063305647572e-05;3.901552481463192e-05;1.085110194415293e-05;8.722397159110079e-07;2.0980151919561257e-05;2.1021286615461497e-06;1.2750879234206004e-06;8.645891628421347e-06;1.063729990824022e-06
22:19:05;567;2.0055544344446927e-06;2.6771513465156447e-06;2.156173598951629e-05;1.739024186310122e-06;2.488359503257956e-06;2.0428649668053307e-06;3.876547561015348e-06;2.2899375443136645e-06;1.721045232953729e-06;8.335980200255025e-07;1.94172223124476e-06;2.6889283307437752e-06;9.173378582406532e-07;1.4255744576726928e-06;2.101712535562683e-06;2.087183191443855e-06;3.662294217019159e-06;3.179234241381696e-06;5.264182155320968e-06;3.3424936217198605e-06;2.079075419617225e-06;1.0772405626315198e-06;2.717285013527026e-06;3.249046558209292e-06;1.1376022789993874e-06;1.8883663343227522e-06;2.4418116170843723e-06;7.360156624812831e-06;1.3400043221658122e-05;0.0001236850881962357;3.822406087658889e-05;3.349679003156752e-05;9.972759881009605e-06;7.123242289074286e-07;1.934039431739753e-05;1.8182482294443846e-06;9.779308727925098e-07;8.588317443016677e-06;1.1647179507642485e-06
22:21:27;568;1.7402184412676744e-06;2.364818274030238e-06;2.7025784692192063e-05;8.706580603549825e-07;4.520313410694143e-06;1.848787840879657e-06;2.770717074763628e-06;1.5698377115407942e-06;1.3729914619372865e-06;1.0333201190462014e-06;1.3392440183098002e-06;1.6286102646680753e-06;1.475851293458225e-06;1.5266072764707028e-06;9.256822282437001e-07;1.1480446452959412e-06;5.5242281356370345e-06;2.925515005538532e-06;4.239355095268354e-06;2.4110491014215755e-06;1.651826628806737e-06;1.1818222092878835e-06;2.165937388194316e-06;2.185480135451627e-06;1.6784190263565448e-06;1.990106135986313e-06;1.276034898246162e-06;6.5735412681315e-06;2.8107805862301596e-05;0.00015339341438782891;5.5009512063151804e-05;4.211302468630519e-05;9.84752627774031e-06;8.514479441966469e-07;1.5607770852362578e-05;1.945405549910505e-06;1.0886024058256384e-06;8.82937160843811e-06;9.419934001119073e-07
22:23:49;569;1.1082585578944562e-06;1.762159051476017e-06;2.4667895878038295e-05;9.304241093940649e-07;1.3027336878740863e-06;1.5948206939307077e-06;1.5332241435249794e-06;9.817349479619835e-07;1.0895829076964312e-06;6.434453153322554e-07;1.210541359113067e-06;1.4342326586167722e-06;6.320015153135375e-07;1.169250920247061e-06;7.771100237247647e-07;1.2046700343881075e-06;2.402972663270403e-06;2.7289331726450066e-06;2.961351390672174e-06;1.871987911968811e-06;1.3521341454087392e-06;9.037700550247274e-07;2.0586657245973895e-06;2.05083247986099e-06;8.544338184152895e-07;1.6391512752917047e-06;1.117005391405874e-06;6.436406241752254e-06;1.738487030735737e-05;0.0001600805633677873;3.3840132046250136e-05;3.360407484343056e-05;9.352664954299774e-06;8.134288856729808e-07;2.1727740814268705e-05;2.035164109674845e-06;8.752919664174021e-07;9.018418879614738e-06;8.459941199335781e-07
22:26:10;570;2.0494944161180744e-06;2.72747600815186e-06;2.567490266178877e-05;1.4239701960602504e-06;2.28719861523013e-06;5.808397382299869e-06;2.0905014695477515e-06;2.171503861089522e-06;1.4366301413947336e-06;1.0711738423132353e-06;1.5636224807057497e-06;1.8330655333833399e-06;1.2807696310785326e-06;1.8941640800498114e-06;1.7329349163733552e-06;1.7692603414961692e-06;3.5103484139964867e-06;6.875640677588054e-06;3.512537337491831e-06;3.105648261225724e-06;1.7774020819425585e-06;1.3410078434136739e-06;2.4702095069636627e-06;2.430058730802741e-06;1.4899815127298294e-06;2.338937190559798e-06;2.1086795462722393e-06;7.135994885775132e-06;1.505528720214743e-05;0.00016538426453077166;3.068692827374981e-05;4.254280080986191e-05;1.2294509201274856e-05;7.766212025372961e-07;2.1438983276971767e-05;2.0165141463567846e-06;1.1201408178324602e-06;9.010986115714727e-06;6.358014784714936e-07
22:28:32;571;1.3143950529194048e-06;1.9580841414113543e-06;1.8836869210395697e-05;8.247920074195231e-07;1.7919157487126953e-06;1.8048804818381437e-06;1.9797260251343895e-06;1.0572701900231478e-06;8.243945295709083e-07;1.406016738632458e-06;1.2427411929426635e-06;1.2426106429879786e-06;6.533532634709551e-07;2.0002311451605692e-06;9.448082176823711e-07;1.1331423004638146e-06;2.9007810280169987e-06;2.948759790538306e-06;3.262057574990845e-06;1.9243709615854837e-06;1.118011442929257e-06;1.5418880741867436e-06;2.092123555151294e-06;1.820589039232777e-06;8.752639075737534e-07;2.5655316218795125e-06;1.3144895452178043e-06;6.240350477481554e-06;1.9499127408249675e-05;9.101861154216917e-05;3.158185341132133e-05;3.481987338846173e-05;9.377423001139594e-06;8.375051254400101e-07;2.076977292271482e-05;2.1776819240991266e-06;7.852602161050634e-07;8.358313565651002e-06;5.76657541915272e-07
22:30:54;572;1.4417378860865815e-06;2.072083792064646e-06;2.1101168027009695e-05;8.208842427622058e-07;1.6898853545590307e-06;1.5555856336391116e-06;2.4875283817429117e-06;1.346041111541493e-06;7.068112766991678e-07;2.0067907730721273e-06;1.7917088826732455e-06;1.43411811686695e-06;7.393178846096501e-07;1.1078556090282632e-06;1.6143268447263184e-06;1.1380833340601523e-06;2.798428740673824e-06;2.695330214366918e-06;3.899463348992683e-06;2.1945907428312525e-06;1.0325943469956367e-06;1.976340073828327e-06;2.714965055158153e-06;1.988849260358827e-06;9.349160378302328e-07;1.5591023703805898e-06;1.9323411874487463e-06;6.81210137065668e-06;2.245447679213943e-05;0.00010477664258489366;4.309070800690458e-05;3.137495472361999e-05;8.950491884887567e-06;9.409636879926655e-07;2.3020327305857943e-05;1.9534164756234242e-06;7.049445056243865e-07;8.40563085682457e-06;7.2935812909149e-07
22:33:15;573;1.3993368593968503e-06;2.05724394117503e-06;1.9586336286512636e-05;1.113508378028624e-06;2.5189369139220408e-06;1.887230580053447e-06;1.7124525237025265e-06;1.3600111049460006e-06;8.661171370408479e-07;5.719273917085972e-07;1.4910424013853623e-06;1.090029566810167e-06;8.451645873657815e-07;2.1823427805080864e-06;1.1532784698140766e-06;1.4019267368146044e-06;3.544496466123677e-06;3.02847746165235e-06;3.12523566150693e-06;2.28460072476888e-06;1.1525122833023213e-06;7.991710909128771e-07;2.4212633514805563e-06;1.703974222908971e-06;1.0684511302822068e-06;2.6418907679461753e-06;1.5149264707165284e-06;6.874437073296375e-06;1.991463378476426e-05;9.885805506482813e-05;2.7668632679005953e-05;3.754216425978808e-05;8.089633089654036e-06;1.32434840223437e-06;2.34783432341795e-05;2.0574020894155944e-06;9.282620767639932e-07;7.717209460151366e-06;5.829142240700418e-07
22:35:37;574;1.6388024487344988e-06;2.2746247839078724e-06;1.903759248924436e-05;1.20819916632991e-06;2.8997301300328426e-06;2.259328248205799e-06;1.5692628859395343e-06;1.4265785558914053e-06;2.82841061101506e-06;6.520759053728721e-07;1.5120578319932128e-06;1.4973319487733183e-06;1.0022067308571279e-06;1.2563900143288977e-06;1.5540569251661716e-06;1.5121136446488222e-06;3.885479757144234e-06;3.4039650950322953e-06;3.015093269984586e-06;2.318055228183939e-06;3.0741752560729018e-06;8.199475403907394e-07;2.384434857290965e-06;2.1305548912844446e-06;1.1963939146604573e-06;1.7197473607090696e-06;1.8355355355715455e-06;6.572874343260097e-06;1.3667111618658812e-05;8.524394163464238e-05;3.726378717729404e-05;3.7982989156222666e-05;8.550016324313789e-06;1.1356073509091418e-06;2.5756137987326486e-05;1.9306537043863078e-06;7.465244226529348e-07;9.017586364550925e-06;5.838797867148251e-07
22:37:59;575;1.2335563886719827e-06;1.8983743176031106e-06;2.0162129952901092e-05;1.1514855693597135e-06;1.7125782327618502e-06;1.6636418192949132e-06;1.6468920942939875e-06;1.7028034823790057e-06;9.75622577957903e-07;7.55293710161001e-07;1.3291454730370653e-06;9.534916358688861e-07;6.500827653965757e-07;1.1490552810658725e-06;1.1125835413365466e-06;1.4294968577181679e-06;2.873916798042829e-06;2.7843248551994007e-06;3.0753169741291445e-06;2.6668882830701383e-06;1.2770314367715607e-06;9.785340322898403e-07;2.162578494744018e-06;1.5645305815775794e-06;8.595891006136091e-07;1.5966988796000944e-06;1.5115848763735248e-06;7.451624845515852e-06;1.6551988004348637e-05;9.995177219149821e-05;3.125806719794677e-05;3.80464416949601e-05;1.1743681000433485e-05;1.5998397554566008e-06;2.3024827899675402e-05;2.131381319757418e-06;1.3710990404316901e-06;8.114518633409165e-06;7.003178513797954e-07
22:40:20;576;1.5866991447601528e-06;2.2667242826139066e-06;1.9587652610258705e-05;9.704630494766775e-07;2.2054305630221775e-06;1.8377110212565062e-06;3.219829128330399e-06;1.3438171992548447e-06;1.1763267433260374e-06;1.093383569259678e-06;2.4868430001328594e-06;1.1095259009734222e-06;1.0499216248728194e-06;1.503930733564635e-06;1.0432067313427173e-06;1.3048094275820658e-06;3.342059845992849e-06;2.9701403272605304e-06;4.6650153031989735e-06;2.2574680283641895e-06;1.5696025219698687e-06;1.271025122248461e-06;3.3850828164954862e-06;1.6999667115116978e-06;1.2835561683114296e-06;2.0127797597524477e-06;1.4391846686429503e-06;7.354986473989456e-06;1.226510535663115e-05;0.0001018006662971932;2.9998373229882773e-05;3.9088273511977846e-05;8.74299186215662e-06;9.443662081701951e-07;2.315281144067064e-05;1.9599623187340415e-06;1.0821610337371325e-06;7.810534903845411e-06;8.515986861159862e-07
22:42:42;577;1.3226696930440147e-06;1.9854091614076966e-06;1.7822777201122815e-05;1.6950221762744955e-06;1.5313932583441412e-06;1.8497107876088008e-06;1.8751311916531677e-06;1.5557280054100497e-06;1.289400536483046e-06;8.754087792843408e-07;1.110510030357468e-06;1.2133196979649794e-06;7.459509467496033e-07;1.0774866087036694e-06;1.052973829906989e-06;1.9679353778848984e-06;2.6858917949481755e-06;2.9797080575422747e-06;3.2806516703456945e-06;2.4647699429127137e-06;1.679406027419703e-06;9.931336114444589e-07;1.946253327839224e-06;1.8300396591200032e-06;9.747837222526363e-07;1.5643907107903344e-06;1.4579453965227373e-06;6.616197631369841e-06;1.9083475789636297e-05;7.68087045692263e-05;3.3997520434388964e-05;3.58088532053336e-05;9.293472178251565e-06;1.2536687882474524e-06;1.7679526812449138e-05;2.7750209455773726e-06;8.728712559794867e-07;8.868543609792218e-06;8.154711932215214e-07
22:45:04;578;1.310180808127887e-06;1.9718664284079716e-06;2.143609014044958e-05;7.939770541637808e-07;1.8030307122077458e-06;1.5746858918222726e-06;2.2726810037131497e-06;1.41148389865009e-06;9.825631390130758e-07;7.061331106505975e-07;1.2304590980863592e-06;1.98880189052695e-06;6.639210015696956e-07;1.3486669726054339e-06;9.457654948489975e-07;1.1031213280666288e-06;2.932675956684232e-06;2.6911689954868974e-06;3.6590802843604734e-06;2.3243706284373255e-06;1.3049107815565053e-06;9.556799126803987e-07;2.1070607421210345e-06;2.510251591312353e-06;8.860968309703292e-07;1.8659977711972196e-06;1.3219817891626055e-06;6.772488167565262e-06;1.878983221296993e-05;0.00011810389350603044;3.3019391980401835e-05;3.9417893859337e-05;9.247890182064253e-06;8.043275250941326e-07;1.8881780275287048e-05;2.0714591001172495e-06;9.754342171523464e-07;8.335769625091471e-06;8.129210342840471e-07
22:47:25;579;1.4411367551435783e-06;2.113984992953376e-06;1.9316422121571688e-05;1.2014298908463223e-06;3.371858678491435e-06;1.4702815772951991e-06;1.5599413410298397e-06;1.3089716453377904e-06;1.0333796186837416e-06;1.3489798688194232e-06;1.2986843000591235e-06;1.4668073106026791e-06;8.884843001524054e-07;1.460034047359474e-06;8.847879750881951e-07;1.4851847009606588e-06;4.566856682974008e-06;2.622479848492109e-06;3.0275104989736457e-06;2.2544663734957862e-06;1.3352534488494481e-06;1.5066524498781545e-06;2.2134273836578543e-06;2.026044403234514e-06;1.1371966112636972e-06;1.9179492742123445e-06;1.274797271671099e-06;6.589581952604194e-06;2.0959930165964794e-05;8.568235323138438e-05;3.473967578903376e-05;3.7634184935048286e-05;9.473601157609455e-06;7.076310472578187e-07;2.3592011428511163e-05;2.1648144190878093e-06;9.987191875917274e-07;8.594348228810548e-06;6.602139159563501e-07
22:49:47;580;1.2671879337359955e-06;1.9095980319492165e-06;2.565527044186832e-05;9.730417510925546e-07;1.4662388914323607e-06;2.7043438546314746e-06;1.5692822384591212e-06;1.2599207263748595e-06;9.053482291934952e-07;7.017278244541619e-07;1.7043249612410962e-06;1.1514496423004061e-06;6.390251992005602e-07;1.0748524825743289e-06;1.056698943054228e-06;1.2444179288603997e-06;2.6177157267255418e-06;3.7801964302886945e-06;2.9564848975059236e-06;2.177592861405369e-06;1.2024383829899721e-06;8.259634477804245e-07;2.550056739339566e-06;1.72992431141176e-06;8.67444865777163e-07;1.5143523255631672e-06;1.4485878667281074e-06;7.08705980953983e-06;1.5064276005301039e-05;0.0001651136129134257;3.706801891692524e-05;4.0272784342930655e-05;1.0533161545414248e-05;7.793585777054098e-07;1.9928256541012734e-05;1.895615830511887e-06;9.038432453228594e-07;8.548446602550333e-06;6.688109717798833e-07
22:52:09;581;1.781938651422944e-06;2.4622846363923553e-06;2.006807496150166e-05;1.3374625703913265e-06;2.84815640954667e-06;1.9597166908237216e-06;2.209771520030172e-06;1.387625437342489e-06;1.1693527209967092e-06;1.3823510218522663e-06;1.305042145057071e-06;3.5665382676277413e-06;8.289772680424402e-07;2.3676017955861797e-06;1.0206674455110425e-06;1.607914838776979e-06;3.99903442888024e-06;3.168436832530011e-06;3.692311960134524e-06;2.3095289369721977e-06;1.4500646947269588e-06;1.5110507777685194e-06;2.1527895111681065e-06;4.298567963688365e-06;1.0880005131092489e-06;2.8356353011617956e-06;1.4340789373565275e-06;6.764010550185424e-06;1.973674893624323e-05;0.0001059942403648558;2.6076407165128642e-05;3.7543887589739035e-05;9.119633184341022e-06;8.880742821916995e-07;2.1391102824104793e-05;1.8381279503021368e-06;1.1806156471833764e-06;9.099131364859719e-06;1.1849196788850557e-06
22:54:31;582;1.6416278029073406e-06;2.2840938930165045e-06;1.960084656268034e-05;8.119116249215675e-07;1.974758948364297e-06;1.8618291131841405e-06;2.0024451199418536e-06;1.291572197314007e-06;1.7213774489861904e-06;1.18806162233395e-06;1.6081291957060662e-06;1.898923289803375e-06;9.975032836900317e-07;2.509005459636817e-06;1.8340158902674375e-06;1.0939739498306014e-06;3.029063433834519e-06;2.9748768547851565e-06;3.4144358053282893e-06;2.2444375337174646e-06;2.0841622637783097e-06;1.2995441900646348e-06;2.4290026477167804e-06;2.427006925648164e-06;1.23228584444877e-06;2.9103998281531363e-06;2.2699366639509336e-06;6.085819779202132e-06;1.965867815566675e-05;9.13406423268491e-05;2.9720935652518774e-05;4.268628361150115e-05;1.0133724449805857e-05;6.906242583543212e-07;2.1410713556923062e-05;2.2903150433430555e-06;9.738880232388101e-07;9.020689292655084e-06;1.1978446021060257e-06
22:56:52;583;1.1542868839339606e-06;1.8230844077578108e-06;1.84010445064313e-05;7.876200671461866e-07;1.5590491349632367e-06;1.2581317785566946e-06;1.7666670631461494e-06;9.723268830893774e-07;6.604879800258862e-07;7.937678380446042e-07;1.232923333205349e-06;1.735556136220592e-06;1.260327315399934e-06;8.898636916625109e-07;9.347209218352698e-07;1.0845665661990201e-06;2.6491476520749517e-06;2.381052614866717e-06;3.2329093692514786e-06;1.899728479662671e-06;9.674748522989324e-07;1.0095766528932852e-06;2.1053542897351677e-06;2.3524238687531566e-06;1.4731501267570946e-06;1.3974812029832546e-06;1.3241468297875847e-06;6.728102791301847e-06;3.36728669792753e-05;6.308006503832112e-05;3.818455053794842e-05;3.67361645004742e-05;9.169514482122559e-06;8.843547015735374e-07;1.9411574775087196e-05;2.301623739852044e-06;1.0295782167909086e-06;8.178152490677165e-06;1.4359858237512926e-06
22:59:14;584;1.6110819041676387e-06;2.275109048103424e-06;1.910119623113094e-05;8.550331615660283e-07;3.947795666935473e-06;2.045772972278118e-06;1.500386316360453e-06;1.417042709596992e-06;7.816779193218921e-07;1.4180282593398177e-06;1.4442974558548372e-06;1.2169361494265083e-06;6.760342430906457e-07;1.049252965482336e-06;2.980724573265935e-06;1.1462362258901555e-06;5.0790384314415305e-06;3.1967476641949374e-06;2.966727183602531e-06;2.3757056156463926e-06;1.0658454545844944e-06;1.6085059700390624e-06;2.2902239664555182e-06;1.8425263594013538e-06;8.740629888956092e-07;1.5412101063276755e-06;3.3144776778821717e-06;7.357511189285622e-06;2.423897055192335e-05;8.337704057620797e-05;2.8271123330724455e-05;4.2858065716433314e-05;9.129143301458797e-06;8.51516282143749e-07;2.1611621549225696e-05;1.8897131672935432e-06;9.094747943185331e-07;7.79066011956787e-06;9.295141949884045e-07
23:01:36;585;1.6327960086215398e-06;2.3204361903343036e-06;1.8529857255993095e-05;1.0124124804762729e-06;2.3166290195255423e-06;1.668516906537899e-06;1.7884440912461421e-06;1.3389792868811024e-06;1.8315045068429858e-06;7.323486076157596e-07;1.1283896479823015e-06;1.506192706153668e-06;1.3327232897062593e-06;1.143804308722064e-06;3.793606789027525e-06;1.3498069528153952e-06;3.439803399890514e-06;2.7862667544652623e-06;3.205614552538049e-06;2.3030042608366737e-06;2.2049529019844884e-06;9.740827677064714e-07;2.0264616972482042e-06;2.1265095552689096e-06;1.5243457482938538e-06;1.65825318312779e-06;4.2461315791149875e-06;7.5157893257386485e-06;2.1306609208830872e-05;8.661043421708876e-05;2.9879259158931914e-05;3.467587230527446e-05;9.843277407887869e-06;9.739998952361573e-07;1.9365942210170865e-05;2.338145123754009e-06;1.0044613847235603e-06;8.087055058031656e-06;7.574417762483209e-07
23:03:57;586;1.657281929468013e-06;2.2865083510508537e-06;2.2558097396302337e-05;8.773816581547128e-07;1.5658126835531179e-06;3.659995145581392e-06;2.9211325762319844e-06;1.2382857346373364e-06;9.168674620338183e-07;1.9118687154641054e-06;1.6583409511060732e-06;1.2397884760030242e-06;1.5873322946159296e-06;1.103785734247641e-06;1.2067912547244284e-06;1.1802959555765643e-06;2.6187849154574662e-06;4.805798679154588e-06;4.240764285355056e-06;2.1129886925947073e-06;1.1997283913439753e-06;2.0306865419023536e-06;2.5006808360972804e-06;1.8244437958142216e-06;1.765415731105223e-06;1.607985701653727e-06;1.5505258310256494e-06;6.294765927978951e-06;2.2666280869067336e-05;0.00011445504936914956;5.083625013962435e-05;3.31944494077128e-05;9.161164639567818e-06;9.715403140397968e-07;2.0782461548998895e-05;2.184752725065161e-06;8.235368967392115e-07;8.331277696335057e-06;9.956392213490912e-07
23:06:19;587;1.638419225422829e-06;2.2994732958816516e-06;2.2249633413983963e-05;9.693918279005878e-07;1.4809471958249725e-06;1.5013457199877032e-06;4.0370702628936526e-06;1.477844726028753e-06;7.111259309088392e-07;1.7677572533872619e-06;1.3626115495733095e-06;1.2102138297558958e-06;7.790516351216777e-07;1.9494433953972456e-06;2.41422690695391e-06;1.2476764569800242e-06;2.5294608130474145e-06;2.652070218320222e-06;5.524216530945143e-06;2.4269615048783464e-06;1.0093911598658773e-06;1.8449529833664133e-06;2.2308993920830025e-06;1.8440158570067782e-06;1.006063857685264e-06;2.462483525039117e-06;2.815486423175191e-06;6.684948110639577e-06;2.2401595134507425e-05;0.00012615325168401095;2.6051166414317915e-05;4.223734554849398e-05;9.635962043497087e-06;7.724680710956835e-07;2.0392169423047867e-05;2.169908075321731e-06;1.0796528984543818e-06;8.748829221230665e-06;6.683043431903e-07
23:08:41;588;1.2027342107307442e-06;1.8667349180920806e-06;1.9582578935042e-05;9.77695411660565e-07;1.3835862142450785e-06;1.5882218478550798e-06;1.4869140797816014e-06;1.4286347483602215e-06;7.854869002909094e-07;1.3593765501534512e-06;1.2252665477774372e-06;1.1323102105235834e-06;8.879978886352805e-07;1.2842220896399939e-06;8.930975160223201e-07;1.3007447943051328e-06;2.5276148266175945e-06;2.7508983835047465e-06;2.9388930998502013e-06;2.372245341598788e-06;1.0906271222953779e-06;1.4653282355941917e-06;2.0920359990173615e-06;1.7205496055506541e-06;1.0775707351115935e-06;1.805083304387591e-06;1.2592270051547669e-06;6.462811370725451e-06;2.288696958333915e-05;9.727969282791921e-05;2.9455044710763573e-05;3.627409587558847e-05;9.563165696974961e-06;7.920888836800967e-07;1.9543792878536524e-05;2.605551654224611e-06;9.725547746459832e-07;8.364982607386355e-06;7.901963567196457e-07
23:11:02;589;1.2223533842488492e-06;1.9085804181866227e-06;2.0460127620922985e-05;1.1904971027573454e-06;1.3597139903706337e-06;1.4579704590289566e-06;2.010294037901872e-06;1.8045458194393404e-06;9.220667876906997e-07;4.4780552805273094e-07;1.1092175475498194e-06;1.3794667715994924e-06;7.937239428540915e-07;1.0741133633438629e-06;1.1188247909546787e-06;1.5551504525664992e-06;2.4860293182474046e-06;2.6040497356076183e-06;3.4759407817200784e-06;2.7656285481820698e-06;1.2322049915210416e-06;7.298890084171092e-07;2.016932036227284e-06;1.957648427251806e-06;1.0434117453032625e-06;1.5493105144131837e-06;1.4867687363670185e-06;6.508093149144048e-06;2.1388135343632205e-05;0.00010340929187723161;2.9454780843303864e-05;4.1522864684136724e-05;8.225651663315535e-06;1.1215252194904677e-06;2.150431815232973e-05;2.123287773037527e-06;9.947683468376124e-07;8.335697611787077e-06;9.331167868294252e-07
23:13:24;590;1.6188335179831173e-06;2.2952738796632303e-06;2.436402386071158e-05;1.8541350396038647e-06;2.8829584437708244e-06;1.7782330308852516e-06;1.6675611990247707e-06;1.2938642505682714e-06;1.249385177295246e-06;1.4364974828237367e-06;2.7385308448399117e-06;1.1586359337007417e-06;8.284374137801365e-07;1.2429068377334767e-06;1.2948561201850142e-06;2.191072290263981e-06;4.043141528579982e-06;2.900754492933445e-06;3.132728686149319e-06;2.218719408456539e-06;1.5955717882909223e-06;1.5989567743095513e-06;3.653479736869163e-06;1.7551354210786197e-06;1.0331630833897628e-06;1.731718538670791e-06;1.68884404030007e-06;7.004841356019793e-06;3.148251264979764e-05;0.00012887090139715291;3.77968811088422e-05;3.8453205445101265e-05;1.178693865227608e-05;7.304556011140937e-07;2.2772598268656022e-05;1.9302488346036644e-06;8.595755901659004e-07;9.356555456346098e-06;1.323571968463249e-06
23:15:46;591;1.8445520135140276e-06;2.528476002974262e-06;2.7505610147099703e-05;1.2714909787674018e-06;3.0445578780493387e-06;3.4558096691354607e-06;2.196451909888062e-06;1.478881747245127e-06;2.3872534320255245e-06;5.940017951046948e-07;1.193177088445261e-06;2.2605244065297048e-06;7.973241503397591e-07;1.4516194387132424e-06;2.003531149470787e-06;1.583685158798692e-06;4.2221305320018025e-06;4.679487801695359e-06;3.585178757032425e-06;2.4343627216429794e-06;2.78533333084276e-06;8.367486486084872e-07;2.0379295619932236e-06;2.8325032374170085e-06;1.0151210729049978e-06;1.9387611004437727e-06;2.390469150288735e-06;6.718034649326146e-06;1.650661680291522e-05;0.0001768838114183013;4.616452476563103e-05;3.865293390505839e-05;1.0665833298520447e-05;9.324534843289107e-07;2.084962396928442e-05;2.0582989807222184e-06;1.2775239750768662e-06;8.779047800956835e-06;5.786187150745157e-07
23:18:08;592;1.249488596305975e-06;1.9139269662572805e-06;1.8211164540862898e-05;1.3791907082253116e-06;1.4437067834549566e-06;2.0938130492450826e-06;1.400445006829252e-06;1.210194060034682e-06;1.2399424498871718e-06;7.25862110337064e-07;1.3336347258853143e-06;1.115146410768375e-06;6.987473913821031e-07;1.1761723989100015e-06;1.1770075755247367e-06;1.6809201267129032e-06;2.52725730741629e-06;3.334418775184416e-06;2.8281801068939636e-06;2.0613767423030735e-06;1.5783533633940708e-06;9.308516484763252e-07;2.2159620648035574e-06;1.6979644085581582e-06;9.279444724068273e-07;1.6101187588613852e-06;1.5737748814404492e-06;6.7393452987690735e-06;2.5886264938269974e-05;6.790781848357811e-05;3.508382325777949e-05;3.811756184330559e-05;1.083804390846869e-05;1.1551387000430942e-06;2.0151027575723267e-05;2.164169994759076e-06;7.674437029958181e-07;9.048752535454758e-06;6.74584251207829e-07
23:20:29;593;1.3464408334940003e-06;2.031775893498624e-06;1.965612199146338e-05;9.9721170109358e-07;1.323898006535338e-06;1.6585574184349836e-06;2.3438563256725975e-06;2.0492218142981695e-06;2.082159217244659e-06;7.912772635908606e-07;1.2378307218018458e-06;1.1945368057940764e-06;7.60255868239377e-07;9.500725022865647e-07;7.684119152690466e-07;1.2797336455461639e-06;2.4848302271931074e-06;2.7524009766826173e-06;3.789878470527157e-06;3.0547617203824934e-06;2.4550667986555777e-06;9.424709059537316e-07;2.175908133998562e-06;1.770941907977166e-06;1.0207435716697373e-06;1.4937746668750416e-06;1.1607989780644904e-06;6.804027051267547e-06;1.866001658296628e-05;0.00010220338203834482;2.8697505559449027e-05;3.579012089482653e-05;8.202365143252078e-06;1.0189790462951344e-06;2.1900070590688023e-05;2.2324627055577893e-06;1.0404264375924656e-06;8.654405629757587e-06;6.697022175632344e-07
23:22:51;594;1.3019207446260142e-06;1.9695903776227156e-06;2.45002422451065e-05;1.485535456666944e-06;2.107849209761784e-06;1.8560828025245129e-06;1.6702886658428249e-06;9.386780095836529e-07;7.5272342795171e-07;1.1865637126184936e-06;1.0694078425223872e-06;1.1515501649613085e-06;6.917278499491369e-07;1.708478300650866e-06;1.0041630538798978e-06;1.778483852497549e-06;3.247110428190676e-06;2.9765473922038205e-06;3.1131728591493743e-06;1.82920969699566e-06;1.0995349292656261e-06;1.3406066648689996e-06;1.936941886544699e-06;1.7325998706964346e-06;9.285635958147833e-07;2.314552303583765e-06;1.337760212681121e-06;7.804150894434334e-06;2.136344913122894e-05;0.00014541851654710763;3.627078016444769e-05;3.753486050513928e-05;1.0221445390506712e-05;1.053678745200609e-06;2.19359313716063e-05;2.30827826764238e-06;9.610131295900877e-07;8.44595366888444e-06;6.848491254895605e-07
23:25:13;595;1.6007084005761643e-06;2.2410455573973895e-06;2.0847982923160205e-05;8.804107321968114e-07;2.0601482947054963e-06;2.4543820864990225e-06;1.8124671546230915e-06;1.0850584426917593e-06;8.207478099779437e-07;3.1470126709817494e-06;1.8756278432618956e-06;1.1523561041151063e-06;7.357786101603768e-07;1.3324277185427553e-06;1.852082905222248e-06;1.1903045519024022e-06;3.1835943215660738e-06;3.48933505122233e-06;3.269425097998833e-06;2.0076594909415356e-06;1.140127023339844e-06;3.2123868083855787e-06;2.7247847730352445e-06;1.6948079877681578e-06;9.387968977730625e-07;1.8521719004086122e-06;2.189151621655295e-06;6.745768264556626e-06;2.577518331815812e-05;0.00010316878076506107;2.9821877232797272e-05;3.734141905861759e-05;8.503870209627813e-06;7.16871875429891e-07;2.572401061826427e-05;2.1370497215490767e-06;8.69428865796452e-07;8.680611012628136e-06;6.909241354361518e-07
23:27:34;596;1.274256466000555e-06;1.97929495088023e-06;2.22943900536259e-05;1.3326742019421027e-06;1.319259677178376e-06;1.4197346165771436e-06;1.5585132303092502e-06;1.447057722940444e-06;1.621694633125902e-06;6.776408283796926e-07;1.0041838719746208e-06;1.7285262418973637e-06;6.582457103831985e-07;1.2512124391118495e-06;1.272333930334536e-06;1.683922843617841e-06;2.4848590086710115e-06;2.500415798979852e-06;3.0072691389031655e-06;2.490310688285084e-06;1.9992035301492008e-06;1.0170977527880645e-06;1.8954902422673156e-06;2.384202117308966e-06;9.152067393556593e-07;1.6872528735630228e-06;1.6863080438408269e-06;7.063040443741646e-06;2.0362447947347688e-05;0.00011556015692013033;3.083605079311829e-05;4.16964300702484e-05;1.0993616295343412e-05;1.1183904630780102e-06;2.6894275663026233e-05;2.2046451823025964e-06;1.3542373089065428e-06;8.808580184075981e-06;6.408093721916259e-07
23:29:56;597;1.474537054881673e-06;2.1504416966458447e-06;2.4736078755001657e-05;9.26443475470571e-07;2.5644623638369652e-06;2.3646828253085706e-06;1.7992358052735953e-06;1.1756295080060526e-06;8.443488894727125e-07;1.0004275485606875e-06;1.4488359269487268e-06;1.4776876561968648e-06;8.700315564557183e-07;2.197948590647188e-06;1.0247100704125438e-06;1.277691398218515e-06;3.6262356503886874e-06;3.515511350628855e-06;3.2474920892956465e-06;2.1355940459757166e-06;1.2103639756166063e-06;1.1698248473766387e-06;2.328040311481403e-06;2.0672930244058357e-06;1.1327276442725749e-06;2.6526761130413963e-06;1.4418490240178138e-06;7.351383052962237e-06;1.3915787405623505e-05;0.00016256422628044994;3.039186386048281e-05;3.720913416859961e-05;7.547848753051771e-06;6.288210625135312e-07;2.4882010204416254e-05;2.1916956441071103e-06;9.132467385143041e-07;8.392412518776723e-06;8.445153705220225e-07
23:32:18;598;1.716984201361914e-06;2.3652599862497815e-06;1.9273889335742137e-05;1.2162471711783176e-06;2.1260599448231172e-06;1.4687256568925797e-06;3.3131043150159587e-06;2.210420589676687e-06;9.446446578903983e-07;8.154870895328191e-07;1.771955398249309e-06;1.1569200843391576e-06;9.97339147995097e-07;3.473875718317355e-06;1.1090301325370175e-06;1.5251845470514507e-06;3.2185288995306916e-06;2.540810775907273e-06;4.824738160878732e-06;3.0329747488981928e-06;1.240505785609699e-06;9.544881724155582e-07;2.590386393824736e-06;1.7608788585342073e-06;1.2184200688605853e-06;4.0198172520163845e-06;1.4563850245279735e-06;7.052013966996874e-06;2.525888690171101e-05;8.276611509994134e-05;3.115191561271368e-05;3.9417929408083974e-05;8.542315876315216e-06;9.916520953408481e-07;2.3037835437318442e-05;2.10549377220366e-06;1.2283535829988339e-06;8.994288416695878e-06;7.398718585858299e-07
23:34:40;599;1.181982206656006e-06;1.8672202687884226e-06;2.3505659268127404e-05;8.586286107972992e-07;1.338179077850751e-06;1.626729241330984e-06;1.5857077974730642e-06;1.3056276220169138e-06;1.5685642714399508e-06;9.021361880957489e-07;1.154682765725955e-06;1.029307885228289e-06;5.89890222204368e-07;1.2528817530918248e-06;9.714506248315047e-07;1.1998006227799976e-06;2.556263257822967e-06;2.712210746871785e-06;3.0722107734204024e-06;2.278476810566138e-06;1.9134774866363875e-06;1.084862691629807e-06;2.084837747076298e-06;1.5646757870117538e-06;8.062445442071374e-07;1.7430961274322163e-06;1.3904861202142537e-06;6.967493793774261e-06;2.215697314791002e-05;0.00012642955330473558;4.1493947300675617e-05;4.0980797531311686e-05;1.0348520960371188e-05;6.748500649176505e-07;2.063443378971744e-05;2.2736993944985387e-06;7.5037473848879e-07;8.723621450513883e-06;6.336457406141995e-07
23:37:01;600;1.0903945969980617e-06;1.769729270920293e-06;1.74673362108809e-05;7.981555546588869e-07;1.5928331005680847e-06;1.4811631268556043e-06;1.3818854813572237e-06;1.1288501936041422e-06;1.203503090155519e-06;5.747142315987669e-07;1.1916071627608589e-06;9.95674248181124e-07;6.624075996002948e-07;1.2521825229231096e-06;8.217584242974464e-07;1.0937390980076618e-06;2.707652537871662e-06;2.6467625626606558e-06;2.8523691344737845e-06;2.031023929898938e-06;1.525922550914816e-06;8.502361823312767e-07;2.0766535582672214e-06;1.5898605537114246e-06;9.00501749117522e-07;1.7750635077137775e-06;1.1869655514900946e-06;7.183136310042295e-06;1.6604291010654016e-05;6.528059449286264e-05;3.501951345870262e-05;3.5528342584066234e-05;1.0448489096717605e-05;1.220589614487497e-06;2.5871436639011098e-05;2.5156043581162058e-06;1.0566324691251465e-06;7.93360591384347e-06;9.457985829419938e-07
23:39:23;601;1.5247047109312462e-06;2.196561082154737e-06;2.047252702955141e-05;7.381069789308919e-07;2.4627034451314826e-06;2.601748807345478e-06;1.476649964567271e-06;1.1899213486866633e-06;9.033165391046019e-07;6.704918070451785e-07;1.0551721712947038e-06;1.7744054886425043e-06;6.928678840768431e-07;3.0050282916572644e-06;1.7260433373487352e-06;1.0349659378967955e-06;3.5163439527342593e-06;3.747844267550884e-06;2.9129538677208775e-06;2.1555172246493547e-06;1.179578399514176e-06;9.473763080804238e-07;1.9733703570464174e-06;2.43219469206152e-06;9.128705356413522e-07;3.4238017299604866e-06;2.121914632615572e-06;7.260513419766617e-06;2.3134102438050588e-05;0.00010201258913956211;3.237768749082981e-05;3.704547967550837e-05;8.94570430680473e-06;1.085426852860581e-06;2.1796974814618183e-05;2.2339391391961916e-06;1.1907611331501644e-06;8.120149579425608e-06;4.669963648440076e-07
23:41:45;602;1.3366993842305936e-06;2.032848285609039e-06;2.1039702006657262e-05;1.1487528917603578e-06;2.291415944423069e-06;1.4531485966044628e-06;2.1804451837616834e-06;1.4009343500214817e-06;8.170083330680004e-07;5.095060834449004e-07;1.448172983793809e-06;1.5953081379552456e-06;7.981291419282983e-07;1.2799244897075048e-06;1.1176460196115168e-06;1.4440074247558404e-06;3.4331169991915723e-06;2.5888320904045885e-06;3.7319868302410777e-06;2.395895126603965e-06;1.1321447038593346e-06;7.925940990447353e-07;2.324032451828247e-06;2.1593432091068754e-06;1.0261059758163413e-06;1.8754764904413236e-06;1.4906429758503932e-06;6.726660449084275e-06;1.7152957208052172e-05;0.00011755551557925955;2.55607590073221e-05;4.0029941640048405e-05;8.812505979184193e-06;8.856826009895343e-07;2.3341080108732475e-05;2.181512572386227e-06;1.1135110134533833e-06;8.499169102090486e-06;6.171288192843175e-07
23:44:06;603;1.183497218045075e-06;1.8671500232743757e-06;1.943936763367069e-05;7.476528020527501e-07;1.6789419923829934e-06;1.598652928177816e-06;1.469505675770351e-06;1.1398456480904429e-06;8.478188904057695e-07;1.4037451480804335e-06;1.1024078630971312e-06;1.1620204661126494e-06;6.900294294337977e-07;1.270762105805416e-06;1.0905832563488296e-06;1.1106854962051756e-06;2.825490171261076e-06;2.818485761134623e-06;2.9398224667233934e-06;2.0693263106203387e-06;1.193719918210033e-06;1.5242820318580695e-06;1.9680394891249213e-06;1.7925026671186566e-06;9.109856686727999e-07;1.784072359257578e-06;1.468387416002482e-06;7.279249886244123e-06;2.5209566658018806e-05;9.264255887386864e-05;2.9835413381186952e-05;3.40222757128883e-05;8.52735086281628e-06;1.0592244579441614e-06;2.2306988195044324e-05;2.110109431395166e-06;1.2038934556888539e-06;8.119019337121066e-06;9.567613518316152e-07
23:46:28;604;1.6583618536584894e-06;2.2947197225267367e-06;1.8619534859460686e-05;7.470206103800013e-07;1.8212146535099485e-06;3.008138820057773e-06;1.8329695443888092e-06;1.679946978699382e-06;8.474590475835633e-07;2.7712643933177428e-06;2.1141672717949302e-06;1.4885474500691098e-06;1.0588080039397596e-06;1.1520822487121052e-06;1.378722711674708e-06;1.0032172385648135e-06;2.985473501315868e-06;4.063125245494708e-06;3.2221413031165175e-06;2.5582299839916693e-06;1.1884308928011142e-06;2.764575859871428e-06;3.0096904267822218e-06;2.0407645994469653e-06;1.2796749802597516e-06;1.6887271932560747e-06;1.7325845618283374e-06;6.9003042437678956e-06;2.6181603304161422e-05;7.653153067088574e-05;2.7347824566213043e-05;3.8186081391214017e-05;8.02061361625952e-06;1.3125941243581058e-06;2.6926680916892406e-05;2.020501425304721e-06;9.833962663873596e-07;8.370660904681049e-06;6.526268834030252e-07
23:48:50;605;1.3424970823905369e-06;2.0118426794431777e-06;1.8408910640897142e-05;1.1193135590917533e-06;1.5987418423467725e-06;1.3635965115842519e-06;2.062222765563216e-06;1.0955614040206931e-06;6.533288924001371e-07;1.3909986943293584e-06;1.3054870072243767e-06;1.0968752925742045e-06;8.819632484941503e-07;1.3534908481266876e-06;2.1883844323737507e-06;1.4401709458519391e-06;2.680117676437142e-06;2.494653370066069e-06;3.501663418837434e-06;2.044722943445535e-06;9.702021329787063e-07;1.4819032116974995e-06;2.244485264920421e-06;1.7199640377482496e-06;1.12331706733602e-06;1.8833395297636493e-06;2.557571796203291e-06;6.905228823695919e-06;2.349724352272515e-05;7.87014979235176e-05;3.370649843678271e-05;3.542435495634898e-05;8.382572669684474e-06;9.077837223797142e-07;2.0888177734788747e-05;2.117785198217918e-06;1.2662733635610675e-06;8.482510642978173e-06;6.270006960852461e-07
23:51:12;606;1.4761500810387609e-06;2.1447877882944998e-06;2.40854761746691e-05;9.9889311109471e-07;1.440306171541682e-06;3.1364152177233833e-06;1.932108983027092e-06;9.603721827486114e-07;6.897942212980013e-07;2.282984516099873e-06;1.0943585665143276e-06;1.1382067333087775e-06;6.344401549976649e-07;2.3649869342082495e-06;1.0409337834522086e-06;1.3032408096938824e-06;2.634726803379739e-06;4.2763329279123465e-06;3.43289604666385e-06;1.8797573186676817e-06;1.0044914694234753e-06;2.375730896577047e-06;1.9822798808318227e-06;1.6911273166753537e-06;8.980370659651559e-07;2.8403051463193394e-06;1.4185269154190388e-06;6.4627947019895474e-06;1.914277960357674e-05;0.00014502958428375316;3.302558466731518e-05;4.005972472920857e-05;8.899228794318752e-06;8.063341621321812e-07;2.3301208345783215e-05;2.012505763363932e-06;7.157485984241505e-07;9.04170394954152e-06;5.285164966222207e-07
23:53:33;607;1.366618717342631e-06;2.078242891624126e-06;3.2340106075048985e-05;1.134084148530173e-06;1.3081430804846987e-06;2.440364161415687e-06;2.4096738112756486e-06;1.2250720034372038e-06;9.137196848030271e-07;1.0905531275604765e-06;1.1597794874776666e-06;1.7039010642831571e-06;6.729521747527268e-07;1.3378843825119124e-06;1.0032970331298363e-06;1.4777003625683012e-06;2.509112712548905e-06;3.675330119705582e-06;3.898292222022318e-06;2.1586720480673315e-06;1.2546710094502948e-06;1.3733549557216492e-06;2.045829681932607e-06;2.3499417224390723e-06;9.329584756840954e-07;1.8839546878034871e-06;1.379095807161447e-06;7.022916171669666e-06;2.068932211670721e-05;0.00022663282247744094;4.4982073575909516e-05;4.120117648338289e-05;1.0335885518852725e-05;9.951116749257024e-07;2.375902833700281e-05;1.869408963835127e-06;1.0807768113784557e-06;8.699235196675408e-06;8.135155728074124e-07
23:55:55;608;1.5903820670101512e-06;2.238801943337732e-06;1.7866972903638282e-05;3.0184057742133064e-06;1.709973975911277e-06;1.5758515122305476e-06;2.0905070733076316e-06;1.0888255381757972e-06;7.153424689366649e-07;8.56030665261833e-07;1.1864904119398354e-06;1.7806058896432184e-06;1.490876891920643e-06;2.66649168232582e-06;9.051824970382231e-07;3.2676430050108864e-06;2.8786583364227585e-06;2.690320162067029e-06;3.534482385487225e-06;1.9983980524281107e-06;1.0080986937823524e-06;1.0530993619530692e-06;2.1041370073477612e-06;2.29126316632654e-06;1.7086051022626542e-06;3.0874739537996245e-06;1.2434430181765723e-06;6.859530695468045e-06;2.230379869682148e-05;7.681676912627512e-05;3.292001081558175e-05;3.446167212914327e-05;8.297150500702831e-06;8.788155859152295e-07;1.9544656028371957e-05;1.9846434042855296e-06;8.969760984352021e-07;8.733088355451408e-06;7.065634072076112e-07
23:58:17;609;1.4402040348991043e-06;2.1592363046244217e-06;1.8088902260891146e-05;1.0919912833771341e-06;1.9152634161462796e-06;1.28107425871478e-06;1.5736126280817653e-06;2.3637984326282693e-06;2.6131994152416898e-06;9.622225521416732e-07;1.0604042484500682e-06;1.107195635941981e-06;9.496577250638955e-07;1.1621688252558018e-06;1.201859573156257e-06;1.4454516016070832e-06;3.1335506678893764e-06;2.4371058540814776e-06;3.0915441368650345e-06;3.3595274745965968e-06;3.021885657036836e-06;1.199713971463777e-06;1.9252150518177932e-06;1.7810373207529539e-06;1.1791470817253775e-06;1.722781640821751e-06;1.6138742754679422e-06;7.249299661111467e-06;1.617995599717485e-05;8.448005051045181e-05;3.1627886939946327e-05;3.2995102866802646e-05;1.0027904299630099e-05;7.311384954934286e-07;2.1320391664991983e-05;2.3209363098017044e-06;1.1092217615616434e-06;8.528733773536212e-06;4.962048501915607e-07
24:00:39;610;1.5056810342367106e-06;2.2096494002296455e-06;2.2883097049149334e-05;9.87286253639752e-07;1.977085268833889e-06;1.8220572430232613e-06;2.086760798582852e-06;1.7471143461249157e-06;1.037521182745138e-06;1.0449927403399784e-06;1.3198274625526485e-06;1.873375883431162e-06;1.3841538012729613e-06;1.9119519032238164e-06;8.76045073009121e-07;1.329134819645586e-06;3.1600040537790548e-06;2.9681943395857323e-06;3.659464194737942e-06;2.8006244019131454e-06;1.358800586152754e-06;1.160412411156611e-06;2.184890653368228e-06;2.4920161779305146e-06;1.6329411706361566e-06;2.4960994191524497e-06;1.2732096285064841e-06;6.490992353610703e-06;1.7372175167965303e-05;0.00013935534521717957;3.08764391849705e-05;3.704861170239219e-05;1.1942118441350567e-05;9.812756465685056e-07;1.863806505379577e-05;1.9528555789519934e-06;1.1204831560998012e-06;8.175498476391246e-06;6.433046105160085e-07
24:03:00;611;1.1813424557774708e-06;1.8539729733421626e-06;2.157593024591267e-05;8.86122744312636e-07;1.590246951333928e-06;1.7592293964212176e-06;1.693780400461006e-06;1.0998331060431032e-06;8.658537262930885e-07;1.114050437153483e-06;1.4931864126569136e-06;9.156466092008486e-07;7.688332570991592e-07;1.0312432763887551e-06;9.580826956032886e-07;1.167843298746816e-06;2.765601119433627e-06;2.9137241089981067e-06;3.1747766437938826e-06;2.054755812630763e-06;1.1773664249331782e-06;1.238896582239986e-06;2.368847624812945e-06;1.5142744587137713e-06;9.765138394891725e-07;1.552417359827031e-06;1.3426576301063057e-06;7.130425082561826e-06;1.93870425797554e-05;0.00011472141810394692;3.1947567785233934e-05;3.633551901891579e-05;7.965042331925114e-06;7.579244491247701e-07;2.845730815827163e-05;1.9132081004039397e-06;1.1169753647679817e-06;8.281681403413772e-06;8.970505726308618e-07
24:05:22;612;1.3442792182031966e-06;2.023995836933392e-06;2.204143195530944e-05;1.0500191033425599e-06;1.5786271148469795e-06;2.098142508702691e-06;1.5045476973376346e-06;1.5253156258862335e-06;8.474735075723252e-07;1.064107703326171e-06;1.672851396880307e-06;1.247437741950948e-06;1.1692400767189652e-06;1.4309241379674054e-06;9.42663586139309e-07;1.3817729990754559e-06;2.7405362858719197e-06;3.2947116151378015e-06;2.947643800245162e-06;2.5095352836465683e-06;1.1786391793020235e-06;1.1652476202954536e-06;2.5437982328726265e-06;1.889019863828932e-06;1.4169701612560477e-06;1.8951223343915617e-06;1.324952017535285e-06;7.209282465260653e-06;1.3860171401666943e-05;0.00012952091146946175;3.291174694378879e-05;3.2104260060468714e-05;1.0068042078539693e-05;8.103258277711947e-07;2.6664141877449412e-05;2.0296859826803356e-06;8.125675702768627e-07;7.781123323019872e-06;7.249244633290136e-07
24:07:44;613;1.3235060628860849e-06;2.0353311788024752e-06;2.5587506814204842e-05;9.897205898471126e-07;1.8282767440586605e-06;2.0452496028091427e-06;1.6126099406124892e-06;1.3152229368626225e-06;1.5074250511272103e-06;5.225638358192181e-07;1.8220453262526606e-06;1.1092765098394155e-06;6.916721002412565e-07;1.0029920330238569e-06;1.4350177009509417e-06;1.3099427200117294e-06;2.990006710724283e-06;3.198853245164714e-06;3.177805580625191e-06;2.340666557319298e-06;1.8063344122069044e-06;8.009862124455611e-07;2.7127129304154794e-06;1.7250590428973944e-06;9.58084797995197e-07;1.5405312886954722e-06;1.8629894706855685e-06;7.165647919978724e-06;1.9093757869703343e-05;0.00016549894891381174;3.2003259857218946e-05;3.863437243311296e-05;1.229750642584081e-05;7.34649594379118e-07;1.8904341144570205e-05;2.1983586006799944e-06;1.397137262512816e-06;8.553844046562715e-06;5.682577020867594e-07
24:10:05;614;1.3883470473465629e-06;2.0528580368096022e-06;1.8973740123336085e-05;8.454682789023464e-07;2.219347836335766e-06;1.4968124546690185e-06;1.7103055049781026e-06;1.0731703783406488e-06;7.26222728821633e-07;1.3134697715729131e-06;1.1232232854929691e-06;2.0246694453521483e-06;7.407893745698341e-07;1.683393989779993e-06;1.7032909900294158e-06;1.1552731825471296e-06;3.391225952408247e-06;2.6561487911864408e-06;3.195745090193622e-06;1.9903409741380507e-06;1.0110540748698867e-06;1.4366532700248022e-06;2.0290218643925914e-06;2.570249622766812e-06;9.362294654641153e-07;2.199311648848978e-06;2.0630413136811363e-06;7.55533286522144e-06;2.0933053214960105e-05;8.496522088433233e-05;3.665039881014576e-05;3.4969112499619826e-05;9.251212923958663e-06;7.493141164699231e-07;2.021857226821488e-05;2.639115350437369e-06;7.745229985000193e-07;8.151326700402561e-06;8.276988477701026e-07
24:12:27;615;1.3240142197965745e-06;1.9976536425273006e-06;2.1927645167344535e-05;9.204342356577461e-07;1.4791232512740231e-06;1.6268571238436442e-06;1.6229776645040126e-06;1.327146701060852e-06;7.231193329782958e-07;1.1778007673803679e-06;2.5164579703261904e-06;9.097901183126438e-07;9.753996906735163e-07;1.2749634401969119e-06;1.3340998914075768e-06;1.2849545811737308e-06;2.6852464120393167e-06;2.7800792648559776e-06;3.1142691427645976e-06;2.3038339963068787e-06;1.0504022244748729e-06;1.2511233195784625e-06;3.2438522296189738e-06;1.5432617400148057e-06;1.238441046996142e-06;1.7732348822714293e-06;1.7031438053177399e-06;6.795801502543705e-06;1.5749628580655623e-05;0.00012374551952402208;3.205278467368465e-05;4.062377059528756e-05;9.610370941733867e-06;5.768467091364697e-07;2.062939671720211e-05;2.2696145100750956e-06;1.0231028918420083e-06;9.45179993989818e-06;6.031054220530353e-07
24:14:49;616;1.2841610951981735e-06;1.9582076542456325e-06;2.3862021756021134e-05;1.4428036468187728e-06;1.720817927183563e-06;2.2626815141535417e-06;1.954244699155858e-06;1.4840894460022014e-06;8.760077259947511e-07;6.331388014878637e-07;1.1890008547025972e-06;1.0925071053077575e-06;6.111349233137922e-07;1.0933241726912064e-06;1.0501818268741787e-06;1.7399547226587752e-06;2.842751377666221e-06;3.410142987457773e-06;3.4792790359725714e-06;2.4381982752223665e-06;1.1712509660091074e-06;8.360107184976589e-07;2.065296149639029e-06;1.6990798066723948e-06;8.348284325885415e-07;1.588131636662517e-06;1.3935674220664612e-06;7.054183012366579e-06;2.1199902438879458e-05;0.00013617772590284675;3.58057506771685e-05;4.0067800174305526e-05;9.5880885237717e-06;8.638389650173742e-07;2.265352596650631e-05;2.143935898881801e-06;1.2659332323444867e-06;8.65748640496337e-06;8.660898752017955e-07
24:17:11;617;1.1988777489141904e-06;1.8667463357043652e-06;1.919164969390692e-05;1.026547239859419e-06;1.1439266371320917e-06;1.3275692791545814e-06;1.395161714560929e-06;1.5145827847653301e-06;7.539353988793674e-07;6.484689751840023e-07;2.375975734058112e-06;1.1152383628305012e-06;8.252224139985871e-07;1.2190504129382485e-06;1.0408535500968954e-06;1.343366342340071e-06;2.270071729670442e-06;2.493788413262279e-06;2.7643722050119254e-06;2.454580610418229e-06;1.0765349688708854e-06;8.197391984675603e-07;3.2407920576887693e-06;1.6802710338715424e-06;1.0827042765010412e-06;1.747206834818515e-06;1.4275274908488681e-06;6.73304836589089e-06;2.0206979543040758e-05;9.127207743863164e-05;2.8171335499933026e-05;3.8618065318866454e-05;7.418134101857266e-06;1.2008014861136063e-06;2.41553277470109e-05;2.3771416189176497e-06;1.0908191308338842e-06;8.200125288388343e-06;8.559407873987232e-07
24:19:32;618;1.1212803832902099e-06;1.8050020240549155e-06;1.877260260577782e-05;8.386256477941536e-07;1.1533620925389827e-06;1.3509760906739066e-06;1.6585423394262349e-06;1.1878268639394078e-06;8.498747904620271e-07;6.16469196538945e-07;1.7210899050985e-06;1.1214648954129622e-06;8.952732934795129e-07;1.3519760309257187e-06;7.09883010677456e-07;1.134318811729159e-06;2.3233063152877583e-06;2.560142527589143e-06;3.10178476370944e-06;2.1235476389870486e-06;1.1488197344533546e-06;8.271047208030653e-07;2.5946547848549546e-06;1.7982504721635162e-06;1.1337734034424113e-06;1.799083009510595e-06;1.1152376445455889e-06;7.052871252064806e-06;2.0253177098408184e-05;8.84973555505513e-05;3.2963409825169666e-05;3.329097460181492e-05;8.291460615866928e-06;7.987695511510248e-07;2.1620218596460814e-05;2.15753229221636e-06;1.1287856440015383e-06;8.35975195468046e-06;8.5692428694784e-07
24:21:54;619;1.6930340660727758e-06;2.3775515783314933e-06;1.9464486302835636e-05;8.230292380143308e-07;1.8518190224884021e-06;1.5051961600353148e-06;4.551054368675332e-06;1.5197467989512925e-06;9.389820201377574e-07;2.5257373228852615e-06;1.634815051493826e-06;1.02690930256247e-06;7.245052449291542e-07;1.6973453069724087e-06;1.5172685004152051e-06;1.1861942704819763e-06;3.01472503975628e-06;2.6004543850474507e-06;6.094397156607268e-06;2.4967105074913116e-06;1.2715263459298672e-06;2.584869528480432e-06;2.53663671041459e-06;1.6387480388713604e-06;9.434977484972156e-07;2.1944749430732846e-06;1.9683833673447733e-06;6.653402138891327e-06;2.5549845763037325e-05;7.387474533263713e-05;4.196575747472816e-05;3.765444329898167e-05;9.005127672870602e-06;7.626171583299772e-07;2.515013440060327e-05;2.1669751501956363e-06;1.0321496938592577e-06;8.866783041411181e-06;8.918545084820256e-07
24:24:16;620;1.362756783216603e-06;2.0436676043607783e-06;2.3022435018776082e-05;1.2901995187775128e-06;1.5571146410244616e-06;3.637270132760374e-06;1.3356988543897976e-06;1.0771645359109916e-06;1.0489790275191135e-06;8.040840025732879e-07;1.202109345399549e-06;1.2575082811817528e-06;8.858696832253993e-07;1.1356987300491606e-06;1.121384193664648e-06;1.6110710991102403e-06;2.749403515275545e-06;4.7430512668027784e-06;2.8806426696605685e-06;1.985268085396064e-06;1.3529057703555183e-06;1.0530589164214757e-06;2.071614291328186e-06;1.801136529104065e-06;1.1264314693268912e-06;1.6285107247750613e-06;1.5209161329960495e-06;7.3830454387302535e-06;1.5301373019054086e-05;0.00013466809457476225;3.1239563300495126e-05;4.194845265640023e-05;9.354733603941336e-06;6.013977331536097e-07;2.3332572919409654e-05;2.0750114963307725e-06;1.2545480352593315e-06;8.159860467894155e-06;9.50566979882254e-07
24:26:37;621;1.1531290878123586e-06;1.8364443524695138e-06;2.4006290334353276e-05;9.788194385119586e-07;1.2331399667851108e-06;1.4162782869707835e-06;2.51663836695312e-06;1.2703641793055842e-06;6.249525102672041e-07;9.561679040052824e-07;9.596304894155982e-07;1.4319306056846544e-06;6.06187246419345e-07;9.207404200689046e-07;9.226992089171983e-07;1.2870414772080522e-06;2.3963357033942056e-06;2.59739444336907e-06;4.027488609574016e-06;2.227272297711317e-06;9.349925433157238e-07;1.0972492474783268e-06;1.849933264105558e-06;2.0270786023237505e-06;8.84197831576589e-07;1.4114432331875314e-06;1.2969041902959107e-06;6.827233264655267e-06;2.545854559482497e-05;0.00013275302639463628;3.644766966285927e-05;4.547798671493676e-05;8.217639390815375e-06;8.270348938943244e-07;2.0209452140865715e-05;1.9171949832949726e-06;9.336878085112394e-07;8.002145608897751e-06;1.0038675540473206e-06
24:28:59;622;1.2816681858848513e-06;1.9691578769151753e-06;2.1562758601330703e-05;1.2540899103024634e-06;1.3877327027309796e-06;1.8311115545863934e-06;2.411727392176937e-06;1.3459424127146038e-06;7.81533365579179e-07;8.327636548828692e-07;1.7410276867867547e-06;1.2028373942934485e-06;6.874222529792721e-07;1.1193745810671047e-06;7.844548185173298e-07;1.5813956713804767e-06;2.548453825442312e-06;2.977983110178707e-06;3.88431452318147e-06;2.2980954840816974e-06;1.1196535960544116e-06;1.0412946200826982e-06;2.6130594865726034e-06;1.8053474881341999e-06;9.49463278227051e-07;1.6277190959816017e-06;1.1831138068903128e-06;6.95150129904187e-06;1.5540429823438604e-05;0.00011744623065760056;3.202602860528124e-05;3.999237046980524e-05;8.645026707956182e-06;9.339661611579912e-07;2.506533535748231e-05;2.0077793993366465e-06;8.799409083210755e-07;8.61079630863956e-06;6.536975179071818e-07
24:31:21;623;1.1698172327389111e-06;1.8457448654368784e-06;1.96294096172444e-05;8.037241002834993e-07;1.851844104404744e-06;1.3800785986329733e-06;1.2427152668531056e-06;1.1445214150963456e-06;9.66663279483077e-07;1.1395738879810773e-06;1.1431768175317425e-06;9.485627841986467e-07;6.669080601701632e-07;1.1937263461350964e-06;1.5563117052056183e-06;1.1184573291826335e-06;2.9696372327830602e-06;2.496935146926354e-06;2.786208821667463e-06;2.1804033698445674e-06;1.2790650431800058e-06;1.254309518764808e-06;2.0343165798996916e-06;1.5804204700037224e-06;8.693524578811315e-07;1.6470970491308768e-06;1.9327348504300028e-06;7.2911153149024745e-06;1.7152053319780504e-05;9.937947577259484e-05;3.1633286827955945e-05;3.921910065953593e-05;9.471858219653926e-06;9.062213534336586e-07;1.8246595007376802e-05;2.3613090652410485e-06;1.003728419615813e-06;8.209211216391074e-06;6.789602304508584e-07
24:33:43;624;1.3091307968176642e-06;2.0072287854786792e-06;2.5620238242074383e-05;8.887419850561235e-07;1.7463273216994872e-06;1.6971030920778027e-06;1.7041651634095636e-06;1.2567941537578908e-06;1.1010352158487406e-06;5.522597487196311e-07;1.6539064345944998e-06;1.0695434802860342e-06;6.709832953901504e-07;1.789716859399639e-06;1.5789923439868403e-06;1.2504693504352078e-06;2.9068475260494698e-06;2.8797942866708295e-06;3.1909784428523692e-06;2.287229863846917e-06;1.4880163544321361e-06;7.357711783524907e-07;2.5466031318017806e-06;1.624067631613038e-06;9.189962749495621e-07;2.268571793022982e-06;1.989398867143664e-06;6.488222707623451e-06;1.9665574267107766e-05;0.00015444684630380498;4.031818974659032e-05;4.229163610371504e-05;9.307048758620045e-06;1.0762444304057374e-06;2.1033550468552268e-05;2.3142694320225507e-06;8.071128255518691e-07;9.180806764512355e-06;5.133570963862226e-07
24:36:04;625;1.45360564280333e-06;2.160095820289814e-06;2.25860337338318e-05;9.645526510030065e-07;1.326244634518177e-06;3.223087899522687e-06;2.1440041514285792e-06;1.09203133969903e-06;1.086815931472529e-06;6.021512935141324e-07;1.2108790108782004e-06;1.771935756264301e-06;8.032735963261282e-07;1.9999506269256657e-06;1.2183404285437405e-06;1.304103820869766e-06;2.5531542350903162e-06;4.4159544215083e-06;3.6659582761624537e-06;2.0978805486829745e-06;1.3969255312214863e-06;8.664961933678983e-07;2.12568606537941e-06;2.3371676060021488e-06;1.0258204059925759e-06;2.5155153106068243e-06;1.6164864838416019e-06;6.887554448975613e-06;2.153678462769226e-05;0.00012670387835015656;2.955208243895519e-05;4.106415796047777e-05;8.738891671590325e-06;1.1339235053653584e-06;2.338309998395509e-05;2.072278669351983e-06;8.139586650239697e-07;8.59969944495291e-06;5.460950394843823e-07
24:38:26;626;1.2101785122292148e-06;1.9134125620980684e-06;1.760179370989135e-05;1.8836479120729812e-06;1.2468214221073026e-06;1.299786279011657e-06;1.6168303241702697e-06;1.0296036882063608e-06;8.791358328995681e-07;5.632606530283433e-07;1.2318998168225903e-06;8.968931054812143e-07;6.377468434156955e-07;2.032020959900778e-06;1.2044948606999966e-06;2.2056929169536223e-06;2.411045250459832e-06;2.5269010143059445e-06;3.1641041177748246e-06;2.006618252622341e-06;1.2275256563906956e-06;7.83395364938378e-07;2.1072610367429913e-06;1.517184450331345e-06;8.509931611034874e-07;2.5492980120925725e-06;1.6109306052039986e-06;7.2371489113523375e-06;2.157231303198434e-05;7.521645835223015e-05;2.855988971924219e-05;3.83507691739817e-05;7.296812368254517e-06;8.79790301078446e-07;1.9889507494489353e-05;2.2282070871067186e-06;5.969374129053982e-07;8.571406357055531e-06;8.222843090154128e-07
24:40:48;627;1.2549460044879042e-06;1.9538220132307275e-06;2.055036768470526e-05;1.0949775556167263e-06;2.07939259895666e-06;1.2437565908094619e-06;1.7081870941576034e-06;1.7582374824762972e-06;7.833851319961515e-07;7.717474592312938e-07;1.434299428721369e-06;1.1286384957933457e-06;6.943183381367326e-07;1.426864490722773e-06;9.355469733049208e-07;1.4793094400190484e-06;3.1823035931642776e-06;2.3508463789744097e-06;3.2469498836678524e-06;2.791252820281466e-06;1.1089475324182256e-06;9.670865498679356e-07;2.388883662137278e-06;1.6923528600664559e-06;9.246071557109771e-07;1.974657287732204e-06;1.3386663615360876e-06;7.01802256917892e-06;2.076113424006455e-05;0.00011209045381419615;2.467853068706468e-05;3.542958366759448e-05;9.653452017196279e-06;7.647107414500051e-07;2.40168926971274e-05;1.986792508735259e-06;9.603634115403633e-07;8.619282372463272e-06;6.251934898517331e-07
24:43:10;628;1.1910450100122654e-06;1.8783037727258441e-06;2.5806526978833827e-05;1.0290622585981426e-06;1.5212268133653466e-06;2.139167291304034e-06;1.4449980232972786e-06;1.084329547525313e-06;6.847764827501056e-07;9.07824868248949e-07;1.3628274373254292e-06;9.976794819783146e-07;7.277878874909696e-07;9.439016925647727e-07;1.4489578638335585e-06;1.3518993022202427e-06;2.67349071956359e-06;3.332548727439068e-06;2.9248945430723162e-06;2.0480876637060347e-06;9.94066399356068e-07;1.135906236154542e-06;2.3011571159523683e-06;1.5711282863960633e-06;9.630527609813356e-07;1.4597174001636044e-06;1.783695211088343e-06;7.06837874716336e-06;2.1262864909871548e-05;0.00015707975095369313;3.9118557511735197e-05;3.8429421999409715e-05;8.42965266341549e-06;6.93203895900498e-07;2.455708713797272e-05;2.348420003841176e-06;1.1397244815815098e-06;8.752396882990528e-06;7.988645584310264e-07
24:45:32;629;1.1723019690344152e-06;1.8466679378008526e-06;2.238255770515936e-05;6.334019198836219e-07;1.2482043589430574e-06;1.472448780439415e-06;1.966221247716827e-06;9.897858754018527e-07;9.65483838090041e-07;2.0338781828822437e-06;1.0692314661947029e-06;1.0435724782905966e-06;6.182203991158339e-07;9.331840023143265e-07;1.093990581276087e-06;9.379370504011373e-07;2.4031281422531156e-06;2.6047020030459918e-06;3.4744006013711386e-06;1.8968262784716288e-06;1.2738269170952236e-06;2.1793938184934713e-06;1.945582992828096e-06;1.6362136469795104e-06;8.397684908525466e-07;1.5091433680671672e-06;1.4590914987176019e-06;6.922115326775903e-06;1.6207149043059282e-05;0.00013676017407567568;2.699033740005048e-05;3.5918608840370695e-05;1.1349991497345688e-05;8.774357210686058e-07;2.1479492458746523e-05;2.0821318480191923e-06;8.181180546087201e-07;8.311866267042339e-06;8.732719291491594e-07
24:47:53;630;1.2231260742820185e-06;1.902627166635261e-06;2.4003048014217064e-05;8.160230783215251e-07;1.896467446759299e-06;1.5871643394308164e-06;1.8789007629749221e-06;1.0769164134994857e-06;1.2649291392915787e-06;5.658775948935713e-07;9.949129273161879e-07;1.0582600837658809e-06;8.328339359971308e-07;9.438924441243753e-07;1.7613342751975447e-06;1.1077178394575467e-06;2.985684699800729e-06;2.8242858189526175e-06;3.3653650231677094e-06;1.9638042975294654e-06;1.5201788278030603e-06;8.005581181822879e-07;1.919021801595706e-06;1.687385997971847e-06;1.0669713831219592e-06;1.4739042626388255e-06;2.116647216340264e-06;6.715728721150637e-06;2.0542959408399518e-05;0.00014716565604821943;3.789211814588101e-05;3.167053498800985e-05;1.0941174887915628e-05;1.0322988921602017e-06;1.991143398106252e-05;2.1032644821251232e-06;9.54476174980703e-07;8.602626136161923e-06;5.043043045382082e-07
24:50:15;631;1.1842303897098687e-06;1.86344791070007e-06;2.287750064582423e-05;7.28291819942293e-07;1.6217475759881175e-06;1.894294391488219e-06;1.5886297471048103e-06;1.085102396138702e-06;7.343284480891428e-07;1.0760081709274258e-06;1.404722179142549e-06;1.18445810270984e-06;9.472376241765285e-07;1.1103066203817362e-06;8.356371521210029e-07;1.0469206017660326e-06;2.779645654622464e-06;3.0623415931344587e-06;3.087803708948269e-06;1.986213533200498e-06;1.0140903182391297e-06;1.2290196205217226e-06;2.3191757544380013e-06;1.7782103205269167e-06;1.1998837659938303e-06;1.6207023457964974e-06;1.237367019378245e-06;7.1724482639560355e-06;1.6709283592890147e-05;0.0001349107323592288;3.124408326954215e-05;3.933924723968774e-05;8.221273536007724e-06;9.139112898373667e-07;2.358539492767944e-05;2.152543208671992e-06;9.851994540051623e-07;8.65506077334484e-06;6.408298350393579e-07
24:52:37;632;1.2174370959431e-06;1.9348292584300574e-06;2.459598011798813e-05;9.757305300697991e-07;2.084825809928697e-06;1.3665813877688555e-06;1.5310969845507636e-06;1.5321067869742613e-06;7.23770613664243e-07;6.340315053986568e-07;9.002960350960749e-07;1.4645328346415711e-06;5.760834159606144e-07;1.6838904687591336e-06;1.136298347132419e-06;1.34087057950879e-06;3.2662017955300156e-06;2.560015506292708e-06;3.0871446044698188e-06;2.5516495063267845e-06;1.0422478583136638e-06;8.650539006241529e-07;1.834808423338956e-06;2.1384284185773187e-06;8.331919817936966e-07;2.1661185575242056e-06;1.5322192475247868e-06;7.153237779192088e-06;1.8372821810095713e-05;0.0001557571967388787;2.85138860356034e-05;3.931217092801203e-05;1.1519254613097308e-05;6.818420979357436e-07;2.0969795089604177e-05;2.0370956494160297e-06;9.773970304911563e-07;8.856303851239532e-06;1.000759792291625e-06
24:54:59;633;1.1326521246569532e-06;1.8610538098050422e-06;2.5480092258051266e-05;9.493391572654921e-07;1.6485748514195497e-06;2.6456072322777016e-06;1.3860178171237243e-06;9.29148061036177e-07;6.656673333761308e-07;5.73207124876518e-07;1.0739106404952539e-06;9.070326359086132e-07;6.445480276173754e-07;1.308216532678521e-06;8.605556080257512e-07;1.2953836238046255e-06;2.889565880477791e-06;3.9341393138657405e-06;2.97011772804408e-06;1.876535615009962e-06;9.895268227652035e-07;7.81121322380743e-07;2.019920408443634e-06;1.5548473497859314e-06;8.879778099209852e-07;1.8506372086875085e-06;1.282872107413489e-06;7.12731864956175e-06;1.706360650977401e-05;0.00015871472445758836;3.740042209700961e-05;4.221918410806557e-05;9.671817057096495e-06;1.1594764355002382e-06;2.0205933152777225e-05;2.277964921659421e-06;1.0512209950374586e-06;8.125645461272758e-06;7.437932512723622e-07
24:57:20;634;1.2061774008677937e-06;1.9104185947624134e-06;1.90317399882893e-05;9.076328996261328e-07;1.7627639504847925e-06;2.031908567139014e-06;1.4921656004544688e-06;1.3215345606518916e-06;7.480465337262775e-07;4.2736091088180217e-07;1.4675581479747537e-06;1.0538832043817015e-06;6.083767350097766e-07;1.1326925818299183e-06;1.520204665584789e-06;1.2307575105561353e-06;2.902749850916366e-06;3.2166943940324073e-06;2.9545918950928733e-06;2.3377521261587573e-06;1.066094961935983e-06;7.090086441328108e-07;2.370107652012261e-06;1.6706931768267973e-06;8.228637250628213e-07;1.7186271395386732e-06;1.925081230897204e-06;7.047975044200977e-06;2.8255396869241497e-05;7.559014033067601e-05;3.257097006031584e-05;4.1231002277134846e-05;8.242815416702581e-06;1.2030397307989925e-06;2.1981973252442178e-05;2.0379802502550886e-06;7.41109895516662e-07;8.725863900278056e-06;7.526128319088919e-07
24:59:42;635;1.438233218177164e-06;2.1185750011693615e-06;2.6459472047704455e-05;1.0054100362760272e-06;1.6159012841334495e-06;1.7636143543533287e-06;1.8676845397116246e-06;1.4424215581146624e-06;1.8759338061936537e-06;1.6514361966812885e-06;1.2251614966984903e-06;1.361351828599311e-06;1.0650096895694425e-06;1.1837478864603925e-06;1.2011255276853852e-06;1.3439370236425665e-06;2.750079222349524e-06;2.9619212236406085e-06;3.3075539379210623e-06;2.488584932161987e-06;2.114330487253212e-06;1.842890896966045e-06;2.142442739672264e-06;1.9524079820994418e-06;1.277311764049126e-06;1.6547731038257023e-06;1.5866657082093481e-06;7.515435963836706e-06;1.557344559758106e-05;0.00017560771595869594;2.678914627145254e-05;4.280973279718041e-05;1.3613888332019501e-05;6.493476850954448e-07;2.2486479769073507e-05;2.0085292281732666e-06;1.0669136865457192e-06;8.567130950252074e-06;8.258983325471957e-07
25:02:04;636;1.3997044113655088e-06;2.0590339202879225e-06;1.717803162366505e-05;7.0595682903503e-07;1.3693055768048235e-06;1.3435594722433952e-06;1.1767180180558254e-06;1.7008029250834253e-06;1.0873852472185903e-06;3.7880569065345586e-06;1.6364121472020345e-06;9.096190372239541e-07;5.8021836438468e-07;1.6398431611396414e-06;8.585747909800096e-07;1.0348074749943614e-06;2.6004869455334036e-06;2.4464933216498865e-06;2.6443437514277735e-06;2.563366516496208e-06;1.3909302378458132e-06;3.7610544622330514e-06;2.594441505469241e-06;1.5195459425314444e-06;8.069236471357404e-07;2.097305365237798e-06;1.2487068331694577e-06;6.7404555610131215e-06;2.7001689309008325e-05;6.68797282336908e-05;2.9386484379280676e-05;2.9986161071876418e-05;6.870234193857793e-06;8.342571145474859e-07;2.5731293088161777e-05;2.4000095200321666e-06;9.297222374463895e-07;8.48391023792518e-06;8.924345371403849e-07
25:04:26;637;1.0909834795569395e-06;1.7856886709327964e-06;1.9420842502903427e-05;9.270069802689498e-07;1.3854698189516315e-06;1.8611632015754573e-06;1.2131669375747833e-06;1.0898803792387794e-06;5.77575609763479e-07;5.510645167052595e-07;1.0400533063468422e-06;1.1334728351867924e-06;6.699379988135816e-07;9.175298174164808e-07;1.7254798729221028e-06;1.2179469193522637e-06;2.5818452859081695e-06;3.052557819006048e-06;2.755229751286767e-06;2.0426271179576937e-06;8.779081392990347e-07;7.71292329672397e-07;1.937831248602678e-06;1.7165842158462937e-06;8.979262587142986e-07;1.4731510758263285e-06;2.103363296463371e-06;7.073788913524314e-06;2.1827408215620913e-05;9.261710814662395e-05;3.1796792193410526e-05;3.5376248674151774e-05;7.704806566791162e-06;1.2199076300758185e-06;2.356192197807137e-05;2.319261189479066e-06;1.0293612108400766e-06;7.937092039991889e-06;5.864132762603522e-07
25:06:47;638;1.2142934160408458e-06;1.8836513785158152e-06;1.9431935088583707e-05;8.866452222119651e-07;1.810985193887146e-06;1.1351631349657252e-06;1.509811143339913e-06;1.4830663958323695e-06;9.066641369399003e-07;9.949487064937883e-07;1.0468209251354468e-06;8.416727678453836e-07;7.615965056182652e-07;9.974528782728178e-07;2.1966935607893716e-06;1.2010612277674825e-06;2.963494957436489e-06;2.2788696086639834e-06;3.0624148204096163e-06;2.403294948186457e-06;1.249176766707392e-06;1.1181890591856994e-06;1.895136363922966e-06;1.4359869586642854e-06;9.84730815798109e-07;1.480066375619042e-06;2.531393971378437e-06;6.6678472514550425e-06;2.5435602098603522e-05;9.146932149880917e-05;3.057921000135548e-05;3.806328997365597e-05;9.041893933710391e-06;9.05222947236505e-07;1.8292616187030416e-05;2.0606784339415064e-06;1.1416502986096637e-06;8.599306364472415e-06;9.26582074124452e-07
25:09:09;639;1.3741736735991852e-06;2.0365534475809286e-06;1.9604681261822424e-05;9.019548532698061e-07;1.5072269006211059e-06;1.7769190325205904e-06;1.363316696463683e-06;2.012163339867615e-06;2.0836895830585305e-06;1.5934948300675635e-06;1.138986804508332e-06;1.152112505519266e-06;7.432359653785686e-07;1.2270044828258362e-06;9.899786179510464e-07;1.2444578386967357e-06;2.6602028926010714e-06;2.8834218264358852e-06;2.859149083610358e-06;3.007946853485228e-06;2.3703584753968265e-06;1.6453602761775752e-06;2.054318698252315e-06;1.7277867758061399e-06;9.639209024556559e-07;1.6925669647610482e-06;1.3291501119643336e-06;6.3077010537284e-06;1.9366334980715344e-05;0.00010100379018413286;2.7041718789026818e-05;3.5206276952033994e-05;1.3030334088491424e-05;7.630111868859677e-07;2.0941866445898713e-05;1.9589117455175347e-06;1.152829696113467e-06;7.548234948806278e-06;9.351650705182955e-07
25:11:31;640;1.1538120924954725e-06;1.878987032059625e-06;2.2469408119696744e-05;7.537805046405182e-07;1.2658190410196435e-06;1.5092487034674595e-06;1.6468348465924587e-06;1.652528398565778e-06;7.560547450728579e-07;8.946229180896058e-07;1.2430798625602661e-06;9.213701133765023e-07;7.227010541525787e-07;9.213483102111685e-07;1.558356162657436e-06;1.094691245420615e-06;2.4483761886654928e-06;2.7074145121712466e-06;3.1661515112307227e-06;2.7753917003815618e-06;1.1374749152033657e-06;1.0733613345984873e-06;2.1648477919554835e-06;1.5494610875929872e-06;9.848502801577514e-07;1.444727824428246e-06;2.001095357558416e-06;7.503403357249599e-06;1.974602575151952e-05;0.00012696508372364156;3.0210860739793338e-05;3.841440818233001e-05;8.72009388423668e-06;8.912282920961777e-07;2.442101471628261e-05;2.0433208703453994e-06;1.9356105619774907e-06;8.075909306809618e-06;7.059380500789607e-07
25:13:53;641;1.067216617543145e-06;1.7505226021023214e-06;1.888714927976829e-05;6.465621680475728e-07;1.335049775942242e-06;1.1588027965071423e-06;1.115663430326854e-06;1.0030509898228956e-06;5.970130626228612e-07;1.8668723166955075e-06;1.361114464208542e-06;1.2492489099745863e-06;7.623383631431708e-07;1.0199898330398582e-06;6.908928379703835e-07;9.7906293439901e-07;2.5342355882780277e-06;2.3604937519227365e-06;2.605558146961248e-06;1.9034649047953972e-06;9.382781994173468e-07;1.9226266989720945e-06;2.241519345134984e-06;1.9154775611840005e-06;9.974697760195409e-07;1.5353505370478184e-06;1.0727334191685686e-06;7.170968020066432e-06;2.232373196436388e-05;8.77717410150196e-05;3.17797799939485e-05;3.485434782770975e-05;7.6116546800170095e-06;7.352342320683492e-07;2.1589616710541944e-05;2.19781478098362e-06;9.732754591724657e-07;8.58839371884788e-06;1.0492329544799947e-06
25:16:15;642;9.161644436226559e-07;1.6182489248364353e-06;1.8423763260684578e-05;9.205658994285412e-07;1.083454661583842e-06;1.1750535318907653e-06;1.2472788718621464e-06;1.0882933895476041e-06;6.983902353803599e-07;4.0647419569611093e-07;1.095811722897431e-06;1.1380652435797536e-06;4.6230295769333907e-07;8.707586998920905e-07;8.075236518255803e-07;1.2630237915224906e-06;2.2168714177565515e-06;2.3960404039918346e-06;2.7894431028310268e-06;2.0062703363611394e-06;1.0294950754276998e-06;6.512177721180959e-07;1.9862895004723525e-06;1.7823875965934603e-06;7.072277865898033e-07;1.3739097107933463e-06;1.216810112135688e-06;7.43130774542381e-06;1.983232007033402e-05;8.851297986668784e-05;3.080881435587071e-05;3.2413890256512006e-05;7.99867098157172e-06;9.232477395461811e-07;2.014722365612162e-05;2.1385763730766746e-06;9.61009403179586e-07;8.789096816638138e-06;1.128021863252564e-06
25:18:37;643;1.0806558114624791e-06;1.775111184231926e-06;1.895070101101327e-05;1.0809417919946638e-06;1.0813927817856304e-06;1.4884990151968354e-06;1.333254337316186e-06;9.634384318214406e-07;6.932828228672411e-07;1.0274937672815165e-06;1.0304589582429715e-06;1.5183373347291897e-06;6.056622404008878e-07;1.2477686841740685e-06;8.973391196563021e-07;1.4365772977161893e-06;2.2833678975052576e-06;2.637748362079187e-06;2.8472165231966145e-06;1.918506027797914e-06;1.0059605645587504e-06;1.230073056431253e-06;1.9169275015261933e-06;2.173932052410467e-06;8.282130134899443e-07;1.7323514476871263e-06;1.2904598259963308e-06;7.0309704487903246e-06;1.8566750375312723e-05;9.591591200568619e-05;3.1110973883563513e-05;3.629822113334469e-05;8.069503894059535e-06;1.1297428425805442e-06;1.7824351847169422e-05;1.9816669481061247e-06;7.201007660127252e-07;7.924542948791354e-06;8.356750387420439e-07
25:20:59;644;9.4707382938062e-07;1.6313615906025767e-06;1.6328340672967948e-05;6.340393770413884e-07;1.1569975342240468e-06;1.4261529203645813e-06;1.4381658004290123e-06;1.1242224996589234e-06;5.633815741600369e-07;5.181046024124473e-07;9.684825256913014e-07;8.086562794738164e-07;5.253338457578138e-07;1.3324428168491986e-06;8.689058040351422e-07;9.63599919901477e-07;2.3257436531579677e-06;2.626939611886134e-06;2.9008576299204406e-06;2.013321427886142e-06;8.752091403787549e-07;7.357958962454833e-07;1.8724635705024687e-06;1.4450199960035057e-06;7.386904440817823e-07;1.8309922814273416e-06;1.2477051161366472e-06;7.4704218727645305e-06;2.0372855975664475e-05;6.083889400502917e-05;3.176905973131469e-05;3.525804533762054e-05;7.473149356280728e-06;1.0407371366488197e-06;1.8863516929116847e-05;2.3340246612696686e-06;7.182762950361823e-07;8.364428494465855e-06;1.4366782804038987e-06
25:23:20;645;1.1551831484107373e-06;1.8457707529371792e-06;2.1730575734350006e-05;6.567291292195162e-07;1.3468680686301582e-06;2.432265176175654e-06;1.6115520187815429e-06;1.519685649643453e-06;7.461617313111255e-07;9.445235923893397e-07;1.0007989649129068e-06;9.194223775049243e-07;5.241801075215526e-07;1.227427878447429e-06;9.325826328146744e-07;9.83407209234797e-07;2.5060898874644293e-06;3.6350023388946236e-06;3.127296772215197e-06;2.494846362827082e-06;1.0994654241550985e-06;1.0938117600865472e-06;1.891786961165007e-06;1.5911291311682891e-06;7.477755168939795e-07;1.7149701131495045e-06;1.2636668639982106e-06;7.347095230028272e-06;2.1098859431219927e-05;0.00012606663598070078;3.146023156731226e-05;3.148204700963281e-05;8.981294259303296e-06;9.470679007867e-07;2.0793112051383087e-05;2.21623881810602e-06;1.0138845610582318e-06;8.546874048825083e-06;8.135679538436696e-07
25:25:42;646;1.2452756551988904e-06;1.958641333554693e-06;1.7412795495093428e-05;7.368197644746549e-07;1.5184427996992802e-06;1.2273670112977248e-06;1.8801888056171636e-06;2.022475519987536e-06;1.3320845352024238e-06;8.513973627928677e-07;1.2753893785118335e-06;1.0946771917213545e-06;6.927169639115892e-07;8.769570102015481e-07;1.4347910200546659e-06;1.0965773172537859e-06;2.684697257123683e-06;2.3512219211371777e-06;3.4567824715412813e-06;3.079793507051271e-06;1.7469395189275732e-06;9.982464679455053e-07;2.182573747275087e-06;1.7387234798155112e-06;9.164875582946133e-07;1.3973228084368307e-06;1.8543292995512078e-06;6.933120323425171e-06;1.7368409614782845e-05;7.272410979322016e-05;3.085724523216171e-05;3.913052887251673e-05;8.513371474932769e-06;8.289660526484956e-07;2.027510966931098e-05;2.278909091543318e-06;1.0375839819643227e-06;8.275966379614436e-06;7.302254550001701e-07
25:28:04;647;1.2389968987750164e-06;1.921722252541546e-06;1.8956227025691665e-05;8.510886274121726e-07;1.4044846501157984e-06;1.5450961773860234e-06;1.2985223532395325e-06;1.2448132991464562e-06;1.2269033958486633e-06;1.5925999960828754e-06;1.4482646622162385e-06;1.2672407053412629e-06;6.727429276684208e-07;1.2031747155754664e-06;1.1130308015855854e-06;1.219735732095764e-06;2.566470860799626e-06;2.7383016847320676e-06;2.7493693128062775e-06;2.1821735868751936e-06;1.5202221288170303e-06;1.6999386049594504e-06;2.3110048655498643e-06;1.8576412820706697e-06;9.209314105681164e-07;1.7694684358986383e-06;1.5254084597541758e-06;6.922825621982141e-06;2.2578902607647105e-05;9.240915211186176e-05;2.982411322856401e-05;3.23472459976727e-05;8.772031054381916e-06;8.319983027862777e-07;2.1532891975293096e-05;1.922344405144271e-06;8.522346581169928e-07;8.692367190799323e-06;7.886171540503407e-07
25:30:26;648;1.8022468811874537e-06;2.4847170756908747e-06;2.3566503060486254e-05;1.8133859867445907e-06;2.4586486143169335e-06;2.723426699511513e-06;1.6998275321452896e-06;2.256879194236076e-06;1.1934111850661369e-06;3.0438334089989314e-06;1.1411983535936088e-06;1.1498284440136786e-06;9.629639018303815e-07;1.300575476567448e-06;1.8829831681766895e-06;2.1558544529087367e-06;3.623531126863724e-06;3.821172482229819e-06;3.252769171830309e-06;3.239935431683759e-06;1.5820285875921814e-06;3.0583776698463973e-06;2.040295435453797e-06;1.779923188304208e-06;1.2190181875459668e-06;1.8140334186912846e-06;2.229664871748942e-06;7.322423810352677e-06;2.3192791204354747e-05;0.0001402341129159527;2.993919542200145e-05;3.702476828677735e-05;1.0343213648020207e-05;5.389306585790283e-07;2.158548453751555e-05;1.9009651647991042e-06;1.2688403929790238e-06;8.44708799627211e-06;1.0002226882311497e-06
25:32:47;649;9.983215390524884e-07;1.7025949986579886e-06;2.1977945481372915e-05;6.871852162455965e-07;1.294278246839879e-06;1.4132496434529882e-06;1.1801389578700785e-06;1.5887116989238785e-06;5.998146632713031e-07;1.0710385186417748e-06;1.4274134092899389e-06;8.458723924934216e-07;4.4279232684503583e-07;8.040688168620136e-07;6.252941707852632e-07;1.0185786155903495e-06;2.5132809656221254e-06;2.6294829389878e-06;2.703625797569001e-06;2.5762830739063533e-06;8.984550435389458e-07;1.2542429108697997e-06;2.3001567624420734e-06;1.511535901810723e-06;6.84775655004102e-07;1.3272425856979956e-06;1.013479444322278e-06;7.402178056579204e-06;1.8134329136625557e-05;0.0001326951629761565;2.9333451336789525e-05;3.367256443526855e-05;8.766627713873936e-06;8.531762843434532e-07;2.0924058913350982e-05;1.998728935131241e-06;9.128418588232792e-07;8.342682229365863e-06;6.995439001668271e-07
25:35:09;650;1.0490639125877848e-06;1.7473705510602037e-06;2.4584922915890464e-05;8.701879754546837e-07;1.3641849354393478e-06;1.7044605534654134e-06;1.9719907508950674e-06;1.0321769886477805e-06;5.333186929654878e-07;5.47948671648545e-07;1.0451493861070431e-06;9.401019352075288e-07;8.607854163597298e-07;8.43989635916516e-07;8.74471573617732e-07;1.1999009449384545e-06;2.5673254951263653e-06;2.8865594205416515e-06;3.4247751109087634e-06;2.0288014716646137e-06;8.436725191655523e-07;7.733195260859443e-07;1.9517413368737813e-06;1.6120635074935596e-06;1.0813366367949153e-06;1.35488932289574e-06;1.2440606989129482e-06;7.2777090556844265e-06;1.7109049525030536e-05;0.00015584362229660467;3.3306458507982825e-05;3.6186240277534017e-05;8.94721680743189e-06;8.863699691155775e-07;2.310877687195549e-05;2.1009820418857367e-06;1.1812893384649943e-06;8.319567090655211e-06;7.517932083402702e-07
25:37:31;651;9.326694254079887e-07;1.6362063206543098e-06;2.2062003394418444e-05;6.648737653769388e-07;1.1202278818506721e-06;1.9203868166783877e-06;1.2878527359690266e-06;8.614721210326531e-07;6.386100948658163e-07;4.060659706060157e-07;9.679942796416505e-07;8.967610242261902e-07;7.708227936346774e-07;9.130119527482479e-07;7.439533571003536e-07;9.751529922118319e-07;2.3106362712358626e-06;3.0940970093438465e-06;2.791538394422453e-06;1.8316927045954707e-06;9.83357153207963e-07;6.724145293901529e-07;1.8808663258547496e-06;1.5248882992993828e-06;1.00077089209202e-06;1.4411964745209568e-06;1.1278644156454556e-06;6.955740251426253e-06;1.6538816283361854e-05;0.00012497600360633998;2.952231430110394e-05;3.9332589610857156e-05;8.993993535911779e-06;1.0656593344955226e-06;2.3744058601993553e-05;2.262940280912065e-06;1.479673797441125e-06;8.848096063202629e-06;1.024155065975433e-06
25:39:53;652;1.0453373214309119e-06;1.7440457219280793e-06;2.594251344112923e-05;1.1134670588381306e-06;1.3193509543056465e-06;1.8324794866166692e-06;1.2995228360876157e-06;1.2974986759349927e-06;7.927743929608316e-07;6.378745938723734e-07;9.379327608724256e-07;1.0287741185005024e-06;5.376952663923876e-07;1.1817951813920435e-06;5.648821351688195e-07;1.422128674175262e-06;2.5547718836651833e-06;3.0793247229736106e-06;2.7685087682388996e-06;2.247666613348434e-06;1.1147227439058826e-06;8.428552637039352e-07;1.8580987291241837e-06;1.6475354205403728e-06;7.724807525121407e-07;1.6449987829737092e-06;9.754558924427489e-07;6.980080422843594e-06;1.913975735404224e-05;0.0001591981992784417;4.357385831325957e-05;4.157645904137834e-05;8.336944519030745e-06;8.058832411510537e-07;1.900576789285721e-05;2.084755635045379e-06;8.837466140710502e-07;8.776422901055997e-06;9.482860803738194e-07
25:42:14;653;1.2490286185531183e-06;1.9389682767170965e-06;1.680289092544197e-05;8.488409113383e-07;1.2526605880257657e-06;1.971214634754016e-06;1.180227486892575e-06;1.3198838753260909e-06;9.119926709175921e-07;7.339054953456073e-07;9.047731044375951e-07;9.495736836032361e-07;1.3751799560101186e-06;1.1052389517535681e-06;2.434851608496496e-06;1.1195297659043395e-06;2.352785853400758e-06;3.253469701489906e-06;2.6439659384063987e-06;2.2775182837386074e-06;1.2381625228781674e-06;9.328428403403197e-07;1.7941805754738117e-06;1.6007889276415535e-06;1.6191859188012718e-06;1.6347318700055334e-06;2.8004562964960763e-06;7.736408429791957e-06;2.33639916353471e-05;5.4011687071498255e-05;3.446483366639023e-05;3.8157269814527546e-05;9.110360249011324e-06;1.0632967988737965e-06;2.1207064977451908e-05;2.1855953462324065e-06;7.497273162968682e-07;8.58184428899365e-06;1.0026115108886142e-06
25:44:36;654;1.1166497657038639e-06;1.8282108264510141e-06;2.2231064779945684e-05;7.242209629574539e-07;2.208549174815227e-06;1.345796734093922e-06;1.1075679385347763e-06;1.3630857863847465e-06;6.690698480905543e-07;6.38790477604865e-07;1.0417620829014398e-06;8.58678525859282e-07;1.0612823605785335e-06;9.271011804721432e-07;1.4538916708934317e-06;1.0593450987977997e-06;3.4535545338154475e-06;2.5221837732496618e-06;2.5965134926980084e-06;2.3439404072586846e-06;1.0560594981005216e-06;8.267063617639203e-07;1.928638879160391e-06;1.4988845268644697e-06;1.3114579518560853e-06;1.4676995509126996e-06;1.8735450158267586e-06;7.491477333357534e-06;1.9431044111002243e-05;0.00012824799392603537;3.15294889483864e-05;3.9571801665686956e-05;8.499034953207327e-06;7.067256757495519e-07;1.9268324643829583e-05;2.0959747415692456e-06;1.0132322213589412e-06;8.311520892782531e-06;6.06158246382458e-07
25:46:58;655;1.0914763243522172e-06;1.7785605119639466e-06;1.9681992119099284e-05;6.908131422052448e-07;1.0539529635296545e-06;1.1015784405866602e-06;1.2048618189617535e-06;8.551064383042408e-07;9.011098734261354e-07;2.529412743741814e-06;9.125537839726018e-07;8.587421180614931e-07;5.976283426921792e-07;1.0376208782697012e-06;1.3543348817373675e-06;1.010765079690482e-06;2.2279677071459954e-06;2.2638976263265305e-06;2.7400060749250424e-06;1.8012351945287e-06;1.23286173663784e-06;2.633621860856888e-06;1.7731463490063222e-06;1.4841439691954754e-06;8.546290057639925e-07;1.5718877396558369e-06;1.748563321701953e-06;7.303713337843774e-06;2.8932437787841427e-05;8.95282752411121e-05;3.358110785327671e-05;3.7875614671470494e-05;7.453486809866522e-06;6.846171048174717e-07;1.8931991315552143e-05;2.0481468516217126e-06;8.582065057980218e-07;8.240578852694805e-06;7.45729097296248e-07
25:49:20;656;9.734426297763383e-07;1.6626271000076703e-06;1.689604820575264e-05;8.927732969061192e-07;1.35444996236926e-06;1.2187517475226173e-06;1.3142310781462512e-06;9.939173765228693e-07;7.106078710512004e-07;3.9855464248087197e-07;1.1233274255027161e-06;9.619700005458753e-07;5.733727343824249e-07;1.3730328944916437e-06;7.663221397648876e-07;1.215305185499496e-06;2.5527338269207174e-06;2.3935923090442585e-06;2.8046305864842873e-06;1.9218183179194206e-06;1.0011055915387997e-06;6.245594955642077e-07;2.054386741983302e-06;1.5642115173089027e-06;8.106782398568566e-07;1.8665357200444316e-06;1.1419671311528021e-06;7.241998743174038e-06;2.4111565007310883e-05;6.379587359259771e-05;2.8922034894726206e-05;3.5934351410361054e-05;7.6142251582875904e-06;1.2729090431076505e-06;2.1573712853694386e-05;2.1216651638108357e-06;1.0268082393212834e-06;8.13779290277492e-06;9.99641459865255e-07
25:51:42;657;9.024734341652034e-07;1.5884541000237341e-06;2.0820793473218097e-05;7.818834619754966e-07;1.303660909728938e-06;1.1519851698822818e-06;1.2768578431344613e-06;1.0068785571768692e-06;7.172317407463683e-07;4.294323037370227e-07;9.897644443025333e-07;8.789921261157215e-07;4.989942290882383e-07;1.0707920902691177e-06;7.232080552603422e-07;1.1322212075459834e-06;2.4814562076370966e-06;2.331168846616999e-06;2.7321463368382323e-06;1.930313517220119e-06;1.0570262585893437e-06;6.240647480750985e-07;1.8303781480081173e-06;1.5520131469950487e-06;7.143555386605092e-07;1.561194834191812e-06;1.1151099324936844e-06;6.9577432408606274e-06;2.1546989333260263e-05;0.00010749616870495542;3.041498234618693e-05;4.0241219346763405e-05;7.940298622732255e-06;8.64668491939813e-07;2.1753809455960427e-05;2.1800283746284354e-06;8.523162804255569e-07;8.619790495741251e-06;9.815069851627318e-07
25:54:03;658;1.0874070374649654e-06;1.7775345084005436e-06;1.9487167367340847e-05;8.019187117983247e-07;2.0194668838190535e-06;1.1313680343279358e-06;1.3760081565485713e-06;1.242949662305648e-06;8.523510779603136e-07;4.888800663687737e-07;1.1911326170248189e-06;1.2268829230131153e-06;9.94878510806142e-07;1.08029378856597e-06;6.427535275334926e-07;1.1599223755552033e-06;3.2047033539727845e-06;2.2970459566968663e-06;2.8478951789330046e-06;2.1499109539611628e-06;1.1648940225705137e-06;7.271177820182604e-07;2.1007481423054477e-06;1.8631233980976262e-06;1.2149504142097945e-06;1.5861706624721741e-06;1.0139314380052658e-06;6.660924906904975e-06;1.7609224568775844e-05;9.836436696235405e-05;3.296932271903064e-05;3.859936301169516e-05;9.046511145359127e-06;8.617020657937975e-07;1.774747033472217e-05;1.8705835774928253e-06;7.88127926591878e-07;8.397430536841578e-06;9.30980652528114e-07
25:56:25;659;1.1497450581094364e-06;1.8594293918265722e-06;2.191104329789683e-05;8.451775024489259e-07;1.7350610213220172e-06;1.4884330954019602e-06;1.6815014332038913e-06;1.217540878299546e-06;9.347365464277986e-07;5.439202965403083e-07;1.5110984013168924e-06;1.0885191141179524e-06;6.201077554072882e-07;9.731926927355774e-07;1.157651516708375e-06;1.1477825503650912e-06;2.8899050759511875e-06;2.620610006534328e-06;3.2469624870770266e-06;2.2228200534783944e-06;1.2237339607468764e-06;8.237447721518337e-07;2.4429372290255797e-06;1.7035234330112963e-06;8.907212927739767e-07;1.5224465952789753e-06;1.5779644982851809e-06;7.038361747453315e-06;1.7690856823493014e-05;0.00012829809455891156;2.879895349090524e-05;3.528103596847086e-05;9.931200977377563e-06;9.114270415074431e-07;2.308907350880246e-05;1.8994680057240496e-06;8.161123644856793e-07;8.381673421135248e-06;7.962616664955282e-07
25:58:47;660;1.0216555799338132e-06;1.7376035709241501e-06;1.7158606268397146e-05;1.118368220092753e-06;1.2497044579779464e-06;1.0981867922507407e-06;1.2789134760508731e-06;8.294708999656564e-07;6.406124634801684e-07;9.393558905673222e-07;9.72969228014103e-07;8.239486734512075e-07;1.3487721400357537e-06;1.0783554790127037e-06;8.812088305115201e-07;1.471520128769596e-06;2.4404471807567367e-06;2.3121074580650445e-06;2.81412799929829e-06;1.7624270617201132e-06;9.712136936367286e-07;1.1942766707162966e-06;1.8591468771566863e-06;1.5017831044674437e-06;1.6124313621235794e-06;1.6210648384371837e-06;1.2906958959953228e-06;6.86588429767049e-06;2.3320613830202454e-05;6.920460908206383e-05;2.984924946446702e-05;3.602316394951999e-05;8.057830836393419e-06;9.236661394988457e-07;1.9694908958201605e-05;1.731966807436366e-06;1.3753774617655302e-06;8.218845543390414e-06;6.371588501557972e-07
26:01:09;661;1.152729556737468e-06;1.8431099556725217e-06;1.9618797975817488e-05;6.542019290733947e-07;1.6843715774070036e-06;1.2518098500406567e-06;1.1675862901163534e-06;1.4360278624407514e-06;1.3043236797698072e-06;4.3658100282425755e-07;1.3171345557661984e-06;1.0547094667533552e-06;4.999206213440743e-07;1.2606146199639119e-06;1.7654727705621296e-06;9.71791268103182e-07;2.79762318596228e-06;2.425144530897791e-06;2.65712609648923e-06;2.4645475397985044e-06;1.5970839066989057e-06;6.751060782248772e-07;2.2522814319179102e-06;1.6748287931431483e-06;7.168783341351432e-07;1.7916601210126367e-06;2.0932475510125174e-06;6.971618163176101e-06;2.3033058467485198e-05;9.966852306132598e-05;2.924062801133635e-05;3.387773912158743e-05;9.432327103958244e-06;8.463117321408622e-07;2.0532418201722813e-05;1.9023771389935225e-06;7.530565548264837e-07;8.494712269280146e-06;6.728058839767813e-07
26:03:31;662;1.0965308166112984e-06;1.8204544282606192e-06;2.1609987734187978e-05;7.372409115110915e-07;1.5485408628925577e-06;1.2496995004889817e-06;1.3084661669311841e-06;1.118044382489555e-06;9.321083790874757e-07;5.809357004741984e-07;1.0800287843857539e-06;1.7336284340207053e-06;1.3719899883665478e-06;8.142210763799214e-07;6.834651962767618e-07;1.052342636457864e-06;2.7502271749757642e-06;2.4920923495508623e-06;2.7514214321808473e-06;2.156557984476479e-06;1.2752740685122079e-06;9.18438764411124e-07;1.9918473578365614e-06;2.459032456027683e-06;1.5561705775130404e-06;1.3490976232189289e-06;1.0929502545417264e-06;6.847039381371093e-06;1.9024208317890237e-05;0.0001233110409746276;2.89589570611969e-05;3.94453704442494e-05;8.71522266181152e-06;9.733232778633476e-07;2.0335350570340424e-05;1.9392386456160038e-06;9.099739418731733e-07;7.940331395508171e-06;9.197961379078267e-07
26:05:53;663;1.1463188664154442e-06;1.8400256073008782e-06;1.9137439281049876e-05;8.225247862208623e-07;1.269025436734239e-06;1.312121038326614e-06;1.7013850960009593e-06;1.817844359486287e-06;8.878499458459482e-07;6.16006477584883e-07;1.0613416899280475e-06;9.641259348052762e-07;7.688689724086569e-07;1.3234221062868363e-06;1.2113101057955398e-06;1.1582657043330568e-06;2.451458099245958e-06;2.457294067713934e-06;3.234138495217043e-06;2.7118497393553584e-06;1.2345611339639353e-06;8.141874478134255e-07;1.985666972935097e-06;1.6146493290082766e-06;1.01547809994303e-06;1.7846618859522683e-06;1.6180956059036396e-06;6.854057822516785e-06;2.4950208869197484e-05;8.307471137151714e-05;3.0514330403612493e-05;3.913958474153106e-05;8.821268024460398e-06;7.326799521645317e-07;2.3305084370978697e-05;2.3514877374741277e-06;1.0310419746853398e-06;8.177193348926989e-06;6.976227555334772e-07
26:08:15;664;1.1014016864601734e-06;1.8247936389953688e-06;2.216801538859294e-05;6.239162331424872e-07;1.1554674472981994e-06;1.6945932272769617e-06;1.215239568530535e-06;1.6296945641061908e-06;6.213966188071331e-07;4.960646788898515e-07;1.0454263088342166e-06;1.0258265469399352e-06;4.332910349301823e-07;2.164102513029837e-06;1.1118010055226208e-06;9.690946163124253e-07;2.341531255089787e-06;2.9083065915592324e-06;2.7544369208666053e-06;2.6668825138228927e-06;9.45336505019786e-07;7.469801285199687e-07;1.9789310954365646e-06;1.682595385733017e-06;6.917748481279162e-07;2.6888615513046174e-06;1.522791749957372e-06;6.966127626548102e-06;2.0155193085363212e-05;0.0001228630177842777;3.239449401132816e-05;3.670042185829311e-05;9.086514559461938e-06;8.103426108168722e-07;2.4305397816900663e-05;1.850578219784372e-06;8.235188999344024e-07;8.911345726062638e-06;1.1492324643440476e-06
26:10:36;665;1.0244805978907514e-06;1.7039868464651797e-06;2.021601047475204e-05;8.535740439312307e-07;9.583071504014706e-07;1.7530448979321343e-06;1.143337073824827e-06;9.653110318358864e-07;7.747025453061244e-07;1.1940202984319435e-06;1.091364170994909e-06;1.0600705541657425e-06;6.081704272308354e-07;9.446037978477761e-07;9.472607591250308e-07;1.1570736561064026e-06;2.1176406349534576e-06;2.973206288585015e-06;2.653514200896489e-06;1.8824239028082404e-06;1.0653744946271045e-06;1.25088586123293e-06;2.055951025380913e-06;1.6852253364487307e-06;8.279905484955577e-07;1.4912966665328492e-06;1.2872590630223972e-06;7.006995193884237e-06;2.0486797823072594e-05;9.991076121682851e-05;3.204878029281691e-05;3.912991970883165e-05;8.66470972836557e-06;8.499608278955582e-07;2.2415242668495227e-05;1.933479653692422e-06;6.612447291832252e-07;8.532868745169183e-06;9.513651087893693e-07
26:12:58;666;1.385662431180828e-06;2.097089223534107e-06;1.8604564383438974e-05;9.848851738199342e-07;1.6311446079891374e-06;1.4577384229820145e-06;1.8918290945115566e-06;1.4353933025613619e-06;2.2798278850221334e-06;5.400067296556056e-07;1.129935577992569e-06;1.204173930468112e-06;5.912491386584794e-07;2.7490859949675826e-06;7.326788462400848e-07;1.3271454942604337e-06;2.782971105434511e-06;2.6911481433061556e-06;3.414905898963194e-06;2.3535176728440587e-06;2.6894284946126702e-06;8.315181107603546e-07;2.062122652078651e-06;1.799452126208421e-06;8.471941984962656e-07;3.183119912148557e-06;1.18254602676079e-06;7.501430246399894e-06;2.6194914134173265e-05;7.186134194566194e-05;3.228393130072773e-05;3.918707222670913e-05;1.3291376082890906e-05;1.67614421805097e-06;1.89965169341988e-05;1.8568891838212707e-06;9.995132748685158e-07;8.573317698710598e-06;8.323253550546748e-07
26:15:20;667;1.1149139739914786e-06;1.818975264644836e-06;2.1045243236176832e-05;8.759876467837299e-07;1.7169930969532485e-06;1.5474519191694858e-06;1.552218443799027e-06;1.5549178362661564e-06;7.049448323263747e-07;5.240744699016889e-07;1.0716883291098354e-06;9.535538581770001e-07;7.829260970043156e-07;8.619587005366146e-07;1.2322520235712049e-06;1.196899128174238e-06;2.8830848708810065e-06;2.738335740415798e-06;3.1166048215767015e-06;2.596765553686124e-06;1.0203932453195298e-06;7.651085384830229e-07;1.9915984081262073e-06;1.592596006532081e-06;1.0214811585614417e-06;1.355013511375212e-06;1.5498215655302201e-06;6.750393438631416e-06;1.806204977943923e-05;0.00012050506265676643;2.9697374862425918e-05;3.538819842966098e-05;1.0296047138602244e-05;8.676066101294731e-07;1.9626996082557505e-05;1.885996126662324e-06;6.545114039795947e-07;8.072689471967302e-06;7.359928332996036e-07
26:17:42;668;9.053348887536313e-07;1.597878737431782e-06;2.0457114696724704e-05;8.119567361090803e-07;1.025913359355777e-06;1.1579219715588094e-06;1.1838477920795236e-06;9.393105725553529e-07;8.438836167230916e-07;8.574797085714181e-07;8.394764750008221e-07;9.364878064940544e-07;5.496067283707682e-07;9.954775148040602e-07;7.22656094964691e-07;1.1289737106473026e-06;2.212924965545115e-06;2.34935840534824e-06;2.7398027438571663e-06;1.9002963187942234e-06;1.1396964229293823e-06;1.0157253242037837e-06;1.7443923631698097e-06;1.538471292549937e-06;7.794248424172019e-07;1.5066177293422847e-06;1.1188601209291443e-06;6.704974884168792e-06;1.9631400758979346e-05;0.00011164749184650738;2.9484861463075775e-05;3.673270496883753e-05;8.458920732683499e-06;8.509919843981211e-07;2.0082591923843814e-05;1.9659651951884703e-06;7.81733033166327e-07;8.248527534896695e-06;8.952120349506745e-07
26:20:04;669;1.170685523148181e-06;1.8810658246688426e-06;1.8812725431238204e-05;1.0889336990903653e-06;1.253190291095052e-06;1.3448391626980083e-06;2.1672715925740764e-06;1.0093818479232781e-06;7.368447014967991e-07;6.156326872730489e-07;1.6131231610281496e-06;9.55654140226288e-07;5.837577029442865e-07;1.491793724348802e-06;1.1878031276133718e-06;1.438564395414952e-06;2.4227146445522107e-06;2.5248597987942787e-06;3.7421625332667013e-06;1.996807661351893e-06;1.063359593660918e-06;8.431208599015722e-07;2.514506764448844e-06;1.6108381864393743e-06;8.283278702947428e-07;2.0049278329587407e-06;1.5825992019777408e-06;6.833323617183597e-06;2.1346688634443463e-05;9.48033507392979e-05;2.747790375541755e-05;3.1187019500550187e-05;8.800925471914172e-06;9.141578794687096e-07;2.1596693818876244e-05;2.023994676649859e-06;1.251608697082868e-06;8.83949049517512e-06;6.775478887987635e-07
26:22:26;670;1.2423488251882149e-06;1.9398631734532765e-06;1.8334299546030488e-05;1.0013940909623578e-06;1.4850414130730305e-06;1.2910453632225034e-06;1.4472667107573949e-06;2.077976013158501e-06;8.16605619972806e-07;6.627079208429169e-07;1.0067339706119263e-06;1.10836381858351e-06;4.983206622697558e-07;1.3072132997070762e-06;2.2055165588790775e-06;1.303835410563127e-06;2.624876828974001e-06;2.4455004398112557e-06;2.9654894231935954e-06;3.2089694712662487e-06;1.1460358650707993e-06;8.439288121102251e-07;1.8924600649543093e-06;1.7268601489296445e-06;7.292518868717143e-07;1.7788208692130682e-06;2.6123281751223876e-06;6.894131537666351e-06;1.907975193602237e-05;8.978630862275125e-05;2.772820006571472e-05;3.389924922298199e-05;9.45276745538863e-06;9.90686899410832e-07;1.9756025276458788e-05;1.8540849611559391e-06;9.824761102214884e-07;8.903232528251524e-06;6.846799363419391e-07
26:24:47;671;9.529613851164889e-07;1.6348147764917105e-06;2.0240947687209648e-05;6.004450728544245e-07;1.1581924892680526e-06;1.2623376160127784e-06;1.2204138989895859e-06;1.2014551713109127e-06;4.929394446568319e-07;1.3974037028125446e-06;7.997690220791624e-07;1.2157027338749964e-06;5.577201752548046e-07;9.400394991713896e-07;5.891174741973709e-07;9.108284699967826e-07;2.307130149013493e-06;2.442993616258016e-06;2.761281906069725e-06;2.0965620188125964e-06;8.007500895606035e-07;1.5218383059388394e-06;1.6777514083169311e-06;1.8204340668040758e-06;7.921007514147576e-07;1.493925310569466e-06;9.921807916242282e-07;6.64969235814438e-06;2.2779798999842227e-05;0.00010566286089813757;3.101514838282933e-05;3.408515988388509e-05;9.55306400187721e-06;9.675747011378657e-07;2.0576749382963084e-05;2.243679504870154e-06;8.506370440016192e-07;7.945024903172761e-06;5.619821856544639e-07
26:27:09;672;1.0738082910935729e-06;1.7578160890756224e-06;2.5705892186267938e-05;7.542400544528634e-07;1.1106318639713726e-06;1.954095593054655e-06;1.343957068138996e-06;1.1032184334958117e-06;7.156787989308229e-07;7.805771012185532e-07;1.082323057843837e-06;1.0655458097278112e-06;5.029605900450853e-07;1.1967020762620513e-06;1.2757686499139966e-06;1.0664538014875861e-06;2.288016491858591e-06;3.1482455651827497e-06;2.8573889883059735e-06;2.075010540258656e-06;1.0145010587103007e-06;9.272368675404243e-07;1.9727130010427504e-06;1.6800549295837727e-06;7.520410247396492e-07;1.6586922085963711e-06;1.6534380965592241e-06;6.866597682280541e-06;2.214652201358553e-05;0.0001577508636336124;4.376887131476859e-05;3.409814643557275e-05;1.0749469405134515e-05;7.609073553654902e-07;2.0182578202062585e-05;1.9506587920981426e-06;7.290261229160584e-07;8.826395527126137e-06;6.406697506924751e-07
26:29:31;673;1.0174996287142852e-06;1.7117982503770714e-06;2.2141313975550793e-05;6.070257924196586e-07;1.073186281417484e-06;1.5589109534565957e-06;1.37321728533767e-06;8.568919772532592e-07;8.735470635330826e-07;6.579652966707463e-07;1.3005204901681757e-06;1.0845191640094434e-06;1.0087586775998536e-06;1.2302687021045502e-06;5.851834521195733e-07;9.371515067316436e-07;2.271733298780591e-06;2.735673728572773e-06;2.8982332584942185e-06;1.8141319625141753e-06;1.1683383739850047e-06;8.482004025614814e-07;2.198572783699886e-06;1.7301101980258782e-06;1.2216841309388737e-06;1.7554339727879938e-06;9.62315049969508e-07;7.100540406651785e-06;2.0742640046101824e-05;0.00012342191206764157;2.9914019660718144e-05;3.6980199608810866e-05;1.1245433308188407e-05;1.1194788472183317e-06;2.3025314150767026e-05;2.073511882812796e-06;1.15214434116946e-06;8.294040645879427e-06;6.265327406498732e-07
26:31:53;674;1.1179255349314976e-06;1.827710975646104e-06;1.8385380437894462e-05;6.63837525959433e-07;1.7220221893281136e-06;1.273012032595747e-06;1.0730701630702233e-06;1.262151107668656e-06;1.172530392617494e-06;9.006709322598929e-07;1.0127388370342125e-06;1.2729762310925707e-06;5.869126229463006e-07;8.495283624040698e-07;1.6256555203400778e-06;9.64299750890698e-07;2.956236159339432e-06;2.490678773166927e-06;2.6209598597889927e-06;2.158444565741809e-06;1.5418221876275253e-06;1.0706747764720315e-06;1.9245460537063137e-06;1.8826355189842996e-06;8.259757022141791e-07;1.4475863490070315e-06;2.0486714974243955e-06;7.0851142242529444e-06;3.2145433331411855e-05;7.189720520008595e-05;3.210721221308179e-05;3.206937785162482e-05;8.748973859536637e-06;8.465095716725671e-07;2.324379261428671e-05;2.1376400140110874e-06;1.2507184186657616e-06;8.610934146989209e-06;4.81653809114214e-07
26:34:14;675;1.1032651549507995e-06;1.8152569826362437e-06;2.1535332414623144e-05;7.922269788871652e-07;1.442225415295504e-06;1.257658969047978e-06;1.2809350331947784e-06;1.201441249275671e-06;7.074560939896396e-07;4.832637412264453e-07;1.3742350309830054e-06;1.23401436212912e-06;6.863491138663459e-07;1.354276456634228e-06;1.425098969660093e-06;1.1109269533772942e-06;2.661961311384368e-06;2.4570426643825884e-06;2.820588474030127e-06;2.1798751369047588e-06;1.0718965271838829e-06;6.946110792934541e-07;2.303279549916532e-06;1.853940778380979e-06;9.216052123082579e-07;1.8610881878413249e-06;1.8462674550484067e-06;7.2961655565214976e-06;2.1407051192452235e-05;0.00011454099296167035;2.962291096882204e-05;3.833544111480798e-05;9.129403357419122e-06;7.510065809135566e-07;2.4931063080255875e-05;2.1740258037818897e-06;7.935815693771902e-07;8.868264749517996e-06;5.740820399380247e-07
26:36:36;676;1.2894932984831475e-06;2.0225859719210327e-06;1.9878920545095973e-05;1.3543608783159946e-06;1.2940929765357303e-06;1.8265569779917323e-06;1.1392103195330028e-06;2.7119021732085518e-06;7.525262797953242e-07;4.45423621219344e-07;1.9183407428225894e-06;1.38932115081112e-06;6.571418344430474e-07;1.069846215577415e-06;9.151959650727742e-07;1.7204608010201175e-06;2.5036865995216546e-06;2.9856944336965564e-06;2.6521616714662626e-06;3.8648149769224925e-06;1.0965314881467507e-06;6.894321513121938e-07;2.826676794179145e-06;2.062479565429845e-06;9.04310920155188e-07;1.6030766521942473e-06;1.3617049776142647e-06;7.335084900868247e-06;1.8345463488179028e-05;0.00010602275778405004;3.092013880732257e-05;3.170491472947793e-05;8.709541291344645e-06;9.93112770702717e-07;2.2164288090268055e-05;2.3448230105705316e-06;1.021060292335526e-06;8.292640201470805e-06;6.932211745615659e-07
26:38:58;677;1.0422541627328676e-06;1.75366398385058e-06;1.758245876714248e-05;8.573154001661526e-07;1.4234686832895447e-06;1.2935569209721558e-06;1.199249312784771e-06;9.36204140151114e-07;6.053242850805934e-07;4.0970052229593146e-07;9.188670456436202e-07;1.924991634861716e-06;8.94972812748307e-07;1.2718206630876496e-06;7.715780980597422e-07;1.162046073745784e-06;2.5765755296987074e-06;2.539369996709497e-06;2.727931046195673e-06;1.945921274489569e-06;9.001947507639198e-07;6.661792344656061e-07;1.8289165281421908e-06;2.658045327964978e-06;1.1048221752596735e-06;1.77779866912197e-06;1.1561666315749709e-06;6.728518249731192e-06;1.9540980972668567e-05;8.183894919181412e-05;2.8645997314968156e-05;3.298130607206029e-05;7.248390393049741e-06;1.0042699910447714e-06;2.1239801927971417e-05;1.8177340607179793e-06;1.0267898760573528e-06;7.819989437094147e-06;1.0967777185320245e-06
26:41:20;678;1.082409753746819e-06;1.778899012364652e-06;2.120530140403869e-05;9.152381602494198e-07;1.1979164420820738e-06;1.8164067182882801e-06;1.213753521204937e-06;1.5579447437181153e-06;1.0443961235234218e-06;1.1765406174565642e-06;8.986081407869051e-07;9.496514920699766e-07;5.802909432972569e-07;8.364063105952885e-07;8.01763358290489e-07;1.2006222282022314e-06;2.3786945411866558e-06;3.0215402505205076e-06;2.7491934061696225e-06;2.549401429698978e-06;1.3208078739865679e-06;1.3348643592450307e-06;1.8160239543375828e-06;1.6106042318790083e-06;8.072767530571767e-07;1.3381905101665278e-06;1.21956820302779e-06;6.765598003600893e-06;1.782764915539616e-05;0.00011724510240883275;3.569615517645178e-05;3.516380223880064e-05;8.854316461779333e-06;7.21324627343368e-07;2.0618379383548416e-05;1.815543074565183e-06;7.649401442217395e-07;8.290694675348409e-06;7.001114985756751e-07
26:43:42;679;9.741138143388122e-07;1.6834781093431173e-06;2.185019737676363e-05;6.368987639504553e-07;9.981098092672689e-07;1.4083302805965239e-06;1.181849521197426e-06;9.245070597155544e-07;8.43090499232217e-07;1.0847149249320671e-06;1.4111399849848671e-06;7.905792218452425e-07;5.308961227806269e-07;1.2172489647355178e-06;6.620002533627459e-07;9.561140445781993e-07;2.1863624849025147e-06;2.5886504145206875e-06;2.7139948732711455e-06;1.9023311131581689e-06;1.1512760734955077e-06;1.2814409304362787e-06;2.3601126894725066e-06;1.4568963728137693e-06;7.677601922319188e-07;1.7662165160063408e-06;1.070581233790695e-06;7.16832694814759e-06;1.9022156472988743e-05;0.00012609785800131925;3.099524583671035e-05;3.5438701414432384e-05;1.0273952432626554e-05;8.02524161591439e-07;2.1650458316672595e-05;1.7456659800147806e-06;8.604153267005475e-07;7.504323275508503e-06;6.42740354450735e-07
26:46:03;680;1.0762819878965244e-06;1.8033553838973556e-06;2.2266373484626184e-05;6.273961409387528e-07;1.3240746181899319e-06;1.1692935957667445e-06;1.1654861609952407e-06;2.244480395642189e-06;7.849137517319931e-07;4.879160259051541e-07;1.4594024414807647e-06;1.0398466625942278e-06;5.636056499078925e-07;1.1905941255915566e-06;8.583738379076454e-07;9.471144218152887e-07;2.527419030540634e-06;2.388033055778371e-06;2.6705152414493406e-06;3.3332583592410526e-06;1.1717819720443119e-06;6.907359015338996e-07;2.3797178436083576e-06;1.7271596432324201e-06;8.25518210189606e-07;1.7220939649701857e-06;1.2569164669636122e-06;6.860178093436857e-06;1.847323173282684e-05;0.00012957868621322653;3.267881691845291e-05;3.4688433046760354e-05;9.264042268555085e-06;9.90130464498869e-07;2.2742983120783577e-05;2.0460889323955448e-06;9.701321711878227e-07;8.127721482240401e-06;7.760373711494136e-07
26:48:25;681;1.0372313440466419e-06;1.7774957267981417e-06;2.0980739572074672e-05;6.338638663646893e-07;1.4773162416210022e-06;1.163004463238854e-06;1.340545570226549e-06;1.2085007138441417e-06;6.497609554643382e-07;4.993731393853164e-07;1.1132324896255919e-06;8.951718010085198e-07;5.638332123414358e-07;1.8967645688438106e-06;1.0054086992445315e-06;9.685807280612044e-07;2.7117245240966624e-06;2.3809966478438582e-06;2.8889376599642063e-06;2.2167677792523034e-06;9.701221229885118e-07;7.963127555723088e-07;2.0727366193027648e-06;1.5323935128976642e-06;8.275970725939075e-07;2.573886922331025e-06;1.3898918280263595e-06;7.1832113588313264e-06;2.0847347040577037e-05;0.00011106005694174609;3.2291617207892576e-05;3.678364124778144e-05;8.345614613313064e-06;1.0440514408863913e-06;2.22598238469685e-05;2.099740183277033e-06;1.1454124655705096e-06;8.074490372751985e-06;6.338681453001022e-07
26:50:47;682;1.110127330828835e-06;1.808398458625918e-06;2.3275103446568504e-05;7.780594736172087e-07;1.9646102187500314e-06;2.1833520136092166e-06;1.2647455808302188e-06;9.353919229485282e-07;8.226517935951769e-07;5.873913513365636e-07;1.014101265749513e-06;8.776505079052558e-07;5.304206599196252e-07;1.3206246468913916e-06;1.0425280816809974e-06;1.0914605417947545e-06;3.1755558706485133e-06;3.371315541917744e-06;2.7840541913030414e-06;1.872205648885915e-06;1.1286082139398603e-06;8.06920802446418e-07;1.9534157266932625e-06;1.5158891543090052e-06;7.817368570981729e-07;1.8290395416178273e-06;1.3905789052231844e-06;6.620394486969428e-06;2.284067233393181e-05;0.0001368582495464304;3.0453330327152545e-05;3.725562958878705e-05;9.940892069668627e-06;7.011325063297099e-07;2.2605771466262103e-05;2.105898064406867e-06;9.127262235972192e-07;8.337896284414315e-06;6.686484608719803e-07
26:53:09;683;9.976243501600122e-07;1.687696127030708e-06;1.9258597960682326e-05;5.737420760305993e-07;9.96344654134098e-07;1.0677654967074866e-06;1.2883383373463175e-06;8.476554818463584e-07;1.0671710217735608e-06;1.3453330734688764e-06;8.885210199916959e-07;8.181041657854977e-07;7.893859611630593e-07;1.0463900017980294e-06;1.2427405215605218e-06;8.755007420807522e-07;2.176946591307454e-06;2.285616981484791e-06;2.7876150544573105e-06;1.7993715423875108e-06;1.4495462266230662e-06;1.464006652728545e-06;1.7815803970204543e-06;1.4425434210640065e-06;1.01427153218031e-06;1.553489094280676e-06;1.6218648591900632e-06;7.026043234807326e-06;2.465042680949538e-05;9.119319513995261e-05;2.9899868441425038e-05;3.806733972667784e-05;7.371555030823391e-06;9.928719177879991e-07;2.0710715130713625e-05;1.816620446761181e-06;8.795074440399585e-07;7.641800367119377e-06;8.532318385842192e-07
26:55:31;684;9.326130830832436e-07;1.6424988396327627e-06;1.9725090510385646e-05;6.044857941069701e-07;1.3477427586071722e-06;1.097039582166236e-06;1.094913529700844e-06;9.965716801280615e-07;6.950708708799234e-07;6.235795424267756e-07;1.5056714609652422e-06;8.127705653554979e-07;5.784614364885825e-07;1.002401141970598e-06;8.326483648023565e-07;9.187587802674138e-07;2.550564666227176e-06;2.2775462837993866e-06;2.6169155253688885e-06;1.9791831931210647e-06;1.060290279654026e-06;8.443039362220266e-07;2.412403553454526e-06;1.4446093548284335e-06;8.193635631247576e-07;1.558395927566357e-06;1.22765032048409e-06;6.720454184019059e-06;2.8115292662508913e-05;9.200050342864182e-05;3.103493750749848e-05;3.72009577722211e-05;9.73990201726136e-06;9.125572647242413e-07;1.887494191535823e-05;1.8272282197907233e-06;1.0536568954401888e-06;8.491920169126581e-06;7.287340880370665e-07
26:57:52;685;1.0544376705112768e-06;1.75921762616735e-06;2.2075398165887594e-05;6.245021878212046e-07;1.0198568449546677e-06;2.5907373586229388e-06;1.590540625913532e-06;8.275099034287853e-07;6.40146452775396e-07;9.02670661954859e-07;1.3127682114699724e-06;8.891446509971181e-07;6.139847053806849e-07;9.644538700599852e-07;6.76936105231169e-07;9.733864426610275e-07;2.2028021945355053e-06;3.833091260632868e-06;3.112779547302148e-06;1.797622385483804e-06;9.586562974112019e-07;1.0864611577094192e-06;2.2543329670284785e-06;1.5746645989496803e-06;8.316071405059557e-07;1.4623073201607752e-06;1.0228997450811428e-06;6.9015244672973906e-06;2.3564128278361996e-05;0.00011249104943095209;3.918447005377238e-05;3.8943144905964245e-05;8.444452762768999e-06;8.054178650563308e-07;2.2372895602303777e-05;1.9547058513554958e-06;8.139988008822125e-07;8.515426507201729e-06;9.13563464734527e-07
27:00:14;686;1.0753628280371883e-06;1.772976418843554e-06;2.0622474703027256e-05;6.410051646648701e-07;1.4642189202521392e-06;2.144489453247512e-06;1.2178620137410172e-06;1.368105406578996e-06;6.076913303070858e-07;1.0165904394247733e-06;9.59334631612695e-07;9.65749589066821e-07;5.704452523680459e-07;1.2016618737640463e-06;7.471994315802729e-07;9.552724115645658e-07;2.6550031602882767e-06;3.343636996150157e-06;2.7210553957669203e-06;2.4376771951993542e-06;9.143399959416283e-07;1.1597896432940154e-06;1.8577763506683264e-06;1.611380189157749e-06;8.048592395091793e-07;1.6768699338229718e-06;1.1380559823021629e-06;6.880048713768221e-06;1.476618759758256e-05;0.00012088998173088658;2.8407528410418033e-05;3.47560399634605e-05;7.131371296464163e-06;9.955640801857117e-07;2.1846966298926445e-05;1.833053964552269e-06;9.231450343662689e-07;8.08959686357138e-06;9.50212482145004e-07
27:02:36;687;1.0802235543233059e-06;1.782151802896656e-06;2.426473916814941e-05;7.914880130289635e-07;9.661646752140933e-07;1.8570878890435758e-06;2.0064907006203922e-06;8.974530778325309e-07;6.478117012517518e-07;1.0308529556433335e-06;1.0457909471739413e-06;9.409037171211181e-07;5.484029098511524e-07;7.616991203430633e-07;1.4685364995966923e-06;1.1110722703396956e-06;2.1427143173805465e-06;3.070656095841042e-06;3.5962673221927364e-06;1.8334624330605096e-06;9.781708719188668e-07;1.193632184710243e-06;1.977501051730047e-06;1.5422394176024267e-06;7.872541847449657e-07;1.2898160397399588e-06;1.8630347194860555e-06;7.101056411071922e-06;1.998570120794807e-05;0.0001489797141355597;3.085156708608349e-05;3.659949277141196e-05;1.0761716390236183e-05;8.238402080783281e-07;2.3696907027735283e-05;1.8063946883732334e-06;1.0616079371737682e-06;8.750390620500231e-06;7.584815336207622e-07
27:04:58;688;9.891010911321596e-07;1.6984288077776598e-06;1.8651191464579452e-05;7.202879499310846e-07;1.2077121416063299e-06;1.0956267726604871e-06;1.2753061017727936e-06;1.5986351826152207e-06;7.011399761386822e-07;6.932735315116774e-07;9.459244952577964e-07;1.0604055245202269e-06;5.844123413887494e-07;1.0028038716182086e-06;9.836847986671222e-07;1.0513545719190973e-06;2.410858523426559e-06;2.292446831947755e-06;2.7877832030465965e-06;2.5902472994178574e-06;1.050433258103423e-06;9.010334462679646e-07;1.8808454305017913e-06;1.6688782053175669e-06;8.269067862622965e-07;1.5262125797090459e-06;1.394145278591398e-06;7.020504563874268e-06;1.68260283721764e-05;9.155033549310257e-05;3.158567415283034e-05;3.5702506092959124e-05;7.970181843524501e-06;7.928450303993779e-07;2.0032427741529934e-05;1.8200794041621043e-06;9.093069776124215e-07;8.733687764079367e-06;8.70720138703064e-07
27:07:20;689;1.0252443338742978e-06;1.734699253574945e-06;1.8346277835571166e-05;9.500741289449686e-07;1.391292871940922e-06;1.086637699740126e-06;1.4669540101440826e-06;1.0552668845420499e-06;8.857105717539262e-07;9.013273439929425e-07;8.993135894964542e-07;9.266693909185361e-07;5.112583506449265e-07;9.251011168422771e-07;1.3033256546728984e-06;1.2433808696117968e-06;2.58056522967838e-06;2.296081784382445e-06;3.0022732528467013e-06;2.0028841782168226e-06;1.2621949677055984e-06;1.073134043669793e-06;1.8353762890933755e-06;1.631149863977596e-06;7.532321659899808e-07;1.4379627970488919e-06;1.6981549325879039e-06;6.907987723518938e-06;2.652756095453235e-05;7.861414598691624e-05;3.3654221713620045e-05;3.30230018216076e-05;8.905894414826921e-06;1.0152835810316143e-06;1.9835120158443344e-05;1.9789464203316334e-06;9.644141062428024e-07;8.146398821434214e-06;5.823583243483109e-07
27:09:41;690;9.284838199296143e-07;1.6266120480936421e-06;2.0210257495376897e-05;6.45082811450754e-07;9.319177652597236e-07;1.2667570889619966e-06;1.3025117546951812e-06;9.268315550996094e-07;6.69732590032688e-07;1.146329503159455e-06;9.61996434431259e-07;8.015737377288122e-07;4.822001266562898e-07;9.69100158747112e-07;1.0377719800270702e-06;9.530509930611308e-07;2.1085859100510997e-06;2.4937000670767783e-06;2.8472220449231507e-06;1.8766553063835114e-06;1.0106744270292957e-06;1.2797930469188734e-06;1.8745423228176174e-06;1.4555340605592035e-06;7.237946441577312e-07;1.4717180920918427e-06;1.424073277460973e-06;6.761959749728201e-06;2.3464830608025743e-05;0.000103372056043219;2.91978965293385e-05;3.636419067533463e-05;1.0023974849799819e-05;7.682445827041449e-07;2.092111869406863e-05;1.9676916524401133e-06;7.771074821144511e-07;8.248790122485847e-06;6.552289552636751e-07
27:12:03;691;1.012437314025631e-06;1.7310934064097855e-06;2.1391697918026284e-05;7.663330224535773e-07;1.0223434283786823e-06;1.2716657512870908e-06;1.0932821904351509e-06;1.2868108297713443e-06;6.749927878453703e-07;7.535960530350135e-07;1.2201883549616872e-06;1.4116845032739114e-06;5.790222775995088e-07;8.704755868439339e-07;1.198852556782981e-06;1.1239147607750653e-06;2.2372017305821794e-06;2.479371153617361e-06;2.62966681665476e-06;2.3227746926093895e-06;1.0201349027738615e-06;9.731879429239863e-07;2.1297689425156496e-06;2.019474088309478e-06;8.083368961303643e-07;1.4140485109813117e-06;1.6152398745672847e-06;6.836576130029434e-06;2.1946689647079637e-05;0.00011374284532115782;3.216878367361933e-05;3.600663428467696e-05;9.098832307713538e-06;7.115863298840896e-07;2.331793384602743e-05;2.1610383515039626e-06;1.0997630715329976e-06;8.663598257000597e-06;9.460937960895908e-07
27:14:25;692;1.030103896242968e-06;1.7292606062140674e-06;2.0215562578140596e-05;6.317692984516363e-07;1.778344861430076e-06;1.2867060725179675e-06;1.4905335538757796e-06;8.722634225416021e-07;5.365197154428746e-07;1.570218144761074e-06;9.785583341616964e-07;8.487479714602841e-07;5.60133976090782e-07;1.0597157305205294e-06;7.47735255934856e-07;9.44880104172994e-07;2.9680193827378483e-06;2.5424266616166184e-06;3.050390354980629e-06;1.7742645148194276e-06;8.888986689893086e-07;1.646030845757748e-06;1.9226116592108156e-06;1.4935327988473257e-06;7.902583590719909e-07;1.5665536518065006e-06;1.1632598037792804e-06;7.1147200344315585e-06;2.115327279958023e-05;0.00010631448752459318;2.7611217308356545e-05;3.6529200277222766e-05;9.579950182284983e-06;9.322063306035016e-07;2.169046024200486e-05;1.9566917791002605e-06;7.583386374672422e-07;8.154785568490903e-06;7.914202535511406e-07
27:16:47;693;8.797921507279356e-07;1.5847865468090219e-06;2.2340749286006602e-05;9.218665077364624e-07;1.0436467169260377e-06;1.1383327244858648e-06;1.1809979832057913e-06;1.0385162453632999e-06;5.580475639568114e-07;8.632814577938771e-07;8.660453473555404e-07;8.759376531583288e-07;5.525042450216233e-07;9.147831976363818e-07;6.035459035173703e-07;1.2264717506235385e-06;2.2377517489421504e-06;2.32945740208379e-06;2.7028285204105025e-06;2.0113767742328444e-06;8.94658628452287e-07;1.0360239392682588e-06;1.8223719726398784e-06;1.5278091379364417e-06;8.088106468118054e-07;1.4335287585398171e-06;9.863488065127944e-07;7.195827410076906e-06;2.3674279101426497e-05;0.00011889300704086575;3.5734367537790154e-05;4.032598802747982e-05;8.726242892884038e-06;9.760408086484286e-07;2.094939088930363e-05;2.1041353891414272e-06;9.603465936142101e-07;7.94368224252142e-06;6.056834983269681e-07
27:19:09;694;9.960276496912002e-07;1.7014083239332591e-06;2.0442095899495242e-05;8.612834173940794e-07;9.79841304416983e-07;1.2899894235635594e-06;1.2597974795076021e-06;1.209975494747601e-06;8.921763194083806e-07;4.369361938927341e-07;9.161794525460529e-07;1.229572706600896e-06;7.63138195464757e-07;1.1071539594615325e-06;1.006287423166441e-06;1.1690955383977481e-06;2.1434470434404014e-06;2.4628239466034722e-06;2.8242109655239583e-06;2.2375315015606363e-06;1.195148894483489e-06;6.986238454690557e-07;1.8146939651217773e-06;1.847237713206331e-06;1.0046083790671853e-06;1.597476542181401e-06;1.4220010520654762e-06;7.298283995892937e-06;2.0703683608477786e-05;0.00010983602815140769;2.7499769099704752e-05;3.651629180414096e-05;9.125925772755038e-06;1.026510828132616e-06;2.0552337260344925e-05;2.2970982124042976e-06;1.1944137747703031e-06;8.626615821221962e-06;6.281924646895707e-07
27:21:31;695;1.0262033159397725e-06;1.7121606494779544e-06;2.5603008418445257e-05;5.859587301835425e-07;1.1165183476758889e-06;1.2764422338500998e-06;1.6527952279526465e-06;1.0462156251636854e-06;6.85225156454356e-07;9.601146997641827e-07;1.4694966132822174e-06;9.306562004273257e-07;5.305597062698165e-07;1.1526189374257776e-06;9.078379000871838e-07;8.930458806435702e-07;2.307660765779209e-06;2.428723006877463e-06;3.1784433206125924e-06;1.9711067887881287e-06;1.0042870946672568e-06;1.0655739812090693e-06;2.3785583256471047e-06;1.5609591405106435e-06;7.701945371881945e-07;1.71052416558441e-06;1.2768501350468728e-06;6.90555840528485e-06;2.377066521061473e-05;0.00014629890827667647;4.8444894784586146e-05;3.713162281346808e-05;9.799039182859096e-06;8.677646958830124e-07;2.1390523624320864e-05;2.0387126216117043e-06;1.086434983680804e-06;8.765663678841788e-06;7.36312743515617e-07
27:23:52;696;9.513431844319278e-07;1.6674290766130508e-06;1.8697252019486494e-05;8.274736295358051e-07;1.3330776231577282e-06;1.025517168235462e-06;1.578555206872455e-06;9.369032412513563e-07;8.02000127399858e-07;4.903439474861089e-07;7.866452041679653e-07;1.0124637752023153e-06;5.372257383194003e-07;9.070947119095184e-07;1.1788175248060961e-06;1.1896547042667834e-06;2.540532879225517e-06;2.2562717607728747e-06;3.1247113522020966e-06;1.8721138769850065e-06;1.11888208479447e-06;6.943300490282909e-07;1.6824110928932377e-06;1.6751668344792811e-06;7.876302510904e-07;1.5011884575478343e-06;1.5662550741937963e-06;7.316656692140488e-06;2.3121631101455496e-05;7.997537674636843e-05;3.4804439289958726e-05;3.646203278548532e-05;8.691852397282106e-06;1.0025908561340377e-06;2.095824100149271e-05;2.125440334068453e-06;8.244928886270798e-07;8.317130830835046e-06;7.671393099899531e-07
27:26:14;697;9.801237996563052e-07;1.6801329518531492e-06;1.8228805944324894e-05;7.441424916669477e-07;9.890205603178195e-07;1.4164306273333305e-06;1.2091487974914954e-06;9.425184389722961e-07;6.026028809684321e-07;6.882826546685614e-07;1.5778849352766533e-06;1.467712167801949e-06;4.573904540369514e-07;9.051920695830001e-07;7.611591390712456e-07;1.0491671371456977e-06;2.1688753482130432e-06;2.6629208441245513e-06;2.7156157597622767e-06;1.8388109210027785e-06;9.292404721363019e-07;8.559343033499041e-07;2.4856570168790484e-06;2.1217211951807258e-06;6.975899183647856e-07;1.4671491195385206e-06;1.1689129328721109e-06;7.3479308753760156e-06;2.1718411535059934e-05;8.239131041882674e-05;3.219326843782676e-05;3.41054015363211e-05;7.643003824127519e-06;1.1682764030065026e-06;2.0193005829814995e-05;2.061180214755329e-06;1.026074976356878e-06;8.074800583283184e-06;8.230066971437864e-07
27:28:36;698;9.964429942983926e-07;1.6847146220749857e-06;2.140976037886242e-05;8.615571348064516e-07;1.4236601384644907e-06;1.5020960637748069e-06;1.353353878902846e-06;9.397279309456249e-07;6.390382979145929e-07;7.063567325392807e-07;1.0509513885410953e-06;9.974571440322806e-07;5.2532133964046e-07;1.1634476679037418e-06;7.94347846772519e-07;1.171952561302924e-06;2.591408376615676e-06;2.719967021301825e-06;2.869198395653913e-06;1.861267513717555e-06;9.496021891520079e-07;8.645700803828984e-07;1.9863538831993503e-06;1.6458263828582536e-06;7.358612679760156e-07;1.6566933925188798e-06;1.1638737652291743e-06;7.422653138500044e-06;1.9937532494223922e-05;0.00011987776948024293;2.9756281645714164e-05;3.4327017863236964e-05;8.66339116846774e-06;7.50777183229571e-07;2.4098911548379603e-05;2.1065901787625385e-06;1.0494441171320958e-06;8.25019396933293e-06;6.765617591265984e-07
27:30:58;699;9.925265567806656e-07;1.6973177218483503e-06;1.8906950560824645e-05;6.782663485809853e-07;1.546932750542205e-06;1.088650288058349e-06;1.4959946104524264e-06;8.866769930403574e-07;6.774829410199407e-07;9.710392668535208e-07;1.0722022048396824e-06;8.912249256970933e-07;9.948044557006597e-07;9.246503692817886e-07;6.823931501077528e-07;1.0169144122554354e-06;2.7153972191224022e-06;2.340956196844039e-06;3.0316123747634495e-06;1.7779573248603061e-06;9.938300811168292e-07;1.1343351714809683e-06;2.035038356046278e-06;1.5465391041726445e-06;1.2661033866330583e-06;1.4347116391462218e-06;1.0744166859153723e-06;7.70712703761503e-06;2.5098999933177762e-05;8.8904945536055e-05;3.0395577293058754e-05;3.425077580908247e-05;6.80427202465977e-06;1.0698208259707999e-06;2.104219253538158e-05;2.0832026266397168e-06;1.1273944395083392e-06;7.602652239842754e-06;7.964464289037646e-07
27:33:19;700;8.815186680005188e-07;1.582293941305867e-06;1.8860369124223282e-05;5.940235102999932e-07;1.2765600993250556e-06;1.2078470689887282e-06;1.354426822737635e-06;8.676489988701519e-07;6.918172923823946e-07;4.1520452038151295e-07;1.0151702286071378e-06;7.513936052351188e-07;6.480077657497222e-07;9.856911659010914e-07;7.704327016355705e-07;8.892433869087781e-07;2.453458525647138e-06;2.399761729641715e-06;2.943083185113486e-06;1.7845891789023236e-06;1.0100525021042341e-06;6.699385926799262e-07;1.9560819981950174e-06;1.3757105088637828e-06;8.639530026184845e-07;1.5147237131195998e-06;1.1269305516663413e-06;7.053787284213702e-06;2.3005973700785044e-05;8.492477745212812e-05;3.247636545025838e-05;3.604741056751775e-05;8.587561397504025e-06;8.619010032212248e-07;2.1165689385934726e-05;1.8327827835483011e-06;1.1181001829775372e-06;8.54793876452833e-06;7.021415180622457e-07
27:35:41;701;8.358703036392967e-07;1.531578903533172e-06;1.9815088113130645e-05;8.484906776780448e-07;1.0270762927013586e-06;1.056305866129683e-06;1.4240243197153033e-06;8.17336850119946e-07;5.455596704496589e-07;7.010858990120671e-07;9.380313636145584e-07;8.485463057862251e-07;5.483056811412207e-07;7.345754967131252e-07;5.411050088000025e-07;1.1678581219274736e-06;2.1868658326569904e-06;2.258082184808596e-06;2.9555434352166427e-06;1.7499405175782803e-06;8.610607220431074e-07;8.594959997279585e-07;1.8475513953386394e-06;1.4770283438407158e-06;7.94049283731971e-07;1.2907585129786513e-06;9.307118136659276e-07;6.815281907688444e-06;2.3895653278227542e-05;9.411925133948306e-05;3.415598606031203e-05;3.586600364601106e-05;9.496393478299766e-06;9.13712321316905e-07;2.0982356898557776e-05;1.850323128868956e-06;7.038344638824192e-07;8.17925422490097e-06;8.030066100188687e-07
27:38:03;702;1.059542510052257e-06;1.746379505479863e-06;2.3826785189345114e-05;7.352623595423647e-07;9.063985558070571e-07;1.4314019490510335e-06;1.2136681939848999e-06;1.2696302169601381e-06;5.861355591188752e-07;1.6223737518669426e-06;8.684653114634309e-07;8.782301027016554e-07;5.657307244484726e-07;8.742723231833984e-07;1.762940655922953e-06;1.0581283074943597e-06;2.0637018428427422e-06;2.6863147848163427e-06;2.735866606207874e-06;2.13489018054283e-06;8.99699799286086e-07;1.6584669848973274e-06;1.7828650712383736e-06;1.5267620145245525e-06;8.105600127409956e-07;1.404813783837993e-06;2.1944842812237903e-06;7.145066208689537e-06;2.537906616084031e-05;0.00013748562219979891;3.5623378280779355e-05;3.650664480889972e-05;8.683229581471284e-06;8.305517517409719e-07;2.2344798774568697e-05;2.0309517515580775e-06;8.278277748784577e-07;8.395739170147347e-06;6.685458087685882e-07
27:40:25;703;1.0727692854443789e-06;1.7815704156039173e-06;2.3751957426145618e-05;6.518462400961766e-07;2.0143345291565784e-06;1.9208145686536424e-06;1.1584790968945733e-06;8.089372669495276e-07;1.01431556640754e-06;5.310768575814897e-07;9.473718889778255e-07;8.118806225289952e-07;7.701235818552926e-07;1.310274394519049e-06;9.337764040783337e-07;9.972503719353294e-07;3.1746395518583295e-06;3.1302143074581297e-06;2.729244700483694e-06;1.8081573547464406e-06;1.3455664035478273e-06;7.652627665507519e-07;1.858415873668284e-06;1.4706506849334007e-06;9.617026164563223e-07;1.8013144979336118e-06;1.3364252010974211e-06;6.8212840278566535e-06;2.067100625312061e-05;0.00014524817934558084;2.595996490213052e-05;3.9339380098973527e-05;1.186399593949805e-05;9.208346742636802e-07;2.185735782671815e-05;2.1060756700484144e-06;1.1202332147718792e-06;8.591571743505074e-06;5.236054172799887e-07
27:42:47;704;9.643900240809764e-07;1.690546506451247e-06;2.1157140133991655e-05;6.426309230210915e-07;1.0798633723784301e-06;1.3385050088097408e-06;1.1573313736851725e-06;1.0411022013782785e-06;6.666698350941338e-07;1.1065745681387347e-06;1.5080920149043466e-06;9.23781086777224e-07;4.6346481501076525e-07;1.0490026656610625e-06;5.956620296000313e-07;9.936184904843316e-07;2.2505665364855005e-06;2.5475364978613274e-06;2.6952860175294484e-06;2.049081900432738e-06;1.0651841706286303e-06;1.2898051142909463e-06;2.4795437000164704e-06;1.58988268738747e-06;7.10556842281958e-07;1.6114467463254026e-06;1.0040487674808602e-06;6.790554201635617e-06;2.336928325781838e-05;0.00011307251001628886;3.0803351490774627e-05;3.680694611258415e-05;8.492372980331774e-06;9.018498681626502e-07;2.2022254598183678e-05;1.8508234562623846e-06;1.2009050750075254e-06;7.989084893219029e-06;5.857456576311835e-07
27:45:08;705;9.754634051617472e-07;1.672814266695943e-06;2.1965518262649126e-05;6.824775755440917e-07;1.3569872022016356e-06;1.1775164332887429e-06;1.320407544514911e-06;8.245029132567729e-07;5.488935691017555e-07;9.3379447955884e-07;8.52178327742143e-07;8.874471719509038e-07;6.673561146929398e-07;8.017199020216026e-07;1.6522792495007623e-06;1.0217915632029539e-06;2.54049834433018e-06;2.4136576013018073e-06;2.8306156660688383e-06;1.7978222091688289e-06;8.785432594524099e-07;1.0851583277754694e-06;1.7683556230806544e-06;1.5338788415060144e-06;8.98186534655745e-07;1.2935789711747607e-06;2.0116839078593928e-06;7.1978726680060145e-06;2.5227457740063607e-05;0.00011836309843243202;3.326224253231141e-05;3.511175540268382e-05;9.762178135293389e-06;8.466023711565235e-07;2.2102814185613077e-05;1.948520061742335e-06;7.298593797428545e-07;8.350801813216935e-06;6.830164295274798e-07
27:47:30;706;1.0570156878260533e-06;1.7707504593424427e-06;1.9562173182494526e-05;9.76385599523026e-07;1.2840487932728386e-06;1.1625946514987555e-06;1.1015794155643344e-06;8.4431227500368e-07;6.809599944933676e-07;3.893862567938555e-07;1.6247296376160525e-06;9.416129139435984e-07;4.942599095659649e-07;2.1157393921682073e-06;1.068578988042387e-06;1.3110578259939653e-06;2.535225591968868e-06;2.3497030203739257e-06;2.6649287249285087e-06;1.774467309472509e-06;1.0063722350314262e-06;6.345058411510234e-07;2.575945799596607e-06;1.58347070512868e-06;7.44904083822354e-07;2.6092291553923824e-06;1.4591945803002528e-06;6.446586702367975e-06;2.4115386552215728e-05;9.110758250797952e-05;2.711676879635384e-05;3.8417961421595935e-05;8.71190350967495e-06;7.352621056587813e-07;2.563158160456648e-05;2.1019655675685273e-06;9.532846270909871e-07;8.522968854210139e-06;8.848259406513952e-07
27:49:52;707;8.586246068889832e-07;1.5569174072166052e-06;2.139125158634067e-05;5.558254132105715e-07;1.2016151939323292e-06;1.190566863600912e-06;1.191844682017647e-06;7.95556157355422e-07;6.178440626185151e-07;8.374316116918382e-07;8.188582979361637e-07;9.915801315394581e-07;5.21166339417789e-07;9.083440271466388e-07;6.728622621904828e-07;8.674047289269202e-07;2.3647222172868066e-06;2.405367295183698e-06;2.7636424477615165e-06;1.7619301480650232e-06;9.421543773332584e-07;1.0162551487593202e-06;1.7344151069952618e-06;1.6025865352851643e-06;7.5667808311687e-07;1.408096636623668e-06;1.0597557298993546e-06;7.337916499732941e-06;1.968899644674537e-05;0.00011883414588000375;2.9914738838078956e-05;3.9243574364184994e-05;9.437662949259679e-06;7.105874291339794e-07;1.9748027703415294e-05;1.7344538852035903e-06;9.256021426866398e-07;8.454659714408152e-06;6.646531832347593e-07
27:52:14;708;8.464920306523864e-07;1.55693720023896e-06;2.113511099666626e-05;6.269631459655433e-07;9.862647233854267e-07;1.421596549084308e-06;1.2832901067450952e-06;7.374891671089885e-07;7.100628738321291e-07;4.6857314326611354e-07;7.934500438496044e-07;9.501073893293143e-07;5.326354766940514e-07;8.733859200305005e-07;7.740855883155782e-07;9.56829384466789e-07;2.1854755606357143e-06;2.6569686071202857e-06;2.8607107392590363e-06;1.659962970927177e-06;1.0167770972634283e-06;6.977823959373439e-07;1.719827403438195e-06;1.5826362322272122e-06;7.987031432969184e-07;1.3898579932404722e-06;1.1577143800135259e-06;7.4277709527993805e-06;2.4439684912395592e-05;0.000111461666370951;3.351600928464368e-05;3.600816893254468e-05;9.56402265404013e-06;9.014936607217392e-07;1.8082103254457912e-05;1.88415604434205e-06;1.3079045825118572e-06;8.401365908014305e-06;6.269854025728353e-07
27:54:36;709;9.213624437136176e-07;1.6421595606930802e-06;1.8594316539705236e-05;6.234637450348983e-07;1.1385458381338056e-06;1.1931325995074749e-06;1.4896533951420048e-06;8.766837883927342e-07;5.549718244957091e-07;4.6351768647554725e-07;1.2403107266901647e-06;9.980431154652727e-07;7.439448135102757e-07;9.247839405772269e-07;8.092975628234714e-07;9.423174589433592e-07;2.36202814431647e-06;2.435817789405461e-06;3.1043312668471924e-06;1.8231829512209331e-06;8.964715226583497e-07;7.097044270071647e-07;2.1641330888570926e-06;1.6393461194212837e-06;9.917342023832538e-07;1.4147144265965075e-06;1.2221328867055973e-06;7.119501499516125e-06;2.075238553638239e-05;8.451014010324011e-05;3.0447235805091085e-05;3.896810370762906e-05;6.647925937263427e-06;9.082783834024185e-07;2.1559504432666547e-05;2.1720120012804885e-06;8.084770727018764e-07;8.505145806599644e-06;7.330881906896395e-07
27:56:58;710;1.0612963198365255e-06;1.7661061778935734e-06;2.0082366092590818e-05;1.4606819225271295e-06;1.0129432213416707e-06;1.487407862977751e-06;1.9081246255774946e-06;8.635034180218523e-07;5.896750222656909e-07;1.4557272267623489e-06;8.723282030457953e-07;1.1735457120016173e-06;5.274058621344708e-07;7.809881463155027e-07;6.032241391244626e-07;1.8130666056762653e-06;2.218805576963468e-06;2.6991149902239124e-06;3.4331510045077164e-06;1.8262508520572599e-06;9.32692913304695e-07;1.602263621493818e-06;1.7528981418222487e-06;1.8105504396552981e-06;7.918106593012764e-07;1.3187983224178183e-06;9.938704147604272e-07;7.097047129423355e-06;2.318981679238175e-05;0.00010172854205553053;3.373847856680206e-05;3.639342332938283e-05;7.700856468920972e-06;9.461469754334404e-07;1.8093872082531458e-05;1.8456781541246713e-06;6.890903105968754e-07;8.630700016321202e-06;9.347412296405714e-07
27:59:19;711;9.453142403001183e-07;1.6619468080442616e-06;2.2362081888615016e-05;5.527138303000485e-07;1.18548743347188e-06;1.6624505447411635e-06;1.3440681703775164e-06;8.939697443724722e-07;1.2242090530795673e-06;6.09837447167068e-07;8.662985011363069e-07;8.033507608231425e-07;4.790543388644153e-07;9.579929769061706e-07;7.643377484469547e-07;8.926970462532234e-07;2.3491671783308964e-06;2.895389783750229e-06;2.9110099148965674e-06;1.86937798812496e-06;1.531120221754256e-06;8.535249335210797e-07;1.797548969689966e-06;1.4626770470259326e-06;7.27610979265016e-07;1.4669406833560014e-06;1.1862964555215903e-06;6.7233398661567765e-06;2.4672105553767485e-05;0.00012627994367336151;3.091638615319962e-05;3.6271538500825026e-05;9.711837327028371e-06;8.606295186199923e-07;2.1265379737595034e-05;1.9106338830198745e-06;8.501184638655916e-07;8.265353271844539e-06;6.177167140964024e-07
28:01:41;712;1.0203582700379405e-06;1.7248687282529006e-06;1.7207661258237646e-05;8.34321523989313e-07;1.193412738813167e-06;1.2561254855663668e-06;1.7219918205701001e-06;8.915445365803071e-07;6.508684005292829e-07;1.3568584153618572e-06;1.033253257015138e-06;8.801583521809355e-07;5.592825298237549e-07;9.464224466752698e-07;9.200592918241894e-07;1.1457581245285607e-06;2.3777113169729356e-06;2.462725896742696e-06;3.323542988612103e-06;1.7852086286202854e-06;9.90894740932128e-07;1.5172664581158747e-06;1.934300201620444e-06;1.5261745975121927e-06;7.793794680575174e-07;1.5131503880207053e-06;1.3423110946365066e-06;6.783177401846846e-06;2.3573725928650866e-05;6.580128452784939e-05;3.32205708317617e-05;3.4876921258935955e-05;7.940833211246923e-06;8.647373799691329e-07;2.1071851936179018e-05;2.078416057015187e-06;9.441838306035486e-07;8.464792871033367e-06;8.714398637597778e-07
28:04:03;713;8.707455302247137e-07;1.5629782813482938e-06;2.0108287948102124e-05;6.924289881269565e-07;1.05800156401482e-06;1.208612601212199e-06;1.1187001087103516e-06;7.668028373072647e-07;5.44626817745485e-07;1.6210822137581586e-06;7.970493859668889e-07;8.345280091213361e-07;4.350715025822829e-07;8.274645263125794e-07;5.445775693825216e-07;1.011549878639235e-06;2.2178121007873184e-06;2.3745022627747546e-06;2.6764869030730436e-06;1.6677591843347992e-06;8.521155595926872e-07;1.7502573635145473e-06;1.7352120171899169e-06;1.4799458747664267e-06;6.840143716021021e-07;1.3831901544361682e-06;9.228933971469446e-07;6.754807889628751e-06;2.691840437837239e-05;9.603022477791224e-05;3.168543641197105e-05;4.111283555451399e-05;7.726599395987739e-06;6.893106903027373e-07;1.8609475026779333e-05;2.0409599184843856e-06;8.98827133880014e-07;8.088485640206561e-06;7.440885591863363e-07
28:06:25;714;9.40327490458773e-07;1.6550628095478426e-06;2.0698636043549854e-05;5.719078433052971e-07;1.2051274707855244e-06;1.0803103564039806e-06;1.3153619402572758e-06;1.175773205746628e-06;1.042837238461981e-06;5.79491109502102e-07;9.208405291616373e-07;1.2050307201376271e-06;4.7105663947277776e-07;1.0940617098336765e-06;6.221307763499727e-07;8.817353584819574e-07;2.422350774717807e-06;2.2831777915264784e-06;2.8663292406362634e-06;2.1314227082476015e-06;1.3475066514763943e-06;7.913501842564028e-07;1.8882361657717088e-06;1.870999151637816e-06;7.154649027379032e-07;1.6395631871690264e-06;1.0226170857843303e-06;7.045190569143626e-06;2.0274278029399473e-05;0.00010957492603489027;2.929582809009536e-05;3.890918735376807e-05;9.189159472149866e-06;9.951833902174807e-07;2.110066109209676e-05;2.1304779880150234e-06;8.536954022761524e-07;8.295578892804262e-06;7.194662077419757e-07
28:08:47;715;9.058156963090173e-07;1.6167143741445735e-06;1.9732290571699938e-05;6.099160195883645e-07;1.1287633382327622e-06;1.1978625438628527e-06;1.115718610914226e-06;9.857324074567166e-07;6.475513872187961e-07;7.078886883540101e-07;1.4403844781957724e-06;9.89521054993826e-07;4.752212951637928e-07;8.961607548162543e-07;6.750675230532915e-07;9.543275314747835e-07;2.3411732667503928e-06;2.407725675386499e-06;2.6572190764926732e-06;1.9336416418314634e-06;9.817856327077331e-07;8.820047916103675e-07;2.3872343524976427e-06;1.6235371328513816e-06;7.141349394254277e-07;1.4385641406988725e-06;1.0792239791792585e-06;6.812559311116496e-06;2.22299655303983e-05;9.480392200441765e-05;2.938094594012846e-05;3.6406130797614686e-05;9.460035643349467e-06;9.173803368550801e-07;2.4833786510432423e-05;2.1163510818692096e-06;9.335388161159737e-07;8.127477518166354e-06;7.653933699351668e-07
28:11:08;716;8.866663147538195e-07;1.5923047408538382e-06;1.946168444247163e-05;1.0310581507365735e-06;9.913270526886528e-07;1.3400787283886344e-06;1.1196942808892758e-06;8.079791462152612e-07;6.433389688450833e-07;3.591686676558807e-07;1.2557429993620417e-06;8.032539371023844e-07;5.769638160770605e-07;8.762741024106255e-07;8.3511566357169e-07;1.3315666602535155e-06;2.1624807384543166e-06;2.569165220145667e-06;2.660677346629879e-06;1.7470351633763337e-06;9.808006146884026e-07;6.089426383109813e-07;2.1736257196285413e-06;1.4504290308213047e-06;8.11306937063669e-07;1.40147503454408e-06;1.2101512473961947e-06;7.1647042024307205e-06;2.3612744376615753e-05;8.736962520519421e-05;3.105980025443564e-05;3.87590661718821e-05;8.423896918040732e-06;9.182476584625249e-07;2.399963613713797e-05;2.160271365408549e-06;9.419698434784512e-07;8.291619821479199e-06;8.386313550937201e-07
28:13:30;717;9.214007665938404e-07;1.6379969905226718e-06;2.1852669688747135e-05;7.414520399267649e-07;1.8180129288871492e-06;1.1705093657968488e-06;1.103355985808786e-06;9.235416195029312e-07;7.599910626477812e-07;5.657752495795294e-07;1.267353031893363e-06;8.544400630260508e-07;5.190438301383438e-07;7.839527469209109e-07;5.493809748942495e-07;1.0981305399294383e-06;3.022994994491363e-06;2.3718870783962797e-06;2.6754505597637035e-06;1.8986574827343973e-06;1.089684998751642e-06;7.95635910190879e-07;2.22930751228484e-06;1.479890072517529e-06;7.558004728960879e-07;1.3041802565601733e-06;9.343434950856538e-07;7.524170662841508e-06;2.3701797235552984e-05;0.00011552716760306461;2.845433700293953e-05;4.147870073979788e-05;8.89220160755907e-06;8.637580121204432e-07;2.392493505714305e-05;2.035456903993129e-06;1.2139560568829459e-06;7.945968288275154e-06;6.69587094795381e-07
28:15:52;718;1.1870964277834033e-06;1.896596620985914e-06;2.0105127479359037e-05;5.556172060217079e-07;1.245265726010106e-06;2.176886063409711e-06;1.199168173325983e-06;1.6763372519596425e-06;6.320925894617605e-07;1.5580477842033504e-06;1.3397974803133004e-06;9.480952396501152e-07;8.325107231467076e-07;8.790376272539323e-07;1.2023008277043088e-06;9.121795704266309e-07;2.494277639384621e-06;3.3463604406186944e-06;2.7135766611283108e-06;2.6498058758401778e-06;9.81865852802716e-07;1.6684335070196909e-06;2.268146660373785e-06;1.599204864173253e-06;1.0567883249896574e-06;1.45012044660827e-06;1.618398905837331e-06;7.457354939052391e-06;2.1527839895180398e-05;0.00010857120149116609;3.114858070752234e-05;3.156926449302646e-05;8.130163234781911e-06;7.493244020490835e-07;2.0402047910331822e-05;1.944055746555491e-06;9.024804264860103e-07;8.26816141508957e-06;5.910550910668653e-07
28:18:14;719;1.035994222045841e-06;1.74389945445737e-06;1.7529745838321914e-05;6.31265594544769e-07;9.60332561351539e-07;1.0295140647865641e-06;1.6774691484755522e-06;2.7820582952516175e-06;5.207249605247584e-07;6.531182498664184e-07;7.777635508561658e-07;8.748836632932466e-07;4.64786886392429e-07;1.044969229772748e-06;1.0150440483691625e-06;9.74336441536655e-07;2.1698569102964145e-06;2.230007592953382e-06;3.2520435159405013e-06;3.7569893461468267e-06;8.303905021041172e-07;8.302091241085127e-07;1.712008602686482e-06;1.4912293020447405e-06;7.098911612358072e-07;1.5630693905556736e-06;1.4067609853716218e-06;7.13824632232662e-06;1.8723399037397983e-05;7.996685395511097e-05;3.381683508394738e-05;3.186958460941972e-05;7.3326727710140215e-06;9.484447066704687e-07;1.8484716420072522e-05;2.1286711547319714e-06;7.476533443962716e-07;8.335514548253801e-06;8.643581065212804e-07
28:20:36;720;1.0177593761701524e-06;1.7200504181588098e-06;2.0105059781091923e-05;6.458658983793891e-07;1.775702264258686e-06;1.200397652712969e-06;1.2224222350325094e-06;7.624739234738084e-07;5.521007197276359e-07;1.2775164357896203e-06;1.4060958077877217e-06;7.832821711240001e-07;6.695710170150965e-07;9.96170345566518e-07;9.2151364010236e-07;9.67293003726164e-07;2.9550392009926476e-06;2.448321515370066e-06;2.7849737249843073e-06;1.674002114985434e-06;8.682465526178447e-07;1.4502598460988142e-06;2.3226889439522696e-06;1.4211142839381933e-06;9.034881980116114e-07;1.5240853118956682e-06;1.3210919291850587e-06;7.426558761144731e-06;2.767316331989292e-05;9.2316853302186e-05;3.1754155830870805e-05;3.83066966662075e-05;8.036904213338723e-06;7.90265365522775e-07;2.2889031999444433e-05;1.9953045476225246e-06;9.85752149821227e-07;8.253269539678899e-06;8.327616773725166e-07
28:22:57;721;1.1565955618696544e-06;1.852094173149384e-06;2.3681955450368714e-05;6.631311803511669e-07;1.5949371948406368e-06;2.591701646989267e-06;1.2716744550318864e-06;8.525038309624801e-07;7.918996561525918e-07;7.70068235642831e-07;8.389681356907824e-07;9.612108017814143e-07;5.986814159571323e-07;1.144574524128669e-06;1.799795223563065e-06;9.898361819195306e-07;2.8012942490782226e-06;3.7484503680596253e-06;2.8396696354574014e-06;1.778969131240196e-06;1.0757040447256432e-06;9.60329853287361e-07;1.7607910189027175e-06;1.574939095099822e-06;8.512377331510523e-07;1.6731834697382028e-06;2.170724635878379e-06;6.900068834712231e-06;2.511737914015937e-05;0.00013492205634440873;3.570842984096564e-05;3.922234714162248e-05;9.59353501359759e-06;8.215507643823174e-07;1.9794149438498906e-05;1.8807400812148894e-06;1.0388041770225704e-06;8.483952541228538e-06;7.004520866112102e-07
28:25:19;722;1.052543029380424e-06;1.7716838412318023e-06;2.056294619771147e-05;5.571478738969854e-07;1.0604035949122383e-06;1.8848924091036616e-06;1.285866609877153e-06;2.0492804520796684e-06;5.630712804703044e-07;1.3266178844743721e-06;7.955036830880663e-07;8.923479456771329e-07;4.579616880667265e-07;7.305412584767236e-07;1.026881248478162e-06;8.920235028268462e-07;2.287720144810424e-06;3.092526943747325e-06;2.814351886097685e-06;3.101821804032429e-06;8.837977456487697e-07;1.5052602998654452e-06;1.7221276018834124e-06;1.5956932231024958e-06;7.051300068396122e-07;1.2483285315824957e-06;1.4114240985414837e-06;6.710401031647006e-06;2.0559706799017094e-05;0.0001092426470741431;3.057470740904022e-05;3.488707752117194e-05;9.572024149959924e-06;7.774703221503051e-07;2.2717159445598874e-05;1.761047366523438e-06;7.898755926984714e-07;8.083343560618809e-06;1.0798940999684506e-06
28:27:41;723;1.0049951615959623e-06;1.7354481706551948e-06;2.043979093634154e-05;6.637203962191827e-07;1.957486796009469e-06;9.657989687994473e-07;1.7674796606505858e-06;1.0687676734733031e-06;8.200048251325789e-07;5.417856902506008e-07;9.165720629346972e-07;1.007807077790801e-06;4.463197057188753e-07;1.1748793937726987e-06;7.293192786664545e-07;1.0288318890161463e-06;3.125085764691857e-06;2.197731093842834e-06;3.3462524323665635e-06;2.1016505394947693e-06;1.194499001876811e-06;7.806905280550738e-07;1.8605242680275262e-06;1.6688404425794827e-06;6.931363962342437e-07;1.6903956253096296e-06;1.137739560173158e-06;6.848825781980455e-06;2.3054811220005344e-05;0.0001019805926339462;3.1475932645527653e-05;3.797965094643398e-05;1.0290253391467139e-05;1.0719087025794854e-06;2.0806664161331428e-05;2.1880415237114895e-06;7.782219661166487e-07;8.102171945502861e-06;7.004163174957095e-07
28:30:03;724;7.747852805389305e-07;1.4918254297713881e-06;2.0953063283916672e-05;5.166522485792897e-07;9.696065377666359e-07;1.029039453648295e-06;1.076105941971212e-06;7.442654212122787e-07;5.380469543640616e-07;8.159179125868186e-07;8.357764302050182e-07;8.493614067426527e-07;4.166414777628802e-07;6.702833970286612e-07;8.357259530472111e-07;8.635582657283337e-07;2.1934488258230437e-06;2.2585150999694185e-06;2.627849483625268e-06;1.6828622382421646e-06;8.784668352745939e-07;1.0114240640062615e-06;1.77288220843193e-06;1.5075226736924009e-06;6.579730835900464e-07;1.2108106468847928e-06;1.2365914808700076e-06;6.996026894387596e-06;2.1778395745384705e-05;0.00011277206305103669;3.30132922014178e-05;3.5551451507014026e-05;8.893923328747686e-06;9.0464559574754e-07;2.021377567381383e-05;1.9464106191185577e-06;8.963316170068104e-07;7.87788557023731e-06;5.925576030873718e-07
28:32:25;725;9.134442396010265e-07;1.6312837568518802e-06;2.2046044921271837e-05;6.672247424465251e-07;1.0637310235075212e-06;1.6409098070627435e-06;1.0052674947015239e-06;9.374610694188525e-07;7.566798789972815e-07;4.3866080077428005e-07;9.395527813538251e-07;9.227259023929109e-07;6.26755493888192e-07;8.826545739960455e-07;1.0797070562063027e-06;9.94491436306851e-07;2.290680135611413e-06;2.861125437183419e-06;2.557298661417054e-06;1.9108893863481573e-06;1.0692268457965332e-06;6.739995782643032e-07;1.8750135015142394e-06;1.5870467159747701e-06;8.813619598197564e-07;1.398023981362459e-06;1.4762470490368979e-06;7.343461132120011e-06;2.0000507824416173e-05;0.00012740689020117473;3.246392781657959e-05;3.4298428586338026e-05;9.003552136185032e-06;1.0725286864682163e-06;2.126288999348042e-05;1.8692320651123384e-06;9.115500258346912e-07;8.170394011557081e-06;7.491765759957682e-07
28:34:47;726;9.06343745105625e-07;1.6316578311592752e-06;2.3285555731739074e-05;7.759095220468996e-07;8.899306882122331e-07;1.3052795046032306e-06;1.1817421535069301e-06;7.879830094284753e-07;5.986710275801049e-07;4.5904845890166646e-07;1.0128392183940027e-06;1.7146870497212903e-06;4.824299897747282e-07;1.074960721648598e-06;5.926433050569684e-07;1.098171173260175e-06;2.110293778485679e-06;2.5336646414663983e-06;2.754839467251017e-06;1.7427702023787442e-06;9.359902510886622e-07;7.074549857775367e-07;1.9804289785255767e-06;2.374180192280711e-06;7.310892309432566e-07;1.6083536124076287e-06;1.002657076892492e-06;7.276025010652147e-06;1.796473111261961e-05;0.0001417188915009904;2.88217549803886e-05;3.966631753703518e-05;9.785333638246235e-06;9.457700582615087e-07;2.1012082818297218e-05;2.157490979686796e-06;9.932440819702157e-07;8.505726959136364e-06;5.793001035846474e-07
28:37:08;727;8.363585676947465e-07;1.5576965606784672e-06;2.0373237071774124e-05;6.15702212446546e-07;1.09048600630243e-06;9.277812338998553e-07;1.123877301768449e-06;7.915908558137569e-07;7.564520407237813e-07;5.019810784419447e-07;1.5831426210381623e-06;6.654409309641612e-07;4.5590719744869157e-07;7.618852017963398e-07;7.620558912790898e-07;9.641560399347639e-07;2.2874521849339143e-06;2.1634398855226956e-06;2.7119267427604175e-06;1.749101133117608e-06;1.073736194640229e-06;7.177303498870463e-07;2.524797544457572e-06;1.357810794725313e-06;6.885398409515721e-07;1.291391756579667e-06;1.162275813978248e-06;6.942080321767826e-06;2.6856413085402817e-05;9.820150789120153e-05;3.2116419654674043e-05;3.578146413154531e-05;8.548609570790576e-06;1.0564798103639944e-06;2.3210411338211413e-05;1.9585345155018856e-06;7.706670211210119e-07;8.27623762380703e-06;7.600198969021177e-07
28:39:30;728;9.994347472447822e-07;1.7011917648981384e-06;2.192236932455786e-05;5.928343947464948e-07;1.0537591917027875e-06;1.465596038065862e-06;1.0724340669651413e-06;9.980301163281524e-07;1.0013173687378247e-06;1.2005277139272927e-06;7.904939712911517e-07;1.0358540935713605e-06;7.619041027983154e-07;9.213774692701743e-07;1.0990880258435451e-06;9.119460454298227e-07;2.253124120492246e-06;2.66571681503926e-06;2.660169153513598e-06;1.9498968945702507e-06;1.332278353528855e-06;1.3084498204356167e-06;1.7171781014958123e-06;1.6552441932997427e-06;9.91968386475906e-07;1.4533217772968552e-06;1.51500732292472e-06;7.300070546830131e-06;2.0562856293493727e-05;0.0001240792520667262;2.9857860979153124e-05;3.723108939696772e-05;1.017848138682777e-05;8.101546541734603e-07;2.105827483233652e-05;2.129370205363249e-06;8.213975505714863e-07;8.348119168103669e-06;6.915048141472467e-07
28:41:52;729;7.91525567836712e-07;1.5025498214527033e-06;2.1339318815455484e-05;5.992679327720457e-07;9.013308106340581e-07;1.252312753698768e-06;1.0590464501318437e-06;9.588087483565615e-07;4.7679808876856877e-07;5.978218577749252e-07;1.0264549431033225e-06;7.257940551190374e-07;4.199034215284831e-07;8.332568557973213e-07;6.475107091316349e-07;9.373696192470342e-07;2.106374236236546e-06;2.4567857537154458e-06;2.604086735636538e-06;1.942093276767669e-06;8.055602512585314e-07;7.913050626340712e-07;1.981464772108689e-06;1.3628566555009365e-06;6.514489176062184e-07;1.3625294777336387e-06;1.0287228503871062e-06;7.307929384158355e-06;2.449036840490641e-05;0.00011041275594332362;3.462910947355219e-05;3.469752866238314e-05;9.098957616375275e-06;9.519160135304949e-07;2.2698609361071807e-05;1.8073791562944458e-06;9.805507264011785e-07;8.244179073398184e-06;7.525419700707035e-07
28:44:14;730;9.733286743050165e-07;1.7072602704386934e-06;2.215476345120917e-05;8.019251141113479e-07;1.2324081715546371e-06;1.3132469897798997e-06;1.0958003149723212e-06;1.7516605122351465e-06;5.99062982089358e-07;3.927233083985984e-07;8.234970275789909e-07;9.267360269081916e-07;4.1050155743314254e-07;1.4525197719353597e-06;8.79861920332171e-07;1.1489306787760004e-06;2.4411776273235415e-06;2.515012429112291e-06;2.6851781323002105e-06;2.8184132562745604e-06;9.34512642392223e-07;6.615304148972081e-07;1.7629801352339638e-06;1.5970881231854186e-06;6.6636853780092e-07;1.9447029516517364e-06;1.3112277957312655e-06;6.710081697998898e-06;2.736126004192774e-05;0.00011783953905120998;3.357550863401046e-05;3.7572937814916204e-05;8.738636205113063e-06;7.594180982824626e-07;2.1711721689401327e-05;1.8975977216979293e-06;9.048526686172408e-07;8.17350155027218e-06;6.121062410625822e-07
28:46:36;731;7.67853329848704e-07;1.5050619062601038e-06;2.2022068806223655e-05;4.944692801474431e-07;1.0903577468791459e-06;1.1641634475009512e-06;1.0558623528631663e-06;8.804255020589125e-07;5.257306395879301e-07;4.900068854108884e-07;9.131200564964233e-07;8.023748382480665e-07;4.2461946480155566e-07;7.903734118903055e-07;5.827360931979926e-07;8.13703491579688e-07;2.359727155819684e-06;2.402269839727017e-06;2.6646588568400135e-06;1.843001050877354e-06;8.553574390664178e-07;7.211551879991711e-07;1.8802298580086716e-06;1.4681233617725238e-06;6.850976333974163e-07;1.355120356855636e-06;1.0122981783567838e-06;6.997681402943908e-06;1.7906335369600327e-05;0.00012474643617953706;3.212361441835164e-05;3.913355795675105e-05;9.057362147297973e-06;7.920429243007954e-07;2.1460572505745808e-05;2.1117932519976447e-06;9.667733791976262e-07;8.415477107279028e-06;5.531790316808928e-07
28:48:57;732;9.144331081436328e-07;1.6406471861299434e-06;2.0007938712569837e-05;7.616604381139264e-07;1.1345666364383853e-06;1.4056756969728987e-06;1.3052420482621714e-06;9.039478927002681e-07;7.985691268252992e-07;4.210460875307056e-07;7.967511804661921e-07;9.3115869867236e-07;4.1428084784911334e-07;1.0114477159655684e-06;1.0888506129059683e-06;1.1229005828013964e-06;2.3617933263117667e-06;2.5948742134034226e-06;2.875065131521768e-06;1.9069228453846807e-06;1.106060471723635e-06;6.697119169553222e-07;1.7441523990368571e-06;1.5948950882559557e-06;6.661097070494329e-07;1.55039068759615e-06;1.4948895533985084e-06;6.753407136431186e-06;1.9457158753152585e-05;0.00010363297314282003;2.997695648961843e-05;3.59816634775689e-05;1.0436738739041491e-05;8.91532898173313e-07;2.1168586782241948e-05;1.8124053947430506e-06;1.1262870556959427e-06;8.120682305536418e-06;7.368723758147319e-07
28:51:19;733;9.951076299944104e-07;1.694218633042798e-06;1.8922917414333116e-05;8.314453365798613e-07;1.1450438534313632e-06;1.1731464015986923e-06;1.0334424775331803e-06;8.526345933129226e-07;5.408213730992176e-07;2.4557291452060266e-06;8.534373733775685e-07;7.613638073131959e-07;5.113153253123347e-07;8.098410438412368e-07;9.730704804750638e-07;1.1677507626976692e-06;2.3571291985948087e-06;2.323131388660426e-06;2.5891741237317064e-06;1.8338800868426732e-06;8.778145663971464e-07;2.5458712317703417e-06;1.7799259700340476e-06;1.4127098880416718e-06;7.53537997254654e-07;1.359522145718719e-06;1.3301759241309084e-06;6.8672032414158715e-06;2.4675687351843523e-05;8.546004640392261e-05;3.0042505832528026e-05;3.760571576787279e-05;7.150001838163507e-06;8.156655179153531e-07;2.2775203326204e-05;1.9297351290796704e-06;8.524935286682316e-07;8.250233142976534e-06;6.505178914073017e-07
28:53:41;734;9.67301156103288e-07;1.7001681099033323e-06;2.0325328621087776e-05;9.083225363375065e-07;1.216499693706458e-06;9.88498615083312e-07;1.569904249911567e-06;1.1771070159806063e-06;6.521211032183384e-07;5.233072209302621e-07;9.755522234074347e-07;9.397507940307874e-07;8.60440744432367e-07;9.431503193788806e-07;8.529589856239155e-07;1.2940058055288387e-06;2.456220406340343e-06;2.2086890788769676e-06;3.1817397927936117e-06;2.185145250004547e-06;9.79802262210359e-07;7.755262113508401e-07;1.8734781967476563e-06;1.6139445878989251e-06;1.1026432202292015e-06;1.4792685919065328e-06;1.2515534177521347e-06;6.513003314489376e-06;2.1455992304200452e-05;0.00010460198731120451;3.0192850186242267e-05;4.108015407353379e-05;7.359084388334458e-06;8.817669695663567e-07;1.9500924093088427e-05;2.2087271741889627e-06;8.754134126124515e-07;8.408811986627213e-06;8.252282389650314e-07
28:56:03;735;7.860846863943555e-07;1.490517625318751e-06;1.9084200826357736e-05;6.112042476176653e-07;1.0516607736574004e-06;1.111740551658484e-06;1.1668340528136023e-06;6.797966177448959e-07;5.41851234103774e-07;7.032921761730325e-07;7.149809017160568e-07;7.687422797724769e-07;4.203728845424011e-07;7.368973462540396e-07;9.256429520654308e-07;9.112094252360075e-07;2.2423113552830254e-06;2.353818190328374e-06;2.705973216345942e-06;1.6261330897635427e-06;8.760270804797776e-07;8.88537526199936e-07;1.6593529622535047e-06;1.4047354277034727e-06;6.537319950295361e-07;1.2920315997735664e-06;1.2723489306418868e-06;6.939564726103857e-06;2.580099983692915e-05;8.628985249864938e-05;3.112464816577533e-05;3.928778780936281e-05;7.804861553734962e-06;9.227755390528235e-07;1.8906609211326807e-05;1.9622863755662683e-06;8.445331530087401e-07;8.392044129031264e-06;7.344469177513938e-07
28:58:24;736;1.0044038495461327e-06;1.7331621701130274e-06;2.2383231447939148e-05;1.0520964016759071e-06;1.1429730586633788e-06;1.8020910163714503e-06;9.832088157776555e-07;9.481542196225363e-07;7.648824703307159e-07;5.173446150464788e-07;9.643250237122525e-07;9.289546212669237e-07;4.966068697880904e-07;1.6629970544877117e-06;7.89211601565592e-07;1.4288760750580107e-06;2.359119621993343e-06;3.0331050627957e-06;2.5512481040061196e-06;1.964895932936007e-06;1.0953618142812508e-06;7.482081082631753e-07;1.894653925912188e-06;1.615919541972623e-06;7.497954780037501e-07;2.173774042096773e-06;1.182987910949664e-06;7.415302045269951e-06;2.6955751180527047e-05;0.00011994766770495568;3.314745077677472e-05;3.780926119127157e-05;8.777749705397823e-06;9.409218403150764e-07;2.1435487643909008e-05;2.0462996631121492e-06;7.69458545043863e-07;8.539558429265446e-06;8.13868649427478e-07
29:00:46;737;8.713156092390115e-07;1.6004752944377576e-06;1.677514876662765e-05;5.223581557603748e-07;1.0474120844185884e-06;1.0542846955856207e-06;1.001310744783914e-06;1.1105147481997464e-06;5.030913184227033e-07;6.765779870697809e-07;8.645451342300962e-07;8.111694029609076e-07;4.055849396333855e-07;1.012520936185333e-06;1.4464169253840127e-06;8.544324131596308e-07;2.2447352162262062e-06;2.320104256427782e-06;2.604449124663904e-06;2.1357145943177703e-06;8.197782689640468e-07;8.918720640440945e-07;1.7585600859622245e-06;1.5072899214782743e-06;6.54764764039089e-07;1.548383093167898e-06;1.8656192782134297e-06;6.9919987700653364e-06;2.8907890023657783e-05;5.6393328746734825e-05;3.192977901820599e-05;3.274051590151149e-05;7.935969081505822e-06;1.227464385525259e-06;2.3497943845099224e-05;1.9466403479690485e-06;7.203785528593737e-07;8.4349906254423e-06;5.748859009553809e-07
29:03:08;738;9.88587250041271e-07;1.69602344900755e-06;2.2661316339134787e-05;7.158523940085295e-07;1.0464773347671688e-06;1.9762654640038075e-06;1.0524494915161013e-06;9.55573181996269e-07;5.492478345268317e-07;1.4776405856473864e-06;8.063182762686371e-07;7.469193997845412e-07;5.485570371681221e-07;8.888270467915566e-07;1.0989185689909546e-06;1.0663849900106758e-06;2.2729292656054617e-06;3.186669638309951e-06;2.6097344300668037e-06;1.8830627569986053e-06;8.640086548439285e-07;1.6107046454186574e-06;1.750122100641915e-06;1.3871304251056879e-06;7.965959793458566e-07;1.4296213268170494e-06;1.4953165935401534e-06;7.229679308316379e-06;2.2618807160924866e-05;0.00012873854915378168;3.256390676681554e-05;3.5414853030538536e-05;9.679245083605605e-06;9.119261711647037e-07;2.3003041106243236e-05;2.021272670820995e-06;8.009018646908923e-07;8.373248690928813e-06;5.803650617861541e-07
29:05:30;739;8.535647677150719e-07;1.5630321660312262e-06;2.138041868308519e-05;7.495006753414786e-07;9.854297214188663e-07;1.1768904809079055e-06;1.115290527971395e-06;6.812660341314437e-07;6.402453967799008e-07;8.020940473423882e-07;8.451371581149917e-07;8.834279964534372e-07;4.955202325230733e-07;9.188322787875595e-07;9.491424245343761e-07;1.086305448834652e-06;2.203934918379903e-06;2.417122817848705e-06;2.7152883675729686e-06;1.643998037315778e-06;9.767923902300142e-07;9.752902172617205e-07;1.749711029183748e-06;1.5238753265501007e-06;7.244249549261486e-07;1.4445801315548436e-06;1.295061920993962e-06;6.897846663198509e-06;1.990607976782489e-05;0.00011594804956803446;3.023745735258456e-05;3.961543395162012e-05;9.061549824424395e-06;9.365503168010096e-07;2.224951267131712e-05;2.0525360535201312e-06;7.723692424989623e-07;8.067243323472964e-06;8.20395461725034e-07
29:07:51;740;8.939938273303224e-07;1.61336500304624e-06;2.07689125452845e-05;5.229732745041944e-07;1.2854418310387865e-06;1.2273700103936458e-06;1.0840081802692743e-06;1.1207715970649381e-06;5.9344184984282e-07;9.202088347476883e-07;8.512698882770761e-07;7.086298036847309e-07;4.2044332167327653e-07;8.483829178164047e-07;1.1449841399850542e-06;8.70674806693859e-07;2.485755075374268e-06;2.483152854173441e-06;2.6662574434420645e-06;2.112519025645212e-06;9.048883967646166e-07;1.084393176502608e-06;1.7783089388218816e-06;1.396747266662254e-06;6.72146652979929e-07;1.3794328051690057e-06;1.5261030733809898e-06;6.778710528765117e-06;2.9553540085469538e-05;0.00010113444457029958;3.402836725458199e-05;3.212754574868871e-05;8.821365449344554e-06;8.057763028912537e-07;2.363916112907354e-05;2.1849229217500134e-06;1.0458938923602112e-06;8.47458241667948e-06;6.326402435099863e-07
29:10:13;741;8.44621188020059e-07;1.5596931620212339e-06;1.8487443470971697e-05;5.690358353808862e-07;9.626228942042045e-07;1.008859057304402e-06;1.2171723312480831e-06;9.999211846401967e-07;5.685865085828952e-07;6.63263120749168e-07;9.129834352770352e-07;6.506658136325298e-07;4.292489041182987e-07;1.224743724376703e-06;9.283512057675384e-07;9.105299096529651e-07;2.1823072235943244e-06;2.2474314809060852e-06;2.7710626178488865e-06;1.971433218237001e-06;9.195516142852607e-07;8.533117563096127e-07;1.8381264226263738e-06;1.3222191298638468e-06;6.612965887741873e-07;1.6904164630996323e-06;1.3486311646846833e-06;6.913951829152299e-06;2.145259873226121e-05;8.119856713720726e-05;2.926354396871783e-05;3.840578727127038e-05;8.264632875103934e-06;1.0502593582530796e-06;2.376641233562558e-05;2.1351873707394403e-06;9.135488749265147e-07;7.823773643760657e-06;6.610582546421616e-07
29:12:35;742;8.918547027356929e-07;1.5980016616848371e-06;2.2579334097847968e-05;6.838105287666384e-07;8.719171432535301e-07;1.2105108289488116e-06;1.0303066979779694e-06;8.34193651327359e-07;4.798858127844338e-07;1.0811968607284748e-06;1.345912403911081e-06;7.261147069473591e-07;4.7680927763658265e-07;6.943072258135498e-07;1.267291020325765e-06;1.0147788654499385e-06;2.087850525985911e-06;2.438824024846073e-06;2.5815449497471653e-06;1.7509745123190234e-06;8.1270798774842e-07;1.2145046020687235e-06;2.2937289590048796e-06;1.3583634624203253e-06;6.925854971610488e-07;1.280837254767051e-06;1.64931890655185e-06;6.775576832014491e-06;2.8087593370049595e-05;0.0001215149887514872;3.075073763207216e-05;3.942049665601558e-05;8.561155856646179e-06;8.002040222909961e-07;2.28277164233784e-05;2.0645498156198675e-06;1.181678187075522e-06;8.334637318976129e-06;6.32674308549557e-07
29:14:57;743;7.94407634220239e-07;1.511398036372951e-06;2.1697821110978523e-05;6.415696010816677e-07;9.907370038707664e-07;1.2971128454159435e-06;1.0346045876181103e-06;7.445420104688274e-07;6.074119104662853e-07;8.997494800524273e-07;6.852166483106714e-07;7.298925025186779e-07;4.2555856333786385e-07;7.290661243204837e-07;7.474301326143068e-07;9.944745142369173e-07;2.2358620635944284e-06;2.472768036441957e-06;2.619778269312335e-06;1.6888563120027115e-06;9.164771228502622e-07;1.0904901663523078e-06;1.627859815822445e-06;1.390589112574323e-06;6.808078289476369e-07;1.2679865443415915e-06;1.1508261830190176e-06;6.797464607524757e-06;2.6761981708878943e-05;0.00010951789143455558;3.5627571555025655e-05;3.887704311516873e-05;9.038885505857463e-06;8.18379441175217e-07;2.1251542556760587e-05;1.8509340646160261e-06;8.955272385643727e-07;8.239165725979215e-06;6.974663776358402e-07
29:17:18;744;8.746151256970465e-07;1.584923915046763e-06;2.1675730680212538e-05;5.315156821743146e-07;9.16398338546287e-07;1.3212278309799268e-06;1.1221054794835987e-06;8.10620227912037e-07;7.965635901188958e-07;7.60175858947256e-07;8.06928602563191e-07;8.275683707203996e-07;5.420322159595385e-07;8.008302521728633e-07;1.2594148065839503e-06;8.475698439125856e-07;2.126074314564673e-06;2.5470005119109087e-06;2.736515897641432e-06;1.754606854633436e-06;1.0846587727002448e-06;9.541892263999366e-07;1.7573612122080853e-06;1.4569470836192258e-06;7.750908127082432e-07;1.3135797065773706e-06;1.6654922817422952e-06;6.804139832414515e-06;2.6754286406857833e-05;0.00011338008639235811;3.1108679570581646e-05;3.7837071367803686e-05;7.918735969455261e-06;9.170260908392563e-07;2.362649175621037e-05;2.0603314054617396e-06;7.53933469249299e-07;8.394044951112995e-06;5.539409502057056e-07
29:19:40;745;8.796617085658134e-07;1.6041356450876241e-06;2.0923021970669454e-05;6.189708993838265e-07;9.943989400795772e-07;1.0830357584494394e-06;1.1075680722460002e-06;1.284343458575098e-06;6.858633426451181e-07;7.726242035246209e-07;7.477500280375889e-07;7.160079002426817e-07;4.475378275646914e-07;8.15642287528688e-07;1.2821975386081228e-06;9.660592979079285e-07;2.2181049163481462e-06;2.3170801534456873e-06;2.7190232752022723e-06;2.297848555550629e-06;1.0011392518369772e-06;9.586567607929961e-07;1.682932175074861e-06;1.3879158601251023e-06;6.950922034297658e-07;1.339009366238085e-06;1.6667652131172296e-06;7.236408741403366e-06;2.6072927498895924e-05;0.00010674712119081701;3.144936992975305e-05;3.641175686933445e-05;9.889535963849629e-06;9.261575614836426e-07;2.0017076998657743e-05;2.1907023416126665e-06;8.945520931116974e-07;8.41934610017939e-06;8.213083589348179e-07
29:22:02;746;9.580638740529097e-07;1.6711457511761022e-06;2.361292223671564e-05;5.842062977621445e-07;1.228030139476356e-06;1.6317786284212523e-06;1.6779620372760333e-06;7.405426740512346e-07;9.915795502266824e-07;8.26128904033138e-07;8.790121115835476e-07;7.291700008642139e-07;4.5589691280686656e-07;8.62652981371458e-07;8.898059195925547e-07;8.937336205339237e-07;2.445965949995804e-06;2.812513477830997e-06;3.2577554851672223e-06;1.6671699512111836e-06;1.3056351343649007e-06;1.0119260899713641e-06;1.852775386120086e-06;1.3907310275660362e-06;7.066572423590964e-07;1.395892940297328e-06;1.3129921377427148e-06;7.033506985235458e-06;2.1834812540955284e-05;0.0001412231345785032;3.3240774671799006e-05;3.798744900204278e-05;9.152975136537788e-06;7.93822787646966e-07;2.0014282115579123e-05;1.993095597743047e-06;8.660281446720248e-07;8.558494269928817e-06;6.566910099442048e-07
29:24:24;747;9.936898612233398e-07;1.706455289917634e-06;2.2350983272512244e-05;6.024578481745767e-07;1.1337537112768556e-06;1.6943630778017265e-06;1.0240190720429092e-06;9.672343134102912e-07;6.622339836100237e-07;6.113311544461456e-07;9.206220719093494e-07;1.0505024996150651e-06;4.939064110627682e-07;1.0307430599548246e-06;1.733110771824768e-06;9.38351351141125e-07;2.3428043202985938e-06;2.901041383827046e-06;2.600578676420706e-06;1.9527663877702654e-06;1.0040663101514112e-06;7.943447050958547e-07;1.883502421415996e-06;1.7202049876468202e-06;7.258406287602859e-07;1.5305417644159678e-06;2.0834200117688057e-06;7.026646328126492e-06;2.1887169366572713e-05;0.00012460326149412175;3.1519199217537575e-05;3.9280638917702595e-05;1.049810839838532e-05;9.442194862948313e-07;2.041295240675028e-05;2.1596998632671846e-06;8.778260471848017e-07;8.199844748347613e-06;8.022329958557801e-07
29:26:45;748;7.590219923288415e-07;1.4800696667810405e-06;1.777286410134011e-05;5.532305404898352e-07;9.21664388364718e-07;9.62442890555854e-07;1.2018218007851673e-06;8.502417595837838e-07;5.976452480379894e-07;4.3037318290957544e-07;7.724602723933252e-07;7.648900634487693e-07;4.3187857488226977e-07;7.619345099498596e-07;8.596804532084495e-07;8.888233010917317e-07;2.115934516432735e-06;2.184519959445413e-06;2.779044081440197e-06;1.8126567703825746e-06;9.300682224040682e-07;6.850649498706452e-07;1.7001782956683628e-06;1.431674934913564e-06;6.711487505722462e-07;1.2933939170648908e-06;1.2683278797178704e-06;7.390843818121947e-06;2.281261060634281e-05;7.487513173130448e-05;3.0709682726071295e-05;3.354795752914153e-05;8.742023874995016e-06;1.1013802715813535e-06;2.1996468677217283e-05;1.9433848297534983e-06;8.74536075379633e-07;8.217349098678041e-06;1.06299997749441e-06
29:29:07;749;8.330040763030152e-07;1.555454738265809e-06;2.2359575840758002e-05;6.582421477784418e-07;1.0168483840803075e-06;1.175017649240379e-06;1.056580160333195e-06;1.2863830730322237e-06;7.056661782992276e-07;4.337884087288948e-07;1.0261305051722565e-06;8.141905351538076e-07;4.391594133598434e-07;8.002692970521252e-07;5.837729442474555e-07;9.85084863953178e-07;2.2308423162537076e-06;2.394590685267021e-06;2.605030973899363e-06;2.2589333394546572e-06;1.074549609573388e-06;6.439426711126486e-07;1.998640357934291e-06;1.4806469318466066e-06;6.886761500309264e-07;1.3248783606965695e-06;9.796401807566153e-07;7.06254556055714e-06;1.853245420497365e-05;0.0001298435369139189;3.029478401748488e-05;3.771005527487597e-05;8.363131121144744e-06;9.67905072384018e-07;2.3448045462159827e-05;1.981481218649093e-06;8.845940818456289e-07;8.57635410817872e-06;6.500230529234585e-07
29:31:29;750;9.559163828983102e-07;1.6813061251865937e-06;1.9890138520283227e-05;6.159489958887124e-07;1.483885632793467e-06;1.2632130214578814e-06;1.4995294860365893e-06;7.462469142425412e-07;9.193333545744828e-07;9.59919718419981e-07;8.467765811365718e-07;1.0469395958652554e-06;6.243726534985424e-07;8.684454727872745e-07;5.963848527750831e-07;9.990934017878317e-07;2.7072538755476936e-06;2.5217071980259328e-06;3.109545553953363e-06;1.6849151138500664e-06;1.2474742555851558e-06;1.1600027902849307e-06;1.8119259151187835e-06;1.695736221370657e-06;8.46406031395061e-07;1.3825931071413016e-06;1.0090196132917794e-06;6.878521857214211e-06;1.925787330952374e-05;0.00010452644203485552;2.893878002912825e-05;3.617931281053863e-05;9.505957559854554e-06;9.201731968041141e-07;2.034033793959529e-05;2.045086274824735e-06;1.0149556039643657e-06;8.281481076050723e-06;7.927405510445548e-07
29:33:51;751;8.598512843152858e-07;1.567889067769965e-06;2.274202556849988e-05;6.58937788212587e-07;1.12789053563489e-06;1.4722808081366814e-06;1.1170277411729692e-06;8.211695687472669e-07;5.537326208872948e-07;7.994182472356474e-07;7.736651558994239e-07;8.652941227376748e-07;3.927636043873664e-07;1.0546981105848245e-06;6.813368505346902e-07;9.739713564043466e-07;2.360006457037562e-06;2.695180177961677e-06;2.6835572314183402e-06;1.761806249558941e-06;8.89835472276854e-07;9.655964586445292e-07;1.6925172893692594e-06;1.493738298599562e-06;6.334262518722898e-07;1.6033821373616486e-06;1.0616508643003807e-06;6.913822097459483e-06;2.2448301753165165e-05;0.0001277768505101957;3.625357150731516e-05;3.676123146646703e-05;8.419050375617989e-06;8.621495051037314e-07;2.1261527454111368e-05;2.0278010611195136e-06;9.089357574438497e-07;8.453767434988063e-06;8.172978990115131e-07
29:36:12;752;8.322282870116221e-07;1.545945640171777e-06;2.0099046440280324e-05;6.316301137474702e-07;1.0105070363505577e-06;1.300867442372516e-06;1.185224003547541e-06;7.52054874214087e-07;5.014472151449406e-07;6.753708661413136e-07;8.811383869009795e-07;8.462413376506752e-07;5.803879172412834e-07;8.23902547721709e-07;7.979674547797799e-07;9.6944627992205e-07;2.208437373340104e-06;2.4915655765515206e-06;2.7742638233380432e-06;1.6817644569107846e-06;8.387890193837768e-07;8.86083705177331e-07;1.8539247672448208e-06;1.4795627134269206e-06;8.134110397447871e-07;1.3601989608795969e-06;1.1938994088602239e-06;7.3342694649988225e-06;2.221833538099006e-05;9.978401489886478e-05;3.149802662294892e-05;3.77147457988305e-05;8.021963607967108e-06;8.911342659890755e-07;2.2255680625003955e-05;1.9941887632157976e-06;8.596436479107486e-07;7.911997664090881e-06;7.045565425532857e-07
29:38:34;753;7.348623870226137e-07;1.4537448477531604e-06;1.9685244157304657e-05;5.419144423303056e-07;1.1167302676120336e-06;9.864708670128473e-07;1.099684445565236e-06;6.754463550897392e-07;5.328540703624701e-07;4.5083652538463975e-07;1.0234299367568993e-06;7.522906246635521e-07;4.0138292346402305e-07;6.494383908226744e-07;5.878695740707035e-07;8.60694977095418e-07;2.354276198620707e-06;2.2306403868438054e-06;2.6321772983338415e-06;1.6020751445466885e-06;8.397285360451515e-07;6.967033268838234e-07;1.9887208258918276e-06;1.4201117487918733e-06;6.409037237235564e-07;1.1913784363324465e-06;9.875270014945964e-07;7.541402947090777e-06;2.369901416616197e-05;9.503470085549945e-05;2.9874576602907496e-05;3.621515350059136e-05;8.384001953869181e-06;1.0152872803326045e-06;2.2016306154175136e-05;2.099639964725403e-06;1.0356808239329645e-06;8.387050103796173e-06;9.201155345734186e-07
29:40:56;754;8.060358169197973e-07;1.51790289358279e-06;2.065371229803056e-05;5.951009683823439e-07;1.2317141358570376e-06;9.778408534605825e-07;9.799197069135992e-07;9.146521595065399e-07;6.515940990002956e-07;3.9341888882014264e-07;8.588117787023851e-07;7.864229006994027e-07;3.8896497293757065e-07;1.2894966000038204e-06;6.044925169716593e-07;9.214665884785431e-07;2.413593582660505e-06;2.1987985484907144e-06;2.52644898680472e-06;1.8807438218112722e-06;9.854011720355768e-07;6.387559926391572e-07;1.7892098832840308e-06;1.4459850418357814e-06;6.294918986746272e-07;1.8021296930011794e-06;9.828090790368243e-07;6.767199915300386e-06;2.030252140742932e-05;0.00010764213534136868;3.0473586001667057e-05;3.7843754508669386e-05;9.636599321423895e-06;9.13981699622942e-07;2.1865228786244505e-05;1.8145371427783382e-06;9.235090261727048e-07;8.57683431665037e-06;1.0846601090391613e-06
29:43:17;755;8.270309356138806e-07;1.5476267389537578e-06;2.174484701477757e-05;9.018827320113458e-07;9.096322571137834e-07;1.3586666713714315e-06;1.0417511282702983e-06;8.492108021229683e-07;5.662164731826377e-07;7.490513914990257e-07;7.132185925084012e-07;8.017086613566381e-07;5.899476820190521e-07;8.855347569568618e-07;5.575498574343514e-07;1.2253027693123507e-06;2.092143792847482e-06;2.568694405534741e-06;2.648327254755253e-06;1.8171500641983585e-06;9.016701411279497e-07;9.599548802783184e-07;1.7056389435909503e-06;1.4536433038209666e-06;8.368101560658425e-07;1.3955851749173395e-06;9.665997248403878e-07;6.97092844164475e-06;2.4115986125366527e-05;0.00011358042515793913;3.3962855410734906e-05;3.943589164957336e-05;9.06519030343638e-06;8.433255271324378e-07;2.0658140804828298e-05;1.904292091771351e-06;9.282249257896009e-07;8.433951721929828e-06;1.038952017184292e-06
29:45:39;756;7.73131590505536e-07;1.5085328589555478e-06;1.8319185463797174e-05;5.139860075331626e-07;9.483577531358119e-07;8.966835132992205e-07;9.419689228225407e-07;6.571229945235241e-07;5.509307363043608e-07;4.657361508978139e-07;6.975922085236422e-07;1.0282871605517905e-06;4.991468123272114e-07;9.15204832888347e-07;1.1625617156628787e-06;8.390230444587636e-07;2.2026590095610797e-06;2.1442609980262713e-06;2.5228363011604103e-06;1.603575217186632e-06;8.824720952407581e-07;7.319668105837185e-07;1.6448009131912657e-06;1.6809813204521492e-06;7.506250656091122e-07;1.5063788114160541e-06;1.5928142866995804e-06;7.161742375761445e-06;2.7164558122939313e-05;7.626470921698053e-05;3.14699560114361e-05;3.497480758330408e-05;8.071842741400225e-06;9.154715273996488e-07;2.178143847818522e-05;1.7818452902293727e-06;1.0033524823716745e-06;8.33805420900118e-06;9.02447526557308e-07
29:48:01;757;8.500028553338655e-07;1.5877951193056394e-06;2.0631662299879744e-05;6.243242120456732e-07;1.0469282184611861e-06;1.027695853427314e-06;1.166465606933736e-06;1.00804229060972e-06;6.094111469194403e-07;4.745228700884432e-07;7.481760516580106e-07;7.198182087154624e-07;4.4290092599491065e-07;8.638461627635313e-07;1.4679024807794472e-06;9.709896622104069e-07;2.2649309921919816e-06;2.295360280220825e-06;2.7603466951174447e-06;2.022437809190003e-06;9.39676556155766e-07;7.137099863006991e-07;1.7093683323718657e-06;1.3978012191993128e-06;6.847728160710751e-07;1.3753774848587858e-06;1.9187693664483775e-06;7.085881570832754e-06;2.559627609422669e-05;0.00010524790852884333;3.3825038337797396e-05;3.4954592976322495e-05;9.270722256583787e-06;1.045611155105215e-06;1.8555055147209e-05;2.0019114264302224e-06;1.215125447219219e-06;8.210873224729563e-06;5.709514332572126e-07
29:50:23;758;8.354434914375536e-07;1.5600868336369337e-06;1.9467597204779673e-05;6.300602648501297e-07;1.2212609566055541e-06;9.990839900033486e-07;1.0067731345971125e-06;8.481424195688253e-07;5.154978219240097e-07;3.8644459848297624e-07;8.833251803947401e-07;1.3267919879534806e-06;5.998661521854455e-07;8.573583766168337e-07;7.50716730719086e-07;9.480146611133046e-07;2.425556844276729e-06;2.2500715972397947e-06;2.586817327949264e-06;1.804062477172989e-06;8.578311646396046e-07;6.390599718157273e-07;1.8460658393566138e-06;1.97189240369178e-06;8.486314775065602e-07;1.415960041470763e-06;1.127077690496294e-06;7.137521968005304e-06;2.38258298486376e-05;9.515121508568289e-05;2.7249938015668285e-05;3.681737444192719e-05;8.191732994861117e-06;1.074033379972664e-06;2.1846331394558548e-05;2.038771915029854e-06;9.840710005407281e-07;8.336321259151229e-06;9.580251533206632e-07
29:52:45;759;9.720390472332177e-07;1.6929435632040554e-06;2.195465356661501e-05;6.676488341981404e-07;1.1026765031568237e-06;1.1466039024102512e-06;1.2773814284307925e-06;9.767923120856443e-07;6.172501404949121e-07;1.7123159632426166e-06;8.597385516234174e-07;1.3332883572949392e-06;4.6061562160430597e-07;9.416071704974756e-07;5.685494220470327e-07;1.0362923618070257e-06;2.293508219460093e-06;2.432102680554808e-06;2.8931204505619163e-06;1.958785528758993e-06;9.447484066059369e-07;1.8383816574919653e-06;1.7902830553724972e-06;1.9736596713404583e-06;7.139204965484698e-07;1.4773203268972953e-06;9.631995702633663e-07;7.059209312648571e-06;2.2610655335613282e-05;0.00011726096258644284;3.475561150778873e-05;3.852559105277215e-05;8.907282973804604e-06;9.799693596536886e-07;2.1656921221480173e-05;1.8997566757957054e-06;9.518838988566456e-07;8.05912439369127e-06;7.888744808324116e-07
29:55:06;760;8.892228653613963e-07;1.600234354612704e-06;2.2470016713034124e-05;8.177012681106791e-07;1.1615812210279004e-06;1.1961365247776195e-06;9.444964702060526e-07;7.954336675795239e-07;8.494398173539899e-07;7.291533851251263e-07;1.0719872695378028e-06;9.997076209280273e-07;4.904946245125204e-07;8.655099607114313e-07;7.490323200071652e-07;1.1630307766079314e-06;2.37391961341421e-06;2.4018585322607313e-06;2.472121367001036e-06;1.7750060382977724e-06;1.1554687724767546e-06;9.143760656092748e-07;2.0232784902562553e-06;1.6106117222586329e-06;7.322174022773871e-07;1.4276174272110231e-06;1.1533055375297455e-06;6.919505121736852e-06;2.3786074425478966e-05;0.00012557091482586445;2.963276123755563e-05;3.858961336759322e-05;9.418277813790443e-06;8.564221861229569e-07;2.3032662197286604e-05;1.840119180070326e-06;1.2255285954250966e-06;8.19439157410718e-06;5.739300313776915e-07
29:57:28;761;8.270170615402734e-07;1.5398188694073528e-06;2.0892567631511902e-05;5.186058408975085e-07;8.835313081156926e-07;1.516828747938348e-06;1.2350747000475983e-06;7.952558079535069e-07;4.716384032816217e-07;5.192113066154747e-07;8.207397134040274e-07;6.950248327974862e-07;4.330074559315152e-07;7.885143257931175e-07;1.2467720934045639e-06;8.331810365574181e-07;2.1213411818153655e-06;2.7163702057644317e-06;2.7976613257377247e-06;1.7267149219093616e-06;7.901201669644447e-07;7.391529519984171e-07;1.7444520127827662e-06;1.3550559086507757e-06;6.759996556900636e-07;1.3173388194295916e-06;1.6604379146008772e-06;7.021882765032183e-06;1.8358895071219846e-05;0.00011363381798116913;3.775316384537214e-05;3.4263438318273164e-05;7.896201395819896e-06;9.73120782154295e-07;1.9516124750207395e-05;1.8625781698881056e-06;7.488565275871362e-07;8.034440242134875e-06;6.482917292846111e-07
29:59:50;762;7.332887073310055e-07;1.4704271104130408e-06;2.3216435593807094e-05;4.7435674527756594e-07;1.237073574002843e-06;1.049731797486686e-06;1.1601166565582006e-06;6.97687670666883e-07;5.60826109229463e-07;3.6038170881834797e-07;9.228525235307281e-07;7.582571032474758e-07;3.9811200069905794e-07;7.162535124601148e-07;4.6381487423479745e-07;8.059569226237658e-07;2.451141920320441e-06;2.3308868154759416e-06;2.7557987654221553e-06;1.6795534993952624e-06;8.797596035636368e-07;6.279306430884919e-07;1.8560643866294413e-06;1.4570180695367917e-06;6.631363015613612e-07;1.2602170203581985e-06;8.776609330267047e-07;7.010571750468099e-06;2.0875732198587015e-05;0.0001368938409629441;3.17897457791313e-05;3.8137270919051506e-05;8.96218581619759e-06;1.010736229521542e-06;2.2016486471475503e-05;1.827327192383838e-06;9.838779717440946e-07;8.170039524366988e-06;9.194123098135513e-07
30:02:12;763;7.454494199295296e-07;1.4740662102586968e-06;1.869722336685256e-05;5.132214863595214e-07;1.0106967016037578e-06;1.0840321354909188e-06;1.0119282184720388e-06;6.516471970918758e-07;4.994506009981979e-07;6.754139587818806e-07;8.837819756024601e-07;6.345217730231344e-07;3.763575838049023e-07;6.766218698056098e-07;9.277192958492073e-07;8.684794465807499e-07;2.2333402736726786e-06;2.3337799310739466e-06;2.590086408797762e-06;1.6363434802263362e-06;8.393888178281624e-07;8.938957537943277e-07;1.8231059219125441e-06;1.2992268944177754e-06;6.14612979806904e-07;1.2040015946372996e-06;1.3525325602119977e-06;6.983697398890057e-06;2.098479398717675e-05;8.99633722092394e-05;2.9938328131470014e-05;3.5408665193206646e-05;7.749259477038334e-06;1.0192319200736532e-06;2.0533063098503495e-05;1.8317036364687972e-06;9.854630846289726e-07;8.275167701595428e-06;6.939345639391473e-07
30:04:34;764;8.238867211897049e-07;1.5342077634308731e-06;1.898025547749524e-05;5.268079372733325e-07;8.248144780509392e-07;1.3972337521327527e-06;1.135238538083818e-06;7.445641997495432e-07;4.5401080511259745e-07;8.702356028516595e-07;7.488279309358409e-07;7.037542421948408e-07;5.70728429001703e-07;7.534143226870718e-07;1.1570101861641484e-06;8.436255305247258e-07;2.0033335074544938e-06;2.6285132492640642e-06;2.723418569524866e-06;1.6736170062191791e-06;7.821623523939914e-07;1.0162236787316114e-06;1.7227548438267482e-06;1.3804904856269902e-06;8.166052563715714e-07;1.284437462921152e-06;1.5353107545695223e-06;6.760507978269627e-06;2.9494148292758975e-05;8.021323515664519e-05;3.259495641968788e-05;3.71305022538892e-05;8.54288126026252e-06;1.028927628770927e-06;2.024454604113912e-05;1.9506588984257636e-06;9.176659606992001e-07;8.082409202483277e-06;8.026266369112732e-07
30:06:55;765;8.512801221918018e-07;1.5623129125811782e-06;2.0696407736967273e-05;5.398877192581092e-07;1.1011918653703778e-06;1.1033725708451605e-06;1.5006504189588297e-06;7.009789775706694e-07;5.655255646805105e-07;1.2147619547032595e-06;8.076317212577713e-07;8.476062995719438e-07;3.8666892499993433e-07;9.297520594228362e-07;5.173331625307753e-07;8.597614951904228e-07;2.2981358565802905e-06;2.334693909929977e-06;3.1004982374034177e-06;1.6363776711830126e-06;8.864108851032395e-07;1.3508944904590207e-06;1.7599482698872784e-06;1.4982231292217679e-06;6.479400647411331e-07;1.4804087989351858e-06;8.944615998085352e-07;6.946037180146318e-06;2.6122939541775643e-05;9.98707288371231e-05;3.658065483916969e-05;3.916484229600492e-05;7.955494374774136e-06;9.900869820839658e-07;1.8645823957548473e-05;1.721111242366687e-06;8.155712687500307e-07;8.482765505593948e-06;1.0608368182703223e-06
30:09:17;766;7.972618776073339e-07;1.5157904741338629e-06;1.855447604520282e-05;6.786432633430131e-07;1.2165039271685238e-06;1.0800652387000686e-06;9.678777084848826e-07;7.366851449268226e-07;6.15967614853668e-07;5.471834658306434e-07;7.76881304539759e-07;7.330506667134852e-07;4.5950035534112677e-07;8.712730716292133e-07;8.835105510226785e-07;1.018200250684136e-06;2.438032101042465e-06;2.3188661520801856e-06;2.5417463408717317e-06;1.6487467055873211e-06;9.463475702766198e-07;7.585085861908829e-07;1.7227343557317023e-06;1.390516506259551e-06;7.071908815397606e-07;1.398736806469417e-06;1.2998589817229164e-06;7.0666847542078475e-06;2.4233935333148888e-05;8.142748787964827e-05;2.90747058349392e-05;3.835550541366127e-05;8.214379257234709e-06;8.827480143870054e-07;2.1370909585255806e-05;1.996056678929775e-06;9.595081466109733e-07;8.382175812748551e-06;6.896158316615806e-07
30:11:39;767;8.418690835363598e-07;1.56519549415827e-06;1.9486966475254312e-05;6.361914374702399e-07;1.1452474479867192e-06;1.3601740255321137e-06;1.0828731911161071e-06;1.040199345769821e-06;4.5339406952070827e-07;1.142960026825144e-06;6.75600397565484e-07;6.953265328765471e-07;4.834824610161997e-07;8.279503329398288e-07;5.590295288904201e-07;9.423621731278942e-07;2.3621211660530566e-06;2.552140168644874e-06;2.72790820953203e-06;2.0634704066616926e-06;7.881272438945543e-07;1.2729160480778808e-06;1.6428893539203364e-06;1.3627121732013943e-06;7.191120736295005e-07;1.3799938382005706e-06;9.685925781151945e-07;7.251298578005556e-06;2.4613747511087666e-05;9.437613532723896e-05;3.276208381512645e-05;3.474665441040152e-05;7.405039828495409e-06;8.165499371513649e-07;1.9641875036567324e-05;1.8959949232964571e-06;8.968679404470377e-07;8.248063310150707e-06;1.1892870850832755e-06
30:14:01;768;8.324651293957107e-07;1.5506465822771225e-06;1.9122395208739996e-05;5.52212709175654e-07;1.2835597417261046e-06;9.292692346527722e-07;1.206018215960114e-06;8.403595839403331e-07;5.389487407470028e-07;8.61940523400051e-07;9.502950535165346e-07;7.761450315174107e-07;4.381294033027995e-07;1.0937888340511004e-06;5.189142612978386e-07;8.735114792953142e-07;2.5001821408687083e-06;2.1591143013786596e-06;2.7757202539035034e-06;1.796420104722218e-06;8.782509770684601e-07;1.0316982479132175e-06;1.915332219037806e-06;1.440959782842042e-06;6.893013927408533e-07;1.6458329565478068e-06;9.014346007081511e-07;7.138419962110339e-06;2.369420639582865e-05;8.878136354230077e-05;3.073846552616992e-05;3.610275002323094e-05;7.924646224396808e-06;9.173103150928834e-07;2.2323147473069803e-05;1.9487109376612607e-06;9.645308212789133e-07;8.175310867778055e-06;7.598804159615657e-07
30:16:22;769;7.838544667490314e-07;1.5048916940388523e-06;2.11030560270184e-05;4.6662964930438927e-07;9.160170328118252e-07;1.1387116700072915e-06;1.0033941482942312e-06;7.670276047038788e-07;6.428192159578895e-07;1.0315282446397718e-06;8.302288443799584e-07;7.85193724423488e-07;3.9912155608783967e-07;9.356112587707602e-07;4.899704366275031e-07;7.992634305284372e-07;2.189684409983519e-06;2.3792457424653685e-06;2.5920811997855687e-06;1.7332736368194972e-06;9.702565166605117e-07;1.156855632453825e-06;1.762655677316328e-06;1.4463918953683615e-06;6.592362666784147e-07;1.4764027755403202e-06;8.933526408304427e-07;7.160244867334995e-06;2.309355803278535e-05;0.00011128459425740717;3.279324701635752e-05;3.688042581618967e-05;8.046020277517103e-06;8.524110685092432e-07;2.12321216529283e-05;1.9672694880175264e-06;9.743272477708847e-07;8.228176848366287e-06;7.242757510367514e-07
30:18:44;770;8.514036889647772e-07;1.5668496405252674e-06;2.2333557420478768e-05;6.000132975520439e-07;1.0251335213434294e-06;1.0132395368390623e-06;1.129432611919738e-06;8.187635376153615e-07;5.57172975272509e-07;7.976864500249612e-07;8.746985157192068e-07;9.38466963453586e-07;5.706879559626414e-07;8.338619218148128e-07;1.057686764999682e-06;9.465073765545351e-07;2.2351137408516974e-06;2.2692495076050445e-06;2.7095833461950135e-06;1.7884568691604014e-06;8.965506566123104e-07;9.64673893554103e-07;1.829410555015047e-06;1.5706432508569045e-06;7.935156970775039e-07;1.3382958769985244e-06;1.4601946186533646e-06;7.252495821965673e-06;2.337738019517868e-05;0.00012235217092484255;3.5385779217953e-05;3.6897605772027886e-05;9.209655714783406e-06;7.978151974316033e-07;2.0911509351967125e-05;1.8396329996102452e-06;9.133797943640111e-07;8.382852223557585e-06;6.824118320634788e-07
30:21:06;771;7.374254592013524e-07;1.4732160097186283e-06;2.0257501010799473e-05;6.556030127669032e-07;8.463390411121581e-07;1.0515701120377747e-06;1.4329313810664117e-06;8.771508259932468e-07;5.349676178812889e-07;3.048483576078615e-07;7.065716103114219e-07;6.915381258743025e-07;4.152264911501517e-07;7.598417961496295e-07;5.72516914603744e-07;9.743903492447696e-07;2.0848020177496275e-06;2.3375399764460516e-06;3.0444583657460695e-06;1.8359760641528103e-06;8.559498151274205e-07;5.664769358628303e-07;1.6512590789290376e-06;1.3727274360370516e-06;6.786880982837852e-07;1.2941938651445387e-06;9.821297749976444e-07;7.3019261443123e-06;2.2660993937257246e-05;0.00010264240884768605;3.668593438734943e-05;3.305561855234516e-05;8.366978159823077e-06;1.0261357640500947e-06;1.9457746422350808e-05;1.9491905608012186e-06;8.573879849422441e-07;8.361086304408525e-06;7.24605064267523e-07
30:23:28;772;7.911424976954478e-07;1.5265458030257775e-06;2.027842045353901e-05;6.73551011167526e-07;9.833071486750358e-07;1.1085382259003815e-06;1.2048483994740102e-06;9.290212779672852e-07;6.802943847038602e-07;4.2182384811391543e-07;6.993629968880684e-07;6.886126487612191e-07;5.330934035621934e-07;7.047393151069705e-07;8.66517069289782e-07;1.0097401755795348e-06;2.1984646891033214e-06;2.35290247019293e-06;2.7929565139626753e-06;1.9185636983244957e-06;1.0295595592496388e-06;6.793302421970744e-07;1.6591092766754593e-06;1.359765217531748e-06;7.771874588279734e-07;1.2531442585389448e-06;1.2878258192508434e-06;7.029137986496e-06;2.700677946997813e-05;9.873203999379376e-05;3.241950172041174e-05;3.752920465568296e-05;8.762424433326867e-06;8.841095052953285e-07;1.9348141320567924e-05;2.015215443484075e-06;9.464039857069727e-07;7.843867052349029e-06;8.242198753753569e-07
30:25:49;773;8.12593380704708e-07;1.535909940328197e-06;2.0223162893559124e-05;5.266696518094446e-07;9.20143021614967e-07;1.0782358473545886e-06;1.1244518956358847e-06;9.895297297517076e-07;5.367118009015247e-07;1.236193986367792e-06;7.641623171007371e-07;7.956901024124879e-07;4.1449968370763846e-07;6.828393441793423e-07;6.819929719948835e-07;8.733099790892014e-07;2.129762401924796e-06;2.319007693632223e-06;2.7252247252674142e-06;1.9943989171604447e-06;8.923083056242256e-07;1.3671529077213034e-06;1.7318356519434572e-06;1.4414700266386234e-06;6.734912736197956e-07;1.2238219183824253e-06;1.0591350904270498e-06;7.129410443986118e-06;2.3333275507769164e-05;0.00010297368618476587;3.436794625503698e-05;3.5823484503326266e-05;8.071678693894658e-06;7.84585708830672e-07;1.8497977750396397e-05;2.1182930095666757e-06;7.831682531579897e-07;8.127767867174676e-06;6.666805448040518e-07
30:28:11;774;8.861357507974141e-07;1.603953179152155e-06;1.747116286292702e-05;5.171497752052481e-07;9.486825903434496e-07;9.675378433791273e-07;9.471549616532374e-07;7.574243066683034e-07;6.250552127601788e-07;5.563959504542834e-07;1.2979568971939093e-06;9.023574400821779e-07;4.4370638058682294e-07;7.66958544552342e-07;1.903248869697646e-06;8.454606688557553e-07;2.192914844502561e-06;2.219142713122121e-06;2.5179213917920294e-06;1.677327308203254e-06;9.445504821386852e-07;7.650853773082164e-07;2.235110547546724e-06;1.572259474748615e-06;6.832555137591527e-07;1.284710183254107e-06;2.309699232659735e-06;7.261797238882905e-06;2.581984635493719e-05;6.742435729577773e-05;3.0936209778694236e-05;3.483051743175282e-05;8.34541264221186e-06;1.0400521573968675e-06;2.248653200730019e-05;1.838107419998524e-06;8.985028876566568e-07;8.029639143074117e-06;7.429799974410973e-07
30:30:33;775;7.563687066568615e-07;1.4776794413120125e-06;2.1297110608814764e-05;6.502310902641155e-07;7.996911758244675e-07;9.451642271265179e-07;1.1296432586117466e-06;8.098834556526733e-07;4.739438171212514e-07;1.1550992497853165e-06;8.772879319158217e-07;6.427172730189506e-07;4.104319026865255e-07;6.694433074549977e-07;5.128875401554983e-07;9.929156158538222e-07;2.0211816962716823e-06;2.2509295918040797e-06;2.698936286027605e-06;1.7565254448596487e-06;8.113598712382934e-07;1.3004668012054256e-06;1.823175853708482e-06;1.3137773547424342e-06;6.448626368758516e-07;1.2193773105951275e-06;8.986444342979989e-07;7.146462318603868e-06;2.0270320408746058e-05;0.00012005557356535157;2.972252894769509e-05;3.654569088870826e-05;7.628008676839828e-06;9.376542031525284e-07;2.1073695790015064e-05;2.0867145902415095e-06;1.0236814267840757e-06;8.367926731979755e-06;7.070697576595936e-07
30:32:55;776;8.096997576665579e-07;1.536977226604432e-06;2.412011552600356e-05;5.80186257178897e-07;9.217649935454698e-07;1.6050463440755245e-06;1.1314938318821275e-06;7.47065534565585e-07;4.677936325172347e-07;6.544862683326032e-07;6.388654517731528e-07;8.205584768429152e-07;4.0368198674720834e-07;7.077399350211263e-07;1.0377141530717247e-06;9.108924217211489e-07;2.1498686919585452e-06;2.8960163334990216e-06;2.7530969890892577e-06;1.7317303563456185e-06;7.789186434975714e-07;8.30650271131784e-07;1.5871051452530635e-06;1.4725851679319435e-06;6.452909470002091e-07;1.2457183508639544e-06;1.4418529167127003e-06;6.796943465783256e-06;2.2815265683288555e-05;0.0001394465672089543;4.196073183585792e-05;3.7135979838918853e-05;8.298372418522178e-06;8.957876657548411e-07;2.0354070488242496e-05;1.9272192669843757e-06;8.501740104529046e-07;8.315559782189382e-06;6.447146470936732e-07
30:35:17;777;7.090198319368504e-07;1.4320787210601362e-06;2.0106224926456902e-05;5.312421424379982e-07;8.231727295763975e-07;9.649688551246785e-07;8.966369857497305e-07;7.237739589478891e-07;4.615082139074063e-07;3.969426263239484e-07;9.568888064945016e-07;7.984044309723841e-07;4.16974441015809e-07;8.382928345828201e-07;6.994317319663036e-07;8.709773111794548e-07;2.033641734830976e-06;2.231473053707535e-06;2.4545519656523444e-06;1.6994616868763658e-06;7.595542712484138e-07;6.480836756814317e-07;1.8999798290287453e-06;1.4522853922543723e-06;6.634879885559367e-07;1.3864105845134907e-06;1.0850367476174326e-06;6.970518436797752e-06;2.2524700873054035e-05;0.00010094250992556852;3.1220456073774676e-05;3.55660796423407e-05;8.386646576675866e-06;8.965879372328292e-07;2.2853778771972904e-05;1.8354966814625886e-06;1.1077101700096613e-06;8.231973377154084e-06;7.382406514391916e-07
30:37:38;778;7.973104177691229e-07;1.5331921399074763e-06;1.8742108582327077e-05;5.552239087481713e-07;1.0929344862666632e-06;1.0830434270626588e-06;1.0731517452455819e-06;9.645198072147112e-07;5.862449881907398e-07;5.681714959929448e-07;9.216881879129087e-07;7.22176432594262e-07;3.772467146950282e-07;6.413816771830031e-07;9.819419033037362e-07;8.910638952548203e-07;2.372232184146164e-06;2.348756573132672e-06;2.6885310938879127e-06;1.9021854299514613e-06;9.280017428708665e-07;7.991107814845397e-07;1.8422255310770773e-06;1.3847528210342577e-06;6.129149546377679e-07;1.2213373047761476e-06;1.407192994635427e-06;6.86252059841341e-06;1.612121450965995e-05;9.445496510157354e-05;2.917471617006565e-05;3.637316005766827e-05;8.466764981270662e-06;8.563347058618278e-07;2.0592658335972886e-05;1.8284570262759959e-06;1.2272038585124574e-06;8.360391176782048e-06;5.869164658682479e-07
30:40:00;779;7.668508391521879e-07;1.4917449366121333e-06;2.0028203145546736e-05;4.953940719057667e-07;1.0291409316662028e-06;9.69923639101725e-07;1.0688425506282846e-06;7.261400867668173e-07;5.701306797172895e-07;4.225781963341678e-07;8.475786841266597e-07;1.210728748449438e-06;4.971360571688748e-07;6.950583816379595e-07;6.695578181993188e-07;8.24397056859094e-07;2.2533399412824584e-06;2.2156860720165643e-06;2.6543734388206194e-06;1.7103885292721017e-06;8.954168182051807e-07;6.642587104838467e-07;1.7721995002634512e-06;1.8499418510594907e-06;7.426358885817236e-07;1.2343552046481415e-06;1.0839457921733061e-06;7.0814249663735074e-06;2.310204875842527e-05;9.766487549143134e-05;3.194823431180847e-05;3.701257688961485e-05;8.200772660198378e-06;9.209416865012151e-07;2.2377014379551206e-05;1.9266529421075858e-06;1.2922908440103227e-06;8.19085059297817e-06;6.20754223560585e-07
30:42:22;780;7.961587537928174e-07;1.514301559353366e-06;1.9844687472932492e-05;4.895808705511358e-07;1.1182050434690247e-06;1.4385419928395684e-06;9.497493774061767e-07;7.20562563999943e-07;7.58115954901939e-07;7.221198002187053e-07;7.805304670069094e-07;7.130487838967848e-07;4.5296273309958224e-07;8.500239636610729e-07;5.604632528178787e-07;8.21899955329322e-07;2.360888623726065e-06;2.6211443922345755e-06;2.548391697744108e-06;1.6856091187486228e-06;1.0977247290058955e-06;8.918057695074269e-07;1.7194442931858122e-06;1.3737836695062344e-06;7.068705994548002e-07;1.378041294824643e-06;9.660140160087418e-07;6.912961189319084e-06;1.975057879703952e-05;9.904354865335516e-05;3.11493111039426e-05;3.7984512661057324e-05;8.347823585476284e-06;8.754875036760371e-07;2.2744008913562082e-05;1.711930595865769e-06;8.01316389583502e-07;8.173503513862025e-06;6.412667684505428e-07
30:44:44;781;8.145490342024366e-07;1.541800851198418e-06;1.9225071670939267e-05;5.163219530711739e-07;9.662796115573646e-07;1.1341213171821674e-06;9.659931383283875e-07;1.1001420042430512e-06;7.629941525053787e-07;8.001327312227731e-07;8.771633172537979e-07;8.36957203825312e-07;5.796933613133604e-07;7.415424558035707e-07;4.93246940947888e-07;8.672309449242606e-07;2.228303441646674e-06;2.3471009545930796e-06;2.5316295506532304e-06;2.0624321292370374e-06;1.1362882584670601e-06;9.841903949817134e-07;1.8221550164203627e-06;1.516690986136382e-06;8.279196762648294e-07;1.273201266048079e-06;9.044672302030748e-07;6.8712700005337445e-06;2.029162591693979e-05;9.728165055986682e-05;2.9065360651636495e-05;3.367310197645495e-05;7.514424500985856e-06;7.786085678886355e-07;2.347350782822234e-05;1.8019252215888035e-06;1.09918074145932e-06;7.989262505316579e-06;8.609415803778944e-07
30:47:06;782;7.011411711423741e-07;1.4227168402255842e-06;1.9685307556704817e-05;6.456798541892345e-07;8.204997924724208e-07;9.466725865436842e-07;8.501509786252758e-07;8.347481642276026e-07;5.115333705305793e-07;3.603522746965414e-07;8.595317081114021e-07;6.588859208536942e-07;3.578320531398434e-07;9.325310371980063e-07;6.352760627447264e-07;9.795888684182708e-07;2.0201268781316753e-06;2.191734491629453e-06;2.4219766802633772e-06;1.787078482450426e-06;8.285260897721429e-07;6.064029776098323e-07;1.8159077491205448e-06;1.3162246891394566e-06;6.054865375776726e-07;1.460937513209363e-06;1.0386106184710173e-06;7.40366709825505e-06;2.5596420319961237e-05;9.324616387215458e-05;3.056463825869509e-05;3.721678076640393e-05;7.904902157782846e-06;8.977153645335511e-07;2.1719784833425632e-05;1.8168892303789763e-06;1.0534529512214066e-06;8.146808817980137e-06;6.564670096652884e-07
30:49:27;783;8.376314064987995e-07;1.5602461866065719e-06;1.9091017253628136e-05;6.465871855306076e-07;9.348295899804591e-07;1.0883855935294273e-06;8.348873726501697e-07;7.553315150717181e-07;6.023583766324624e-07;3.2137212945361104e-07;8.978071419237081e-07;1.4239480896223582e-06;7.597000915621716e-07;8.89928235669014e-07;8.964413274722719e-07;9.589677741627659e-07;2.174149954101532e-06;2.3015369105784966e-06;2.43489457025595e-06;1.7078934298538865e-06;9.289422845126232e-07;5.799182918629333e-07;1.8441702667575867e-06;2.0671419878442378e-06;1.0213209763254713e-06;1.3916530242222737e-06;1.3123643942821265e-06;6.67608396666723e-06;2.0153400844963194e-05;9.209348096635327e-05;3.135120068643873e-05;3.672905525545373e-05;8.743182142459058e-06;7.993541285280073e-07;2.0676149356309502e-05;1.8698269954614107e-06;9.979713370864722e-07;8.350345364506372e-06;6.521559993106892e-07
30:51:49;784;7.006239360795131e-07;1.429571549251014e-06;2.1479559974124496e-05;4.634176815822919e-07;9.301228154547723e-07;1.1624813154915097e-06;8.994412984913486e-07;7.329150078757866e-07;5.057414857002517e-07;4.980252693878836e-07;8.229831544329355e-07;6.444767421953657e-07;3.7430126862616286e-07;8.983728781492512e-07;4.752080954598367e-07;8.063552158252801e-07;2.1416177128518444e-06;2.4078484701229035e-06;2.502136335581931e-06;1.7054359075332228e-06;8.276016833866678e-07;7.134187792647176e-07;1.8012569565639117e-06;1.3149275669323437e-06;6.263309224962115e-07;1.427831111696038e-06;8.800976211550502e-07;6.75512372158219e-06;2.163294124421246e-05;0.00011631384176448239;3.182289090690506e-05;3.8911914945981094e-05;9.000781919585427e-06;8.399524264916377e-07;2.0440230719355263e-05;2.0670579381874846e-06;1.0252830634160995e-06;8.319990018747955e-06;6.247110205468237e-07
30:54:11;785;7.673552301054346e-07;1.4982924969007389e-06;2.1198991534182856e-05;4.769023375801722e-07;8.816620673938886e-07;1.6112371590472983e-06;9.821605664519304e-07;7.485177774168118e-07;4.511631273018679e-07;3.19074541091621e-07;6.881099987991619e-07;6.737075334374186e-07;4.124666802450928e-07;6.818257485073012e-07;1.2814349888675993e-06;8.109227953550717e-07;2.1076486095635234e-06;2.875627736022027e-06;2.5944545679429877e-06;1.7145078746994565e-06;7.839231276607912e-07;5.679920126469738e-07;1.6251004297638372e-06;1.341946860716407e-06;6.507177220014513e-07;1.234898885326678e-06;1.6717690011284527e-06;6.810091185050082e-06;2.0587586635907503e-05;0.00011331187368630341;3.53263972552219e-05;3.718770990766027e-05;8.439884999116349e-06;7.780846633768344e-07;1.977847062502623e-05;1.990296787793994e-06;1.2126810948390089e-06;8.196709884944999e-06;7.681116849537156e-07
30:56:33;786;8.525914995419467e-07;1.560542654536946e-06;2.1836525370352734e-05;7.484722827784522e-07;9.972560291903287e-07;1.8297146083509377e-06;8.691939350087678e-07;6.854686648597149e-07;4.2589683949242646e-07;1.273754945316987e-06;7.933870919029186e-07;6.725173270393338e-07;4.4167817764789225e-07;7.508158092422496e-07;7.429421017784482e-07;1.0531968311475288e-06;2.2163478171956117e-06;3.0375968916342585e-06;2.4611085532514947e-06;1.6296705787600687e-06;7.451465749690664e-07;1.4007770765095336e-06;1.7540348072900457e-06;1.3199408564289598e-06;6.812808557749088e-07;1.295223146918275e-06;1.1321872324503913e-06;6.705262477721509e-06;2.1242944630445782e-05;0.00011941104437152601;3.4506690911496104e-05;3.8030264737774305e-05;8.575181054753777e-06;7.472271246334994e-07;2.035640293337659e-05;2.0109290899910854e-06;1.1003350784992817e-06;8.530903720565499e-06;8.211183134493733e-07
30:58:55;787;7.645581279192015e-07;1.4974155670021405e-06;2.3852775717570925e-05;5.050969040192915e-07;8.459491601765411e-07;1.3875494879139245e-06;9.567499484381352e-07;1.0656548584978251e-06;4.66139061713636e-07;8.485057242279094e-07;7.357703905939352e-07;7.498950862292666e-07;3.661663480909864e-07;7.57494178574544e-07;4.897261611589634e-07;8.496271374773457e-07;2.0686578075502798e-06;2.6300794365564384e-06;2.5487287648272136e-06;2.1172476799965576e-06;8.062828951666763e-07;9.863515742116635e-07;1.7206375228921341e-06;1.4324136899735026e-06;6.040996534961145e-07;1.304226542932939e-06;9.006336855708457e-07;7.1134271630835716e-06;1.753665552751757e-05;0.0001427559869397027;3.8508543030907965e-05;3.661237627609963e-05;8.470837990228292e-06;8.401713614089458e-07;2.228090785805171e-05;1.9138618201587615e-06;1.0781544947314434e-06;8.348927836797377e-06;7.734583121631815e-07
31:01:17;788;7.904163689625482e-07;1.516921876908425e-06;2.3429406481223703e-05;5.228605001890556e-07;1.2144924967119861e-06;1.5630344072774123e-06;9.981523353307475e-07;6.969414051932238e-07;4.6095406972232217e-07;7.048965707296356e-07;7.251718714810935e-07;7.884375250455378e-07;4.7590109546065534e-07;6.912609159828972e-07;6.428930141375779e-07;8.709578397901157e-07;2.470611355397235e-06;2.7846421695542204e-06;2.5839075392411095e-06;1.675202830754159e-06;7.983299360315454e-07;8.618567500854648e-07;1.6884650457990275e-06;1.476545149596606e-06;7.148857517659974e-07;1.2334263803058082e-06;1.0442314489893438e-06;6.815565191899171e-06;2.1621882135488993e-05;0.0001390394135883425;3.328933557223892e-05;3.828368109108421e-05;8.934846778242336e-06;8.314708863630856e-07;2.0076026505990384e-05;2.0973684254182447e-06;1.1202016035271438e-06;8.293078974798623e-06;7.500070212909618e-07
31:03:38;789;7.964343890649999e-07;1.5255530104097281e-06;1.9638468018368425e-05;6.356858014119641e-07;1.2566805092297593e-06;9.110775163795831e-07;9.169118948548771e-07;8.5472415355493e-07;6.103852029875673e-07;4.3306427123145463e-07;8.167108034710808e-07;7.143022912956745e-07;7.215162777543779e-07;7.724217862901319e-07;9.137319420689365e-07;9.833064474392653e-07;2.4665233076684902e-06;2.1385135196511858e-06;2.5215356517831804e-06;1.864432538010838e-06;9.28448489330664e-07;6.416426021840817e-07;1.7788561481096092e-06;1.418264642762563e-06;9.682535779960792e-07;1.2852276130661843e-06;1.3116311508752063e-06;7.12054870743092e-06;2.5393055449529072e-05;9.271198626219369e-05;3.084552792614525e-05;3.695345300003455e-05;8.758861435041705e-06;8.445334966079856e-07;2.140165542166757e-05;1.8625992096030321e-06;9.019843452294447e-07;8.10175895228089e-06;7.656520146569395e-07
31:06:00;790;7.307960030254115e-07;1.4634096982539448e-06;2.35164827150501e-05;5.749972282551787e-07;8.479732918670829e-07;1.1963248711666097e-06;9.6014979538756e-07;9.128919067145282e-07;4.956755116257806e-07;3.811108719114548e-07;8.981454051593118e-07;7.112222379519877e-07;4.325906976268809e-07;8.146788455963939e-07;5.437911424589391e-07;9.21821094259111e-07;2.046818073860685e-06;2.4620139178111885e-06;2.5376687221115056e-06;1.9518386808688117e-06;8.222737216749034e-07;6.087590815574993e-07;1.8550313244085822e-06;1.388343509714542e-06;6.907028585984232e-07;1.319169666802034e-06;9.564754082654146e-07;7.032070456603338e-06;2.4387165630306835e-05;0.00013533672725880605;3.157223998981523e-05;3.977778964532633e-05;8.68052326300184e-06;9.93284851394664e-07;2.2475988379967762e-05;1.9327918521841742e-06;1.1121410958660063e-06;8.31945296719938e-06;5.776171901296605e-07
31:08:22;791;7.58462643236545e-07;1.4963640702446838e-06;2.0118246984426485e-05;5.304289329382589e-07;9.05320248182048e-07;1.1114077592789717e-06;1.0805853986959526e-06;8.952815714234997e-07;5.349604176610708e-07;4.3853245642902744e-07;9.007519048218817e-07;6.536818784849433e-07;4.382166710513825e-07;7.788738013335784e-07;8.335104594000856e-07;8.672944044853546e-07;2.16526886785537e-06;2.3907152045824117e-06;2.6861115775088215e-06;1.8833384590926712e-06;8.824471057225678e-07;6.471618549519779e-07;1.864737395742021e-06;1.328612663914837e-06;6.783740610599931e-07;1.3063915662890314e-06;1.2559151154555712e-06;6.903399848194807e-06;2.4707257562782685e-05;9.913352595114182e-05;3.4281858877918404e-05;3.4146077544402805e-05;9.598843987338163e-06;1.0781993611192328e-06;1.9605469507828198e-05;1.8061280456060897e-06;9.016501801846106e-07;8.479824967805333e-06;7.767279787956951e-07
31:10:44;792;7.901315944151706e-07;1.5082711504160388e-06;2.1025099887345932e-05;5.123027864151197e-07;7.841586728638752e-07;1.4578328575028237e-06;9.586688461253474e-07;7.309464692911211e-07;4.709668192003459e-07;6.330573481185617e-07;7.833461756428567e-07;6.98338481062357e-07;4.0644503229714246e-07;6.830559597129334e-07;1.362459441671278e-06;8.438419424145409e-07;2.012047196307943e-06;2.6519612660356157e-06;2.5594376073150913e-06;1.6932864074493134e-06;7.875748230007151e-07;8.158342876424884e-07;1.7562036945595469e-06;1.3550158829689915e-06;6.459442066800334e-07;1.2200674508607382e-06;1.7580386533661078e-06;6.627496844055416e-06;2.0798106266374182e-05;0.00011485031145257755;3.2870876696823125e-05;3.531411169109015e-05;9.221020683235171e-06;8.536594891262536e-07;1.9996914790944092e-05;1.9287057404998434e-06;1.005358472321527e-06;8.238138927783963e-06;5.964975933198818e-07
31:13:06;793;7.815902213921659e-07;1.5059417776257438e-06;1.944407685327031e-05;4.5071921187220004e-07;8.20641542074376e-07;1.1263121151698514e-06;9.188445139297517e-07;6.395269844603682e-07;6.938216378396785e-07;1.2439349303747995e-06;8.069756852241933e-07;6.860797334291973e-07;4.1375442607425517e-07;6.844329723582571e-07;8.940386475586592e-07;7.82749077571576e-07;2.0467409294263845e-06;2.377186397500771e-06;2.5276905909800293e-06;1.5785076198835092e-06;1.0572601850877686e-06;1.379754428111068e-06;1.7507172821774763e-06;1.3525030181835397e-06;6.70633389069125e-07;1.2455638295849192e-06;1.3019940572317128e-06;6.769785092616041e-06;2.2102466327196353e-05;9.466689415769877e-05;3.0122754440594802e-05;3.660281663255581e-05;8.227899143888445e-06;8.462694776283109e-07;2.214411553895685e-05;1.8672831482349851e-06;9.844210749183898e-07;8.35351399497619e-06;6.407032099787424e-07
31:15:28;794;7.361372023466246e-07;1.4689462515682092e-06;1.9275712843181094e-05;5.161105431513007e-07;8.545126514259881e-07;1.2120126244044824e-06;9.151603462113784e-07;9.826804314110922e-07;5.136371471986029e-07;6.589565169079492e-07;6.858997034988399e-07;7.391131980792988e-07;4.329804788442844e-07;7.615743829913025e-07;5.610081660637175e-07;8.656934250631844e-07;2.093560340919011e-06;2.442633634801277e-06;2.5327393831491775e-06;1.9482390630947764e-06;8.535316838569537e-07;8.572498877957871e-07;1.658145926072232e-06;1.4094466764560556e-06;6.941831685121025e-07;1.3009748094007109e-06;9.709563505278806e-07;6.957765798882603e-06;2.011998473644917e-05;9.548263269602203e-05;3.1622748869092195e-05;3.697163132721378e-05;8.835394907366124e-06;8.000774774805958e-07;1.8671163470717117e-05;1.8475965998332817e-06;1.021040392018969e-06;8.418433840470227e-06;5.600840026271e-07
31:17:49;795;6.887574687555994e-07;1.4314753619871653e-06;2.1152496116154567e-05;5.219150029328096e-07;1.0796602366075996e-06;9.889014021395455e-07;9.861994233776015e-07;7.547075386860058e-07;5.394662337045795e-07;3.866020919759708e-07;6.961612709733732e-07;6.480854166051647e-07;3.6006778314501275e-07;6.456829719377182e-07;6.576400304123744e-07;8.624783174006632e-07;2.297477203971044e-06;2.2585515214906325e-06;2.6169232834162576e-06;1.7437213158171035e-06;8.481815672428039e-07;6.352600583404291e-07;1.6572469740258154e-06;1.3663444547149348e-06;6.204482344942277e-07;1.1989431239766693e-06;1.0721279331443804e-06;6.794517052855623e-06;2.1499552927420777e-05;0.00011280211904108517;3.694128159698311e-05;3.457293951859683e-05;8.891765571755696e-06;1.0487722773108498e-06;2.0046975899562764e-05;1.9188619034582287e-06;9.061161632912842e-07;7.759954026619268e-06;6.470974149151825e-07
31:20:11;796;7.66851225590544e-07;1.4924292392744882e-06;2.0134952985175905e-05;5.164596661444421e-07;8.223631626174727e-07;1.4202530218554443e-06;1.081762679514239e-06;7.971823711049421e-07;4.988919517097528e-07;5.948378217869209e-07;8.716939562089269e-07;7.908502226428027e-07;3.9550159210270536e-07;9.161386371545823e-07;4.962794139680553e-07;8.669771728772837e-07;2.030237524943718e-06;2.6719708560599028e-06;2.6785863161721056e-06;1.759888456219898e-06;8.378437431889048e-07;7.7161934590365e-07;1.8285447880126538e-06;1.4656739774147378e-06;6.4790621484497e-07;1.4593789206294706e-06;8.905230639425963e-07;7.0039393260982055e-06;2.2522555000694317e-05;0.00010301393847887892;2.957891251322247e-05;3.7689743198666005e-05;7.936139802975386e-06;8.380208116295372e-07;2.0743705123516584e-05;1.972892067788869e-06;1.1107751042412684e-06;8.512177415709015e-06;6.96636978690344e-07
31:22:33;797;7.323774525825787e-07;1.4516286751995145e-06;1.8591033080364225e-05;4.951872268192532e-07;7.861935758574584e-07;8.019604646621175e-07;9.885176642495965e-07;7.774555348999906e-07;4.886330063397731e-07;1.0285045261520571e-06;6.581170635526363e-07;6.441755475301973e-07;3.748003586076268e-07;6.280370893240285e-07;1.1169471380124596e-06;8.149966754013182e-07;1.9945287511268075e-06;2.0529135159864104e-06;2.5733713554001055e-06;1.7528623686038246e-06;8.094632520727758e-07;1.1739700202229594e-06;1.610038585896072e-06;1.3059075301866927e-06;6.337409176116056e-07;1.173879420807507e-06;1.5238713748531846e-06;6.91619372001544e-06;2.261931781718181e-05;8.839477873955779e-05;2.9721879322807028e-05;3.6078629314326706e-05;7.696816025899512e-06;9.986593571355462e-07;1.8806496369867168e-05;2.0596128975218047e-06;1.048985359384401e-06;8.128556447204843e-06;6.224715934686295e-07
31:24:55;798;7.983522457263607e-07;1.5286819254608326e-06;2.092659240438748e-05;5.367401565224064e-07;1.0588194920431575e-06;1.1121300971856323e-06;1.088998463284373e-06;7.489354668150322e-07;5.35173467945556e-07;7.170648076931291e-07;1.1622447534488278e-06;6.989242398977328e-07;4.6874327457919146e-07;7.784647790226079e-07;6.739877271642249e-07;8.925398029659155e-07;2.29218066947454e-06;2.367346470708969e-06;2.680580587654236e-06;1.7327434895516398e-06;8.608535320985815e-07;9.314327580278023e-07;2.112973551378719e-06;1.3587758614241604e-06;7.0931007291067e-07;1.3300757998451123e-06;1.0753699673185548e-06;7.0130454246577305e-06;2.1417592937611792e-05;0.00011373146445659581;2.9503586286822918e-05;3.739027131844454e-05;8.004784723862008e-06;7.958649397584176e-07;2.1464704311792413e-05;1.9713254463821273e-06;1.02366342909455e-06;8.242752650137354e-06;5.600529274901137e-07
31:27:17;799;8.000929886297182e-07;1.5216535115818077e-06;2.2630757291982156e-05;5.04442002916247e-07;8.87510282356694e-07;1.1223239366551432e-06;9.69070637634285e-07;8.584561915467052e-07;5.191798324588603e-07;1.5474319365276818e-06;7.519415672744985e-07;6.761864199879917e-07;3.7803355619607387e-07;6.791352114212466e-07;7.074040392251003e-07;8.613352340230622e-07;2.1171678099562996e-06;2.322153761005084e-06;2.5622121720056085e-06;1.8438544717050314e-06;8.643738817250157e-07;1.6670696851766088e-06;1.7151555608460845e-06;1.3599544773350765e-06;6.250347033079678e-07;1.2415742771103212e-06;1.079955638885357e-06;6.9562694398358026e-06;2.2380213652268995e-05;0.0001284026980066811;3.3567820652217736e-05;3.799826983156291e-05;8.06655638938608e-06;8.368447349472641e-07;2.1399263640958402e-05;1.9539057695795862e-06;1.0799310154475394e-06;8.207481533523917e-06;7.198328373765166e-07
31:29:39;800;8.482817097643647e-07;1.5629154125270337e-06;1.924380762349987e-05;6.117348007948145e-07;1.217193388101314e-06;1.2198128214180315e-06;8.568942552694186e-07;7.830343821427473e-07;5.393961152480838e-07;7.037103124662991e-07;1.1391120402493016e-06;8.647903113612188e-07;4.1614152727782866e-07;1.1349909892740842e-06;6.925693712260412e-07;9.549173805220263e-07;2.459276553180862e-06;2.4036707493825265e-06;2.4306250437964278e-06;1.7264819941282198e-06;8.57665661787675e-07;8.937830696313425e-07;2.1077346345228313e-06;1.5141870767077803e-06;6.681552700033362e-07;1.6414673042693066e-06;1.0970196655439914e-06;6.951717582947708e-06;2.635474950245927e-05;8.794828357863371e-05;2.9375138539145978e-05;3.659606242998212e-05;8.025686710841554e-06;8.225220479119358e-07;2.3494948947301644e-05;1.905872971450903e-06;9.107187523605013e-07;7.918739819552297e-06;6.212505994108679e-07
31:32:01;801;7.232384800947113e-07;1.4441255281113466e-06;2.191397066369607e-05;5.627184713752342e-07;8.159278097204363e-07;1.1906310845527008e-06;9.146479214017234e-07;8.147520173276942e-07;4.825520818889246e-07;5.237186510929284e-07;7.367235618732143e-07;7.111170239326725e-07;3.869607583049308e-07;9.031140043479592e-07;6.359981676256671e-07;8.818290382350824e-07;2.0061766670413e-06;2.4509458925525837e-06;2.4997789785606697e-06;1.7555657602971695e-06;8.051952387994547e-07;7.138830363756721e-07;1.7105011569514365e-06;1.3662839179129219e-06;6.393400073210602e-07;1.448000733932842e-06;1.0520053830146888e-06;7.198574396338464e-06;2.478382397776337e-05;0.0001203027603043419;3.256379549273713e-05;3.537614545924728e-05;8.840888485320191e-06;9.099828428334214e-07;2.1054867608042808e-05;1.8616065601111377e-06;1.084165864132958e-06;8.363461235697531e-06;6.275757377866138e-07
31:34:23;802;6.617668666790295e-07;1.3918274514909643e-06;1.8703654542541055e-05;4.492478864066966e-07;8.89417649509803e-07;8.39761512771986e-07;9.675210692414928e-07;6.362376575283238e-07;4.531464295515713e-07;4.957783987791231e-07;7.240185366796936e-07;6.203852031286513e-07;4.1063925926287936e-07;7.388574250200008e-07;7.161911020600346e-07;7.841902280504172e-07;2.086922687409196e-06;2.0729732994690887e-06;2.604680618407909e-06;1.5881023572650451e-06;7.814469088920812e-07;7.101572783781942e-07;1.6848223166090076e-06;1.2938528542794233e-06;6.770128457395038e-07;1.2970744003585515e-06;1.1206931456203902e-06;6.908960025887248e-06;2.36087839540983e-05;8.626076805490728e-05;3.1166956359765414e-05;3.663092283629246e-05;8.212497622802553e-06;9.339234442055464e-07;1.9337266529313493e-05;1.9006582117233687e-06;9.056436973453931e-07;7.85193059295652e-06;7.255431811951617e-07
31:36:44;803;7.7263641085068e-07;1.4864960829509993e-06;2.0004415077094346e-05;4.818706366048854e-07;7.913098114138832e-07;1.1005521276530317e-06;8.922424038392375e-07;7.824883899619873e-07;4.203123306976344e-07;1.0534941523991521e-06;9.068409339815534e-07;6.428171112172653e-07;4.4445940168684345e-07;7.406382558563316e-07;1.0146111299004124e-06;8.007374796755968e-07;2.010165435940162e-06;2.362668609909829e-06;2.462075199333942e-06;1.6987608323458367e-06;7.44794926829486e-07;1.1789018361912297e-06;1.8908010185406989e-06;1.3236086233461455e-06;6.935861798594971e-07;1.2766968089187075e-06;1.39515556171157e-06;7.0056962630182944e-06;2.042408822560888e-05;0.00010653930686486085;2.8853257990205225e-05;3.431986590527005e-05;7.950848576130877e-06;7.856133095655341e-07;2.256251773365548e-05;1.7816424732905957e-06;1.1194289694835535e-06;8.10308517172628e-06;6.076294423164919e-07
31:39:06;804;9.162309880491907e-07;1.6373064840127548e-06;2.023143148916537e-05;5.433078870434568e-07;1.3947817918817536e-06;1.4586618274460184e-06;9.903145711153238e-07;7.330042880549957e-07;4.857281010941314e-07;9.801922030402723e-07;1.3669319517911112e-06;6.78446119970679e-07;4.197082002146211e-07;8.772592251011185e-07;1.0664353839602696e-06;8.7789543227654e-07;2.5875328657105144e-06;2.720887887565518e-06;2.5987459035673918e-06;1.6680728326488712e-06;8.034014008099124e-07;1.1686412889664294e-06;2.3362113370815597e-06;1.3508895940100922e-06;6.70776424739634e-07;1.4252644327422752e-06;1.4393579065170665e-06;7.0743448366748724e-06;2.1748538573730175e-05;0.00010509489904516865;2.833082964081592e-05;3.7451439152622495e-05;8.068635956377925e-06;9.79883332292958e-07;2.223417039500786e-05;1.8077916763326321e-06;1.051524644289267e-06;8.224844394092018e-06;7.102762225797113e-07
31:41:28;805;7.73030804701591e-07;1.5034694774552504e-06;2.0577264889866497e-05;5.979981262494892e-07;9.229217576844917e-07;1.1530049253946375e-06;1.0087036913216965e-06;6.738323371603304e-07;6.342256085968178e-07;3.4340724787039856e-07;7.257087028685176e-07;9.374578934543106e-07;6.238626182925538e-07;7.579763177516115e-07;8.972701960016397e-07;9.379521167852833e-07;2.137071747492422e-06;2.355175306087104e-06;2.6227187851263e-06;1.6245921862799703e-06;9.76856950682638e-07;6.016040622743955e-07;1.687323416965366e-06;1.5995847667299236e-06;8.837758832381537e-07;1.3120654381929877e-06;1.3029125303155178e-06;7.228399316857142e-06;2.0131946247992306e-05;0.00010731358766674738;3.2567030085382483e-05;3.721615360386678e-05;8.524330377902676e-06;9.486603919837811e-07;2.161141232309422e-05;1.7451449557562716e-06;1.0897438526464705e-06;7.905583891026654e-06;6.451859651417538e-07
31:43:50;806;7.604362692668267e-07;1.494849981744538e-06;1.933005654619108e-05;4.84344728283888e-07;1.121504739904305e-06;8.698159873174208e-07;1.0584782588196617e-06;7.593849793026535e-07;5.972351287459271e-07;6.626554856755976e-07;8.345193689216692e-07;6.994896428545097e-07;4.3106866647930014e-07;7.235023746978506e-07;8.832356639600711e-07;8.316284567880285e-07;2.35017370115098e-06;2.1274077748267137e-06;2.6589037528123577e-06;1.7297480399698727e-06;9.419710637832648e-07;8.684523225562046e-07;1.799028888819544e-06;1.388389337742272e-06;6.760270042101368e-07;1.2641747484331409e-06;1.3022941127733074e-06;6.970118771198246e-06;2.3877387859319042e-05;9.191764759790168e-05;3.2528298751482324e-05;3.678653241005074e-05;8.004270941237158e-06;9.128172211833174e-07;1.9356833084656404e-05;1.927322393118828e-06;9.03254353209355e-07;8.086868707684433e-06;6.893264632514658e-07
31:46:12;807;7.979747262157585e-07;1.5231018372830903e-06;1.99220370257506e-05;6.555261725357556e-07;8.319365340867726e-07;1.2282917326477227e-06;8.917797952211582e-07;9.298596564248514e-07;4.4257290458689497e-07;9.363273979187429e-07;9.766051890413119e-07;7.143929574773076e-07;3.9173206327221394e-07;9.735927994308275e-07;6.030792812210124e-07;1.0061595949542906e-06;2.0693398062553284e-06;2.4663993775027826e-06;2.4922923117467493e-06;1.9041952455902705e-06;7.704002528015148e-07;1.0880440116361108e-06;1.9299659772767408e-06;1.3893299840766545e-06;6.403054050069035e-07;1.5261523976387483e-06;9.94637267018633e-07;7.2732085646688945e-06;2.130145081110715e-05;0.00010294770704264117;2.797487564340438e-05;3.582276787085096e-05;8.355007644857961e-06;8.573317644561905e-07;2.266437648794828e-05;1.8905638456356868e-06;1.1143878659903033e-06;8.3247742633192e-06;5.379925041269362e-07
31:48:34;808;7.813921283754284e-07;1.500939896387432e-06;2.0675424987237382e-05;6.451687426523023e-07;1.0004109639280303e-06;1.2198762051405445e-06;8.799322739540891e-07;6.843332100588255e-07;7.087902125426446e-07;1.186129006004354e-06;7.59969228517318e-07;6.721630224132918e-07;4.0472579455507296e-07;7.296085617286058e-07;4.855980994886913e-07;9.983662730058924e-07;2.258889673635455e-06;2.434098091783463e-06;2.4578908329503168e-06;1.6168180367533095e-06;1.0366801972585437e-06;1.3136805165818778e-06;1.7330830973197075e-06;1.3285401518594053e-06;6.550155485686595e-07;1.295325773753575e-06;8.828900641801047e-07;7.039250019077687e-06;2.3545989897504284e-05;0.00010657053936351288;3.055695334538167e-05;3.795476109780454e-05;9.006199050893754e-06;8.388878258760525e-07;2.0777117743608576e-05;1.9757444091209792e-06;9.401142412395391e-07;8.043100056838546e-06;8.564427959901391e-07
31:50:56;809;7.725056015478965e-07;1.4900876933581135e-06;2.0917179795823754e-05;5.177576093518997e-07;8.118511928581736e-07;1.4632355099696393e-06;1.125540243068263e-06;7.438124611186031e-07;4.5620743469789526e-07;7.093636592469078e-07;7.814042815629757e-07;7.317409029412985e-07;4.27489662961507e-07;8.295128297788132e-07;6.721512077832095e-07;8.589100520100457e-07;2.03724678187105e-06;2.688912111726852e-06;2.7211729321273115e-06;1.6883522051367562e-06;7.683067417042655e-07;8.844497763594874e-07;1.724288862061269e-06;1.3988610848910072e-06;6.636568771889732e-07;1.3870615956403537e-06;1.0598328916025417e-06;6.937644701092014e-06;2.370091243778036e-05;0.00010696312916562039;3.464238585402388e-05;3.7613474253299894e-05;8.166624605969854e-06;8.714334776347462e-07;2.0261489292805323e-05;2.0101053902356898e-06;7.96390318856838e-07;8.027573719217819e-06;1.0149943333482736e-06
31:53:17;810;7.179791213280334e-07;1.4372793168172681e-06;2.011905509681e-05;5.287857835237472e-07;9.491016680452834e-07;1.0303781024360732e-06;8.607901741700371e-07;7.658616299124141e-07;5.101955024112602e-07;2.9953509991545696e-07;8.064058112176233e-07;7.731976340398138e-07;5.403812242929266e-07;8.088096193600595e-07;7.423069682569147e-07;8.576952138896501e-07;2.17058844336401e-06;2.254962412193948e-06;2.4452968583445217e-06;1.734975699670215e-06;8.359870392562502e-07;5.331648959065229e-07;1.753591419988488e-06;1.4166835675312058e-06;7.680834996099753e-07;1.3550563943382153e-06;1.1212658999088317e-06;6.98261865049119e-06;2.410748594640106e-05;9.900981211127589e-05;3.0649632353966605e-05;3.7880265786635556e-05;8.182649222386382e-06;1.0256576194716278e-06;2.1871359235939218e-05;1.998989400530592e-06;8.878796003334638e-07;8.160518026507003e-06;6.717932077814432e-07
31:55:39;811;8.352950253092734e-07;1.5749785746530632e-06;2.3155539462286285e-05;6.004452971598472e-07;1.2159113113535176e-06;1.3764666855613101e-06;1.0913272637903437e-06;7.952695630515776e-07;5.022699139832877e-07;5.087545472782683e-07;8.919455079979922e-07;6.423893574656538e-07;4.129223659362938e-07;9.021639366063089e-07;1.0836743207837622e-06;9.554617231745546e-07;2.468532843407427e-06;2.6265071816932146e-06;2.7065638381758664e-06;1.8144908081818426e-06;8.390307089663295e-07;7.01479510248243e-07;1.8674128298272668e-06;1.3307349978633653e-06;6.574592705304365e-07;1.439561503094076e-06;1.4925071996636872e-06;7.008536925591408e-06;2.1585290890464796e-05;0.00013383180790693132;3.4803751842512366e-05;3.77630460699741e-05;8.772299847934388e-06;8.963155573467362e-07;2.1832989474420144e-05;1.8402807562095554e-06;8.45410366681622e-07;7.920816577511437e-06;7.65927331857507e-07
31:58:01;812;7.232451337622272e-07;1.461312887000485e-06;2.0271624914470536e-05;4.750830793815391e-07;1.154867918063861e-06;9.590633531786352e-07;9.454097774540638e-07;7.955970888560351e-07;4.6909970897634035e-07;5.044043860773102e-07;6.364679156641144e-07;7.051151748543366e-07;4.0961870378436965e-07;8.010590463282018e-07;8.231552144557306e-07;8.300535638181252e-07;2.409671831432943e-06;2.213587251815947e-06;2.5481705207208575e-06;1.7542642118585235e-06;8.094879821978966e-07;7.163034338277554e-07;1.6149157749790488e-06;1.3823370239416489e-06;6.717376876064078e-07;1.3469594342737604e-06;1.2382656008631336e-06;7.0237178319998624e-06;2.2364355268825326e-05;0.00010678310267900835;2.8540245519331165e-05;3.712514250032556e-05;8.884229120197934e-06;8.213057776542927e-07;1.974610914175732e-05;1.9385589334472973e-06;9.225370649427724e-07;8.379084382637996e-06;7.311107535185472e-07
32:00:23;813;6.969351976335051e-07;1.4335701355119892e-06;2.13412601520003e-05;6.241355545520058e-07;9.82919593717213e-07;1.0435580718751423e-06;8.365362050742998e-07;6.806308332294655e-07;5.052910433905372e-07;4.945629043669313e-07;8.039752320857215e-07;6.414006114916695e-07;3.7729160405998063e-07;6.835250028203177e-07;6.893954897855472e-07;9.60119531918039e-07;2.236491412341947e-06;2.275003008504381e-06;2.4422300839432864e-06;1.6652670019193696e-06;8.318956794989356e-07;7.315313529390919e-07;1.7888051236039684e-06;1.3173392619448143e-06;6.226731006589472e-07;1.24578648453706e-06;1.0856992742136051e-06;7.313841311160517e-06;2.4019721225846303e-05;0.00011232818044215159;3.14596999377189e-05;3.722188877300271e-05;9.321524218730742e-06;8.662155265688995e-07;2.1776282050485106e-05;1.886214076449349e-06;8.898851964889416e-07;8.228674960239126e-06;7.829941051613556e-07
32:02:45;814;7.500721616341107e-07;1.4646193852093324e-06;1.9135095769504708e-05;4.580043317532882e-07;7.758289108524123e-07;8.678288173736736e-07;8.832358946038581e-07;8.499893748444136e-07;5.200567639156035e-07;1.0613471232384148e-06;7.335397450670588e-07;6.689809181766164e-07;3.7455419287336544e-07;6.444980718404865e-07;1.1630015634170574e-06;7.976833349466342e-07;1.9871750417891397e-06;2.1188178117904785e-06;2.4406078245756592e-06;1.8171990186141258e-06;8.414475860838967e-07;1.206180309342431e-06;1.692229562373725e-06;1.347124412583255e-06;6.087639247606937e-07;1.1736740613649758e-06;1.5445294345998355e-06;7.028482159673761e-06;2.567063073678558e-05;8.793494116147885e-05;3.176454825087427e-05;3.6615274504455687e-05;8.063085508162578e-06;8.333007161382707e-07;1.9736231231917462e-05;1.981598743938986e-06;8.688075451915616e-07;8.244794030635852e-06;8.794546448036934e-07
32:05:07;815;7.82800267435329e-07;1.5087432659497666e-06;2.0504843883350713e-05;4.853855475530431e-07;8.337255038267958e-07;1.134431005214961e-06;8.847790564849654e-07;9.20269592812934e-07;4.317969164446822e-07;1.0843523572793985e-06;9.253640044125756e-07;7.196989574399414e-07;4.70590292673217e-07;8.27784004009402e-07;6.75425750157837e-07;8.196201769829092e-07;2.0757188826504302e-06;2.379389449823618e-06;2.5062337790241375e-06;1.8703137595965225e-06;7.774860702589142e-07;1.2176457442111786e-06;1.895818621661316e-06;1.3766159928666099e-06;7.290228230039811e-07;1.3682453590827439e-06;1.0888079616420385e-06;6.858068043711636e-06;2.4249327528694783e-05;0.00010531227883086344;3.1747670680364035e-05;3.589455098073323e-05;8.32461056744164e-06;7.47639202852092e-07;2.1370572907054134e-05;2.0656336795975217e-06;6.965232217186472e-07;8.045345690283338e-06;7.459052668940498e-07
32:07:28;816;8.03860079026916e-07;1.5181329252277176e-06;2.0259052236481942e-05;5.005638636923493e-07;8.032922045925711e-07;1.24169439175148e-06;9.075707250777948e-07;6.847628839310651e-07;5.453697565468733e-07;1.7089892885089533e-06;8.241503876924774e-07;7.019276935451366e-07;4.1313353007297526e-07;7.941259629682598e-07;5.207400172079314e-07;8.24954320596359e-07;2.0298367040089067e-06;2.489177378737611e-06;2.507231486077539e-06;1.6262413523719848e-06;8.899969054278078e-07;1.783871211984338e-06;1.7931799355878116e-06;1.3482361684014629e-06;6.674245518113338e-07;1.3204865043215111e-06;9.369581779468763e-07;7.251269781494151e-06;1.959457921848532e-05;0.00010810186330129434;3.153445284259199e-05;3.659597445714762e-05;7.93419569754312e-06;8.539055132046597e-07;1.9265582909823715e-05;1.8535607846369791e-06;9.11013559870278e-07;8.177030784013054e-06;1.0351979876781e-06
32:09:50;817;8.313952330625667e-07;1.5616073677490562e-06;2.1448067815692527e-05;4.954559420511373e-07;8.661405588709799e-07;1.421846793273315e-06;8.565336438499055e-07;7.20222794332996e-07;4.597026762082573e-07;1.2813593842137487e-06;1.355120008125513e-06;7.805614732751693e-07;3.8454051605589384e-07;6.052185876903593e-07;7.500401598389576e-07;8.39958350389921e-07;2.1169320579926385e-06;2.649308067081125e-06;2.4628521654034835e-06;1.6923595877369158e-06;8.06372796271521e-07;1.4289521351501312e-06;2.3480053693640024e-06;1.4465191742590234e-06;6.222076138593493e-07;1.1707698720933473e-06;1.1550506125003485e-06;7.1612514067006534e-06;2.31131370670548e-05;0.00011605587232295619;3.152084653564168e-05;3.645128369252763e-05;8.623740678199446e-06;8.187507886894208e-07;2.2055985016555106e-05;1.8260954507214434e-06;9.401477284367617e-07;8.109682580331538e-06;7.000205204955832e-07
32:12:12;818;7.036365824543044e-07;1.4410514331412063e-06;2.0666753678037438e-05;4.7045536076918315e-07;1.2438526302686754e-06;8.45190381116755e-07;8.421728341771613e-07;6.937933657479401e-07;5.702407972889163e-07;5.413125328585461e-07;7.693642278009091e-07;7.395054466967239e-07;3.7077587228767134e-07;7.297067546571415e-07;6.2726858894958e-07;8.106379450682537e-07;2.479767746553068e-06;2.08130191805151e-06;2.445680738501439e-06;1.6858566027622146e-06;9.193385090274884e-07;7.623319680832641e-07;1.7508156522321942e-06;1.4044832774927755e-06;6.271468349421158e-07;1.2911644390281057e-06;1.0340910694715522e-06;6.871486703998608e-06;2.203648588459227e-05;0.00010799289087202682;3.078079204280147e-05;3.8083873783976795e-05;8.016194597395687e-06;8.112761782876522e-07;2.1794706726379887e-05;1.7781092716486674e-06;9.51834934747664e-07;8.27542833681213e-06;6.079648037816329e-07
32:14:34;819;7.424213444422052e-07;1.4651431591786764e-06;2.0418623760307955e-05;4.5676506811208706e-07;7.969229595016326e-07;9.68551445672135e-07;9.091794880592116e-07;7.388096841784179e-07;4.408324540153527e-07;9.358869253714178e-07;9.591948458135975e-07;6.280213010240682e-07;5.080994409050793e-07;6.87064855352627e-07;8.797274206884254e-07;7.981209781847392e-07;2.030044753800085e-06;2.236360220609364e-06;2.4797847448939184e-06;1.7149952609658232e-06;7.794114957263607e-07;1.094418341605738e-06;1.9019035830118626e-06;1.28307748340537e-06;7.527748855092704e-07;1.2293733625138205e-06;1.2814523055958835e-06;7.039661057635399e-06;2.2634408811641217e-05;0.00010612859332745048;3.124394260481874e-05;3.498266974577328e-05;7.930001203781156e-06;9.396692895410477e-07;2.232893267019551e-05;1.849232467950942e-06;9.774788052416888e-07;8.22377559406353e-06;7.451195456024737e-07
32:16:56;820;7.780862737954469e-07;1.497075423179047e-06;2.1145425496023423e-05;4.99244439122748e-07;8.9698435983882e-07;1.059433812435693e-06;9.164445960087939e-07;7.219431818422156e-07;5.344379410940095e-07;1.2602092020828273e-06;7.884303350797434e-07;6.460347424696135e-07;3.6468477910228164e-07;8.751562127509968e-07;7.740314543657302e-07;8.423902496401119e-07;2.125345476882483e-06;2.3060282141550834e-06;2.507209318583257e-06;1.6528707150531704e-06;8.699333616450416e-07;1.393793057340639e-06;1.7546347600751066e-06;1.3036366449571837e-06;6.217933757190759e-07;1.4242678452883641e-06;1.1630016224098884e-06;7.146741980078567e-06;2.643462337608112e-05;0.00010731140298858588;3.260222070449064e-05;3.769009113086941e-05;7.82962219496731e-06;7.8396021695932e-07;2.2214695304971206e-05;1.837590086198505e-06;8.213597509679893e-07;8.32840651106662e-06;7.443917070445006e-07
32:19:17;821;7.165663428277856e-07;1.4578300518718882e-06;2.239559386659379e-05;4.623539524169344e-07;8.017703352549497e-07;1.1239507409625689e-06;1.030102297764043e-06;9.461916631213864e-07;4.2400654474341404e-07;6.883431292534972e-07;6.908828234357274e-07;6.500939612892735e-07;3.7727159361213647e-07;6.772608253607421e-07;7.265680023283881e-07;8.098146170745674e-07;2.046731945288057e-06;2.380032692829595e-06;2.6451653978636135e-06;1.9591384342893895e-06;7.671323217730592e-07;8.903315577449173e-07;1.6518638965034013e-06;1.3284261937562544e-06;6.35892045270166e-07;1.2368431065382698e-06;1.1425880361342404e-06;7.207591222496439e-06;2.2595269101973702e-05;0.00012157052903073808;3.893570605060815e-05;3.702700083563903e-05;7.972224980247762e-06;7.608954381537893e-07;2.102098586543629e-05;1.7790160487878796e-06;9.916624765381313e-07;8.061853401106272e-06;8.243919474000297e-07
32:21:39;822;7.27687423934304e-07;1.4582866916049469e-06;2.178192883067103e-05;4.775443155660949e-07;8.248593354616545e-07;1.37476737452599e-06;8.392834879603325e-07;7.082509640583949e-07;4.537478787854225e-07;4.5349953830592876e-07;6.077083799415174e-07;7.264335325597348e-07;4.6720782689100493e-07;7.150019806122611e-07;1.0839442428078883e-06;8.195543274798436e-07;2.075717993302763e-06;2.593059007325147e-06;2.4305612582850964e-06;1.6767016319723162e-06;7.767207175157073e-07;6.957055795363529e-07;1.590259284391403e-06;1.379357297681261e-06;7.248757516594242e-07;1.2510706365222326e-06;1.4858563455290313e-06;7.058267033337838e-06;2.7365496561913407e-05;0.00011169540280331056;3.560276853729914e-05;3.8021262415734495e-05;8.074674862638709e-06;8.288670534271007e-07;2.1053372576373958e-05;1.7873208464044818e-06;9.997034351232505e-07;8.201615507587516e-06;6.943943349019624e-07
32:24:01;823;7.368816718831475e-07;1.480987685117495e-06;2.2416694807118734e-05;5.712992742717465e-07;9.715307589530653e-07;1.2168507234571797e-06;9.298941690196536e-07;8.037790782450765e-07;4.6479710127187635e-07;4.5126844592437787e-07;8.123948136429249e-07;7.048691045790695e-07;3.833696703324886e-07;7.583623515424036e-07;7.741643157643807e-07;9.320933231662556e-07;2.239662877929985e-06;2.452055362401909e-06;2.5483234539818493e-06;1.8106208751270993e-06;8.151878506120013e-07;6.624606703985303e-07;1.8186581359305486e-06;1.3752590706633184e-06;6.40360644577908e-07;1.3065969710623904e-06;1.1705725865749051e-06;6.956247868835394e-06;2.6081190593694537e-05;0.00012114969347798568;3.231520907218222e-05;3.9857522060477884e-05;8.085256721570225e-06;7.876760036515001e-07;2.2231432502222988e-05;1.8277134773233586e-06;9.68888046742745e-07;8.08360516118537e-06;6.559026995528921e-07
32:26:23;824;6.988516048684285e-07;1.4289429819206206e-06;2.1000975054696308e-05;4.286799948147937e-07;8.613507601718983e-07;1.2785336799774944e-06;9.656930327718205e-07;6.302423566463166e-07;4.897878994098387e-07;5.725491197917553e-07;6.675488468665947e-07;6.734448544679336e-07;3.4621097940017037e-07;8.661299636291243e-07;6.060475202896886e-07;7.630879851943444e-07;2.105065907961011e-06;2.5225090428049743e-06;2.5813349384982676e-06;1.576468469442883e-06;8.300229781013249e-07;7.777701207804149e-07;1.6340586654810586e-06;1.3448471486587055e-06;5.978518652515464e-07;1.4069088099202855e-06;1.0073893864915314e-06;7.074858949325932e-06;2.2446269811931164e-05;0.00010885147202703431;3.2199767614134245e-05;4.066966961458953e-05;7.92010023211631e-06;7.731549494334667e-07;2.030904035380545e-05;1.8579013285767237e-06;9.104343166378889e-07;8.268674029312834e-06;7.303574294578478e-07
32:28:45;825;7.443401051077103e-07;1.4810737302238372e-06;2.1022915751599567e-05;4.565648603425323e-07;7.710512375651164e-07;1.3066049996301e-06;8.605436619452628e-07;7.842058370354333e-07;6.122799257904629e-07;5.432026344893098e-07;9.200978529784591e-07;6.283818545908688e-07;3.8496571435670485e-07;6.227479870769447e-07;1.0414344782913334e-06;7.97021010540344e-07;1.993098195109983e-06;2.5678673193995774e-06;2.4569389273017784e-06;1.7645027369355053e-06;9.728365509395593e-07;7.320797498225515e-07;1.8954933118119341e-06;1.3239272825155206e-06;6.369241814469735e-07;1.1738361787955668e-06;1.458358992836053e-06;6.932021386505607e-06;2.038832972130575e-05;0.00011371471231796628;3.365889068972198e-05;3.560706112530981e-05;8.218515176994186e-06;8.463790920240912e-07;2.1497973119098036e-05;1.903609282379259e-06;8.063882310412162e-07;8.064602786161312e-06;6.365060906872995e-07
32:31:07;826;6.963516877466315e-07;1.4292215420154425e-06;2.012994939551039e-05;4.5221019244352917e-07;8.985916883313455e-07;1.0896766487113816e-06;8.126634366657403e-07;6.016552097743887e-07;4.992323003479142e-07;6.681288915455497e-07;7.658342974327003e-07;6.101756861796239e-07;3.5331466001360795e-07;6.544275798441906e-07;9.503094460844802e-07;7.94035139074655e-07;2.128412336189078e-06;2.335836656924055e-06;2.4170049159635445e-06;1.554031629456392e-06;8.458754937784093e-07;8.658585983671918e-07;1.7277956275496695e-06;1.2848052981236741e-06;6.050828974971007e-07;1.2218282095781881e-06;1.37009118145814e-06;6.960822124395663e-06;2.207052464932252e-05;0.00010430351037283694;3.1130100663284554e-05;3.697685702069136e-05;7.707640774956242e-06;8.50133303383563e-07;1.9761600932283775e-05;2.079312051169435e-06;9.111899810090123e-07;8.187964766994344e-06;6.197361057973486e-07
32:33:28;827;7.743575999409235e-07;1.5011260837679942e-06;2.0568194423772133e-05;5.00496557582169e-07;8.933597368935993e-07;1.2992227044509006e-06;1.0403571049492784e-06;7.513493364444653e-07;4.387347596738907e-07;8.178363393779814e-07;6.622867773390081e-07;7.334317628782117e-07;3.5951854806335537e-07;9.173575080174084e-07;8.783398543437732e-07;8.390675578924902e-07;2.114168728152021e-06;2.5619464628406706e-06;2.6661689475928787e-06;1.7245546741199904e-06;7.652090293728939e-07;9.641528401539578e-07;1.6155537955858597e-06;1.4013077155808947e-06;6.087023892413976e-07;1.4564794774235486e-06;1.2962009004925825e-06;6.891907100283554e-06;2.205060207176858e-05;0.00010745714795631945;3.3938255717108925e-05;3.484537479623676e-05;8.57314414383347e-06;9.4841775118435e-07;2.0713747048197564e-05;1.8835553470574426e-06;8.334007675735396e-07;8.095310042591479e-06;5.874703431104649e-07
32:35:50;828;6.79992144935294e-07;1.4220740562841802e-06;2.1077768819557596e-05;4.928975220702175e-07;9.596380327149168e-07;9.409848391393119e-07;9.509042281666521e-07;7.251683862689746e-07;4.6387752297957524e-07;4.465425905203995e-07;7.208277654365118e-07;6.918567646058643e-07;3.846134857266037e-07;6.214828518076714e-07;7.611115164381359e-07;8.461931373213829e-07;2.1990183900533902e-06;2.204837990494882e-06;2.5893710667505614e-06;1.7204606830160581e-06;8.042863193674714e-07;6.454541057806475e-07;1.684956632571017e-06;1.367223553297893e-06;6.445453200026523e-07;1.1878989851861142e-06;1.1706419722422998e-06;6.8485790963379165e-06;2.286791820886519e-05;0.00011289530785644499;3.22589706515756e-05;3.6890561646683704e-05;8.063990982222147e-06;9.055201702069705e-07;2.0865842085248612e-05;1.969856699836747e-06;8.072999540733584e-07;7.952705984359968e-06;6.066724988358711e-07
32:38:12;829;7.418789038447151e-07;1.471901795630862e-06;2.1488146341774817e-05;5.520027728648942e-07;7.862025967223215e-07;1.2923312514668728e-06;8.8847142249387e-07;7.149866126629237e-07;5.184981081253103e-07;6.54306756936956e-07;7.820814082005644e-07;7.426612402222138e-07;4.070401982540646e-07;6.74797502279874e-07;8.891667421744903e-07;8.849259033116981e-07;2.0244284167899965e-06;2.558149249068e-06;2.504661136046269e-06;1.7186564498762338e-06;8.563557131149342e-07;8.094786145463757e-07;1.7492992237978946e-06;1.4143508416987349e-06;6.425149759747277e-07;1.217687088084651e-06;1.2823135826877233e-06;6.779478386544895e-06;2.129597409480879e-05;0.00011793787873259065;3.242747619818036e-05;3.6670951050028e-05;8.864823242875425e-06;8.582274154248539e-07;2.1615139702917534e-05;1.8026807359792173e-06;9.339098790882558e-07;7.94458844355787e-06;7.266282193019654e-07
32:40:34;830;7.305218317942387e-07;1.4658485629815568e-06;2.0093890951159907e-05;5.132164723501117e-07;8.635570989603345e-07;1.328434756218335e-06;8.592630448783273e-07;8.445714585066226e-07;4.4747244055575275e-07;4.153506986025558e-07;9.752422845853526e-07;7.8319430827569e-07;4.276378540774511e-07;7.67541496178707e-07;5.407798260505878e-07;8.542977122453545e-07;2.103211159010243e-06;2.5756252789851484e-06;2.46276544393241e-06;1.8373800433529382e-06;7.889953126956428e-07;6.307103510291107e-07;1.946802079814167e-06;1.4555792820172866e-06;6.772486991578746e-07;1.3044792076125535e-06;9.530876318825028e-07;6.757192474885418e-06;2.1228391436791354e-05;0.00010472669274771523;2.8917283783690785e-05;3.705924464044024e-05;8.080705415931918e-06;8.696994523261552e-07;2.164240311001651e-05;1.8966682056901378e-06;1.0325499621442688e-06;7.999952421339126e-06;9.159077629477042e-07
32:42:56;831;7.269757397277875e-07;1.4590514975000737e-06;2.1433020612228473e-05;5.331495356712552e-07;8.108950544170248e-07;1.453139309407189e-06;8.250478941656586e-07;7.156366206699389e-07;4.259664790188951e-07;7.325048266130936e-07;8.364493799009861e-07;6.284569679609381e-07;4.423761092392004e-07;7.326079247491826e-07;5.874785443974159e-07;8.80436224449539e-07;2.0417114453116884e-06;2.7294210633067737e-06;2.4302545153671106e-06;1.6832531299268672e-06;7.569335198125753e-07;9.103795778778074e-07;1.8150117802743128e-06;1.3024197719863003e-06;6.933301164471104e-07;1.277960717300319e-06;9.87505637003548e-07;6.898476146528064e-06;1.7045191387183564e-05;0.0001226409600751073;3.062244056499045e-05;3.625333518814502e-05;8.105848268891172e-06;7.766648477855111e-07;2.3263417904688923e-05;1.923648235153279e-06;9.7508523949807e-07;8.023309676451341e-06;6.678698123189869e-07
32:45:18;832;6.304104307665945e-07;1.366652029417632e-06;2.0419049689095468e-05;4.6519332115706064e-07;7.426099199812277e-07;9.299591953877822e-07;8.502109188800556e-07;6.877665603093935e-07;4.226325660146428e-07;3.806324406976167e-07;6.86724291290827e-07;5.821327635289399e-07;3.737843896824764e-07;6.471699414751181e-07;7.961086218538133e-07;8.000165738089488e-07;1.986428221439555e-06;2.198876160624031e-06;2.4496548561889736e-06;1.6639490822163231e-06;7.408929653863623e-07;6.055447196950245e-07;1.6643510723986741e-06;1.2804609729203008e-06;6.180677796174114e-07;1.2064484922753947e-06;1.1851331376857171e-06;7.0441518679774e-06;2.097532161490357e-05;0.0001074005753039443;3.0059550339488883e-05;3.660068844157884e-05;8.217243343459018e-06;8.919917094758919e-07;2.225636803609014e-05;1.849774779365139e-06;8.514900796105544e-07;8.29192561590373e-06;5.895151373482641e-07
32:47:39;833;6.951333520113032e-07;1.41969495773451e-06;1.9622527384535636e-05;5.086042769164578e-07;8.237818940124633e-07;9.694879973568247e-07;7.911412819406781e-07;7.140176366523835e-07;4.300730977003685e-07;7.627868603825179e-07;6.950160509333614e-07;8.445411307663035e-07;3.674806325096566e-07;7.770730865239919e-07;6.575960680634616e-07;8.543988683471335e-07;2.061234825512518e-06;2.2413639078854144e-06;2.3726065146087123e-06;1.668485594299328e-06;7.616307131304237e-07;9.573817380839236e-07;1.630982760155958e-06;1.5163011676410365e-06;6.095505365827862e-07;1.323380070349645e-06;1.039022336073363e-06;6.95099905263052e-06;2.0425173973488866e-05;9.825030593741625e-05;2.9669193815163432e-05;3.786713587146185e-05;7.948323159792446e-06;9.243834423811172e-07;2.1735814998244572e-05;1.926043755813631e-06;9.130694769424593e-07;8.12203248714096e-06;7.378526439514788e-07
32:50:01;834;7.466359118847198e-07;1.478079095157895e-06;2.20793560589934e-05;5.115397265372095e-07;8.753380210567808e-07;1.573073021257895e-06;1.0120547046067363e-06;6.512393753155266e-07;4.301546399076983e-07;5.906490171302504e-07;8.860011158679465e-07;6.851692604796384e-07;3.8524667238122717e-07;7.279941547770492e-07;6.311710129093161e-07;8.547978954763344e-07;2.1204773489282874e-06;2.841280976571386e-06;2.605198241775425e-06;1.61460054656184e-06;7.555817941051195e-07;7.887514641424787e-07;1.8430762928559649e-06;1.34864474810318e-06;6.438156800367658e-07;1.269799827097606e-06;1.0509239276168816e-06;6.99657892858534e-06;2.1688754514463996e-05;0.00012281065273567297;3.331271799619332e-05;3.6045081395912584e-05;9.197277066138423e-06;9.021553948018835e-07;2.2226457376832348e-05;1.8730461262894878e-06;8.913034722296548e-07;8.277348005553042e-06;7.308996952476999e-07
32:52:23;835;7.847084703239592e-07;1.513809643601914e-06;1.881902377340144e-05;4.873295368054446e-07;1.0232023470118696e-06;1.0119989544547665e-06;8.632582034257491e-07;9.973778261466877e-07;4.136303980338919e-07;1.1383378702282827e-06;7.542063793295675e-07;6.125565828715455e-07;3.595463472202712e-07;9.605949423371643e-07;7.944620368440589e-07;8.303382701975536e-07;2.2580013189292025e-06;2.2662975597880557e-06;2.4816094675678626e-06;2.0132013364500496e-06;7.421584437975934e-07;1.2761613906829403e-06;1.7210891647215548e-06;1.2855085613041353e-06;5.957564247159719e-07;1.4978071656318943e-06;1.19778607330761e-06;6.960027969740657e-06;2.190299002047335e-05;9.007970669531115e-05;2.960776704487189e-05;3.532997960210511e-05;7.452708741043389e-06;9.196633624024762e-07;2.1717311041154803e-05;1.8645045993460097e-06;9.194873461316006e-07;8.350060754604489e-06;7.24078103632385e-07
32:54:45;836;6.724996161560687e-07;1.4114340432616367e-06;2.194200268227901e-05;5.16535729138729e-07;9.085204087226502e-07;9.29057528363909e-07;1.0308277816794098e-06;7.49893220126035e-07;4.662850532355378e-07;5.762531453830504e-07;6.882312883230409e-07;5.727073332341025e-07;3.534286839352257e-07;6.371580101103482e-07;6.410969835406051e-07;8.742320048866854e-07;2.1287453796215727e-06;2.204282464799114e-06;2.638618744191562e-06;1.7659954720974257e-06;8.029401380519654e-07;7.830948895469744e-07;1.6573905461111189e-06;1.2624675678758833e-06;6.006491140638739e-07;1.189674264878704e-06;1.0291175415866608e-06;6.8135190786106185e-06;2.4770665637184767e-05;0.00011759666331986029;3.5134993294708176e-05;3.827315177683745e-05;8.238888371980465e-06;8.191426939253259e-07;2.00998525434059e-05;1.8392765596656121e-06;9.092719406384112e-07;8.030634043216797e-06;7.779729273143903e-07
32:57:07;837;6.87703437388362e-07;1.4189388769444098e-06;2.0639678689074118e-05;4.712361403717709e-07;1.0027413343297296e-06;9.771679704587397e-07;8.953346905891315e-07;8.027626002322047e-07;5.139923071404631e-07;5.150644741824806e-07;7.496914575597848e-07;6.78713346413673e-07;4.1430326066818873e-07;6.289239293799653e-07;6.025095290160013e-07;8.140947142513866e-07;2.2272999970056524e-06;2.205868639388819e-06;2.501784388474749e-06;1.7739537486105994e-06;8.462814842264206e-07;7.291813366337701e-07;1.7194767759617747e-06;1.3570528668838685e-06;6.700159464994786e-07;1.1736757170194921e-06;1.008580312240547e-06;6.983879869703033e-06;2.4939753943675706e-05;0.00010706375657752348;2.8945939309404612e-05;3.7674773030572665e-05;8.309844102950056e-06;9.156180150170115e-07;2.1499437291495988e-05;1.7758350780537624e-06;1.010595321805251e-06;7.956571553394853e-06;6.001401752929919e-07
32:59:28;838;6.819962861115414e-07;1.424313730159513e-06;2.0519995693308658e-05;5.585393603785799e-07;8.387276070029063e-07;1.1319424423238511e-06;1.134589010540956e-06;6.816468522155813e-07;4.791179370416449e-07;4.146904617979336e-07;6.909105727940941e-07;6.210375675941293e-07;4.44991142479655e-07;6.406222475325246e-07;5.471400121253628e-07;9.10853158028992e-07;2.0829396820012843e-06;2.408926594064643e-06;2.7563428893354515e-06;1.6625288961659873e-06;8.107154615031562e-07;6.514765050125581e-07;1.6613727931270877e-06;1.3133527502333569e-06;7.068647413447413e-07;1.190937713476206e-06;9.354531138791273e-07;6.82618917084998e-06;2.4601043197787172e-05;0.0001028157672780749;3.424858871832349e-05;3.577738212115499e-05;8.348846253231406e-06;9.197817187584361e-07;2.097133813797087e-05;1.8859299324011766e-06;8.778709858082688e-07;8.148913304598518e-06;8.182975007447087e-07
33:01:50;839;7.188312024811435e-07;1.4488100259192915e-06;1.939168535111212e-05;5.65248849342998e-07;8.825587470537047e-07;8.642664282021428e-07;8.738864530596661e-07;7.831173701834292e-07;4.964776760212947e-07;8.416245083479752e-07;6.243665211513871e-07;7.358607906046447e-07;4.1363307171335156e-07;7.527077054576963e-07;7.922261181211613e-07;9.191448068030454e-07;2.1079033875231533e-06;2.1370258208881302e-06;2.488624490864293e-06;1.7729111503665736e-06;8.298488828989355e-07;9.937237659351358e-07;1.591472003475488e-06;1.3982795062014403e-06;6.590528944861598e-07;1.289233222007768e-06;1.1984998395688953e-06;6.7893481897735475e-06;2.3137155011498248e-05;9.456614365881372e-05;2.980027880719742e-05;3.6709367862311715e-05;8.115508450906972e-06;9.787718458707832e-07;2.0891171531830366e-05;1.906650437772489e-06;9.944469897863405e-07;8.18670639164963e-06;6.246750359342998e-07
33:04:12;840;6.977910784946382e-07;1.4349765899192168e-06;2.1163763589498872e-05;4.5674800846546243e-07;9.027846273374446e-07;1.100474797349255e-06;7.960338474852982e-07;7.210400540878161e-07;4.244418256052737e-07;6.674125758721061e-07;7.136888721620044e-07;6.279485356747666e-07;4.144150296662859e-07;6.076560883966858e-07;9.408484427098074e-07;7.96168405667565e-07;2.1418982761375284e-06;2.373541692462293e-06;2.3887291286261148e-06;1.7128000444003352e-06;7.568154614281284e-07;8.742426202152734e-07;1.6855298559975486e-06;1.3154846050947757e-06;6.573940232797961e-07;1.1577576630390722e-06;1.3593567234549275e-06;7.087573631414941e-06;2.308467754643975e-05;0.00011373397016233415;3.1259922219923176e-05;3.66076239940668e-05;8.840545989791439e-06;7.550271591401931e-07;2.1033994261444494e-05;1.7639752214906925e-06;9.989517409675106e-07;8.087531246920768e-06;7.113699000525543e-07
33:06:34;841;7.329298935038703e-07;1.480413298919256e-06;2.18368951550482e-05;4.773520793189722e-07;8.527334325527456e-07;1.2616357278490269e-06;9.185635144636318e-07;7.499713431694229e-07;5.112873838248272e-07;6.026552874919973e-07;1.0500153679871005e-06;7.478909354445435e-07;3.8579398276006316e-07;7.397893360935629e-07;4.974701016377284e-07;8.394459364699057e-07;2.1266521602965556e-06;2.5516819099536833e-06;2.5365388864884153e-06;1.7269338352693749e-06;8.532523081670016e-07;8.083538703667267e-07;2.042658491207683e-06;1.418307898445705e-06;6.451335997398122e-07;1.2882225668869944e-06;9.277775772509041e-07;6.929807744076149e-06;2.053800642021643e-05;0.00012344493102496871;3.03189472406834e-05;3.716257610342511e-05;8.479443107265518e-06;7.816267182392046e-07;2.251184117402338e-05;1.9723270448593022e-06;9.475236447050248e-07;8.081663936374167e-06;8.740477017419754e-07
33:08:55;842;7.19922286875694e-07;1.4487056973791104e-06;2.1217295608622033e-05;4.479247192954652e-07;8.865452283401964e-07;1.279393547629323e-06;8.715626160984222e-07;6.525243172057897e-07;4.6987987609916426e-07;7.210217152624083e-07;7.83750261861888e-07;5.85437388143297e-07;3.492795738292319e-07;6.410331103106676e-07;9.507148674779067e-07;7.961793336349567e-07;2.1342345168900636e-06;2.51432359480624e-06;2.4657934007543963e-06;1.6254805057289121e-06;8.067874862809972e-07;9.007386768045555e-07;1.758171900096213e-06;1.2566026466802098e-06;5.941790939548901e-07;1.1833970101570576e-06;1.3485797602456092e-06;6.682564245755438e-06;2.247346025811543e-05;0.00011389017395700761;2.9990108038048715e-05;3.720873290317216e-05;9.254444250930337e-06;8.16658973400739e-07;2.2508341678442553e-05;1.9298246142412187e-06;8.866090309367566e-07;7.975362738767618e-06;9.912666146458998e-07
33:11:17;843;6.591470465202385e-07;1.3908307791316935e-06;1.8585388832612063e-05;5.010082764413746e-07;8.115722225567688e-07;1.0588398622537263e-06;8.151644910596318e-07;6.081663271570196e-07;4.6530464628799256e-07;4.354715116586502e-07;8.325904605754886e-07;6.260291026985695e-07;3.823133147032562e-07;6.676587299389328e-07;7.056453602852483e-07;8.332260691370525e-07;2.040649398703506e-06;2.322979844105743e-06;2.4169121503821113e-06;1.5680677323917402e-06;8.151404302490064e-07;6.29534766707239e-07;1.796744697193263e-06;1.3097239433637363e-06;6.232039757384272e-07;1.2060620484083336e-06;1.1277239325322683e-06;6.778657744332468e-06;2.3736554418077756e-05;8.681417133579792e-05;3.054190279423564e-05;3.344503263337712e-05;7.180036214129358e-06;9.764970847143248e-07;2.2119818412131352e-05;1.8910127452875107e-06;9.342210688472439e-07;7.975721620951385e-06;6.310399194626576e-07
33:13:39;844;6.733387912693057e-07;1.4026553744655228e-06;1.984504323242601e-05;4.7306823654351277e-07;1.0503896646211914e-06;8.600327501475455e-07;9.281034894958008e-07;6.340933709416483e-07;4.4525803597685676e-07;6.976961686368874e-07;7.329925263522729e-07;6.366688112471117e-07;4.3590216351625927e-07;5.881427523991466e-07;5.977172923882729e-07;8.00428242482782e-07;2.2873991435482843e-06;2.113828436104316e-06;2.5336154237001082e-06;1.5925221827607938e-06;7.807955358381335e-07;8.824993448245009e-07;1.7139954168876873e-06;1.3068246742857555e-06;6.838940700612212e-07;1.1489655273894468e-06;9.870961557220354e-07;6.795352120556361e-06;2.5292476345919633e-05;9.554992353403844e-05;2.936953912313822e-05;3.811362760003894e-05;8.397850828650368e-06;8.771920017316073e-07;2.1695256078966935e-05;2.0225142484617635e-06;9.346969780942511e-07;8.424378304733743e-06;6.677116247818604e-07
33:16:01;845;6.869063251131862e-07;1.4211490656347036e-06;1.943401307848863e-05;4.4153993039586226e-07;7.882147495505168e-07;1.171301215291914e-06;7.936566749254904e-07;7.765828783670966e-07;4.244523673141936e-07;8.47231782144772e-07;7.467209987313791e-07;6.141231979920033e-07;4.0125125165925046e-07;5.925611527921795e-07;6.452394934716469e-07;7.922897629778393e-07;2.011432189370864e-06;2.409538878273912e-06;2.4131458896498527e-06;1.7761059070058373e-06;7.668069367320664e-07;1.0218395027118565e-06;1.709836830073821e-06;1.2941333053173435e-06;6.545223675114853e-07;1.158001012593363e-06;1.0461357761944127e-06;6.516030550623132e-06;2.2623009797160858e-05;9.553267194996612e-05;2.8956753971010163e-05;3.587825966422259e-05;8.404783302649375e-06;8.909109160377822e-07;2.260006737030547e-05;1.9145714028789094e-06;9.719338917483405e-07;8.134690470479691e-06;7.844736547811199e-07
33:18:23;846;7.483368182903405e-07;1.4795169256932597e-06;2.017509496275723e-05;6.490834517142668e-07;8.070005662507252e-07;9.10448817428098e-07;9.07565076505276e-07;7.704682756843279e-07;4.307622408469572e-07;1.0529125515710482e-06;7.474163106202525e-07;6.31691251226388e-07;4.6152480362690346e-07;7.976505411733115e-07;8.135177176349373e-07;1.00318010506179e-06;2.047261569092785e-06;2.1790605851032225e-06;2.5152115969393877e-06;1.7406849271013972e-06;7.760333571810936e-07;1.186031125552624e-06;1.7000818791564574e-06;1.3162209864023242e-06;7.291206552048308e-07;1.3521324192396018e-06;1.2091835623023949e-06;6.573903759464549e-06;2.0110499813308992e-05;0.0001063194909354954;2.924482183773896e-05;3.746097265301584e-05;8.3842919829459e-06;7.537616742778901e-07;2.1205893174894252e-05;1.8805574611197571e-06;1.074839407633381e-06;8.386134465154462e-06;7.059723880373041e-07
33:20:44;847;6.648707511819846e-07;1.4089147199125432e-06;1.9545976890853807e-05;5.102692909017296e-07;9.559464650169245e-07;8.782469389310357e-07;8.45551510344287e-07;6.547514054973518e-07;5.458379591952419e-07;3.233837272510375e-07;7.584126355617762e-07;8.649559023768657e-07;3.749677097910429e-07;7.682639840664055e-07;4.978612349049172e-07;8.560319430746202e-07;2.193752002715917e-06;2.1526531330132055e-06;2.4646155561870877e-06;1.6477659011763559e-06;8.814593642558906e-07;5.740444210667055e-07;1.7263970405594269e-06;1.5518367424388262e-06;6.440521011697882e-07;1.3013634845518465e-06;9.130047274832382e-07;6.7814308209005565e-06;2.2672586042021198e-05;9.792151941455592e-05;2.97861655915172e-05;3.4322657170206404e-05;8.444849677520099e-06;9.210334541983194e-07;2.1591576708925207e-05;1.9048537462224346e-06;1.0242700687302986e-06;8.371098037400553e-06;8.096819580475014e-07
33:23:06;848;6.672178995162622e-07;1.4006157145927376e-06;1.941393459172434e-05;4.855164077645988e-07;8.598192313287583e-07;9.253236593115782e-07;7.920575978123426e-07;7.399867802959648e-07;4.178800637239471e-07;4.3576503702427966e-07;7.513383730930265e-07;6.884066858781068e-07;3.6136347425497206e-07;7.818821217950048e-07;7.672751350233527e-07;8.244998430718278e-07;2.0768894901151196e-06;2.197141453461306e-06;2.4023161289779304e-06;1.7067346781994827e-06;7.474909817643447e-07;6.544539945923445e-07;1.7153810565300946e-06;1.37373437259088e-06;6.017971805946056e-07;1.3292899539701005e-06;1.1776589087874734e-06;6.5585376347458954e-06;2.366244848604775e-05;9.482676711632545e-05;3.114051941847931e-05;3.58490521942166e-05;7.5087985273706085e-06;9.56881013119076e-07;2.0693160480963655e-05;1.944797581891885e-06;9.058395606333972e-07;8.226922201717848e-06;6.934908851805586e-07
33:25:28;849;7.708870978330072e-07;1.5105805431043727e-06;2.2962881884919038e-05;5.127875031263329e-07;8.27779463560577e-07;1.571989880650387e-06;8.188082204182737e-07;8.722041747833874e-07;4.682490234341298e-07;6.796483561802543e-07;9.701395860388247e-07;6.805222781655377e-07;3.716641976403423e-07;6.235188915888883e-07;8.533334017583756e-07;8.69326454535382e-07;2.0878768725507844e-06;2.8034749353145907e-06;2.446092765504672e-06;1.8369492242032445e-06;8.176405923291849e-07;9.070606680163824e-07;1.9479561220992486e-06;1.3570908008717462e-06;6.174817811721438e-07;1.1880621171638014e-06;1.2479536082215027e-06;6.627474799551878e-06;2.0651119057606438e-05;0.00013449867783227952;3.313929227219295e-05;3.6197616452156166e-05;8.667114972771545e-06;7.687219173525504e-07;2.3251318553725476e-05;1.9107931281694714e-06;9.779073291939424e-07;8.196185103616938e-06;6.683612004115754e-07
33:27:50;850;7.709455582210528e-07;1.5043452273132544e-06;2.124738928134234e-05;4.991219887900461e-07;7.982722490705964e-07;1.4649955094693146e-06;9.765941692501718e-07;9.002134514591763e-07;5.160591712748509e-07;6.946822677504501e-07;6.740367358805021e-07;7.188209224215117e-07;3.524502703022847e-07;7.764631542173106e-07;8.796365682719263e-07;8.489567355492817e-07;2.0312802620583747e-06;2.7130081449124904e-06;2.573594935676761e-06;1.9148766564515576e-06;8.372639860071207e-07;8.806938719225159e-07;1.651698241109639e-06;1.408829414490183e-06;5.94275308276913e-07;1.3148855905858943e-06;1.2827793072942826e-06;6.913226324387079e-06;2.2830929881009486e-05;0.00011475212518088318;3.200078218427852e-05;3.588452758620257e-05;8.850923813665383e-06;8.125916099843951e-07;2.114943024321209e-05;1.7839178647508223e-06;8.184858495411191e-07;8.236935105119389e-06;9.347957330740145e-07
33:30:12;851;8.331838459567238e-07;1.5719408263722943e-06;2.2830708486354473e-05;5.265236399603684e-07;9.025456452507993e-07;1.5653465552454484e-06;1.0420873313356858e-06;1.2870306043537156e-06;4.570589648574112e-07;8.758083693423528e-07;8.408457260769805e-07;6.640919214943737e-07;3.9104610026864284e-07;7.99819248003592e-07;6.460018056648148e-07;8.923910653248652e-07;2.1421362687392447e-06;2.800883990696807e-06;2.6793823643614977e-06;2.2938190047366504e-06;8.033233864554421e-07;1.0481260618016216e-06;1.8132893253867315e-06;1.3608720107036282e-06;6.392566385323945e-07;1.3456462699904006e-06;1.044162907338789e-06;6.784218817471204e-06;2.2388770718822326e-05;0.0001292916594754716;3.7136750232534115e-05;3.526921921029336e-05;8.401869131309745e-06;7.760899961793413e-07;2.200437902713744e-05;1.8620688844731792e-06;8.869445181096593e-07;8.370469723990521e-06;7.960621004611843e-07
33:32:34;852;6.570942088628002e-07;1.3894618917485003e-06;2.0840651903918553e-05;4.857319670521902e-07;8.031015727186482e-07;1.1430840511714926e-06;8.321407490347549e-07;6.171706854261252e-07;4.80113894095847e-07;5.527394197699855e-07;6.365144931534545e-07;6.504154857125208e-07;3.604176411057965e-07;6.540340943575725e-07;6.696662246548484e-07;8.224761860605259e-07;2.0237599756001146e-06;2.3931841214901777e-06;2.443015150559784e-06;1.5963608181169272e-06;8.186795115807975e-07;7.525151776422441e-07;1.6086834553397802e-06;1.3333691751391092e-06;6.11951920990566e-07;1.200266355301463e-06;1.0692804361888539e-06;6.753871847466641e-06;2.150733550950413e-05;0.00011244939272452328;3.1055421942618316e-05;3.640629410575364e-05;8.628958219454903e-06;9.310386433773274e-07;2.0994396616672985e-05;1.6823643317532182e-06;9.216703105993387e-07;8.135856672355591e-06;6.212219229433216e-07
33:34:56;853;6.214766545427479e-07;1.3640096220782813e-06;2.0153687489431366e-05;4.6384710296962983e-07;7.002232059233843e-07;8.426436251793038e-07;9.200375448159548e-07;7.628564314788765e-07;4.632283540589361e-07;3.652241340871983e-07;7.556572201104152e-07;6.537429795081742e-07;3.614739660928734e-07;6.154813659943091e-07;5.533036852931807e-07;8.068025584214387e-07;1.929748056877715e-06;2.103370183871033e-06;2.5489041116641234e-06;1.7650002208236262e-06;7.945939019671504e-07;6.130485492639873e-07;1.7412937535758645e-06;1.3282965195270938e-06;6.190777673676661e-07;1.165446165723091e-06;9.525332862273288e-07;6.8233986699286e-06;2.3916773602510613e-05;0.0001016302001803969;3.173900077056052e-05;3.583885188493659e-05;8.128345555304795e-06;9.61256579707851e-07;2.1148540544750082e-05;1.7830067567209617e-06;8.571383562770757e-07;8.280999731980297e-06;7.367372401021317e-07
33:37:18;854;6.189604348253138e-07;1.360224519551513e-06;2.0238112318964664e-05;4.5833814582058546e-07;7.704601516778098e-07;7.938929687786614e-07;1.0854685999332632e-06;7.101229887148978e-07;4.17585969762642e-07;3.225319954346485e-07;6.673424418724881e-07;6.466434155613402e-07;3.2801033935456947e-07;6.196351287825828e-07;6.074928770128839e-07;8.035822441895648e-07;2.0184497828532713e-06;2.080165856994749e-06;2.6814609986725868e-06;1.728783746773244e-06;7.525895281145771e-07;5.480029098183117e-07;1.6367154779501002e-06;1.3132245488963282e-06;5.754840792259172e-07;1.1778026931361763e-06;1.0064320066058952e-06;6.753977779535978e-06;2.1503649447825712e-05;0.00010513193215253727;3.1778536385329686e-05;3.66403021254777e-05;7.782431000616133e-06;1.0683113457113802e-06;2.0436603311673293e-05;1.794361526178994e-06;9.33498874954206e-07;8.193785714776557e-06;8.399581629590476e-07
33:39:39;855;6.828936876181821e-07;1.4224756643924121e-06;2.073746269236813e-05;4.563092495978406e-07;7.613325575629336e-07;1.2511920678516153e-06;1.0033174119395871e-06;7.217954768424694e-07;4.2644522450659267e-07;5.946086009022234e-07;6.10181067935271e-07;5.994595013108556e-07;3.3255885334426694e-07;7.161896339011068e-07;7.213343815189304e-07;8.116382064778193e-07;2.0024433740529066e-06;2.5295483087402433e-06;2.617378233676563e-06;1.7316567714605977e-06;7.643394398304666e-07;7.850554985723164e-07;1.5668978135239096e-06;1.2798944224794214e-06;5.821383982907442e-07;1.2752621961525724e-06;1.123454861539634e-06;6.849126870059697e-06;2.170020580147024e-05;0.0001104592330963958;3.293823440456984e-05;3.610434684664337e-05;8.414993796725644e-06;8.694193884724263e-07;1.9992324205951366e-05;1.908930892950741e-06;8.228787291747816e-07;8.068233400986531e-06;7.216248750171746e-07
33:42:01;856;6.653593137461268e-07;1.4054377777915473e-06;2.1185858250181896e-05;4.262835266999332e-07;8.285327750747549e-07;1.0155252923027547e-06;9.051836102083851e-07;9.68673906138145e-07;5.120798826994324e-07;5.433495297529395e-07;6.587477187170908e-07;6.129987716621795e-07;3.50633606089284e-07;6.896891456326609e-07;4.7261378112072416e-07;7.703748276037027e-07;2.0578717371618156e-06;2.2796837805500115e-06;2.54039888561606e-06;1.9742664568483736e-06;8.368144150050354e-07;7.42375073347335e-07;1.6464367343912812e-06;1.299467502536296e-06;6.064211070627641e-07;1.2360620067289645e-06;8.750803360697641e-07;6.7088464251353815e-06;2.3336182958306828e-05;0.00011442468856622647;3.0054302186682385e-05;3.526444346228276e-05;9.348224484569077e-06;9.228456884243946e-07;2.22308770225616e-05;1.9144913457072377e-06;1.0261237763636004e-06;8.17475950432517e-06;8.245135815978799e-07
33:44:23;857;6.67061085762361e-07;1.4027081323535952e-06;1.9789479934384772e-05;4.6269589299379793e-07;8.643566525957557e-07;9.214616094397534e-07;9.562368367839595e-07;7.713565867252147e-07;4.825415549560639e-07;6.393618278850837e-07;6.467696112818803e-07;6.246282936540514e-07;3.342647928349475e-07;6.598947498740156e-07;6.411643772675678e-07;8.102802078472542e-07;2.0830339111208687e-06;2.192169130800802e-06;2.5989356123617756e-06;1.754534048647161e-06;8.141285792578257e-07;8.242522914217629e-07;1.600791982795433e-06;1.3240163101025107e-06;5.961026835238148e-07;1.1947642490990283e-06;1.039488255674435e-06;6.690976171274168e-06;2.2436309849917015e-05;0.00010018096348986918;3.304237269852223e-05;3.506966128290088e-05;8.164630129090898e-06;9.637365230399294e-07;1.928872854490123e-05;1.9127470880103127e-06;8.612716027066356e-07;8.080268264446319e-06;7.820935679384441e-07
33:46:45;858;6.704539131551325e-07;1.4073114591984806e-06;2.1458482792318243e-05;5.011454992805269e-07;6.759689248347911e-07;1.0030778801512434e-06;8.863585904027683e-07;6.212346990366122e-07;4.67846652287627e-07;7.550925586211318e-07;7.455507882170309e-07;8.103623105881752e-07;3.423231936704564e-07;6.674035068437495e-07;5.690821459322396e-07;8.614330478757197e-07;1.9071096458107224e-06;2.2624975959451712e-06;2.501009540721981e-06;1.59892956681872e-06;8.134491003711677e-07;9.284725207854086e-07;1.725848282828188e-06;1.483502437967897e-06;6.007158313284982e-07;1.2222312898590149e-06;9.825384129818545e-07;7.0212687663462455e-06;2.408357211979271e-05;0.00011493122159553291;3.0238027167879577e-05;3.8455999260491915e-05;8.734079996181003e-06;8.754883693225932e-07;2.1324091529239115e-05;1.9505495801638747e-06;9.746898235590782e-07;8.217478272989043e-06;6.953270263207417e-07
33:49:07;859;7.724013344075202e-07;1.5024534509911627e-06;2.1878085933040234e-05;4.887845633491398e-07;1.2197840015624386e-06;1.273763184705956e-06;9.130029567120087e-07;7.523978912631951e-07;4.4632083790412996e-07;8.629354243293686e-07;8.726425443260734e-07;6.694867394604646e-07;4.305763096573207e-07;7.101602535122062e-07;6.28961061414786e-07;8.356311328970139e-07;2.4575830495819047e-06;2.520994303843428e-06;2.5290460345348934e-06;1.750000548545819e-06;7.762459749525838e-07;1.0157892460673667e-06;1.8610777617509542e-06;1.346663535497112e-06;6.724545640661492e-07;1.246521279985176e-06;1.0174336646546007e-06;6.775530738846609e-06;2.3390025858645294e-05;0.00011982114278818366;3.198034801172921e-05;3.75531566288853e-05;8.36749047125643e-06;8.39002419232668e-07;2.1770484784841925e-05;1.8274238027677492e-06;9.721176550856094e-07;8.326792957772235e-06;9.135150792360383e-07
33:51:29;860;6.618591459945317e-07;1.3983109916991935e-06;2.13543263855941e-05;4.538791301992004e-07;7.626853377538303e-07;1.093992113222374e-06;8.189998813680109e-07;7.74030703451248e-07;4.393809747553364e-07;6.599182603302238e-07;7.243617017719957e-07;6.380574147419277e-07;3.197906978820568e-07;6.71681077464696e-07;5.855322053075182e-07;7.996088550331893e-07;1.9978236993285715e-06;2.3778460848041483e-06;2.4480769001502844e-06;1.7542992745342118e-06;7.730314191749015e-07;8.280855827769865e-07;1.7010469062807726e-06;1.3187109907794135e-06;5.740536631590289e-07;1.2089565692619971e-06;9.98191457906787e-07;6.948608426970172e-06;2.0343538406117617e-05;0.00011900258262731698;2.9333996012086794e-05;3.7661749102847e-05;8.599116868564697e-06;9.677186145309453e-07;2.144016283786473e-05;1.9849680461923595e-06;1.0123849663794317e-06;8.212099051936553e-06;7.449916663218725e-07
33:53:50;861;6.208066037803984e-07;1.3616336779785895e-06;2.0686052852113373e-05;4.3185308513054627e-07;7.894567840661569e-07;1.006941401532851e-06;8.809064671246667e-07;6.059727228689062e-07;4.0749224083924673e-07;5.189971644367378e-07;7.157173614981037e-07;6.096789881030159e-07;3.496157899346935e-07;5.918302861118718e-07;5.412167251331564e-07;7.666972990885174e-07;2.0457011755119127e-06;2.2706318431337883e-06;2.511074881170581e-06;1.5906602938448948e-06;7.401838117166795e-07;7.280874638270896e-07;1.7002568935672974e-06;1.3036720116372323e-06;5.975040504450544e-07;1.1431926284935395e-06;9.419413893600086e-07;6.85999240012783e-06;2.1183086753697925e-05;0.00011028723297209314;3.0667199840711934e-05;3.709294086849522e-05;8.245003603129124e-06;8.395899334828826e-07;2.1359769571806905e-05;1.9148701525331774e-06;8.884021988616169e-07;8.051444842990185e-06;8.431010874305464e-07
33:56:12;862;6.774507876692517e-07;1.4155210145631078e-06;2.1790514532507485e-05;5.201501914439436e-07;7.086904376876e-07;1.0064579401810905e-06;8.544932235727226e-07;7.291931446137571e-07;4.609458525176277e-07;7.466979312238791e-07;7.115753930732958e-07;7.403816740702108e-07;3.384107587691496e-07;6.648705924806496e-07;6.475420847206305e-07;8.592408602010126e-07;1.9403147274991896e-06;2.27980001167038e-06;2.4701486154299346e-06;1.7071295557591068e-06;8.01712613415878e-07;9.293740279075262e-07;1.6871566707535909e-06;1.4216272295960129e-06;5.98852097879634e-07;1.224221978047146e-06;1.066673214925778e-06;7.018045493316258e-06;2.2581156385855962e-05;0.00011967752953080736;3.2038885438824556e-05;3.780485359808844e-05;8.511585937450357e-06;8.169070067365136e-07;2.1333889812264297e-05;1.7953431058918522e-06;9.09331727212084e-07;8.024378773213943e-06;9.742675804282368e-07
33:58:34;863;7.045219541494547e-07;1.4545103199395006e-06;2.2384780930964122e-05;5.714946262487657e-07;7.640910440526677e-07;1.2699495304246966e-06;8.869975685660786e-07;7.536567705064683e-07;4.2249062505060986e-07;6.411903025900627e-07;6.263025325631782e-07;7.249734704279315e-07;3.83734502254737e-07;6.427494297204945e-07;7.666328098807831e-07;9.332492542358246e-07;2.0271014476218373e-06;2.573848857387423e-06;2.538987344082613e-06;1.7445359179862264e-06;7.518131139298745e-07;8.318178004174115e-07;1.6033903918895116e-06;1.411645129498734e-06;6.546567018216869e-07;1.2067184560623038e-06;1.1763588789315552e-06;7.025257038525237e-06;2.0992507161579756e-05;0.0001281938312368492;3.271142611695966e-05;3.7860790048199516e-05;8.454482380875235e-06;8.477024735379215e-07;2.0581929303187227e-05;1.9612178407534835e-06;8.56201404256553e-07;8.48351106338032e-06;6.485151034652758e-07
34:00:56;864;6.898707652812742e-07;1.4389883206811507e-06;2.297432813956455e-05;5.007140697621537e-07;7.478575162377478e-07;1.2366840351774044e-06;8.752645569532934e-07;1.0140270266296108e-06;4.2109966822614164e-07;4.859070958121688e-07;8.482413499680516e-07;6.401713008989547e-07;3.627116118767113e-07;6.317081476904139e-07;5.14062559550413e-07;8.586709466444402e-07;1.9853546392150286e-06;2.5217722844600655e-06;2.50828698921672e-06;2.034268610530006e-06;7.625597763590237e-07;7.071636193641213e-07;1.8400356434022233e-06;1.3335755045174458e-06;6.224250273445952e-07;1.1720178326580521e-06;9.217286639818955e-07;6.8498103489110355e-06;2.227316484158399e-05;0.00013202445246374205;3.553311265276203e-05;3.62925137754653e-05;8.63575927012842e-06;8.807826122656552e-07;2.1442094831305087e-05;1.8261632045525328e-06;9.662436955298288e-07;8.102889059880262e-06;8.64950918648377e-07
34:03:17;865;6.576013570448357e-07;1.401893753240926e-06;2.1716555572597283e-05;4.2790497004316114e-07;7.716561271984481e-07;1.0688395553676793e-06;8.428508425740621e-07;7.039836179051856e-07;4.438196978413926e-07;4.466574404681335e-07;7.849822275428732e-07;6.784979725131408e-07;3.29334578739384e-07;5.969862373737684e-07;7.957027684423291e-07;7.781355725167982e-07;1.991636316210755e-06;2.349609332346126e-06;2.4711563988787503e-06;1.7067492193216568e-06;7.745018832292196e-07;6.85322933727145e-07;1.7674313001614653e-06;1.3585920729797815e-06;5.840715278402888e-07;1.1506379838131498e-06;1.2048801175906997e-06;6.956739374533303e-06;2.0969898430856385e-05;0.0001219041457283391;3.1061569361014376e-05;3.7417911713482086e-05;8.901922063775322e-06;9.150178461095053e-07;2.0906464612217978e-05;1.7076571208874162e-06;9.154355200105788e-07;8.299531528657681e-06;6.423735712836234e-07
34:05:39;866;6.639457254693908e-07;1.4120936024874373e-06;2.133534060359089e-05;4.50700224333386e-07;7.978652658557905e-07;1.1688175051654588e-06;1.0331267439121141e-06;7.709833581256734e-07;5.012125139975349e-07;5.074085114702016e-07;7.431183359572138e-07;5.88131036477984e-07;3.2475967569712727e-07;6.62412054703248e-07;4.1881324477153403e-07;7.959240081077099e-07;2.033322778492842e-06;2.472714524479164e-06;2.660101082440207e-06;1.770503109162723e-06;8.505002433968359e-07;7.187871796724745e-07;1.7427224330403296e-06;1.2925263231581878e-06;5.817379338864905e-07;1.2093943707982304e-06;8.168888719329872e-07;7.057173079924539e-06;2.069585539758171e-05;0.00011744709329834092;3.1162767896039904e-05;3.618176943648637e-05;8.306960116469128e-06;8.524703217421978e-07;2.234118381143341e-05;1.940313583405588e-06;9.105417621548439e-07;8.306221395649778e-06;8.217371438622701e-07
34:08:01;867;6.602287142856963e-07;1.4020761644915875e-06;1.9895106645666705e-05;4.886472231695067e-07;8.108954218806601e-07;9.116678626564966e-07;8.570464561879537e-07;7.50617394422322e-07;4.68723995374696e-07;4.311139025769961e-07;6.196660935890592e-07;6.997694185318825e-07;3.7890844720419897e-07;6.736085636757397e-07;8.32079558063273e-07;8.503993653960871e-07;2.0497547790069755e-06;2.187926307796479e-06;2.4953070434796382e-06;1.742535549148002e-06;7.992211318294353e-07;6.490420769497649e-07;1.5864671088164397e-06;1.3853710335084383e-06;6.313647148383812e-07;1.2028982840242458e-06;1.2446261261566524e-06;6.9790291334408825e-06;2.3755571853081786e-05;9.894377105819858e-05;3.083316601779955e-05;3.705461917159851e-05;8.393934609588203e-06;9.62040797684873e-07;2.0006653884227496e-05;1.9112008709211263e-06;9.27367079355409e-07;8.16139824451803e-06;8.125270275860252e-07
34:10:23;868;6.475155064255101e-07;1.384548073198132e-06;2.0906240451103896e-05;4.808079965279433e-07;7.409970621339503e-07;1.0873337664595406e-06;7.72557564587828e-07;7.729024529077513e-07;4.0024071370290604e-07;5.826426714024406e-07;7.362854255177353e-07;6.288818322259199e-07;3.477271905769832e-07;5.535130807840264e-07;6.662960974876145e-07;8.235004753271513e-07;1.987388459325947e-06;2.370341605133553e-06;2.386745147961409e-06;1.7450396535711166e-06;7.334645684733016e-07;7.691602719015591e-07;1.7053929684463376e-06;1.3170109717733954e-06;6.002259989962781e-07;1.1139662508211114e-06;1.0623401490365607e-06;6.8954481754246075e-06;1.9963815383219004e-05;0.00011488125362984678;3.077083667844295e-05;3.572664536087131e-05;8.705372588308253e-06;8.907613618084649e-07;2.1316283531970292e-05;1.8833537687329264e-06;8.945137731712336e-07;8.121595058837782e-06;8.250061026131581e-07
34:12:45;869;7.059550404455515e-07;1.4584360530845308e-06;2.023640242705757e-05;4.988698722805587e-07;1.0321643681976411e-06;9.439414374186454e-07;8.852133283357685e-07;9.082116361999485e-07;4.646856922686414e-07;4.020697086987662e-07;8.425033403854214e-07;5.862354994173363e-07;3.5733963919184286e-07;7.222801064718257e-07;8.279456328611187e-07;8.508308109026938e-07;2.2648227652006183e-06;2.234994405648937e-06;2.524380769949558e-06;1.917686336703729e-06;8.208258960517993e-07;6.386019196316404e-07;1.8269793965281437e-06;1.2879088847546858e-06;6.13070217759396e-07;1.266365813989978e-06;1.2547649334862134e-06;6.950127231645827e-06;2.1490096295564315e-05;0.0001058778117582257;2.9445785072182902e-05;3.495632832815188e-05;8.084670921290784e-06;9.35931569708257e-07;2.3474163648463866e-05;1.9383240196948183e-06;9.331405383100514e-07;8.065567919305457e-06;6.848818221468827e-07
34:15:07;870;7.136829864054758e-07;1.4528599194818526e-06;2.167465729615535e-05;4.855071893607807e-07;1.0761442905278655e-06;1.0331809575154176e-06;9.09610421247335e-07;6.650275730909786e-07;6.055856549962031e-07;5.795299281675558e-07;7.232421097165669e-07;7.465221815262556e-07;3.780876034475966e-07;7.487810921201866e-07;6.129766034555153e-07;8.325698478431518e-07;2.3140476750535228e-06;2.3000735249689006e-06;2.578160269531739e-06;1.6404029983151086e-06;9.345198291272556e-07;7.8561969540784e-07;1.701485039523539e-06;1.4296105143353377e-06;6.245916131751695e-07;1.273547571985592e-06;1.019690141156734e-06;6.955962740812269e-06;2.2226073771478493e-05;0.00011866697333622327;3.0918113124953345e-05;3.805279744367947e-05;8.849381055441981e-06;8.012860741265981e-07;2.1537497184649598e-05;1.8738269278765376e-06;1.0735768645061324e-06;8.222372671121929e-06;9.180263589945466e-07
34:17:28;871;6.557477825388311e-07;1.3927606074457223e-06;2.1144091511885065e-05;4.924140436815802e-07;7.826061072322623e-07;1.0308879321095012e-06;9.116667418560744e-07;6.079410229776659e-07;4.1966441784295355e-07;6.615890339405955e-07;6.347994658413696e-07;6.037797933541614e-07;3.2784157170824685e-07;6.195914843409867e-07;7.761915731566401e-07;8.391495073945269e-07;2.016080458493497e-06;2.3224158796806533e-06;2.5494559965029363e-06;1.5759302331406605e-06;7.424836914070292e-07;8.463402131918527e-07;1.6166047390194037e-06;1.2881647650449194e-06;5.763933544689211e-07;1.1636282944799618e-06;1.176479760419216e-06;6.92095684913226e-06;2.3146771689695782e-05;0.0001107148091472499;3.395045360176765e-05;3.729744097516363e-05;8.58134783636776e-06;8.662049899708023e-07;2.0483587891523047e-05;1.9045758931526062e-06;1.0553654994519374e-06;8.158711326616769e-06;6.488724425286357e-07
34:19:50;872;7.086229733100812e-07;1.4378413715912987e-06;2.0947124954602493e-05;5.074262929030934e-07;8.247651204824019e-07;1.1821412178036894e-06;9.104117725558777e-07;7.476350857596711e-07;4.4621865467255683e-07;9.268854787934024e-07;6.722621286718451e-07;6.091984174894094e-07;3.650248343387765e-07;6.148790865962378e-07;6.966273674681066e-07;8.450705006654533e-07;2.05667399883698e-06;2.437680051761036e-06;2.525526985111724e-06;1.7186393061889201e-06;7.813613250089222e-07;1.0761403298377594e-06;1.6403413750123047e-06;1.2941225144217402e-06;6.1075895859222e-07;1.1778007575817874e-06;1.0899797160486223e-06;6.986766589049053e-06;2.4513515679575316e-05;0.00010890560801332865;3.2762465635773506e-05;3.599759680926255e-05;8.202408806287994e-06;8.674031672144932e-07;2.119149284986412e-05;1.9568498265759796e-06;9.634592970668356e-07;8.321611333396203e-06;6.963214478352414e-07
34:22:12;873;6.651606758723005e-07;1.3977085766586979e-06;2.064602736421269e-05;4.309426686610607e-07;8.367012494565013e-07;1.0811774422010827e-06;9.084770681188171e-07;6.36162228955845e-07;4.0028508207047186e-07;7.903232317474362e-07;6.282458339415794e-07;5.894041211056007e-07;3.2817010458591705e-07;5.88968457317727e-07;7.630703890981749e-07;7.682244331532919e-07;2.101274207280433e-06;2.345168859737666e-06;2.5323414979251124e-06;1.6106548387113757e-06;7.367580110440031e-07;9.56847911104116e-07;1.5763793231322963e-06;1.2746267773913638e-06;5.730364584531897e-07;1.138713736209762e-06;1.158476462461306e-06;6.953795150609046e-06;2.2086593674151304e-05;0.0001088893592109388;3.148784624881288e-05;3.736817259139576e-05;8.337739648385452e-06;8.323943136774336e-07;1.97884242772604e-05;1.97893206387442e-06;1.0753815959735781e-06;8.168186935004528e-06;7.855026604686764e-07
34:24:34;874;7.388430394363674e-07;1.478136578964639e-06;2.188681822869011e-05;4.816955360243856e-07;8.745885517620748e-07;1.1063160160095331e-06;8.738752234969318e-07;8.585827448196167e-07;4.1602851848358696e-07;6.830975371614882e-07;7.563938046411584e-07;7.117568720667449e-07;3.6104815087140646e-07;7.930578714540363e-07;9.496754369564542e-07;8.413668367694886e-07;2.1337852955829348e-06;2.387813627229903e-06;2.4947629713730022e-06;1.8301899919744664e-06;7.47692124000826e-07;8.693965870821281e-07;1.737520760855924e-06;1.3761887728407278e-06;6.205721801299798e-07;1.3399301627066938e-06;1.358419097017114e-06;6.936640573244682e-06;2.20670546631165e-05;0.00012254408841967117;3.2465688342156456e-05;3.5866575984784904e-05;9.039073201724843e-06;8.195421282831049e-07;2.0977788144754666e-05;1.9937096798772734e-06;1.000829238377116e-06;8.206396634331127e-06;7.2443173395952e-07
34:26:56;875;6.866316853275252e-07;1.4179372138768703e-06;2.1170242209265725e-05;4.740756553787342e-07;8.081560973962418e-07;1.043971531283267e-06;9.329419363914646e-07;6.272885543122765e-07;4.365604512638041e-07;9.010726837808327e-07;6.94059793193702e-07;7.24120313529268e-07;3.510367994064012e-07;6.242560968352315e-07;6.220400724611285e-07;8.134307654904372e-07;2.0546252253092163e-06;2.3130567489163153e-06;2.5617172212473117e-06;1.593187494324722e-06;7.755351149010298e-07;1.0482740550816997e-06;1.6685138800162753e-06;1.3831024133812403e-06;6.056061789434042e-07;1.1809295294450392e-06;1.0172672818089844e-06;6.781777082799123e-06;2.1193845933495567e-05;0.00011621669002561109;3.0157210718329253e-05;3.7182564029345836e-05;8.550765024566365e-06;7.955025743750086e-07;2.1525900094277535e-05;1.8905125450572755e-06;8.76086040464702e-07;8.141134801058439e-06;7.309176418085325e-07
34:29:17;876;7.001910942767092e-07;1.4336726738442445e-06;2.2210311139988766e-05;4.439016519616504e-07;9.144468715179115e-07;1.2118458383044e-06;8.852597602042196e-07;6.29621170109764e-07;4.296191533838887e-07;8.713463037970179e-07;6.619547105205211e-07;5.976135913405239e-07;3.657526837962489e-07;6.829097504460177e-07;7.080214135787602e-07;7.868385474650978e-07;2.1631262724659343e-06;2.47062991081604e-06;2.5022639209953325e-06;1.614272622274959e-06;7.498617426796344e-07;1.033507551270143e-06;1.6394051372808001e-06;1.2835233344014365e-06;6.206795620251981e-07;1.2371423439663553e-06;1.1028209293059102e-06;6.890903819728818e-06;2.3745129493849763e-05;0.00012373378054509918;3.399625022036785e-05;3.6568544415509784e-05;8.490390898113425e-06;8.777038663516047e-07;2.0560454610131535e-05;1.930701923417598e-06;8.42565269803651e-07;8.109994292416962e-06;7.773143250749472e-07
34:31:39;877;6.842190003262452e-07;1.4230919794476616e-06;2.1027522007135085e-05;4.6244624776001975e-07;8.298235521761202e-07;1.1085039698276555e-06;9.101448405440299e-07;7.405856943052604e-07;4.2235533317189966e-07;6.898578966660099e-07;8.247864470996418e-07;6.885112649709672e-07;3.439893675561866e-07;6.294591017712166e-07;5.601640587746007e-07;8.21393092996626e-07;2.0645971022255437e-06;2.3735979098840093e-06;2.521811415757424e-06;1.7231075234225432e-06;7.649578278716622e-07;8.789311049774449e-07;1.8055677585408962e-06;1.3656462110242202e-06;6.034235942087998e-07;1.1818555756552178e-06;9.72214367340965e-07;6.850623508395631e-06;2.334078353054381e-05;0.00011177534534764781;3.1644153499570155e-05;3.556428844563736e-05;8.071798148670563e-06;8.369041289652269e-07;2.253420701907063e-05;1.8737449005326e-06;9.585637389581145e-07;8.121573049217088e-06;7.582787684119916e-07
34:34:01;878;6.501124085128202e-07;1.389212231135642e-06;2.1740048112556465e-05;4.518715105932875e-07;8.950814751203366e-07;1.023031447192321e-06;7.908753404899987e-07;6.303267964146254e-07;4.4856550522483346e-07;5.888400917369357e-07;6.679050476324474e-07;6.262279502632463e-07;3.374103316138905e-07;6.114861644106058e-07;7.297270071840697e-07;8.044702625122941e-07;2.1397374779023924e-06;2.2908797351606786e-06;2.411662852047144e-06;1.6176428862078715e-06;7.837637325982414e-07;7.967870113686872e-07;1.6281622242498583e-06;1.3050387569589325e-06;5.91378942530516e-07;1.1714824223371912e-06;1.129540176902359e-06;6.97997623888836e-06;2.3710035432345587e-05;0.00011677891903836275;3.334028401781924e-05;3.7298352226265117e-05;9.269929243754801e-06;8.50906666123314e-07;2.081386137371934e-05;1.8992888211145112e-06;8.897249016914377e-07;8.243944937967917e-06;8.053544526252057e-07
34:36:23;879;6.999188265733768e-07;1.4364652082504913e-06;2.1479141898051847e-05;4.860414974535003e-07;8.200123340755412e-07;1.098185196920812e-06;8.644061050782687e-07;7.375431616753823e-07;4.2851921338621873e-07;5.286525952754382e-07;7.242943790589348e-07;6.770109272383448e-07;4.092338612830689e-07;6.954587997003032e-07;9.296675988227062e-07;8.40004658348795e-07;2.047697844491152e-06;2.36801429453615e-06;2.4750374185587826e-06;1.710760256809742e-06;7.607526031912315e-07;7.252692340369069e-07;1.712551205498671e-06;1.3621227486809507e-06;6.717272467655295e-07;1.2256016181904843e-06;1.3380429698349583e-06;7.111371469870968e-06;2.2006107378183933e-05;0.00011825811554643874;3.247570563085907e-05;3.541056569084713e-05;8.275410477564964e-06;8.381197426083685e-07;2.1604648817901673e-05;2.0038733072838715e-06;8.918783601926643e-07;8.158603150873561e-06;7.153032039972434e-07
34:38:44;880;6.447603188322856e-07;1.3836420365909294e-06;2.0425965934355347e-05;4.46247077371095e-07;6.993351443798898e-07;1.049302251148793e-06;8.440122335170744e-07;6.296079972126475e-07;4.080709960648092e-07;7.600731982794106e-07;6.466518602204535e-07;6.436380275622675e-07;3.5018861055391426e-07;6.777457586260027e-07;5.822504237539373e-07;7.914472528486667e-07;1.947474078394718e-06;2.3260358671859072e-06;2.4617214994347556e-06;1.6311140950763936e-06;7.426270127337064e-07;9.361639800467453e-07;1.6180544807693993e-06;1.3322234255173488e-06;5.974774203826235e-07;1.2259296176689762e-06;9.934352416926634e-07;6.9031530892785966e-06;2.267911827352267e-05;0.00010621968107757042;3.0610672968919936e-05;3.5956335847702804e-05;8.522664059813793e-06;8.674997781838089e-07;2.1397817593326048e-05;1.9651798967393778e-06;9.360578299732491e-07;8.214700451209807e-06;8.387103460236602e-07
34:41:06;881;6.339999185039408e-07;1.3743214341519877e-06;2.1989727510403258e-05;4.5470271447068844e-07;8.011503815907872e-07;1.0309170225365383e-06;8.635978621511371e-07;6.44405943313457e-07;4.11752589398033e-07;6.303403051239281e-07;5.813039420730284e-07;6.094486454086027e-07;3.635578748152245e-07;6.589777444529236e-07;5.578437735984856e-07;8.083907369215426e-07;2.0365199747221262e-06;2.3336550266552117e-06;2.4881002117800114e-06;1.628178019524932e-06;7.450415855341989e-07;8.142546565217851e-07;1.5582164066956143e-06;1.2874068134587554e-06;6.022857415050394e-07;1.2223109713805927e-06;9.67496598144563e-07;6.961984882413814e-06;2.1938145716930522e-05;0.0001234528144259688;3.268646124518662e-05;3.71114454162372e-05;8.38461185746039e-06;8.560782008388136e-07;2.0502450600793377e-05;1.9222173595810095e-06;1.0118599971328745e-06;8.352441680618566e-06;6.962187416771761e-07
34:43:28;882;6.819937766037882e-07;1.4114353240374035e-06;1.9890855672708766e-05;4.670682150941342e-07;7.941575956041643e-07;9.66302845335902e-07;9.325550546728839e-07;7.457333595488209e-07;4.222856557363612e-07;1.0072684115882489e-06;6.487808832389419e-07;6.140202341727146e-07;3.4428358945555587e-07;6.084746832249718e-07;6.329945381593078e-07;8.106779923361466e-07;2.008873592256097e-06;2.246472495013982e-06;2.540776380602104e-06;1.7135775069503705e-06;7.520205611088593e-07;1.1346384516273939e-06;1.6217272261627254e-06;1.3029560666180697e-06;5.93754548807611e-07;1.1695080705159185e-06;1.0422406276868773e-06;7.101728557299132e-06;2.3056756990109574e-05;0.00010090065443717227;3.2419636077881294e-05;3.489370749859936e-05;8.20425188141744e-06;8.657395347535143e-07;1.960587834144405e-05;1.9223088892113997e-06;9.456252621683902e-07;8.01549311804645e-06;7.584874844022939e-07
34:45:50;883;7.043693715564298e-07;1.4339531766888251e-06;2.0336348588487306e-05;4.605353441226741e-07;8.761080074748406e-07;9.111006103911347e-07;8.435625553234032e-07;7.3706609038382e-07;4.0943745081214256e-07;9.713052887852767e-07;7.655572582330386e-07;6.441075614689722e-07;3.8199479418016774e-07;7.833003264598207e-07;6.683569346854767e-07;8.125867205889554e-07;2.111097085363798e-06;2.170030911599232e-06;2.4685318691543998e-06;1.7174453677387048e-06;7.440357692993979e-07;1.1119884808395691e-06;1.736868666106418e-06;1.3242735503175753e-06;6.265746217454589e-07;1.3121079880103843e-06;1.071896660298218e-06;6.930848303777157e-06;2.2609688227555803e-05;0.000105368421402379;3.063516014648199e-05;3.5924215300564646e-05;8.39245776731059e-06;7.853827953595009e-07;2.1222534282496376e-05;2.0117806658360973e-06;9.661737328672706e-07;8.277797377094834e-06;9.117230601244144e-07
34:48:12;884;6.250349313674519e-07;1.3661186726552197e-06;2.1579260205192823e-05;4.778893747796205e-07;7.189461368865708e-07;1.0108093660673747e-06;8.243511129067052e-07;6.534107023528887e-07;4.561833043032431e-07;4.411400703114248e-07;7.500317995366081e-07;6.297470852264811e-07;3.3272542400052496e-07;5.881927271709422e-07;6.169918495709097e-07;8.288940487350201e-07;1.9546579007418343e-06;2.297180187753516e-06;2.4472607193170984e-06;1.6229253447628379e-06;7.794653167302731e-07;6.639236545065097e-07;1.7455890567269975e-06;1.3107995359744944e-06;5.858337702429248e-07;1.1380923800786576e-06;1.0188018267445508e-06;6.894541688761519e-06;2.1833754668662915e-05;0.00011995083050003357;3.207583746076242e-05;3.558933070492039e-05;8.950174898616629e-06;8.962123734948923e-07;2.1036632947241894e-05;1.9721636681497303e-06;1.0018924227940546e-06;8.110863285115994e-06;6.388878437598739e-07
34:50:33;885;6.748395811455183e-07;1.4142055009916143e-06;2.1501920388150534e-05;4.4178150136111394e-07;7.727632147917647e-07;1.0257494490159305e-06;8.811494873548689e-07;7.092469171157941e-07;4.4543634780680463e-07;7.887806045497375e-07;6.839055185604469e-07;6.077265800496047e-07;3.2834848448262927e-07;7.233232568863586e-07;6.898633828229932e-07;7.854247365121179e-07;2.0232319606800013e-06;2.293936335309475e-06;2.525437894925019e-06;1.6888342643113314e-06;7.892948210293888e-07;9.776883993703151e-07;1.6693932282785543e-06;1.28102294782573e-06;5.851890190875058e-07;1.2598472755046174e-06;1.0911646926661555e-06;6.933211663926792e-06;2.2401869427632276e-05;0.00011853113719212876;3.271610228289497e-05;3.566416666749742e-05;8.58391673564131e-06;8.51130593985799e-07;2.0487921599903135e-05;2.06641155385029e-06;1.0505687707257249e-06;8.072563209987213e-06;6.640449596327123e-07
34:52:55;886;6.208113493176949e-07;1.3618343884929023e-06;2.0547258050131927e-05;4.452362835991799e-07;8.566001799194887e-07;8.527875592356793e-07;8.605632014667787e-07;7.07917025000171e-07;4.133436709271879e-07;5.868498337381244e-07;6.811436392291497e-07;5.944373714069943e-07;3.374750026500935e-07;6.298755228910253e-07;4.83506689756426e-07;7.946482230492413e-07;2.084692642377296e-06;2.1336393562210737e-06;2.4946345901517368e-06;1.6874968411995517e-06;7.514768243064409e-07;7.902925349183913e-07;1.6602192991291603e-06;1.2844340372057444e-06;5.881778730338427e-07;1.1904136185933831e-06;8.81886248977555e-07;6.952352108162638e-06;2.2229390756468388e-05;0.00010780318208889101;3.211610651298323e-05;3.6252770045537065e-05;8.360375321965079e-06;9.080958126528629e-07;2.0308294152559406e-05;1.9106799862671375e-06;8.484233653412267e-07;8.136785060777664e-06;7.406413899774679e-07
34:55:17;887;6.641068311840183e-07;1.4006428468919579e-06;2.0531202608867343e-05;4.5624077243450695e-07;8.785867299950083e-07;8.799119251405458e-07;8.359731366137556e-07;7.599118253038223e-07;4.094074850449012e-07;7.48384968097714e-07;7.54032841054908e-07;7.307225361766453e-07;3.2382752275643284e-07;6.341550565477664e-07;5.581269499495405e-07;7.992384787859366e-07;2.1142659404717905e-06;2.1550055079606415e-06;2.465295252373904e-06;1.7395618324602005e-06;7.483366844789538e-07;9.453382344268396e-07;1.7174043512545434e-06;1.395431786908997e-06;5.763748123615498e-07;1.182490860582554e-06;9.689700882115142e-07;6.851881949276986e-06;2.383713766875006e-05;0.00010572405724794887;3.25293644442432e-05;3.637418961700799e-05;8.17392745605239e-06;8.777684418174861e-07;2.055080342078455e-05;1.840100868218607e-06;8.74833760853679e-07;8.066134627320438e-06;6.742318041338417e-07
34:57:39;888;6.337411297963058e-07;1.3726988337238472e-06;2.050581975925697e-05;4.4570470950330593e-07;7.598577356417799e-07;8.803889467143026e-07;8.199014762072016e-07;7.790813637049093e-07;4.0608809761331277e-07;6.342109398053837e-07;7.217861479008098e-07;6.150119915963743e-07;3.887613627987205e-07;5.747735912270907e-07;5.7932695271293e-07;7.875646958779461e-07;1.988145225115221e-06;2.149070821901602e-06;2.439740442932356e-06;1.7895185243404844e-06;7.420875294739537e-07;8.318664033393799e-07;1.6980583304354661e-06;1.2922651585886112e-06;6.459515333650024e-07;1.1259299758191297e-06;9.821870048078462e-07;6.914787718051478e-06;2.145733494649519e-05;0.00010833669206298995;3.093397526973626e-05;3.626173984421952e-05;8.040344607320977e-06;8.561242816127281e-07;2.1708307099533018e-05;1.9237749189127817e-06;9.24586333063002e-07;7.872112066369576e-06;8.400579627791418e-07
35:00:01;889;6.526408984151224e-07;1.3906195979157192e-06;2.088275108585149e-05;4.398937982965443e-07;7.8478169546708e-07;1.0868067559435055e-06;8.051344064583723e-07;6.366150219104906e-07;4.23646500546937e-07;7.253180602997198e-07;6.079783015619259e-07;5.652275079900707e-07;3.949929356322263e-07;5.981689192857687e-07;7.631266625890926e-07;7.838487505655911e-07;2.039326131401865e-06;2.3517452489936142e-06;2.431268994826761e-06;1.6099396801460966e-06;7.555457604143203e-07;8.99598991799958e-07;1.5890640414207016e-06;1.2572331459673075e-06;6.439692432523552e-07;1.1535062127867478e-06;1.1723885582404928e-06;7.04962571477884e-06;2.3386896483331315e-05;0.0001096225377758562;3.258095050630094e-05;3.67647903476051e-05;8.515661259180722e-06;8.612466866872055e-07;2.0183389708758553e-05;1.8752079591217233e-06;8.938805666430634e-07;8.175225539164946e-06;6.836004827892243e-07
35:02:23;890;6.547716639589267e-07;1.3940189566848766e-06;2.0535863979334547e-05;4.389619270900818e-07;8.257442400153278e-07;9.94003336287428e-07;8.259333178192466e-07;7.271750661821195e-07;4.141936472589304e-07;7.202211093777904e-07;6.910287926522394e-07;5.538638307585457e-07;3.20808391528583e-07;6.449641641365583e-07;7.003619347094188e-07;7.844960312531493e-07;2.0697448292859136e-06;2.2664231549622603e-06;2.460715922086221e-06;1.728877765068503e-06;7.322955684541532e-07;8.826486142033554e-07;1.6631135213749904e-06;1.2472291050298851e-06;5.829778288017811e-07;1.193863714071327e-06;1.1158410043380966e-06;6.925608410295378e-06;2.4233551706535034e-05;0.00010550869704420726;3.165744679568028e-05;3.604458587772392e-05;8.337176914549726e-06;9.135172752309887e-07;2.1014715110430306e-05;1.9291160061111126e-06;9.444661148195012e-07;8.167261406584536e-06;7.542250898464562e-07
35:04:44;891;6.098341676489967e-07;1.3478109673962559e-06;2.0594542758627606e-05;4.0548837608834665e-07;6.755379410608694e-07;9.540374236878661e-07;7.994790841469136e-07;6.240418781722212e-07;4.250294029859638e-07;7.353458770786858e-07;5.816297277744747e-07;5.682154315552039e-07;3.1670971433296235e-07;7.193160189913137e-07;5.131789167753001e-07;7.489162222019688e-07;1.9131352079471703e-06;2.2472676150007115e-06;2.432069981917761e-06;1.5839660221312833e-06;7.58873813791507e-07;8.992260273783048e-07;1.5554170741042866e-06;1.2585101751051586e-06;5.778633396714006e-07;1.278874234933166e-06;9.196113970125524e-07;6.7797034594463445e-06;2.424041822631879e-05;0.00010583084352569314;3.309481021732692e-05;3.5068803437270575e-05;8.518670406686534e-06;8.936110235502372e-07;2.0749351661578815e-05;1.997735672360716e-06;9.655643255103536e-07;8.270564600257647e-06;7.244365475312695e-07
35:07:06;892;7.002320235568763e-07;1.4394924599262687e-06;2.1088480033647854e-05;4.619677743778926e-07;7.826047731882759e-07;1.4474994839924256e-06;8.118640437906131e-07;7.722783641674689e-07;4.3885775034204566e-07;6.679019702153384e-07;7.708494043483101e-07;6.523754459874066e-07;3.288571792457098e-07;6.432979466695279e-07;6.244299248175428e-07;8.032092517059706e-07;2.033714275667886e-06;2.7123634225385496e-06;2.4348408812870674e-06;1.7601244916811165e-06;7.767850991633997e-07;8.612926136910446e-07;1.7407063797357215e-06;1.3216419151658671e-06;5.881033858494897e-07;1.2008193237629193e-06;1.0403078787723782e-06;6.938952453361295e-06;2.030544638310658e-05;0.00011743329659673685;2.9569586831417597e-05;3.5963006658167915e-05;8.389622621324762e-06;8.794524027623853e-07;2.1642105462446007e-05;1.9245786389742624e-06;1.0521504376938237e-06;8.2197261628693e-06;7.438357549134904e-07
35:09:28;893;6.744737817951122e-07;1.4089981746858743e-06;1.9586134819121313e-05;4.560153323234834e-07;7.64908118824146e-07;9.036104802588469e-07;8.851433133924306e-07;6.838060809305996e-07;4.136449555002354e-07;6.224417152003977e-07;6.998636903545539e-07;6.346936367181271e-07;3.4083216673217653e-07;9.09940225875387e-07;7.787854593130109e-07;7.96294913934156e-07;1.99685115160408e-06;2.179628184628971e-06;2.5066398525786662e-06;1.6561398757702696e-06;7.482833243384563e-07;8.26911969806467e-07;1.6586776494857732e-06;1.3120322884062744e-06;6.030973288143517e-07;1.4462558280534216e-06;1.1771652488784605e-06;6.6921767156439614e-06;2.3072912758362797e-05;9.765055550493552e-05;2.9377328405913354e-05;3.643740174061151e-05;8.216909226867982e-06;9.291979791926912e-07;2.0859870338450098e-05;1.8737326811649273e-06;9.202534621272138e-07;8.156541530163276e-06;8.467374860224483e-07
35:11:50;894;6.346930573835669e-07;1.3736779896756656e-06;2.0657385022982957e-05;4.343364611000569e-07;7.292087301668072e-07;1.1671971083386397e-06;8.082074016903882e-07;6.471698983177212e-07;4.265629083086899e-07;4.6578617053271254e-07;7.337439031716222e-07;6.35422851225087e-07;3.2079238057844156e-07;7.023362294573071e-07;5.455524163735312e-07;7.785470235307048e-07;1.967687930567691e-06;2.4448618349404432e-06;2.419269445523195e-06;1.634766306324309e-06;7.589264292112637e-07;6.894754775099569e-07;1.7049144979622884e-06;1.3103100810394031e-06;5.845192064602019e-07;1.2338107763707163e-06;9.570464255916646e-07;6.9341793224889114e-06;2.265188104873165e-05;0.00010879499074304383;2.950309852438839e-05;3.7276961311717566e-05;8.568429832907589e-06;9.0562453323058e-07;2.157010987091581e-05;1.8527864761621574e-06;9.104676313791434e-07;8.138093022487598e-06;7.819979583422407e-07
35:14:11;895;6.106400709526838e-07;1.3485967190119274e-06;1.9828874579871903e-05;4.854568261522277e-07;7.155512794812776e-07;8.23656352011426e-07;7.827328568733481e-07;6.378772983352896e-07;4.233329757448571e-07;6.744719358171962e-07;6.722359141665312e-07;5.911113100412732e-07;3.3148256834374995e-07;5.756900148509462e-07;6.140813068953512e-07;8.245685581307873e-07;1.9555413165464782e-06;2.1084293460066703e-06;2.4196711327804915e-06;1.623367674704851e-06;7.58670517621173e-07;8.5633557579415e-07;1.634373720489863e-06;1.269316123421337e-06;5.81039151982139e-07;1.129682286888585e-06;1.0221648244335979e-06;6.915839737864234e-06;2.2433358898929046e-05;0.00010006107148228633;2.909447318659535e-05;3.6935389689306754e-05;8.565824863251073e-06;9.639576858460537e-07;2.1337338457859195e-05;1.8768182390360992e-06;9.66172672610392e-07;8.005139443970655e-06;7.911106009076907e-07
35:16:33;896;6.800050228764317e-07;1.4155712296076074e-06;2.0017214347163142e-05;4.3101923888596877e-07;8.719840771059301e-07;9.534908927865228e-07;8.126891742999863e-07;7.82207078906729e-07;4.0760637249286963e-07;8.398600992846768e-07;6.400542218656178e-07;5.691318006368301e-07;3.3152256116088874e-07;7.345621754902125e-07;7.85932373646083e-07;7.797280747144202e-07;2.1075540278708347e-06;2.2247970344876736e-06;2.4282966020869427e-06;1.786618522773891e-06;7.34764787567437e-07;1.0149601905595773e-06;1.6059899997321448e-06;1.2419396011288963e-06;5.770950742426297e-07;1.2790916336679045e-06;1.20601875530927e-06;7.071869071208177e-06;2.454205442648651e-05;9.908195288046093e-05;3.196630104273365e-05;3.6016540964611176e-05;8.1497573371097e-06;9.589920086759849e-07;2.0698069284913328e-05;1.8181818048143295e-06;9.12716456862405e-07;8.221640451246437e-06;7.684964368350563e-07
35:18:55;897;6.143998122790347e-07;1.354330363569658e-06;1.9916542767187254e-05;4.4327798978924e-07;7.24273773117739e-07;9.71352252369813e-07;8.251956491456269e-07;6.152518560882796e-07;4.109303786742851e-07;5.316726706773199e-07;7.579542415117854e-07;6.120986872915068e-07;3.166044088110841e-07;6.794231255582226e-07;4.84762492531326e-07;7.832508873158261e-07;1.955300402624755e-06;2.259449467624396e-06;2.4571160111008794e-06;1.5964252634436394e-06;7.465934450471039e-07;7.48552069229776e-07;1.731933598190913e-06;1.2909975172493157e-06;5.731819473849215e-07;1.2274848305838256e-06;8.816784589392148e-07;7.071814279502892e-06;2.5004028702480076e-05;9.528170872746885e-05;3.245353278424627e-05;3.688908277094004e-05;8.475149910494767e-06;9.425781647933342e-07;2.1173734785139657e-05;1.8733133446480065e-06;9.117461432805854e-07;8.079290074190427e-06;8.425335190621415e-07
35:21:17;898;6.252926516771915e-07;1.3590662665362139e-06;2.107003216478028e-05;4.2213129238597635e-07;7.412371768095677e-07;9.006779918249467e-07;9.349128555768971e-07;6.196647998360757e-07;3.8194669782498636e-07;7.619712893374758e-07;6.255394497339301e-07;6.014581657367366e-07;3.1892924941394213e-07;5.940345602891998e-07;6.010080520934092e-07;7.609282364038463e-07;1.982517650377085e-06;2.1712471434626952e-06;2.5589272843694458e-06;1.6110888900210382e-06;7.1247775697228e-07;9.219143599187225e-07;1.5950435200938035e-06;1.2726971044973157e-06;5.748998846597773e-07;1.1449830091080485e-06;1.0020697893967827e-06;6.98585251358522e-06;2.3734041867074433e-05;0.00011010623203703838;3.6378634772225454e-05;3.4647770008717645e-05;8.218913431496192e-06;8.983817303077596e-07;2.0003277425159574e-05;1.9434709913857422e-06;8.323185900673757e-07;8.197975652458344e-06;8.935169578471966e-07
35:23:39;899;6.75996630389813e-07;1.4157544352270587e-06;2.0362097991223564e-05;4.288973902901525e-07;7.653236414707397e-07;1.2395234638292023e-06;7.966499791158619e-07;6.72741196891283e-07;3.9151034204497714e-07;8.126984430473722e-07;7.114504629060744e-07;6.087659969254069e-07;3.9224142134308693e-07;6.724647425167389e-07;6.196922588812144e-07;7.790350876008763e-07;1.9986410055175437e-06;2.517175203195885e-06;2.4380197782527e-06;1.6442033377562795e-06;7.322554251280778e-07;9.854457016588847e-07;1.6823869934422517e-06;1.3016524361992658e-06;6.548833304166208e-07;1.2236842529759248e-06;1.031670072285423e-06;6.937563079015233e-06;2.2429354661851114e-05;0.0001052667093295513;3.1395073384228964e-05;3.597809196274793e-05;8.311495108545247e-06;8.651561522993319e-07;2.1437890280849928e-05;1.8094382747593834e-06;9.55907749708873e-07;8.137086012483782e-06;8.214098986416881e-07
35:26:00;900;6.694490502148007e-07;1.402985234666561e-06;2.086060628824215e-05;4.2995850693924614e-07;7.87128477831477e-07;1.0792562232999423e-06;9.613404403035537e-07;6.211332873494836e-07;4.2294639275701357e-07;7.201098544129536e-07;6.709575055148647e-07;6.372793338694681e-07;3.4398526185051215e-07;6.561477404238242e-07;7.031453425974312e-07;7.645863068411259e-07;2.0319743230808128e-06;2.3268180513373925e-06;2.6068912215514847e-06;1.6023847138058045e-06;7.551903879514992e-07;8.911141138970045e-07;1.6339255612192689e-06;1.316346071424833e-06;5.913815123567244e-07;1.213169997023399e-06;1.1020402691336799e-06;6.995710005446914e-06;2.348578181303061e-05;0.00010801465876745633;3.363641369475029e-05;3.629863368420508e-05;8.586735211750018e-06;8.447473133754116e-07;2.0633789389471772e-05;1.939421767726524e-06;9.175486697631475e-07;8.20181368305381e-06;7.720214588758844e-07
35:28:22;901;6.373955668724885e-07;1.3744522157485104e-06;2.0000906923572135e-05;4.2311290483386765e-07;7.176595995452637e-07;8.295672035368346e-07;7.946049431369189e-07;7.716531849459458e-07;4.190931789281972e-07;5.797874478499019e-07;8.431701723891778e-07;5.722824469665191e-07;3.4687167754283105e-07;6.101632280239048e-07;7.407805765570107e-07;7.698132398091511e-07;1.9632921181784947e-06;2.10351115986703e-06;2.4216942893538463e-06;1.754597126853673e-06;7.514747801019727e-07;7.740280595147782e-07;1.8158815522193562e-06;1.2728969753120106e-06;5.915343304918046e-07;1.1524577841348357e-06;1.1222446047109838e-06;6.889467263463009e-06;2.1981905064846604e-05;0.0001032540835752982;3.165774199922923e-05;3.400690060292324e-05;8.13492368567104e-06;9.460404126850458e-07;2.1471822489540937e-05;1.92524524319426e-06;8.640543498972938e-07;8.050379236091661e-06;8.283191600251363e-07
35:30:44;902;6.373188362506322e-07;1.3722252244314163e-06;2.103517307272972e-05;4.1470296425155145e-07;8.413463638506419e-07;1.0541278323763301e-06;8.617684936560657e-07;6.286656428161114e-07;4.678045306683032e-07;6.11203642364444e-07;6.9126444960074e-07;5.930125211086399e-07;3.298761683004611e-07;6.006093745176083e-07;5.534438049868065e-07;7.523056362509734e-07;2.066670198980284e-06;2.3127479222193293e-06;2.4791584642519445e-06;1.6079689407600694e-06;8.002039189244598e-07;8.109600223978984e-07;1.6736272225645297e-06;1.2826855444346402e-06;5.830993319693645e-07;1.14157269394979e-06;9.55702182348927e-07;6.9003789720742505e-06;2.388060252028115e-05;0.00011019400188584663;3.248542420703416e-05;3.697749694104027e-05;8.738412663101083e-06;8.695575276700313e-07;2.0849218987466693e-05;1.793034634508052e-06;8.665859388772341e-07;8.078331571209624e-06;7.890310236474811e-07
35:33:06;903;6.891433362551683e-07;1.4253426478475536e-06;2.0480839979341715e-05;4.60710558955216e-07;7.681011098270574e-07;1.0531433310070135e-06;8.093675065914205e-07;6.301622125529346e-07;4.044645133765618e-07;8.527652974674929e-07;7.286109241600901e-07;6.980870823221479e-07;3.2652539010010045e-07;6.074044785929867e-07;9.30377406913798e-07;8.092628711063851e-07;2.021333707086307e-06;2.3359668499393545e-06;2.4250315276201693e-06;1.599016150138699e-06;7.378357241301458e-07;1.0202288124190413e-06;1.6996817259519336e-06;1.372346257741373e-06;5.802617926856559e-07;1.1745849167111166e-06;1.3285610536881962e-06;7.0150740084947855e-06;2.4406343492799108e-05;0.00010587065493928742;3.170373774547083e-05;3.523827689766217e-05;8.283289696311143e-06;8.311354509859751e-07;2.0577271185261126e-05;1.8824454087366213e-06;1.0214790736150784e-06;8.180952599660958e-06;7.594192538153957e-07
35:35:28;904;6.601959372722697e-07;1.3953920116260702e-06;2.002613181713308e-05;4.4075380474643694e-07;7.306087167984804e-07;1.0332534231852462e-06;8.820392118509672e-07;8.185586279099962e-07;3.9511282524561475e-07;6.263606666263981e-07;7.771512537340702e-07;5.812074924772436e-07;3.325063386446074e-07;6.899264809961442e-07;6.148721684534114e-07;7.855836750284744e-07;1.97370710897234e-06;2.298433280055731e-06;2.4996962087865126e-06;1.8118127132489646e-06;7.305061879960013e-07;8.030070449145754e-07;1.7485279276795005e-06;1.2690391347952086e-06;5.766886337242576e-07;1.2219374467994259e-06;1.025764167704288e-06;6.918031373776079e-06;2.252498215970373e-05;0.00010201121407870639;3.166624861869801e-05;3.501632264634483e-05;7.963199972771747e-06;9.298314839922757e-07;2.1524293577214103e-05;1.8418839780890575e-06;9.925501514749195e-07;8.204035964553433e-06;7.209878002723461e-07
35:37:49;905;6.406046640221192e-07;1.3815183822921023e-06;2.0341973225020485e-05;4.1520827796161863e-07;8.894035288455691e-07;9.200100043410037e-07;8.49002425857231e-07;5.981470936333722e-07;3.999433641639753e-07;6.836914218201106e-07;6.647641388468628e-07;5.704433083473439e-07;3.168806259410608e-07;5.771968493868811e-07;8.025647118194776e-07;7.591446813168221e-07;2.1390682236357597e-06;2.204889748226597e-06;2.4748629711430574e-06;1.5850292005710846e-06;7.33184678314432e-07;8.693612196825425e-07;1.646909083774517e-06;1.260800565542243e-06;5.663592390456997e-07;1.1316217404483618e-06;1.2069886198804841e-06;6.81432843922848e-06;2.343333718634573e-05;0.00010423970348523589;3.163142262458294e-05;3.648480406816264e-05;8.206361814714566e-06;9.01434562827721e-07;2.06249129331125e-05;1.9064699045168817e-06;9.144661420601567e-07;8.212245678803617e-06;7.341918606547423e-07
35:40:11;906;6.366451587328211e-07;1.3824741590494191e-06;2.1053154732584696e-05;4.6363620122911375e-07;7.427742389235189e-07;1.0313274421136498e-06;8.6765800112364e-07;6.589399262195301e-07;4.1320483081606274e-07;3.9770322184990386e-07;6.480072850433384e-07;6.916680655292979e-07;3.453333084541493e-07;6.664303976545615e-07;7.130587639943413e-07;8.162213762146546e-07;1.9942200021398115e-06;2.315924847653726e-06;2.5105208938448068e-06;1.6565221952515468e-06;7.479576378114825e-07;6.165960592515827e-07;1.61726586683575e-06;1.3765439226068637e-06;6.056012828542441e-07;1.2072699149352438e-06;1.12504535910732e-06;6.884958252078561e-06;2.1823787841850678e-05;0.00011291693412781587;3.181979563292298e-05;3.689964114422109e-05;8.521303114592291e-06;8.73428597710593e-07;2.1140216350114813e-05;1.88503795515133e-06;9.540533418240372e-07;8.21678384989099e-06;7.019165828430964e-07
35:42:33;907;6.021926285303504e-07;1.3473108057513844e-06;2.070320024451568e-05;4.0683708761464615e-07;7.577471040934566e-07;8.905480863852233e-07;7.748458476861877e-07;6.545365566313809e-07;3.9412600272292764e-07;6.17919721653108e-07;6.898659010510435e-07;5.704933107334139e-07;3.1394285861872295e-07;5.62010420989235e-07;5.934384165083951e-07;7.582020710063411e-07;2.014660381812778e-06;2.173313149900354e-06;2.408020320010248e-06;1.6514845951198506e-06;7.277538415271206e-07;8.09783860467742e-07;1.6792321714633487e-06;1.2595027122855914e-06;5.694715065302158e-07;1.1212013308217644e-06;9.951033557108877e-07;6.972988794664571e-06;2.2156121652910503e-05;0.00011031850848728378;3.0863276111744226e-05;3.634940601141523e-05;8.269559477172202e-06;8.905998945822242e-07;2.086990511073348e-05;1.8566732333628394e-06;9.610886332202084e-07;8.238996020571955e-06;6.91279506526908e-07
35:44:55;908;6.259013928558684e-07;1.3579927289229782e-06;2.0387866067268984e-05;4.641252351737664e-07;7.047823139639707e-07;1.067762783887619e-06;7.746219197392954e-07;6.090306709051095e-07;3.8111264207123113e-07;7.352961803874791e-07;6.477363632532858e-07;6.003278153375969e-07;3.140455532190213e-07;5.811460397353585e-07;6.308289817382537e-07;8.050678548563985e-07;1.927168872371803e-06;2.351811362926508e-06;2.396040936449176e-06;1.5882306902773351e-06;7.145588348308431e-07;9.061234715018951e-07;1.603270001845586e-06;1.2772382280926178e-06;5.608379665375916e-07;1.1354821511511407e-06;1.030081979410216e-06;6.926417539411195e-06;2.1972688399211467e-05;0.00010707953657561275;3.093886674624065e-05;3.59642427098454e-05;8.124982034881383e-06;9.335737995030414e-07;2.0725242869333344e-05;1.919709996929345e-06;9.784050195083501e-07;8.282040698429174e-06;8.086864183216658e-07
35:47:17;909;6.098907694833273e-07;1.3548736384293562e-06;1.9524568854737e-05;4.322334314708278e-07;7.565372992311061e-07;9.213263811667296e-07;7.905431052002143e-07;6.938765426880231e-07;4.3413062797173746e-07;6.841993523864044e-07;6.317564337928032e-07;5.689304017796427e-07;3.124786828481971e-07;5.747221420387466e-07;5.179545993317835e-07;7.778465395617038e-07;2.0034416567358663e-06;2.2117001409714236e-06;2.430367121460337e-06;1.6885617832244112e-06;7.613060972744279e-07;8.802091400279488e-07;1.6114041051268136e-06;1.2618258524468464e-06;5.745866482806079e-07;1.134620704968118e-06;9.226135987290358e-07;6.927201077144793e-06;2.2340049137332532e-05;9.774393622845112e-05;3.0985448862295256e-05;3.547934273486156e-05;8.102142421833356e-06;8.692892833400351e-07;2.0240873327772085e-05;1.903768209906302e-06;9.18656618465687e-07;8.022596797979195e-06;7.615215574620976e-07
35:49:38;910;5.763449526922799e-07;1.3206368659574523e-06;2.0157512085622042e-05;3.937525484655101e-07;7.838975058566627e-07;8.464922133749103e-07;8.079066381550991e-07;5.972367536683459e-07;3.788072608317867e-07;4.368239465096286e-07;6.559781461861808e-07;5.696313228785822e-07;3.204460781977306e-07;5.687442324774462e-07;5.56422567698046e-07;7.328867105092907e-07;2.026471793790653e-06;2.1289663738824382e-06;2.447069260608858e-06;1.580894009141301e-06;7.129441478700525e-07;6.488417754922069e-07;1.637160482770716e-06;1.2627113124559584e-06;5.750148011861423e-07;1.1260305174363555e-06;9.686508598884136e-07;6.925414623572696e-06;2.2084748447078223e-05;0.00010270635974860783;3.0949968259527784e-05;3.642524075472521e-05;8.002814522979379e-06;9.74904724967151e-07;2.206252592060395e-05;1.8780642192973037e-06;9.267317958511849e-07;8.236225501772732e-06;7.171465084810397e-07
35:52:00;911;6.236697597149611e-07;1.3633301547042143e-06;2.0401033964853648e-05;4.2402502638387446e-07;7.733601130397652e-07;1.0745308854415663e-06;8.280482217479992e-07;6.051110469665585e-07;3.951481985458633e-07;5.842472919197079e-07;6.808769349139513e-07;6.155955848912759e-07;3.342366327546193e-07;6.366823348535888e-07;5.321746246102841e-07;7.734121369669336e-07;2.013589656149933e-06;2.3176857171798658e-06;2.4626583120762814e-06;1.597828282781479e-06;7.258012531801336e-07;7.832302380445037e-07;1.6613078131844236e-06;1.3038253420826193e-06;5.83046933849766e-07;1.1837146727677603e-06;9.538611319425675e-07;7.010698695619447e-06;2.210797042123188e-05;0.00010735919241330275;3.052409352270695e-05;3.6195277999467625e-05;8.25496267223655e-06;8.59624099396744e-07;2.074379399498484e-05;1.8421300301329035e-06;9.951254340751631e-07;8.093625663714772e-06;8.259126313741702e-07
35:54:22;912;6.087660028600536e-07;1.3484252317712047e-06;1.9795834106654137e-05;4.507903357668526e-07;6.921582480501343e-07;8.473996520243852e-07;8.076882877668239e-07;6.165491824558248e-07;4.0459727326045614e-07;6.601022062291406e-07;7.269931298575277e-07;5.916058704742837e-07;3.13842910488143e-07;6.06265000343856e-07;5.871997019937034e-07;7.984532128577047e-07;1.9489962501729333e-06;2.1170172310202e-06;2.4336558456675046e-06;1.589081971561899e-06;7.369652405630611e-07;8.377089436980665e-07;1.6970716215043087e-06;1.27701212368035e-06;5.700333181007582e-07;1.167388118954224e-06;1.0077185228384006e-06;6.932987750697317e-06;2.149731922478608e-05;0.00010013423372014366;3.1063450748640904e-05;3.52159475300834e-05;7.881195851091986e-06;9.18516868673813e-07;2.2246970226612122e-05;1.9437521522348873e-06;9.476339631913918e-07;8.03005346070961e-06;7.379477829844886e-07
35:56:44;913;6.529353805103969e-07;1.3918043946490153e-06;2.1402765532106516e-05;4.523980124253187e-07;7.580828308529807e-07;1.2123500322435243e-06;7.812105420738775e-07;6.258545970764957e-07;4.256406753722075e-07;6.697004200084677e-07;7.375892034518343e-07;5.893000948634349e-07;3.2025374233332376e-07;6.244542726140491e-07;6.383899404660554e-07;8.001262377155963e-07;2.0120362176131967e-06;2.438942187203609e-06;2.4059102663988046e-06;1.6266321084239728e-06;7.646680145787482e-07;8.570695103163082e-07;1.7121351346977924e-06;1.270556859835088e-06;5.75275649878999e-07;1.1844652771621522e-06;1.0538346984929698e-06;6.821171105885019e-06;2.207666520377105e-05;0.00011677602921223514;3.139919807584545e-05;3.752246729687615e-05;8.326797449690525e-06;8.623477644884155e-07;2.1316018554068747e-05;1.8757250121488317e-06;9.020583807249417e-07;8.291518973404255e-06;6.631893561395441e-07
35:59:06;914;6.582168235105066e-07;1.3985404606662283e-06;1.98494487988652e-05;4.5426553104991024e-07;8.269485003835215e-07;9.484044939288662e-07;8.226851601572155e-07;7.640346144038351e-07;4.1122880761241215e-07;7.389102365731113e-07;6.294450354069816e-07;5.692678828530326e-07;3.615935599428481e-07;6.388440351269186e-07;7.329737956383233e-07;8.000727077643792e-07;2.062228642749181e-06;2.216810139831483e-06;2.469127190999666e-06;1.76087052485728e-06;7.566352649121919e-07;9.022495935858364e-07;1.6072549607963106e-06;1.2616230818982527e-06;6.167395144121322e-07;1.174822148762279e-06;1.1540513713941748e-06;6.818159074859683e-06;2.3933118987612978e-05;9.924613439657746e-05;3.0731165693489854e-05;3.569009768113191e-05;8.217710867553474e-06;9.385649232837354e-07;2.0936728877876275e-05;1.9076431701883855e-06;9.705870719138368e-07;8.056216376117316e-06;7.472584657774965e-07
36:01:27;915;6.71079311312636e-07;1.4064843356473956e-06;2.122693424472737e-05;4.380079642016002e-07;8.048624297949594e-07;1.1644054582760077e-06;7.989624080308808e-07;6.903522528179838e-07;3.8749248252514046e-07;7.258207970408457e-07;7.443786811995262e-07;5.813493546356276e-07;3.260546435270648e-07;6.342360427150336e-07;7.570289696930259e-07;7.836408720242063e-07;2.042469156572512e-06;2.422672642302431e-06;2.4265763604950124e-06;1.6640358767203964e-06;7.22123755605037e-07;9.184836350949452e-07;1.7156422772235533e-06;1.2607123481538559e-06;5.760404277121849e-07;1.1942983287784195e-06;1.1511159484627247e-06;6.814165437861465e-06;2.2664845393057047e-05;0.00011425078479602985;3.202303761102411e-05;3.6328935416350215e-05;8.466290809792585e-06;8.430638620935005e-07;2.1630403373820783e-05;1.8251229197277543e-06;9.606810181455312e-07;8.15333123618265e-06;7.625490626429704e-07
36:03:49;916;6.369733540623201e-07;1.3697708795859134e-06;2.0050322311120125e-05;4.1909261398616465e-07;7.936998860167612e-07;9.499082676808516e-07;8.214562454094737e-07;6.314362029610524e-07;3.970478241138215e-07;7.094685729609878e-07;6.731860318884034e-07;5.538405566082619e-07;3.439981514388987e-07;6.986272196307652e-07;6.519184280083902e-07;7.666196700460826e-07;2.037150858961491e-06;2.2204824578198618e-06;2.443551818631229e-06;1.6080919495587157e-06;7.347733241537833e-07;8.611879807867348e-07;1.6438917048651978e-06;1.2498803964919279e-06;5.886999996233453e-07;1.2329829102575016e-06;1.0499369977878814e-06;6.940835597964436e-06;2.3036334579821772e-05;0.00010049515655690136;3.229333042843602e-05;3.543827343960287e-05;8.336594964632241e-06;9.144066342426484e-07;2.121296054111652e-05;1.8664214123734625e-06;1.027903243639849e-06;8.300153070753748e-06;7.41497263956638e-07
36:06:11;917;6.179637066303847e-07;1.3589958641631124e-06;2.1352714391379693e-05;4.1342131243657126e-07;7.508297866271557e-07;1.1039814366110467e-06;7.717662160657632e-07;6.493742966785409e-07;3.8448944698772763e-07;6.64694924313768e-07;6.237253713716548e-07;6.05183537142037e-07;3.269745650195817e-07;6.000036716358181e-07;5.211197108985615e-07;7.69822758563431e-07;1.999210978076146e-06;2.3680692829887598e-06;2.3923901498844166e-06;1.6434121932111857e-06;7.208024245773219e-07;8.447548178606621e-07;1.6030449918490158e-06;1.2915441890429434e-06;5.835617244003193e-07;1.153440442792515e-06;9.378958511545914e-07;6.925933403624231e-06;2.190610809324872e-05;0.00011773497823740767;2.9886511541818922e-05;3.672647167446523e-05;8.353116520547334e-06;8.233635777598675e-07;2.1903653390965875e-05;1.8840008390650564e-06;1.052001756385678e-06;8.299600004990196e-06;7.368336562774501e-07
36:08:33;918;6.282229575337407e-07;1.369208847837065e-06;2.0188112559470378e-05;4.19415283271395e-07;7.543656495831189e-07;8.943366017856068e-07;8.063763209891822e-07;6.443008544869273e-07;3.939538192635181e-07;5.177910779333413e-07;7.778516854870723e-07;6.50491382334841e-07;3.6678256512797963e-07;6.536845242069685e-07;6.593255087753133e-07;7.697003786400769e-07;2.001531985529888e-06;2.1794474815590236e-06;2.439186071373852e-06;1.6232120921088181e-06;7.273552630292066e-07;7.234490595560083e-07;1.7513756548868503e-06;1.3381709653844202e-06;6.136335461138238e-07;1.1967970762489592e-06;1.0666459300847247e-06;6.877080528952224e-06;2.1698332496319826e-05;0.00010417182408184155;3.068784784350355e-05;3.639615057477763e-05;7.882620149165383e-06;9.165004652375634e-07;2.1768267535187576e-05;1.9260340857528066e-06;9.535905196365995e-07;8.117760768752608e-06;8.613416645172668e-07
36:10:54;919;6.02540273190884e-07;1.3383079292423967e-06;1.93986995186991e-05;4.486214086481381e-07;7.380229204333556e-07;8.433313295374102e-07;7.675343227249569e-07;6.243217408507075e-07;3.797779507642606e-07;6.493125392510861e-07;6.485094208712057e-07;5.734384037109858e-07;3.2831005045898887e-07;5.896800627993379e-07;6.396229256951229e-07;7.946524693965376e-07;1.992351445275019e-06;2.119204595998516e-06;2.392578521779152e-06;1.5921573480273431e-06;7.118894283066075e-07;8.450204590293582e-07;1.6112555639193499e-06;1.2520640004506185e-06;5.758567716626042e-07;1.1358206904068412e-06;1.0368433450660436e-06;7.0469283814028164e-06;2.2442513374174727e-05;9.500411902519541e-05;3.074659248741757e-05;3.5686059383914625e-05;7.861287349476604e-06;9.863874373828443e-07;2.1195150392517436e-05;1.9651703388098724e-06;9.310565177941661e-07;8.119696827095081e-06;7.994327092080359e-07
36:13:16;920;6.211945535739005e-07;1.3616884189104894e-06;2.0251031410446004e-05;4.171456961874689e-07;7.369192763481439e-07;9.72678683536737e-07;7.73970030610759e-07;6.143573825425428e-07;4.070804249245441e-07;5.809960420645087e-07;6.228618752485654e-07;6.334165494740902e-07;3.1352855762117376e-07;6.358199549487282e-07;7.455599493333409e-07;7.580702518375399e-07;1.979025982212919e-06;2.250648717678434e-06;2.415056942366771e-06;1.6028712582139426e-06;7.43941621847257e-07;7.814207857434299e-07;1.5966130625869642e-06;1.3036394806522943e-06;5.670697299747995e-07;1.1813634577138837e-06;1.1605392410562177e-06;6.97163867144971e-06;2.329064504653986e-05;0.0001029500192699499;3.192101069486923e-05;3.624614675729263e-05;7.758759766563749e-06;9.447670370253513e-07;2.098777409599486e-05;1.9157757134587677e-06;9.588120377880407e-07;8.30636567958619e-06;7.606621548337477e-07
36:15:38;921;6.521313334188634e-07;1.392607913070997e-06;2.069960604822621e-05;4.6611133894006424e-07;7.38070602493676e-07;1.115522578713653e-06;8.430353830781521e-07;7.18312834102619e-07;4.114030120612581e-07;7.614531828100982e-07;6.681690650060674e-07;5.925307968320097e-07;3.154535631095195e-07;6.302409660415136e-07;5.652724607588507e-07;8.196400599473823e-07;1.979320885869969e-06;2.3882055503708203e-06;2.4684069445886304e-06;1.7181883723838561e-06;7.527052005145056e-07;9.405838818134104e-07;1.6379529678131434e-06;1.2675746144758464e-06;5.719739088886808e-07;1.1900577406558562e-06;9.766844935061099e-07;6.9989142378250405e-06;2.284127058888197e-05;0.00010895625381444538;3.0981882347302556e-05;3.643066390239041e-05;8.10629413678174e-06;8.706613403936499e-07;2.140664115026933e-05;1.8916695028439831e-06;9.903332986274036e-07;8.214759539471046e-06;7.059287194821362e-07
36:18:00;922;6.362873603358501e-07;1.3725378013549733e-06;2.1490320691935192e-05;4.173318708792935e-07;7.059796050383356e-07;1.0338386699453912e-06;8.164584254737922e-07;7.290647476439331e-07;4.044383776768967e-07;6.247102884286577e-07;7.150427930162224e-07;6.093892492034766e-07;3.19290825738379e-07;6.05702596523372e-07;6.542006563944628e-07;7.61842800243415e-07;1.9408579937244443e-06;2.3096099755404584e-06;2.447541973358252e-06;1.7116268832990188e-06;7.372459466768293e-07;8.150839591905159e-07;1.6844405936238598e-06;1.2947408556930342e-06;5.698051953873524e-07;1.1426323588906758e-06;1.0550246571843282e-06;6.982918920707397e-06;2.1291232132920985e-05;0.00011898784272863753;3.2108283660972707e-05;3.563483354235692e-05;8.843817425114884e-06;9.059550825163311e-07;2.1361981796027416e-05;1.9226909401208652e-06;9.37560514269026e-07;8.23647779763874e-06;6.702537619395842e-07
36:20:22;923;6.22144336048791e-07;1.3647590788112418e-06;2.116490074940626e-05;4.5387714826942854e-07;7.70318513421131e-07;9.656078863364634e-07;7.911038302423699e-07;6.672453997002105e-07;3.962863039941311e-07;5.449263479239231e-07;7.045928402343354e-07;5.974165614733548e-07;3.1158831771304174e-07;5.921861005604838e-07;6.705825295453978e-07;8.019298847925769e-07;2.0167662549145555e-06;2.222965612924747e-06;2.4137087301582304e-06;1.6664118974507733e-06;7.316222509623775e-07;7.589604453204617e-07;1.677287235032031e-06;1.2872951521175414e-06;5.700565483511116e-07;1.1468486209081146e-06;1.0832557360935184e-06;7.036291765880736e-06;2.195862517855579e-05;0.0001149803195731441;3.204972698171509e-05;3.575584026473987e-05;8.385385333311036e-06;8.906830378266569e-07;2.102765968031093e-05;1.940939197087883e-06;9.369685091424006e-07;8.262924423930053e-06;7.534450472305471e-07
36:22:43;924;6.157577767269955e-07;1.3586220244247623e-06;2.0814938677830283e-05;4.448666542215692e-07;7.530151998109086e-07;1.0153367071956283e-06;7.871684203857915e-07;6.641866736600832e-07;3.905965228226646e-07;5.09968674824244e-07;6.797478710008807e-07;5.673001674482753e-07;3.209602567156754e-07;6.225786749166932e-07;6.333672806426514e-07;7.97238993539084e-07;2.001724421369303e-06;2.2956774794497335e-06;2.413903533274203e-06;1.6560962218234266e-06;7.233335245876367e-07;7.260526162174099e-07;1.643457411071584e-06;1.2581731943664866e-06;5.738437130707719e-07;1.1726260781064343e-06;1.0413365115237877e-06;6.925977215989826e-06;2.256459124667021e-05;0.00011062071823417464;3.09561898524673e-05;3.63181451088686e-05;8.338043278600286e-06;9.037833964015189e-07;2.149895965339302e-05;1.8635561718205267e-06;9.714525201307294e-07;8.129930916869904e-06;6.879165385768121e-07
36:25:05;925;6.563651013409681e-07;1.3933820527994083e-06;2.085534251839302e-05;4.240847989546058e-07;7.182938018117242e-07;1.0789597746161597e-06;8.15960462590743e-07;7.006061191396704e-07;4.1146164996387247e-07;9.373347660874226e-07;6.617554645270797e-07;5.902973383229628e-07;3.2628470462854736e-07;6.063379401394736e-07;6.050041646251972e-07;7.735942449327715e-07;1.9622663678920975e-06;2.3462747909042828e-06;2.4384461657743337e-06;1.6909647178745448e-06;7.605054764277341e-07;1.091362452359446e-06;1.6304656634894878e-06;1.2680078433547778e-06;5.787420158861706e-07;1.1654267252738406e-06;1.0145277441770765e-06;6.930487918825303e-06;2.2774660993413354e-05;0.00011107650822160594;3.149222073218775e-05;3.617327748123116e-05;8.347255580350308e-06;8.102959793617609e-07;2.0780998328338896e-05;1.8720975342169664e-06;1.0651624022355194e-06;8.1940982355866e-06;7.470468133626312e-07
36:27:27;926;5.962392135572259e-07;1.3328891295886818e-06;2.0405948394170006e-05;4.043801236086608e-07;7.368384054018406e-07;9.13733706314252e-07;8.281032360845199e-07;5.694614298900159e-07;3.814821529375804e-07;5.947191447187482e-07;6.220814518055239e-07;6.036049522025038e-07;3.08802921617451e-07;6.189834789373869e-07;5.726793285648119e-07;7.455853259343021e-07;1.9711128156296018e-06;2.1887817998112605e-06;2.450488020972271e-06;1.5414872705208191e-06;7.176288104519584e-07;7.857053814652455e-07;1.5992259192634139e-06;1.2820417783253025e-06;5.643971945441472e-07;1.1710395566999207e-06;9.77175269511037e-07;6.839490115735055e-06;2.3135513100707194e-05;0.0001038413390080082;3.342473798587971e-05;3.5727758826694845e-05;8.174769616941653e-06;9.008009236390184e-07;2.113451606354155e-05;1.8841845877075364e-06;9.281878896101415e-07;8.116663885523956e-06;7.634187260511446e-07
36:29:49;927;6.197223560988618e-07;1.3587611555280251e-06;2.047076313142349e-05;4.0644376393798737e-07;6.792718083368434e-07;1.0386359828761338e-06;8.258771358914497e-07;7.158542601925045e-07;3.8085201741805913e-07;6.143169109568641e-07;6.466278882849058e-07;5.661127244962281e-07;3.2099538808823397e-07;6.072493478564472e-07;6.344308150345186e-07;7.552094150267732e-07;1.928407817138554e-06;2.2988808708921366e-06;2.4715583451693475e-06;1.7033097621974833e-06;7.129610551894789e-07;8.065785960706641e-07;1.6229184605930916e-06;1.2415389536024893e-06;5.693163898343565e-07;1.1582586507123595e-06;1.03619502140968e-06;6.8341811794132625e-06;2.248359952348416e-05;0.00010658656295115002;3.2478535022504086e-05;3.6058384654975914e-05;7.802508582764267e-06;9.027155384808508e-07;2.078905886733452e-05;1.8949356626519374e-06;9.360232815735225e-07;8.169400974364297e-06;7.132513383849523e-07
36:32:11;928;6.617606230269696e-07;1.395042662047269e-06;2.1372494238717763e-05;4.55568901713832e-07;7.770352061181091e-07;1.17085267905346e-06;8.223492187411161e-07;5.971990414107867e-07;3.9297089996201156e-07;8.368026639696521e-07;6.680586072217342e-07;6.293641733222767e-07;3.322289658330197e-07;6.284680725731174e-07;6.302288252884641e-07;8.071742355914926e-07;2.0240776195028564e-06;2.42481069453558e-06;2.45298852699111e-06;1.5647104665340175e-06;7.225043287701427e-07;9.988824209628974e-07;1.6453746877830988e-06;1.3001409610573135e-06;5.838818841639986e-07;1.1752124162486797e-06;1.0407533052416453e-06;6.833088748438683e-06;2.2503203332835444e-05;0.0001159982008824834;3.3567335386790286e-05;3.571352593176898e-05;8.22748104402463e-06;8.536005724541284e-07;2.1068075917450964e-05;1.8855840470762133e-06;8.857447395937667e-07;8.119414578092184e-06;8.146756836044544e-07
36:34:33;929;6.259343544489194e-07;1.3666830544117388e-06;2.126157533480754e-05;4.4477389214072427e-07;6.839613240217091e-07;1.1004444813167424e-06;8.191936400336886e-07;6.890136553225094e-07;3.8843315249130356e-07;5.153979290421646e-07;7.702113519495154e-07;6.263727576616418e-07;3.264363536653098e-07;6.154762864211834e-07;5.314972064079432e-07;7.969468543429869e-07;1.928701719200173e-06;2.362589083808232e-06;2.4441058735934762e-06;1.6829482707566105e-06;7.229151062974664e-07;7.184164612854032e-07;1.7455753884031408e-06;1.3080945735319927e-06;5.801605815393003e-07;1.1617455584200798e-06;9.479966611770232e-07;6.892455893903885e-06;2.1199586395663412e-05;0.00011500105095660595;3.263898400366396e-05;3.695432721116623e-05;8.345442128742721e-06;9.009826602493148e-07;2.1439994851209343e-05;1.8773002469089844e-06;9.644952226823065e-07;8.106491289086373e-06;8.177931578080605e-07
36:36:54;930;6.219262046772397e-07;1.3591304621836052e-06;2.004033066797176e-05;4.370584457175591e-07;7.248844700652962e-07;8.915564845582676e-07;7.87960974771548e-07;6.275737046802409e-07;3.9500879585445276e-07;7.181273299249437e-07;7.11304816703905e-07;6.059765885443628e-07;3.238695773384718e-07;6.22383949266947e-07;6.174090906610726e-07;7.852522203335601e-07;1.9707869531758443e-06;2.1551449930760826e-06;2.41570844709598e-06;1.617321296364509e-06;7.345502364001686e-07;9.036741803241437e-07;1.6882234684642384e-06;1.2789140641813637e-06;5.728970046376058e-07;1.1698006241652976e-06;1.0172914783974583e-06;6.805997294300785e-06;2.3467832721379008e-05;0.00010148118752161995;3.0703929003902296e-05;3.58931030336435e-05;8.234444050730501e-06;8.925924956865417e-07;2.1162924656434887e-05;1.9012510601557607e-06;1.0161241648286302e-06;8.147103916019492e-06;7.774780969597121e-07
36:39:16;931;6.121626983909582e-07;1.3523611607547825e-06;2.0545589580219638e-05;4.298519827356467e-07;7.019721614896148e-07;9.166833009030287e-07;7.917376743710686e-07;6.91783041679111e-07;3.8185839187657417e-07;6.332639292142258e-07;6.824789583975194e-07;5.879593796478197e-07;3.157058566894865e-07;5.728353832087666e-07;6.398221054789004e-07;7.810298030373033e-07;1.94647816442739e-06;2.1904997647882887e-06;2.4182825746962245e-06;1.68315441557372e-06;7.203946075847691e-07;8.149992002564673e-07;1.65409749892597e-06;1.2679018850634103e-06;5.752334878920171e-07;1.1326432713700987e-06;1.0436188992709412e-06;6.9403994122181504e-06;2.2353482282134924e-05;0.00010794360512994278;3.1185217319921357e-05;3.6038876184211213e-05;8.27024297791919e-06;8.953234123236198e-07;2.1144685370424787e-05;1.9368815258818475e-06;9.075822636457884e-07;8.117194979308085e-06;8.135841047039066e-07
36:41:38;932;6.614083383608844e-07;1.3986500303135356e-06;2.1012759197153662e-05;4.293209738825965e-07;7.784701900073995e-07;1.1093508582860068e-06;8.265367060677032e-07;7.039965886609681e-07;4.3763111139001737e-07;5.35189671549671e-07;6.911577995180355e-07;6.10511258073129e-07;3.1880790908222034e-07;6.262179421073261e-07;8.697088098989654e-07;7.78621604974398e-07;2.0262910892816314e-06;2.3770232554495666e-06;2.4549305989458396e-06;1.6709734695665892e-06;7.75264751051578e-07;7.28748838444609e-07;1.6639498319738224e-06;1.284649470165542e-06;5.696057483799197e-07;1.1728367614028409e-06;1.2809044681524005e-06;6.838878127641343e-06;2.1839487317703537e-05;0.00011295298815613283;3.103280141004064e-05;3.6513706123894254e-05;8.699694039433071e-06;9.071347070519121e-07;2.1573177296619682e-05;1.828373701283892e-06;9.791998211985684e-07;8.23568789672443e-06;7.519817681197901e-07
36:43:59;933;6.066450482965603e-07;1.3453613642992376e-06;2.0431463557661743e-05;4.432187427980885e-07;7.435594030592473e-07;9.730602218124576e-07;8.22874908414726e-07;6.01227262520997e-07;3.949405948338642e-07;5.571352478856378e-07;6.091657744294371e-07;5.727052653932545e-07;3.141816581443312e-07;6.023574788051953e-07;6.453137989626999e-07;7.856755652932108e-07;1.98990619393746e-06;2.250787907783727e-06;2.4539426301054867e-06;1.5753430478191977e-06;7.32640577426318e-07;7.564059859029115e-07;1.5819672988740582e-06;1.2554596392137567e-06;5.694777960026749e-07;1.1531201927269489e-06;1.0396091162955243e-06;6.8575967952997875e-06;2.2457421673893047e-05;0.00010646026499828786;3.1297924402543365e-05;3.635991845718792e-05;8.458450008663775e-06;9.015680653356631e-07;2.066424252502102e-05;1.8334169020880512e-06;9.200571004345568e-07;8.193933259954081e-06;7.727685032318065e-07
36:46:21;934;6.208606055127771e-07;1.3622536439643112e-06;2.0675645675658963e-05;4.088891644059668e-07;6.932936017197991e-07;1.0337587462413724e-06;7.906246599631572e-07;6.569801764833016e-07;3.919211913793287e-07;5.682814051050594e-07;7.067629585819837e-07;6.493929075691472e-07;3.10016289266231e-07;5.791376486657446e-07;6.612682918006773e-07;7.509334253266193e-07;1.944451617395938e-06;2.3126110864389294e-06;2.418890442387709e-06;1.646365133269625e-06;7.250875495185627e-07;7.673733285150486e-07;1.6827465532503395e-06;1.327541233105784e-06;5.664417548233141e-07;1.1334362320264483e-06;1.0711650437643366e-06;6.86922258335243e-06;2.1943139575976268e-05;0.00010971816009235717;3.081847620765308e-05;3.6153734627467085e-05;8.355481947089928e-06;8.966419324705795e-07;2.158361137831863e-05;1.9219010321992553e-06;9.542455777396018e-07;8.16920875119505e-06;7.239244020884781e-07
36:48:43;935;6.198742386458052e-07;1.3608817805763027e-06;2.0397046773546423e-05;4.136471197488137e-07;7.209619780371409e-07;1.0831090556157557e-06;7.843883153507197e-07;6.88475559108458e-07;3.8916807263624586e-07;5.534004678751294e-07;6.860622987694207e-07;5.447734384812396e-07;3.169175359514624e-07;6.443439419599108e-07;6.132428423652218e-07;7.633307835833334e-07;1.9657195091699407e-06;2.357391189192801e-06;2.418979197270196e-06;1.6750840837728532e-06;7.236144379280458e-07;7.501373954854196e-07;1.6634782719226182e-06;1.2297467115279721e-06;5.754402248880346e-07;1.1867444651284994e-06;1.020914611718247e-06;6.8567512326963215e-06;2.2198820870028533e-05;0.00010652159373212745;3.147828594944144e-05;3.523500504191886e-05;8.315077061890051e-06;8.872292406306221e-07;2.149171730402759e-05;1.8749317229935757e-06;9.340107069494679e-07;8.261076717036274e-06;7.100617028168519e-07
36:51:05;936;6.086371833999041e-07;1.3487115628650609e-06;2.037535885705547e-05;4.3686582747297237e-07;7.669136303789514e-07;9.776138843100377e-07;7.897785870544541e-07;6.334185035473571e-07;3.9341428155607744e-07;5.70165542113088e-07;6.289690439183331e-07;5.748910764405676e-07;3.262165214118989e-07;6.509666690942854e-07;5.544323930870767e-07;7.782008039376256e-07;2.0150116223346773e-06;2.2504168857520634e-06;2.4178595042399194e-06;1.6177260229458717e-06;7.282489574191471e-07;7.671388271066024e-07;1.6059367892553325e-06;1.2630414633499237e-06;5.809340639707097e-07;1.1934307219200515e-06;9.665927518078287e-07;6.818189545932951e-06;2.2660602711332523e-05;0.00010498991847956947;3.179596302517277e-05;3.659732546074022e-05;8.066664003684697e-06;8.756307027960938e-07;2.097432206421519e-05;1.8827462232297963e-06;9.570705825436634e-07;8.18899051422298e-06;6.96882971225293e-07
36:53:27;937;6.318739279688078e-07;1.3702526700134387e-06;2.1254556755490083e-05;4.374526056142e-07;7.156555009208371e-07;1.1088147415996084e-06;8.151883566559998e-07;7.100294856308345e-07;4.0528708510446554e-07;6.052597137424182e-07;6.428642745410168e-07;6.229151464541939e-07;3.1515648928943046e-07;6.37242470104902e-07;5.666210393006178e-07;7.873667721302313e-07;1.9519978791380064e-06;2.3711362315179364e-06;2.4501687897710224e-06;1.7108415554906094e-06;7.408877498227975e-07;7.871550080893295e-07;1.6150496160466728e-06;1.3064839929685621e-06;5.718844067670736e-07;1.1805687867182096e-06;9.694908933714124e-07;6.839739166401233e-06;2.185315239172796e-05;0.00011602561297210001;3.1932776401891514e-05;3.648730269130833e-05;8.370337807145134e-06;8.867620307052788e-07;2.094402723068599e-05;1.8805263176905679e-06;9.869526697148075e-07;8.183538167112558e-06;6.639532193975423e-07
36:55:48;938;6.170458410892365e-07;1.3605164702289297e-06;2.0110996802466495e-05;4.168235652594761e-07;7.910351105861418e-07;9.93840633143541e-07;8.106548804353121e-07;6.358966220658275e-07;4.1132281306230117e-07;6.178465699865657e-07;6.249792397545145e-07;5.780518122752457e-07;3.17337376235213e-07;6.377443067983147e-07;5.690169372453046e-07;7.670997994225643e-07;2.0278500150071305e-06;2.2810402659943757e-06;2.4457042630424038e-06;1.6281288575227554e-06;7.57806288269237e-07;8.057144634964475e-07;1.593809702747341e-06;1.2741178568232292e-06;5.742550723437178e-07;1.1915392549988471e-06;9.791313343007863e-07;6.839747611272664e-06;2.3324987295059396e-05;0.00010156621289827343;3.194414472420346e-05;3.642197234862939e-05;8.139876248219101e-06;9.086372078269891e-07;2.0455149413777107e-05;1.8766071513207065e-06;9.628137235025267e-07;8.155112908946579e-06;7.367000985666717e-07
36:58:10;939;6.324080737065494e-07;1.369786322287883e-06;2.1423424886565057e-05;4.285508760788885e-07;7.257817200164012e-07;1.0677425938157823e-06;7.629286985197129e-07;6.438667546601354e-07;4.1732032221827614e-07;5.813253146535015e-07;7.65248955354862e-07;6.091855705134012e-07;3.2840629811529837e-07;6.874213249135669e-07;5.711182315757604e-07;7.784670711034663e-07;1.9666185101448697e-06;2.3260051112986188e-06;2.402627475493307e-06;1.6155411511630794e-06;7.559283263370024e-07;7.691854279925527e-07;1.7411386804119905e-06;1.2870279563892698e-06;5.82559337838379e-07;1.2293507028562666e-06;9.82985594401737e-07;6.849218875982631e-06;2.4173234324413355e-05;0.00011431501516027387;3.248828598746223e-05;3.668746802304035e-05;8.58435204938547e-06;8.711034864448321e-07;2.1290459797262846e-05;1.8584353845224077e-06;9.546204355293673e-07;8.250550545603525e-06;7.583545688597829e-07
37:00:32;940;6.143723235202908e-07;1.350739809442783e-06;1.981916897838386e-05;4.2402876325327426e-07;7.374942336420403e-07;9.442836830847962e-07;7.548437796842868e-07;5.776261178056721e-07;3.7729658403600813e-07;6.536922238055031e-07;7.055863570587012e-07;6.037488353906959e-07;3.117249394572626e-07;6.338074040551139e-07;6.483347353526302e-07;7.713428918934737e-07;1.974916308081677e-06;2.214089179204488e-06;2.3779042924650618e-06;1.5532134008210533e-06;7.154338845793973e-07;8.402670220266948e-07;1.6793009512806334e-06;1.276753490441755e-06;5.643900991903068e-07;1.1872091442478738e-06;1.0540566590919562e-06;6.818936872444652e-06;2.3034441313412636e-05;9.97739949247344e-05;3.001359736050759e-05;3.6101793404066965e-05;8.0956463123877e-06;8.976796812938701e-07;2.1297491288363855e-05;1.8864977119176839e-06;9.92900087933258e-07;8.167838156936086e-06;7.492106266076614e-07
37:02:54;941;6.454351256285856e-07;1.389773166310182e-06;2.109099372248371e-05;4.2492115188091423e-07;7.62625886683501e-07;1.074119793190417e-06;8.074298555820808e-07;7.755289616556188e-07;3.9789935647359764e-07;5.895211887944769e-07;6.231947659736519e-07;5.669094440754272e-07;3.1107266308293513e-07;6.234895565494402e-07;7.885086498081829e-07;7.77035068817377e-07;2.014262246189855e-06;2.3441179630740237e-06;2.4371039473085664e-06;1.7706466315999773e-06;7.417497939410238e-07;7.85285647141998e-07;1.6034346189475332e-06;1.2603084663088695e-06;5.684981579611015e-07;1.1742391799273292e-06;1.2005958888327273e-06;6.863236214953403e-06;2.2708573837272953e-05;0.00011378387925402247;3.150729339871542e-05;3.609358964139517e-05;8.123045905253301e-06;8.440093349874591e-07;2.132939231300054e-05;1.8952886525634006e-06;9.671234900898796e-07;8.286440630608537e-06;6.900519969419551e-07
37:05:15;942;6.240125660639251e-07;1.3644817476855264e-06;2.1256492961888596e-05;4.0596891121518813e-07;7.29372462830598e-07;9.578047831223815e-07;8.258307528324399e-07;6.6201743852513e-07;3.9227397841123945e-07;6.090651743758971e-07;6.511362466987691e-07;6.308307792095165e-07;3.130567675797961e-07;6.292276525276076e-07;6.815656107777618e-07;7.585877946169177e-07;1.974798053623412e-06;2.233898654491055e-06;2.4480745343128004e-06;1.6417680160285974e-06;7.244427569897693e-07;8.111629861421626e-07;1.6239561292894894e-06;1.3144075834836397e-06;5.678409724876911e-07;1.1859373425459471e-06;1.0889057704579374e-06;6.888093158231841e-06;2.2975421398006058e-05;0.00011516261578699386;3.1198540777287474e-05;3.660455890182544e-05;8.477588414159808e-06;8.821792972236552e-07;2.1166611509275627e-05;1.9153331123877653e-06;9.351432551469785e-07;8.174561273430314e-06;6.972686586943707e-07
37:07:37;943;6.193754172979414e-07;1.3576598668137944e-06;2.0805786386450686e-05;4.210365984747e-07;7.974910191009922e-07;9.626007558726324e-07;7.861356935524487e-07;6.278029220929682e-07;3.8514900339721564e-07;5.724888877501787e-07;6.5227074884756e-07;6.188601826954838e-07;3.1800404049436343e-07;6.287591938012518e-07;6.619057260676636e-07;7.705903505056189e-07;2.048020576959188e-06;2.230054010281872e-06;2.4182199965678912e-06;1.6058826955469169e-06;7.185386667210475e-07;7.715625237111292e-07;1.618873767843588e-06;1.2928019669697611e-06;5.700816166585976e-07;1.1798773750308124e-06;1.0674145524038217e-06;6.8494922292408774e-06;2.3343005369349713e-05;0.0001096896742965314;3.174282321370412e-05;3.6181338658867074e-05;8.314331572179095e-06;8.835598803094893e-07;2.0930736491132625e-05;1.903572901582564e-06;9.387987544019224e-07;8.19246851369914e-06;6.99634756410241e-07
37:09:59;944;6.010522731646585e-07;1.3409034947264584e-06;1.957489742610042e-05;4.383888794201596e-07;7.285946560015527e-07;9.028477610781042e-07;7.740368497266559e-07;5.987125014347586e-07;3.96909954317434e-07;5.481784855941964e-07;6.66249528637828e-07;6.13260636454656e-07;3.1967050919477136e-07;6.230735774195104e-07;6.02703683970741e-07;7.839958242774501e-07;1.974175071338806e-06;2.186062236525018e-06;2.4066470146701962e-06;1.577607825259327e-06;7.391822310361206e-07;7.400896218118587e-07;1.6342994081529883e-06;1.2955577438310395e-06;5.696701749986713e-07;1.1730530765149364e-06;1.0105012269308692e-06;6.8644034612649015e-06;2.3490933830650682e-05;9.643116467696656e-05;3.03960703897909e-05;3.6184392925368896e-05;7.934513744949296e-06;9.313614284504058e-07;2.0953024273598747e-05;1.916293784136956e-06;9.526215553377217e-07;8.10929280234116e-06;7.346962403488395e-07
37:12:21;945;6.200088099494007e-07;1.363055788070723e-06;2.0703970178908813e-05;4.060893442120966e-07;7.16613733605956e-07;1.011601608379532e-06;7.736779090111218e-07;6.336494370822782e-07;3.790087169764821e-07;6.447342123617649e-07;6.539120849650844e-07;5.95562655151967e-07;3.127818670532114e-07;6.1087442441861e-07;7.015994758093185e-07;7.612418213986667e-07;1.9665512564654507e-06;2.2876200457084208e-06;2.413048593863798e-06;1.6181198370298872e-06;7.155544696178356e-07;8.40513211593318e-07;1.6325829801068802e-06;1.2739870586773566e-06;5.64176989615313e-07;1.1692433672636335e-06;1.114029453507515e-06;6.866204369757552e-06;2.2738542464714094e-05;0.00010939247536269852;3.136490123474203e-05;3.6209551345354705e-05;8.324180600436851e-06;8.865641858524759e-07;2.0944985181817065e-05;1.887241612039859e-06;9.414666937969375e-07;8.133963171485053e-06;7.575659242105867e-07
37:14:43;946;6.112517549894392e-07;1.3488441850370956e-06;2.0469569110986805e-05;4.138168519972719e-07;7.346307654320195e-07;9.69794822709828e-07;7.708375448652176e-07;6.242438378737089e-07;3.90713806460012e-07;5.962539255666144e-07;6.677470106146317e-07;5.967575459241526e-07;3.1100687322452553e-07;6.421222580725456e-07;6.170955999125609e-07;7.564844985367178e-07;1.9830346563819e-06;2.237649927268695e-06;2.4043780829835002e-06;1.5993663890651676e-06;7.227579655441734e-07;7.758830833286601e-07;1.6430670435695475e-06;1.2714825498744774e-06;5.66448931844598e-07;1.193117754287932e-06;1.0324589308616345e-06;6.959903522305372e-06;2.339825302862384e-05;0.00010585403172204271;3.1112224043828116e-05;3.6179334359687656e-05;8.283244881210648e-06;8.987159326961763e-07;2.1135165258844454e-05;1.9054312852581819e-06;9.172498222839221e-07;8.2224168290242e-06;7.688586460363408e-07
37:17:05;947;6.167030982854013e-07;1.3595981899810265e-06;2.0458870425751092e-05;4.2836691666552956e-07;7.292032949185961e-07;9.341747880304235e-07;8.085665634412336e-07;6.529745879355822e-07;3.8716344041844764e-07;6.878553560074607e-07;7.125384204684984e-07;5.741543954617224e-07;3.165188241000488e-07;5.907796331734843e-07;5.781407354067302e-07;7.702447259695953e-07;1.989471518789264e-06;2.1943689754279366e-06;2.4471242778429457e-06;1.6439786591064736e-06;7.298822875822501e-07;8.84529386287139e-07;1.6822883880989519e-06;1.26228498033867e-06;5.77017759637841e-07;1.1463009324087797e-06;9.87685868776795e-07;6.90782984558732e-06;2.236071060051105e-05;0.00010676891249802668;3.175120816135573e-05;3.6039304449248504e-05;8.177951407522424e-06;8.498983384539487e-07;2.1001066118946162e-05;1.9363223504475175e-06;9.082540832645705e-07;8.069716351643482e-06;7.352709040057381e-07
37:19:26;948;6.250837341070792e-07;1.3647113389738421e-06;2.1322961255246527e-05;4.3511057153237814e-07;7.72127534717529e-07;1.0484952480379919e-06;8.289263104608515e-07;6.528366820468534e-07;3.93609985049892e-07;5.934834882728975e-07;6.482184022680506e-07;6.247160998608013e-07;3.1662725679721343e-07;6.382022531458243e-07;5.486507695435189e-07;7.863791119712293e-07;2.0223452047848465e-06;2.325184712539846e-06;2.4592688052070103e-06;1.6300935729454574e-06;7.282726870281421e-07;7.850291876245217e-07;1.6203238823137222e-06;1.3055056220315536e-06;5.695347657002699e-07;1.1890064496859666e-06;9.555916370095186e-07;6.911220643592346e-06;2.3100662635293142e-05;0.00011516614293345748;3.274866558429331e-05;3.5898900676015446e-05;8.35788715712507e-06;8.6416833800855e-07;2.0979204397759535e-05;1.9360355451659463e-06;9.56052574615204e-07;8.20621230132667e-06;7.503822763056492e-07
37:21:48;949;6.05801650783116e-07;1.349340748997229e-06;2.0167618751749095e-05;4.0822422878425163e-07;7.677771467081e-07;9.04298947239242e-07;7.957853433185588e-07;6.371100849313713e-07;3.7829929241698063e-07;6.409586329369045e-07;6.159279939814284e-07;5.713252567606343e-07;3.0395815670497034e-07;6.131159792391568e-07;6.32838522554832e-07;7.494083923097317e-07;2.0262510571240143e-06;2.1881370529730634e-06;2.429424926682443e-06;1.628969060816474e-06;7.163985907902339e-07;8.359618342367441e-07;1.5945586227057383e-06;1.2522173647142418e-06;5.594794980493998e-07;1.169518089348377e-06;1.0417639502889018e-06;6.875618079472102e-06;2.3270487409172575e-05;0.00010294731387170098;3.155560122506132e-05;3.568528925187909e-05;8.212459909895934e-06;9.086100192491822e-07;2.0771508275818286e-05;1.9249787416787356e-06;9.529064762229911e-07;8.131974760582515e-06;7.746770002553992e-07
37:24:10;950;6.142273630322331e-07;1.356614421362067e-06;2.07131034045793e-05;4.150766744860267e-07;7.319150243050904e-07;9.911122268749493e-07;7.672371367319706e-07;6.403038212774639e-07;3.921858063355382e-07;6.508325628530219e-07;7.175559079445034e-07;5.615019042049983e-07;3.1652625607427676e-07;5.830433609042209e-07;6.034374441344813e-07;7.644059246846569e-07;1.982672464507658e-06;2.2734708308453725e-06;2.4059597691017257e-06;1.6274921921637854e-06;7.289195514635761e-07;8.360646999583106e-07;1.6914217425598705e-06;1.2478342003455106e-06;5.702511546737294e-07;1.1312034146186893e-06;1.0196766491194294e-06;6.948219765901014e-06;2.2240154117513745e-05;0.00010974624999311405;3.1121236186070656e-05;3.6206147395848285e-05;8.337608614462013e-06;8.894789111464813e-07;2.138163718796365e-05;1.927287759387931e-06;9.623787167166493e-07;8.04587043622909e-06;7.509717705980071e-07
37:26:32;951;6.190705453722568e-07;1.3602276495372348e-06;2.0886619728335496e-05;4.20611547086674e-07;7.121252182283978e-07;1.0212167583486833e-06;7.85216153391262e-07;6.538040212656814e-07;3.78492384383639e-07;5.970745194422927e-07;6.49060149707478e-07;5.727927838705682e-07;3.0858229097238426e-07;6.415670552797146e-07;6.883034279102741e-07;7.721034870583832e-07;1.964119774186921e-06;2.299475926508732e-06;2.4157212562927215e-06;1.640511539024581e-06;7.107844555632048e-07;7.873079129286118e-07;1.6113073820921686e-06;1.2631629334188075e-06;5.641031989427252e-07;1.1895176224047473e-06;1.1046159660440073e-06;6.879786633718987e-06;2.2272798393402734e-05;0.00011148222233696462;3.120457787214112e-05;3.664284320098729e-05;8.294944331242754e-06;8.966565501875019e-07;2.1259209514738567e-05;1.909549136431346e-06;9.591627280141003e-07;8.107860842897083e-06;7.298251992997973e-07
37:28:53;952;6.083745604260312e-07;1.351324352624574e-06;2.058626077971076e-05;4.1672831286764345e-07;7.798280808576666e-07;9.593257658157095e-07;8.212126434224067e-07;6.569224372961329e-07;3.7707363587102805e-07;5.546949052001341e-07;6.423549572657934e-07;5.788315835530966e-07;3.1019526046772616e-07;5.900107329168882e-07;6.133161652079686e-07;7.660200691145891e-07;2.024443551530152e-06;2.243024652406221e-06;2.4507126273086133e-06;1.6350059538610044e-06;7.146517533138776e-07;7.652996802352379e-07;1.6205082881208023e-06;1.2612128976291422e-06;5.667270073312857e-07;1.1513088886975403e-06;1.016976326251166e-06;6.842713161529255e-06;2.307489929747353e-05;0.00010756590841468544;3.135085766759512e-05;3.5977113003186044e-05;8.259710212758455e-06;9.353065774018813e-07;2.122392047995456e-05;1.913466397450491e-06;9.54264946004747e-07;8.181904934425405e-06;7.550642640642445e-07
37:31:15;953;5.947128339688458e-07;1.3369194128912728e-06;2.048879065351236e-05;4.2834457889753064e-07;7.496469873948606e-07;9.139287275255531e-07;7.732715579774921e-07;5.959921379851029e-07;4.0286549833497404e-07;4.833443112215654e-07;6.687950450415511e-07;5.982073658650222e-07;3.066163953442795e-07;6.363424413261239e-07;5.791987364470427e-07;7.734111943735322e-07;2.0115757226011725e-06;2.186880957323629e-06;2.408794443908846e-06;1.575262374775706e-06;7.395454263046361e-07;6.881697615133103e-07;1.6561478539959445e-06;1.2720131515299174e-06;5.67433606285036e-07;1.1809443857243963e-06;9.828535521764819e-07;6.917632302238527e-06;2.274863030238395e-05;0.0001065237257245519;3.0452515179333922e-05;3.6986514418811565e-05;8.305220304215863e-06;9.347669023560537e-07;2.116084320268494e-05;1.927437481073745e-06;9.718186853109918e-07;8.219142652477528e-06;7.172406867092905e-07
37:33:37;954;6.051152641588105e-07;1.3496236277528105e-06;2.0626243039869956e-05;4.1718544023390663e-07;7.354950755100731e-07;9.778033540024984e-07;7.596338653861132e-07;5.881625086765687e-07;3.9180160780396345e-07;6.497250662737289e-07;6.512782311431728e-07;5.716081794560068e-07;3.004326949036921e-07;5.856982970943069e-07;6.325586202312908e-07;7.628004780173474e-07;1.9928461139748325e-06;2.260423618477207e-06;2.4069397251786297e-06;1.5659257547247738e-06;7.283223296809998e-07;8.45289415824309e-07;1.6238628744229318e-06;1.2657953938793946e-06;5.551687572330559e-07;1.1438324796023452e-06;1.0442761847599873e-06;6.9786029056658605e-06;2.23766921052015e-05;0.00010827308117017183;3.134944368236683e-05;3.6621843389924306e-05;8.225281843809117e-06;9.137094846604752e-07;2.1052835200562445e-05;1.9126163752560944e-06;9.70498652738236e-07;8.14601899888386e-06;6.942926691989267e-07
37:35:59;955;5.907995510993787e-07;1.3346609447108687e-06;1.9783600676218204e-05;4.0814236788235614e-07;7.181361956008139e-07;8.759762232751261e-07;7.717718908395454e-07;6.094148559928928e-07;3.928239820296462e-07;5.775685977765282e-07;6.205384692960856e-07;6.048856431093632e-07;3.07218474498489e-07;6.026003758208276e-07;6.005173118368972e-07;7.574398960980633e-07;1.9717814510944595e-06;2.153690489430568e-06;2.4117957260571102e-06;1.6038572429311623e-06;7.234660427865826e-07;7.758147920769629e-07;1.5939649068669391e-06;1.2902354535094962e-06;5.608034309227174e-07;1.1645758994561647e-06;1.008505389016804e-06;6.887458665325558e-06;2.3091109514981352e-05;9.919338235920919e-05;3.0869721463508915e-05;3.590804532273456e-05;8.113552847915307e-06;9.209532464825119e-07;2.069215483195748e-05;1.883946876373413e-06;9.389196608319669e-07;8.140013374585077e-06;7.639499507131805e-07
37:38:20;956;6.292618733154272e-07;1.3668368712641023e-06;2.018212150644044e-05;4.1731112500962486e-07;7.29610749069823e-07;9.329132258625609e-07;7.644416371022089e-07;6.570842895650938e-07;3.903444146499427e-07;7.732913150623492e-07;6.77123147774239e-07;6.042312895279426e-07;3.162639114434091e-07;6.345244417166834e-07;6.540026960998414e-07;7.711122277755691e-07;1.9802703235067776e-06;2.1981809353908116e-06;2.4046070194931934e-06;1.6443182269402406e-06;7.229726325568904e-07;9.394268779142525e-07;1.6436700889244094e-06;1.2815057858990512e-06;5.7211013666036e-07;1.187382272032837e-06;1.0564853826658288e-06;6.925877682525824e-06;2.3672313129458573e-05;0.00010251945658731407;3.09372933339992e-05;3.617722777516886e-05;8.10217340806017e-06;8.592544992315439e-07;2.125504471041006e-05;1.8884715207812793e-06;9.29386763910861e-07;8.150391115484809e-06;7.685675509400433e-07
37:40:42;957;6.21760759888058e-07;1.362777078312216e-06;2.0423556992942648e-05;4.1325686359818614e-07;7.63320934420038e-07;9.873470723837323e-07;7.980741465261267e-07;6.43897456525428e-07;3.8654254205542055e-07;6.885976555020595e-07;6.54903109318574e-07;5.701755027312768e-07;3.1312986446187874e-07;5.893441756024939e-07;6.525395507575834e-07;7.646485949960693e-07;2.011070413388978e-06;2.262875603241522e-06;2.4307003749976203e-06;1.6372400211044415e-06;7.224953068561251e-07;8.687704773301794e-07;1.6282911436847608e-06;1.2592845393290974e-06;5.693943682119793e-07;1.1391715790085971e-06;1.0593820319097832e-06;6.906236878046126e-06;2.3216009894631138e-05;0.0001055910355381422;3.0938671461607914e-05;3.6288515489534714e-05;8.31691630144602e-06;8.906934505468553e-07;2.1231270875229352e-05;1.8699901036532463e-06;9.728855157992922e-07;8.108077082151838e-06;7.523813245231298e-07
37:43:04;958;6.087543305403771e-07;1.3504994898585786e-06;2.0609156047250363e-05;4.151849718570976e-07;7.221111550734995e-07;1.020414767793909e-06;7.845578388570634e-07;6.295494381964256e-07;3.7327131232409916e-07;5.494895314923037e-07;6.96657633399282e-07;6.056271371674365e-07;3.083321428479477e-07;6.438322612419127e-07;5.560235556826982e-07;7.683747203171589e-07;1.9671978942467464e-06;2.2956653610084618e-06;2.422849870008922e-06;1.6119949658430045e-06;7.131109973353795e-07;7.459633767626379e-07;1.6695863822158433e-06;1.2860732596569115e-06;5.649315640548133e-07;1.1928609076595778e-06;9.673840747980855e-07;6.859455545093524e-06;2.3026954612363315e-05;0.00010762770427458383;3.0994730500988484e-05;3.649139688225802e-05;8.159242455118598e-06;8.552586631453896e-07;2.1544398619201397e-05;1.8773928217345047e-06;9.318125478997713e-07;8.174427693195735e-06;7.670979514216412e-07
37:45:26;959;6.076959705548678e-07;1.3467667696215956e-06;2.049212455559512e-05;4.151702002993832e-07;7.339264751493602e-07;9.90084816475768e-07;7.736736449069006e-07;6.423979710603398e-07;3.8690036039603437e-07;5.686272608531404e-07;6.471431474333852e-07;5.796284854511022e-07;3.0787616030329573e-07;6.135702201264853e-07;6.333526681294317e-07;7.611822606485234e-07;1.9767794137345546e-06;2.2684957408457677e-06;2.4041598776478432e-06;1.6137209241559836e-06;7.208707888620194e-07;7.627153305333471e-07;1.6172546255100176e-06;1.2669591549500275e-06;5.612698714685393e-07;1.1634934179986702e-06;1.0442995049524591e-06;6.859314106444282e-06;2.3747796900194933e-05;0.00010572092664516836;3.086621673081052e-05;3.677123737295127e-05;8.248179788786036e-06;8.854949419800547e-07;2.1135630025934618e-05;1.8713518019939148e-06;9.367663823047491e-07;8.160163595709989e-06;7.024163748626632e-07
37:47:48;960;5.968913256992892e-07;1.337047363829444e-06;2.0147386696862118e-05;4.171005944267589e-07;7.100774039869862e-07;9.007536560674949e-07;7.7800630620734e-07;6.36493166495843e-07;3.939707809077284e-07;5.948305256434335e-07;6.441476357562951e-07;5.790434418819566e-07;3.105822876053372e-07;5.69973548641462e-07;6.2771633446701e-07;7.597448970926375e-07;1.963577531143206e-06;2.1689032360260585e-06;2.4075377150668978e-06;1.6171688534679469e-06;7.283635447573586e-07;7.838022325019285e-07;1.621642950397737e-06;1.2635475410275784e-06;5.653508562226066e-07;1.1270707383303061e-06;1.0378577590478316e-06;6.9134647575198545e-06;2.3226339419085405e-05;0.00010290605636551334;3.118436014837596e-05;3.581151617750963e-05;8.192385586880349e-06;9.044467149552366e-07;2.0938316752771163e-05;1.8643194721295965e-06;9.4082647595686e-07;8.13174420746288e-06;7.548642841851356e-07
37:50:09;961;6.153386076235279e-07;1.3559143464498206e-06;2.0687877948304213e-05;4.0797883992350525e-07;7.316456078967157e-07;1.0745056015857493e-06;7.765569989069057e-07;6.186129159631419e-07;3.732655028701712e-07;5.87046546323739e-07;6.686448088947956e-07;5.660078920706595e-07;3.1126799319865356e-07;6.19073990898949e-07;6.494563630322535e-07;7.576242177193204e-07;1.984733929228103e-06;2.348362255372793e-06;2.397647761749277e-06;1.5978482517306176e-06;7.096487880931541e-07;7.820169066344764e-07;1.6501676255653433e-06;1.2571972194875136e-06;5.661239227616603e-07;1.1774512396313402e-06;1.042149583237823e-06;6.911730920226813e-06;2.236644501527401e-05;0.00010911936853842417;3.146763287038801e-05;3.647399051441081e-05;8.246039684500266e-06;8.902659571036643e-07;2.111186616209159e-05;1.8805534988392253e-06;9.451274383703721e-07;8.114405003294079e-06;7.271097767275543e-07
37:52:31;962;6.061888373083817e-07;1.3471732029445982e-06;2.075787867151996e-05;4.1762858605697384e-07;7.290706862470777e-07;9.665612262081553e-07;7.761174745304154e-07;6.314630546132672e-07;3.780883175026743e-07;5.898797600681601e-07;6.671604036899804e-07;5.679738200567189e-07;3.0261273656603554e-07;6.235032157242415e-07;6.242065397898955e-07;7.656397790872723e-07;1.9672336336469336e-06;2.2507188351149044e-06;2.4040266409912554e-06;1.6151547454314765e-06;7.133364476885617e-07;7.821195025296876e-07;1.6479420949082528e-06;1.2542724557764054e-06;5.618779999921675e-07;1.1702228081520833e-06;1.0335330995087731e-06;6.904030405989078e-06;2.288922780569429e-05;0.0001093637567528462;3.159019508148195e-05;3.6362683002773874e-05;8.164558718450925e-06;8.986313245650354e-07;2.126752015042618e-05;1.870098377661412e-06;9.474478143697741e-07;8.113732217797518e-06;7.22662406183367e-07
37:54:53;963;6.20764527458174e-07;1.3603245956283336e-06;2.06405409456334e-05;4.250376850882405e-07;7.342739267925744e-07;1.036545567197193e-06;7.793644217667474e-07;6.130802280795483e-07;3.8552028381776504e-07;6.608535703919475e-07;6.488242669598001e-07;5.946254443985182e-07;3.1041310669363303e-07;6.340144935118081e-07;6.266210904099462e-07;7.710782181422036e-07;1.978876212036349e-06;2.3166045755001676e-06;2.419522464934525e-06;1.5911570837396298e-06;7.218986017010771e-07;8.480135996170604e-07;1.618884313377092e-06;1.268530708548957e-06;5.675581753995531e-07;1.179026828393472e-06;1.0427440128572742e-06;6.898067802417152e-06;2.2647146019739372e-05;0.00010804852906455401;3.172205776676664e-05;3.630984108711364e-05;8.232502624647074e-06;8.93981684111249e-07;2.1237643130528464e-05;1.866558909100752e-06;9.584743021069766e-07;8.126172497057684e-06;7.455164594577642e-07
37:57:15;964;5.968384773877037e-07;1.336594446980552e-06;2.0428497263945296e-05;3.990584237198194e-07;7.362282927949402e-07;9.505013835403081e-07;7.815120414649873e-07;6.240540219531515e-07;3.8556207257204017e-07;5.626278193035265e-07;6.275832494896282e-07;5.765517075075686e-07;3.0513982550818175e-07;6.201930366035345e-07;5.930496257714165e-07;7.553394756472745e-07;1.97531084889801e-06;2.226543904702961e-06;2.4088158933052542e-06;1.6027556908664083e-06;7.151613300997084e-07;7.562887305216981e-07;1.6013577237572463e-06;1.2619163939395745e-06;5.62034804002169e-07;1.1675968997949412e-06;1.0060114631633503e-06;6.876162441726316e-06;2.2494652702295903e-05;0.00010622240090643289;3.159572735960848e-05;3.615029648614937e-05;8.217697491967052e-06;9.200880464864585e-07;2.0958258682052377e-05;1.8749701711711036e-06;9.428136422956477e-07;8.096350939379883e-06;7.92548297778083e-07
37:59:37;965;6.207034368508537e-07;1.360143794701361e-06;2.0407943312089566e-05;4.104232186835139e-07;7.331268511056134e-07;9.43407648809372e-07;7.997700094105912e-07;6.692015265162933e-07;3.7955045240067875e-07;7.350435297194157e-07;6.366501787172493e-07;5.72542677066614e-07;3.1088453726498116e-07;6.059222502327347e-07;6.519181129876533e-07;7.587399266735184e-07;1.978851166394277e-06;2.217996638989197e-06;2.4311973678017747e-06;1.6598685709175674e-06;7.186554249022299e-07;8.9933812691752e-07;1.6130436693580306e-06;1.2558889307865107e-06;5.642996310903475e-07;1.1552338411449824e-06;1.0686117258921536e-06;6.921614405534251e-06;2.2974096803265935e-05;0.0001055629849467134;3.173335728945696e-05;3.5918846733119984e-05;8.272154843130535e-06;8.999616320731388e-07;2.090652724009551e-05;1.8917087942220797e-06;9.480455186363487e-07;8.093471968056961e-06;7.725495707696327e-07
38:01:58;966;6.096648126946941e-07;1.3531098950726475e-06;2.0782979248954394e-05;4.330477974999848e-07;7.306701087001438e-07;1.001301630781432e-06;7.928946737966281e-07;6.737539146393281e-07;4.081796027440147e-07;5.45289479913048e-07;6.581713369464963e-07;6.088112905528414e-07;3.106852909081939e-07;6.006133922734332e-07;5.525590146246176e-07;7.849800943381236e-07;1.977320128481793e-06;2.2682519574106975e-06;2.433775864430365e-06;1.667790712645001e-06;7.530780091564097e-07;7.416233529511373e-07;1.637226061368121e-06;1.2872470690610176e-06;5.6820178141192e-07;1.1569751997072512e-06;9.608480047949964e-07;6.887718941953171e-06;2.2275403979612755e-05;0.00010984137202275828;3.133581233021379e-05;3.6717206052145575e-05;8.34833051810502e-06;8.985116986662425e-07;2.1291383425965982e-05;1.899293065042898e-06;9.671254315719146e-07;8.176954391117891e-06;7.566391302992589e-07
38:04:20;967;6.052578774335354e-07;1.3478711883215487e-06;2.0560187484348755e-05;4.139514877947322e-07;7.329390473532659e-07;9.62613228158463e-07;7.862273754468483e-07;6.520055072007319e-07;3.805196305929247e-07;6.084207491960117e-07;6.59730645709415e-07;5.692083850725929e-07;3.0694728960576545e-07;6.037234260393053e-07;5.868075376724846e-07;7.601272806127033e-07;1.9784221108296416e-06;2.241941108912192e-06;2.4194255202825002e-06;1.6453750651802279e-06;7.181837741893704e-07;8.025842885361478e-07;1.6336843378966582e-06;1.2584704724954636e-06;5.628508581968519e-07;1.1601665820779989e-06;9.932223746016207e-07;6.911519496702616e-06;2.2632829774978914e-05;0.00010719981250559349;3.162880106621226e-05;3.6358065449239906e-05;8.277166898495824e-06;8.991705717689851e-07;2.1076221760999805e-05;1.8969717557450033e-06;9.349704368781319e-07;8.13491075334656e-06;7.71809342223536e-07
38:06:42;968;6.0228310968827e-07;1.344298907554995e-06;2.0470485210875848e-05;4.183959247747928e-07;7.481793099001716e-07;9.480013853520446e-07;7.817820499250222e-07;6.239933516964542e-07;3.954831763085632e-07;5.005187894247985e-07;6.483397097977285e-07;6.06877426453681e-07;3.0782132907283066e-07;6.096926459859214e-07;6.383119910211767e-07;7.612151823420241e-07;1.9819402924912525e-06;2.220217135765802e-06;2.412086883804811e-06;1.6171816471946437e-06;7.318799779441869e-07;7.108477924432492e-07;1.6248825647691567e-06;1.2936542757530862e-06;5.617475515412514e-07;1.1596341441642686e-06;1.056298929056596e-06;6.886206295430424e-06;2.286240398512615e-05;0.00010601232127510588;3.133485265664466e-05;3.651696822930062e-05;8.284514165870572e-06;9.027374511706446e-07;2.1082496924044098e-05;1.8672121913506729e-06;9.535455221928769e-07;8.155000159142767e-06;7.875636751307597e-07
38:09:03;969;6.186268275824731e-07;1.3596223966430179e-06;2.0489328394984965e-05;4.148340556720985e-07;7.180464272868196e-07;1.0110331608682477e-06;7.720028627276256e-07;6.42212997286668e-07;3.8318481712903724e-07;6.415753295700584e-07;6.847780179261324e-07;5.997279200122627e-07;3.137170563731347e-07;6.338554192630852e-07;6.085536278535838e-07;7.616008926411671e-07;1.964909337909341e-06;2.27500065849671e-06;2.4101708375014768e-06;1.6324659323120763e-06;7.17426495010484e-07;8.32811560450887e-07;1.656461410928824e-06;1.2882750635831547e-06;5.685985204136274e-07;1.1863461064491229e-06;1.0214015943243862e-06;6.9189501802691475e-06;2.3075536728740745e-05;0.00010620534092498973;3.156296980281829e-05;3.5878848795767766e-05;8.297585468778464e-06;8.807273452217313e-07;2.1307421156206265e-05;1.8997181409866843e-06;9.473267198199652e-07;8.130195379071378e-06;7.673200971493858e-07
38:11:25;970;6.20986367539832e-07;1.3617755375659577e-06;2.0410341165293244e-05;4.2307145322404627e-07;7.360630188186174e-07;1.0068791093008722e-06;7.917594218233923e-07;6.507860685900368e-07;3.8534078122315857e-07;6.200585777756245e-07;6.467810065706332e-07;5.896922480420518e-07;3.121407213106538e-07;6.167759445800542e-07;6.724878349941641e-07;7.733253036078651e-07;1.9863814256346306e-06;2.277736109158756e-06;2.41855315224815e-06;1.6473601992626605e-06;7.180236750599174e-07;8.184397787789737e-07;1.622703467270369e-06;1.2761405816744156e-06;5.643518306177484e-07;1.1666480644105578e-06;1.0716424558095356e-06;6.9152401133380775e-06;2.2062765077869076e-05;0.00010690509520614876;3.123293219263534e-05;3.591864787231965e-05;8.231494545127492e-06;8.896539241384723e-07;2.1032276932675337e-05;1.887304431987801e-06;9.53265938027822e-07;8.1483590080195e-06;7.470587412316601e-07
38:13:47;971;6.117180426847633e-07;1.3550787539488623e-06;2.0430543073060327e-05;4.2380152502504004e-07;7.194910705201416e-07;1.0371842145544137e-06;7.893880481804868e-07;6.403928521611394e-07;3.914545467573951e-07;5.768035920410015e-07;6.305680907526711e-07;5.759975554701797e-07;3.0981706949423876e-07;6.156587042192221e-07;6.300590109440598e-07;7.760206490792934e-07;1.971847418241816e-06;2.3134479035917728e-06;2.419735040613104e-06;1.6264892835777895e-06;7.297579796596449e-07;7.813566850749155e-07;1.6107154658152755e-06;1.2650943814105054e-06;5.664752471096142e-07;1.165609395557803e-06;1.0343951781647728e-06;6.9009554991240456e-06;2.2105811795010363e-05;0.00010674169054731975;3.148066223773318e-05;3.610534475769659e-05;8.2887167390906e-06;8.899169151443506e-07;2.0956602064115726e-05;1.8772841316843068e-06;9.430182289192925e-07;8.13081294054995e-06;7.457010203357429e-07
38:16:09;972;5.975662364932077e-07;1.3400840457564565e-06;2.059040200711163e-05;4.2373333520761103e-07;7.076434025421463e-07;9.399054355828763e-07;7.660599693179196e-07;6.105211541570813e-07;3.904730193324016e-07;5.869315104439271e-07;6.729488012896018e-07;5.843617016539198e-07;3.075935311508909e-07;5.943890013313726e-07;5.862337347279317e-07;7.701120073796095e-07;1.962137583730141e-06;2.2148722411910493e-06;2.4018484803295734e-06;1.593639055925773e-06;7.269213160524015e-07;7.890906545791167e-07;1.643055502196908e-06;1.2695203431173434e-06;5.657668673019187e-07;1.154388814075567e-06;9.896550528837101e-07;6.912096961627448e-06;2.278218949362878e-05;0.00010732232893435712;3.162456973639336e-05;3.633624099080393e-05;8.331232363208551e-06;8.911188262810083e-07;2.114268938959427e-05;1.876979980381007e-06;9.433854462365089e-07;8.156961908159104e-06;7.650300546685172e-07
38:18:31;973;6.005546087903016e-07;1.341765723046143e-06;2.0578457850600967e-05;4.122862655518069e-07;7.11435424269072e-07;9.540476299883174e-07;7.757681738208465e-07;6.53301897064877e-07;3.9387023259058135e-07;5.478243740662172e-07;6.489810203579406e-07;5.752540700757177e-07;3.087446278839743e-07;6.143814618265641e-07;6.1075988133652e-07;7.622279216015666e-07;1.9585869005846066e-06;2.2285173369560145e-06;2.4108929446350586e-06;1.638433307294414e-06;7.264313937780629e-07;7.485990434798635e-07;1.617508252930068e-06;1.2592182102546562e-06;5.620232993259137e-07;1.1633503481501561e-06;1.0253993171410243e-06;6.930860267557226e-06;2.272047016495347e-05;0.00010723797759756113;3.1671809793019074e-05;3.647664808925007e-05;8.296656121435112e-06;9.077414197554306e-07;2.0930469000031236e-05;1.894934874857324e-06;9.597799530165137e-07;8.167000081059044e-06;7.47146844715934e-07
38:20:53;974;6.08052412703392e-07;1.3484159497445805e-06;2.0337070441418214e-05;4.1548038730677594e-07;7.12004302223916e-07;9.803797528947071e-07;7.613043152251723e-07;6.299617483016753e-07;3.816110433107024e-07;6.189708327300733e-07;6.503252123883514e-07;5.735177953153875e-07;3.0523462567589765e-07;6.195681860483986e-07;6.48270502047087e-07;7.612130003462305e-07;1.9608258088726273e-06;2.259777439760484e-06;2.3964727061071773e-06;1.603872508986811e-06;7.193278775105947e-07;8.011174081355974e-07;1.630039760935757e-06;1.2581770093513827e-06;5.633124062511987e-07;1.1711859069173788e-06;1.0556691665753326e-06;6.942148896172857e-06;2.2892606170073758e-05;0.00010468421205640762;3.138935105913204e-05;3.6180279369151845e-05;8.220734059245769e-06;9.006976951603695e-07;2.1058423419244772e-05;1.9002265410649823e-06;9.615941924862148e-07;8.172807733878824e-06;7.417641049994655e-07
38:23:14;975;6.061962942121629e-07;1.3465931899674293e-06;2.048655062431686e-05;4.177529826308237e-07;7.292460171080186e-07;9.5722337006327e-07;7.9035701385586e-07;6.216655555991611e-07;3.868328307777734e-07;5.791094488999898e-07;6.34399270570508e-07;5.735719643079112e-07;3.06326720292657e-07;5.98691154550902e-07;6.791789628883422e-07;7.654238769893847e-07;1.9787466032850507e-06;2.2343186107914505e-06;2.4144803587026943e-06;1.6052655580609363e-06;7.185352377677237e-07;7.79232661293866e-07;1.6139290653283544e-06;1.2578141324779666e-06;5.624739798539722e-07;1.1467326236372543e-06;1.0821650216942693e-06;6.957530512624329e-06;2.259469869765334e-05;0.0001065600200491302;3.1516350017098314e-05;3.61438729942865e-05;8.224862240543285e-06;8.911268345165504e-07;2.1178230931936886e-05;1.8970404369503957e-06;9.504289699472524e-07;8.169370318937705e-06;7.550754881775733e-07
38:25:36;976;6.158147911605738e-07;1.3555668244948662e-06;2.056756491095439e-05;4.210084279179036e-07;7.245506700069949e-07;9.677537312119904e-07;7.815714969762088e-07;6.561887137091947e-07;3.8888294154579034e-07;6.208250935759516e-07;6.682157446762976e-07;5.858853908287513e-07;3.1084176463106156e-07;6.122387601337209e-07;6.51814550334251e-07;7.69207047559449e-07;1.9716445692636946e-06;2.2368400265539876e-06;2.4154605176890175e-06;1.6353181904435852e-06;7.232193560199287e-07;8.14811015801107e-07;1.6441472570465833e-06;1.2681654089946383e-06;5.651962129820587e-07;1.1601874061967994e-06;1.0626043162338198e-06;6.94128807980971e-06;2.2646575507778382e-05;0.0001074775723549734;3.154464582090806e-05;3.6172028194114e-05;8.258453562904777e-06;8.959521961722451e-07;2.108500565253549e-05;1.8926813552292297e-06;9.672732124935454e-07;8.160016341935063e-06;7.692866525987584e-07
38:27:58;977;6.105186900675428e-07;1.3523663615678397e-06;2.0610836683348605e-05;4.2955912471498436e-07;7.316562542088305e-07;1.0194936652461386e-06;7.789153060322462e-07;6.230249802124438e-07;3.868755022199108e-07;5.801061725329116e-07;6.39745306426934e-07;5.750830357778821e-07;3.137229775760566e-07;6.162163522479861e-07;6.318253747669448e-07;7.711853370466675e-07;1.978011848131004e-06;2.2946744118460723e-06;2.4088253120438984e-06;1.6105316406745121e-06;7.206111896450722e-07;7.761968593605402e-07;1.6210998359947783e-06;1.2612082299929632e-06;5.695130450384326e-07;1.1722174796967563e-06;1.0443205168704032e-06;6.9139508309918255e-06;2.2462252586437154e-05;0.0001083625024491794;3.1174016179104616e-05;3.6345563159576574e-05;8.26858666140137e-06;9.069370990163517e-07;2.1158149380898123e-05;1.8938106399350665e-06;9.543191692417435e-07;8.141345497429835e-06;7.48606546971222e-07
38:30:20;978;6.109364190300746e-07;1.3525061344980598e-06;2.056775369609996e-05;4.107785968548489e-07;7.314725895697776e-07;9.89334363200488e-07;7.944500311748729e-07;6.303159828019939e-07;3.8830774529152734e-07;5.96384042352647e-07;6.484409602804739e-07;5.811841984640606e-07;3.0755110343298625e-07;6.110156260144802e-07;6.420015505477621e-07;7.635075345965963e-07;1.9798006270562675e-06;2.265962552019694e-06;2.4295422414254545e-06;1.6169601542946733e-06;7.206466808050129e-07;8.050727142491741e-07;1.6179401880815677e-06;1.2653261492980877e-06;5.637767842443604e-07;1.1621628956059863e-06;1.0393745947400435e-06;6.909296236372812e-06;2.262367197594469e-05;0.00010748245073241889;3.150677544066083e-05;3.6377406005657955e-05;8.330223919371717e-06;9.120089424188587e-07;2.0962912116406056e-05;1.8920706013638022e-06;9.430576281288603e-07;8.122285033963039e-06;7.508857204919729e-07
38:32:41;979;6.017891365834255e-07;1.342839654965626e-06;2.033199538306904e-05;4.124842683982489e-07;7.455217883841928e-07;9.628142826850257e-07;7.716773211137578e-07;6.389862368116894e-07;3.8510175961257365e-07;5.547693478138236e-07;6.399030096107791e-07;5.727562020622785e-07;3.076872018483521e-07;6.14216876430747e-07;6.155511077016679e-07;7.624245595367558e-07;1.985277054424116e-06;2.2398153765906602e-06;2.4004120456958866e-06;1.6262142708001193e-06;7.202179465136247e-07;7.480725345505815e-07;1.6169154401101382e-06;1.2609199295264814e-06;5.638860027576374e-07;1.1718216106152184e-06;1.018098612492602e-06;6.8969695166178565e-06;2.2662439667021036e-05;0.00010499962114084228;3.1248593983249904e-05;3.633588193921491e-05;8.216470917756405e-06;9.123704424082291e-07;2.100753409776587e-05;1.8966944777506287e-06;9.402226283249874e-07;8.137149823712773e-06;7.299959621636247e-07
38:35:03;980;6.045500178040377e-07;1.3466852820622793e-06;2.036797012247843e-05;4.167361418374391e-07;7.384921033884692e-07;9.866730440354454e-07;7.748001914800992e-07;6.32351337030586e-07;3.824979176624378e-07;5.653432879615394e-07;6.483546024101243e-07;5.604640685693855e-07;3.1072809662675965e-07;6.123658252396328e-07;6.257933746957953e-07;7.644840077549056e-07;1.9832684986945022e-06;2.259235802566879e-06;2.4044793146366585e-06;1.6235735097613047e-06;7.18178046315499e-07;7.694487216719574e-07;1.6204652475792073e-06;1.2539466710326383e-06;5.660518060917812e-07;1.1621824598155918e-06;1.034908801626397e-06;6.9153216568700505e-06;2.287952906120467e-05;0.00010495429637081654;3.124697899595854e-05;3.640593430125444e-05;8.28814901179038e-06;9.013896181913141e-07;2.1107004665293718e-05;1.8897713162903561e-06;9.304154627376652e-07;8.144125042718911e-06;7.527259666145421e-07
38:37:25;981;6.095259531042013e-07;1.3512290010273515e-06;2.0431407471331017e-05;4.1638853389500885e-07;7.213557079343115e-07;9.643498533859232e-07;7.778905897608142e-07;6.213583639129312e-07;3.845842172197936e-07;6.20538434858986e-07;6.580416335873323e-07;5.944717413684166e-07;3.0870418520446596e-07;6.105648948449207e-07;6.360630470002672e-07;7.656282923994407e-07;1.9746609501752676e-06;2.2386490014422967e-06;2.404115031788047e-06;1.6122261527045017e-06;7.185551880089014e-07;8.088903743837479e-07;1.63765457152375e-06;1.2726355646607979e-06;5.650993453204874e-07;1.162970249159899e-06;1.0536629601338525e-06;6.910336320889234e-06;2.293035504509176e-05;0.00010541369710176863;3.140181476304388e-05;3.6347394935032387e-05;8.324858400229997e-06;8.903425599480222e-07;2.1236894736905755e-05;1.8822807161683252e-06;9.336024317583362e-07;8.137477273453018e-06;7.678353716829346e-07
38:39:46;982;6.091318257068162e-07;1.3509576276675621e-06;2.03377789200683e-05;4.1037277723451643e-07;7.36474845391461e-07;9.624575826417858e-07;7.719204987533989e-07;6.432463297769495e-07;3.883078220785889e-07;6.15685103506019e-07;6.447795957355915e-07;5.752684689820274e-07;3.0892203116795647e-07;6.062939795871035e-07;6.458526682755079e-07;7.608771676287584e-07;1.9804610770688092e-06;2.2348602825228295e-06;2.41000395961444e-06;1.6341950742162802e-06;7.192846484503195e-07;8.116329596143974e-07;1.6247895257636835e-06;1.2576388216179043e-06;5.640302868247505e-07;1.159467556970159e-06;1.0542496525725059e-06;6.904610546445549e-06;2.3049462821499975e-05;0.00010446638986288273;3.1192102758999954e-05;3.63626297112387e-05;8.304489493279867e-06;8.917740878864604e-07;2.114568017448115e-05;1.8871014757454621e-06;9.470867634317224e-07;8.154009781286636e-06;7.480095636414078e-07
38:42:08;983;5.95820125358738e-07;1.3380916680955722e-06;2.0415533880044967e-05;4.1265504863668473e-07;7.063894199274304e-07;9.513220160719336e-07;7.772475308213829e-07;6.287444666726443e-07;3.768347139382849e-07;5.553963680071661e-07;6.3930610954605e-07;5.757767197971991e-07;3.0904666423949645e-07;5.982573601363712e-07;6.188648507190273e-07;7.615208009835292e-07;1.9670224567481814e-06;2.2239751837033407e-06;2.4098983128825713e-06;1.6004885008188938e-06;7.146975302544842e-07;7.566895057659133e-07;1.6131045270735221e-06;1.2634890671379945e-06;5.63935536040879e-07;1.1564040636574048e-06;1.025874168354227e-06;6.930724602024945e-06;2.278087070736652e-05;0.000105559297847882;3.145864075150894e-05;3.6380274045060354e-05;8.22715378457467e-06;9.011012723720697e-07;2.0999558359296956e-05;1.8919825488469756e-06;9.358340347890695e-07;8.172429767768374e-06;7.485388390487047e-07
38:44:30;984;6.016934246198182e-07;1.3432763563298665e-06;2.0436507106765236e-05;4.1000517873742e-07;7.06864335468667e-07;9.628242933439941e-07;7.786318551533161e-07;6.382557026330847e-07;3.851259694588226e-07;5.693591540254708e-07;6.362546698794476e-07;5.743811615020113e-07;3.0446959236646814e-07;6.259032657011816e-07;6.282456942149653e-07;7.620944413817217e-07;1.9536036898910113e-06;2.2331123920041504e-06;2.4131644033355146e-06;1.6212947089058352e-06;7.222409915587527e-07;7.698420612213559e-07;1.617088012412578e-06;1.2605607827326016e-06;5.632632230226821e-07;1.1677467721457577e-06;1.0353042814384463e-06;6.934936969998447e-06;2.269722817088346e-05;0.00010600779668856949;3.138188810214123e-05;3.6196348900357265e-05;8.275914903612308e-06;9.005132303483956e-07;2.1083006443504616e-05;1.8881676416758355e-06;9.373871728231715e-07;8.176046780932892e-06;7.588502763358086e-07
38:46:52;985;6.05494996283343e-07;1.3457521419373343e-06;2.052089627008083e-05;4.1871477263200063e-07;7.192643302773987e-07;9.866217141859837e-07;7.696038515964626e-07;6.386753557534193e-07;3.840520208520104e-07;5.941903629528995e-07;6.426657431274857e-07;5.778837352885737e-07;3.121368812712562e-07;6.255494063351302e-07;5.96581553531776e-07;7.674283194860379e-07;1.963763814941719e-06;2.263593053531979e-06;2.402818703949724e-06;1.6187085225858855e-06;7.201485327842892e-07;7.891936714034422e-07;1.618829876809321e-06;1.262989961773362e-06;5.646551737236569e-07;1.1674507618408825e-06;1.009444736586996e-06;6.9216738109765e-06;2.2690369984736754e-05;0.00010679654561089534;3.145156201338534e-05;3.639489714279231e-05;8.306246993910013e-06;8.971396060911026e-07;2.1033535857971036e-05;1.8809055940993352e-06;9.40110401224631e-07;8.179246657737793e-06;7.585215671497912e-07
38:49:14;986;6.094386183587052e-07;1.3507166302795529e-06;2.044466190540167e-05;4.0670934236592354e-07;7.223374059299332e-07;9.85349779063101e-07;7.660011196654957e-07;6.388379192918076e-07;3.871864891328998e-07;6.178516468749703e-07;6.533146602695116e-07;5.779069653125387e-07;3.092946049781437e-07;6.163007797029123e-07;6.321724912439208e-07;7.608865770134223e-07;1.970232031891112e-06;2.262412510701117e-06;2.4007587775992727e-06;1.6277051751002763e-06;7.183939210709825e-07;8.131690073028788e-07;1.631597574257135e-06;1.2562121446247642e-06;5.631561354180754e-07;1.162682845236454e-06;1.0413924173860058e-06;6.923364367495633e-06;2.2797050758056533e-05;0.00010599088926040375;3.12956136458231e-05;3.626003660940869e-05;8.327783838377895e-06;8.998358100563202e-07;2.1090597764898964e-05;1.878852845455539e-06;9.449369944999598e-07;8.170843736479936e-06;7.561372338638071e-07
38:51:35;987;6.044980653415037e-07;1.347190247335813e-06;2.0352780803760688e-05;4.1032565559459305e-07;7.325912226347436e-07;9.434414392343755e-07;7.705709883913543e-07;6.303573045560931e-07;3.8488920804027127e-07;6.059936562653366e-07;6.455842680239889e-07;5.879655481680598e-07;3.077847449835373e-07;6.146009038668606e-07;6.198715969205828e-07;7.605096911154046e-07;1.9776775224836686e-06;2.2213367885020096e-06;2.407306090367168e-06;1.6230347719418297e-06;7.224805552693938e-07;8.007176305293601e-07;1.6280124109010714e-06;1.2711231303760945e-06;5.639384023163098e-07;1.1633914128432928e-06;1.0267541440527244e-06;6.920852115637325e-06;2.2625325940367962e-05;0.00010532176910658004;3.119324194018432e-05;3.6185763326281246e-05;8.299600605761944e-06;9.012429958382019e-07;2.104654958027429e-05;1.8806248278905923e-06;9.407552094231173e-07;8.162571440557529e-06;7.550725563316816e-07
38:53:57;988;6.07823896669014e-07;1.3476926683267e-06;2.0571065965853223e-05;4.10392305673988e-07;7.256085752855251e-07;9.895010591908326e-07;7.706206973959436e-07;6.360576885895823e-07;3.837592498728332e-07;5.961774412729685e-07;6.474871109173431e-07;5.773080822280008e-07;3.051275654566219e-07;6.07746342342417e-07;6.441004128034742e-07;7.603668194993196e-07;1.968626907576355e-06;2.2576192261020635e-06;2.403098183612765e-06;1.620299867048559e-06;7.146788168973193e-07;7.975322595300411e-07;1.625101681038589e-06;1.2633628474057193e-06;5.629737648212517e-07;1.1590945187959686e-06;1.039556839058133e-06;6.91934607400791e-06;2.2635048618724934e-05;0.00010755387949329341;3.145765665839182e-05;3.624779171039226e-05;8.284812649265621e-06;8.924708098481862e-07;2.112145322075058e-05;1.8788380411418773e-06;9.433832552835887e-07;8.164653241181794e-06;7.534578179566675e-07
38:56:19;989;5.983973504991075e-07;1.3400672402515083e-06;2.0470924779839226e-05;4.1321740175025534e-07;7.123343179558297e-07;9.542350152067705e-07;7.695100723898401e-07;6.153279143590722e-07;3.8666849703923717e-07;5.926982485814459e-07;6.444694454059303e-07;5.782274936033166e-07;3.0556258448752066e-07;6.059606789273047e-07;6.025562949202817e-07;7.623616058101359e-07;1.959809955097407e-06;2.230549140924406e-06;2.4042715210006335e-06;1.6123101305811937e-06;7.181335274852452e-07;7.778657332097812e-07;1.625432208969915e-06;1.262010345317897e-06;5.615055572348013e-07;1.1575553832146767e-06;1.0090013068327584e-06;6.923423565684297e-06;2.27424846159799e-05;0.00010631311389128807;3.124231526375421e-05;3.637419564631021e-05;8.26291821516375e-06;8.981379099505314e-07;2.114523988264256e-05;1.8809517448675984e-06;9.420655422831899e-07;8.168018896363236e-06;7.582321837830961e-07
38:58:41;990;6.033824917685913e-07;1.34487370245022e-06;2.0564562407056732e-05;4.1022748733319436e-07;7.306848312263722e-07;9.824875779203395e-07;7.729872062030423e-07;6.327491072513877e-07;3.833551712033186e-07;5.760492738169567e-07;6.459934301826887e-07;5.602676243549548e-07;3.0704937122165305e-07;6.076637253180841e-07;6.310748668283204e-07;7.641124201672016e-07;1.979230430002138e-06;2.252658473595677e-06;2.407169443105448e-06;1.6110725655265394e-06;7.170764859760703e-07;7.706585967862569e-07;1.6212567418192578e-06;1.2525476537593011e-06;5.628078561504837e-07;1.1607548567784e-06;1.039138558559288e-06;6.923266609565872e-06;2.259085805812831e-05;0.00010741479912272372;3.1322839205645e-05;3.644890947273643e-05;8.282977740446835e-06;8.946479304120039e-07;2.1149213642828536e-05;1.879237392642108e-06;9.436431787568213e-07;8.1745461299598e-06;7.498104008353277e-07
39:01:02;991;6.085835266037262e-07;1.3456358316679017e-06;2.0594662537969785e-05;4.1911014493255616e-07;7.405515072076632e-07;9.77896749919761e-07;7.777810091737856e-07;6.334056144636174e-07;3.859420915378306e-07;6.011349754743055e-07;6.516159757229513e-07;5.785527072371172e-07;3.0696745922931257e-07;6.019098672008479e-07;6.281339918504355e-07;7.648846477261746e-07;1.976413684616678e-06;2.246848782617028e-06;2.4111335880108894e-06;1.6151983554865654e-06;7.194081432961739e-07;7.844175934511855e-07;1.61952820900308e-06;1.2647742781304766e-06;5.63609694453693e-07;1.1509400295939417e-06;1.0304725872375929e-06;6.922696962706468e-06;2.2575638058705595e-05;0.00010787018861823348;3.1169517031003784e-05;3.648808448578265e-05;8.322960279955623e-06;8.918758487055792e-07;2.1142946465126123e-05;1.8825049882257034e-06;9.496726880675701e-07;8.166629370344426e-06;7.532356587804298e-07
39:03:24;992;6.032042077144049e-07;1.3434291111456953e-06;2.05187959029796e-05;4.1105194270585343e-07;7.263468783203951e-07;9.583246580937363e-07;7.783645262872018e-07;6.354845950068916e-07;3.84776503023235e-07;5.810707526456647e-07;6.531346145134297e-07;5.810819599231949e-07;3.0730755069944976e-07;6.03651280598169e-07;6.178549896353822e-07;7.60416411784591e-07;1.975978366202451e-06;2.226703231769269e-06;2.407250750780528e-06;1.6206270901466845e-06;7.191373498831644e-07;7.771571447363708e-07;1.629109500397676e-06;1.2595509658723718e-06;5.620316938037129e-07;1.1551046137482662e-06;1.0280817508816965e-06;6.9233931146209114e-06;2.2638958606997416e-05;0.00010692481362625595;3.119778478021449e-05;3.643097420013725e-05;8.299552648574176e-06;8.960110993612939e-07;2.1169290171640185e-05;1.8816063162675402e-06;9.412853484296055e-07;8.164378855552517e-06;7.57502067703912e-07
39:05:46;993;6.04992810434882e-07;1.3474865425773196e-06;2.0529935713239496e-05;4.122708527898311e-07;7.26293878412902e-07;9.74464746470651e-07;7.755842206449224e-07;6.352062625387073e-07;3.8154943406774256e-07;6.135648239984964e-07;6.470456774820832e-07;5.736966126399714e-07;3.0684955425060295e-07;6.002221088637198e-07;6.131653514626382e-07;7.610538887812381e-07;1.976401010692883e-06;2.251186339855872e-06;2.410275075380002e-06;1.6193781484933516e-06;7.184528745319421e-07;8.071533139754356e-07;1.6272526705460556e-06;1.2566626812454333e-06;5.621370703494581e-07;1.157254142595729e-06;1.02263086419734e-06;6.9238882421948254e-06;2.2672951371645295e-05;0.00010703198785839431;3.1267897999621634e-05;3.637865593489966e-05;8.29606683305714e-06;8.90137994133614e-07;2.1150648188925947e-05;1.8783992144704402e-06;9.430462753112702e-07;8.163935129197113e-06;7.616135170227816e-07
39:08:08;994;6.026196641493378e-07;1.3439895095456725e-06;2.0523019636500088e-05;4.1261604743037983e-07;7.306842702205849e-07;9.672990509185746e-07;7.769371738287522e-07;6.198410894048773e-07;3.8232258589313256e-07;5.79859449285019e-07;6.565571479619983e-07;5.744842490607027e-07;3.068262032527e-07;5.998164179081429e-07;6.241920686585316e-07;7.596439921092531e-07;1.9706316900542163e-06;2.2451985606045426e-06;2.4070271935290545e-06;1.6095083332160517e-06;7.1709586058769e-07;7.801509159982075e-07;1.624882807972645e-06;1.2591609912375087e-06;5.617312007836541e-07;1.1570953681337967e-06;1.0357466980846617e-06;6.921032126807273e-06;2.276303896947952e-05;0.00010681656586640343;3.1356794693563663e-05;3.638234207785456e-05;8.28916078467638e-06;8.936660417159418e-07;2.110005605299448e-05;1.878906706951284e-06;9.425004870200482e-07;8.170345222968882e-06;7.618266075655619e-07
39:10:30;995;6.030891544545564e-07;1.3448674726993275e-06;2.05581630746817e-05;4.0569848119337787e-07;7.283574824884004e-07;9.66348364076194e-07;7.785027135670025e-07;6.275191773884682e-07;3.856149450461159e-07;5.964780329053615e-07;6.526117138815447e-07;5.731143633205058e-07;3.052895063213803e-07;6.09313586939144e-07;6.082212744360695e-07;7.610907988680393e-07;1.9722211385370326e-06;2.24550423285155e-06;2.4072176434464945e-06;1.6122054044968489e-06;7.17844299535638e-07;7.881334358697569e-07;1.6266220273515684e-06;1.2628891978192192e-06;5.619772083074294e-07;1.1636558203658924e-06;1.0190480465317257e-06;6.9220212471605945e-06;2.271697534827054e-05;0.00010725004855665583;3.136261694906254e-05;3.638385463641729e-05;8.300201531520557e-06;8.923198888096402e-07;2.1109872288277685e-05;1.8805594290871677e-06;9.433252270845667e-07;8.174464822708983e-06;7.616969711249994e-07
39:12:51;996;6.026025131010794e-07;1.3446607785157586e-06;2.054850138325836e-05;4.069239518274385e-07;7.253887748248644e-07;9.585140097392106e-07;7.775115608313595e-07;6.275270180660703e-07;3.8310260115763256e-07;5.836257051376621e-07;6.58477405934832e-07;5.788219280040091e-07;3.0773441550557834e-07;6.028613908284151e-07;6.207411579901971e-07;7.621659039925155e-07;1.9764534160078508e-06;2.2376534860984377e-06;2.4046271104038447e-06;1.6121008460646132e-06;7.188016981292347e-07;7.849332632758887e-07;1.6302475552913189e-06;1.2649659807617422e-06;5.621711684858682e-07;1.1594639967013421e-06;1.0223444913703409e-06;6.921737157034864e-06;2.2704455055063524e-05;0.00010717563652849134;3.125765969542314e-05;3.6421006707846575e-05;8.31196668432465e-06;8.927057591138715e-07;2.1139308199541655e-05;1.880265717125554e-06;9.444176083782564e-07;8.171193332031365e-06;7.616641547255281e-07
39:15:13;997;6.032067688979933e-07;1.3447355686251665e-06;2.057027152630665e-05;4.174646971948965e-07;7.337740621984132e-07;9.707706855750913e-07;7.709269457963201e-07;6.234332908502697e-07;3.796831453482177e-07;5.818603900516321e-07;6.569893547172321e-07;5.749966867691308e-07;3.1016112660027645e-07;6.10667701174027e-07;6.077529023474814e-07;7.609523991740838e-07;1.975968343052771e-06;2.2452097119881566e-06;2.4050719482918888e-06;1.611394623788455e-06;7.180891540014549e-07;7.820012077773535e-07;1.6311620140784933e-06;1.263224025703344e-06;5.620351385868496e-07;1.1603794556448738e-06;1.0213383901989087e-06;6.921623896954803e-06;2.2734563570203318e-05;0.00010734207463466331;3.1333172508303316e-05;3.6415855715891046e-05;8.309477172781732e-06;8.920617116707298e-07;2.1137706216979703e-05;1.8795464550673086e-06;9.437578534043932e-07;8.171658432934194e-06;7.617601468258909e-07
39:17:35;998;6.033260152481613e-07;1.3449696080908923e-06;2.0562994390789912e-05;4.083058147141827e-07;7.314075890395667e-07;9.691404769605263e-07;7.754515525461934e-07;6.254366932639305e-07;3.8433177854377026e-07;5.818560832139174e-07;6.526766057310144e-07;5.789149956182303e-07;3.0801415620083295e-07;6.089470194758917e-07;6.154292170424857e-07;7.614693663239036e-07;1.9755623687943408e-06;2.2446278066288156e-06;2.405049197972679e-06;1.612018168750954e-06;7.180702830656985e-07;7.845139538392088e-07;1.6292605240076089e-06;1.262555340590437e-06;5.619819090423081e-07;1.1600830049833867e-06;1.024442777674543e-06;6.9220249665791335e-06;2.273056675101788e-05;0.00010728318058070398;3.132238186040235e-05;3.640755857973244e-05;8.30777625708663e-06;8.920981749203128e-07;2.113392990413216e-05;1.8795987372964678e-06;9.437494649611915e-07;8.171411881403826e-06;7.616555312426528e-07
39:19:56;999;6.047831709372015e-07;1.3449979967016232e-06;2.0561501022013745e-05;4.1666037717017185e-07;7.279077492680389e-07;9.682557152824633e-07;7.889475538727905e-07;6.251739909192043e-07;3.805157357085097e-07;5.870699205353961e-07;6.517323210805418e-07;5.775498388629139e-07;3.071093435517854e-07;6.074708548308262e-07;6.190044205696537e-07;7.614039176029179e-07;1.9756405680698065e-06;2.2446577998069397e-06;2.405072214520559e-06;1.611885481820594e-06;7.180491326368921e-07;7.850540515835147e-07;1.6286436872880724e-06;1.262317416344731e-06;5.619449939187482e-07;1.1600188712161726e-06;1.0252874068400265e-06;6.9219885312705414e-06;2.273308797313792e-05;0.000107264745159852;3.132258823437242e-05;3.640837169870646e-05;8.307194495155369e-06;8.920963799029748e-07;2.1131504623515176e-05;1.8795867038683196e-06;9.438094099447559e-07;8.17142621122644e-06;7.61612843212523e-07
39:22:18;1000;6.05184520920752e-07;1.344990486174964e-06;2.0561075050089568e-05;4.139732852676497e-07;7.293939967567553e-07;9.818685028664929e-07;7.801070410257632e-07;6.293586962287505e-07;3.835977364641252e-07;5.912427035635982e-07;6.52224229089817e-07;5.75470305186343e-07;3.054342253863948e-07;6.049909716633227e-07;6.145523167123589e-07;7.613914681746504e-07;1.9756417812091003e-06;2.244580904332423e-06;2.4050643643724607e-06;1.6119342340464789e-06;7.18048928288399e-07;7.850327331428311e-07;1.6286244562240738e-06;1.2622838161278888e-06;5.619426921200528e-07;1.1600049050040196e-06;1.0253351402015936e-06;6.921971664360624e-06;2.273313060551637e-05;0.00010726066472718158;3.132213542770486e-05;3.640798289394038e-05;8.307051842233292e-06;8.921111713226476e-07;2.1131438902087324e-05;1.879587960240324e-06;9.438091933661626e-07;8.171408991649259e-06;7.616072214718947e-07
