{
    "phase_name": "Akermanite_160346",
    "total_entries": 61,
    "phase_parameters": {
        "ESU": {
            "min": 0.09118,
            "max": 0.9604,
            "avg": 0.4073009870355016,
            "std": 0.2645673492965791,
            "range": [
                0.27501731238721205,
                0.5395846616837912
            ]
        },
        "SF": {
            "min": 0.0,
            "max": 1.3917e-05,
            "avg": 6.54535584533052e-06,
            "std": 3.723238235241195e-06,
            "range": [
                4.6837367277099225e-06,
                8.406974962951117e-06
            ]
        },
        "A": {
            "min": 7.72,
            "max": 7.86,
            "avg": 7.807348256199593,
            "std": 0.05663614119150108,
            "range": [
                7.779030185603843,
                7.8356663267953435
            ]
        },
        "B": {
            "min": 7.72,
            "max": 7.86,
            "avg": 7.807348256199593,
            "std": 0.05663614119150108,
            "range": [
                7.779030185603843,
                7.8356663267953435
            ]
        },
        "C": {
            "min": 4.95,
            "max": 5.12,
            "avg": 5.0011571670309785,
            "std": 0.05546059031933249,
            "range": [
                4.973426871871312,
                5.028887462190645
            ]
        },
        "Alpha": {
            "min": 90.0,
            "max": 90.0,
            "avg": 90.0,
            "std": 0.0,
            "range": [
                90.0,
                90.0
            ]
        },
        "Beta": {
            "min": 90.0,
            "max": 90.0,
            "avg": 90.0,
            "std": 0.0,
            "range": [
                90.0,
                90.0
            ]
        },
        "Gamma": {
            "min": 90.0,
            "max": 90.0,
            "avg": 90.0,
            "std": 0.0,
            "range": [
                90.0,
                90.0
            ]
        },
        "NA": {
            "min": 100.0,
            "max": 1000.0,
            "avg": 388.5333311939399,
            "std": 395.74480728573945,
            "range": [
                190.66092755107016,
                586.4057348368096
            ]
        },
        "NB": {
            "min": 0.0,
            "max": 0.0,
            "avg": 0.0,
            "std": 0.0,
            "range": [
                0.0,
                0.0
            ]
        },
        "NC": {
            "min": 1001.0,
            "max": 1001.0,
            "avg": 1001.0,
            "std": 0.0,
            "range": [
                1001.0,
                1001.0
            ]
        },
        "P1": {
            "min": 10.0,
            "max": 16.2265,
            "avg": 13.802870811034898,
            "std": 1.1803662804416843,
            "range": [
                13.212687670814056,
                14.393053951255741
            ]
        },
        "P2": {
            "min": 10.0,
            "max": 12.6076,
            "avg": 11.809056297580463,
            "std": 0.6591468994747369,
            "range": [
                11.479482847843094,
                12.138629747317832
            ]
        },
        "P3": {
            "min": 0.5008,
            "max": 15.0,
            "avg": 10.70888951533881,
            "std": 6.113298633733739,
            "range": [
                7.652240198471942,
                13.76553883220568
            ]
        },
        "U": {
            "min": 0.0,
            "max": 0.0,
            "avg": 0.0,
            "std": 0.0,
            "range": [
                0.0,
                0.0
            ]
        },
        "V": {
            "min": 0.0,
            "max": 0.0,
            "avg": 0.0,
            "std": 0.0,
            "range": [
                0.0,
                0.0
            ]
        },
        "W": {
            "min": 0.01,
            "max": 0.2,
            "avg": 0.12020022235622221,
            "std": 0.08657263284140283,
            "range": [
                0.0769139059355208,
                0.16348653877692362
            ]
        },
        "Z": {
            "min": 0.0,
            "max": 0.0,
            "avg": 0.0,
            "std": 0.0,
            "range": [
                0.0,
                0.0
            ]
        },
        "hh": {
            "min": 1.0,
            "max": 1.0,
            "avg": 1.0,
            "std": 0.0,
            "range": [
                1.0,
                1.0
            ]
        },
        "kk": {
            "min": 1.0,
            "max": 1.0,
            "avg": 1.0,
            "std": 0.0,
            "range": [
                1.0,
                1.0
            ]
        },
        "ll": {
            "min": 1.0,
            "max": 1.0,
            "avg": 1.0,
            "std": 0.0,
            "range": [
                1.0,
                1.0
            ]
        },
        "hk": {
            "min": 0.0,
            "max": 0.0,
            "avg": 0.0,
            "std": 0.0,
            "range": [
                0.0,
                0.0
            ]
        },
        "hl": {
            "min": 0.0,
            "max": 0.0,
            "avg": 0.0,
            "std": 0.0,
            "range": [
                0.0,
                0.0
            ]
        },
        "kl": {
            "min": 0.0,
            "max": 0.0,
            "avg": 0.0,
            "std": 0.0,
            "range": [
                0.0,
                0.0
            ]
        },
        "s1": {
            "min": 0.0,
            "max": 0.0,
            "avg": 0.0,
            "std": 0.0,
            "range": [
                0.0,
                0.0
            ]
        },
        "s2": {
            "min": 0.0,
            "max": 0.0,
            "avg": 0.0,
            "std": 0.0,
            "range": [
                0.0,
                0.0
            ]
        },
        "s3": {
            "min": 0.0,
            "max": 0.0,
            "avg": 0.0,
            "std": 0.0,
            "range": [
                0.0,
                0.0
            ]
        },
        "s4": {
            "min": 0.0,
            "max": 0.0,
            "avg": 0.0,
            "std": 0.0,
            "range": [
                0.0,
                0.0
            ]
        },
        "s5": {
            "min": 0.0,
            "max": 0.0,
            "avg": 0.0,
            "std": 0.0,
            "range": [
                0.0,
                0.0
            ]
        },
        "s6": {
            "min": 0.0,
            "max": 0.0,
            "avg": 0.0,
            "std": 0.0,
            "range": [
                0.0,
                0.0
            ]
        }
    },
    "atom_parameters": {
        "Ca1 (Ca+2)": {
            "X": {
                "min": 0.3349,
                "max": 0.3349,
                "avg": 0.3349,
                "std": 0.0,
                "range": [
                    0.3349,
                    0.3349
                ]
            },
            "Y": {
                "min": 0.1651,
                "max": 0.1651,
                "avg": 0.1651,
                "std": 0.0,
                "range": [
                    0.1651,
                    0.1651
                ]
            },
            "Z": {
                "min": 0.5083,
                "max": 0.5083,
                "avg": 0.5083,
                "std": 0.0,
                "range": [
                    0.5083,
                    0.5083
                ]
            },