{
    "phase_name": "Almandine_50619",
    "total_entries": 158,
    "phase_parameters": {
        "ESU": {
            "min": 0.04791,
            "max": 1.52664,
            "avg": 0.5317584056463808,
            "std": 0.40255392501995313,
            "range": [
                0.3304814431364042,
                0.7330353681563573
            ]
        },
        "SF": {
            "min": 0.0,
            "max": 2.037e-06,
            "avg": 9.162000038164116e-07,
            "std": 4.925282998959803e-07,
            "range": [
                6.699358538684214e-07,
                1.1624641537644017e-06
            ]
        },
        "A": {
            "min": 11.533,
            "max": 11.548,
            "avg": 11.540892844276097,
            "std": 0.004516239612488246,
            "range": [
                11.538634724469853,
                11.543150964082342
            ]
        },
        "B": {
            "min": 11.533,
            "max": 11.548,
            "avg": 11.540892844276097,
            "std": 0.004516239612488246,
            "range": [
                11.538634724469853,
                11.543150964082342
            ]
        },
        "C": {
            "min": 11.533,
            "max": 11.548,
            "avg": 11.540892844276097,
            "std": 0.004516239612488246,
            "range": [
                11.538634724469853,
                11.543150964082342
            ]
        },
        "Alpha": {
            "min": 90.0,
            "max": 90.0,
            "avg": 90.0,
            "std": 0.0,
            "range": [
                90.0,
                90.0
            ]
        },
        "Beta": {
            "min": 90.0,
            "max": 90.0,
            "avg": 90.0,
            "std": 0.0,
            "range": [
                90.0,
                90.0
            ]
        },
        "Gamma": {
            "min": 90.0,
            "max": 90.0,
            "avg": 90.0,
            "std": 0.0,
            "range": [
                90.0,
                90.0
            ]
        },
        "NA": {
            "min": 150.0,
            "max": 1000.0,
            "avg": 588.3161179733901,
            "std": 358.06186043065156,
            "range": [
                409.2851877580643,
                767.3470481887159
            ]
        },
        "NB": {
            "min": 0.0,
            "max": 0.0,
            "avg": 0.0,
            "std": 0.0,
            "range": [
                0.0,
                0.0
            ]
        },
        "NC": {
            "min": 1001.0,
            "max": 1001.0,
            "avg": 1001.0,
            "std": 0.0,
            "range": [
                1001.0,
                1001.0
            ]
        },
        "P1": {
            "min": 10.0,
            "max": 17.5363,
            "avg": 13.933120727885086,
            "std": 0.590033114196806,
            "range": [
                13.638104170786683,
                14.22813728498349
            ]
        },
        "P2": {
            "min": 10.0,
            "max": 16.0825,
            "avg": 11.99783064101402,
            "std": 0.529073982631968,
            "range": [
                11.733293649698036,
                12.262367632330003
            ]
        },
        "P3": {
            "min": 0.5661,
            "max": 15.0,
            "avg": 14.25382468598089,
            "std": 2.8954488956214086,
            "range": [
                12.806100238170185,
                15.0
            ]
        },
        "U": {
            "min": 0.0,
            "max": 0.0,
            "avg": 0.0,
            "std": 0.0,
            "range": [
                0.0,
                0.0
            ]
        },
        "V": {
            "min": 0.0,
            "max": 0.0,
            "avg": 0.0,
            "std": 0.0,
            "range": [
                0.0,
                0.0
            ]
        },
        "W": {
            "min": 0.001,
            "max": 0.15,
            "avg": 0.06340184094150872,
            "std": 0.04599512525702867,
            "range": [
                0.04040427831299438,
                0.08639940357002306
            ]
        },
        "Z": {
            "min": 0.0,
            "max": 0.0,
            "avg": 0.0,
            "std": 0.0,
            "range": [
                0.0,
                0.0
            ]
        },
        "hh": {
            "min": 1.0,
            "max": 1.0,
            "avg": 1.0,
            "std": 0.0,
            "range": [
                1.0,
                1.0
            ]
        },
        "kk": {
            "min": 1.0,
            "max": 1.0,
            "avg": 1.0,
            "std": 0.0,
            "range": [
                1.0,
                1.0
            ]
        },
        "ll": {
            "min": 1.0,
            "max": 1.0,
            "avg": 1.0,
            "std": 0.0,
            "range": [
                1.0,
                1.0
            ]
        },
        "hk": {
            "min": 0.0,
            "max": 0.0,
            "avg": 0.0,
            "std": 0.0,
            "range": [
                0.0,
                0.0
            ]
        },
        "hl": {
            "min": 0.0,
            "max": 0.0,
            "avg": 0.0,
            "std": 0.0,
            "range": [
                0.0,
                0.0
            ]
        },
        "kl": {
            "min": 0.0,
            "max": 0.0,
            "avg": 0.0,
            "std": 0.0,
            "range": [
                0.0,
                0.0
            ]
        },
        "s1": {
            "min": 0.0,
            "max": 0.0,
            "avg": 0.0,
            "std": 0.0,
            "range": [
                0.0,
                0.0
            ]
        },
        "s2": {
            "min": 0.0,
            "max": 0.0,
            "avg": 0.0,
            "std": 0.0,
            "range": [
                0.0,
                0.0
            ]
        },
        "s3": {
            "min": 0.0,
            "max": 0.0,
            "avg": 0.0,
            "std": 0.0,
            "range": [
                0.0,
                0.0
            ]
        },
        "s4": {
            "min": 0.0,
            "max": 0.0,
            "avg": 0.0,
            "std": 0.0,
            "range": [
                0.0,
                0.0
            ]
        },
        "s5": {
            "min": 0.0,
            "max": 0.0,
            "avg": 0.0,
            "std": 0.0,
            "range": [
                0.0,
                0.0
            ]
        },
        "s6": {
            "min": 0.0,
            "max": 0.0,
            "avg": 0.0,
            "std": 0.0,
            "range": [
                0.0,
                0.0
            ]
        }
    },
    "atom_parameters": {
        "Fe1 (Fe+2)": {
            "X": {
                "min": 0.0,
                "max": 0.0,
                "avg": 0.0,
                "std": 0.0,
                "range": [
                    0.0,
                    0.0
                ]
            },
            "Y": {
                "min": 0.25,
                "max": 0.25,
                "avg": 0.25,
                "std": 0.0,
                "range": [
                    0.25,
                    0.25
                ]
            },
            "Z": {
                "min": 0.125,
                "max": 0.125,
                "avg": 0.125,
                "std": 0.0,
                "range": [
                    0.125,
                    0.125
                ]
            },
            "B": {
                "min": 0.586,