{
    "phase_name": "Andalusite_84614",
    "total_entries": 6,
    "phase_parameters": {
        "ESU": {
            "min": 0.11976,
            "max": 0.6491,
            "avg": 0.4992594575113809,
            "std": 0.21565385671541623,
            "range": [
                0.39143252915367277,
                0.607086385869089
            ]
        },
        "SF": {
            "min": 4.646e-06,
            "max": 1.9478e-05,
            "avg": 1.6262275417298937e-05,
            "std": 5.420443563622952e-06,
            "range": [
                1.3552053635487461e-05,
                1.8972497199110412e-05
            ]
        },
        "A": {
            "min": 7.78,
            "max": 7.7948,
            "avg": 7.791979515680324,
            "std": 0.0038944486748660138,
            "range": [
                7.79003229134289,
                7.793926740017757
            ]
        },
        "B": {
            "min": 7.89808,
            "max": 7.92,
            "avg": 7.903257813606474,
            "std": 0.007081544726102891,
            "range": [
                7.899717041243422,
                7.906798585969526
            ]
        },
        "C": {
            "min": 5.55487,
            "max": 5.58,
            "avg": 5.5615905285786535,
            "std": 0.010685333958731917,
            "range": [
                5.556247861599288,
                5.566933195558019
            ]
        },
        "Alpha": {
            "min": 90.0,
            "max": 90.0,
            "avg": 90.0,
            "std": 0.0,
            "range": [
                90.0,
                90.0
            ]
        },
        "Beta": {
            "min": 90.0,
            "max": 90.0,
            "avg": 90.0,
            "std": 0.0,
            "range": [
                90.0,
                90.0
            ]
        },
        "Gamma": {
            "min": 90.0,
            "max": 90.0,
            "avg": 90.0,
            "std": 0.0,
            "range": [
                90.0,
                90.0
            ]
        },
        "NA": {
            "min": 150.0006,
            "max": 1199.9999,
            "avg": 675.1924567147192,
            "std": 430.89117561807507,
            "range": [
                459.7468689056817,
                890.6380445237568
            ]
        },
        "NB": {
            "min": 0.0,
            "max": 0.0,
            "avg": 0.0,
            "std": 0.0,
            "range": [
                0.0,
                0.0
            ]
        },
        "NC": {
            "min": 1001.0,
            "max": 1001.0,
            "avg": 1001.0,
            "std": 0.0,
            "range": [
                1001.0,
                1001.0
            ]
        },
        "P1": {
            "min": 14.0,
            "max": 14.0,
            "avg": 14.0,
            "std": 0.0,
            "range": [
                14.0,
                14.0
            ]
        },
        "P2": {
            "min": 12.0,
            "max": 12.0,
            "avg": 12.0,
            "std": 0.0,
            "range": [
                12.0,
                12.0
            ]
        },
        "P3": {
            "min": 15.0,
            "max": 15.0,
            "avg": 15.0,
            "std": 0.0,
            "range": [
                15.0,
                15.0
            ]
        },
        "U": {
            "min": 0.0,
            "max": 0.0,
            "avg": 0.0,
            "std": 0.0,
            "range": [
                0.0,
                0.0
            ]
        },
        "V": {
            "min": 0.0,
            "max": 0.0,
            "avg": 0.0,
            "std": 0.0,
            "range": [
                0.0,
                0.0
            ]
        },
        "W": {
            "min": 0.0011,
            "max": 0.15,
            "avg": 0.05174322205361659,
            "std": 0.04076244823334939,
            "range": [
                0.031361997936941895,
                0.07212444617029129
            ]
        },
        "Z": {
            "min": 0.0,
            "max": 0.0,
            "avg": 0.0,
            "std": 0.0,
            "range": [
                0.0,
                0.0
            ]
        },
        "hh": {
            "min": 0.65,
            "max": 0.88436,
            "avg": 0.7739675746079919,
            "std": 0.06039668894080842,
            "range": [
                0.7437692301375877,
                0.8041659190783962
            ]
        },
        "kk": {
            "min": 1.0,
            "max": 1.0,
            "avg": 1.0,
            "std": 0.0,
            "range": [
                1.0,
                1.0
            ]
        },
        "ll": {
            "min": 1.0,
            "max": 1.0,
            "avg": 1.0,
            "std": 0.0,
            "range": [
                1.0,
                1.0
            ]
        },
        "hk": {
            "min": 0.0,
            "max": 0.0,
            "avg": 0.0,
            "std": 0.0,
            "range": [
                0.0,
                0.0
            ]
        },
        "hl": {
            "min": 0.0,
            "max": 0.0,
            "avg": 0.0,
            "std": 0.0,
            "range": [
                0.0,
                0.0
            ]
        },
        "kl": {
            "min": 0.0,
            "max": 0.0,
            "avg": 0.0,
            "std": 0.0,
            "range": [
                0.0,
                0.0
            ]
        },
        "s1": {
            "min": 0.0,
            "max": 0.0,
            "avg": 0.0,
            "std": 0.0,
            "range": [
                0.0,
                0.0
            ]
        },
        "s2": {
            "min": 0.0,
            "max": 0.0,
            "avg": 0.0,
            "std": 0.0,
            "range": [
                0.0,
                0.0
            ]
        },
        "s3": {
            "min": 0.0,
            "max": 0.0,
            "avg": 0.0,
            "std": 0.0,
            "range": [
                0.0,
                0.0
            ]
        },
        "s4": {
            "min": 0.0,
            "max": 0.0,
            "avg": 0.0,
            "std": 0.0,
            "range": [
                0.0,
                0.0
            ]
        },
        "s5": {
            "min": 0.0,
            "max": 0.0,
            "avg": 0.0,
            "std": 0.0,
            "range": [
                0.0,
                0.0
            ]
        },
        "s6": {
            "min": 0.0,
            "max": 0.0,
            "avg": 0.0,
            "std": 0.0,
            "range": [
                0.0,
                0.0
            ]
        }
    },
    "atom_parameters": {
        "Si1 (Si+4)": {
            "X": {
                "min": 0.24606,
                "max": 0.24606,
                "avg": 0.24606,
                "std": 0.0,
                "range": [
                    0.24606,
                    0.24606
                ]
            },
            "Y": {
                "min": 0.25217,
                "max": 0.25217,
                "avg": 0.25217,
                "std": 0.0,
                "range": [
                    0.25217,
                    0.25217
                ]
            },
            "Z": {
                "min": 0.0,
                "max": 0.0,
                "avg": 0.0,
                "std": 0.0,
                "range": [
                    0.0,
                    0.0
                ]
            },
            "B": {
                "min": 0.24213,
                "max": 0.24213,
                "avg": 0.24213,