{
    "phase_name": "Andradite_202962",
    "total_entries": 79,
    "phase_parameters": {
        "ESU": {
            "min": 0.0493,
            "max": 0.4974,
            "avg": 0.17986563310115777,
            "std": 0.08549151861880303,
            "range": [
                0.13711987379175627,
                0.22261139241055927
            ]
        },
        "SF": {
            "min": 0.0,
            "max": 3.23e-07,
            "avg": 9.643987268785459e-08,
            "std": 7.578741543855095e-08,
            "range": [
                5.854616496857912e-08,
                1.3433358040713007e-07
            ]
        },
        "A": {
            "min": 11.9,
            "max": 11.99,
            "avg": 11.94954363208635,
            "std": 0.02527386623511853,
            "range": [
                11.93690669896879,
                11.962180565203909
            ]
        },
        "B": {
            "min": 11.9,
            "max": 11.99,
            "avg": 11.94954363208635,
            "std": 0.02527386623511853,
            "range": [
                11.93690669896879,
                11.962180565203909
            ]
        },
        "C": {
            "min": 11.9,
            "max": 11.99,
            "avg": 11.94954363208635,
            "std": 0.02527386623511853,
            "range": [
                11.93690669896879,
                11.962180565203909
            ]
        },
        "Alpha": {
            "min": 90.0,
            "max": 90.0,
            "avg": 90.0,
            "std": 0.0,
            "range": [
                90.0,
                90.0
            ]
        },
        "Beta": {
            "min": 90.0,
            "max": 90.0,
            "avg": 90.0,
            "std": 0.0,
            "range": [
                90.0,
                90.0
            ]
        },
        "Gamma": {
            "min": 90.0,
            "max": 90.0,
            "avg": 90.0,
            "std": 0.0,
            "range": [
                90.0,
                90.0
            ]
        },
        "NA": {
            "min": 120.0,
            "max": 1000.0,
            "avg": 621.9521051662899,
            "std": 423.4451359736108,
            "range": [
                410.2295371794845,
                833.6746731530953
            ]
        },
        "NB": {
            "min": 0.0,
            "max": 0.0,
            "avg": 0.0,
            "std": 0.0,
            "range": [
                0.0,
                0.0
            ]
        },
        "NC": {
            "min": 1001.0,
            "max": 1001.0,
            "avg": 1001.0,
            "std": 0.0,
            "range": [
                1001.0,
                1001.0
            ]
        },
        "P1": {
            "min": 10.0,
            "max": 17.8943,
            "avg": 13.948331924904283,
            "std": 2.312152762919302,
            "range": [
                12.792255543444632,
                15.104408306363933
            ]
        },
        "P2": {
            "min": 10.0,
            "max": 15.791,
            "avg": 11.087241108907236,
            "std": 1.1019270936369236,
            "range": [
                10.536277562088774,
                11.638204655725698
            ]
        },
        "P3": {
            "min": 0.5001,
            "max": 15.0,
            "avg": 7.628613367775266,
            "std": 5.807309350419473,
            "range": [
                4.724958692565529,
                10.532268042985002
            ]
        },
        "U": {
            "min": 0.0,
            "max": 0.0,
            "avg": 0.0,
            "std": 0.0,
            "range": [
                0.0,
                0.0
            ]
        },
        "V": {
            "min": 0.0,
            "max": 0.0,
            "avg": 0.0,
            "std": 0.0,
            "range": [
                0.0,
                0.0
            ]
        },
        "W": {
            "min": 0.01,
            "max": 0.2,
            "avg": 0.12086200470501407,
            "std": 0.07124029403456615,
            "range": [
                0.08524185768773099,
                0.15648215172229715
            ]
        },
        "Z": {
            "min": 0.0,
            "max": 0.0,
            "avg": 0.0,
            "std": 0.0,
            "range": [
                0.0,
                0.0
            ]
        },
        "hh": {
            "min": 1.0,
            "max": 1.0,
            "avg": 1.0,
            "std": 0.0,
            "range": [
                1.0,
                1.0
            ]
        },
        "kk": {
            "min": 1.0,
            "max": 1.0,
            "avg": 1.0,
            "std": 0.0,
            "range": [
                1.0,
                1.0
            ]
        },
        "ll": {
            "min": 1.0,
            "max": 1.0,
            "avg": 1.0,
            "std": 0.0,
            "range": [
                1.0,
                1.0
            ]
        },
        "hk": {
            "min": 0.0,
            "max": 0.0,
            "avg": 0.0,
            "std": 0.0,
            "range": [
                0.0,
                0.0
            ]
        },
        "hl": {
            "min": 0.0,
            "max": 0.0,
            "avg": 0.0,
            "std": 0.0,
            "range": [
                0.0,
                0.0
            ]
        },
        "kl": {
            "min": 0.0,
            "max": 0.0,
            "avg": 0.0,
            "std": 0.0,
            "range": [
                0.0,
                0.0
            ]
        },
        "s1": {
            "min": 0.0,
            "max": 0.0,
            "avg": 0.0,
            "std": 0.0,
            "range": [
                0.0,
                0.0
            ]
        },
        "s2": {
            "min": 0.0,
            "max": 0.0,
            "avg": 0.0,
            "std": 0.0,
            "range": [
                0.0,
                0.0
            ]
        },
        "s3": {
            "min": 0.0,
            "max": 0.0,
            "avg": 0.0,
            "std": 0.0,
            "range": [
                0.0,
                0.0
            ]
        },
        "s4": {
            "min": 0.0,
            "max": 0.0,
            "avg": 0.0,
            "std": 0.0,
            "range": [
                0.0,
                0.0
            ]
        },
        "s5": {
            "min": 0.0,
            "max": 0.0,
            "avg": 0.0,
            "std": 0.0,
            "range": [
                0.0,
                0.0
            ]
        },
        "s6": {
            "min": 0.0,
            "max": 0.0,
            "avg": 0.0,
            "std": 0.0,
            "range": [
                0.0,
                0.0
            ]
        }
    },
    "atom_parameters": {
        "Si1 (Si+4)": {
            "X": {
                "min": 0.375,
                "max": 0.375,
                "avg": 0.375,
                "std": 0.0,
                "range": [
                    0.375,
                    0.375
                ]
            },
            "Y": {
                "min": 0.0,
                "max": 0.0,
                "avg": 0.0,
                "std": 0.0,
                "range": [
                    0.0,
                    0.0
                ]
            },
            "Z": {
                "min": 0.25,
                "max": 0.25,
                "avg": 0.25,
                "std": 0.0,
                "range": [
                    0.25,
                    0.25
                ]
            },
            "B": {
                "min": 0.54,