{
    "phase_name": "Anhydrite_183917",
    "total_entries": 4,
    "phase_parameters": {
        "ESU": {
            "min": 0.4951,
            "max": 1.84879,
            "avg": 1.0923331102649696,
            "std": 0.49592982528470514,
            "range": [
                0.8443681976226171,
                1.3402980229073223
            ]
        },
        "SF": {
            "min": 2.6778e-05,
            "max": 4.8605e-05,
            "avg": 3.734342556853745e-05,
            "std": 7.060850982218317e-06,
            "range": [
                3.3813000077428294e-05,
                4.087385105964661e-05
            ]
        },
        "A": {
            "min": 6.92,
            "max": 7.00015,
            "avg": 6.946777652305445,
            "std": 0.029006940311440885,
            "range": [
                6.932274182149725,
                6.961281122461165
            ]
        },
        "B": {
            "min": 6.98391,
            "max": 7.0048,
            "avg": 6.9894121515752134,
            "std": 0.008221044850538704,
            "range": [
                6.985301629149944,
                6.9935226740004826
            ]
        },
        "C": {
            "min": 6.24453,
            "max": 6.29525,
            "avg": 6.276996061965366,
            "std": 0.018091400164851938,
            "range": [
                6.2679503618829395,
                6.286041762047792
            ]
        },
        "Alpha": {
            "min": 90.0,
            "max": 90.0,
            "avg": 90.0,
            "std": 0.0,
            "range": [
                90.0,
                90.0
            ]
        },
        "Beta": {
            "min": 90.0,
            "max": 90.0,
            "avg": 90.0,
            "std": 0.0,
            "range": [
                90.0,
                90.0
            ]
        },
        "Gamma": {
            "min": 90.0,
            "max": 90.0,
            "avg": 90.0,
            "std": 0.0,
            "range": [
                90.0,
                90.0
            ]
        },
        "NA": {
            "min": 70.0,
            "max": 74.7749,
            "avg": 72.38745,
            "std": 0.0,
            "range": [
                70.0,
                74.7749
            ]
        },
        "NB": {
            "min": 0.0,
            "max": 0.0,
            "avg": 0.0,
            "std": 0.0,
            "range": [
                0.0,
                0.0
            ]
        },
        "NC": {
            "min": 1001.0,
            "max": 1001.0,
            "avg": 1001.0,
            "std": 0.0,
            "range": [
                1001.0,
                1001.0
            ]
        },
        "P1": {
            "min": 14.0,
            "max": 14.0,
            "avg": 14.0,
            "std": 0.0,
            "range": [
                14.0,
                14.0
            ]
        },
        "P2": {
            "min": 12.0,
            "max": 12.0,
            "avg": 12.0,
            "std": 0.0,
            "range": [
                12.0,
                12.0
            ]
        },
        "P3": {
            "min": 15.0,
            "max": 15.0,
            "avg": 15.0,
            "std": 0.0,
            "range": [
                15.0,
                15.0
            ]
        },
        "U": {
            "min": 0.0,
            "max": 0.0,
            "avg": 0.0,
            "std": 0.0,
            "range": [
                0.0,
                0.0
            ]
        },
        "V": {
            "min": 0.0,
            "max": 0.0,
            "avg": 0.0,
            "std": 0.0,
            "range": [
                0.0,
                0.0
            ]
        },
        "W": {
            "min": 0.3,
            "max": 0.3,
            "avg": 0.3,
            "std": 0.0,
            "range": [
                0.3,
                0.3
            ]
        },
        "Z": {
            "min": 0.0,
            "max": 0.0,
            "avg": 0.0,
            "std": 0.0,
            "range": [
                0.0,
                0.0
            ]
        },
        "hh": {
            "min": 0.60963,
            "max": 0.74179,
            "avg": 0.6649980090757354,
            "std": 0.048231043765715416,
            "range": [
                0.6408824871928777,
                0.6891135309585931
            ]
        },
        "kk": {
            "min": 1.0,
            "max": 1.0,
            "avg": 1.0,
            "std": 0.0,
            "range": [
                1.0,
                1.0
            ]
        },
        "ll": {
            "min": 1.0,
            "max": 1.0,
            "avg": 1.0,
            "std": 0.0,
            "range": [
                1.0,
                1.0
            ]
        },
        "hk": {
            "min": 0.0,
            "max": 0.0,
            "avg": 0.0,
            "std": 0.0,
            "range": [
                0.0,
                0.0
            ]
        },
        "hl": {
            "min": 0.0,
            "max": 0.0,
            "avg": 0.0,
            "std": 0.0,
            "range": [
                0.0,
                0.0
            ]
        },
        "kl": {
            "min": 0.0,
            "max": 0.0,
            "avg": 0.0,
            "std": 0.0,
            "range": [
                0.0,
                0.0
            ]
        },
        "s1": {
            "min": 0.0,
            "max": 0.0,
            "avg": 0.0,
            "std": 0.0,
            "range": [
                0.0,
                0.0
            ]
        },
        "s2": {
            "min": 0.0,
            "max": 0.0,
            "avg": 0.0,
            "std": 0.0,
            "range": [
                0.0,
                0.0
            ]
        },
        "s3": {
            "min": 0.0,
            "max": 0.0,
            "avg": 0.0,
            "std": 0.0,
            "range": [
                0.0,
                0.0
            ]
        },
        "s4": {
            "min": 0.0,
            "max": 0.0,
            "avg": 0.0,
            "std": 0.0,
            "range": [
                0.0,
                0.0
            ]
        },
        "s5": {
            "min": 0.0,
            "max": 0.0,
            "avg": 0.0,
            "std": 0.0,
            "range": [
                0.0,
                0.0
            ]
        },
        "s6": {
            "min": 0.0,
            "max": 0.0,
            "avg": 0.0,
            "std": 0.0,
            "range": [
                0.0,
                0.0
            ]
        }
    },
    "atom_parameters": {
        "Ca1 (Ca+2)": {
            "X": {
                "min": 0.75,
                "max": 0.75,
                "avg": 0.75,
                "std": 0.0,
                "range": [
                    0.75,
                    0.75
                ]
            },
            "Y": {
                "min": 0.0,
                "max": 0.0,
                "avg": 0.0,
                "std": 0.0,
                "range": [
                    0.0,
                    0.0
                ]
            },
            "Z": {
                "min": 0.32637,
                "max": 0.34653,
                "avg": 0.33443091904861255,
                "std": 0.008155540943485355,
                "range": [
                    0.33035314857686987,
                    0.33850868952035523
                ]
            },
            "B": {
                "min": 0.63955,
                "max": 0.63955,
                "avg": 0.63955,
                "std": 0.0,