{
    "phase_name": "Ankerite_152200",
    "total_entries": 310,
    "phase_parameters": {
        "ESU": {
            "min": 0.14596,
            "max": 6.02895,
            "avg": 1.005931691034138,
            "std": 0.8699218384115815,
            "range": [
                0.5709707718283472,
                1.4408926102399289
            ]
        },
        "SF": {
            "min": 0.0,
            "max": 0.000467465,
            "avg": 9.991570855466826e-05,
            "std": 0.00010735150620566865,
            "range": [
                4.623995545183394e-05,
                0.00015359146165750258
            ]
        },
        "A": {
            "min": 4.81,
            "max": 4.84,
            "avg": 4.819482567280707,
            "std": 0.0073968384960964965,
            "range": [
                4.815784148032659,
                4.8231809865287545
            ]
        },
        "B": {
            "min": 4.81,
            "max": 4.84,
            "avg": 4.819482567280707,
            "std": 0.0073968384960964965,
            "range": [
                4.815784148032659,
                4.8231809865287545
            ]
        },
        "C": {
            "min": 16.04,
            "max": 16.18,
            "avg": 16.09490573638019,
            "std": 0.04582254945380279,
            "range": [
                16.07199446165329,
                16.117817011107093
            ]
        },
        "Alpha": {
            "min": 90.0,
            "max": 90.0,
            "avg": 90.0,
            "std": 0.0,
            "range": [
                90.0,
                90.0
            ]
        },
        "Beta": {
            "min": 90.0,
            "max": 90.0,
            "avg": 90.0,
            "std": 0.0,
            "range": [
                90.0,
                90.0
            ]
        },
        "Gamma": {
            "min": 120.0,
            "max": 120.0,
            "avg": 120.0,
            "std": 0.0,
            "range": [
                120.0,
                120.0
            ]
        },
        "NA": {
            "min": 100.0,
            "max": 800.0,
            "avg": 396.633075655949,
            "std": 281.72134484273545,
            "range": [
                255.7724032345813,
                537.4937480773167
            ]
        },
        "NB": {
            "min": 0.0,
            "max": 0.0,
            "avg": 0.0,
            "std": 0.0,
            "range": [
                0.0,
                0.0
            ]
        },
        "NC": {
            "min": 1001.0,
            "max": 1001.0,
            "avg": 1001.0,
            "std": 0.0,
            "range": [
                1001.0,
                1001.0
            ]
        },
        "P1": {
            "min": 10.0,
            "max": 17.5363,
            "avg": 13.648747496253122,
            "std": 1.0626376862378417,
            "range": [
                13.117428653134201,
                14.180066339372043
            ]
        },
        "P2": {
            "min": 10.0,
            "max": 45.9489,
            "avg": 12.348796127061371,
            "std": 4.299270073177159,
            "range": [
                10.199161090472792,
                14.49843116364995
            ]
        },
        "P3": {
            "min": 0.5,
            "max": 15.0,
            "avg": 13.530033588914746,
            "std": 3.964734858461239,
            "range": [
                11.547666159684127,
                15.0
            ]
        },
        "U": {
            "min": 0.0,
            "max": 0.0,
            "avg": 0.0,
            "std": 0.0,
            "range": [
                0.0,
                0.0
            ]
        },
        "V": {
            "min": 0.0,
            "max": 0.0,
            "avg": 0.0,
            "std": 0.0,
            "range": [
                0.0,
                0.0
            ]
        },
        "W": {
            "min": 0.01,
            "max": 0.35,
            "avg": 0.26757237001461026,
            "std": 0.09109035358007403,
            "range": [
                0.22202719322457326,
                0.31311754680464726
            ]
        },
        "Z": {
            "min": 0.0,
            "max": 0.0,
            "avg": 0.0,
            "std": 0.0,
            "range": [
                0.0,
                0.0
            ]
        },
        "hh": {
            "min": 0.5,
            "max": 1.5,
            "avg": 0.9601891847565964,
            "std": 0.2698788593253935,
            "range": [
                0.8252497550938996,
                1.095128614419293
            ]
        },
        "kk": {
            "min": 1.0,
            "max": 1.0,
            "avg": 1.0,
            "std": 0.0,
            "range": [
                1.0,
                1.0
            ]
        },
        "ll": {
            "min": 1.0,
            "max": 1.0,
            "avg": 1.0,
            "std": 0.0,
            "range": [
                1.0,
                1.0
            ]
        },
        "hk": {
            "min": 0.0,
            "max": 0.0,
            "avg": 0.0,
            "std": 0.0,
            "range": [
                0.0,
                0.0
            ]
        },
        "hl": {
            "min": 0.0,
            "max": 0.0,
            "avg": 0.0,
            "std": 0.0,
            "range": [
                0.0,
                0.0
            ]
        },
        "kl": {
            "min": 0.0,
            "max": 0.0,
            "avg": 0.0,
            "std": 0.0,
            "range": [
                0.0,
                0.0
            ]
        },
        "s1": {
            "min": 0.0,
            "max": 0.0,
            "avg": 0.0,
            "std": 0.0,
            "range": [
                0.0,
                0.0
            ]
        },
        "s2": {
            "min": 0.0,
            "max": 0.0,
            "avg": 0.0,
            "std": 0.0,
            "range": [
                0.0,
                0.0
            ]
        },
        "s3": {
            "min": 0.0,
            "max": 0.0,
            "avg": 0.0,
            "std": 0.0,
            "range": [
                0.0,
                0.0
            ]
        },
        "s4": {
            "min": 0.0,
            "max": 0.0,
            "avg": 0.0,
            "std": 0.0,
            "range": [
                0.0,
                0.0
            ]
        },
        "s5": {
            "min": 0.0,
            "max": 0.0,
            "avg": 0.0,
            "std": 0.0,
            "range": [
                0.0,
                0.0
            ]
        },
        "s6": {
            "min": 0.0,
            "max": 0.0,
            "avg": 0.0,
            "std": 0.0,
            "range": [
                0.0,
                0.0
            ]
        }
    },
    "atom_parameters": {
        "Ca1 (Ca+2)": {
            "X": {
                "min": 0.0,
                "max": 0.0,
                "avg": 0.0,
                "std": 0.0,
                "range": [
                    0.0,
                    0.0
                ]
            },
            "Y": {
                "min": 0.0,
                "max": 0.0,
                "avg": 0.0,
                "std": 0.0,
                "range": [
                    0.0,
                    0.0
                ]
            },
            "Z": {
                "min": 0.0,
                "max": 0.0,
                "avg": 0.0,
                "std": 0.0,
                "range": [
                    0.0,
                    0.0
                ]
            },