{
    "phase_name": "Arsenopyrite_185809",
    "total_entries": 647,
    "phase_parameters": {
        "ESU": {
            "min": 0.07384,
            "max": 10.66905,
            "avg": 2.467985542447359,
            "std": 1.4109811338993041,
            "range": [
                1.762494975497707,
                3.1734761093970114
            ]
        },
        "SF": {
            "min": 0.0,
            "max": 0.001372186,
            "avg": 0.00016735744663546638,
            "std": 0.00021921886164135603,
            "range": [
                5.7748015814788366e-05,
                0.0002769668774561444
            ]
        },
        "A": {
            "min": 5.735,
            "max": 5.77,
            "avg": 5.743489697265985,
            "std": 0.00887372411494629,
            "range": [
                5.739052835208511,
                5.747926559323458
            ]
        },
        "B": {
            "min": 5.664,
            "max": 5.7,
            "avg": 5.669145522682507,
            "std": 0.0053881384698348045,
            "range": [
                5.66645145344759,
                5.671839591917425
            ]
        },
        "C": {
            "min": 5.736,
            "max": 5.787,
            "avg": 5.755929847252005,
            "std": 0.009848250863721243,
            "range": [
                5.751005721820144,
                5.760853972683865
            ]
        },
        "Alpha": {
            "min": 90.0,
            "max": 90.0,
            "avg": 90.0,
            "std": 0.0,
            "range": [
                90.0,
                90.0
            ]
        },
        "Beta": {
            "min": 111.35,
            "max": 112.3,
            "avg": 111.44757721035985,
            "std": 0.1515926513346947,
            "range": [
                111.37178088469251,
                111.5233735360272
            ]
        },
        "Gamma": {
            "min": 90.0,
            "max": 90.0,
            "avg": 90.0,
            "std": 0.0,
            "range": [
                90.0,
                90.0
            ]
        },
        "NA": {
            "min": 100.0,
            "max": 1500.0,
            "avg": 860.5859147877958,
            "std": 604.7718315457826,
            "range": [
                558.1999990149045,
                1162.971830560687
            ]
        },
        "NB": {
            "min": 0.0,
            "max": 0.0,
            "avg": 0.0,
            "std": 0.0,
            "range": [
                0.0,
                0.0
            ]
        },
        "NC": {
            "min": 1001.0,
            "max": 1001.0,
            "avg": 1001.0,
            "std": 0.0,
            "range": [
                1001.0,
                1001.0
            ]
        },
        "P1": {
            "min": 10.0,
            "max": 17.9605,
            "avg": 13.944701631011478,
            "std": 0.8021181440740082,
            "range": [
                13.543642558974474,
                14.345760703048482
            ]
        },
        "P2": {
            "min": 10.0,
            "max": 45.9489,
            "avg": 11.939517266285586,
            "std": 1.084022920491587,
            "range": [
                11.397505806039792,
                12.48152872653138
            ]
        },
        "P3": {
            "min": 0.5001,
            "max": 15.0,
            "avg": 13.838417264952806,
            "std": 3.6398345935572674,
            "range": [
                12.018499968174172,
                15.0
            ]
        },
        "U": {
            "min": 0.0,
            "max": 0.0,
            "avg": 0.0,
            "std": 0.0,
            "range": [
                0.0,
                0.0
            ]
        },
        "V": {
            "min": 0.0,
            "max": 0.0,
            "avg": 0.0,
            "std": 0.0,
            "range": [
                0.0,
                0.0
            ]
        },
        "W": {
            "min": 0.001,
            "max": 0.3,
            "avg": 0.15364203374373522,
            "std": 0.06777218600659507,
            "range": [
                0.11975594074043769,
                0.18752812674703276
            ]
        },
        "Z": {
            "min": 0.0,
            "max": 0.0,
            "avg": 0.0,
            "std": 0.0,
            "range": [
                0.0,
                0.0
            ]
        },
        "hh": {
            "min": 0.75,
            "max": 1.0,
            "avg": 0.9342343688007981,
            "std": 0.06312912229097593,
            "range": [
                0.9026698076553101,
                0.9657989299462861
            ]
        },
        "kk": {
            "min": 0.7,
            "max": 1.0,
            "avg": 0.9218321481416786,
            "std": 0.07070110276655409,
            "range": [
                0.8864815967584015,
                0.9571826995249556
            ]
        },
        "ll": {
            "min": 0.8,
            "max": 1.0,
            "avg": 0.9650231895849154,
            "std": 0.0497302449944987,
            "range": [
                0.940158067087666,
                0.9898883120821648
            ]
        },
        "hk": {
            "min": 0.0,
            "max": 0.0,
            "avg": 0.0,
            "std": 0.0,
            "range": [
                0.0,
                0.0
            ]
        },
        "hl": {
            "min": 0.0,
            "max": 0.0,
            "avg": 0.0,
            "std": 0.0,
            "range": [
                0.0,
                0.0
            ]
        },
        "kl": {
            "min": 0.0,
            "max": 0.0,
            "avg": 0.0,
            "std": 0.0,
            "range": [
                0.0,
                0.0
            ]
        },
        "s1": {
            "min": 0.0,
            "max": 0.0,
            "avg": 0.0,
            "std": 0.0,
            "range": [
                0.0,
                0.0
            ]
        },
        "s2": {
            "min": 0.0,
            "max": 0.0,
            "avg": 0.0,
            "std": 0.0,
            "range": [
                0.0,
                0.0
            ]
        },
        "s3": {
            "min": 0.0,
            "max": 0.0,
            "avg": 0.0,
            "std": 0.0,
            "range": [
                0.0,
                0.0
            ]
        },
        "s4": {
            "min": 0.0,
            "max": 0.0,
            "avg": 0.0,
            "std": 0.0,
            "range": [
                0.0,
                0.0
            ]
        },
        "s5": {
            "min": 0.0,
            "max": 0.0,
            "avg": 0.0,
            "std": 0.0,
            "range": [
                0.0,
                0.0
            ]
        },
        "s6": {
            "min": 0.0,
            "max": 0.0,
            "avg": 0.0,
            "std": 0.0,
            "range": [
                0.0,
                0.0
            ]
        }
    },
    "atom_parameters": {
        "Fe1 (Fe+2)": {
            "X": {
                "min": 0.27,
                "max": 0.288,
                "avg": 0.2794683474428478,
                "std": 0.004770432004345062,
                "range": [
                    0.2770831314406753,
                    0.2818535634450203
                ]
            },
            "Y": {
                "min": 0.98,
                "max": 0.9999,
                "avg": 0.990383150764137,
                "std": 0.006267150929563783,