{
    "phase_name": "Baddeleyite_82543",
    "total_entries": 2,
    "phase_parameters": {
        "ESU": {
            "min": 1.32668,
            "max": 7.41153,
            "avg": 4.369105,
            "std": 0.0,
            "range": [
                1.32668,
                7.41153
            ]
        },
        "SF": {
            "min": 7.558e-05,
            "max": 0.000121225,
            "avg": 9.84025e-05,
            "std": 0.0,
            "range": [
                7.558e-05,
                0.000121225
            ]
        },
        "A": {
            "min": 5.14155,
            "max": 5.14472,
            "avg": 5.143135,
            "std": 0.0,
            "range": [
                5.14155,
                5.14472
            ]
        },
        "B": {
            "min": 5.16742,
            "max": 5.23922,
            "avg": 5.20332,
            "std": 0.0,
            "range": [
                5.16742,
                5.23922
            ]
        },
        "C": {
            "min": 5.24386,
            "max": 5.30432,
            "avg": 5.274089999999999,
            "std": 0.0,
            "range": [
                5.24386,
                5.30432
            ]
        },
        "Alpha": {
            "min": 90.0,
            "max": 90.0,
            "avg": 90.0,
            "std": 0.0,
            "range": [
                90.0,
                90.0
            ]
        },
        "Beta": {
            "min": 98.2472,
            "max": 98.8937,
            "avg": 98.57045,
            "std": 0.0,
            "range": [
                98.2472,
                98.8937
            ]
        },
        "Gamma": {
            "min": 90.0,
            "max": 90.0,
            "avg": 90.0,
            "std": 0.0,
            "range": [
                90.0,
                90.0
            ]
        },
        "NA": {
            "min": 50.0,
            "max": 50.0,
            "avg": 50.0,
            "std": 0.0,
            "range": [
                50.0,
                50.0
            ]
        },
        "NB": {
            "min": 0.0,
            "max": 0.0,
            "avg": 0.0,
            "std": 0.0,
            "range": [
                0.0,
                0.0
            ]
        },
        "NC": {
            "min": 1001.0,
            "max": 1001.0,
            "avg": 1001.0,
            "std": 0.0,
            "range": [
                1001.0,
                1001.0
            ]
        },
        "P1": {
            "min": 10.335,
            "max": 12.9176,
            "avg": 11.6263,
            "std": 0.0,
            "range": [
                10.335,
                12.9176
            ]
        },
        "P2": {
            "min": 10.0,
            "max": 11.4661,
            "avg": 10.73305,
            "std": 0.0,
            "range": [
                10.0,
                11.4661
            ]
        },
        "P3": {
            "min": 7.3252,
            "max": 14.6234,
            "avg": 10.9743,
            "std": 0.0,
            "range": [
                7.3252,
                14.6234
            ]
        },
        "U": {
            "min": 0.0,
            "max": 0.0,
            "avg": 0.0,
            "std": 0.0,
            "range": [
                0.0,
                0.0
            ]
        },
        "V": {
            "min": 0.0,
            "max": 0.0,
            "avg": 0.0,
            "std": 0.0,
            "range": [
                0.0,
                0.0
            ]
        },
        "W": {
            "min": 0.3,
            "max": 0.3,
            "avg": 0.3,
            "std": 0.0,
            "range": [
                0.3,
                0.3
            ]
        },
        "Z": {
            "min": 0.0,
            "max": 0.0,
            "avg": 0.0,
            "std": 0.0,
            "range": [
                0.0,
                0.0
            ]
        },
        "hh": {
            "min": 1.0,
            "max": 1.0,
            "avg": 1.0,
            "std": 0.0,
            "range": [
                1.0,
                1.0
            ]
        },
        "kk": {
            "min": 1.0,
            "max": 1.0,
            "avg": 1.0,
            "std": 0.0,
            "range": [
                1.0,
                1.0
            ]
        },
        "ll": {
            "min": 1.0,
            "max": 1.0,
            "avg": 1.0,
            "std": 0.0,
            "range": [
                1.0,
                1.0
            ]
        },
        "hk": {
            "min": 0.0,
            "max": 0.0,
            "avg": 0.0,
            "std": 0.0,
            "range": [
                0.0,
                0.0
            ]
        },
        "hl": {
            "min": 0.0,
            "max": 0.0,
            "avg": 0.0,
            "std": 0.0,
            "range": [
                0.0,
                0.0
            ]
        },
        "kl": {
            "min": 0.0,
            "max": 0.0,
            "avg": 0.0,
            "std": 0.0,
            "range": [
                0.0,
                0.0
            ]
        },
        "s1": {
            "min": 0.0,
            "max": 0.0,
            "avg": 0.0,
            "std": 0.0,
            "range": [
                0.0,
                0.0
            ]
        },
        "s2": {
            "min": 0.0,
            "max": 0.0,
            "avg": 0.0,
            "std": 0.0,
            "range": [
                0.0,
                0.0
            ]
        },
        "s3": {
            "min": 0.0,
            "max": 0.0,
            "avg": 0.0,
            "std": 0.0,
            "range": [
                0.0,
                0.0
            ]
        },
        "s4": {
            "min": 0.0,
            "max": 0.0,
            "avg": 0.0,
            "std": 0.0,
            "range": [
                0.0,
                0.0
            ]
        },
        "s5": {
            "min": 0.0,
            "max": 0.0,
            "avg": 0.0,
            "std": 0.0,
            "range": [
                0.0,
                0.0
            ]
        },
        "s6": {
            "min": 0.0,
            "max": 0.0,
            "avg": 0.0,
            "std": 0.0,
            "range": [
                0.0,
                0.0
            ]
        }
    },
    "atom_parameters": {
        "Zr1 (Zr+4)": {
            "X": {
                "min": 0.2758,
                "max": 0.2758,
                "avg": 0.2758,
                "std": 0.0,
                "range": [
                    0.2758,
                    0.2758
                ]
            },
            "Y": {
                "min": 0.04074,
                "max": 0.04074,
                "avg": 0.04074,
                "std": 0.0,
                "range": [
                    0.04074,
                    0.04074
                ]
            },
            "Z": {
                "min": 0.20798,
                "max": 0.20798,
                "avg": 0.20798,
                "std": 0.0,
                "range": [
                    0.20798,
                    0.20798
                ]
            },
            "B": {
                "min": 0.68692,
                "max": 0.68692,
                "avg": 0.68692,
                "std": 0.0,
                "range": [
                    0.68692,
                    0.68692
                ]
            },
            "N": {
                "min": 1.0,
                "max": 1.0,
                "avg": 1.0,
                "std": 0.0,