{
    "phase_name": "Berthierite_185792",
    "total_entries": 357,
    "phase_parameters": {
        "ESU": {
            "min": 0.03347,
            "max": 1.87865,
            "avg": 0.43723135743999336,
            "std": 0.2703954299767118,
            "range": [
                0.30203364245163744,
                0.5724290724283493
            ]
        },
        "SF": {
            "min": 0.0,
            "max": 1.476e-05,
            "avg": 2.352924085860477e-06,
            "std": 2.0447829469343176e-06,
            "range": [
                1.3305326123933182e-06,
                3.3753155593276356e-06
            ]
        },
        "A": {
            "min": 11.405,
            "max": 11.44,
            "avg": 11.42543879285744,
            "std": 0.012317990775525514,
            "range": [
                11.419279797469677,
                11.431597788245202
            ]
        },
        "B": {
            "min": 14.135,
            "max": 14.19,
            "avg": 14.158874818607265,
            "std": 0.013281935919691226,
            "range": [
                14.152233850647418,
                14.165515786567111
            ]
        },
        "C": {
            "min": 3.75,
            "max": 3.775,
            "avg": 3.7626782647364703,
            "std": 0.004789324590447405,
            "range": [
                3.7602836024412465,
                3.765072927031694
            ]
        },
        "Alpha": {
            "min": 90.0,
            "max": 90.0,
            "avg": 90.0,
            "std": 0.0,
            "range": [
                90.0,
                90.0
            ]
        },
        "Beta": {
            "min": 90.0,
            "max": 90.0,
            "avg": 90.0,
            "std": 0.0,
            "range": [
                90.0,
                90.0
            ]
        },
        "Gamma": {
            "min": 90.0,
            "max": 90.0,
            "avg": 90.0,
            "std": 0.0,
            "range": [
                90.0,
                90.0
            ]
        },
        "NA": {
            "min": 70.0,
            "max": 1000.0,
            "avg": 230.2582812228046,
            "std": 288.27291206214437,
            "range": [
                86.12182519173243,
                374.39473725387677
            ]
        },
        "NB": {
            "min": 0.0,
            "max": 0.0,
            "avg": 0.0,
            "std": 0.0,
            "range": [
                0.0,
                0.0
            ]
        },
        "NC": {
            "min": 1001.0,
            "max": 1001.0,
            "avg": 1001.0,
            "std": 0.0,
            "range": [
                1001.0,
                1001.0
            ]
        },
        "P1": {
            "min": 10.0,
            "max": 15.0465,
            "avg": 13.9067509330671,
            "std": 0.6056256645032089,
            "range": [
                13.603938100815496,
                14.209563765318704
            ]
        },
        "P2": {
            "min": 10.0,
            "max": 12.7519,
            "avg": 11.935281212404842,
            "std": 0.3650971639298053,
            "range": [
                11.75273263043994,
                12.117829794369744
            ]
        },
        "P3": {
            "min": 0.6156,
            "max": 15.0,
            "avg": 14.54444392903199,
            "std": 2.198304010131031,
            "range": [
                13.445291923966474,
                15.0
            ]
        },
        "U": {
            "min": 0.0,
            "max": 0.0,
            "avg": 0.0,
            "std": 0.0,
            "range": [
                0.0,
                0.0
            ]
        },
        "V": {
            "min": 0.0,
            "max": 0.0,
            "avg": 0.0,
            "std": 0.0,
            "range": [
                0.0,
                0.0
            ]
        },
        "W": {
            "min": 0.01,
            "max": 0.32,
            "avg": 0.21941016993219353,
            "std": 0.11793039239695959,
            "range": [
                0.16044497373371375,
                0.2783753661306733
            ]
        },
        "Z": {
            "min": 0.0,
            "max": 0.0,
            "avg": 0.0,
            "std": 0.0,
            "range": [
                0.0,
                0.0
            ]
        },
        "hh": {
            "min": 0.88,
            "max": 1.12,
            "avg": 0.9549032165647491,
            "std": 0.07685490395102593,
            "range": [
                0.9164757645892361,
                0.9933306685402621
            ]
        },
        "kk": {
            "min": 1.0,
            "max": 1.0,
            "avg": 1.0,
            "std": 0.0,
            "range": [
                1.0,
                1.0
            ]
        },
        "ll": {
            "min": 1.0,
            "max": 1.0,
            "avg": 1.0,
            "std": 0.0,
            "range": [
                1.0,
                1.0
            ]
        },
        "hk": {
            "min": 0.0,
            "max": 0.0,
            "avg": 0.0,
            "std": 0.0,
            "range": [
                0.0,
                0.0
            ]
        },
        "hl": {
            "min": 0.0,
            "max": 0.0,
            "avg": 0.0,
            "std": 0.0,
            "range": [
                0.0,
                0.0
            ]
        },
        "kl": {
            "min": 0.0,
            "max": 0.0,
            "avg": 0.0,
            "std": 0.0,
            "range": [
                0.0,
                0.0
            ]
        },
        "s1": {
            "min": 0.0,
            "max": 0.0,
            "avg": 0.0,
            "std": 0.0,
            "range": [
                0.0,
                0.0
            ]
        },
        "s2": {
            "min": 0.0,
            "max": 0.0,
            "avg": 0.0,
            "std": 0.0,
            "range": [
                0.0,
                0.0
            ]
        },
        "s3": {
            "min": 0.0,
            "max": 0.0,
            "avg": 0.0,
            "std": 0.0,
            "range": [
                0.0,
                0.0
            ]
        },
        "s4": {
            "min": 0.0,
            "max": 0.0,
            "avg": 0.0,
            "std": 0.0,
            "range": [
                0.0,
                0.0
            ]
        },
        "s5": {
            "min": 0.0,
            "max": 0.0,
            "avg": 0.0,
            "std": 0.0,
            "range": [
                0.0,
                0.0
            ]
        },
        "s6": {
            "min": 0.0,
            "max": 0.0,
            "avg": 0.0,
            "std": 0.0,
            "range": [
                0.0,
                0.0
            ]
        }
    },
    "atom_parameters": {
        "Fe1 (Fe+2)": {
            "X": {
                "min": 0.3167,
                "max": 0.3167,
                "avg": 0.3167,
                "std": 0.0,
                "range": [
                    0.3167,
                    0.3167
                ]
            },
            "Y": {
                "min": 0.334,
                "max": 0.334,
                "avg": 0.334,
                "std": 0.0,
                "range": [
                    0.334,
                    0.334
                ]
            },
            "Z": {
                "min": 0.25,
                "max": 0.25,
                "avg": 0.25,
                "std": 0.0,