{
    "phase_name": "Braunite_1Q_12123",
    "total_entries": 90,
    "phase_parameters": {
        "ESU": {
            "min": 0.01863,
            "max": 0.4297,
            "avg": 0.17239240826350766,
            "std": 0.10546233729536049,
            "range": [
                0.11966123961582742,
                0.2251235769111879
            ]
        },
        "SF": {
            "min": 0.0,
            "max": 4.69e-07,
            "avg": 1.246618029471251e-07,
            "std": 1.1095532900791484e-07,
            "range": [
                6.918413844316767e-08,
                1.8013946745108252e-07
            ]
        },
        "A": {
            "min": 9.28,
            "max": 9.43,
            "avg": 9.330628121448521,
            "std": 0.04903350608289764,
            "range": [
                9.306111368407073,
                9.35514487448997
            ]
        },
        "B": {
            "min": 9.28,
            "max": 9.43,
            "avg": 9.330628121448521,
            "std": 0.04903350608289764,
            "range": [
                9.306111368407073,
                9.35514487448997
            ]
        },
        "C": {
            "min": 18.44,
            "max": 18.65,
            "avg": 18.48366219686025,
            "std": 0.07170670748226753,
            "range": [
                18.447808843119116,
                18.519515550601387
            ]
        },
        "Alpha": {
            "min": 90.0,
            "max": 90.0,
            "avg": 90.0,
            "std": 0.0,
            "range": [
                90.0,
                90.0
            ]
        },
        "Beta": {
            "min": 90.0,
            "max": 90.0,
            "avg": 90.0,
            "std": 0.0,
            "range": [
                90.0,
                90.0
            ]
        },
        "Gamma": {
            "min": 90.0,
            "max": 90.0,
            "avg": 90.0,
            "std": 0.0,
            "range": [
                90.0,
                90.0
            ]
        },
        "NA": {
            "min": 150.0,
            "max": 1200.0,
            "avg": 897.2633540932292,
            "std": 406.16544989096855,
            "range": [
                694.1806291477449,
                1100.3460790387135
            ]
        },
        "NB": {
            "min": 0.0,
            "max": 0.0,
            "avg": 0.0,
            "std": 0.0,
            "range": [
                0.0,
                0.0
            ]
        },
        "NC": {
            "min": 1001.0,
            "max": 1001.0,
            "avg": 1001.0,
            "std": 0.0,
            "range": [
                1001.0,
                1001.0
            ]
        },
        "P1": {
            "min": 10.0,
            "max": 15.1285,
            "avg": 13.826413864008474,
            "std": 0.8188270471706479,
            "range": [
                13.41700034042315,
                14.235827387593798
            ]
        },
        "P2": {
            "min": 10.0,
            "max": 12.5754,
            "avg": 11.890388042954829,
            "std": 0.461700416418377,
            "range": [
                11.65953783474564,
                12.121238251164018
            ]
        },
        "P3": {
            "min": 1.5983,
            "max": 15.0,
            "avg": 14.223711123952615,
            "std": 2.8227426857931808,
            "range": [
                12.812339781056025,
                15.0
            ]
        },
        "U": {
            "min": 0.0,
            "max": 0.0,
            "avg": 0.0,
            "std": 0.0,
            "range": [
                0.0,
                0.0
            ]
        },
        "V": {
            "min": 0.0,
            "max": 0.0,
            "avg": 0.0,
            "std": 0.0,
            "range": [
                0.0,
                0.0
            ]
        },
        "W": {
            "min": 0.01,
            "max": 0.18,
            "avg": 0.10392605701627661,
            "std": 0.07261827394270948,
            "range": [
                0.06761692004492187,
                0.14023519398763135
            ]
        },
        "Z": {
            "min": 0.0,
            "max": 0.0,
            "avg": 0.0,
            "std": 0.0,
            "range": [
                0.0,
                0.0
            ]
        },
        "hh": {
            "min": 1.0,
            "max": 1.0,
            "avg": 1.0,
            "std": 0.0,
            "range": [
                1.0,
                1.0
            ]
        },
        "kk": {
            "min": 1.0,
            "max": 1.0,
            "avg": 1.0,
            "std": 0.0,
            "range": [
                1.0,
                1.0
            ]
        },
        "ll": {
            "min": 1.0,
            "max": 1.0,
            "avg": 1.0,
            "std": 0.0,
            "range": [
                1.0,
                1.0
            ]
        },
        "hk": {
            "min": 0.0,
            "max": 0.0,
            "avg": 0.0,
            "std": 0.0,
            "range": [
                0.0,
                0.0
            ]
        },
        "hl": {
            "min": 0.0,
            "max": 0.0,
            "avg": 0.0,
            "std": 0.0,
            "range": [
                0.0,
                0.0
            ]
        },
        "kl": {
            "min": 0.0,
            "max": 0.0,
            "avg": 0.0,
            "std": 0.0,
            "range": [
                0.0,
                0.0
            ]
        },
        "s1": {
            "min": 0.0,
            "max": 0.0,
            "avg": 0.0,
            "std": 0.0,
            "range": [
                0.0,
                0.0
            ]
        },
        "s2": {
            "min": 0.0,
            "max": 0.0,
            "avg": 0.0,
            "std": 0.0,
            "range": [
                0.0,
                0.0
            ]
        },
        "s3": {
            "min": 0.0,
            "max": 0.0,
            "avg": 0.0,
            "std": 0.0,
            "range": [
                0.0,
                0.0
            ]
        },
        "s4": {
            "min": 0.0,
            "max": 0.0,
            "avg": 0.0,
            "std": 0.0,
            "range": [
                0.0,
                0.0
            ]
        },
        "s5": {
            "min": 0.0,
            "max": 0.0,
            "avg": 0.0,
            "std": 0.0,
            "range": [
                0.0,
                0.0
            ]
        },
        "s6": {
            "min": 0.0,
            "max": 0.0,
            "avg": 0.0,
            "std": 0.0,
            "range": [
                0.0,
                0.0
            ]
        }
    },
    "atom_parameters": {
        "Mn1 (Mn+2)": {
            "X": {
                "min": 0.0,
                "max": 0.0,
                "avg": 0.0,
                "std": 0.0,
                "range": [
                    0.0,
                    0.0
                ]
            },
            "Y": {
                "min": 0.25,
                "max": 0.25,
                "avg": 0.25,
                "std": 0.0,
                "range": [
                    0.25,
                    0.25
                ]
            },
            "Z": {
                "min": 0.125,
                "max": 0.125,
                "avg": 0.125,
                "std": 0.0,
                "range": [
                    0.125,
                    0.125
                ]
            },
            "B": {
                "min": 0.19555,