{
    "phase_name": "Brizziite_78011",
    "total_entries": 1,
    "phase_parameters": {
        "ESU": {
            "min": 0.04606,
            "max": 0.04606,
            "avg": 0.04606,
            "std": 0.0,
            "range": [
                0.04606,
                0.04606
            ]
        },
        "SF": {
            "min": 6.27e-07,
            "max": 6.27e-07,
            "avg": 6.27e-07,
            "std": 0.0,
            "range": [
                6.27e-07,
                6.27e-07
            ]
        },
        "A": {
            "min": 5.45781,
            "max": 5.45781,
            "avg": 5.45781,
            "std": 0.0,
            "range": [
                5.45781,
                5.45781
            ]
        },
        "B": {
            "min": 5.45781,
            "max": 5.45781,
            "avg": 5.45781,
            "std": 0.0,
            "range": [
                5.45781,
                5.45781
            ]
        },
        "C": {
            "min": 16.02255,
            "max": 16.02255,
            "avg": 16.02255,
            "std": 0.0,
            "range": [
                16.02255,
                16.02255
            ]
        },
        "Alpha": {
            "min": 90.0,
            "max": 90.0,
            "avg": 90.0,
            "std": 0.0,
            "range": [
                90.0,
                90.0
            ]
        },
        "Beta": {
            "min": 90.0,
            "max": 90.0,
            "avg": 90.0,
            "std": 0.0,
            "range": [
                90.0,
                90.0
            ]
        },
        "Gamma": {
            "min": 120.0,
            "max": 120.0,
            "avg": 120.0,
            "std": 0.0,
            "range": [
                120.0,
                120.0
            ]
        },
        "NA": {
            "min": 1386.3409,
            "max": 1386.3409,
            "avg": 1386.3409,
            "std": 0.0,
            "range": [
                1386.3409,
                1386.3409
            ]
        },
        "NB": {
            "min": 0.0,
            "max": 0.0,
            "avg": 0.0,
            "std": 0.0,
            "range": [
                0.0,
                0.0
            ]
        },
        "NC": {
            "min": 1001.0,
            "max": 1001.0,
            "avg": 1001.0,
            "std": 0.0,
            "range": [
                1001.0,
                1001.0
            ]
        },
        "P1": {
            "min": 14.0,
            "max": 14.0,
            "avg": 14.0,
            "std": 0.0,
            "range": [
                14.0,
                14.0
            ]
        },
        "P2": {
            "min": 12.0,
            "max": 12.0,
            "avg": 12.0,
            "std": 0.0,
            "range": [
                12.0,
                12.0
            ]
        },
        "P3": {
            "min": 15.0,
            "max": 15.0,
            "avg": 15.0,
            "std": 0.0,
            "range": [
                15.0,
                15.0
            ]
        },
        "U": {
            "min": 0.0,
            "max": 0.0,
            "avg": 0.0,
            "std": 0.0,
            "range": [
                0.0,
                0.0
            ]
        },
        "V": {
            "min": 0.0,
            "max": 0.0,
            "avg": 0.0,
            "std": 0.0,
            "range": [
                0.0,
                0.0
            ]
        },
        "W": {
            "min": 0.2068,
            "max": 0.2068,
            "avg": 0.2068,
            "std": 0.0,
            "range": [
                0.2068,
                0.2068
            ]
        },
        "Z": {
            "min": 0.0,
            "max": 0.0,
            "avg": 0.0,
            "std": 0.0,
            "range": [
                0.0,
                0.0
            ]
        },
        "hh": {
            "min": 1.0,
            "max": 1.0,
            "avg": 1.0,
            "std": 0.0,
            "range": [
                1.0,
                1.0
            ]
        },
        "kk": {
            "min": 1.0,
            "max": 1.0,
            "avg": 1.0,
            "std": 0.0,
            "range": [
                1.0,
                1.0
            ]
        },
        "ll": {
            "min": 1.0,
            "max": 1.0,
            "avg": 1.0,
            "std": 0.0,
            "range": [
                1.0,
                1.0
            ]
        },
        "hk": {
            "min": 0.0,
            "max": 0.0,
            "avg": 0.0,
            "std": 0.0,
            "range": [
                0.0,
                0.0
            ]
        },
        "hl": {
            "min": 0.0,
            "max": 0.0,
            "avg": 0.0,
            "std": 0.0,
            "range": [
                0.0,
                0.0
            ]
        },
        "kl": {
            "min": 0.0,
            "max": 0.0,
            "avg": 0.0,
            "std": 0.0,
            "range": [
                0.0,
                0.0
            ]
        },
        "s1": {
            "min": 0.0,
            "max": 0.0,
            "avg": 0.0,
            "std": 0.0,
            "range": [
                0.0,
                0.0
            ]
        },
        "s2": {
            "min": 0.0,
            "max": 0.0,
            "avg": 0.0,
            "std": 0.0,
            "range": [
                0.0,
                0.0
            ]
        },
        "s3": {
            "min": 0.0,
            "max": 0.0,
            "avg": 0.0,
            "std": 0.0,
            "range": [
                0.0,
                0.0
            ]
        },
        "s4": {
            "min": 0.0,
            "max": 0.0,
            "avg": 0.0,
            "std": 0.0,
            "range": [
                0.0,
                0.0
            ]
        },
        "s5": {
            "min": 0.0,
            "max": 0.0,
            "avg": 0.0,
            "std": 0.0,
            "range": [
                0.0,
                0.0
            ]
        },
        "s6": {
            "min": 0.0,
            "max": 0.0,
            "avg": 0.0,
            "std": 0.0,
            "range": [
                0.0,
                0.0
            ]
        }
    },
    "atom_parameters": {
        "Sb1 (Sb+5)": {
            "X": {
                "min": 0.0,
                "max": 0.0,
                "avg": 0.0,
                "std": 0.0,
                "range": [
                    0.0,
                    0.0
                ]
            },
            "Y": {
                "min": 0.0,
                "max": 0.0,
                "avg": 0.0,
                "std": 0.0,
                "range": [
                    0.0,
                    0.0
                ]
            },
            "Z": {
                "min": 0.16096,
                "max": 0.16096,
                "avg": 0.16096,
                "std": 0.0,
                "range": [
                    0.16096,
                    0.16096
                ]
            },
            "B": {
                "min": 0.45795,
                "max": 0.45795,
                "avg": 0.45795,
                "std": 0.0,
                "range": [
                    0.45795,
                    0.45795
                ]
            },
            "N": {
                "min": 1.0,
                "max": 1.0,
                "avg": 1.0,
                "std": 0.0,
                "range": [
                    1.0,
                    1.0
                ]
            }
        },