{
    "phase_name": "Calcite_191852",
    "total_entries": 856,
    "phase_parameters": {
        "ESU": {
            "min": 0.10497,
            "max": 60.52404,
            "avg": 3.0954086782870345,
            "std": 4.256703813755946,
            "range": [
                0.9670567714090614,
                5.2237605851650075
            ]
        },
        "SF": {
            "min": 0.0,
            "max": 0.001100035,
            "avg": 0.00016206612992629904,
            "std": 0.00017953866381108932,
            "range": [
                7.229679802075438e-05,
                0.0002518354618318437
            ]
        },
        "A": {
            "min": 4.967,
            "max": 4.993,
            "avg": 4.979932589290632,
            "std": 0.00502562686435061,
            "range": [
                4.977419775858457,
                4.982445402722807
            ]
        },
        "B": {
            "min": 4.967,
            "max": 4.993,
            "avg": 4.979932589290632,
            "std": 0.00502562686435061,
            "range": [
                4.977419775858457,
                4.982445402722807
            ]
        },
        "C": {
            "min": 16.96,
            "max": 17.08,
            "avg": 17.028496154024644,
            "std": 0.022635324270087964,
            "range": [
                17.0171784918896,
                17.03981381615969
            ]
        },
        "Alpha": {
            "min": 90.0,
            "max": 90.0,
            "avg": 90.0,
            "std": 0.0,
            "range": [
                90.0,
                90.0
            ]
        },
        "Beta": {
            "min": 90.0,
            "max": 90.0,
            "avg": 90.0,
            "std": 0.0,
            "range": [
                90.0,
                90.0
            ]
        },
        "Gamma": {
            "min": 120.0,
            "max": 120.0,
            "avg": 120.0,
            "std": 0.0,
            "range": [
                120.0,
                120.0
            ]
        },
        "NA": {
            "min": 90.0,
            "max": 1000.0,
            "avg": 471.8963324083534,
            "std": 393.1069618629807,
            "range": [
                275.342851476863,
                668.4498133398438
            ]
        },
        "NB": {
            "min": 0.0,
            "max": 0.0,
            "avg": 0.0,
            "std": 0.0,
            "range": [
                0.0,
                0.0
            ]
        },
        "NC": {
            "min": 1001.0,
            "max": 1001.0,
            "avg": 1001.0,
            "std": 0.0,
            "range": [
                1001.0,
                1001.0
            ]
        },
        "P1": {
            "min": 10.0,
            "max": 17.9605,
            "avg": 13.91490798236416,
            "std": 0.5713064924493072,
            "range": [
                13.629254736139506,
                14.200561228588812
            ]
        },
        "P2": {
            "min": 10.0,
            "max": 16.374,
            "avg": 11.967675911353298,
            "std": 0.3592995748334579,
            "range": [
                11.78802612393657,
                12.147325698770027
            ]
        },
        "P3": {
            "min": 0.5,
            "max": 15.0,
            "avg": 14.453315447277344,
            "std": 2.491935665711634,
            "range": [
                13.207347614421527,
                15.0
            ]
        },
        "U": {
            "min": 0.0,
            "max": 0.0,
            "avg": 0.0,
            "std": 0.0,
            "range": [
                0.0,
                0.0
            ]
        },
        "V": {
            "min": 0.0,
            "max": 0.0,
            "avg": 0.0,
            "std": 0.0,
            "range": [
                0.0,
                0.0
            ]
        },
        "W": {
            "min": 0.05,
            "max": 0.45,
            "avg": 0.3870947826273718,
            "std": 0.09124210746128573,
            "range": [
                0.34147372889672895,
                0.43271583635801464
            ]
        },
        "Z": {
            "min": 0.0,
            "max": 0.0,
            "avg": 0.0,
            "std": 0.0,
            "range": [
                0.0,
                0.0
            ]
        },
        "hh": {
            "min": 0.6,
            "max": 1.0,
            "avg": 0.8995959579345602,
            "std": 0.09072023287431326,
            "range": [
                0.8542358414974035,
                0.9449560743717168
            ]
        },
        "kk": {
            "min": 1.0,
            "max": 1.0,
            "avg": 1.0,
            "std": 0.0,
            "range": [
                1.0,
                1.0
            ]
        },
        "ll": {
            "min": 1.0,
            "max": 1.0,
            "avg": 1.0,
            "std": 0.0,
            "range": [
                1.0,
                1.0
            ]
        },
        "hk": {
            "min": 0.0,
            "max": 0.0,
            "avg": 0.0,
            "std": 0.0,
            "range": [
                0.0,
                0.0
            ]
        },
        "hl": {
            "min": 0.0,
            "max": 0.0,
            "avg": 0.0,
            "std": 0.0,
            "range": [
                0.0,
                0.0
            ]
        },
        "kl": {
            "min": 0.0,
            "max": 0.0,
            "avg": 0.0,
            "std": 0.0,
            "range": [
                0.0,
                0.0
            ]
        },
        "s1": {
            "min": 0.0,
            "max": 0.0,
            "avg": 0.0,
            "std": 0.0,
            "range": [
                0.0,
                0.0
            ]
        },
        "s2": {
            "min": 0.0,
            "max": 0.0,
            "avg": 0.0,
            "std": 0.0,
            "range": [
                0.0,
                0.0
            ]
        },
        "s3": {
            "min": 0.0,
            "max": 0.0,
            "avg": 0.0,
            "std": 0.0,
            "range": [
                0.0,
                0.0
            ]
        },
        "s4": {
            "min": 0.0,
            "max": 0.0,
            "avg": 0.0,
            "std": 0.0,
            "range": [
                0.0,
                0.0
            ]
        },
        "s5": {
            "min": 0.0,
            "max": 0.0,
            "avg": 0.0,
            "std": 0.0,
            "range": [
                0.0,
                0.0
            ]
        },
        "s6": {
            "min": 0.0,
            "max": 0.0,
            "avg": 0.0,
            "std": 0.0,
            "range": [
                0.0,
                0.0
            ]
        }
    },
    "atom_parameters": {
        "Ca1 (Ca+2)": {
            "X": {
                "min": 0.0,
                "max": 0.0,
                "avg": 0.0,
                "std": 0.0,
                "range": [
                    0.0,
                    0.0
                ]
            },
            "Y": {
                "min": 0.0,
                "max": 0.0,
                "avg": 0.0,
                "std": 0.0,
                "range": [
                    0.0,
                    0.0
                ]
            },
            "Z": {
                "min": 0.0,
                "max": 0.0,
                "avg": 0.0,
                "std": 0.0,
                "range": [
                    0.0,
                    0.0
                ]
            },