{
    "phase_name": "CalciteMg",
    "total_entries": 744,
    "phase_parameters": {
        "ESU": {
            "min": 0.19589,
            "max": 59.87293,
            "avg": 2.987466679215261,
            "std": 3.238304421175671,
            "range": [
                1.3683144686274253,
                4.606618889803096
            ]
        },
        "SF": {
            "min": 0.0,
            "max": 0.000690132,
            "avg": 0.00017979645132078014,
            "std": 0.0001423071178111372,
            "range": [
                0.00010864289241521155,
                0.00025095001022634874
            ]
        },
        "A": {
            "min": 4.95,
            "max": 4.977,
            "avg": 4.967236389522955,
            "std": 0.006583818708084238,
            "range": [
                4.963944480168913,
                4.970528298876997
            ]
        },
        "B": {
            "min": 4.95,
            "max": 4.977,
            "avg": 4.967236389522955,
            "std": 0.006583818708084238,
            "range": [
                4.963944480168913,
                4.970528298876997
            ]
        },
        "C": {
            "min": 16.89,
            "max": 17.01,
            "avg": 16.960342605953574,
            "std": 0.029231150399189013,
            "range": [
                16.94572703075398,
                16.97495818115317
            ]
        },
        "Alpha": {
            "min": 90.0,
            "max": 90.0,
            "avg": 90.0,
            "std": 0.0,
            "range": [
                90.0,
                90.0
            ]
        },
        "Beta": {
            "min": 90.0,
            "max": 90.0,
            "avg": 90.0,
            "std": 0.0,
            "range": [
                90.0,
                90.0
            ]
        },
        "Gamma": {
            "min": 120.0,
            "max": 120.0,
            "avg": 120.0,
            "std": 0.0,
            "range": [
                120.0,
                120.0
            ]
        },
        "NA": {
            "min": 100.0,
            "max": 1000.0,
            "avg": 687.1258212692896,
            "std": 375.1933995036223,
            "range": [
                499.52912151747853,
                874.7225210211008
            ]
        },
        "NB": {
            "min": 0.0,
            "max": 0.0,
            "avg": 0.0,
            "std": 0.0,
            "range": [
                0.0,
                0.0
            ]
        },
        "NC": {
            "min": 1001.0,
            "max": 1001.0,
            "avg": 1001.0,
            "std": 0.0,
            "range": [
                1001.0,
                1001.0
            ]
        },
        "P1": {
            "min": 10.0,
            "max": 17.9605,
            "avg": 13.92547805553139,
            "std": 0.5640323702378989,
            "range": [
                13.64346187041244,
                14.20749424065034
            ]
        },
        "P2": {
            "min": 10.0,
            "max": 16.0825,
            "avg": 11.966572201824363,
            "std": 0.35738177500560236,
            "range": [
                11.787881314321561,
                12.145263089327164
            ]
        },
        "P3": {
            "min": 0.5001,
            "max": 15.0,
            "avg": 14.404722953524796,
            "std": 2.6064147352144706,
            "range": [
                13.10151558591756,
                15.0
            ]
        },
        "U": {
            "min": 0.0,
            "max": 0.0,
            "avg": 0.0,
            "std": 0.0,
            "range": [
                0.0,
                0.0
            ]
        },
        "V": {
            "min": 0.0,
            "max": 0.0,
            "avg": 0.0,
            "std": 0.0,
            "range": [
                0.0,
                0.0
            ]
        },
        "W": {
            "min": 0.01,
            "max": 0.45,
            "avg": 0.3517731130566786,
            "std": 0.09153513167881125,
            "range": [
                0.30600554721727297,
                0.3975406788960842
            ]
        },
        "Z": {
            "min": 0.0,
            "max": 0.0,
            "avg": 0.0,
            "std": 0.0,
            "range": [
                0.0,
                0.0
            ]
        },
        "hh": {
            "min": 0.7,
            "max": 1.0,
            "avg": 0.9154673756907824,
            "std": 0.08852103450524702,
            "range": [
                0.8712068584381589,
                0.9597278929434059
            ]
        },
        "kk": {
            "min": 0.75,
            "max": 1.05,
            "avg": 0.890779465827026,
            "std": 0.12168185781834348,
            "range": [
                0.8299385369178544,
                0.9516203947361977
            ]
        },
        "ll": {
            "min": 0.8,
            "max": 1.0,
            "avg": 0.8621556670432988,
            "std": 0.07945488292254492,
            "range": [
                0.8224282255820263,
                0.9018831085045713
            ]
        },
        "hk": {
            "min": 0.0,
            "max": 0.0,
            "avg": 0.0,
            "std": 0.0,
            "range": [
                0.0,
                0.0
            ]
        },
        "hl": {
            "min": 0.0,
            "max": 0.0,
            "avg": 0.0,
            "std": 0.0,
            "range": [
                0.0,
                0.0
            ]
        },
        "kl": {
            "min": 0.0,
            "max": 0.0,
            "avg": 0.0,
            "std": 0.0,
            "range": [
                0.0,
                0.0
            ]
        },
        "s1": {
            "min": 0.0,
            "max": 0.0,
            "avg": 0.0,
            "std": 0.0,
            "range": [
                0.0,
                0.0
            ]
        },
        "s2": {
            "min": 0.0,
            "max": 0.0,
            "avg": 0.0,
            "std": 0.0,
            "range": [
                0.0,
                0.0
            ]
        },
        "s3": {
            "min": 0.0,
            "max": 0.0,
            "avg": 0.0,
            "std": 0.0,
            "range": [
                0.0,
                0.0
            ]
        },
        "s4": {
            "min": 0.0,
            "max": 0.0,
            "avg": 0.0,
            "std": 0.0,
            "range": [
                0.0,
                0.0
            ]
        },
        "s5": {
            "min": 0.0,
            "max": 0.0,
            "avg": 0.0,
            "std": 0.0,
            "range": [
                0.0,
                0.0
            ]
        },
        "s6": {
            "min": 0.0,
            "max": 0.0,
            "avg": 0.0,
            "std": 0.0,
            "range": [
                0.0,
                0.0
            ]
        }
    },
    "atom_parameters": {
        "Ca1 (Ca+2)": {
            "X": {
                "min": 0.0,
                "max": 0.0,
                "avg": 0.0,
                "std": 0.0,
                "range": [
                    0.0,
                    0.0
                ]
            },
            "Y": {
                "min": 0.0,
                "max": 0.0,
                "avg": 0.0,
                "std": 0.0,
                "range": [
                    0.0,
                    0.0
                ]
            },
            "Z": {
                "min": 0.0,
                "max": 0.0,
                "avg": 0.0,
                "std": 0.0,