{
    "phase_name": "Cristobalite_low_9327",
    "total_entries": 3,
    "phase_parameters": {
        "ESU": {
            "min": 0.0279,
            "max": 0.0354,
            "avg": 0.029489455782312924,
            "std": 0.0012040370201966293,
            "range": [
                0.02888743727221461,
                0.030091474292411238
            ]
        },
        "SF": {
            "min": 3.5e-08,
            "max": 9.037e-06,
            "avg": 7.335608843537415e-06,
            "std": 2.3127500916554743e-06,
            "range": [
                6.179233797709678e-06,
                8.491983889365153e-06
            ]
        },
        "A": {
            "min": 4.89505,
            "max": 4.9226,
            "avg": 4.912910136054422,
            "std": 0.013131639648019265,
            "range": [
                4.906344316230412,
                4.919475955878432
            ]
        },
        "B": {
            "min": 4.89505,
            "max": 4.9226,
            "avg": 4.912910136054422,
            "std": 0.013131639648019265,
            "range": [
                4.906344316230412,
                4.919475955878432
            ]
        },
        "C": {
            "min": 6.8026,
            "max": 6.86236,
            "avg": 6.823717482993198,
            "std": 0.028545668300088638,
            "range": [
                6.8094446488431535,
                6.837990317143242
            ]
        },
        "Alpha": {
            "min": 90.0,
            "max": 90.0,
            "avg": 90.0,
            "std": 0.0,
            "range": [
                90.0,
                90.0
            ]
        },
        "Beta": {
            "min": 90.0,
            "max": 90.0,
            "avg": 90.0,
            "std": 0.0,
            "range": [
                90.0,
                90.0
            ]
        },
        "Gamma": {
            "min": 90.0,
            "max": 90.0,
            "avg": 90.0,
            "std": 0.0,
            "range": [
                90.0,
                90.0
            ]
        },
        "NA": {
            "min": 396.9969,
            "max": 1000.0,
            "avg": 997.9231489795918,
            "std": 35.10650388830694,
            "range": [
                980.3698970354384,
                1000.0
            ]
        },
        "NB": {
            "min": 0.0,
            "max": 0.0,
            "avg": 0.0,
            "std": 0.0,
            "range": [
                0.0,
                0.0
            ]
        },
        "NC": {
            "min": 1001.0,
            "max": 1001.0,
            "avg": 1001.0,
            "std": 0.0,
            "range": [
                1001.0,
                1001.0
            ]
        },
        "P1": {
            "min": 14.0,
            "max": 14.0,
            "avg": 14.0,
            "std": 0.0,
            "range": [
                14.0,
                14.0
            ]
        },
        "P2": {
            "min": 12.0,
            "max": 12.0,
            "avg": 12.0,
            "std": 0.0,
            "range": [
                12.0,
                12.0
            ]
        },
        "P3": {
            "min": 15.0,
            "max": 15.0,
            "avg": 15.0,
            "std": 0.0,
            "range": [
                15.0,
                15.0
            ]
        },
        "U": {
            "min": 0.0,
            "max": 0.0,
            "avg": 0.0,
            "std": 0.0,
            "range": [
                0.0,
                0.0
            ]
        },
        "V": {
            "min": 0.0,
            "max": 0.0,
            "avg": 0.0,
            "std": 0.0,
            "range": [
                0.0,
                0.0
            ]
        },
        "W": {
            "min": 0.01,
            "max": 0.0383,
            "avg": 0.010201360544217688,
            "std": 0.0016477561074794286,
            "range": [
                0.01,
                0.011025238597957402
            ]
        },
        "Z": {
            "min": 0.0,
            "max": 0.0,
            "avg": 0.0,
            "std": 0.0,
            "range": [
                0.0,
                0.0
            ]
        },
        "hh": {
            "min": 1.0,
            "max": 1.0,
            "avg": 1.0,
            "std": 0.0,
            "range": [
                1.0,
                1.0
            ]
        },
        "kk": {
            "min": 1.0,
            "max": 1.0,
            "avg": 1.0,
            "std": 0.0,
            "range": [
                1.0,
                1.0
            ]
        },
        "ll": {
            "min": 1.0,
            "max": 1.0,
            "avg": 1.0,
            "std": 0.0,
            "range": [
                1.0,
                1.0
            ]
        },
        "hk": {
            "min": 0.0,
            "max": 0.0,
            "avg": 0.0,
            "std": 0.0,
            "range": [
                0.0,
                0.0
            ]
        },
        "hl": {
            "min": 0.0,
            "max": 0.0,
            "avg": 0.0,
            "std": 0.0,
            "range": [
                0.0,
                0.0
            ]
        },
        "kl": {
            "min": 0.0,
            "max": 0.0,
            "avg": 0.0,
            "std": 0.0,
            "range": [
                0.0,
                0.0
            ]
        },
        "s1": {
            "min": 0.0,
            "max": 0.0,
            "avg": 0.0,
            "std": 0.0,
            "range": [
                0.0,
                0.0
            ]
        },
        "s2": {
            "min": 0.0,
            "max": 0.0,
            "avg": 0.0,
            "std": 0.0,
            "range": [
                0.0,
                0.0
            ]
        },
        "s3": {
            "min": 0.0,
            "max": 0.0,
            "avg": 0.0,
            "std": 0.0,
            "range": [
                0.0,
                0.0
            ]
        },
        "s4": {
            "min": 0.0,
            "max": 0.0,
            "avg": 0.0,
            "std": 0.0,
            "range": [
                0.0,
                0.0
            ]
        },
        "s5": {
            "min": 0.0,
            "max": 0.0,
            "avg": 0.0,
            "std": 0.0,
            "range": [
                0.0,
                0.0
            ]
        },
        "s6": {
            "min": 0.0,
            "max": 0.0,
            "avg": 0.0,
            "std": 0.0,
            "range": [
                0.0,
                0.0
            ]
        }
    },
    "atom_parameters": {
        "Si1 (Si+4)": {
            "X": {
                "min": 0.30004,
                "max": 0.30004,
                "avg": 0.30004,
                "std": 0.0,
                "range": [
                    0.30004,
                    0.30004
                ]
            },
            "Y": {
                "min": 0.30004,
                "max": 0.30004,
                "avg": 0.30004,
                "std": 0.0,
                "range": [
                    0.30004,
                    0.30004
                ]
            },
            "Z": {
                "min": 0.0,
                "max": 0.0,
                "avg": 0.0,
                "std": 0.0,
                "range": [
                    0.0,
                    0.0
                ]
            },
            "B": {
                "min": 0.83,
                "max": 0.83,
                "avg": 0.83,
                "std": 0.0,