{
    "phase_name": "Diopside_168107",
    "total_entries": 23,
    "phase_parameters": {
        "ESU": {
            "min": 0.16987,
            "max": 8.23997,
            "avg": 2.4418355298522254,
            "std": 2.7068305050236816,
            "range": [
                1.0884202773403846,
                3.795250782364066
            ]
        },
        "SF": {
            "min": 4.009e-06,
            "max": 0.000181801,
            "avg": 8.820488489604176e-05,
            "std": 4.6480432049117425e-05,
            "range": [
                6.496466887148305e-05,
                0.00011144510092060048
            ]
        },
        "A": {
            "min": 9.75,
            "max": 9.81,
            "avg": 9.772095404780694,
            "std": 0.011088486560749043,
            "range": [
                9.76655116150032,
                9.777639648061069
            ]
        },
        "B": {
            "min": 8.93,
            "max": 8.98,
            "avg": 8.948411673280546,
            "std": 0.011671813508031068,
            "range": [
                8.94257576652653,
                8.954247580034561
            ]
        },
        "C": {
            "min": 5.23793,
            "max": 5.27,
            "avg": 5.255579055455609,
            "std": 0.002724927751367309,
            "range": [
                5.254216591579925,
                5.256941519331293
            ]
        },
        "Alpha": {
            "min": 90.0,
            "max": 90.0,
            "avg": 90.0,
            "std": 0.0,
            "range": [
                90.0,
                90.0
            ]
        },
        "Beta": {
            "min": 105.4613,
            "max": 105.9,
            "avg": 105.6717298862612,
            "std": 0.08441693644347097,
            "range": [
                105.62952141803947,
                105.71393835448293
            ]
        },
        "Gamma": {
            "min": 90.0,
            "max": 90.0,
            "avg": 90.0,
            "std": 0.0,
            "range": [
                90.0,
                90.0
            ]
        },
        "NA": {
            "min": 135.7664,
            "max": 1500.0,
            "avg": 907.4569800876696,
            "std": 488.60196660467005,
            "range": [
                663.1559967853347,
                1151.7579633900048
            ]
        },
        "NB": {
            "min": 0.0,
            "max": 0.0,
            "avg": 0.0,
            "std": 0.0,
            "range": [
                0.0,
                0.0
            ]
        },
        "NC": {
            "min": 1001.0,
            "max": 1001.0,
            "avg": 1001.0,
            "std": 0.0,
            "range": [
                1001.0,
                1001.0
            ]
        },
        "P1": {
            "min": 10.3645,
            "max": 14.0,
            "avg": 12.18225,
            "std": 0.0,
            "range": [
                10.3645,
                14.0
            ]
        },
        "P2": {
            "min": 11.0769,
            "max": 12.0,
            "avg": 11.538450000000001,
            "std": 0.0,
            "range": [
                11.0769,
                12.0
            ]
        },
        "P3": {
            "min": 4.582,
            "max": 15.0,
            "avg": 9.791,
            "std": 0.0,
            "range": [
                4.582,
                15.0
            ]
        },
        "U": {
            "min": 0.0,
            "max": 0.0,
            "avg": 0.0,
            "std": 0.0,
            "range": [
                0.0,
                0.0
            ]
        },
        "V": {
            "min": 0.0,
            "max": 0.0,
            "avg": 0.0,
            "std": 0.0,
            "range": [
                0.0,
                0.0
            ]
        },
        "W": {
            "min": 0.001,
            "max": 0.2983,
            "avg": 0.1817118993742683,
            "std": 0.07869988945183141,
            "range": [
                0.14236195464835258,
                0.221061844100184
            ]
        },
        "Z": {
            "min": 0.0,
            "max": 0.0,
            "avg": 0.0,
            "std": 0.0,
            "range": [
                0.0,
                0.0
            ]
        },
        "hh": {
            "min": 0.7,
            "max": 1.0,
            "avg": 0.7768892619508017,
            "std": 0.0881266054542365,
            "range": [
                0.7328259592236834,
                0.8209525646779199
            ]
        },
        "kk": {
            "min": 0.85,
            "max": 1.15,
            "avg": 0.9623080608676462,
            "std": 0.07336612331280838,
            "range": [
                0.925624999211242,
                0.9989911225240504
            ]
        },
        "ll": {
            "min": 1.0,
            "max": 1.0,
            "avg": 1.0,
            "std": 0.0,
            "range": [
                1.0,
                1.0
            ]
        },
        "hk": {
            "min": 0.0,
            "max": 0.0,
            "avg": 0.0,
            "std": 0.0,
            "range": [
                0.0,
                0.0
            ]
        },
        "hl": {
            "min": 0.0,
            "max": 0.0,
            "avg": 0.0,
            "std": 0.0,
            "range": [
                0.0,
                0.0
            ]
        },
        "kl": {
            "min": 0.0,
            "max": 0.0,
            "avg": 0.0,
            "std": 0.0,
            "range": [
                0.0,
                0.0
            ]
        },
        "s1": {
            "min": 0.0,
            "max": 0.0,
            "avg": 0.0,
            "std": 0.0,
            "range": [
                0.0,
                0.0
            ]
        },
        "s2": {
            "min": 0.0,
            "max": 0.0,
            "avg": 0.0,
            "std": 0.0,
            "range": [
                0.0,
                0.0
            ]
        },
        "s3": {
            "min": 0.0,
            "max": 0.0,
            "avg": 0.0,
            "std": 0.0,
            "range": [
                0.0,
                0.0
            ]
        },
        "s4": {
            "min": 0.0,
            "max": 0.0,
            "avg": 0.0,
            "std": 0.0,
            "range": [
                0.0,
                0.0
            ]
        },
        "s5": {
            "min": 0.0,
            "max": 0.0,
            "avg": 0.0,
            "std": 0.0,
            "range": [
                0.0,
                0.0
            ]
        },
        "s6": {
            "min": 0.0,
            "max": 0.0,
            "avg": 0.0,
            "std": 0.0,
            "range": [
                0.0,
                0.0
            ]
        }
    },
    "atom_parameters": {
        "Ca1 (Ca+2)": {
            "X": {
                "min": 0.0,
                "max": 0.0,
                "avg": 0.0,
                "std": 0.0,
                "range": [
                    0.0,
                    0.0
                ]
            },
            "Y": {
                "min": 0.30156,
                "max": 0.30156,
                "avg": 0.30156,
                "std": 0.0,
                "range": [
                    0.30156,
                    0.30156
                ]
            },
            "Z": {
                "min": 0.25,
                "max": 0.25,
                "avg": 0.25,
                "std": 0.0,
                "range": [
                    0.25,
                    0.25
                ]
            },