{
    "phase_name": "Dolomite_152201",
    "total_entries": 448,
    "phase_parameters": {
        "ESU": {
            "min": 0.11724,
            "max": 5.20574,
            "avg": 1.3624145276569903,
            "std": 1.0410025759810038,
            "range": [
                0.8419132396664885,
                1.8829158156474923
            ]
        },
        "SF": {
            "min": 0.0,
            "max": 0.000498429,
            "avg": 0.0001501577563123944,
            "std": 0.00013300830881390893,
            "range": [
                8.365360190543994e-05,
                0.00021666191071934888
            ]
        },
        "A": {
            "min": 4.809,
            "max": 4.826,
            "avg": 4.813729882131304,
            "std": 0.0037819657375344176,
            "range": [
                4.811838899262537,
                4.815620865000072
            ]
        },
        "B": {
            "min": 4.809,
            "max": 4.826,
            "avg": 4.813729882131304,
            "std": 0.0037819657375344176,
            "range": [
                4.811838899262537,
                4.815620865000072
            ]
        },
        "C": {
            "min": 16.03,
            "max": 16.09,
            "avg": 16.05080182381294,
            "std": 0.0178541191150741,
            "range": [
                16.041874764255404,
                16.059728883370475
            ]
        },
        "Alpha": {
            "min": 90.0,
            "max": 90.0,
            "avg": 90.0,
            "std": 0.0,
            "range": [
                90.0,
                90.0
            ]
        },
        "Beta": {
            "min": 90.0,
            "max": 90.0,
            "avg": 90.0,
            "std": 0.0,
            "range": [
                90.0,
                90.0
            ]
        },
        "Gamma": {
            "min": 120.0,
            "max": 120.0,
            "avg": 120.0,
            "std": 0.0,
            "range": [
                120.0,
                120.0
            ]
        },
        "NA": {
            "min": 100.0,
            "max": 900.0,
            "avg": 494.7527527955477,
            "std": 330.19006773700585,
            "range": [
                329.65771892704475,
                659.8477866640505
            ]
        },
        "NB": {
            "min": 0.0,
            "max": 0.0,
            "avg": 0.0,
            "std": 0.0,
            "range": [
                0.0,
                0.0
            ]
        },
        "NC": {
            "min": 1001.0,
            "max": 1001.0,
            "avg": 1001.0,
            "std": 0.0,
            "range": [
                1001.0,
                1001.0
            ]
        },
        "P1": {
            "min": 10.0,
            "max": 16.5915,
            "avg": 13.921366519392874,
            "std": 0.5877059705601915,
            "range": [
                13.62751353411278,
                14.21521950467297
            ]
        },
        "P2": {
            "min": 10.0,
            "max": 16.374,
            "avg": 11.944591717698748,
            "std": 0.4174437323791711,
            "range": [
                11.735869851509161,
                12.153313583888334
            ]
        },
        "P3": {
            "min": 0.5001,
            "max": 15.0,
            "avg": 14.207014207793728,
            "std": 3.01042755874745,
            "range": [
                12.701800428420004,
                15.0
            ]
        },
        "U": {
            "min": 0.0,
            "max": 0.0,
            "avg": 0.0,
            "std": 0.0,
            "range": [
                0.0,
                0.0
            ]
        },
        "V": {
            "min": 0.0,
            "max": 0.0,
            "avg": 0.0,
            "std": 0.0,
            "range": [
                0.0,
                0.0
            ]
        },
        "W": {
            "min": 0.01,
            "max": 0.3,
            "avg": 0.20148780752822518,
            "std": 0.0755873250705173,
            "range": [
                0.16369414499296653,
                0.23928147006348383
            ]
        },
        "Z": {
            "min": 0.0,
            "max": 0.0,
            "avg": 0.0,
            "std": 0.0,
            "range": [
                0.0,
                0.0
            ]
        },
        "hh": {
            "min": 0.5,
            "max": 1.5,
            "avg": 0.8533355466511995,
            "std": 0.187889336192533,
            "range": [
                0.759390878554933,
                0.9472802147474659
            ]
        },
        "kk": {
            "min": 1.0,
            "max": 1.0,
            "avg": 1.0,
            "std": 0.0,
            "range": [
                1.0,
                1.0
            ]
        },
        "ll": {
            "min": 1.0,
            "max": 1.0,
            "avg": 1.0,
            "std": 0.0,
            "range": [
                1.0,
                1.0
            ]
        },
        "hk": {
            "min": 0.0,
            "max": 0.0,
            "avg": 0.0,
            "std": 0.0,
            "range": [
                0.0,
                0.0
            ]
        },
        "hl": {
            "min": 0.0,
            "max": 0.0,
            "avg": 0.0,
            "std": 0.0,
            "range": [
                0.0,
                0.0
            ]
        },
        "kl": {
            "min": 0.0,
            "max": 0.0,
            "avg": 0.0,
            "std": 0.0,
            "range": [
                0.0,
                0.0
            ]
        },
        "s1": {
            "min": 0.0,
            "max": 0.0,
            "avg": 0.0,
            "std": 0.0,
            "range": [
                0.0,
                0.0
            ]
        },
        "s2": {
            "min": 0.0,
            "max": 0.0,
            "avg": 0.0,
            "std": 0.0,
            "range": [
                0.0,
                0.0
            ]
        },
        "s3": {
            "min": 0.0,
            "max": 0.0,
            "avg": 0.0,
            "std": 0.0,
            "range": [
                0.0,
                0.0
            ]
        },
        "s4": {
            "min": 0.0,
            "max": 0.0,
            "avg": 0.0,
            "std": 0.0,
            "range": [
                0.0,
                0.0
            ]
        },
        "s5": {
            "min": 0.0,
            "max": 0.0,
            "avg": 0.0,
            "std": 0.0,
            "range": [
                0.0,
                0.0
            ]
        },
        "s6": {
            "min": 0.0,
            "max": 0.0,
            "avg": 0.0,
            "std": 0.0,
            "range": [
                0.0,
                0.0
            ]
        }
    },
    "atom_parameters": {
        "Ca1 (Ca+2)": {
            "X": {
                "min": 0.0,
                "max": 0.0,
                "avg": 0.0,
                "std": 0.0,
                "range": [
                    0.0,
                    0.0
                ]
            },
            "Y": {
                "min": 0.0,
                "max": 0.0,
                "avg": 0.0,
                "std": 0.0,
                "range": [
                    0.0,
                    0.0
                ]
            },
            "Z": {
                "min": 0.0,
                "max": 0.0,
                "avg": 0.0,
                "std": 0.0,
                "range": [
                    0.0,
                    0.0
                ]
            },