{
    "phase_name": "Fluorapatite_71854",
    "total_entries": 160,
    "phase_parameters": {
        "ESU": {
            "min": 0.07191,
            "max": 1.95119,
            "avg": 0.22875706185392877,
            "std": 0.16920320946862574,
            "range": [
                0.14415545711961592,
                0.31335866658824163
            ]
        },
        "SF": {
            "min": 2.41e-07,
            "max": 2.3963e-05,
            "avg": 5.248932132963989e-06,
            "std": 5.988297271801363e-06,
            "range": [
                2.254783497063307e-06,
                8.24308076886467e-06
            ]
        },
        "A": {
            "min": 9.37,
            "max": 9.385,
            "avg": 9.375619417353558,
            "std": 0.0037075735826385273,
            "range": [
                9.37376563056224,
                9.377473204144877
            ]
        },
        "B": {
            "min": 9.37,
            "max": 9.385,
            "avg": 9.375619417353558,
            "std": 0.0037075735826385273,
            "range": [
                9.37376563056224,
                9.377473204144877
            ]
        },
        "C": {
            "min": 6.88,
            "max": 6.895,
            "avg": 6.887953613945004,
            "std": 0.004340140093205704,
            "range": [
                6.885783543898401,
                6.8901236839916065
            ]
        },
        "Alpha": {
            "min": 90.0,
            "max": 90.0,
            "avg": 90.0,
            "std": 0.0,
            "range": [
                90.0,
                90.0
            ]
        },
        "Beta": {
            "min": 90.0,
            "max": 90.0,
            "avg": 90.0,
            "std": 0.0,
            "range": [
                90.0,
                90.0
            ]
        },
        "Gamma": {
            "min": 120.0,
            "max": 120.0,
            "avg": 120.0,
            "std": 0.0,
            "range": [
                120.0,
                120.0
            ]
        },
        "NA": {
            "min": 100.0,
            "max": 500.0,
            "avg": 312.58727976488075,
            "std": 162.2414269874942,
            "range": [
                231.46656627113364,
                393.7079932586279
            ]
        },
        "NB": {
            "min": 0.0,
            "max": 0.0,
            "avg": 0.0,
            "std": 0.0,
            "range": [
                0.0,
                0.0
            ]
        },
        "NC": {
            "min": 1001.0,
            "max": 1001.0,
            "avg": 1001.0,
            "std": 0.0,
            "range": [
                1001.0,
                1001.0
            ]
        },
        "P1": {
            "min": 10.0073,
            "max": 14.0,
            "avg": 12.00365,
            "std": 0.0,
            "range": [
                10.0073,
                14.0
            ]
        },
        "P2": {
            "min": 12.0,
            "max": 14.5574,
            "avg": 13.2787,
            "std": 0.0,
            "range": [
                12.0,
                14.5574
            ]
        },
        "P3": {
            "min": 2.5263,
            "max": 15.0,
            "avg": 8.76315,
            "std": 0.0,
            "range": [
                2.5263,
                15.0
            ]
        },
        "U": {
            "min": 0.0,
            "max": 0.0,
            "avg": 0.0,
            "std": 0.0,
            "range": [
                0.0,
                0.0
            ]
        },
        "V": {
            "min": 0.0,
            "max": 0.0,
            "avg": 0.0,
            "std": 0.0,
            "range": [
                0.0,
                0.0
            ]
        },
        "W": {
            "min": 0.01,
            "max": 0.35,
            "avg": 0.06180534423349773,
            "std": 0.10356358848713099,
            "range": [
                0.01002354998993224,
                0.11358713847706323
            ]
        },
        "Z": {
            "min": 0.0,
            "max": 0.0,
            "avg": 0.0,
            "std": 0.0,
            "range": [
                0.0,
                0.0
            ]
        },
        "hh": {
            "min": 1.0,
            "max": 1.0,
            "avg": 1.0,
            "std": 0.0,
            "range": [
                1.0,
                1.0
            ]
        },
        "kk": {
            "min": 1.0,
            "max": 1.0,
            "avg": 1.0,
            "std": 0.0,
            "range": [
                1.0,
                1.0
            ]
        },
        "ll": {
            "min": 1.0,
            "max": 1.0,
            "avg": 1.0,
            "std": 0.0,
            "range": [
                1.0,
                1.0
            ]
        },
        "hk": {
            "min": 0.0,
            "max": 0.0,
            "avg": 0.0,
            "std": 0.0,
            "range": [
                0.0,
                0.0
            ]
        },
        "hl": {
            "min": 0.0,
            "max": 0.0,
            "avg": 0.0,
            "std": 0.0,
            "range": [
                0.0,
                0.0
            ]
        },
        "kl": {
            "min": 0.0,
            "max": 0.0,
            "avg": 0.0,
            "std": 0.0,
            "range": [
                0.0,
                0.0
            ]
        },
        "s1": {
            "min": 0.0,
            "max": 0.0,
            "avg": 0.0,
            "std": 0.0,
            "range": [
                0.0,
                0.0
            ]
        },
        "s2": {
            "min": 0.0,
            "max": 0.0,
            "avg": 0.0,
            "std": 0.0,
            "range": [
                0.0,
                0.0
            ]
        },
        "s3": {
            "min": 0.0,
            "max": 0.0,
            "avg": 0.0,
            "std": 0.0,
            "range": [
                0.0,
                0.0
            ]
        },
        "s4": {
            "min": 0.0,
            "max": 0.0,
            "avg": 0.0,
            "std": 0.0,
            "range": [
                0.0,
                0.0
            ]
        },
        "s5": {
            "min": 0.0,
            "max": 0.0,
            "avg": 0.0,
            "std": 0.0,
            "range": [
                0.0,
                0.0
            ]
        },
        "s6": {
            "min": 0.0,
            "max": 0.0,
            "avg": 0.0,
            "std": 0.0,
            "range": [
                0.0,
                0.0
            ]
        }
    },
    "atom_parameters": {
        "O1 (O-2)": {
            "X": {
                "min": 0.3295,
                "max": 0.3295,
                "avg": 0.3295,
                "std": 0.0,
                "range": [
                    0.3295,
                    0.3295
                ]
            },
            "Y": {
                "min": 0.4816,
                "max": 0.4816,
                "avg": 0.4816,
                "std": 0.0,
                "range": [
                    0.4816,
                    0.4816
                ]
            },
            "Z": {
                "min": 0.25,
                "max": 0.25,
                "avg": 0.25,
                "std": 0.0,
                "range": [
                    0.25,
                    0.25
                ]
            },
            "B": {
                "min": 0.775,
                "max": 0.775,
                "avg": 0.775,
                "std": 0.0,