{
    "phase_name": "Galena_63095",
    "total_entries": 1,
    "phase_parameters": {
        "ESU": {
            "min": 0.01729,
            "max": 0.01729,
            "avg": 0.01729,
            "std": 0.0,
            "range": [
                0.01729,
                0.01729
            ]
        },
        "SF": {
            "min": 3.5935e-05,
            "max": 3.5935e-05,
            "avg": 3.5935e-05,
            "std": 0.0,
            "range": [
                3.5935e-05,
                3.5935e-05
            ]
        },
        "A": {
            "min": 5.93584,
            "max": 5.93584,
            "avg": 5.93584,
            "std": 0.0,
            "range": [
                5.93584,
                5.93584
            ]
        },
        "B": {
            "min": 5.93584,
            "max": 5.93584,
            "avg": 5.93584,
            "std": 0.0,
            "range": [
                5.93584,
                5.93584
            ]
        },
        "C": {
            "min": 5.93584,
            "max": 5.93584,
            "avg": 5.93584,
            "std": 0.0,
            "range": [
                5.93584,
                5.93584
            ]
        },
        "Alpha": {
            "min": 90.0,
            "max": 90.0,
            "avg": 90.0,
            "std": 0.0,
            "range": [
                90.0,
                90.0
            ]
        },
        "Beta": {
            "min": 90.0,
            "max": 90.0,
            "avg": 90.0,
            "std": 0.0,
            "range": [
                90.0,
                90.0
            ]
        },
        "Gamma": {
            "min": 90.0,
            "max": 90.0,
            "avg": 90.0,
            "std": 0.0,
            "range": [
                90.0,
                90.0
            ]
        },
        "NA": {
            "min": 80.0,
            "max": 80.0,
            "avg": 80.0,
            "std": 0.0,
            "range": [
                80.0,
                80.0
            ]
        },
        "NB": {
            "min": 0.0,
            "max": 0.0,
            "avg": 0.0,
            "std": 0.0,
            "range": [
                0.0,
                0.0
            ]
        },
        "NC": {
            "min": 1001.0,
            "max": 1001.0,
            "avg": 1001.0,
            "std": 0.0,
            "range": [
                1001.0,
                1001.0
            ]
        },
        "P1": {
            "min": 14.0,
            "max": 14.0,
            "avg": 14.0,
            "std": 0.0,
            "range": [
                14.0,
                14.0
            ]
        },
        "P2": {
            "min": 12.0,
            "max": 12.0,
            "avg": 12.0,
            "std": 0.0,
            "range": [
                12.0,
                12.0
            ]
        },
        "P3": {
            "min": 15.0,
            "max": 15.0,
            "avg": 15.0,
            "std": 0.0,
            "range": [
                15.0,
                15.0
            ]
        },
        "U": {
            "min": 0.0,
            "max": 0.0,
            "avg": 0.0,
            "std": 0.0,
            "range": [
                0.0,
                0.0
            ]
        },
        "V": {
            "min": 0.0,
            "max": 0.0,
            "avg": 0.0,
            "std": 0.0,
            "range": [
                0.0,
                0.0
            ]
        },
        "W": {
            "min": 0.3,
            "max": 0.3,
            "avg": 0.3,
            "std": 0.0,
            "range": [
                0.3,
                0.3
            ]
        },
        "Z": {
            "min": 0.0,
            "max": 0.0,
            "avg": 0.0,
            "std": 0.0,
            "range": [
                0.0,
                0.0
            ]
        },
        "hh": {
            "min": 1.0,
            "max": 1.0,
            "avg": 1.0,
            "std": 0.0,
            "range": [
                1.0,
                1.0
            ]
        },
        "kk": {
            "min": 1.0,
            "max": 1.0,
            "avg": 1.0,
            "std": 0.0,
            "range": [
                1.0,
                1.0
            ]
        },
        "ll": {
            "min": 1.0,
            "max": 1.0,
            "avg": 1.0,
            "std": 0.0,
            "range": [
                1.0,
                1.0
            ]
        },
        "hk": {
            "min": 0.0,
            "max": 0.0,
            "avg": 0.0,
            "std": 0.0,
            "range": [
                0.0,
                0.0
            ]
        },
        "hl": {
            "min": 0.0,
            "max": 0.0,
            "avg": 0.0,
            "std": 0.0,
            "range": [
                0.0,
                0.0
            ]
        },
        "kl": {
            "min": 0.0,
            "max": 0.0,
            "avg": 0.0,
            "std": 0.0,
            "range": [
                0.0,
                0.0
            ]
        },
        "s1": {
            "min": 0.0,
            "max": 0.0,
            "avg": 0.0,
            "std": 0.0,
            "range": [
                0.0,
                0.0
            ]
        },
        "s2": {
            "min": 0.0,
            "max": 0.0,
            "avg": 0.0,
            "std": 0.0,
            "range": [
                0.0,
                0.0
            ]
        },
        "s3": {
            "min": 0.0,
            "max": 0.0,
            "avg": 0.0,
            "std": 0.0,
            "range": [
                0.0,
                0.0
            ]
        },
        "s4": {
            "min": 0.0,
            "max": 0.0,
            "avg": 0.0,
            "std": 0.0,
            "range": [
                0.0,
                0.0
            ]
        },
        "s5": {
            "min": 0.0,
            "max": 0.0,
            "avg": 0.0,
            "std": 0.0,
            "range": [
                0.0,
                0.0
            ]
        },
        "s6": {
            "min": 0.0,
            "max": 0.0,
            "avg": 0.0,
            "std": 0.0,
            "range": [
                0.0,
                0.0
            ]
        }
    },
    "atom_parameters": {
        "Pb1 (Pb+2)": {
            "X": {
                "min": 0.5,
                "max": 0.5,
                "avg": 0.5,
                "std": 0.0,
                "range": [
                    0.5,
                    0.5
                ]
            },
            "Y": {
                "min": 0.5,
                "max": 0.5,
                "avg": 0.5,
                "std": 0.0,
                "range": [
                    0.5,
                    0.5
                ]
            },
            "Z": {
                "min": 0.5,
                "max": 0.5,
                "avg": 0.5,
                "std": 0.0,
                "range": [
                    0.5,
                    0.5
                ]
            },
            "B": {
                "min": 1.29,
                "max": 1.29,
                "avg": 1.29,
                "std": 0.0,
                "range": [
                    1.29,
                    1.29
                ]
            },
            "N": {
                "min": 1.0,
                "max": 1.0,
                "avg": 1.0,
                "std": 0.0,
                "range": [
                    1.0,
                    1.0
                ]
            }
        },
        "S1 (S)": {
            "X": {
                "min": 0.0,