{
    "phase_name": "Goethite_245057",
    "total_entries": 38,
    "phase_parameters": {
        "ESU": {
            "min": 0.10112,
            "max": 4.72709,
            "avg": 2.293413060057197,
            "std": 1.7146816237414917,
            "range": [
                1.4360722481864512,
                3.150753871927943
            ]
        },
        "SF": {
            "min": 0.0,
            "max": 0.001067773,
            "avg": 0.0006325919832039584,
            "std": 0.00040943452931786924,
            "range": [
                0.0004278747185450238,
                0.000837309247862893
            ]
        },
        "A": {
            "min": 4.585,
            "max": 4.62,
            "avg": 4.605035073968153,
            "std": 0.0059025691259385745,
            "range": [
                4.602083789405184,
                4.6079863585311225
            ]
        },
        "B": {
            "min": 9.92,
            "max": 10.02,
            "avg": 9.963642854368736,
            "std": 0.018833035666663923,
            "range": [
                9.954226336535404,
                9.973059372202068
            ]
        },
        "C": {
            "min": 2.99,
            "max": 3.02864,
            "avg": 3.012219009336178,
            "std": 0.007395086271402025,
            "range": [
                3.008521466200477,
                3.015916552471879
            ]
        },
        "Alpha": {
            "min": 90.0,
            "max": 90.0,
            "avg": 90.0,
            "std": 0.0,
            "range": [
                90.0,
                90.0
            ]
        },
        "Beta": {
            "min": 90.0,
            "max": 90.0,
            "avg": 90.0,
            "std": 0.0,
            "range": [
                90.0,
                90.0
            ]
        },
        "Gamma": {
            "min": 90.0,
            "max": 90.0,
            "avg": 90.0,
            "std": 0.0,
            "range": [
                90.0,
                90.0
            ]
        },
        "NA": {
            "min": 50.0,
            "max": 250.0,
            "avg": 50.35742664366668,
            "std": 7.071055692968209,
            "range": [
                50.0,
                53.892954490150785
            ]
        },
        "NB": {
            "min": 0.0,
            "max": 0.0,
            "avg": 0.0,
            "std": 0.0,
            "range": [
                0.0,
                0.0
            ]
        },
        "NC": {
            "min": 1001.0,
            "max": 1001.0,
            "avg": 1001.0,
            "std": 0.0,
            "range": [
                1001.0,
                1001.0
            ]
        },
        "P1": {
            "min": 14.0,
            "max": 14.0,
            "avg": 14.0,
            "std": 0.0,
            "range": [
                14.0,
                14.0
            ]
        },
        "P2": {
            "min": 12.0,
            "max": 12.0,
            "avg": 12.0,
            "std": 0.0,
            "range": [
                12.0,
                12.0
            ]
        },
        "P3": {
            "min": 15.0,
            "max": 15.0,
            "avg": 15.0,
            "std": 0.0,
            "range": [
                15.0,
                15.0
            ]
        },
        "U": {
            "min": 0.0,
            "max": 0.0,
            "avg": 0.0,
            "std": 0.0,
            "range": [
                0.0,
                0.0
            ]
        },
        "V": {
            "min": 0.0,
            "max": 0.0,
            "avg": 0.0,
            "std": 0.0,
            "range": [
                0.0,
                0.0
            ]
        },
        "W": {
            "min": 0.01,
            "max": 0.35,
            "avg": 0.34560051195141755,
            "std": 0.037580035210183355,
            "range": [
                0.32681049434632586,
                0.35
            ]
        },
        "Z": {
            "min": 0.0,
            "max": 0.0,
            "avg": 0.0,
            "std": 0.0,
            "range": [
                0.0,
                0.0
            ]
        },
        "hh": {
            "min": 1.0,
            "max": 1.0,
            "avg": 1.0,
            "std": 0.0,
            "range": [
                1.0,
                1.0
            ]
        },
        "kk": {
            "min": 1.0,
            "max": 1.0,
            "avg": 1.0,
            "std": 0.0,
            "range": [
                1.0,
                1.0
            ]
        },
        "ll": {
            "min": 1.0,
            "max": 1.0,
            "avg": 1.0,
            "std": 0.0,
            "range": [
                1.0,
                1.0
            ]
        },
        "hk": {
            "min": 0.0,
            "max": 0.0,
            "avg": 0.0,
            "std": 0.0,
            "range": [
                0.0,
                0.0
            ]
        },
        "hl": {
            "min": 0.0,
            "max": 0.0,
            "avg": 0.0,
            "std": 0.0,
            "range": [
                0.0,
                0.0
            ]
        },
        "kl": {
            "min": 0.0,
            "max": 0.0,
            "avg": 0.0,
            "std": 0.0,
            "range": [
                0.0,
                0.0
            ]
        },
        "s1": {
            "min": 0.0,
            "max": 0.0,
            "avg": 0.0,
            "std": 0.0,
            "range": [
                0.0,
                0.0
            ]
        },
        "s2": {
            "min": 0.0,
            "max": 0.0,
            "avg": 0.0,
            "std": 0.0,
            "range": [
                0.0,
                0.0
            ]
        },
        "s3": {
            "min": 0.0,
            "max": 0.0,
            "avg": 0.0,
            "std": 0.0,
            "range": [
                0.0,
                0.0
            ]
        },
        "s4": {
            "min": 0.0,
            "max": 0.0,
            "avg": 0.0,
            "std": 0.0,
            "range": [
                0.0,
                0.0
            ]
        },
        "s5": {
            "min": 0.0,
            "max": 0.0,
            "avg": 0.0,
            "std": 0.0,
            "range": [
                0.0,
                0.0
            ]
        },
        "s6": {
            "min": 0.0,
            "max": 0.0,
            "avg": 0.0,
            "std": 0.0,
            "range": [
                0.0,
                0.0
            ]
        }
    },
    "atom_parameters": {
        "Fe1 (Fe+3)": {
            "X": {
                "min": 0.04893,
                "max": 0.04893,
                "avg": 0.04893,
                "std": 0.0,
                "range": [
                    0.04893,
                    0.04893
                ]
            },
            "Y": {
                "min": 0.85366,
                "max": 0.85366,
                "avg": 0.85366,
                "std": 0.0,
                "range": [
                    0.85366,
                    0.85366
                ]
            },
            "Z": {
                "min": 0.25,
                "max": 0.25,
                "avg": 0.25,
                "std": 0.0,
                "range": [
                    0.25,
                    0.25
                ]
            },
            "B": {
                "min": 0.46479,
                "max": 0.46479,
                "avg": 0.46479,
                "std": 0.0,