{
    "phase_name": "Graphite_2H_76767",
    "total_entries": 8,
    "phase_parameters": {
        "ESU": {
            "min": 0.55622,
            "max": 3.50783,
            "avg": 2.16829171801396,
            "std": 0.9397896078393414,
            "range": [
                1.6983969140942892,
                2.6381865219336307
            ]
        },
        "SF": {
            "min": 0.002294858,
            "max": 0.015308897,
            "avg": 0.009195537706288897,
            "std": 0.004533230460850951,
            "range": [
                0.006928922475863422,
                0.011462152936714372
            ]
        },
        "A": {
            "min": 2.44387,
            "max": 2.46388,
            "avg": 2.452597983186054,
            "std": 0.005986628504348642,
            "range": [
                2.4496046689338793,
                2.4555912974382283
            ]
        },
        "B": {
            "min": 2.44387,
            "max": 2.46388,
            "avg": 2.452597983186054,
            "std": 0.005986628504348642,
            "range": [
                2.4496046689338793,
                2.4555912974382283
            ]
        },
        "C": {
            "min": 6.68511,
            "max": 6.73858,
            "avg": 6.717260770897088,
            "std": 0.018553234727957803,
            "range": [
                6.707984153533109,
                6.726537388261067
            ]
        },
        "Alpha": {
            "min": 90.0,
            "max": 90.0,
            "avg": 90.0,
            "std": 0.0,
            "range": [
                90.0,
                90.0
            ]
        },
        "Beta": {
            "min": 90.0,
            "max": 90.0,
            "avg": 90.0,
            "std": 0.0,
            "range": [
                90.0,
                90.0
            ]
        },
        "Gamma": {
            "min": 120.0,
            "max": 120.0,
            "avg": 120.0,
            "std": 0.0,
            "range": [
                120.0,
                120.0
            ]
        },
        "NA": {
            "min": 75.0,
            "max": 500.0,
            "avg": 116.91034147096241,
            "std": 77.71511254377688,
            "range": [
                78.05278519907397,
                155.76789774285083
            ]
        },
        "NB": {
            "min": 0.0,
            "max": 0.0,
            "avg": 0.0,
            "std": 0.0,
            "range": [
                0.0,
                0.0
            ]
        },
        "NC": {
            "min": 1001.0,
            "max": 1001.0,
            "avg": 1001.0,
            "std": 0.0,
            "range": [
                1001.0,
                1001.0
            ]
        },
        "P1": {
            "min": 10.3645,
            "max": 14.0,
            "avg": 12.18225,
            "std": 0.0,
            "range": [
                10.3645,
                14.0
            ]
        },
        "P2": {
            "min": 11.0769,
            "max": 12.0,
            "avg": 11.538450000000001,
            "std": 0.0,
            "range": [
                11.0769,
                12.0
            ]
        },
        "P3": {
            "min": 4.582,
            "max": 15.0,
            "avg": 9.791,
            "std": 0.0,
            "range": [
                4.582,
                15.0
            ]
        },
        "U": {
            "min": 0.0,
            "max": 0.0,
            "avg": 0.0,
            "std": 0.0,
            "range": [
                0.0,
                0.0
            ]
        },
        "V": {
            "min": 0.0,
            "max": 0.0,
            "avg": 0.0,
            "std": 0.0,
            "range": [
                0.0,
                0.0
            ]
        },
        "W": {
            "min": 0.001,
            "max": 0.4,
            "avg": 0.31672551834404983,
            "std": 0.1510853572501778,
            "range": [
                0.24118283971896093,
                0.3922681969691387
            ]
        },
        "Z": {
            "min": 0.0,
            "max": 0.0,
            "avg": 0.0,
            "std": 0.0,
            "range": [
                0.0,
                0.0
            ]
        },
        "hh": {
            "min": 0.7,
            "max": 1.0,
            "avg": 0.9080850070487914,
            "std": 0.11843777017752312,
            "range": [
                0.8488661219600298,
                0.967303892137553
            ]
        },
        "kk": {
            "min": 1.0,
            "max": 1.0,
            "avg": 1.0,
            "std": 0.0,
            "range": [
                1.0,
                1.0
            ]
        },
        "ll": {
            "min": 1.0,
            "max": 1.0,
            "avg": 1.0,
            "std": 0.0,
            "range": [
                1.0,
                1.0
            ]
        },
        "hk": {
            "min": 0.0,
            "max": 0.0,
            "avg": 0.0,
            "std": 0.0,
            "range": [
                0.0,
                0.0
            ]
        },
        "hl": {
            "min": 0.0,
            "max": 0.0,
            "avg": 0.0,
            "std": 0.0,
            "range": [
                0.0,
                0.0
            ]
        },
        "kl": {
            "min": 0.0,
            "max": 0.0,
            "avg": 0.0,
            "std": 0.0,
            "range": [
                0.0,
                0.0
            ]
        },
        "s1": {
            "min": 0.0,
            "max": 0.0,
            "avg": 0.0,
            "std": 0.0,
            "range": [
                0.0,
                0.0
            ]
        },
        "s2": {
            "min": 0.0,
            "max": 0.0,
            "avg": 0.0,
            "std": 0.0,
            "range": [
                0.0,
                0.0
            ]
        },
        "s3": {
            "min": 0.0,
            "max": 0.0,
            "avg": 0.0,
            "std": 0.0,
            "range": [
                0.0,
                0.0
            ]
        },
        "s4": {
            "min": 0.0,
            "max": 0.0,
            "avg": 0.0,
            "std": 0.0,
            "range": [
                0.0,
                0.0
            ]
        },
        "s5": {
            "min": 0.0,
            "max": 0.0,
            "avg": 0.0,
            "std": 0.0,
            "range": [
                0.0,
                0.0
            ]
        },
        "s6": {
            "min": 0.0,
            "max": 0.0,
            "avg": 0.0,
            "std": 0.0,
            "range": [
                0.0,
                0.0
            ]
        }
    },
    "atom_parameters": {
        "C1 (C)": {
            "X": {
                "min": 0.0,
                "max": 0.0,
                "avg": 0.0,
                "std": 0.0,
                "range": [
                    0.0,
                    0.0
                ]
            },
            "Y": {
                "min": 0.0,
                "max": 0.0,
                "avg": 0.0,
                "std": 0.0,
                "range": [
                    0.0,
                    0.0
                ]
            },
            "Z": {
                "min": 0.25,
                "max": 0.25,
                "avg": 0.25,
                "std": 0.0,
                "range": [
                    0.25,
                    0.25
                ]
            },
            "B": {
                "min": 0.58428,
                "max": 0.58428,
                "avg": 0.58428,