{
    "phase_name": "Grossular_100619",
    "total_entries": 3,
    "phase_parameters": {
        "ESU": {
            "min": 0.17439,
            "max": 2.45985,
            "avg": 0.8277366070541481,
            "std": 0.9770312670097197,
            "range": [
                0.33922097354928826,
                1.3162522405590078
            ]
        },
        "SF": {
            "min": 1.572e-06,
            "max": 5.014e-06,
            "avg": 3.7821548821548817e-06,
            "std": 1.4259453093464148e-06,
            "range": [
                3.0691822274816744e-06,
                4.495127536828089e-06
            ]
        },
        "A": {
            "min": 11.86328,
            "max": 11.87297,
            "avg": 11.87079963459734,
            "std": 0.0035491151466647665,
            "range": [
                11.869025077024007,
                11.872574192170672
            ]
        },
        "B": {
            "min": 11.86328,
            "max": 11.87297,
            "avg": 11.87079963459734,
            "std": 0.0035491151466647665,
            "range": [
                11.869025077024007,
                11.872574192170672
            ]
        },
        "C": {
            "min": 11.86328,
            "max": 11.87297,
            "avg": 11.87079963459734,
            "std": 0.0035491151466647665,
            "range": [
                11.869025077024007,
                11.872574192170672
            ]
        },
        "Alpha": {
            "min": 90.0,
            "max": 90.0,
            "avg": 90.0,
            "std": 0.0,
            "range": [
                90.0,
                90.0
            ]
        },
        "Beta": {
            "min": 90.0,
            "max": 90.0,
            "avg": 90.0,
            "std": 0.0,
            "range": [
                90.0,
                90.0
            ]
        },
        "Gamma": {
            "min": 90.0,
            "max": 90.0,
            "avg": 90.0,
            "std": 0.0,
            "range": [
                90.0,
                90.0
            ]
        },
        "NA": {
            "min": 1499.9645,
            "max": 1500.0,
            "avg": 1499.9915753104817,
            "std": 0.012818575386701113,
            "range": [
                1499.9851660227885,
                1499.997984598175
            ]
        },
        "NB": {
            "min": 0.0,
            "max": 0.0,
            "avg": 0.0,
            "std": 0.0,
            "range": [
                0.0,
                0.0
            ]
        },
        "NC": {
            "min": 1001.0,
            "max": 1001.0,
            "avg": 1001.0,
            "std": 0.0,
            "range": [
                1001.0,
                1001.0
            ]
        },
        "P1": {
            "min": 14.0,
            "max": 14.0,
            "avg": 14.0,
            "std": 0.0,
            "range": [
                14.0,
                14.0
            ]
        },
        "P2": {
            "min": 12.0,
            "max": 12.0,
            "avg": 12.0,
            "std": 0.0,
            "range": [
                12.0,
                12.0
            ]
        },
        "P3": {
            "min": 15.0,
            "max": 15.0,
            "avg": 15.0,
            "std": 0.0,
            "range": [
                15.0,
                15.0
            ]
        },
        "U": {
            "min": 0.0,
            "max": 0.0,
            "avg": 0.0,
            "std": 0.0,
            "range": [
                0.0,
                0.0
            ]
        },
        "V": {
            "min": 0.0,
            "max": 0.0,
            "avg": 0.0,
            "std": 0.0,
            "range": [
                0.0,
                0.0
            ]
        },
        "W": {
            "min": 0.0992,
            "max": 0.2057,
            "avg": 0.17323034718772423,
            "std": 0.04519091640585703,
            "range": [
                0.1506348889847957,
                0.19582580539065275
            ]
        },
        "Z": {
            "min": 0.0,
            "max": 0.0,
            "avg": 0.0,
            "std": 0.0,
            "range": [
                0.0,
                0.0
            ]
        },
        "hh": {
            "min": 1.0,
            "max": 1.0,
            "avg": 1.0,
            "std": 0.0,
            "range": [
                1.0,
                1.0
            ]
        },
        "kk": {
            "min": 1.0,
            "max": 1.0,
            "avg": 1.0,
            "std": 0.0,
            "range": [
                1.0,
                1.0
            ]
        },
        "ll": {
            "min": 1.0,
            "max": 1.0,
            "avg": 1.0,
            "std": 0.0,
            "range": [
                1.0,
                1.0
            ]
        },
        "hk": {
            "min": 0.0,
            "max": 0.0,
            "avg": 0.0,
            "std": 0.0,
            "range": [
                0.0,
                0.0
            ]
        },
        "hl": {
            "min": 0.0,
            "max": 0.0,
            "avg": 0.0,
            "std": 0.0,
            "range": [
                0.0,
                0.0
            ]
        },
        "kl": {
            "min": 0.0,
            "max": 0.0,
            "avg": 0.0,
            "std": 0.0,
            "range": [
                0.0,
                0.0
            ]
        },
        "s1": {
            "min": 0.0,
            "max": 0.0,
            "avg": 0.0,
            "std": 0.0,
            "range": [
                0.0,
                0.0
            ]
        },
        "s2": {
            "min": 0.0,
            "max": 0.0,
            "avg": 0.0,
            "std": 0.0,
            "range": [
                0.0,
                0.0
            ]
        },
        "s3": {
            "min": 0.0,
            "max": 0.0,
            "avg": 0.0,
            "std": 0.0,
            "range": [
                0.0,
                0.0
            ]
        },
        "s4": {
            "min": 0.0,
            "max": 0.0,
            "avg": 0.0,
            "std": 0.0,
            "range": [
                0.0,
                0.0
            ]
        },
        "s5": {
            "min": 0.0,
            "max": 0.0,
            "avg": 0.0,
            "std": 0.0,
            "range": [
                0.0,
                0.0
            ]
        },
        "s6": {
            "min": 0.0,
            "max": 0.0,
            "avg": 0.0,
            "std": 0.0,
            "range": [
                0.0,
                0.0
            ]
        }
    },
    "atom_parameters": {
        "Ca1 (Ca+2)": {
            "X": {
                "min": 0.125,
                "max": 0.125,
                "avg": 0.125,
                "std": 0.0,
                "range": [
                    0.125,
                    0.125
                ]
            },
            "Y": {
                "min": 0.0,
                "max": 0.0,
                "avg": 0.0,
                "std": 0.0,
                "range": [
                    0.0,
                    0.0
                ]
            },
            "Z": {
                "min": 0.25,
                "max": 0.25,
                "avg": 0.25,
                "std": 0.0,
                "range": [
                    0.25,
                    0.25
                ]
            },
            "B": {
                "min": 0.33,
                "max": 0.33,
                "avg": 0.33,
                "std": 0.0,