{
    "phase_name": "Gudmundite_24161",
    "total_entries": 1,
    "phase_parameters": {
        "ESU": {
            "min": 0.429,
            "max": 0.429,
            "avg": 0.429,
            "std": 0.0,
            "range": [
                0.429,
                0.429
            ]
        },
        "SF": {
            "min": 3.0485e-05,
            "max": 3.0485e-05,
            "avg": 3.0485e-05,
            "std": 0.0,
            "range": [
                3.0485e-05,
                3.0485e-05
            ]
        },
        "A": {
            "min": 6.05721,
            "max": 6.05721,
            "avg": 6.05721,
            "std": 0.0,
            "range": [
                6.05721,
                6.05721
            ]
        },
        "B": {
            "min": 5.94881,
            "max": 5.94881,
            "avg": 5.94881,
            "std": 0.0,
            "range": [
                5.94881,
                5.94881
            ]
        },
        "C": {
            "min": 6.02,
            "max": 6.02,
            "avg": 6.02,
            "std": 0.0,
            "range": [
                6.02,
                6.02
            ]
        },
        "Alpha": {
            "min": 90.0,
            "max": 90.0,
            "avg": 90.0,
            "std": 0.0,
            "range": [
                90.0,
                90.0
            ]
        },
        "Beta": {
            "min": 67.8238,
            "max": 67.8238,
            "avg": 67.8238,
            "std": 0.0,
            "range": [
                67.8238,
                67.8238
            ]
        },
        "Gamma": {
            "min": 90.0,
            "max": 90.0,
            "avg": 90.0,
            "std": 0.0,
            "range": [
                90.0,
                90.0
            ]
        },
        "NA": {
            "min": 263.9276,
            "max": 263.9276,
            "avg": 263.9276,
            "std": 0.0,
            "range": [
                263.9276,
                263.9276
            ]
        },
        "NB": {
            "min": 0.0,
            "max": 0.0,
            "avg": 0.0,
            "std": 0.0,
            "range": [
                0.0,
                0.0
            ]
        },
        "NC": {
            "min": 1001.0,
            "max": 1001.0,
            "avg": 1001.0,
            "std": 0.0,
            "range": [
                1001.0,
                1001.0
            ]
        },
        "P1": {
            "min": 14.0,
            "max": 14.0,
            "avg": 14.0,
            "std": 0.0,
            "range": [
                14.0,
                14.0
            ]
        },
        "P2": {
            "min": 12.0,
            "max": 12.0,
            "avg": 12.0,
            "std": 0.0,
            "range": [
                12.0,
                12.0
            ]
        },
        "P3": {
            "min": 15.0,
            "max": 15.0,
            "avg": 15.0,
            "std": 0.0,
            "range": [
                15.0,
                15.0
            ]
        },
        "U": {
            "min": 0.0,
            "max": 0.0,
            "avg": 0.0,
            "std": 0.0,
            "range": [
                0.0,
                0.0
            ]
        },
        "V": {
            "min": 0.0,
            "max": 0.0,
            "avg": 0.0,
            "std": 0.0,
            "range": [
                0.0,
                0.0
            ]
        },
        "W": {
            "min": 0.0791,
            "max": 0.0791,
            "avg": 0.0791,
            "std": 0.0,
            "range": [
                0.0791,
                0.0791
            ]
        },
        "Z": {
            "min": 0.0,
            "max": 0.0,
            "avg": 0.0,
            "std": 0.0,
            "range": [
                0.0,
                0.0
            ]
        },
        "hh": {
            "min": 1.8381,
            "max": 1.8381,
            "avg": 1.8381,
            "std": 0.0,
            "range": [
                1.8381,
                1.8381
            ]
        },
        "kk": {
            "min": 1.0,
            "max": 1.0,
            "avg": 1.0,
            "std": 0.0,
            "range": [
                1.0,
                1.0
            ]
        },
        "ll": {
            "min": 1.0,
            "max": 1.0,
            "avg": 1.0,
            "std": 0.0,
            "range": [
                1.0,
                1.0
            ]
        },
        "hk": {
            "min": 0.0,
            "max": 0.0,
            "avg": 0.0,
            "std": 0.0,
            "range": [
                0.0,
                0.0
            ]
        },
        "hl": {
            "min": 0.0,
            "max": 0.0,
            "avg": 0.0,
            "std": 0.0,
            "range": [
                0.0,
                0.0
            ]
        },
        "kl": {
            "min": 0.0,
            "max": 0.0,
            "avg": 0.0,
            "std": 0.0,
            "range": [
                0.0,
                0.0
            ]
        },
        "s1": {
            "min": 0.0,
            "max": 0.0,
            "avg": 0.0,
            "std": 0.0,
            "range": [
                0.0,
                0.0
            ]
        },
        "s2": {
            "min": 0.0,
            "max": 0.0,
            "avg": 0.0,
            "std": 0.0,
            "range": [
                0.0,
                0.0
            ]
        },
        "s3": {
            "min": 0.0,
            "max": 0.0,
            "avg": 0.0,
            "std": 0.0,
            "range": [
                0.0,
                0.0
            ]
        },
        "s4": {
            "min": 0.0,
            "max": 0.0,
            "avg": 0.0,
            "std": 0.0,
            "range": [
                0.0,
                0.0
            ]
        },
        "s5": {
            "min": 0.0,
            "max": 0.0,
            "avg": 0.0,
            "std": 0.0,
            "range": [
                0.0,
                0.0
            ]
        },
        "s6": {
            "min": 0.0,
            "max": 0.0,
            "avg": 0.0,
            "std": 0.0,
            "range": [
                0.0,
                0.0
            ]
        }
    },
    "atom_parameters": {
        "Fe1 (Fe)": {
            "X": {
                "min": -0.3,
                "max": -0.3,
                "avg": -0.3,
                "std": 0.0,
                "range": [
                    -0.3,
                    -0.3
                ]
            },
            "Y": {
                "min": 0.015,
                "max": 0.015,
                "avg": 0.015,
                "std": 0.0,
                "range": [
                    0.015,
                    0.015
                ]
            },
            "Z": {
                "min": 0.3,
                "max": 0.3,
                "avg": 0.3,
                "std": 0.0,
                "range": [
                    0.3,
                    0.3
                ]
            },
            "B": {
                "min": 1.0,
                "max": 1.0,
                "avg": 1.0,
                "std": 0.0,
                "range": [
                    1.0,
                    1.0
                ]
            },
            "N": {
                "min": 1.0,
                "max": 1.0,
                "avg": 1.0,
                "std": 0.0,
                "range": [
                    1.0,
                    1.0
                ]
            }
        },