{
    "phase_name": "Gypsum_409581",
    "total_entries": 27,
    "phase_parameters": {
        "ESU": {
            "min": 0.34419,
            "max": 16.11497,
            "avg": 10.355629197364483,
            "std": 4.787760017961045,
            "range": [
                7.96174918838396,
                12.749509206345005
            ]
        },
        "SF": {
            "min": 0.0,
            "max": 0.000208212,
            "avg": 0.00011978118276009435,
            "std": 6.241925604328157e-05,
            "range": [
                8.857155473845357e-05,
                0.00015099081078173514
            ]
        },
        "A": {
            "min": 6.28,
            "max": 6.3,
            "avg": 6.2873051294036095,
            "std": 0.0028322156036348764,
            "range": [
                6.285889021601792,
                6.288721237205427
            ]
        },
        "B": {
            "min": 15.2,
            "max": 15.225,
            "avg": 15.214477822499504,
            "std": 0.003518292052859851,
            "range": [
                15.212718676473074,
                15.216236968525934
            ]
        },
        "C": {
            "min": 6.52,
            "max": 6.55,
            "avg": 6.531253828031672,
            "std": 0.004184455298455504,
            "range": [
                6.529161600382444,
                6.5333460556809
            ]
        },
        "Alpha": {
            "min": 90.0,
            "max": 90.0,
            "avg": 90.0,
            "std": 0.0,
            "range": [
                90.0,
                90.0
            ]
        },
        "Beta": {
            "min": 127.35,
            "max": 127.5,
            "avg": 127.43945147574966,
            "std": 0.019438239509139726,
            "range": [
                127.4297323559951,
                127.44917059550423
            ]
        },
        "Gamma": {
            "min": 90.0,
            "max": 90.0,
            "avg": 90.0,
            "std": 0.0,
            "range": [
                90.0,
                90.0
            ]
        },
        "NA": {
            "min": 100.0,
            "max": 800.0,
            "avg": 370.76974993118444,
            "std": 141.3223749988174,
            "range": [
                300.10856243177574,
                441.43093743059313
            ]
        },
        "NB": {
            "min": 0.0,
            "max": 0.0,
            "avg": 0.0,
            "std": 0.0,
            "range": [
                0.0,
                0.0
            ]
        },
        "NC": {
            "min": 1001.0,
            "max": 1001.0,
            "avg": 1001.0,
            "std": 0.0,
            "range": [
                1001.0,
                1001.0
            ]
        },
        "P1": {
            "min": 13.0683,
            "max": 16.2265,
            "avg": 13.979913698510286,
            "std": 0.3260534126087892,
            "range": [
                13.816886992205891,
                14.14294040481468
            ]
        },
        "P2": {
            "min": 10.0,
            "max": 12.1534,
            "avg": 11.983189549787832,
            "std": 0.22293286544410296,
            "range": [
                11.87172311706578,
                12.094655982509884
            ]
        },
        "P3": {
            "min": 0.6499,
            "max": 15.0,
            "avg": 14.287397084170394,
            "std": 2.754927834685468,
            "range": [
                12.90993316682766,
                15.0
            ]
        },
        "U": {
            "min": 0.0,
            "max": 0.0,
            "avg": 0.0,
            "std": 0.0,
            "range": [
                0.0,
                0.0
            ]
        },
        "V": {
            "min": 0.0,
            "max": 0.0,
            "avg": 0.0,
            "std": 0.0,
            "range": [
                0.0,
                0.0
            ]
        },
        "W": {
            "min": 0.01,
            "max": 0.35,
            "avg": 0.16578086926382454,
            "std": 0.1382113687417378,
            "range": [
                0.09667518489295564,
                0.23488655363469346
            ]
        },
        "Z": {
            "min": 0.0,
            "max": 0.0,
            "avg": 0.0,
            "std": 0.0,
            "range": [
                0.0,
                0.0
            ]
        },
        "hh": {
            "min": 0.3,
            "max": 0.99824,
            "avg": 0.6352967413038285,
            "std": 0.19337344017653338,
            "range": [
                0.5386100212155618,
                0.7319834613920952
            ]
        },
        "kk": {
            "min": 0.7,
            "max": 1.0,
            "avg": 0.8168890052192173,
            "std": 0.08400487555921482,
            "range": [
                0.7748865674396098,
                0.8588914429988247
            ]
        },
        "ll": {
            "min": 1.0,
            "max": 1.0,
            "avg": 1.0,
            "std": 0.0,
            "range": [
                1.0,
                1.0
            ]
        },
        "hk": {
            "min": 0.0,
            "max": 0.0,
            "avg": 0.0,
            "std": 0.0,
            "range": [
                0.0,
                0.0
            ]
        },
        "hl": {
            "min": 0.0,
            "max": 0.0,
            "avg": 0.0,
            "std": 0.0,
            "range": [
                0.0,
                0.0
            ]
        },
        "kl": {
            "min": 0.0,
            "max": 0.0,
            "avg": 0.0,
            "std": 0.0,
            "range": [
                0.0,
                0.0
            ]
        },
        "s1": {
            "min": 0.0,
            "max": 0.0,
            "avg": 0.0,
            "std": 0.0,
            "range": [
                0.0,
                0.0
            ]
        },
        "s2": {
            "min": 0.0,
            "max": 0.0,
            "avg": 0.0,
            "std": 0.0,
            "range": [
                0.0,
                0.0
            ]
        },
        "s3": {
            "min": 0.0,
            "max": 0.0,
            "avg": 0.0,
            "std": 0.0,
            "range": [
                0.0,
                0.0
            ]
        },
        "s4": {
            "min": 0.0,
            "max": 0.0,
            "avg": 0.0,
            "std": 0.0,
            "range": [
                0.0,
                0.0
            ]
        },
        "s5": {
            "min": 0.0,
            "max": 0.0,
            "avg": 0.0,
            "std": 0.0,
            "range": [
                0.0,
                0.0
            ]
        },
        "s6": {
            "min": 0.0,
            "max": 0.0,
            "avg": 0.0,
            "std": 0.0,
            "range": [
                0.0,
                0.0
            ]
        }
    },
    "atom_parameters": {
        "Ca1 (Ca+2)": {
            "X": {
                "min": 0.5,
                "max": 0.5,
                "avg": 0.5,
                "std": 0.0,
                "range": [
                    0.5,
                    0.5
                ]
            },
            "Y": {
                "min": 0.06956,
                "max": 0.08956,
                "avg": 0.07852412395556767,
                "std": 0.0032954388767442865,
                "range": [
                    0.07687640451719552,
                    0.08017184339393982
                ]
            },
            "Z": {
                "min": 0.75,
                "max": 0.75,