{
    "phase_name": "Ilmenite_67046",
    "total_entries": 91,
    "phase_parameters": {
        "ESU": {
            "min": 0.04139,
            "max": 0.54589,
            "avg": 0.12507776645041704,
            "std": 0.05998980247118183,
            "range": [
                0.09508286521482613,
                0.15507266768600797
            ]
        },
        "SF": {
            "min": 0.0,
            "max": 7.757e-06,
            "avg": 3.591600671918443e-06,
            "std": 2.238186352810951e-06,
            "range": [
                2.4725074955129676e-06,
                4.710693848323918e-06
            ]
        },
        "A": {
            "min": 5.085,
            "max": 5.135,
            "avg": 5.102342411665894,
            "std": 0.015415421279750197,
            "range": [
                5.09463470102602,
                5.110050122305769
            ]
        },
        "B": {
            "min": 5.085,
            "max": 5.135,
            "avg": 5.102342411665894,
            "std": 0.015415421279750197,
            "range": [
                5.09463470102602,
                5.110050122305769
            ]
        },
        "C": {
            "min": 14.03,
            "max": 14.12,
            "avg": 14.091501993454587,
            "std": 0.029055255604162153,
            "range": [
                14.076974365652505,
                14.106029621256669
            ]
        },
        "Alpha": {
            "min": 90.0,
            "max": 90.0,
            "avg": 90.0,
            "std": 0.0,
            "range": [
                90.0,
                90.0
            ]
        },
        "Beta": {
            "min": 90.0,
            "max": 90.0,
            "avg": 90.0,
            "std": 0.0,
            "range": [
                90.0,
                90.0
            ]
        },
        "Gamma": {
            "min": 120.0,
            "max": 120.0,
            "avg": 120.0,
            "std": 0.0,
            "range": [
                120.0,
                120.0
            ]
        },
        "NA": {
            "min": 120.0,
            "max": 1200.0,
            "avg": 816.8523494468258,
            "std": 448.5797185836419,
            "range": [
                592.5624901550048,
                1041.1422087386468
            ]
        },
        "NB": {
            "min": 0.0,
            "max": 0.0,
            "avg": 0.0,
            "std": 0.0,
            "range": [
                0.0,
                0.0
            ]
        },
        "NC": {
            "min": 1001.0,
            "max": 1001.0,
            "avg": 1001.0,
            "std": 0.0,
            "range": [
                1001.0,
                1001.0
            ]
        },
        "P1": {
            "min": 11.1166,
            "max": 14.0,
            "avg": 13.86836496756256,
            "std": 0.5804719031065411,
            "range": [
                13.578129016009289,
                14.0
            ]
        },
        "P2": {
            "min": 10.3749,
            "max": 12.501,
            "avg": 12.014485020852643,
            "std": 0.1266831495769006,
            "range": [
                11.951143446064192,
                12.077826595641094
            ]
        },
        "P3": {
            "min": 0.5515,
            "max": 15.0,
            "avg": 14.372563771431883,
            "std": 2.7824333603850318,
            "range": [
                12.981347091239368,
                15.0
            ]
        },
        "U": {
            "min": 0.0,
            "max": 0.0,
            "avg": 0.0,
            "std": 0.0,
            "range": [
                0.0,
                0.0
            ]
        },
        "V": {
            "min": 0.0,
            "max": 0.0,
            "avg": 0.0,
            "std": 0.0,
            "range": [
                0.0,
                0.0
            ]
        },
        "W": {
            "min": 0.01,
            "max": 0.25,
            "avg": 0.1261449750926784,
            "std": 0.08736379951907569,
            "range": [
                0.08246307533314057,
                0.16982687485221626
            ]
        },
        "Z": {
            "min": 0.0,
            "max": 0.0,
            "avg": 0.0,
            "std": 0.0,
            "range": [
                0.0,
                0.0
            ]
        },
        "hh": {
            "min": 1.0,
            "max": 1.0,
            "avg": 1.0,
            "std": 0.0,
            "range": [
                1.0,
                1.0
            ]
        },
        "kk": {
            "min": 1.0,
            "max": 1.0,
            "avg": 1.0,
            "std": 0.0,
            "range": [
                1.0,
                1.0
            ]
        },
        "ll": {
            "min": 1.0,
            "max": 1.0,
            "avg": 1.0,
            "std": 0.0,
            "range": [
                1.0,
                1.0
            ]
        },
        "hk": {
            "min": 0.0,
            "max": 0.0,
            "avg": 0.0,
            "std": 0.0,
            "range": [
                0.0,
                0.0
            ]
        },
        "hl": {
            "min": 0.0,
            "max": 0.0,
            "avg": 0.0,
            "std": 0.0,
            "range": [
                0.0,
                0.0
            ]
        },
        "kl": {
            "min": 0.0,
            "max": 0.0,
            "avg": 0.0,
            "std": 0.0,
            "range": [
                0.0,
                0.0
            ]
        },
        "s1": {
            "min": 0.0,
            "max": 0.0,
            "avg": 0.0,
            "std": 0.0,
            "range": [
                0.0,
                0.0
            ]
        },
        "s2": {
            "min": 0.0,
            "max": 0.0,
            "avg": 0.0,
            "std": 0.0,
            "range": [
                0.0,
                0.0
            ]
        },
        "s3": {
            "min": 0.0,
            "max": 0.0,
            "avg": 0.0,
            "std": 0.0,
            "range": [
                0.0,
                0.0
            ]
        },
        "s4": {
            "min": 0.0,
            "max": 0.0,
            "avg": 0.0,
            "std": 0.0,
            "range": [
                0.0,
                0.0
            ]
        },
        "s5": {
            "min": 0.0,
            "max": 0.0,
            "avg": 0.0,
            "std": 0.0,
            "range": [
                0.0,
                0.0
            ]
        },
        "s6": {
            "min": 0.0,
            "max": 0.0,
            "avg": 0.0,
            "std": 0.0,
            "range": [
                0.0,
                0.0
            ]
        }
    },
    "atom_parameters": {
        "Fe1 (Fe+2)": {
            "X": {
                "min": 0.0,
                "max": 0.0,
                "avg": 0.0,
                "std": 0.0,
                "range": [
                    0.0,
                    0.0
                ]
            },
            "Y": {
                "min": 0.0,
                "max": 0.0,
                "avg": 0.0,
                "std": 0.0,
                "range": [
                    0.0,
                    0.0
                ]
            },
            "Z": {
                "min": 0.35542,
                "max": 0.35542,
                "avg": 0.35542,
                "std": 0.0,
                "range": [
                    0.35542,
                    0.35542
                ]
            },
            "B": {
                "min": 0.4898,