{
    "phase_name": "Lizardite_1T_82411",
    "total_entries": 3,
    "phase_parameters": {
        "ESU": {
            "min": 0.23014,
            "max": 1.06206,
            "avg": 0.5972004081632653,
            "std": 0.30485664374011345,
            "range": [
                0.4447720862932085,
                0.749628730033322
            ]
        },
        "SF": {
            "min": 7.617e-06,
            "max": 3.2039e-05,
            "avg": 1.988188775510204e-05,
            "std": 9.054236158615067e-06,
            "range": [
                1.5354769675794506e-05,
                2.4409005834409575e-05
            ]
        },
        "A": {
            "min": 5.315,
            "max": 5.335,
            "avg": 5.323249999999999,
            "std": 0.008535684399230224,
            "range": [
                5.3189821578003835,
                5.327517842199614
            ]
        },
        "B": {
            "min": 5.315,
            "max": 5.335,
            "avg": 5.323249999999999,
            "std": 0.008535684399230224,
            "range": [
                5.3189821578003835,
                5.327517842199614
            ]
        },
        "C": {
            "min": 7.2,
            "max": 7.35,
            "avg": 7.275,
            "std": 0.0,
            "range": [
                7.2,
                7.35
            ]
        },
        "Alpha": {
            "min": 90.0,
            "max": 90.0,
            "avg": 90.0,
            "std": 0.0,
            "range": [
                90.0,
                90.0
            ]
        },
        "Beta": {
            "min": 90.0,
            "max": 90.0,
            "avg": 90.0,
            "std": 0.0,
            "range": [
                90.0,
                90.0
            ]
        },
        "Gamma": {
            "min": 120.0,
            "max": 120.0,
            "avg": 120.0,
            "std": 0.0,
            "range": [
                120.0,
                120.0
            ]
        },
        "NA": {
            "min": 30.0,
            "max": 30.0,
            "avg": 30.0,
            "std": 0.0,
            "range": [
                30.0,
                30.0
            ]
        },
        "NB": {
            "min": 0.0,
            "max": 0.0,
            "avg": 0.0,
            "std": 0.0,
            "range": [
                0.0,
                0.0
            ]
        },
        "NC": {
            "min": 1001.0,
            "max": 1001.0,
            "avg": 1001.0,
            "std": 0.0,
            "range": [
                1001.0,
                1001.0
            ]
        },
        "P1": {
            "min": 14.0,
            "max": 14.0,
            "avg": 14.0,
            "std": 0.0,
            "range": [
                14.0,
                14.0
            ]
        },
        "P2": {
            "min": 12.0,
            "max": 12.0,
            "avg": 12.0,
            "std": 0.0,
            "range": [
                12.0,
                12.0
            ]
        },
        "P3": {
            "min": 15.0,
            "max": 15.0,
            "avg": 15.0,
            "std": 0.0,
            "range": [
                15.0,
                15.0
            ]
        },
        "U": {
            "min": 0.0,
            "max": 0.0,
            "avg": 0.0,
            "std": 0.0,
            "range": [
                0.0,
                0.0
            ]
        },
        "V": {
            "min": 0.0,
            "max": 0.0,
            "avg": 0.0,
            "std": 0.0,
            "range": [
                0.0,
                0.0
            ]
        },
        "W": {
            "min": 0.001,
            "max": 0.3,
            "avg": 0.1505,
            "std": 0.0,
            "range": [
                0.001,
                0.3
            ]
        },
        "Z": {
            "min": 0.0,
            "max": 0.0,
            "avg": 0.0,
            "std": 0.0,
            "range": [
                0.0,
                0.0
            ]
        },
        "hh": {
            "min": 0.5,
            "max": 1.0,
            "avg": 0.75,
            "std": 0.0,
            "range": [
                0.5,
                1.0
            ]
        },
        "kk": {
            "min": 1.0,
            "max": 1.0,
            "avg": 1.0,
            "std": 0.0,
            "range": [
                1.0,
                1.0
            ]
        },
        "ll": {
            "min": 1.0,
            "max": 1.0,
            "avg": 1.0,
            "std": 0.0,
            "range": [
                1.0,
                1.0
            ]
        },
        "hk": {
            "min": 0.0,
            "max": 0.0,
            "avg": 0.0,
            "std": 0.0,
            "range": [
                0.0,
                0.0
            ]
        },
        "hl": {
            "min": 0.0,
            "max": 0.0,
            "avg": 0.0,
            "std": 0.0,
            "range": [
                0.0,
                0.0
            ]
        },
        "kl": {
            "min": 0.0,
            "max": 0.0,
            "avg": 0.0,
            "std": 0.0,
            "range": [
                0.0,
                0.0
            ]
        },
        "s1": {
            "min": 0.0,
            "max": 0.0,
            "avg": 0.0,
            "std": 0.0,
            "range": [
                0.0,
                0.0
            ]
        },
        "s2": {
            "min": 0.0,
            "max": 0.0,
            "avg": 0.0,
            "std": 0.0,
            "range": [
                0.0,
                0.0
            ]
        },
        "s3": {
            "min": 0.0,
            "max": 0.0,
            "avg": 0.0,
            "std": 0.0,
            "range": [
                0.0,
                0.0
            ]
        },
        "s4": {
            "min": 0.0,
            "max": 0.0,
            "avg": 0.0,
            "std": 0.0,
            "range": [
                0.0,
                0.0
            ]
        },
        "s5": {
            "min": 0.0,
            "max": 0.0,
            "avg": 0.0,
            "std": 0.0,
            "range": [
                0.0,
                0.0
            ]
        },
        "s6": {
            "min": 0.0,
            "max": 0.0,
            "avg": 0.0,
            "std": 0.0,
            "range": [
                0.0,
                0.0
            ]
        }
    },
    "atom_parameters": {
        "Si1 (Si+4)": {
            "X": {
                "min": 0.33333,
                "max": 0.33333,
                "avg": 0.33333,
                "std": 0.0,
                "range": [
                    0.33333,
                    0.33333
                ]
            },
            "Y": {
                "min": 0.66667,
                "max": 0.66667,
                "avg": 0.66667,
                "std": 0.0,
                "range": [
                    0.66667,
                    0.66667
                ]
            },
            "Z": {
                "min": 0.07,
                "max": 0.07,
                "avg": 0.07,
                "std": 0.0,
                "range": [
                    0.07,
                    0.07
                ]
            },
            "B": {
                "min": 1.57914,
                "max": 1.57914,
                "avg": 1.57914,
                "std": 0.0,
                "range": [
                    1.57914,
                    1.57914
                ]
            },
            "N": {
                "min": 1.0,
                "max": 1.0,