{
    "phase_name": "Magnetite_250540",
    "total_entries": 63,
    "phase_parameters": {
        "ESU": {
            "min": 0.02206,
            "max": 1.0753,
            "avg": 0.45108808394000527,
            "std": 0.32802332419112057,
            "range": [
                0.287076421844445,
                0.6150997460355656
            ]
        },
        "SF": {
            "min": 0.0,
            "max": 1.923e-06,
            "avg": 8.494350934128586e-07,
            "std": 6.535468740959357e-07,
            "range": [
                5.226616563648907e-07,
                1.1762085304608265e-06
            ]
        },
        "A": {
            "min": 8.355,
            "max": 8.43,
            "avg": 8.38310355056574,
            "std": 0.023143149886802696,
            "range": [
                8.37153197562234,
                8.394675125509142
            ]
        },
        "B": {
            "min": 8.355,
            "max": 8.43,
            "avg": 8.38310355056574,
            "std": 0.023143149886802696,
            "range": [
                8.37153197562234,
                8.394675125509142
            ]
        },
        "C": {
            "min": 8.355,
            "max": 8.43,
            "avg": 8.38310355056574,
            "std": 0.023143149886802696,
            "range": [
                8.37153197562234,
                8.394675125509142
            ]
        },
        "Alpha": {
            "min": 90.0,
            "max": 90.0,
            "avg": 90.0,
            "std": 0.0,
            "range": [
                90.0,
                90.0
            ]
        },
        "Beta": {
            "min": 90.0,
            "max": 90.0,
            "avg": 90.0,
            "std": 0.0,
            "range": [
                90.0,
                90.0
            ]
        },
        "Gamma": {
            "min": 90.0,
            "max": 90.0,
            "avg": 90.0,
            "std": 0.0,
            "range": [
                90.0,
                90.0
            ]
        },
        "NA": {
            "min": 150.0,
            "max": 1250.0,
            "avg": 300.37595391193753,
            "std": 370.73928516731206,
            "range": [
                150.0,
                485.74559649559353
            ]
        },
        "NB": {
            "min": 0.0,
            "max": 0.0,
            "avg": 0.0,
            "std": 0.0,
            "range": [
                0.0,
                0.0
            ]
        },
        "NC": {
            "min": 1001.0,
            "max": 1001.0,
            "avg": 1001.0,
            "std": 0.0,
            "range": [
                1001.0,
                1001.0
            ]
        },
        "P1": {
            "min": 10.0,
            "max": 17.5637,
            "avg": 13.032998351021842,
            "std": 2.073421512078573,
            "range": [
                11.996287594982554,
                14.06970910706113
            ]
        },
        "P2": {
            "min": 10.0,
            "max": 45.9489,
            "avg": 17.502018923778614,
            "std": 13.292596812430293,
            "range": [
                10.855720517563467,
                24.14831732999376
            ]
        },
        "P3": {
            "min": 0.5001,
            "max": 15.0,
            "avg": 8.024161832295412,
            "std": 6.40913724436147,
            "range": [
                4.819593210114677,
                11.228730454476148
            ]
        },
        "U": {
            "min": 0.0,
            "max": 0.0,
            "avg": 0.0,
            "std": 0.0,
            "range": [
                0.0,
                0.0
            ]
        },
        "V": {
            "min": 0.0,
            "max": 0.0,
            "avg": 0.0,
            "std": 0.0,
            "range": [
                0.0,
                0.0
            ]
        },
        "W": {
            "min": 0.01,
            "max": 0.2,
            "avg": 0.17562045434611,
            "std": 0.05789099396132557,
            "range": [
                0.14667495736544722,
                0.2
            ]
        },
        "Z": {
            "min": 0.0,
            "max": 0.0,
            "avg": 0.0,
            "std": 0.0,
            "range": [
                0.0,
                0.0
            ]
        },
        "hh": {
            "min": 1.0,
            "max": 1.0,
            "avg": 1.0,
            "std": 0.0,
            "range": [
                1.0,
                1.0
            ]
        },
        "kk": {
            "min": 1.0,
            "max": 1.0,
            "avg": 1.0,
            "std": 0.0,
            "range": [
                1.0,
                1.0
            ]
        },
        "ll": {
            "min": 1.0,
            "max": 1.0,
            "avg": 1.0,
            "std": 0.0,
            "range": [
                1.0,
                1.0
            ]
        },
        "hk": {
            "min": 0.0,
            "max": 0.0,
            "avg": 0.0,
            "std": 0.0,
            "range": [
                0.0,
                0.0
            ]
        },
        "hl": {
            "min": 0.0,
            "max": 0.0,
            "avg": 0.0,
            "std": 0.0,
            "range": [
                0.0,
                0.0
            ]
        },
        "kl": {
            "min": 0.0,
            "max": 0.0,
            "avg": 0.0,
            "std": 0.0,
            "range": [
                0.0,
                0.0
            ]
        },
        "s1": {
            "min": 0.0,
            "max": 0.0,
            "avg": 0.0,
            "std": 0.0,
            "range": [
                0.0,
                0.0
            ]
        },
        "s2": {
            "min": 0.0,
            "max": 0.0,
            "avg": 0.0,
            "std": 0.0,
            "range": [
                0.0,
                0.0
            ]
        },
        "s3": {
            "min": 0.0,
            "max": 0.0,
            "avg": 0.0,
            "std": 0.0,
            "range": [
                0.0,
                0.0
            ]
        },
        "s4": {
            "min": 0.0,
            "max": 0.0,
            "avg": 0.0,
            "std": 0.0,
            "range": [
                0.0,
                0.0
            ]
        },
        "s5": {
            "min": 0.0,
            "max": 0.0,
            "avg": 0.0,
            "std": 0.0,
            "range": [
                0.0,
                0.0
            ]
        },
        "s6": {
            "min": 0.0,
            "max": 0.0,
            "avg": 0.0,
            "std": 0.0,
            "range": [
                0.0,
                0.0
            ]
        }
    },
    "atom_parameters": {
        "Fe1 (Fe)": {
            "X": {
                "min": 0.125,
                "max": 0.125,
                "avg": 0.125,
                "std": 0.0,
                "range": [
                    0.125,
                    0.125
                ]
            },
            "Y": {
                "min": 0.125,
                "max": 0.125,
                "avg": 0.125,
                "std": 0.0,
                "range": [
                    0.125,
                    0.125
                ]
            },
            "Z": {
                "min": 0.125,
                "max": 0.125,
                "avg": 0.125,
                "std": 0.0,
                "range": [
                    0.125,
                    0.125
                ]
            },
            "B": {
                "min": 0.70035,
                "max": 0.70035,