{
    "phase_name": "Magnesioferrite_162644",
    "total_entries": 1,
    "phase_parameters": {
        "ESU": {
            "min": 0.34424,
            "max": 0.34424,
            "avg": 0.34424,
            "std": 0.0,
            "range": [
                0.34424,
                0.34424
            ]
        },
        "SF": {
            "min": 3.888e-06,
            "max": 3.888e-06,
            "avg": 3.888e-06,
            "std": 0.0,
            "range": [
                3.888e-06,
                3.888e-06
            ]
        },
        "A": {
            "min": 8.477,
            "max": 8.477,
            "avg": 8.477,
            "std": 0.0,
            "range": [
                8.477,
                8.477
            ]
        },
        "B": {
            "min": 8.477,
            "max": 8.477,
            "avg": 8.477,
            "std": 0.0,
            "range": [
                8.477,
                8.477
            ]
        },
        "C": {
            "min": 8.477,
            "max": 8.477,
            "avg": 8.477,
            "std": 0.0,
            "range": [
                8.477,
                8.477
            ]
        },
        "Alpha": {
            "min": 90.0,
            "max": 90.0,
            "avg": 90.0,
            "std": 0.0,
            "range": [
                90.0,
                90.0
            ]
        },
        "Beta": {
            "min": 90.0,
            "max": 90.0,
            "avg": 90.0,
            "std": 0.0,
            "range": [
                90.0,
                90.0
            ]
        },
        "Gamma": {
            "min": 90.0,
            "max": 90.0,
            "avg": 90.0,
            "std": 0.0,
            "range": [
                90.0,
                90.0
            ]
        },
        "NA": {
            "min": 100.0,
            "max": 100.0,
            "avg": 100.0,
            "std": 0.0,
            "range": [
                100.0,
                100.0
            ]
        },
        "NB": {
            "min": 0.0,
            "max": 0.0,
            "avg": 0.0,
            "std": 0.0,
            "range": [
                0.0,
                0.0
            ]
        },
        "NC": {
            "min": 1001.0,
            "max": 1001.0,
            "avg": 1001.0,
            "std": 0.0,
            "range": [
                1001.0,
                1001.0
            ]
        },
        "P1": {
            "min": 14.0,
            "max": 14.0,
            "avg": 14.0,
            "std": 0.0,
            "range": [
                14.0,
                14.0
            ]
        },
        "P2": {
            "min": 12.0,
            "max": 12.0,
            "avg": 12.0,
            "std": 0.0,
            "range": [
                12.0,
                12.0
            ]
        },
        "P3": {
            "min": 15.0,
            "max": 15.0,
            "avg": 15.0,
            "std": 0.0,
            "range": [
                15.0,
                15.0
            ]
        },
        "U": {
            "min": 0.0,
            "max": 0.0,
            "avg": 0.0,
            "std": 0.0,
            "range": [
                0.0,
                0.0
            ]
        },
        "V": {
            "min": 0.0,
            "max": 0.0,
            "avg": 0.0,
            "std": 0.0,
            "range": [
                0.0,
                0.0
            ]
        },
        "W": {
            "min": 0.3,
            "max": 0.3,
            "avg": 0.3,
            "std": 0.0,
            "range": [
                0.3,
                0.3
            ]
        },
        "Z": {
            "min": 0.0,
            "max": 0.0,
            "avg": 0.0,
            "std": 0.0,
            "range": [
                0.0,
                0.0
            ]
        },
        "hh": {
            "min": 1.0,
            "max": 1.0,
            "avg": 1.0,
            "std": 0.0,
            "range": [
                1.0,
                1.0
            ]
        },
        "kk": {
            "min": 1.0,
            "max": 1.0,
            "avg": 1.0,
            "std": 0.0,
            "range": [
                1.0,
                1.0
            ]
        },
        "ll": {
            "min": 1.0,
            "max": 1.0,
            "avg": 1.0,
            "std": 0.0,
            "range": [
                1.0,
                1.0
            ]
        },
        "hk": {
            "min": 0.0,
            "max": 0.0,
            "avg": 0.0,
            "std": 0.0,
            "range": [
                0.0,
                0.0
            ]
        },
        "hl": {
            "min": 0.0,
            "max": 0.0,
            "avg": 0.0,
            "std": 0.0,
            "range": [
                0.0,
                0.0
            ]
        },
        "kl": {
            "min": 0.0,
            "max": 0.0,
            "avg": 0.0,
            "std": 0.0,
            "range": [
                0.0,
                0.0
            ]
        },
        "s1": {
            "min": 0.0,
            "max": 0.0,
            "avg": 0.0,
            "std": 0.0,
            "range": [
                0.0,
                0.0
            ]
        },
        "s2": {
            "min": 0.0,
            "max": 0.0,
            "avg": 0.0,
            "std": 0.0,
            "range": [
                0.0,
                0.0
            ]
        },
        "s3": {
            "min": 0.0,
            "max": 0.0,
            "avg": 0.0,
            "std": 0.0,
            "range": [
                0.0,
                0.0
            ]
        },
        "s4": {
            "min": 0.0,
            "max": 0.0,
            "avg": 0.0,
            "std": 0.0,
            "range": [
                0.0,
                0.0
            ]
        },
        "s5": {
            "min": 0.0,
            "max": 0.0,
            "avg": 0.0,
            "std": 0.0,
            "range": [
                0.0,
                0.0
            ]
        },
        "s6": {
            "min": 0.0,
            "max": 0.0,
            "avg": 0.0,
            "std": 0.0,
            "range": [
                0.0,
                0.0
            ]
        }
    },
    "atom_parameters": {
        "Mg1 (Mg+2)": {
            "X": {
                "min": 0.125,
                "max": 0.125,
                "avg": 0.125,
                "std": 0.0,
                "range": [
                    0.125,
                    0.125
                ]
            },
            "Y": {
                "min": 0.125,
                "max": 0.125,
                "avg": 0.125,
                "std": 0.0,
                "range": [
                    0.125,
                    0.125
                ]
            },
            "Z": {
                "min": 0.125,
                "max": 0.125,
                "avg": 0.125,
                "std": 0.0,
                "range": [
                    0.125,
                    0.125
                ]
            },
            "B": {
                "min": 0.54,
                "max": 0.54,
                "avg": 0.54,
                "std": 0.0,
                "range": [
                    0.54,
                    0.54
                ]
            },
            "N": {
                "min": 0.21,
                "max": 0.21,
                "avg": 0.21,
                "std": 0.0,
                "range": [
                    0.21,
                    0.21
                ]
            }
        },
        "Fe1 (Fe+3)": {
            "X": {
                "min": 0.125,