{
    "phase_name": "Paakkonenite_80831",
    "total_entries": 2,
    "phase_parameters": {
        "ESU": {
            "min": 0.06927,
            "max": 0.07492,
            "avg": 0.07209499999999999,
            "std": 0.0,
            "range": [
                0.06927,
                0.07492
            ]
        },
        "SF": {
            "min": 1e-09,
            "max": 1.07e-06,
            "avg": 5.355e-07,
            "std": 0.0,
            "range": [
                1e-09,
                1.07e-06
            ]
        },
        "A": {
            "min": 10.71136,
            "max": 10.72236,
            "avg": 10.71686,
            "std": 0.0,
            "range": [
                10.71136,
                10.72236
            ]
        },
        "B": {
            "min": 3.93548,
            "max": 3.96922,
            "avg": 3.95235,
            "std": 0.0,
            "range": [
                3.93548,
                3.96922
            ]
        },
        "C": {
            "min": 12.44406,
            "max": 12.49326,
            "avg": 12.46866,
            "std": 0.0,
            "range": [
                12.44406,
                12.49326
            ]
        },
        "Alpha": {
            "min": 90.0,
            "max": 90.0,
            "avg": 90.0,
            "std": 0.0,
            "range": [
                90.0,
                90.0
            ]
        },
        "Beta": {
            "min": 115.912,
            "max": 115.9999,
            "avg": 115.95595,
            "std": 0.0,
            "range": [
                115.912,
                115.9999
            ]
        },
        "Gamma": {
            "min": 90.0,
            "max": 90.0,
            "avg": 90.0,
            "std": 0.0,
            "range": [
                90.0,
                90.0
            ]
        },
        "NA": {
            "min": 334.0435,
            "max": 697.8584,
            "avg": 515.9509499999999,
            "std": 0.0,
            "range": [
                334.0435,
                697.8584
            ]
        },
        "NB": {
            "min": 0.0,
            "max": 0.0,
            "avg": 0.0,
            "std": 0.0,
            "range": [
                0.0,
                0.0
            ]
        },
        "NC": {
            "min": 1001.0,
            "max": 1001.0,
            "avg": 1001.0,
            "std": 0.0,
            "range": [
                1001.0,
                1001.0
            ]
        },
        "P1": {
            "min": 14.0,
            "max": 14.0,
            "avg": 14.0,
            "std": 0.0,
            "range": [
                14.0,
                14.0
            ]
        },
        "P2": {
            "min": 12.0,
            "max": 12.0,
            "avg": 12.0,
            "std": 0.0,
            "range": [
                12.0,
                12.0
            ]
        },
        "P3": {
            "min": 15.0,
            "max": 15.0,
            "avg": 15.0,
            "std": 0.0,
            "range": [
                15.0,
                15.0
            ]
        },
        "U": {
            "min": 0.0,
            "max": 0.0,
            "avg": 0.0,
            "std": 0.0,
            "range": [
                0.0,
                0.0
            ]
        },
        "V": {
            "min": 0.0,
            "max": 0.0,
            "avg": 0.0,
            "std": 0.0,
            "range": [
                0.0,
                0.0
            ]
        },
        "W": {
            "min": 0.0285,
            "max": 0.0731,
            "avg": 0.0508,
            "std": 0.0,
            "range": [
                0.0285,
                0.0731
            ]
        },
        "Z": {
            "min": 0.0,
            "max": 0.0,
            "avg": 0.0,
            "std": 0.0,
            "range": [
                0.0,
                0.0
            ]
        },
        "hh": {
            "min": 1.69976,
            "max": 1.69998,
            "avg": 1.69987,
            "std": 0.0,
            "range": [
                1.69976,
                1.69998
            ]
        },
        "kk": {
            "min": 1.0,
            "max": 1.0,
            "avg": 1.0,
            "std": 0.0,
            "range": [
                1.0,
                1.0
            ]
        },
        "ll": {
            "min": 1.0,
            "max": 1.0,
            "avg": 1.0,
            "std": 0.0,
            "range": [
                1.0,
                1.0
            ]
        },
        "hk": {
            "min": 0.0,
            "max": 0.0,
            "avg": 0.0,
            "std": 0.0,
            "range": [
                0.0,
                0.0
            ]
        },
        "hl": {
            "min": 0.0,
            "max": 0.0,
            "avg": 0.0,
            "std": 0.0,
            "range": [
                0.0,
                0.0
            ]
        },
        "kl": {
            "min": 0.0,
            "max": 0.0,
            "avg": 0.0,
            "std": 0.0,
            "range": [
                0.0,
                0.0
            ]
        },
        "s1": {
            "min": 0.0,
            "max": 0.0,
            "avg": 0.0,
            "std": 0.0,
            "range": [
                0.0,
                0.0
            ]
        },
        "s2": {
            "min": 0.0,
            "max": 0.0,
            "avg": 0.0,
            "std": 0.0,
            "range": [
                0.0,
                0.0
            ]
        },
        "s3": {
            "min": 0.0,
            "max": 0.0,
            "avg": 0.0,
            "std": 0.0,
            "range": [
                0.0,
                0.0
            ]
        },
        "s4": {
            "min": 0.0,
            "max": 0.0,
            "avg": 0.0,
            "std": 0.0,
            "range": [
                0.0,
                0.0
            ]
        },
        "s5": {
            "min": 0.0,
            "max": 0.0,
            "avg": 0.0,
            "std": 0.0,
            "range": [
                0.0,
                0.0
            ]
        },
        "s6": {
            "min": 0.0,
            "max": 0.0,
            "avg": 0.0,
            "std": 0.0,
            "range": [
                0.0,
                0.0
            ]
        }
    },
    "atom_parameters": {
        "Sb1 (Sb)": {
            "X": {
                "min": -0.0452,
                "max": -0.0452,
                "avg": -0.0452,
                "std": 0.0,
                "range": [
                    -0.0452,
                    -0.0452
                ]
            },
            "Y": {
                "min": 0.0,
                "max": 0.0,
                "avg": 0.0,
                "std": 0.0,
                "range": [
                    0.0,
                    0.0
                ]
            },
            "Z": {
                "min": 0.1755,
                "max": 0.1755,
                "avg": 0.1755,
                "std": 0.0,
                "range": [
                    0.1755,
                    0.1755
                ]
            },
            "B": {
                "min": 2.05288,
                "max": 2.05288,
                "avg": 2.05288,
                "std": 0.0,
                "range": [
                    2.05288,
                    2.05288
                ]
            },
            "N": {
                "min": 1.0,
                "max": 1.0,
                "avg": 1.0,
                "std": 0.0,