{
    "phase_name": "Perovsite-Fe_1525942",
    "total_entries": 1,
    "phase_parameters": {
        "ESU": {
            "min": 0.10887,
            "max": 0.10887,
            "avg": 0.10887,
            "std": 0.0,
            "range": [
                0.10887,
                0.10887
            ]
        },
        "SF": {
            "min": 6.312e-06,
            "max": 6.312e-06,
            "avg": 6.312e-06,
            "std": 0.0,
            "range": [
                6.312e-06,
                6.312e-06
            ]
        },
        "A": {
            "min": 5.34941,
            "max": 5.34941,
            "avg": 5.34941,
            "std": 0.0,
            "range": [
                5.34941,
                5.34941
            ]
        },
        "B": {
            "min": 5.40155,
            "max": 5.40155,
            "avg": 5.40155,
            "std": 0.0,
            "range": [
                5.40155,
                5.40155
            ]
        },
        "C": {
            "min": 7.65003,
            "max": 7.65003,
            "avg": 7.65003,
            "std": 0.0,
            "range": [
                7.65003,
                7.65003
            ]
        },
        "Alpha": {
            "min": 90.0,
            "max": 90.0,
            "avg": 90.0,
            "std": 0.0,
            "range": [
                90.0,
                90.0
            ]
        },
        "Beta": {
            "min": 90.0,
            "max": 90.0,
            "avg": 90.0,
            "std": 0.0,
            "range": [
                90.0,
                90.0
            ]
        },
        "Gamma": {
            "min": 90.0,
            "max": 90.0,
            "avg": 90.0,
            "std": 0.0,
            "range": [
                90.0,
                90.0
            ]
        },
        "NA": {
            "min": 385.4829,
            "max": 385.4829,
            "avg": 385.4829,
            "std": 0.0,
            "range": [
                385.4829,
                385.4829
            ]
        },
        "NB": {
            "min": 0.0,
            "max": 0.0,
            "avg": 0.0,
            "std": 0.0,
            "range": [
                0.0,
                0.0
            ]
        },
        "NC": {
            "min": 1001.0,
            "max": 1001.0,
            "avg": 1001.0,
            "std": 0.0,
            "range": [
                1001.0,
                1001.0
            ]
        },
        "P1": {
            "min": 14.0,
            "max": 14.0,
            "avg": 14.0,
            "std": 0.0,
            "range": [
                14.0,
                14.0
            ]
        },
        "P2": {
            "min": 12.0,
            "max": 12.0,
            "avg": 12.0,
            "std": 0.0,
            "range": [
                12.0,
                12.0
            ]
        },
        "P3": {
            "min": 15.0,
            "max": 15.0,
            "avg": 15.0,
            "std": 0.0,
            "range": [
                15.0,
                15.0
            ]
        },
        "U": {
            "min": 0.0,
            "max": 0.0,
            "avg": 0.0,
            "std": 0.0,
            "range": [
                0.0,
                0.0
            ]
        },
        "V": {
            "min": 0.0,
            "max": 0.0,
            "avg": 0.0,
            "std": 0.0,
            "range": [
                0.0,
                0.0
            ]
        },
        "W": {
            "min": 0.001,
            "max": 0.001,
            "avg": 0.001,
            "std": 0.0,
            "range": [
                0.001,
                0.001
            ]
        },
        "Z": {
            "min": 0.0,
            "max": 0.0,
            "avg": 0.0,
            "std": 0.0,
            "range": [
                0.0,
                0.0
            ]
        },
        "hh": {
            "min": 1.0,
            "max": 1.0,
            "avg": 1.0,
            "std": 0.0,
            "range": [
                1.0,
                1.0
            ]
        },
        "kk": {
            "min": 1.0,
            "max": 1.0,
            "avg": 1.0,
            "std": 0.0,
            "range": [
                1.0,
                1.0
            ]
        },
        "ll": {
            "min": 1.0,
            "max": 1.0,
            "avg": 1.0,
            "std": 0.0,
            "range": [
                1.0,
                1.0
            ]
        },
        "hk": {
            "min": 0.0,
            "max": 0.0,
            "avg": 0.0,
            "std": 0.0,
            "range": [
                0.0,
                0.0
            ]
        },
        "hl": {
            "min": 0.0,
            "max": 0.0,
            "avg": 0.0,
            "std": 0.0,
            "range": [
                0.0,
                0.0
            ]
        },
        "kl": {
            "min": 0.0,
            "max": 0.0,
            "avg": 0.0,
            "std": 0.0,
            "range": [
                0.0,
                0.0
            ]
        },
        "s1": {
            "min": 0.0,
            "max": 0.0,
            "avg": 0.0,
            "std": 0.0,
            "range": [
                0.0,
                0.0
            ]
        },
        "s2": {
            "min": 0.0,
            "max": 0.0,
            "avg": 0.0,
            "std": 0.0,
            "range": [
                0.0,
                0.0
            ]
        },
        "s3": {
            "min": 0.0,
            "max": 0.0,
            "avg": 0.0,
            "std": 0.0,
            "range": [
                0.0,
                0.0
            ]
        },
        "s4": {
            "min": 0.0,
            "max": 0.0,
            "avg": 0.0,
            "std": 0.0,
            "range": [
                0.0,
                0.0
            ]
        },
        "s5": {
            "min": 0.0,
            "max": 0.0,
            "avg": 0.0,
            "std": 0.0,
            "range": [
                0.0,
                0.0
            ]
        },
        "s6": {
            "min": 0.0,
            "max": 0.0,
            "avg": 0.0,
            "std": 0.0,
            "range": [
                0.0,
                0.0
            ]
        }
    },
    "atom_parameters": {
        "O1 (O-2)": {
            "X": {
                "min": 0.071,
                "max": 0.071,
                "avg": 0.071,
                "std": 0.0,
                "range": [
                    0.071,
                    0.071
                ]
            },
            "Y": {
                "min": 0.483,
                "max": 0.483,
                "avg": 0.483,
                "std": 0.0,
                "range": [
                    0.483,
                    0.483
                ]
            },
            "Z": {
                "min": 0.25,
                "max": 0.25,
                "avg": 0.25,
                "std": 0.0,
                "range": [
                    0.25,
                    0.25
                ]
            },
            "B": {
                "min": 1.0,
                "max": 1.0,
                "avg": 1.0,
                "std": 0.0,
                "range": [
                    1.0,
                    1.0
                ]
            },
            "N": {
                "min": 0.999,
                "max": 0.999,
                "avg": 0.999,
                "std": 0.0,
                "range": [
                    0.999,
                    0.999
                ]
            }
        },