{
    "phase_name": "Pharmacosiderite_181470",
    "total_entries": 21,
    "phase_parameters": {
        "ESU": {
            "min": 0.0491,
            "max": 0.76148,
            "avg": 0.3414651024573434,
            "std": 0.1926372398849845,
            "range": [
                0.24514648251485116,
                0.43778372239983565
            ]
        },
        "SF": {
            "min": 1.34e-07,
            "max": 2.0003e-05,
            "avg": 8.751867172830435e-06,
            "std": 6.8406727817711835e-06,
            "range": [
                5.3315307819448435e-06,
                1.2172203563716027e-05
            ]
        },
        "A": {
            "min": 7.97762,
            "max": 8.0,
            "avg": 7.997320630255531,
            "std": 0.00483025870633133,
            "range": [
                7.994905500902365,
                7.999735759608696
            ]
        },
        "B": {
            "min": 7.97762,
            "max": 8.0,
            "avg": 7.997320630255531,
            "std": 0.00483025870633133,
            "range": [
                7.994905500902365,
                7.999735759608696
            ]
        },
        "C": {
            "min": 7.97762,
            "max": 8.0,
            "avg": 7.997320630255531,
            "std": 0.00483025870633133,
            "range": [
                7.994905500902365,
                7.999735759608696
            ]
        },
        "Alpha": {
            "min": 90.0,
            "max": 90.0,
            "avg": 90.0,
            "std": 0.0,
            "range": [
                90.0,
                90.0
            ]
        },
        "Beta": {
            "min": 90.0,
            "max": 90.0,
            "avg": 90.0,
            "std": 0.0,
            "range": [
                90.0,
                90.0
            ]
        },
        "Gamma": {
            "min": 90.0,
            "max": 90.0,
            "avg": 90.0,
            "std": 0.0,
            "range": [
                90.0,
                90.0
            ]
        },
        "NA": {
            "min": 52.2964,
            "max": 1000.0,
            "avg": 82.7054860764144,
            "std": 60.64008403189128,
            "range": [
                52.385444060468764,
                113.02552809236005
            ]
        },
        "NB": {
            "min": 0.0,
            "max": 0.0,
            "avg": 0.0,
            "std": 0.0,
            "range": [
                0.0,
                0.0
            ]
        },
        "NC": {
            "min": 1001.0,
            "max": 1001.0,
            "avg": 1001.0,
            "std": 0.0,
            "range": [
                1001.0,
                1001.0
            ]
        },
        "P1": {
            "min": 14.0,
            "max": 16.2265,
            "avg": 14.20899932647563,
            "std": 0.6401724089893591,
            "range": [
                14.0,
                14.529085530970308
            ]
        },
        "P2": {
            "min": 10.0,
            "max": 12.0,
            "avg": 11.805146865050208,
            "std": 0.5892254345768131,
            "range": [
                11.5105341477618,
                12.0
            ]
        },
        "P3": {
            "min": 0.6499,
            "max": 15.0,
            "avg": 13.594433590497184,
            "std": 4.251234711943326,
            "range": [
                11.468816234525521,
                15.0
            ]
        },
        "U": {
            "min": 0.0,
            "max": 0.0,
            "avg": 0.0,
            "std": 0.0,
            "range": [
                0.0,
                0.0
            ]
        },
        "V": {
            "min": 0.0,
            "max": 0.0,
            "avg": 0.0,
            "std": 0.0,
            "range": [
                0.0,
                0.0
            ]
        },
        "W": {
            "min": 0.001,
            "max": 0.2996,
            "avg": 0.06648274961221325,
            "std": 0.1142515125226927,
            "range": [
                0.009356993350866899,
                0.1236085058735596
            ]
        },
        "Z": {
            "min": 0.0,
            "max": 0.0,
            "avg": 0.0,
            "std": 0.0,
            "range": [
                0.0,
                0.0
            ]
        },
        "hh": {
            "min": 0.82958,
            "max": 1.7,
            "avg": 1.0825174038697036,
            "std": 0.20867642209970283,
            "range": [
                0.9781791928198522,
                1.186855614919555
            ]
        },
        "kk": {
            "min": 1.0,
            "max": 1.0,
            "avg": 1.0,
            "std": 0.0,
            "range": [
                1.0,
                1.0
            ]
        },
        "ll": {
            "min": 1.0,
            "max": 1.0,
            "avg": 1.0,
            "std": 0.0,
            "range": [
                1.0,
                1.0
            ]
        },
        "hk": {
            "min": 0.0,
            "max": 0.0,
            "avg": 0.0,
            "std": 0.0,
            "range": [
                0.0,
                0.0
            ]
        },
        "hl": {
            "min": 0.0,
            "max": 0.0,
            "avg": 0.0,
            "std": 0.0,
            "range": [
                0.0,
                0.0
            ]
        },
        "kl": {
            "min": 0.0,
            "max": 0.0,
            "avg": 0.0,
            "std": 0.0,
            "range": [
                0.0,
                0.0
            ]
        },
        "s1": {
            "min": 0.0,
            "max": 0.0,
            "avg": 0.0,
            "std": 0.0,
            "range": [
                0.0,
                0.0
            ]
        },
        "s2": {
            "min": 0.0,
            "max": 0.0,
            "avg": 0.0,
            "std": 0.0,
            "range": [
                0.0,
                0.0
            ]
        },
        "s3": {
            "min": 0.0,
            "max": 0.0,
            "avg": 0.0,
            "std": 0.0,
            "range": [
                0.0,
                0.0
            ]
        },
        "s4": {
            "min": 0.0,
            "max": 0.0,
            "avg": 0.0,
            "std": 0.0,
            "range": [
                0.0,
                0.0
            ]
        },
        "s5": {
            "min": 0.0,
            "max": 0.0,
            "avg": 0.0,
            "std": 0.0,
            "range": [
                0.0,
                0.0
            ]
        },
        "s6": {
            "min": 0.0,
            "max": 0.0,
            "avg": 0.0,
            "std": 0.0,
            "range": [
                0.0,
                0.0
            ]
        }
    },
    "atom_parameters": {
        "Fe1 (Fe+3)": {
            "X": {
                "min": 0.1429,
                "max": 0.1429,
                "avg": 0.1429,
                "std": 0.0,
                "range": [
                    0.1429,
                    0.1429
                ]
            },
            "Y": {
                "min": 0.1429,
                "max": 0.1429,
                "avg": 0.1429,
                "std": 0.0,
                "range": [
                    0.1429,
                    0.1429
                ]
            },
            "Z": {
                "min": 0.1429,
                "max": 0.1429,
                "avg": 0.1429,
                "std": 0.0,
                "range": [
                    0.1429,
                    0.1429
                ]
            },