{
    "phase_name": "Pseudobrookite_ferric_88380",
    "total_entries": 6,
    "phase_parameters": {
        "ESU": {
            "min": 0.08744,
            "max": 0.32487,
            "avg": 0.25960744423199483,
            "std": 0.07978984337396212,
            "range": [
                0.21971252254501378,
                0.2995023659189759
            ]
        },
        "SF": {
            "min": 3e-09,
            "max": 8.276e-06,
            "avg": 5.524408859145952e-06,
            "std": 3.1695308222235986e-06,
            "range": [
                3.939643448034153e-06,
                7.109174270257752e-06
            ]
        },
        "A": {
            "min": 9.7,
            "max": 9.9,
            "avg": 9.835546813256851,
            "std": 0.0859007014518579,
            "range": [
                9.792596462530922,
                9.87849716398278
            ]
        },
        "B": {
            "min": 9.85,
            "max": 10.1,
            "avg": 9.965699012109623,
            "std": 0.07517833619633847,
            "range": [
                9.928109844011454,
                10.003288180207791
            ]
        },
        "C": {
            "min": 3.67,
            "max": 3.84244,
            "avg": 3.7284158763543656,
            "std": 0.06796121953409072,
            "range": [
                3.69443526658732,
                3.762396486121411
            ]
        },
        "Alpha": {
            "min": 90.0,
            "max": 90.0,
            "avg": 90.0,
            "std": 0.0,
            "range": [
                90.0,
                90.0
            ]
        },
        "Beta": {
            "min": 90.0,
            "max": 90.0,
            "avg": 90.0,
            "std": 0.0,
            "range": [
                90.0,
                90.0
            ]
        },
        "Gamma": {
            "min": 90.0,
            "max": 90.0,
            "avg": 90.0,
            "std": 0.0,
            "range": [
                90.0,
                90.0
            ]
        },
        "NA": {
            "min": 90.0,
            "max": 750.0,
            "avg": 383.6331584448693,
            "std": 327.94497897661694,
            "range": [
                219.66066895656084,
                547.6056479331778
            ]
        },
        "NB": {
            "min": 0.0,
            "max": 0.0,
            "avg": 0.0,
            "std": 0.0,
            "range": [
                0.0,
                0.0
            ]
        },
        "NC": {
            "min": 1001.0,
            "max": 1001.0,
            "avg": 1001.0,
            "std": 0.0,
            "range": [
                1001.0,
                1001.0
            ]
        },
        "P1": {
            "min": 14.0,
            "max": 14.9165,
            "avg": 14.45825,
            "std": 0.0,
            "range": [
                14.0,
                14.9165
            ]
        },
        "P2": {
            "min": 12.0,
            "max": 16.0825,
            "avg": 14.04125,
            "std": 0.0,
            "range": [
                12.0,
                16.0825
            ]
        },
        "P3": {
            "min": 3.9074,
            "max": 15.0,
            "avg": 9.4537,
            "std": 0.0,
            "range": [
                3.9074,
                15.0
            ]
        },
        "U": {
            "min": 0.0,
            "max": 0.0,
            "avg": 0.0,
            "std": 0.0,
            "range": [
                0.0,
                0.0
            ]
        },
        "V": {
            "min": 0.0,
            "max": 0.0,
            "avg": 0.0,
            "std": 0.0,
            "range": [
                0.0,
                0.0
            ]
        },
        "W": {
            "min": 0.01,
            "max": 0.3,
            "avg": 0.2606175589547482,
            "std": 0.09344913375684606,
            "range": [
                0.21389299207632517,
                0.3
            ]
        },
        "Z": {
            "min": 0.0,
            "max": 0.0,
            "avg": 0.0,
            "std": 0.0,
            "range": [
                0.0,
                0.0
            ]
        },
        "hh": {
            "min": 1.0,
            "max": 1.0,
            "avg": 1.0,
            "std": 0.0,
            "range": [
                1.0,
                1.0
            ]
        },
        "kk": {
            "min": 1.0,
            "max": 1.0,
            "avg": 1.0,
            "std": 0.0,
            "range": [
                1.0,
                1.0
            ]
        },
        "ll": {
            "min": 1.0,
            "max": 1.0,
            "avg": 1.0,
            "std": 0.0,
            "range": [
                1.0,
                1.0
            ]
        },
        "hk": {
            "min": 0.0,
            "max": 0.0,
            "avg": 0.0,
            "std": 0.0,
            "range": [
                0.0,
                0.0
            ]
        },
        "hl": {
            "min": 0.0,
            "max": 0.0,
            "avg": 0.0,
            "std": 0.0,
            "range": [
                0.0,
                0.0
            ]
        },
        "kl": {
            "min": 0.0,
            "max": 0.0,
            "avg": 0.0,
            "std": 0.0,
            "range": [
                0.0,
                0.0
            ]
        },
        "s1": {
            "min": 0.0,
            "max": 0.0,
            "avg": 0.0,
            "std": 0.0,
            "range": [
                0.0,
                0.0
            ]
        },
        "s2": {
            "min": 0.0,
            "max": 0.0,
            "avg": 0.0,
            "std": 0.0,
            "range": [
                0.0,
                0.0
            ]
        },
        "s3": {
            "min": 0.0,
            "max": 0.0,
            "avg": 0.0,
            "std": 0.0,
            "range": [
                0.0,
                0.0
            ]
        },
        "s4": {
            "min": 0.0,
            "max": 0.0,
            "avg": 0.0,
            "std": 0.0,
            "range": [
                0.0,
                0.0
            ]
        },
        "s5": {
            "min": 0.0,
            "max": 0.0,
            "avg": 0.0,
            "std": 0.0,
            "range": [
                0.0,
                0.0
            ]
        },
        "s6": {
            "min": 0.0,
            "max": 0.0,
            "avg": 0.0,
            "std": 0.0,
            "range": [
                0.0,
                0.0
            ]
        }
    },
    "atom_parameters": {
        "Fe1 (Fe+3)": {
            "X": {
                "min": 0.1884,
                "max": 0.1884,
                "avg": 0.1884,
                "std": 0.0,
                "range": [
                    0.1884,
                    0.1884
                ]
            },
            "Y": {
                "min": 0.25,
                "max": 0.25,
                "avg": 0.25,
                "std": 0.0,
                "range": [
                    0.25,
                    0.25
                ]
            },
            "Z": {
                "min": 0.0,
                "max": 0.0,
                "avg": 0.0,
                "std": 0.0,
                "range": [
                    0.0,
                    0.0
                ]
            },
            "B": {
                "min": 1.0,
                "max": 1.0,
                "avg": 1.0,
                "std": 0.0,