{
    "phase_name": "Pyrite_15012",
    "total_entries": 689,
    "phase_parameters": {
        "ESU": {
            "min": 0.02895,
            "max": 6.5476,
            "avg": 1.7258449447380542,
            "std": 1.3192614324360945,
            "range": [
                1.066214228520007,
                2.3854756609561014
            ]
        },
        "SF": {
            "min": 0.0,
            "max": 0.000659429,
            "avg": 0.0001680250442021479,
            "std": 0.00015353359901298304,
            "range": [
                9.125824469565637e-05,
                0.0002447918437086394
            ]
        },
        "A": {
            "min": 5.4175,
            "max": 5.421,
            "avg": 5.418902079122572,
            "std": 0.0005791645756102252,
            "range": [
                5.418612496834767,
                5.419191661410377
            ]
        },
        "B": {
            "min": 5.4175,
            "max": 5.421,
            "avg": 5.418902079122572,
            "std": 0.0005791645756102252,
            "range": [
                5.418612496834767,
                5.419191661410377
            ]
        },
        "C": {
            "min": 5.4175,
            "max": 5.421,
            "avg": 5.418902079122572,
            "std": 0.0005791645756102252,
            "range": [
                5.418612496834767,
                5.419191661410377
            ]
        },
        "Alpha": {
            "min": 90.0,
            "max": 90.0,
            "avg": 90.0,
            "std": 0.0,
            "range": [
                90.0,
                90.0
            ]
        },
        "Beta": {
            "min": 90.0,
            "max": 90.0,
            "avg": 90.0,
            "std": 0.0,
            "range": [
                90.0,
                90.0
            ]
        },
        "Gamma": {
            "min": 90.0,
            "max": 90.0,
            "avg": 90.0,
            "std": 0.0,
            "range": [
                90.0,
                90.0
            ]
        },
        "NA": {
            "min": 150.0,
            "max": 1200.0,
            "avg": 771.0480902624272,
            "std": 378.63861255201647,
            "range": [
                581.728783986419,
                960.3673965384354
            ]
        },
        "NB": {
            "min": 0.0,
            "max": 0.0,
            "avg": 0.0,
            "std": 0.0,
            "range": [
                0.0,
                0.0
            ]
        },
        "NC": {
            "min": 1001.0,
            "max": 1001.0,
            "avg": 1001.0,
            "std": 0.0,
            "range": [
                1001.0,
                1001.0
            ]
        },
        "P1": {
            "min": 10.0,
            "max": 17.9605,
            "avg": 13.957867478930034,
            "std": 0.6778757801775296,
            "range": [
                13.618929588841269,
                14.296805369018799
            ]
        },
        "P2": {
            "min": 10.0,
            "max": 45.9489,
            "avg": 11.950833802503858,
            "std": 0.494806782013535,
            "range": [
                11.703430411497092,
                12.198237193510625
            ]
        },
        "P3": {
            "min": 0.5,
            "max": 15.0,
            "avg": 14.15738010831437,
            "std": 3.160595780571588,
            "range": [
                12.577082218028577,
                15.0
            ]
        },
        "U": {
            "min": 0.0,
            "max": 0.0,
            "avg": 0.0,
            "std": 0.0,
            "range": [
                0.0,
                0.0
            ]
        },
        "V": {
            "min": 0.0,
            "max": 0.0,
            "avg": 0.0,
            "std": 0.0,
            "range": [
                0.0,
                0.0
            ]
        },
        "W": {
            "min": 0.001,
            "max": 0.15,
            "avg": 0.04317114524994803,
            "std": 0.029122796998097108,
            "range": [
                0.028609746750899473,
                0.057732543748996584
            ]
        },
        "Z": {
            "min": 0.0,
            "max": 0.0,
            "avg": 0.0,
            "std": 0.0,
            "range": [
                0.0,
                0.0
            ]
        },
        "hh": {
            "min": 0.8,
            "max": 1.65,
            "avg": 1.3195438993261184,
            "std": 0.2943524299835737,
            "range": [
                1.1723676843343316,
                1.4667201143179052
            ]
        },
        "kk": {
            "min": 0.5,
            "max": 1.7,
            "avg": 0.9320183704993033,
            "std": 0.34488665316960326,
            "range": [
                0.7595750439145016,
                1.1044616970841048
            ]
        },
        "ll": {
            "min": 1.0,
            "max": 1.0,
            "avg": 1.0,
            "std": 0.0,
            "range": [
                1.0,
                1.0
            ]
        },
        "hk": {
            "min": 0.0,
            "max": 0.0,
            "avg": 0.0,
            "std": 0.0,
            "range": [
                0.0,
                0.0
            ]
        },
        "hl": {
            "min": 0.0,
            "max": 0.0,
            "avg": 0.0,
            "std": 0.0,
            "range": [
                0.0,
                0.0
            ]
        },
        "kl": {
            "min": 0.0,
            "max": 0.0,
            "avg": 0.0,
            "std": 0.0,
            "range": [
                0.0,
                0.0
            ]
        },
        "s1": {
            "min": 0.0,
            "max": 0.0,
            "avg": 0.0,
            "std": 0.0,
            "range": [
                0.0,
                0.0
            ]
        },
        "s2": {
            "min": 0.0,
            "max": 0.0,
            "avg": 0.0,
            "std": 0.0,
            "range": [
                0.0,
                0.0
            ]
        },
        "s3": {
            "min": 0.0,
            "max": 0.0,
            "avg": 0.0,
            "std": 0.0,
            "range": [
                0.0,
                0.0
            ]
        },
        "s4": {
            "min": 0.0,
            "max": 0.0,
            "avg": 0.0,
            "std": 0.0,
            "range": [
                0.0,
                0.0
            ]
        },
        "s5": {
            "min": 0.0,
            "max": 0.0,
            "avg": 0.0,
            "std": 0.0,
            "range": [
                0.0,
                0.0
            ]
        },
        "s6": {
            "min": 0.0,
            "max": 0.0,
            "avg": 0.0,
            "std": 0.0,
            "range": [
                0.0,
                0.0
            ]
        }
    },
    "atom_parameters": {
        "Fe1 (Fe+2)": {
            "X": {
                "min": 0.0,
                "max": 0.0,
                "avg": 0.0,
                "std": 0.0,
                "range": [
                    0.0,
                    0.0
                ]
            },
            "Y": {
                "min": 0.0,
                "max": 0.0,
                "avg": 0.0,
                "std": 0.0,
                "range": [
                    0.0,
                    0.0
                ]
            },
            "Z": {
                "min": 0.0,
                "max": 0.0,
                "avg": 0.0,
                "std": 0.0,