{
    "phase_name": "Pyrrhotite_H_168076",
    "total_entries": 754,
    "phase_parameters": {
        "ESU": {
            "min": 0.10611,
            "max": 21.26146,
            "avg": 3.9532911468612593,
            "std": 2.823930938929482,
            "range": [
                2.541325677396518,
                5.3652566163260005
            ]
        },
        "SF": {
            "min": 0.0,
            "max": 0.009300556,
            "avg": 0.0021515950556209953,
            "std": 0.0016338085621067685,
            "range": [
                0.001334690774567611,
                0.0029684993366743797
            ]
        },
        "A": {
            "min": 3.442,
            "max": 3.449,
            "avg": 3.4460579389012906,
            "std": 0.0015407245156620173,
            "range": [
                3.4452875766434596,
                3.4468283011591216
            ]
        },
        "B": {
            "min": 3.442,
            "max": 3.449,
            "avg": 3.4460579389012906,
            "std": 0.0015407245156620173,
            "range": [
                3.4452875766434596,
                3.4468283011591216
            ]
        },
        "C": {
            "min": 5.724,
            "max": 5.742,
            "avg": 5.733929994859442,
            "std": 0.004773456610423434,
            "range": [
                5.73154326655423,
                5.736316723164654
            ]
        },
        "Alpha": {
            "min": 90.0,
            "max": 90.0,
            "avg": 90.0,
            "std": 0.0,
            "range": [
                90.0,
                90.0
            ]
        },
        "Beta": {
            "min": 90.0,
            "max": 90.0,
            "avg": 90.0,
            "std": 0.0,
            "range": [
                90.0,
                90.0
            ]
        },
        "Gamma": {
            "min": 120.0,
            "max": 120.0,
            "avg": 120.0,
            "std": 0.0,
            "range": [
                120.0,
                120.0
            ]
        },
        "NA": {
            "min": 120.0,
            "max": 750.0,
            "avg": 401.2856412792636,
            "std": 266.3409064518641,
            "range": [
                268.1151880533315,
                534.4560945051957
            ]
        },
        "NB": {
            "min": 0.0,
            "max": 0.0,
            "avg": 0.0,
            "std": 0.0,
            "range": [
                0.0,
                0.0
            ]
        },
        "NC": {
            "min": 1001.0,
            "max": 1001.0,
            "avg": 1001.0,
            "std": 0.0,
            "range": [
                1001.0,
                1001.0
            ]
        },
        "P1": {
            "min": 10.0,
            "max": 17.9605,
            "avg": 13.907612811912468,
            "std": 1.1710487114578134,
            "range": [
                13.322088456183561,
                14.493137167641375
            ]
        },
        "P2": {
            "min": 10.0,
            "max": 45.9489,
            "avg": 11.92963490593901,
            "std": 1.581716692746988,
            "range": [
                11.138776559565516,
                12.720493252312503
            ]
        },
        "P3": {
            "min": 0.5,
            "max": 15.0,
            "avg": 13.192845802567724,
            "std": 4.383875020124845,
            "range": [
                11.000908292505303,
                15.0
            ]
        },
        "U": {
            "min": 0.0,
            "max": 0.0,
            "avg": 0.0,
            "std": 0.0,
            "range": [
                0.0,
                0.0
            ]
        },
        "V": {
            "min": 0.0,
            "max": 0.0,
            "avg": 0.0,
            "std": 0.0,
            "range": [
                0.0,
                0.0
            ]
        },
        "W": {
            "min": 0.05,
            "max": 0.45,
            "avg": 0.35070765527060127,
            "std": 0.11988376123011268,
            "range": [
                0.29076577465554493,
                0.4106495358856576
            ]
        },
        "Z": {
            "min": 0.0,
            "max": 0.0,
            "avg": 0.0,
            "std": 0.0,
            "range": [
                0.0,
                0.0
            ]
        },
        "hh": {
            "min": 1.0,
            "max": 1.0,
            "avg": 1.0,
            "std": 0.0,
            "range": [
                1.0,
                1.0
            ]
        },
        "kk": {
            "min": 1.0,
            "max": 1.0,
            "avg": 1.0,
            "std": 0.0,
            "range": [
                1.0,
                1.0
            ]
        },
        "ll": {
            "min": 1.0,
            "max": 1.0,
            "avg": 1.0,
            "std": 0.0,
            "range": [
                1.0,
                1.0
            ]
        },
        "hk": {
            "min": 0.0,
            "max": 0.0,
            "avg": 0.0,
            "std": 0.0,
            "range": [
                0.0,
                0.0
            ]
        },
        "hl": {
            "min": 0.0,
            "max": 0.0,
            "avg": 0.0,
            "std": 0.0,
            "range": [
                0.0,
                0.0
            ]
        },
        "kl": {
            "min": 0.0,
            "max": 0.0,
            "avg": 0.0,
            "std": 0.0,
            "range": [
                0.0,
                0.0
            ]
        },
        "s1": {
            "min": 0.0,
            "max": 0.0,
            "avg": 0.0,
            "std": 0.0,
            "range": [
                0.0,
                0.0
            ]
        },
        "s2": {
            "min": 0.0,
            "max": 0.0,
            "avg": 0.0,
            "std": 0.0,
            "range": [
                0.0,
                0.0
            ]
        },
        "s3": {
            "min": 0.0,
            "max": 0.0,
            "avg": 0.0,
            "std": 0.0,
            "range": [
                0.0,
                0.0
            ]
        },
        "s4": {
            "min": 0.0,
            "max": 0.0,
            "avg": 0.0,
            "std": 0.0,
            "range": [
                0.0,
                0.0
            ]
        },
        "s5": {
            "min": 0.0,
            "max": 0.0,
            "avg": 0.0,
            "std": 0.0,
            "range": [
                0.0,
                0.0
            ]
        },
        "s6": {
            "min": 0.0,
            "max": 0.0,
            "avg": 0.0,
            "std": 0.0,
            "range": [
                0.0,
                0.0
            ]
        }
    },
    "atom_parameters": {
        "Fe1 (Fe+2)": {
            "X": {
                "min": 0.0,
                "max": 0.0,
                "avg": 0.0,
                "std": 0.0,
                "range": [
                    0.0,
                    0.0
                ]
            },
            "Y": {
                "min": 0.0,
                "max": 0.0,
                "avg": 0.0,
                "std": 0.0,
                "range": [
                    0.0,
                    0.0
                ]
            },
            "Z": {
                "min": 0.0,
                "max": 0.0,
                "avg": 0.0,
                "std": 0.0,
                "range": [
                    0.0,
                    0.0
                ]
            },
            "B": {
                "min": 0.8,
                "max": 1.6,