{
    "phase_name": "Pyrrhotite_4C_151766",
    "total_entries": 754,
    "phase_parameters": {
        "ESU": {
            "min": 0.03715,
            "max": 42.28986,
            "avg": 8.836351984938805,
            "std": 9.519330695328456,
            "range": [
                4.076686637274577,
                13.596017332603033
            ]
        },
        "SF": {
            "min": 0.0,
            "max": 0.000101948,
            "avg": 2.162041173487261e-05,
            "std": 2.1725017769039146e-05,
            "range": [
                1.0757902850353036e-05,
                3.248292061939218e-05
            ]
        },
        "A": {
            "min": 11.903,
            "max": 11.93,
            "avg": 11.917534459702342,
            "std": 0.005606424369141529,
            "range": [
                11.914731247517771,
                11.920337671886912
            ]
        },
        "B": {
            "min": 6.856,
            "max": 6.888,
            "avg": 6.869591532255281,
            "std": 0.005032695967944169,
            "range": [
                6.867075184271309,
                6.872107880239254
            ]
        },
        "C": {
            "min": 12.87,
            "max": 12.925,
            "avg": 12.906218750715649,
            "std": 0.008748690127536604,
            "range": [
                12.90184440565188,
                12.910593095779417
            ]
        },
        "Alpha": {
            "min": 90.0,
            "max": 90.0,
            "avg": 90.0,
            "std": 0.0,
            "range": [
                90.0,
                90.0
            ]
        },
        "Beta": {
            "min": 117.84,
            "max": 118.1,
            "avg": 117.9811953409288,
            "std": 0.04471411965005758,
            "range": [
                117.95883828110378,
                118.00355240075383
            ]
        },
        "Gamma": {
            "min": 90.0,
            "max": 90.0,
            "avg": 90.0,
            "std": 0.0,
            "range": [
                90.0,
                90.0
            ]
        },
        "NA": {
            "min": 80.0,
            "max": 450.0,
            "avg": 124.40341925930946,
            "std": 69.19958814928944,
            "range": [
                89.80362518466474,
                159.0032133339542
            ]
        },
        "NB": {
            "min": 0.0,
            "max": 0.0,
            "avg": 0.0,
            "std": 0.0,
            "range": [
                0.0,
                0.0
            ]
        },
        "NC": {
            "min": 1001.0,
            "max": 1001.0,
            "avg": 1001.0,
            "std": 0.0,
            "range": [
                1001.0,
                1001.0
            ]
        },
        "P1": {
            "min": 10.0,
            "max": 17.9605,
            "avg": 13.890084958171089,
            "std": 1.1997758316855711,
            "range": [
                13.290197042328304,
                14.489972874013874
            ]
        },
        "P2": {
            "min": 10.0,
            "max": 45.9489,
            "avg": 12.012820151284709,
            "std": 1.6597781550492812,
            "range": [
                11.182931073760068,
                12.84270922880935
            ]
        },
        "P3": {
            "min": 0.5,
            "max": 15.0,
            "avg": 12.95377543739311,
            "std": 4.676326115508485,
            "range": [
                10.615612379638868,
                15.0
            ]
        },
        "U": {
            "min": 0.0,
            "max": 0.0,
            "avg": 0.0,
            "std": 0.0,
            "range": [
                0.0,
                0.0
            ]
        },
        "V": {
            "min": 0.0,
            "max": 0.0,
            "avg": 0.0,
            "std": 0.0,
            "range": [
                0.0,
                0.0
            ]
        },
        "W": {
            "min": 0.01,
            "max": 0.3,
            "avg": 0.20785411260191727,
            "std": 0.10630996472822725,
            "range": [
                0.15469913023780366,
                0.2610090949660309
            ]
        },
        "Z": {
            "min": 0.0,
            "max": 0.0,
            "avg": 0.0,
            "std": 0.0,
            "range": [
                0.0,
                0.0
            ]
        },
        "hh": {
            "min": 1.0,
            "max": 1.0,
            "avg": 1.0,
            "std": 0.0,
            "range": [
                1.0,
                1.0
            ]
        },
        "kk": {
            "min": 1.0,
            "max": 1.0,
            "avg": 1.0,
            "std": 0.0,
            "range": [
                1.0,
                1.0
            ]
        },
        "ll": {
            "min": 1.0,
            "max": 1.0,
            "avg": 1.0,
            "std": 0.0,
            "range": [
                1.0,
                1.0
            ]
        },
        "hk": {
            "min": 0.0,
            "max": 0.0,
            "avg": 0.0,
            "std": 0.0,
            "range": [
                0.0,
                0.0
            ]
        },
        "hl": {
            "min": 0.0,
            "max": 0.0,
            "avg": 0.0,
            "std": 0.0,
            "range": [
                0.0,
                0.0
            ]
        },
        "kl": {
            "min": 0.0,
            "max": 0.0,
            "avg": 0.0,
            "std": 0.0,
            "range": [
                0.0,
                0.0
            ]
        },
        "s1": {
            "min": 0.0,
            "max": 0.0,
            "avg": 0.0,
            "std": 0.0,
            "range": [
                0.0,
                0.0
            ]
        },
        "s2": {
            "min": 0.0,
            "max": 0.0,
            "avg": 0.0,
            "std": 0.0,
            "range": [
                0.0,
                0.0
            ]
        },
        "s3": {
            "min": 0.0,
            "max": 0.0,
            "avg": 0.0,
            "std": 0.0,
            "range": [
                0.0,
                0.0
            ]
        },
        "s4": {
            "min": 0.0,
            "max": 0.0,
            "avg": 0.0,
            "std": 0.0,
            "range": [
                0.0,
                0.0
            ]
        },
        "s5": {
            "min": 0.0,
            "max": 0.0,
            "avg": 0.0,
            "std": 0.0,
            "range": [
                0.0,
                0.0
            ]
        },
        "s6": {
            "min": 0.0,
            "max": 0.0,
            "avg": 0.0,
            "std": 0.0,
            "range": [
                0.0,
                0.0
            ]
        }
    },
    "atom_parameters": {
        "Fe1 (Fe+2)": {
            "X": {
                "min": 0.12,
                "max": 0.132,
                "avg": 0.1254384315809353,
                "std": 0.003263223431009124,
                "range": [
                    0.12380681986543073,
                    0.12707004329643984
                ]
            },
            "Y": {
                "min": 0.09,
                "max": 0.11,
                "avg": 0.09631616167021548,
                "std": 0.00594895984071197,
                "range": [
                    0.09334168174985949,
                    0.09929064159057147
                ]
            },
            "Z": {
                "min": 0.985,
                "max": 0.995,
                "avg": 0.9899193345558359,