{
    "phase_name": "Quartz",
    "total_entries": 1046,
    "phase_parameters": {
        "ESU": {
            "min": 0.0,
            "max": 94.59775,
            "avg": 4.121636649192629,
            "std": 4.2633678552462735,
            "range": [
                1.9899527215694923,
                6.253320576815765
            ]
        },
        "SF": {
            "min": 0.0,
            "max": 0.027714488,
            "avg": 0.003282534690229088,
            "std": 0.003245518048912796,
            "range": [
                0.00165977566577269,
                0.004905293714685486
            ]
        },
        "A": {
            "min": 4.912,
            "max": 4.919,
            "avg": 4.9148244818749856,
            "std": 0.0007101604614150387,
            "range": [
                4.914469401644278,
                4.915179562105693
            ]
        },
        "B": {
            "min": 4.912,
            "max": 4.919,
            "avg": 4.9148244818749856,
            "std": 0.0007101604614150387,
            "range": [
                4.914469401644278,
                4.915179562105693
            ]
        },
        "C": {
            "min": 5.402,
            "max": 5.41,
            "avg": 5.406188977982432,
            "std": 0.0008355603078101809,
            "range": [
                5.405771197828527,
                5.406606758136337
            ]
        },
        "Alpha": {
            "min": 90.0,
            "max": 90.0,
            "avg": 90.0,
            "std": 0.0,
            "range": [
                90.0,
                90.0
            ]
        },
        "Beta": {
            "min": 90.0,
            "max": 90.0,
            "avg": 90.0,
            "std": 0.0,
            "range": [
                90.0,
                90.0
            ]
        },
        "Gamma": {
            "min": 120.0,
            "max": 120.0,
            "avg": 120.0,
            "std": 0.0,
            "range": [
                120.0,
                120.0
            ]
        },
        "NA": {
            "min": 200.0,
            "max": 1200.0,
            "avg": 559.4213426416193,
            "std": 222.96199109001182,
            "range": [
                447.9403470966134,
                670.9023381866252
            ]
        },
        "NB": {
            "min": 0.0,
            "max": 0.0,
            "avg": 0.0,
            "std": 0.0,
            "range": [
                0.0,
                0.0
            ]
        },
        "NC": {
            "min": 1001.0,
            "max": 1001.0,
            "avg": 1001.0,
            "std": 0.0,
            "range": [
                1001.0,
                1001.0
            ]
        },
        "P1": {
            "min": 10.0,
            "max": 17.9605,
            "avg": 13.883999735752896,
            "std": 0.7164011675716485,
            "range": [
                13.525799151967071,
                14.242200319538721
            ]
        },
        "P2": {
            "min": 10.0,
            "max": 45.9489,
            "avg": 11.928353792069386,
            "std": 0.43396235103603586,
            "range": [
                11.711372616551367,
                12.145334967587404
            ]
        },
        "P3": {
            "min": 0.5,
            "max": 15.0,
            "avg": 14.280117800622804,
            "std": 2.869436191524182,
            "range": [
                12.845399704860712,
                15.0
            ]
        },
        "U": {
            "min": 0.0,
            "max": 0.0,
            "avg": 0.0,
            "std": 0.0,
            "range": [
                0.0,
                0.0
            ]
        },
        "V": {
            "min": 0.0,
            "max": 0.0,
            "avg": 0.0,
            "std": 0.0,
            "range": [
                0.0,
                0.0
            ]
        },
        "W": {
            "min": 0.001,
            "max": 0.15,
            "avg": 0.04976847460790067,
            "std": 0.025563416993971265,
            "range": [
                0.03698676611091503,
                0.0625501831048863
            ]
        },
        "Z": {
            "min": 0.0,
            "max": 0.0,
            "avg": 0.0,
            "std": 0.0,
            "range": [
                0.0,
                0.0
            ]
        },
        "hh": {
            "min": 0.8,
            "max": 1.2,
            "avg": 0.9999142992094687,
            "std": 0.010581052585733131,
            "range": [
                0.9946237729166022,
                1.0052048255023354
            ]
        },
        "kk": {
            "min": 1.0,
            "max": 1.0,
            "avg": 1.0,
            "std": 0.0,
            "range": [
                1.0,
                1.0
            ]
        },
        "ll": {
            "min": 1.0,
            "max": 1.0,
            "avg": 1.0,
            "std": 0.0,
            "range": [
                1.0,
                1.0
            ]
        },
        "hk": {
            "min": 0.0,
            "max": 0.0,
            "avg": 0.0,
            "std": 0.0,
            "range": [
                0.0,
                0.0
            ]
        },
        "hl": {
            "min": 0.0,
            "max": 0.0,
            "avg": 0.0,
            "std": 0.0,
            "range": [
                0.0,
                0.0
            ]
        },
        "kl": {
            "min": 0.0,
            "max": 0.0,
            "avg": 0.0,
            "std": 0.0,
            "range": [
                0.0,
                0.0
            ]
        },
        "s1": {
            "min": 0.0,
            "max": 0.0,
            "avg": 0.0,
            "std": 0.0,
            "range": [
                0.0,
                0.0
            ]
        },
        "s2": {
            "min": 0.0,
            "max": 0.0,
            "avg": 0.0,
            "std": 0.0,
            "range": [
                0.0,
                0.0
            ]
        },
        "s3": {
            "min": 0.0,
            "max": 0.0,
            "avg": 0.0,
            "std": 0.0,
            "range": [
                0.0,
                0.0
            ]
        },
        "s4": {
            "min": 0.0,
            "max": 0.0,
            "avg": 0.0,
            "std": 0.0,
            "range": [
                0.0,
                0.0
            ]
        },
        "s5": {
            "min": 0.0,
            "max": 0.0,
            "avg": 0.0,
            "std": 0.0,
            "range": [
                0.0,
                0.0
            ]
        },
        "s6": {
            "min": 0.0,
            "max": 0.0,
            "avg": 0.0,
            "std": 0.0,
            "range": [
                0.0,
                0.0
            ]
        }
    },
    "atom_parameters": {
        "Si1 (Si+4)": {
            "X": {
                "min": 0.453,
                "max": 0.48,
                "avg": 0.4691512993973436,
                "std": 0.0038547200672169333,
                "range": [
                    0.46722393936373513,
                    0.4710786594309521
                ]
            },
            "Y": {
                "min": 0.0,
                "max": 0.0,
                "avg": 0.0,
                "std": 0.0,
                "range": [
                    0.0,
                    0.0
                ]
            },
            "Z": {
                "min": 0.66667,
                "max": 0.66667,
                "avg": 0.66667,
                "std": 0.0,