{
    "phase_name": "Rutile_80843",
    "total_entries": 774,
    "phase_parameters": {
        "ESU": {
            "min": 0.03587,
            "max": 1.3234,
            "avg": 0.20551386813595088,
            "std": 0.15653047788777985,
            "range": [
                0.12724862919206095,
                0.2837791070798408
            ]
        },
        "SF": {
            "min": 0.0,
            "max": 0.000444806,
            "avg": 0.0001297985561686835,
            "std": 9.27931641682158e-05,
            "range": [
                8.34019740845756e-05,
                0.00017619513825279138
            ]
        },
        "A": {
            "min": 4.57,
            "max": 4.605,
            "avg": 4.593982760814219,
            "std": 0.006828159933071544,
            "range": [
                4.590568680847683,
                4.597396840780755
            ]
        },
        "B": {
            "min": 4.57,
            "max": 4.605,
            "avg": 4.593982760814219,
            "std": 0.006828159933071544,
            "range": [
                4.590568680847683,
                4.597396840780755
            ]
        },
        "C": {
            "min": 2.938,
            "max": 2.99,
            "avg": 2.9646215456539498,
            "std": 0.016461275192309673,
            "range": [
                2.956390908057795,
                2.9728521832501045
            ]
        },
        "Alpha": {
            "min": 90.0,
            "max": 90.0,
            "avg": 90.0,
            "std": 0.0,
            "range": [
                90.0,
                90.0
            ]
        },
        "Beta": {
            "min": 90.0,
            "max": 90.0,
            "avg": 90.0,
            "std": 0.0,
            "range": [
                90.0,
                90.0
            ]
        },
        "Gamma": {
            "min": 90.0,
            "max": 90.0,
            "avg": 90.0,
            "std": 0.0,
            "range": [
                90.0,
                90.0
            ]
        },
        "NA": {
            "min": 90.0,
            "max": 700.0,
            "avg": 319.491303581678,
            "std": 270.6847230238537,
            "range": [
                184.14894206975114,
                454.83366509360485
            ]
        },
        "NB": {
            "min": 0.0,
            "max": 0.0,
            "avg": 0.0,
            "std": 0.0,
            "range": [
                0.0,
                0.0
            ]
        },
        "NC": {
            "min": 1001.0,
            "max": 1001.0,
            "avg": 1001.0,
            "std": 0.0,
            "range": [
                1001.0,
                1001.0
            ]
        },
        "P1": {
            "min": 10.0,
            "max": 17.5363,
            "avg": 13.914137504614336,
            "std": 0.5987906938056631,
            "range": [
                13.614742157711504,
                14.213532851517169
            ]
        },
        "P2": {
            "min": 10.0,
            "max": 45.9489,
            "avg": 11.94206828646755,
            "std": 0.3769619887004333,
            "range": [
                11.753587292117333,
                12.130549280817766
            ]
        },
        "P3": {
            "min": 0.5,
            "max": 15.0,
            "avg": 14.395613998290017,
            "std": 2.673689861044794,
            "range": [
                13.05876906776762,
                15.0
            ]
        },
        "U": {
            "min": 0.0,
            "max": 0.0,
            "avg": 0.0,
            "std": 0.0,
            "range": [
                0.0,
                0.0
            ]
        },
        "V": {
            "min": 0.0,
            "max": 0.0,
            "avg": 0.0,
            "std": 0.0,
            "range": [
                0.0,
                0.0
            ]
        },
        "W": {
            "min": 0.05,
            "max": 0.35,
            "avg": 0.2651139427988959,
            "std": 0.12081157355504879,
            "range": [
                0.2047081560213715,
                0.3255197295764203
            ]
        },
        "Z": {
            "min": 0.0,
            "max": 0.0,
            "avg": 0.0,
            "std": 0.0,
            "range": [
                0.0,
                0.0
            ]
        },
        "hh": {
            "min": 1.0,
            "max": 1.0,
            "avg": 1.0,
            "std": 0.0,
            "range": [
                1.0,
                1.0
            ]
        },
        "kk": {
            "min": 1.0,
            "max": 1.0,
            "avg": 1.0,
            "std": 0.0,
            "range": [
                1.0,
                1.0
            ]
        },
        "ll": {
            "min": 1.0,
            "max": 1.0,
            "avg": 1.0,
            "std": 0.0,
            "range": [
                1.0,
                1.0
            ]
        },
        "hk": {
            "min": 0.0,
            "max": 0.0,
            "avg": 0.0,
            "std": 0.0,
            "range": [
                0.0,
                0.0
            ]
        },
        "hl": {
            "min": 0.0,
            "max": 0.0,
            "avg": 0.0,
            "std": 0.0,
            "range": [
                0.0,
                0.0
            ]
        },
        "kl": {
            "min": 0.0,
            "max": 0.0,
            "avg": 0.0,
            "std": 0.0,
            "range": [
                0.0,
                0.0
            ]
        },
        "s1": {
            "min": 0.0,
            "max": 0.0,
            "avg": 0.0,
            "std": 0.0,
            "range": [
                0.0,
                0.0
            ]
        },
        "s2": {
            "min": 0.0,
            "max": 0.0,
            "avg": 0.0,
            "std": 0.0,
            "range": [
                0.0,
                0.0
            ]
        },
        "s3": {
            "min": 0.0,
            "max": 0.0,
            "avg": 0.0,
            "std": 0.0,
            "range": [
                0.0,
                0.0
            ]
        },
        "s4": {
            "min": 0.0,
            "max": 0.0,
            "avg": 0.0,
            "std": 0.0,
            "range": [
                0.0,
                0.0
            ]
        },
        "s5": {
            "min": 0.0,
            "max": 0.0,
            "avg": 0.0,
            "std": 0.0,
            "range": [
                0.0,
                0.0
            ]
        },
        "s6": {
            "min": 0.0,
            "max": 0.0,
            "avg": 0.0,
            "std": 0.0,
            "range": [
                0.0,
                0.0
            ]
        }
    },
    "atom_parameters": {
        "Ti1 (Ti+4)": {
            "X": {
                "min": 0.0,
                "max": 0.0,
                "avg": 0.0,
                "std": 0.0,
                "range": [
                    0.0,
                    0.0
                ]
            },
            "Y": {
                "min": 0.0,
                "max": 0.0,
                "avg": 0.0,
                "std": 0.0,
                "range": [
                    0.0,
                    0.0
                ]
            },
            "Z": {
                "min": 0.0,
                "max": 0.0,
                "avg": 0.0,
                "std": 0.0,
                "range": [
                    0.0,
                    0.0
                ]
            },
            "B": {
                "min": 0.49059,
                "max": 0.49059,