{
    "phase_name": "Siderite_Mg_189440",
    "total_entries": 128,
    "phase_parameters": {
        "ESU": {
            "min": 0.13259,
            "max": 3.06897,
            "avg": 0.8919864816703582,
            "std": 0.7138576935586934,
            "range": [
                0.5350576348910114,
                1.248915328449705
            ]
        },
        "SF": {
            "min": 0.0,
            "max": 0.00040532,
            "avg": 0.00011443175116375369,
            "std": 0.0001246733106234808,
            "range": [
                5.209509585201329e-05,
                0.0001767684064754941
            ]
        },
        "A": {
            "min": 4.64,
            "max": 4.76,
            "avg": 4.672328525930517,
            "std": 0.020393123991502067,
            "range": [
                4.662131963934766,
                4.682525087926268
            ]
        },
        "B": {
            "min": 4.64,
            "max": 4.76,
            "avg": 4.672328525930517,
            "std": 0.020393123991502067,
            "range": [
                4.662131963934766,
                4.682525087926268
            ]
        },
        "C": {
            "min": 15.05,
            "max": 15.55,
            "avg": 15.252063812248664,
            "std": 0.09971494542891592,
            "range": [
                15.202206339534207,
                15.301921284963122
            ]
        },
        "Alpha": {
            "min": 90.0,
            "max": 90.0,
            "avg": 90.0,
            "std": 0.0,
            "range": [
                90.0,
                90.0
            ]
        },
        "Beta": {
            "min": 90.0,
            "max": 90.0,
            "avg": 90.0,
            "std": 0.0,
            "range": [
                90.0,
                90.0
            ]
        },
        "Gamma": {
            "min": 120.0,
            "max": 120.0,
            "avg": 120.0,
            "std": 0.0,
            "range": [
                120.0,
                120.0
            ]
        },
        "NA": {
            "min": 70.0,
            "max": 800.0,
            "avg": 390.8444621054007,
            "std": 294.0357061141901,
            "range": [
                243.82660904830564,
                537.8623151624957
            ]
        },
        "NB": {
            "min": 0.0,
            "max": 0.0,
            "avg": 0.0,
            "std": 0.0,
            "range": [
                0.0,
                0.0
            ]
        },
        "NC": {
            "min": 1001.0,
            "max": 1001.0,
            "avg": 1001.0,
            "std": 0.0,
            "range": [
                1001.0,
                1001.0
            ]
        },
        "P1": {
            "min": 10.0,
            "max": 15.1285,
            "avg": 13.78023411556109,
            "std": 0.8397123231345538,
            "range": [
                13.360377953993813,
                14.200090277128366
            ]
        },
        "P2": {
            "min": 10.0,
            "max": 14.5574,
            "avg": 11.890838902861653,
            "std": 0.5268041595020633,
            "range": [
                11.62743682311062,
                12.154240982612684
            ]
        },
        "P3": {
            "min": 0.5811,
            "max": 15.0,
            "avg": 14.092130120307816,
            "std": 3.10920894054028,
            "range": [
                12.537525650037676,
                15.0
            ]
        },
        "U": {
            "min": 0.0,
            "max": 0.0,
            "avg": 0.0,
            "std": 0.0,
            "range": [
                0.0,
                0.0
            ]
        },
        "V": {
            "min": 0.0,
            "max": 0.0,
            "avg": 0.0,
            "std": 0.0,
            "range": [
                0.0,
                0.0
            ]
        },
        "W": {
            "min": 0.02,
            "max": 0.25,
            "avg": 0.2052173994725243,
            "std": 0.06069125210173558,
            "range": [
                0.1748717734216565,
                0.2355630255233921
            ]
        },
        "Z": {
            "min": 0.0,
            "max": 0.0,
            "avg": 0.0,
            "std": 0.0,
            "range": [
                0.0,
                0.0
            ]
        },
        "hh": {
            "min": 0.6,
            "max": 1.0,
            "avg": 0.8131470210128757,
            "std": 0.128411281975494,
            "range": [
                0.7489413800251288,
                0.8773526620006227
            ]
        },
        "kk": {
            "min": 1.0,
            "max": 1.0,
            "avg": 1.0,
            "std": 0.0,
            "range": [
                1.0,
                1.0
            ]
        },
        "ll": {
            "min": 1.0,
            "max": 1.0,
            "avg": 1.0,
            "std": 0.0,
            "range": [
                1.0,
                1.0
            ]
        },
        "hk": {
            "min": 0.0,
            "max": 0.0,
            "avg": 0.0,
            "std": 0.0,
            "range": [
                0.0,
                0.0
            ]
        },
        "hl": {
            "min": 0.0,
            "max": 0.0,
            "avg": 0.0,
            "std": 0.0,
            "range": [
                0.0,
                0.0
            ]
        },
        "kl": {
            "min": 0.0,
            "max": 0.0,
            "avg": 0.0,
            "std": 0.0,
            "range": [
                0.0,
                0.0
            ]
        },
        "s1": {
            "min": 0.0,
            "max": 0.0,
            "avg": 0.0,
            "std": 0.0,
            "range": [
                0.0,
                0.0
            ]
        },
        "s2": {
            "min": 0.0,
            "max": 0.0,
            "avg": 0.0,
            "std": 0.0,
            "range": [
                0.0,
                0.0
            ]
        },
        "s3": {
            "min": 0.0,
            "max": 0.0,
            "avg": 0.0,
            "std": 0.0,
            "range": [
                0.0,
                0.0
            ]
        },
        "s4": {
            "min": 0.0,
            "max": 0.0,
            "avg": 0.0,
            "std": 0.0,
            "range": [
                0.0,
                0.0
            ]
        },
        "s5": {
            "min": 0.0,
            "max": 0.0,
            "avg": 0.0,
            "std": 0.0,
            "range": [
                0.0,
                0.0
            ]
        },
        "s6": {
            "min": 0.0,
            "max": 0.0,
            "avg": 0.0,
            "std": 0.0,
            "range": [
                0.0,
                0.0
            ]
        }
    },
    "atom_parameters": {
        "Fe1 (Fe+2)": {
            "X": {
                "min": 0.0,
                "max": 0.0,
                "avg": 0.0,
                "std": 0.0,
                "range": [
                    0.0,
                    0.0
                ]
            },
            "Y": {
                "min": 0.0,
                "max": 0.0,
                "avg": 0.0,
                "std": 0.0,
                "range": [
                    0.0,
                    0.0
                ]
            },
            "Z": {
                "min": 0.0,
                "max": 0.0,
                "avg": 0.0,
                "std": 0.0,
                "range": [
                    0.0,
                    0.0
                ]
            },