{
    "phase_name": "Spessartine_50621",
    "total_entries": 143,
    "phase_parameters": {
        "ESU": {
            "min": 0.0345,
            "max": 1.3142,
            "avg": 0.36207890665012804,
            "std": 0.3158687812193675,
            "range": [
                0.20414451604044428,
                0.5200132972598118
            ]
        },
        "SF": {
            "min": 0.0,
            "max": 1.597e-06,
            "avg": 4.5975111035531367e-07,
            "std": 3.6011800643248273e-07,
            "range": [
                2.7969210713907233e-07,
                6.39810113571555e-07
            ]
        },
        "A": {
            "min": 11.58,
            "max": 11.75,
            "avg": 11.661311758862837,
            "std": 0.05708267064216986,
            "range": [
                11.632770423541752,
                11.689853094183922
            ]
        },
        "B": {
            "min": 11.58,
            "max": 11.75,
            "avg": 11.661311758862837,
            "std": 0.05708267064216986,
            "range": [
                11.632770423541752,
                11.689853094183922
            ]
        },
        "C": {
            "min": 11.58,
            "max": 11.75,
            "avg": 11.661311758862837,
            "std": 0.05708267064216986,
            "range": [
                11.632770423541752,
                11.689853094183922
            ]
        },
        "Alpha": {
            "min": 90.0,
            "max": 90.0,
            "avg": 90.0,
            "std": 0.0,
            "range": [
                90.0,
                90.0
            ]
        },
        "Beta": {
            "min": 90.0,
            "max": 90.0,
            "avg": 90.0,
            "std": 0.0,
            "range": [
                90.0,
                90.0
            ]
        },
        "Gamma": {
            "min": 90.0,
            "max": 90.0,
            "avg": 90.0,
            "std": 0.0,
            "range": [
                90.0,
                90.0
            ]
        },
        "NA": {
            "min": 100.0,
            "max": 700.0,
            "avg": 281.7934087337948,
            "std": 250.08243024426616,
            "range": [
                156.75219361166174,
                406.83462385592793
            ]
        },
        "NB": {
            "min": 0.0,
            "max": 0.0,
            "avg": 0.0,
            "std": 0.0,
            "range": [
                0.0,
                0.0
            ]
        },
        "NC": {
            "min": 1001.0,
            "max": 1001.0,
            "avg": 1001.0,
            "std": 0.0,
            "range": [
                1001.0,
                1001.0
            ]
        },
        "P1": {
            "min": 10.0,
            "max": 15.1285,
            "avg": 13.644441399247759,
            "std": 0.9950106579383269,
            "range": [
                13.146936070278596,
                14.141946728216922
            ]
        },
        "P2": {
            "min": 10.0,
            "max": 45.9489,
            "avg": 12.880232689460627,
            "std": 5.580558592297648,
            "range": [
                10.089953393311802,
                15.670511985609451
            ]
        },
        "P3": {
            "min": 0.5515,
            "max": 15.0,
            "avg": 13.18238389384603,
            "std": 4.352576792559692,
            "range": [
                11.006095497566184,
                15.0
            ]
        },
        "U": {
            "min": 0.0,
            "max": 0.0,
            "avg": 0.0,
            "std": 0.0,
            "range": [
                0.0,
                0.0
            ]
        },
        "V": {
            "min": 0.0,
            "max": 0.0,
            "avg": 0.0,
            "std": 0.0,
            "range": [
                0.0,
                0.0
            ]
        },
        "W": {
            "min": 0.01,
            "max": 0.25,
            "avg": 0.1742248459507042,
            "std": 0.09051783219575472,
            "range": [
                0.12896592985282684,
                0.21948376204858155
            ]
        },
        "Z": {
            "min": 0.0,
            "max": 0.0,
            "avg": 0.0,
            "std": 0.0,
            "range": [
                0.0,
                0.0
            ]
        },
        "hh": {
            "min": 1.0,
            "max": 1.0,
            "avg": 1.0,
            "std": 0.0,
            "range": [
                1.0,
                1.0
            ]
        },
        "kk": {
            "min": 1.0,
            "max": 1.0,
            "avg": 1.0,
            "std": 0.0,
            "range": [
                1.0,
                1.0
            ]
        },
        "ll": {
            "min": 1.0,
            "max": 1.0,
            "avg": 1.0,
            "std": 0.0,
            "range": [
                1.0,
                1.0
            ]
        },
        "hk": {
            "min": 0.0,
            "max": 0.0,
            "avg": 0.0,
            "std": 0.0,
            "range": [
                0.0,
                0.0
            ]
        },
        "hl": {
            "min": 0.0,
            "max": 0.0,
            "avg": 0.0,
            "std": 0.0,
            "range": [
                0.0,
                0.0
            ]
        },
        "kl": {
            "min": 0.0,
            "max": 0.0,
            "avg": 0.0,
            "std": 0.0,
            "range": [
                0.0,
                0.0
            ]
        },
        "s1": {
            "min": 0.0,
            "max": 0.0,
            "avg": 0.0,
            "std": 0.0,
            "range": [
                0.0,
                0.0
            ]
        },
        "s2": {
            "min": 0.0,
            "max": 0.0,
            "avg": 0.0,
            "std": 0.0,
            "range": [
                0.0,
                0.0
            ]
        },
        "s3": {
            "min": 0.0,
            "max": 0.0,
            "avg": 0.0,
            "std": 0.0,
            "range": [
                0.0,
                0.0
            ]
        },
        "s4": {
            "min": 0.0,
            "max": 0.0,
            "avg": 0.0,
            "std": 0.0,
            "range": [
                0.0,
                0.0
            ]
        },
        "s5": {
            "min": 0.0,
            "max": 0.0,
            "avg": 0.0,
            "std": 0.0,
            "range": [
                0.0,
                0.0
            ]
        },
        "s6": {
            "min": 0.0,
            "max": 0.0,
            "avg": 0.0,
            "std": 0.0,
            "range": [
                0.0,
                0.0
            ]
        }
    },
    "atom_parameters": {
        "Mn1 (Mn+2)": {
            "X": {
                "min": 0.0,
                "max": 0.0,
                "avg": 0.0,
                "std": 0.0,
                "range": [
                    0.0,
                    0.0
                ]
            },
            "Y": {
                "min": 0.25,
                "max": 0.25,
                "avg": 0.25,
                "std": 0.0,
                "range": [
                    0.25,
                    0.25
                ]
            },
            "Z": {
                "min": 0.125,
                "max": 0.125,
                "avg": 0.125,
                "std": 0.0,
                "range": [
                    0.125,
                    0.125
                ]
            },
            "B": {
                "min": 0.592,