{
    "phase_name": "Stibnite_22176",
    "total_entries": 296,
    "phase_parameters": {
        "ESU": {
            "min": 0.0,
            "max": 2.99998,
            "avg": 0.7259890316161568,
            "std": 0.6833414481144361,
            "range": [
                0.38431830755893875,
                1.067659755673375
            ]
        },
        "SF": {
            "min": 0.0,
            "max": 0.000102113,
            "avg": 5.3239739789553384e-05,
            "std": 4.012219865672861e-05,
            "range": [
                3.3178640461189074e-05,
                7.33008391179177e-05
            ]
        },
        "A": {
            "min": 11.31,
            "max": 11.32,
            "avg": 11.314729295147634,
            "std": 0.0023154861778358613,
            "range": [
                11.313571552058717,
                11.315887038236552
            ]
        },
        "B": {
            "min": 3.835,
            "max": 3.841,
            "avg": 3.8380672368095987,
            "std": 0.0012490941941525912,
            "range": [
                3.8374426897125224,
                3.838691783906675
            ]
        },
        "C": {
            "min": 11.225,
            "max": 11.24,
            "avg": 11.23212458292312,
            "std": 0.0032002528540349003,
            "range": [
                11.230524456496102,
                11.233724709350138
            ]
        },
        "Alpha": {
            "min": 90.0,
            "max": 90.0,
            "avg": 90.0,
            "std": 0.0,
            "range": [
                90.0,
                90.0
            ]
        },
        "Beta": {
            "min": 90.0,
            "max": 90.0,
            "avg": 90.0,
            "std": 0.0,
            "range": [
                90.0,
                90.0
            ]
        },
        "Gamma": {
            "min": 90.0,
            "max": 90.0,
            "avg": 90.0,
            "std": 0.0,
            "range": [
                90.0,
                90.0
            ]
        },
        "NA": {
            "min": 120.0,
            "max": 750.0,
            "avg": 446.6279694795865,
            "std": 228.50735921106937,
            "range": [
                332.37428987405184,
                560.8816490851212
            ]
        },
        "NB": {
            "min": 0.0,
            "max": 0.0,
            "avg": 0.0,
            "std": 0.0,
            "range": [
                0.0,
                0.0
            ]
        },
        "NC": {
            "min": 1001.0,
            "max": 1001.0,
            "avg": 1001.0,
            "std": 0.0,
            "range": [
                1001.0,
                1001.0
            ]
        },
        "P1": {
            "min": 10.0,
            "max": 14.0,
            "avg": 13.926677843616606,
            "std": 0.5321562415468747,
            "range": [
                13.660599722843168,
                14.0
            ]
        },
        "P2": {
            "min": 10.0,
            "max": 15.791,
            "avg": 11.964335956480005,
            "std": 0.2651796069528227,
            "range": [
                11.831746153003593,
                12.096925759956417
            ]
        },
        "P3": {
            "min": 0.7679,
            "max": 15.0,
            "avg": 14.824269399940757,
            "std": 1.2935291056774905,
            "range": [
                14.177504847102012,
                15.0
            ]
        },
        "U": {
            "min": 0.0,
            "max": 0.0,
            "avg": 0.0,
            "std": 0.0,
            "range": [
                0.0,
                0.0
            ]
        },
        "V": {
            "min": 0.0,
            "max": 0.0,
            "avg": 0.0,
            "std": 0.0,
            "range": [
                0.0,
                0.0
            ]
        },
        "W": {
            "min": 0.01,
            "max": 0.35,
            "avg": 0.31720253858454306,
            "std": 0.04436278091199418,
            "range": [
                0.29502114812854596,
                0.33938392904054016
            ]
        },
        "Z": {
            "min": 0.0,
            "max": 0.0,
            "avg": 0.0,
            "std": 0.0,
            "range": [
                0.0,
                0.0
            ]
        },
        "hh": {
            "min": 0.85,
            "max": 1.0,
            "avg": 0.9256980342132466,
            "std": 0.04091798485954386,
            "range": [
                0.9052390417834747,
                0.9461570266430185
            ]
        },
        "kk": {
            "min": 1.0,
            "max": 1.0,
            "avg": 1.0,
            "std": 0.0,
            "range": [
                1.0,
                1.0
            ]
        },
        "ll": {
            "min": 1.0,
            "max": 1.0,
            "avg": 1.0,
            "std": 0.0,
            "range": [
                1.0,
                1.0
            ]
        },
        "hk": {
            "min": 0.0,
            "max": 0.0,
            "avg": 0.0,
            "std": 0.0,
            "range": [
                0.0,
                0.0
            ]
        },
        "hl": {
            "min": 0.0,
            "max": 0.0,
            "avg": 0.0,
            "std": 0.0,
            "range": [
                0.0,
                0.0
            ]
        },
        "kl": {
            "min": 0.0,
            "max": 0.0,
            "avg": 0.0,
            "std": 0.0,
            "range": [
                0.0,
                0.0
            ]
        },
        "s1": {
            "min": 0.0,
            "max": 0.0,
            "avg": 0.0,
            "std": 0.0,
            "range": [
                0.0,
                0.0
            ]
        },
        "s2": {
            "min": 0.0,
            "max": 0.0,
            "avg": 0.0,
            "std": 0.0,
            "range": [
                0.0,
                0.0
            ]
        },
        "s3": {
            "min": 0.0,
            "max": 0.0,
            "avg": 0.0,
            "std": 0.0,
            "range": [
                0.0,
                0.0
            ]
        },
        "s4": {
            "min": 0.0,
            "max": 0.0,
            "avg": 0.0,
            "std": 0.0,
            "range": [
                0.0,
                0.0
            ]
        },
        "s5": {
            "min": 0.0,
            "max": 0.0,
            "avg": 0.0,
            "std": 0.0,
            "range": [
                0.0,
                0.0
            ]
        },
        "s6": {
            "min": 0.0,
            "max": 0.0,
            "avg": 0.0,
            "std": 0.0,
            "range": [
                0.0,
                0.0
            ]
        }
    },
    "atom_parameters": {
        "Sb1 (Sb+3)": {
            "X": {
                "min": 0.0293,
                "max": 0.0293,
                "avg": 0.0293,
                "std": 0.0,
                "range": [
                    0.0293,
                    0.0293
                ]
            },
            "Y": {
                "min": 0.25,
                "max": 0.25,
                "avg": 0.25,
                "std": 0.0,
                "range": [
                    0.25,
                    0.25
                ]
            },
            "Z": {
                "min": 0.3261,
                "max": 0.3261,
                "avg": 0.3261,
                "std": 0.0,
                "range": [
                    0.3261,
                    0.3261
                ]
            },