{
    "phase_name": "Sulphur_43251",
    "total_entries": 14,
    "phase_parameters": {
        "ESU": {
            "min": 0.04406,
            "max": 0.69882,
            "avg": 0.25855734622679855,
            "std": 0.1924358937908818,
            "range": [
                0.16233939933135766,
                0.35477529312223943
            ]
        },
        "SF": {
            "min": 2.2e-08,
            "max": 1.84e-07,
            "avg": 8.258670911800569e-08,
            "std": 4.2587627740961255e-08,
            "range": [
                6.129289524752506e-08,
                1.0388052298848633e-07
            ]
        },
        "A": {
            "min": 10.45124,
            "max": 10.48984,
            "avg": 10.474553505622543,
            "std": 0.011172252003705552,
            "range": [
                10.46896737962069,
                10.480139631624397
            ]
        },
        "B": {
            "min": 12.83655,
            "max": 12.94423,
            "avg": 12.884342739804904,
            "std": 0.024465884443610253,
            "range": [
                12.872109797583098,
                12.89657568202671
            ]
        },
        "C": {
            "min": 24.35895,
            "max": 24.57561,
            "avg": 24.49604700921284,
            "std": 0.050604854735545254,
            "range": [
                24.470744581845068,
                24.521349436580614
            ]
        },
        "Alpha": {
            "min": 90.0,
            "max": 90.0,
            "avg": 90.0,
            "std": 0.0,
            "range": [
                90.0,
                90.0
            ]
        },
        "Beta": {
            "min": 90.0,
            "max": 90.0,
            "avg": 90.0,
            "std": 0.0,
            "range": [
                90.0,
                90.0
            ]
        },
        "Gamma": {
            "min": 90.0,
            "max": 90.0,
            "avg": 90.0,
            "std": 0.0,
            "range": [
                90.0,
                90.0
            ]
        },
        "NA": {
            "min": 120.0,
            "max": 1200.0,
            "avg": 847.5314329223681,
            "std": 403.36519846205516,
            "range": [
                645.8488336913406,
                1049.2140321533957
            ]
        },
        "NB": {
            "min": 0.0,
            "max": 0.0,
            "avg": 0.0,
            "std": 0.0,
            "range": [
                0.0,
                0.0
            ]
        },
        "NC": {
            "min": 1001.0,
            "max": 1001.0,
            "avg": 1001.0,
            "std": 0.0,
            "range": [
                1001.0,
                1001.0
            ]
        },
        "P1": {
            "min": 10.0,
            "max": 17.9605,
            "avg": 14.105233183173011,
            "std": 2.768262676767081,
            "range": [
                12.721101844789471,
                15.489364521556551
            ]
        },
        "P2": {
            "min": 10.0,
            "max": 15.3775,
            "avg": 11.082350484351712,
            "std": 1.6996545770699802,
            "range": [
                10.232523195816722,
                11.932177772886703
            ]
        },
        "P3": {
            "min": 0.5,
            "max": 15.0,
            "avg": 6.058099061780246,
            "std": 6.1289295844459,
            "range": [
                2.993634269557296,
                9.122563854003197
            ]
        },
        "U": {
            "min": 0.0,
            "max": 0.0,
            "avg": 0.0,
            "std": 0.0,
            "range": [
                0.0,
                0.0
            ]
        },
        "V": {
            "min": 0.0,
            "max": 0.0,
            "avg": 0.0,
            "std": 0.0,
            "range": [
                0.0,
                0.0
            ]
        },
        "W": {
            "min": 0.01,
            "max": 0.1871,
            "avg": 0.06796659666711827,
            "std": 0.07460991166571312,
            "range": [
                0.030661640834261705,
                0.10527155249997483
            ]
        },
        "Z": {
            "min": 0.0,
            "max": 0.0,
            "avg": 0.0,
            "std": 0.0,
            "range": [
                0.0,
                0.0
            ]
        },
        "hh": {
            "min": 1.0,
            "max": 1.0,
            "avg": 1.0,
            "std": 0.0,
            "range": [
                1.0,
                1.0
            ]
        },
        "kk": {
            "min": 1.0,
            "max": 1.0,
            "avg": 1.0,
            "std": 0.0,
            "range": [
                1.0,
                1.0
            ]
        },
        "ll": {
            "min": 1.0,
            "max": 1.0,
            "avg": 1.0,
            "std": 0.0,
            "range": [
                1.0,
                1.0
            ]
        },
        "hk": {
            "min": 0.0,
            "max": 0.0,
            "avg": 0.0,
            "std": 0.0,
            "range": [
                0.0,
                0.0
            ]
        },
        "hl": {
            "min": 0.0,
            "max": 0.0,
            "avg": 0.0,
            "std": 0.0,
            "range": [
                0.0,
                0.0
            ]
        },
        "kl": {
            "min": 0.0,
            "max": 0.0,
            "avg": 0.0,
            "std": 0.0,
            "range": [
                0.0,
                0.0
            ]
        },
        "s1": {
            "min": 0.0,
            "max": 0.0,
            "avg": 0.0,
            "std": 0.0,
            "range": [
                0.0,
                0.0
            ]
        },
        "s2": {
            "min": 0.0,
            "max": 0.0,
            "avg": 0.0,
            "std": 0.0,
            "range": [
                0.0,
                0.0
            ]
        },
        "s3": {
            "min": 0.0,
            "max": 0.0,
            "avg": 0.0,
            "std": 0.0,
            "range": [
                0.0,
                0.0
            ]
        },
        "s4": {
            "min": 0.0,
            "max": 0.0,
            "avg": 0.0,
            "std": 0.0,
            "range": [
                0.0,
                0.0
            ]
        },
        "s5": {
            "min": 0.0,
            "max": 0.0,
            "avg": 0.0,
            "std": 0.0,
            "range": [
                0.0,
                0.0
            ]
        },
        "s6": {
            "min": 0.0,
            "max": 0.0,
            "avg": 0.0,
            "std": 0.0,
            "range": [
                0.0,
                0.0
            ]
        }
    },
    "atom_parameters": {
        "S1 (S)": {
            "X": {
                "min": 0.8563,
                "max": 0.8563,
                "avg": 0.8563,
                "std": 0.0,
                "range": [
                    0.8563,
                    0.8563
                ]
            },
            "Y": {
                "min": 0.9529,
                "max": 0.9529,
                "avg": 0.9529,
                "std": 0.0,
                "range": [
                    0.9529,
                    0.9529
                ]
            },
            "Z": {
                "min": 0.9551,
                "max": 0.9551,
                "avg": 0.9551,
                "std": 0.0,
                "range": [
                    0.9551,
                    0.9551
                ]
            },