{
    "phase_name": "Titanite_50283",
    "total_entries": 9,
    "phase_parameters": {
        "ESU": {
            "min": 0.12753,
            "max": 0.94919,
            "avg": 0.46239842509901374,
            "std": 0.32787707925023857,
            "range": [
                0.29845988547389446,
                0.626336964724133
            ]
        },
        "SF": {
            "min": 2.271e-06,
            "max": 1.836e-05,
            "avg": 1.1169585850741631e-05,
            "std": 5.010814810722494e-06,
            "range": [
                8.664178445380383e-06,
                1.367499325610288e-05
            ]
        },
        "A": {
            "min": 7.05407,
            "max": 7.1,
            "avg": 7.071689779451734,
            "std": 0.015610564432130292,
            "range": [
                7.063884497235669,
                7.079495061667799
            ]
        },
        "B": {
            "min": 8.68,
            "max": 8.77653,
            "avg": 8.727467427195775,
            "std": 0.021504732157577502,
            "range": [
                8.716715061116986,
                8.738219793274563
            ]
        },
        "C": {
            "min": 6.5036,
            "max": 6.59,
            "avg": 6.5280931614506486,
            "std": 0.02659454591029883,
            "range": [
                6.514795888495499,
                6.541390434405798
            ]
        },
        "Alpha": {
            "min": 90.0,
            "max": 90.0,
            "avg": 90.0,
            "std": 0.0,
            "range": [
                90.0,
                90.0
            ]
        },
        "Beta": {
            "min": 113.5,
            "max": 114.2927,
            "avg": 113.7989715384018,
            "std": 0.3189694189704075,
            "range": [
                113.6394868289166,
                113.958456247887
            ]
        },
        "Gamma": {
            "min": 90.0,
            "max": 90.0,
            "avg": 90.0,
            "std": 0.0,
            "range": [
                90.0,
                90.0
            ]
        },
        "NA": {
            "min": 100.0,
            "max": 443.9082,
            "avg": 249.08722945561854,
            "std": 136.66499281127534,
            "range": [
                180.75473304998087,
                317.4197258612562
            ]
        },
        "NB": {
            "min": 0.0,
            "max": 0.0,
            "avg": 0.0,
            "std": 0.0,
            "range": [
                0.0,
                0.0
            ]
        },
        "NC": {
            "min": 1001.0,
            "max": 1001.0,
            "avg": 1001.0,
            "std": 0.0,
            "range": [
                1001.0,
                1001.0
            ]
        },
        "P1": {
            "min": 14.0,
            "max": 14.0,
            "avg": 14.0,
            "std": 0.0,
            "range": [
                14.0,
                14.0
            ]
        },
        "P2": {
            "min": 12.0,
            "max": 12.0,
            "avg": 12.0,
            "std": 0.0,
            "range": [
                12.0,
                12.0
            ]
        },
        "P3": {
            "min": 15.0,
            "max": 15.0,
            "avg": 15.0,
            "std": 0.0,
            "range": [
                15.0,
                15.0
            ]
        },
        "U": {
            "min": 0.0,
            "max": 0.0,
            "avg": 0.0,
            "std": 0.0,
            "range": [
                0.0,
                0.0
            ]
        },
        "V": {
            "min": 0.0,
            "max": 0.0,
            "avg": 0.0,
            "std": 0.0,
            "range": [
                0.0,
                0.0
            ]
        },
        "W": {
            "min": 0.01,
            "max": 0.25,
            "avg": 0.15923025549429215,
            "std": 0.10243378649653473,
            "range": [
                0.10801336224602479,
                0.21044714874255951
            ]
        },
        "Z": {
            "min": 0.0,
            "max": 0.0,
            "avg": 0.0,
            "std": 0.0,
            "range": [
                0.0,
                0.0
            ]
        },
        "hh": {
            "min": 1.0,
            "max": 1.0,
            "avg": 1.0,
            "std": 0.0,
            "range": [
                1.0,
                1.0
            ]
        },
        "kk": {
            "min": 1.0,
            "max": 1.0,
            "avg": 1.0,
            "std": 0.0,
            "range": [
                1.0,
                1.0
            ]
        },
        "ll": {
            "min": 1.0,
            "max": 1.0,
            "avg": 1.0,
            "std": 0.0,
            "range": [
                1.0,
                1.0
            ]
        },
        "hk": {
            "min": 0.0,
            "max": 0.0,
            "avg": 0.0,
            "std": 0.0,
            "range": [
                0.0,
                0.0
            ]
        },
        "hl": {
            "min": 0.0,
            "max": 0.0,
            "avg": 0.0,
            "std": 0.0,
            "range": [
                0.0,
                0.0
            ]
        },
        "kl": {
            "min": 0.0,
            "max": 0.0,
            "avg": 0.0,
            "std": 0.0,
            "range": [
                0.0,
                0.0
            ]
        },
        "s1": {
            "min": 0.0,
            "max": 0.0,
            "avg": 0.0,
            "std": 0.0,
            "range": [
                0.0,
                0.0
            ]
        },
        "s2": {
            "min": 0.0,
            "max": 0.0,
            "avg": 0.0,
            "std": 0.0,
            "range": [
                0.0,
                0.0
            ]
        },
        "s3": {
            "min": 0.0,
            "max": 0.0,
            "avg": 0.0,
            "std": 0.0,
            "range": [
                0.0,
                0.0
            ]
        },
        "s4": {
            "min": 0.0,
            "max": 0.0,
            "avg": 0.0,
            "std": 0.0,
            "range": [
                0.0,
                0.0
            ]
        },
        "s5": {
            "min": 0.0,
            "max": 0.0,
            "avg": 0.0,
            "std": 0.0,
            "range": [
                0.0,
                0.0
            ]
        },
        "s6": {
            "min": 0.0,
            "max": 0.0,
            "avg": 0.0,
            "std": 0.0,
            "range": [
                0.0,
                0.0
            ]
        }
    },
    "atom_parameters": {
        "Ca1 (Ca+2)": {
            "X": {
                "min": 0.2589,
                "max": 0.2589,
                "avg": 0.2589,
                "std": 0.0,
                "range": [
                    0.2589,
                    0.2589
                ]
            },
            "Y": {
                "min": 0.66897,
                "max": 0.66897,
                "avg": 0.66897,
                "std": 0.0,
                "range": [
                    0.66897,
                    0.66897
                ]
            },
            "Z": {
                "min": 0.5043,
                "max": 0.5043,
                "avg": 0.5043,
                "std": 0.0,
                "range": [
                    0.5043,
                    0.5043
                ]
            },
            "B": {
                "min": 1.36858,
                "max": 1.36858,
                "avg": 1.36858,