{
    "phase_name": "Troilite_156618",
    "total_entries": 2,
    "phase_parameters": {
        "ESU": {
            "min": 0.16323,
            "max": 0.3726,
            "avg": 0.267915,
            "std": 0.0,
            "range": [
                0.16323,
                0.3726
            ]
        },
        "SF": {
            "min": 1.1e-08,
            "max": 1.0275e-05,
            "avg": 5.1430000000000006e-06,
            "std": 0.0,
            "range": [
                1.1e-08,
                1.0275e-05
            ]
        },
        "A": {
            "min": 5.79828,
            "max": 6.05153,
            "avg": 5.924905,
            "std": 0.0,
            "range": [
                5.79828,
                6.05153
            ]
        },
        "B": {
            "min": 5.79828,
            "max": 6.05153,
            "avg": 5.924905,
            "std": 0.0,
            "range": [
                5.79828,
                6.05153
            ]
        },
        "C": {
            "min": 11.66797,
            "max": 11.96448,
            "avg": 11.816225,
            "std": 0.0,
            "range": [
                11.66797,
                11.96448
            ]
        },
        "Alpha": {
            "min": 90.0,
            "max": 90.0,
            "avg": 90.0,
            "std": 0.0,
            "range": [
                90.0,
                90.0
            ]
        },
        "Beta": {
            "min": 90.0,
            "max": 90.0,
            "avg": 90.0,
            "std": 0.0,
            "range": [
                90.0,
                90.0
            ]
        },
        "Gamma": {
            "min": 120.0,
            "max": 120.0,
            "avg": 120.0,
            "std": 0.0,
            "range": [
                120.0,
                120.0
            ]
        },
        "NA": {
            "min": 81.4473,
            "max": 837.8425,
            "avg": 459.6449,
            "std": 0.0,
            "range": [
                81.4473,
                837.8425
            ]
        },
        "NB": {
            "min": 0.0,
            "max": 0.0,
            "avg": 0.0,
            "std": 0.0,
            "range": [
                0.0,
                0.0
            ]
        },
        "NC": {
            "min": 1001.0,
            "max": 1001.0,
            "avg": 1001.0,
            "std": 0.0,
            "range": [
                1001.0,
                1001.0
            ]
        },
        "P1": {
            "min": 12.0,
            "max": 12.0,
            "avg": 12.0,
            "std": 0.0,
            "range": [
                12.0,
                12.0
            ]
        },
        "P2": {
            "min": 12.0,
            "max": 12.0,
            "avg": 12.0,
            "std": 0.0,
            "range": [
                12.0,
                12.0
            ]
        },
        "P3": {
            "min": 15.0,
            "max": 15.0,
            "avg": 15.0,
            "std": 0.0,
            "range": [
                15.0,
                15.0
            ]
        },
        "U": {
            "min": 0.0,
            "max": 0.0,
            "avg": 0.0,
            "std": 0.0,
            "range": [
                0.0,
                0.0
            ]
        },
        "V": {
            "min": 0.0,
            "max": 0.0,
            "avg": 0.0,
            "std": 0.0,
            "range": [
                0.0,
                0.0
            ]
        },
        "W": {
            "min": 0.0904,
            "max": 0.2477,
            "avg": 0.16905,
            "std": 0.0,
            "range": [
                0.0904,
                0.2477
            ]
        },
        "Z": {
            "min": 0.0,
            "max": 0.0,
            "avg": 0.0,
            "std": 0.0,
            "range": [
                0.0,
                0.0
            ]
        },
        "hh": {
            "min": 1.0,
            "max": 1.0,
            "avg": 1.0,
            "std": 0.0,
            "range": [
                1.0,
                1.0
            ]
        },
        "kk": {
            "min": 1.0,
            "max": 1.0,
            "avg": 1.0,
            "std": 0.0,
            "range": [
                1.0,
                1.0
            ]
        },
        "ll": {
            "min": 1.0,
            "max": 1.0,
            "avg": 1.0,
            "std": 0.0,
            "range": [
                1.0,
                1.0
            ]
        },
        "hk": {
            "min": 0.0,
            "max": 0.0,
            "avg": 0.0,
            "std": 0.0,
            "range": [
                0.0,
                0.0
            ]
        },
        "hl": {
            "min": 0.0,
            "max": 0.0,
            "avg": 0.0,
            "std": 0.0,
            "range": [
                0.0,
                0.0
            ]
        },
        "kl": {
            "min": 0.0,
            "max": 0.0,
            "avg": 0.0,
            "std": 0.0,
            "range": [
                0.0,
                0.0
            ]
        },
        "s1": {
            "min": 0.0,
            "max": 0.0,
            "avg": 0.0,
            "std": 0.0,
            "range": [
                0.0,
                0.0
            ]
        },
        "s2": {
            "min": 0.0,
            "max": 0.0,
            "avg": 0.0,
            "std": 0.0,
            "range": [
                0.0,
                0.0
            ]
        },
        "s3": {
            "min": 0.0,
            "max": 0.0,
            "avg": 0.0,
            "std": 0.0,
            "range": [
                0.0,
                0.0
            ]
        },
        "s4": {
            "min": 0.0,
            "max": 0.0,
            "avg": 0.0,
            "std": 0.0,
            "range": [
                0.0,
                0.0
            ]
        },
        "s5": {
            "min": 0.0,
            "max": 0.0,
            "avg": 0.0,
            "std": 0.0,
            "range": [
                0.0,
                0.0
            ]
        },
        "s6": {
            "min": 0.0,
            "max": 0.0,
            "avg": 0.0,
            "std": 0.0,
            "range": [
                0.0,
                0.0
            ]
        }
    },
    "atom_parameters": {
        "Fe1 (Fe+2)": {
            "X": {
                "min": 0.3791,
                "max": 0.3791,
                "avg": 0.3791,
                "std": 0.0,
                "range": [
                    0.3791,
                    0.3791
                ]
            },
            "Y": {
                "min": 0.0549,
                "max": 0.0549,
                "avg": 0.0549,
                "std": 0.0,
                "range": [
                    0.0549,
                    0.0549
                ]
            },
            "Z": {
                "min": 0.12303,
                "max": 0.12303,
                "avg": 0.12303,
                "std": 0.0,
                "range": [
                    0.12303,
                    0.12303
                ]
            },
            "B": {
                "min": 1.23173,
                "max": 1.23173,
                "avg": 1.23173,
                "std": 0.0,
                "range": [
                    1.23173,
                    1.23173
                ]
            },
            "N": {
                "min": 1.0,
                "max": 1.0,
                "avg": 1.0,
                "std": 0.0,