Time;Epoch;Train Loss;Test Loss;Exp_Diff;Train_1;Train_2;Train_3;Train_4;Train_5;Train_6;Train_7;Train_8;Train_9;Train_10;Train_11;Train_12;Test_1;Test_2;Test_3;Test_4;Test_5;Test_6;Test_7;Test_8;Test_9;Test_10;Test_11;Test_12;Exp_1;Exp_2;Exp_3;Exp_4;Exp_5;Exp_6;Exp_7;Exp_8;Exp_9;Exp_10;Exp_11;Exp_12
00:00:15;1;0.000543601844624804;0.000539453638293132;0.0009102003500276556;0.0005688821686569347;0.0005183703066532788;0.0008154134170168122;0.0005183059114725355;0.0006218103762876126;0.0005017564070922989;0.0005314358491804425;0.0005119204957653975;0.00043813614458734014;0.0006903017453458398;0.00046926707703030183;0.0003376220041776502;0.0005596001662720655;0.0005168838774979916;0.0007614142422069194;0.0005163206200150749;0.0006227625638564837;0.0005101701701531493;0.0005305788659894415;0.0005102345378792409;0.0004354428390889794;0.0006988116969572545;0.0004670479194160928;0.00034417593932734166;4.282007871047437e-05;7.401433725422871e-05;0.004790295526941353;0.001997900009644529;0.00045560433602982443;0.0022867722457673434;8.849794948376366e-05;0.0003378180769905825;0.0004675488853393393;0.0001668018403390323;0.00012848464587758468;8.584626795381612e-05
00:00:30;2;0.0003439330251405243;0.0003457647819024853;0.0003705668680041426;0.0002747150042110165;0.0005102535091778423;0.00041236075520084177;0.00039267298930925875;0.00036781322683054896;0.00037283182177816343;0.00024258840812763083;0.000328502758706732;0.0003422788123233741;0.00035602056577359195;0.00032738568312528184;0.00019977265608097448;0.00027961856807151786;0.0005238453542247792;0.00041025706649392465;0.00039838389103017937;0.0003589407549699462;0.0003743507710353271;0.00024104909602953474;0.00032624307927038945;0.0003379649418933742;0.0003581217394720268;0.00033332335654369117;0.0002070786075922955;8.066931818675002e-05;5.861320507640158e-05;0.000992030741482729;0.0003843010124659545;0.00013114546704424233;0.0017269495896623992;6.305610164144195e-05;5.852285588057439e-05;0.0006250939015180396;0.00010961852016889969;7.00923014574252e-05;0.00014670940146485156
00:00:46;3;0.0002543801428022231;0.00025375561989089354;0.00035660979753802236;0.00022364446358964912;0.000276035820165403;0.0003067724529211608;0.00024009105389020326;0.0002736558308656227;0.00025904481681622696;0.00015191736301031514;0.00028511814321063866;0.000245002685377668;0.00014318651310738707;0.00024087060271747097;0.00040722187457669696;0.00022575809528956875;0.0002777860452026082;0.0003062036108369998;0.00023824079209036796;0.00026667078800758794;0.0002599536747777764;0.00015266724931049645;0.0002804850758631018;0.0002464723028758352;0.00013875954939550543;0.0002396143215805693;0.0004124558435699938;7.31603513861172e-05;5.435454224127655e-05;0.001205697943574803;0.0006556424873737439;0.00010393624144673502;0.001491188924445261;6.747009361411169e-05;0.00011515387111753825;0.0003242954348435553;7.632032357561045e-05;3.5699806311064586e-05;7.639755052645366e-05
00:01:02;4;0.00021340254926888684;0.00021580353237782851;0.0003455117679451824;0.00017490206926140672;0.0002768879214313942;0.00024924219860622543;0.00020097771207681282;0.00023856544275572972;0.0002025561277502096;0.0001524172583706538;0.00021486232970925232;0.00021364070388782156;0.0002492734379922529;0.0001964875676053039;0.0001910177566783618;0.00017759208110620892;0.00027508412442122927;0.00025233537064794497;0.00020444434953269938;0.00023640133679956433;0.00020560331876931973;0.00015393001081928894;0.00021276320901823147;0.00021638869638761058;0.0002536142688492148;0.00020261727957956822;0.00019886826321223304;4.503474473129772e-05;5.510071835951195e-05;0.0015054103099187244;0.0007664737767886886;8.119630793834816e-05;0.001001695448815296;6.830550008080735e-05;6.69379841039618e-05;0.00035777576224175367;6.570217875256002e-05;3.0216468082493735e-05;0.00010229201552874565
00:01:17;5;0.00018259560612353778;0.0001825411149000018;0.000404601785648604;0.000175536195766571;0.00021561973558577435;0.00030630347365248866;0.00018338589943182754;0.0001815468588740094;0.000164125437446604;0.00014257485644396763;0.00020720783370300276;0.00018134712574506423;0.0001354379632878342;0.0001576606959216323;0.00014040113528194937;0.00017385135868584878;0.00021494044520733053;0.00029914328534468487;0.00018150175135447114;0.00018558563013219192;0.00016663484371125793;0.00014129716837027145;0.0002073107056667486;0.000182209366967878;0.00013734535715701884;0.00016053305453284867;0.00014014036175087567;3.9547853829228057e-05;2.4178204485269362e-05;0.002727468684311981;0.0007487664249062245;4.1878436944753526e-05;0.0005729275313637109;4.9166831820374343e-05;0.00010754894924591795;0.00030950758709762214;5.3320381262549544e-05;3.314021850768878e-05;0.000147770324007927
00:01:33;6;0.00017305727762752875;0.00017369515133603135;0.0002140927510255908;0.00024189417396511007;0.00019832050330395842;0.000176082995432642;0.0001499554845994763;0.00016933651528978027;0.00019059492789934168;0.00010109962584630756;0.0001754947652236958;0.0001935652982700214;0.00018841808848306258;0.00014490235255173255;0.0001470225389539337;0.00024681599627254835;0.00019817389444672044;0.00017386452918223848;0.0001530800811589778;0.00016573575335257108;0.00018731090529376781;0.00010595251467149657;0.00017275234803710652;0.0001928577511983959;0.0001867579180552754;0.0001489464156742243;0.00015209364246862906;2.0802405760873525e-05;3.470854810105826e-05;0.0008021616074927182;0.00029439007377135475;7.691255885671236e-05;0.0007901364552532604;6.074835494875696e-05;5.1636074274278424e-05;0.00025683791452759037;5.400199830933463e-05;2.5499912602156057e-05;0.00010127710840899676
00:01:49;7;0.0001663621266578213;0.0001660720668099467;0.0002149287211889244;0.0002944664302876018;0.0001515395696597724;0.00015488503932333103;0.00013729818577055332;0.00022573507814368813;0.0002009144481317807;9.802896032211224e-05;0.00021733629600103913;0.00014941458719228896;0.0001378630314961397;0.0001226794112199059;0.00010618442803950694;0.0002959077106494032;0.00014857781750350437;0.00015026304247874555;0.00013568711921512267;0.00022376034721213427;0.00019976511874672355;9.725147049986062e-05;0.0002173794961395921;0.00015076877697757033;0.00014236133832623004;0.00012440993562944918;0.00010673255489069285;1.641153190984789e-05;3.130040230288612e-05;0.0007737482925955745;0.0004152233177451803;0.0001128241204927566;0.0007477665406871075;4.663282283615976e-05;6.94529695803565e-05;0.00018721086492236763;4.851232776953044e-05;2.325357994337495e-05;0.00010680788348195004
00:02:05;8;0.00013272799690805022;0.00013289967696609778;0.00042208462248848863;0.0001287150568135654;0.00015060496368526154;0.00017521778187818364;0.00014868390810947446;0.00012342335122122512;9.97954302099722e-05;0.00011074677226474705;0.00013619708686912253;0.00013546270425153622;0.00017877985286221784;0.00011901572312663947;8.609327894439709e-05;0.00012852959996133547;0.00015254984059020335;0.0001689808635126587;0.00014616562553852372;0.00012362148854778372;9.873643745167204e-05;0.0001130568236038914;0.00013422631751451217;0.00013861421444468034;0.00018225933198192263;0.00012038843722828321;8.766708915457837e-05;2.0720306381181708e-05;2.3800716547634266e-05;0.002560556914501322;0.0016138489428012151;6.266122916343485e-05;0.0004219857795431215;3.1973341444165924e-05;6.339900940739483e-05;0.0001220248569943137;3.7625599289050466e-05;1.7286079895903475e-05;8.913269389312349e-05
00:02:21;9;0.00011511577958406798;0.00011610149384160891;0.00010789952302730015;0.00010027018721943519;0.0001165794564444282;0.00012439138611791185;0.00010038379478125783;0.00012559711317614776;8.20510203942087e-05;7.469325945728336e-05;0.00013052990856398208;0.00017676242798229808;0.00012606287315396582;9.803548395191022e-05;0.0001260324091948529;0.00010287700017584087;0.00011785345592630344;0.0001222664978291804;9.942937690596674e-05;0.0001282786286975363;8.055311452694638e-05;7.815824334746922e-05;0.00013094632475580903;0.00017398181706637474;0.00012695273913846858;0.00010084836050069336;0.0001310723226980153;1.733077024300597e-05;2.8995386751826968e-05;0.0004963649784087275;0.00015424527192657724;5.271479835805902e-05;0.0002290484292893253;3.529116226178655e-05;5.993780261263074e-05;9.938962168019226e-05;3.176804957171589e-05;1.4462204610216e-05;7.524580061353886e-05
00:02:37;10;0.00011772495503753981;0.0001182544852505273;0.00010370951199977689;7.188794425226e-05;0.00012633183060147118;0.00011967516749419619;0.00010057493475621662;9.508596164406217e-05;8.780332497467084e-05;6.682181274765175e-05;0.00013030136439469558;0.0001808407291615698;0.00010403309508691646;0.00016254964463190515;0.0001667936165135457;7.351388258835937e-05;0.00012651255954413592;0.00011704705887300233;9.986403589048482e-05;9.600584603561666e-05;8.69938426782212e-05;6.798038636208983e-05;0.00013039263589396081;0.00018099891729181326;0.00010905934894115581;0.00016564119804674123;0.00016504407098113052;1.988392573589305e-05;3.434622043949285e-05;0.0005688906928837328;0.0001423675078567084;7.583528164205483e-05;0.00013820156081296227;3.142204532387508e-05;5.234857752603103e-05;7.830511586476105e-05;2.679388009754917e-05;9.137197157824613e-06;6.698213865643775e-05
00:02:53;11;0.00010214640478393862;0.00010269279521742624;9.258265806157579e-05;6.99308913257565e-05;0.00010735475542457029;0.00015186583437877164;9.965794757507948e-05;7.88176134795487e-05;9.04827305031507e-05;7.75083159189969e-05;0.00010000339636917488;0.00010221884395956626;0.00016352194722912827;7.989890651639475e-05;0.00010449564674982784;7.182883886735345e-05;0.00010630112753656422;0.00014767375481064443;9.960680605977762e-05;7.827434962529901e-05;8.909880567512982e-05;7.986260763711379e-05;0.00010187341371120862;0.00010522843725003798;0.0001675121816275995;8.131389390482698e-05;0.00010373930126661435;1.863597568069321e-05;3.9993620074141916e-05;0.00028332966639965667;0.000115217280170445;6.139443771883897e-05;0.00033915618904821666;3.986959362145896e-05;3.725398731832653e-05;7.469787674817897e-05;2.8705873308173797e-05;8.37734019786492e-06;6.436005645291374e-05
00:03:08;12;0.0001006557887835284;0.00010160358288897131;9.49771324248995e-05;8.12450527508769e-05;0.00012030941346355658;9.164654096077192e-05;8.136697211243286e-05;0.00010289266149563694;0.00010770352313536272;8.189914747059778e-05;0.00010086918290529535;0.00010568486405046232;0.00018357898941510277;8.67632027114434e-05;6.390988720154796e-05;8.27266272217112e-05;0.00012031318338019066;9.110005689590368e-05;8.286230292435016e-05;0.00010320290058661146;0.00010520883425451296;8.199339056692582e-05;0.0001025499586830847;0.00010891561018807013;0.0001860394493840293;8.817185309591786e-05;6.61587869620269e-05;1.9272634707851765e-05;2.3268536419587682e-05;0.000301007117904664;0.00011795528277323471;8.886218376884905e-05;0.0003103319430339026;4.016541400086586e-05;5.1723412812571445e-05;9.177134911866459e-05;2.2430505740561128e-05;8.147723888654833e-06;6.478948492938619e-05
00:03:23;13;0.00011032717004995489;0.00011067131128607176;8.091677654228136e-05;0.0002683823203245662;0.0001476653073330619;8.76359743167334e-05;0.00010758800245660247;6.966309923551638e-05;0.00011067324377542967;5.945502409138664e-05;0.00012725941298247727;0.0001354007462168738;8.393630224645676e-05;7.469804436058521e-05;5.1568534285128074e-05;0.0002732098119516114;0.0001468514633818848;8.759085853220128e-05;0.00010554108229359682;6.815096276113763e-05;0.00011280650137393158;5.751948145511442e-05;0.0001273763974276784;0.00013674474877594156;8.546505604142653e-05;7.508258006308534e-05;5.171675596252095e-05;1.6032812044451428e-05;2.1169814005715802e-05;0.00037219881022378424;0.00012793679262802438;5.772670765669445e-05;8.003298894595243e-05;3.118774235792521e-05;5.711082223905966e-05;0.00010321901529032027;1.8237227994651172e-05;7.916903353672253e-06;7.823168176712506e-05
00:03:39;14;8.502290142008529e-05;8.654139314842988e-05;8.438880860009875e-05;5.462284380283481e-05;7.928712324201115e-05;0.00015228411168457322;9.885112332209577e-05;7.452417665118364e-05;6.444021174316235e-05;0.00014078828235142282;8.673297024973759e-05;8.691870347506251e-05;4.579988501518528e-05;6.093591845125378e-05;7.508943575761474e-05;5.707386699674616e-05;8.18884018141794e-05;0.00015472816237059857;0.00010223946732297964;7.710832855818924e-05;6.331631940858781e-05;0.00013704209948029323;8.726684830469799e-05;9.004742029982123e-05;4.7764406190253794e-05;6.253129847405208e-05;7.749007263440415e-05;1.8532551552927135e-05;2.0200179994679947e-05;0.0004673563940190156;0.00010102334061023515;5.734036881115137e-05;0.00011063310721573359;2.211523651857891e-05;4.537596445084832e-05;7.215572360868781e-05;1.535237850910393e-05;8.625991277180955e-06;7.395446663304276e-05
00:03:54;15;7.623208338972373e-05;7.716404834815265e-05;9.06410586756624e-05;6.114411839710307e-05;0.00014833739888589744;6.713398207900603e-05;8.018649599379883e-05;5.504150431596083e-05;0.0001125568015926216;4.410638926928682e-05;8.591824052411374e-05;8.774005733481648e-05;4.623765850779323e-05;8.216365044042753e-05;4.421867326827437e-05;6.302681494956613e-05;0.00015234925256986053;6.877934149226257e-05;8.10127311052395e-05;5.41025959977606e-05;0.00011010696563303847;4.173215170397535e-05;8.970909863209375e-05;8.863242213390296e-05;4.793179088457829e-05;8.367449914612158e-05;4.491087466830541e-05;1.7255121050154224e-05;2.4377051385415654e-05;0.00030693338498792615;0.00022222902715370583;5.298302705968734e-05;0.00026063136927413725;1.935678169244642e-05;3.428707448978519e-05;5.822875894604381e-05;1.569159577575354e-05;1.0483157588947747e-05;6.523635470394536e-05
00:04:09;16;8.552651001991762e-05;8.716456648448624e-05;0.00018088779265876804;5.666975317291706e-05;0.00018687538081187748;8.986645154478042e-05;7.997746624513721e-05;6.678563665797232e-05;7.177541834318453e-05;7.214751241752475e-05;8.461545564841799e-05;0.00010594624510221448;4.003671065788694e-05;0.00011688870494129911;5.4733352364812824e-05;5.8948764259944656e-05;0.0001899539791430712;8.917350756355172e-05;7.998734831226448e-05;6.83237969635137e-05;7.038065100632478e-05;7.32800084434426e-05;8.675165418601784e-05;0.00010985761147384426;4.371030005546069e-05;0.0001203003047510121;5.53068454757545e-05;2.215903580842217e-05;4.2499938088369524e-05;0.0014186657536483635;0.00033672650584095455;4.9164844082927664e-05;7.918173315756976e-05;1.873083423412126e-05;4.3848194360076445e-05;8.015663575530377e-05;1.1412894809709225e-05;6.493124713959339e-06;6.161401740543982e-05
00:04:25;17;7.609834157888558e-05;7.689274870348458e-05;7.146071019682623e-05;4.516742444076788e-05;8.479790640918013e-05;6.206099287841094e-05;0.00014518577766218434;5.9055768660569314e-05;8.146999419977874e-05;4.109099033009691e-05;9.694622660948549e-05;8.249701147633459e-05;3.8065387147153985e-05;0.00011925396862269818;5.758862111158371e-05;4.6315182518373136e-05;8.769043622895061e-05;6.260847543142265e-05;0.00014554688252384857;5.572503459340704e-05;8.116766129424383e-05;4.1187704758883654e-05;0.00010010295383974062;8.186617924366146e-05;4.022046432740503e-05;0.00012232343965767046;5.795854174928398e-05;2.534801016152684e-05;1.7965197093663318e-05;0.0002997310191230702;0.0001025981752883605;6.082031054641492e-05;0.00011803539957951079;1.922086871822441e-05;4.2693014566781476e-05;7.869452694548126e-05;1.1255697318707029e-05;6.541478086801477e-06;7.462482493337281e-05
00:04:40;18;7.378410801224659e-05;7.444128406652592e-05;5.544054929035188e-05;4.780975337904568e-05;0.00010006838836964313;0.00012424525093799522;9.058401503704194e-05;9.245962892960465e-05;5.016371262265486e-05;6.523375324976851e-05;8.106082465143449e-05;8.069899971794506e-05;3.514342676618815e-05;6.017593899927802e-05;5.776557478301666e-05;5.114703692268887e-05;9.800745948855883e-05;0.00012280299295848118;9.142597305589897e-05;9.063053235140499e-05;5.0423393618017786e-05;6.496141374750723e-05;8.344714241721255e-05;8.255457338881443e-05;3.643183912042988e-05;6.157538486656415e-05;5.988763098949802e-05;1.819890085548895e-05;1.627629047183243e-05;0.00014364589326367776;0.0001558086646928845;8.559030685020043e-05;7.000079321884337e-05;1.8663844653401117e-05;2.990962232961335e-05;6.283610860165801e-05;9.386861879311789e-06;4.983179492197716e-06;4.998612517511314e-05
00:04:55;19;6.444660667946003e-05;6.475581332917408e-05;6.608461220669787e-05;4.292430978900732e-05;6.299240374635866e-05;8.29706036814638e-05;6.31053043879216e-05;4.968971870766836e-05;9.168204844523974e-05;4.0550557840064854e-05;5.527287045093875e-05;0.00014433987798218533;4.681995119684953e-05;4.371361734973272e-05;4.929798959613601e-05;4.45396914833912e-05;6.446559670126313e-05;8.436807635191627e-05;6.354817825139654e-05;5.059393453525963e-05;8.914625555640853e-05;3.964318729450048e-05;5.7645635554107214e-05;0.00014142991195409264;4.756188101527175e-05;4.484216968861962e-05;4.928521112457089e-05;2.3098744749620872e-05;1.657223263129004e-05;0.00015518779648329237;0.00013170794456758084;7.639248280975162e-05;0.0002201984934541877;1.591469585433366e-05;3.0210558595932524e-05;5.311049866786699e-05;8.310329976493847e-06;5.204491677193953e-06;5.710707701283019e-05
00:05:11;20;7.349977626993429e-05;7.515824090430065e-05;6.333051224908625e-05;7.454763186842683e-05;6.695747046333881e-05;9.489071616351133e-05;8.16582782218492e-05;7.502603058769223e-05;6.551470587820322e-05;4.306048882602392e-05;0.00011907329694209197;6.175635686324974e-05;4.4561539676186094e-05;0.0001137227939125296;4.122797450763342e-05;7.813328096445627e-05;6.91473165094481e-05;9.715874385401088e-05;8.194747167607014e-05;7.614661228240326e-05;6.62846747978113e-05;4.244307453944525e-05;0.00012293168908365283;6.354135372550698e-05;4.469690072796708e-05;0.00011734024192725272;4.212749938025947e-05;1.7718975118530375e-05;1.8612512797628163e-05;0.00024062424513256233;0.00014692023124355564;0.00010127745756815412;8.140981679618998e-05;1.5783137699059804e-05;3.620588498866492e-05;3.8745201818860034e-05;1.0474655429144801e-05;5.183986125071913e-06;4.701004227161294e-05
00:05:26;21;5.735992505151444e-05;5.769840139738001e-05;7.188429437659975e-05;3.4687094964428155e-05;5.64324411543153e-05;5.4832968167126886e-05;5.383510230413694e-05;4.2441902967931874e-05;3.627289786901532e-05;4.297763369074594e-05;0.00016434738894200893;7.19810589140996e-05;4.116852806584409e-05;5.2895331694199655e-05;3.644673458325087e-05;3.5765830633161246e-05;5.640571350651746e-05;5.556265944195027e-05;5.4533204415229536e-05;4.1765399698847375e-05;3.632770593740824e-05;4.10469765944371e-05;0.00016464413065592982;7.168205475760329e-05;4.223306205870047e-05;5.485288134946995e-05;3.756117941428542e-05;2.445820467963649e-05;1.7544361013033487e-05;0.0003142404023192054;0.0001591821548447936;5.947916309493814e-05;0.00010618012213241376;1.09331921547808e-05;4.621265717722702e-05;5.728683574412492e-05;6.414608194195033e-06;6.279906652781112e-06;5.439992451206712e-05
00:05:42;22;6.33699300723575e-05;6.403933495468802e-05;5.5877002816577226e-05;4.3618632381801284e-05;8.26881994271389e-05;4.9763662476917404e-05;5.6652917511324965e-05;8.49027778816559e-05;6.105942523762761e-05;6.422999486362228e-05;5.64449900366526e-05;5.3520982656994996e-05;3.5349090810851436e-05;5.255289467889022e-05;0.00011965556814175216;4.496849815731815e-05;8.307949817979625e-05;4.991478810920911e-05;5.705059567522376e-05;8.78338765756734e-05;6.108255478512213e-05;6.184369883584035e-05;5.806442572111912e-05;5.4822359029631e-05;3.641384947640509e-05;5.422876474076935e-05;0.00011916908233270308;1.929384988865446e-05;1.953737882589142e-05;0.00023573299799947868;0.0001001876049163449;7.540231124941305e-05;6.968417828147264e-05;9.654991661469e-06;2.1153073043164554e-05;5.9622978116059954e-05;5.914637851731404e-06;4.70291708708636e-06;4.9637114878160295e-05
00:05:59;23;4.7908078484355926e-05;4.806064302838537e-05;0.00024677273761853816;5.555449969950711e-05;4.736640396045418e-05;6.689495270703364e-05;6.790788316896561e-05;3.6405321289769496e-05;4.467012893304524e-05;3.554410889964029e-05;5.735676324485956e-05;6.03260404752539e-05;3.46642534209836e-05;3.6903410065488885e-05;3.130316320659238e-05;5.725601548402676e-05;4.821394837632351e-05;6.438635793091623e-05;6.736432366283858e-05;3.596378712844151e-05;4.3798374302045714e-05;3.501609139272625e-05;5.912038125908238e-05;6.0320079602563424e-05;3.632008556911687e-05;3.670912503619985e-05;3.225912849855008e-05;2.3376003098211437e-05;2.461130819147736e-05;0.0014562679986679797;0.0011249552652826266;7.862923176880826e-05;6.882212102403533e-05;7.812415882481789e-06;6.541516511593377e-05;5.1444555616723045e-05;3.99355778269538e-06;5.2616733036392915e-06;5.068355568784623e-05
00:06:16;24;5.5222063141710265e-05;5.5626461991916496e-05;0.0001111514288238158;7.429139446912814e-05;5.885727874887049e-05;6.109804742105884e-05;5.5321124069574914e-05;3.49984099546997e-05;3.102588564729558e-05;8.469156135375174e-05;5.22624583202907e-05;6.106262829193425e-05;3.647150094045835e-05;7.487956601049849e-05;3.7704887680754176e-05;7.806890775837135e-05;5.972254724769346e-05;5.91689419672571e-05;5.5833771707684604e-05;3.611065873388449e-05;3.087496123596425e-05;8.039471780464254e-05;5.5014938661309926e-05;6.094177665602993e-05;3.724209618437122e-05;7.564120755023972e-05;3.8503002922626836e-05;2.5968323771588603e-05;3.177632336070985e-05;0.0007209353764159009;0.0002626727497230016;6.553889191281488e-05;6.482738938883862e-05;8.71129795077655e-06;3.286604747941124e-05;5.9717066181956174e-05;4.640039808998345e-06;5.14174624007914e-06;5.1021893651713697e-05
00:06:32;25;4.536656804144844e-05;4.616682615707322e-05;6.051247299656504e-05;5.029927278986758e-05;5.2914589875027474e-05;4.7988150547759936e-05;6.563910341128576e-05;5.1345724402422505e-05;4.6191207342293304e-05;3.5958025697689e-05;5.149875705063261e-05;5.0751755602298296e-05;2.8900852397968762e-05;3.266130255497046e-05;3.0250060074298414e-05;5.1884993555649076e-05;5.456898002251629e-05;4.997202092995336e-05;6.695198330989908e-05;5.312377880393716e-05;4.4967590573706514e-05;3.3900536344603256e-05;5.399909515532111e-05;5.166865073850296e-05;2.984330608399697e-05;3.265902324540237e-05;3.0461939314602803e-05;2.5592678524918013e-05;2.473916521344654e-05;0.00019708807228678842;0.00012934230629026738;0.00010325315827874761;9.246541007807343e-05;9.526835488234382e-06;2.8842613016754914e-05;5.399940594656039e-05;5.4876669808636094e-06;4.537400602851452e-06;5.127496325127428e-05
00:06:47;26;5.213567438679754e-05;5.1322749871510095e-05;0.00022384532656797554;3.456040473472719e-05;4.063347545917912e-05;0.0001362387420778594;7.09041710458471e-05;3.4584258615537195e-05;3.489918125606809e-05;4.741323487358138e-05;5.013811096949377e-05;6.445818290888961e-05;2.5550243708235858e-05;4.968672700494442e-05;3.656134393540097e-05;3.5214051249683125e-05;4.168300339314774e-05;0.00012994011360459336;6.998250618484166e-05;3.451778137545422e-05;3.4112817427486805e-05;4.519594245099557e-05;5.055794500100391e-05;6.075902490897245e-05;2.659072135107244e-05;4.961505993965666e-05;3.7704015165770756e-05;2.282846583640129e-05;3.5608762090992975e-05;0.0018195242376378073;0.0005320929238709738;6.0167198810985966e-05;5.21097506318101e-05;7.4165095011215015e-06;3.8907618484460714e-05;5.874582672000851e-05;4.060123763242861e-06;6.810030918095891e-06;4.787247054980466e-05
00:07:03;27;5.757976466921636e-05;5.819774967768595e-05;7.159804260606162e-05;7.803528532948886e-05;4.1563899021536024e-05;6.824463053528069e-05;6.099780035190799e-05;4.9786351597318074e-05;9.648031403292572e-05;2.9818474207455768e-05;0.00010789188062496827;5.727070903948185e-05;2.9479493052390765e-05;4.280517751195393e-05;2.8583142521783472e-05;7.997733217375235e-05;4.1653306963573554e-05;7.059410770896739e-05;5.980720508680089e-05;5.058372231429484e-05;9.340892335520821e-05;2.8427193315052782e-05;0.0001126535524558158;5.8641301033667676e-05;2.973144942591751e-05;4.375907208875877e-05;2.913582086219759e-05;2.2856327946292087e-05;1.6169526456449995e-05;0.00029673855481880814;0.0001761973435990125;7.127106493633218e-05;9.076844204316327e-05;7.2973326971126816e-06;8.340273397736336e-05;4.381524723782328e-05;4.827597105228578e-06;4.514499910713152e-06;4.131784054444041e-05
00:07:19;28;5.5048791115165265e-05;5.540851625367775e-05;8.484557290153058e-05;4.2615907212641766e-05;6.45572367003214e-05;9.328399968663606e-05;5.940516943135001e-05;3.465169284957235e-05;3.0446301720262042e-05;4.476926706202407e-05;6.105460087982547e-05;4.664082754340432e-05;2.8300997791254964e-05;3.6366449121901084e-05;0.00011849302813971008;4.264895185862102e-05;6.617515049860046e-05;9.002423652004203e-05;6.053167564022249e-05;3.531653288242708e-05;2.9492311678271257e-05;4.574733006099646e-05;6.23410346231105e-05;4.7713880973523246e-05;2.983931978023169e-05;3.685627989743577e-05;0.00011821547128949786;2.7228714532480504e-05;2.4616135433071353e-05;0.0005807830912618415;0.00012435566404402085;6.355512143564696e-05;5.311389355944916e-05;6.569617255570175e-06;1.8852344520113998e-05;7.07464381185276e-05;4.46108802846026e-06;5.036323591167597e-06;3.882844303801657e-05
00:07:36;29;4.85765603302339e-05;4.907567102846666e-05;5.651875684017638e-05;3.65927757415689e-05;4.435844440887525e-05;4.402134531357081e-05;7.553003070949093e-05;3.25716520008386e-05;0.00011991956083337837;3.6844782773538434e-05;4.4012500508601576e-05;4.54433828606811e-05;2.7465945676526232e-05;4.329588560381126e-05;3.286240357557414e-05;3.767813923562393e-05;4.748412582649749e-05;4.548535223046754e-05;7.622242403066352e-05;3.2645347726176185e-05;0.0001166218136882268;3.5829108853675604e-05;4.5598564104728186e-05;4.589588215937131e-05;2.8406318086103676e-05;4.400549755988737e-05;3.303546297582768e-05;2.868718315409632e-05;1.7919656554042794e-05;0.00010593747765240801;9.521495429789182e-05;8.629418523605758e-05;0.00019733301632357582;5.648610110785571e-06;2.4505463007638587e-05;6.495028027346925e-05;4.2965913662517576e-06;5.550430477419231e-06;4.1887233628479756e-05
00:07:52;30;4.7735625984883384e-05;4.838391852232074e-05;7.857315845786148e-05;7.020369932061757e-05;4.539567486651983e-05;5.185963035811173e-05;5.529902667107804e-05;3.270786281461824e-05;5.038669013918645e-05;3.8035081562849306e-05;4.840702775833382e-05;4.506970230202321e-05;2.5203343443277763e-05;4.097362745689927e-05;6.928612966496736e-05;7.280115326615993e-05;4.656484346509663e-05;5.070871274359819e-05;5.615421409108617e-05;3.354321665650372e-05;4.9385100674389604e-05;3.6409689804529506e-05;5.039907907153468e-05;4.599297313642971e-05;2.6935822507432852e-05;4.2700994411841493e-05;6.901121001716046e-05;3.2158250875471716e-05;2.196395824987742e-05;0.0004330096864950334;0.00014445887424677228;6.515944471453654e-05;8.780607299130693e-05;5.360793270358216e-06;3.113800772850982e-05;6.47500032483023e-05;4.171624119100028e-06;5.32962386934404e-06;4.7571561685725494e-05
00:08:09;31;4.5527680878297936e-05;4.615614855112331e-05;4.3276004115226e-05;6.122042309832729e-05;9.935890842495031e-05;3.9675830454267604e-05;4.9920470913052256e-05;3.354374113552115e-05;2.7568871305757884e-05;4.463229519108774e-05;4.615012770676169e-05;4.0774924273860464e-05;2.5739214265740884e-05;3.536380382291265e-05;4.2383548167828685e-05;6.311404824741715e-05;9.845501206862398e-05;4.173173725069353e-05;5.0635365587828645e-05;3.485634580919154e-05;2.741232177108538e-05;4.276265632211971e-05;4.682858189316673e-05;4.233877608166489e-05;2.6398976290152007e-05;3.732179069215184e-05;4.2018157947046646e-05;2.2760832706386587e-05;1.6943498052551184e-05;0.00013535605880778974;8.643705551875631e-05;7.453525844665697e-05;4.666607449278398e-05;5.944615744222037e-06;2.500840771126557e-05;4.8618378505126324e-05;3.046882790511454e-06;5.3573183611573156e-06;4.863766824550443e-05
00:08:25;32;4.137896151364244e-05;4.1810409440379e-05;4.4372640753027386e-05;4.1526920437139445e-05;3.614087717871619e-05;5.8499456710850694e-05;4.778153111508552e-05;2.5936396944168585e-05;3.7665993934348826e-05;3.202520367231252e-05;4.930835467575889e-05;4.93812817720399e-05;3.5961283768673724e-05;5.205386772321287e-05;3.0266354002606022e-05;4.303313863037826e-05;3.606361402673912e-05;5.937658062077988e-05;4.725897497913057e-05;2.6475393784908825e-05;3.693097117124862e-05;3.095018672854478e-05;5.15288725470287e-05;4.898620106440474e-05;3.847173693544921e-05;5.2892112866105935e-05;2.975711002455924e-05;2.62395766469092e-05;1.7061988377865234e-05;0.0001356747569918784;9.383447269349732e-05;7.045591292658497e-05;6.658727318932028e-05;6.4661158118859716e-06;2.459250431490872e-05;4.35989464717863e-05;4.854090397995662e-06;5.56240559275012e-06;3.754364562094612e-05
00:08:41;33;4.53505885605988e-05;4.598796764599407e-05;9.940755623468404e-05;3.0983598347492347e-05;4.8501654775505315e-05;3.9644521313613787e-05;0.00014090503467720984;2.9223054928644903e-05;3.2682241593110206e-05;3.508680181079688e-05;4.7400947452884296e-05;3.9096557419394564e-05;2.944876074066501e-05;2.429908643493532e-05;4.693478938768501e-05;3.216852454425873e-05;4.860772550492135e-05;3.966089485701663e-05;0.00014165317784490866;2.9915437590727977e-05;3.353190048165985e-05;3.389816056024077e-05;4.9478505411858764e-05;3.9417117604207763e-05;3.058804423180615e-05;2.4724874688390513e-05;4.8211236286148006e-05;2.9250537896304236e-05;3.8021862258437266e-05;0.0006751592979949649;0.0001858211711681802;7.086030454558993e-05;4.195556329510089e-05;4.473718317244778e-06;3.9058888298402606e-05;5.987594157549858e-05;3.9675491008723715e-06;5.220279278016146e-06;3.9225561087596474e-05
00:08:57;34;4.642693009641748e-05;4.729506672217063e-05;0.00014010196736689067;2.7450304119466555e-05;4.17095603262913e-05;4.751753065141367e-05;4.542837202786193e-05;3.538994546013121e-05;2.8576903487605293e-05;2.3705468561533134e-05;6.157510832529376e-05;3.674568708075557e-05;2.2093081879988446e-05;0.0001530478927572238;3.388329202183823e-05;2.8670518007903077e-05;4.2118187651150165e-05;4.873222851414009e-05;4.587176169215e-05;3.650368563296668e-05;2.8230304865879773e-05;2.1999343585729882e-05;6.332503770967309e-05;3.8249442016571774e-05;2.2730540923142064e-05;0.00015659679204101757;3.451294404943768e-05;2.5115156165313194e-05;3.100574935812854e-05;0.0007435727704587841;0.0006053250524619924;8.425955365745217e-05;6.405858677633251e-05;5.158651818877322e-06;2.113870234970239e-05;5.058499518118132e-05;3.2302603129904486e-06;5.319178380603744e-06;4.2454951481330286e-05
00:09:14;35;4.4958550900405086e-05;4.592319090056374e-05;6.190327840081302e-05;2.9016303415119182e-05;4.0970039727674454e-05;4.019385067460296e-05;4.563092410979731e-05;3.210743879445875e-05;2.243470088361929e-05;2.8169583678370394e-05;6.116859151203161e-05;3.5748013547473335e-05;3.5626913303458835e-05;9.663686683387078e-05;7.179937108503509e-05;3.0403964829710724e-05;4.1984142684024064e-05;4.1945900918534205e-05;4.6366668161508756e-05;3.364169341567285e-05;2.186282451671277e-05;2.7980026590993005e-05;6.31126648484128e-05;3.797897650518372e-05;3.606778409448452e-05;9.737194295091365e-05;7.236168809718441e-05;2.6671372873572465e-05;2.8768945463070254e-05;0.00027613699565980435;0.0001498062510467313;8.615386085734929e-05;5.2494864697156924e-05;4.563480185617467e-06;2.2901470697797105e-05;4.975752663861934e-05;3.485007083238192e-06;5.006148518332821e-06;3.709341708846696e-05
00:09:30;36;3.795651860565902e-05;3.8219912910997524e-05;4.8573477148334384e-05;2.624747168056274e-05;3.66512136338315e-05;3.681593659621285e-05;5.936395826531473e-05;3.391339565956225e-05;2.3996545121721365e-05;3.1349894837520963e-05;4.827220760716955e-05;5.238035217044771e-05;2.16577018841752e-05;2.67471378663231e-05;5.8082393784595546e-05;2.7211497489346746e-05;3.654465401752209e-05;3.791662891648851e-05;5.9458212858829296e-05;3.495583891142101e-05;2.3446893925510372e-05;2.9686398262082882e-05;5.0135850029573124e-05;5.137046661465193e-05;2.195367244583602e-05;2.6959527554314677e-05;5.8999299676830974e-05;3.148554037423296e-05;4.007341882460785e-05;0.00015869422302137618;9.047175544552837e-05;7.304409964870716e-05;5.299150872736425e-05;4.91089271051345e-06;2.0048600857060896e-05;6.359878961064931e-05;2.762592437365925e-06;5.411363136832542e-06;3.9388940985773896e-05
00:09:46;37;3.676558332120873e-05;3.74400505613347e-05;5.37146832887493e-05;2.8286916504653576e-05;3.3719201693119515e-05;4.851305890631672e-05;4.2540460270856784e-05;3.978860585944362e-05;4.550561749283588e-05;3.885056455033009e-05;3.758833417515978e-05;4.413813893610165e-05;2.7490873276550783e-05;2.443263853086302e-05;3.033257464385935e-05;2.911541235369418e-05;3.430319099342215e-05;5.0367684788041146e-05;4.323683198798548e-05;4.203039118036469e-05;4.647531022783369e-05;3.712414386254865e-05;3.8440840018919046e-05;4.488788729333142e-05;2.779208469153765e-05;2.4644358987482322e-05;3.0862457894232375e-05;2.8145653165099422e-05;1.4960591849091304e-05;0.0001392586717082462;0.00010131106718901838;8.75149777286621e-05;0.00013204505097865385;5.166458505515537e-06;1.146259377390057e-05;8.055745709829934e-05;3.652611964418257e-06;5.91174796683935e-06;3.458931753724735e-05
00:10:02;38;4.952286974974579e-05;4.996581743928144e-05;6.994427530681895e-05;2.9406772884240954e-05;3.106171074695009e-05;3.982190892770632e-05;3.596443069010423e-05;0.0001671929161065319;4.717558120794572e-05;3.7835674233251254e-05;6.307883418540686e-05;5.953462384023954e-05;2.993724946520615e-05;3.060974419032515e-05;2.2654976486468183e-05;3.0181659112022778e-05;3.168476032902917e-05;4.1583072674303036e-05;3.608495680504048e-05;0.0001669215474792025;4.736821447986125e-05;3.734148624890979e-05;6.283012518469138e-05;5.842316589027914e-05;3.236036992589855e-05;3.092725411896694e-05;2.3883177428742093e-05;2.092883454641653e-05;2.8891790187659376e-05;0.0001786577343030076;0.0002224340421922834;0.00011934089947810972;0.00015117027162916472;3.4681968791427707e-06;1.2725445644311329e-05;5.7619862586251875e-05;2.9685682337281338e-06;5.264357426246234e-06;3.586130057550587e-05
00:10:18;39;3.034771175562541e-05;3.099399387631624e-05;9.436310498648537e-05;2.6023175463892173e-05;2.9201401624525467e-05;3.432794096108244e-05;3.695846575624273e-05;3.074331821489357e-05;2.988878887580623e-05;1.8729331862552748e-05;3.8394528114725866e-05;3.330143697543132e-05;1.8327369549421167e-05;4.388831225490073e-05;2.4388461802325104e-05;2.6189475313832546e-05;2.9926107379628485e-05;3.562245897055733e-05;3.70215698757984e-05;3.2265310875129814e-05;2.9539940925720266e-05;1.8436650315137902e-05;3.9659578415242475e-05;3.436162833052929e-05;1.8526764310818295e-05;4.527985505705192e-05;2.5098576897326445e-05;2.0127644854635712e-05;2.477475133711964e-05;0.0004294063954955874;0.00037494209610301315;8.624596793811811e-05;8.136788188318423e-05;3.8299260412013985e-06;2.269172067722598e-05;4.82797231731957e-05;2.334111537799275e-06;5.460071802201308e-06;3.28969689945427e-05
00:10:33;40;3.597333434609854e-05;3.7019021770971404e-05;4.9536646128892226e-05;2.9727776837841123e-05;2.7458927206680528e-05;3.783002850613312e-05;4.7899393225944465e-05;4.0978568987074226e-05;2.7168365234460495e-05;2.829237794024018e-05;9.547436623982073e-05;3.220788649504026e-05;1.955159494829414e-05;2.6918155469957128e-05;1.817255621781235e-05;3.170364873802077e-05;2.8204871088309106e-05;3.974671496127738e-05;4.8192705964791896e-05;4.2418819812385817e-05;2.688468124043665e-05;2.7808690694793676e-05;9.85879550505241e-05;3.3539961344714255e-05;2.1007901949228135e-05;2.7728634518961705e-05;1.8403661865877324e-05;2.836405565955121e-05;2.370929778540144e-05;0.00014159835720459863;9.288207182559237e-05;8.726996338201512e-05;8.851354188032057e-05;4.172708121329815e-06;2.8324584556539592e-05;5.631198694268929e-05;2.7895047376851457e-06;5.367696229837373e-06;3.5135985221146e-05
00:10:49;41;4.438760735390381e-05;4.473058532634632e-05;0.00026989151988721934;5.6038455162686e-05;3.370080519651062e-05;0.00012396211194630848;3.866823912413896e-05;2.9704038033948812e-05;3.976623901797377e-05;2.1588775223594066e-05;4.10444741383096e-05;5.629633016662245e-05;2.755785273739713e-05;4.069900483407516e-05;2.3624948246430737e-05;5.711983331947741e-05;3.474513279705874e-05;0.00012143785798925128;3.8648043519521096e-05;3.066034822017794e-05;3.811653426320062e-05;2.2998131682954087e-05;4.20559354788105e-05;5.654368283966839e-05;2.7685182523114983e-05;4.18133705939517e-05;2.4942959130327572e-05;2.0971726179893385e-05;3.071000705462933e-05;0.0020428319052988725;0.00077884404022996;8.324689406804384e-05;0.00015596190251325774;2.9513943992464387e-06;2.6557372490077265e-05;5.510384551612532e-05;4.327805626022009e-06;5.300699156438708e-06;3.189064611406602e-05
00:11:05;42;3.1893335432187087e-05;3.2369361720099465e-05;0.0001439920004381408;1.817398355476805e-05;6.238887802241648e-05;3.524102441784552e-05;4.232258720807377e-05;1.9829975928783742e-05;5.6096244962459835e-05;1.8916177923115768e-05;3.025580094438076e-05;3.3153878880718615e-05;1.6625735873596817e-05;2.5329843512364196e-05;2.4385881222211868e-05;1.8992132855957976e-05;6.32604363700817e-05;3.556093232171268e-05;4.255976544967941e-05;2.049023816100457e-05;5.5144097523570734e-05;1.8888301636689916e-05;3.106634797899736e-05;3.363905829868185e-05;1.7348217924440108e-05;2.5940471759089563e-05;2.5542327006681987e-05;2.3167659316668932e-05;1.6802814557351307e-05;0.000667016571635247;0.0007018667752499556;7.762439402839235e-05;0.00012698884405966504;3.155430414721382e-06;1.4254398797360267e-05;5.679766013097423e-05;1.976736219523066e-06;5.770851338905375e-06;3.2481869508925625e-05
00:11:21;43;3.570527661622691e-05;3.606455679282935e-05;4.346076449983094e-05;2.5271201110399488e-05;5.4930427239696655e-05;5.906821574151102e-05;3.922192259282879e-05;2.6122703722173604e-05;2.22008820248799e-05;3.120090837362775e-05;3.597826774766459e-05;5.03208055006739e-05;2.064775990556262e-05;3.213279237260477e-05;3.136741762881973e-05;2.4760720649121852e-05;5.533015446647518e-05;6.143387674709157e-05;3.924967371213951e-05;2.7294875703946558e-05;2.209524874287345e-05;2.9285798530198215e-05;3.666501353005584e-05;5.100626303023022e-05;2.1600864853052705e-05;3.279185555676364e-05;3.1260322453196254e-05;2.200979603207118e-05;1.2453122339221741e-05;0.00012239960116511303;7.420508868741455e-05;8.922452056028825e-05;6.580956100084782e-05;4.648344624518938e-06;1.99655057806398e-05;6.955486145964368e-05;2.4849688172391722e-06;5.310170850796063e-06;3.3463632680177116e-05
00:11:36;44;3.7361740339747485e-05;3.811470226456906e-05;7.580923873194733e-05;2.7652469047335547e-05;6.728739498385039e-05;3.27053992867315e-05;4.4994715357853984e-05;7.364857907532496e-05;1.8027612018623916e-05;2.259667570699135e-05;3.9521344554962276e-05;3.1586160138824034e-05;3.3012641079143244e-05;2.7655335337974726e-05;2.9652542655805352e-05;2.9147628463507788e-05;6.84563547801639e-05;3.3420334240205034e-05;4.4902636603447845e-05;7.452116017391952e-05;1.8145325295243978e-05;2.1991357427879527e-05;4.048329291539561e-05;3.228236804532088e-05;3.4554910000017257e-05;2.8964184590982262e-05;3.0506861169013503e-05;1.8633768698763015e-05;5.277591657922701e-05;0.0002564785369363364;0.0002672065160101349;0.00010414540393308182;7.755906672126158e-05;3.4032767318017888e-06;3.136512002103175e-05;6.272146123476526e-05;2.7055727850997426e-06;5.171685966789555e-06;2.7544539165075182e-05
00:11:52;45;2.9391308301414526e-05;2.99974402694232e-05;0.00011358391485573013;1.856313575904716e-05;2.935515894364471e-05;2.907427434386343e-05;3.609115836928306e-05;2.2165278939470763e-05;2.004963842885197e-05;1.58587596840479e-05;3.1167485864423064e-05;4.197679100767263e-05;3.297098226989254e-05;2.74049131741611e-05;4.8018114359716826e-05;1.952716597828195e-05;2.972291125083354e-05;2.996005446508621e-05;3.757260888453891e-05;2.2468800067789616e-05;1.998884408173661e-05;1.610599692752128e-05;3.288665935036113e-05;4.322508207626959e-05;3.2889540928903717e-05;2.7623932222508578e-05;4.799768078244804e-05;2.4578192473731324e-05;2.863687492710321e-05;0.0005646786247035775;0.0004905843258410422;8.647146105870064e-05;5.7380101454118025e-05;3.4815050232138213e-06;2.401380207912533e-05;4.5793945471590755e-05;3.0517028236729585e-06;5.292738129403859e-06;2.904370428348196e-05
00:12:08;46;3.1787785771216065e-05;3.188678330175956e-05;0.00011662977506908137;2.34908137289577e-05;3.432826004127905e-05;3.560313220935479e-05;4.264932350007587e-05;2.3748627755408464e-05;2.1698170657073618e-05;4.720836773489364e-05;4.141257786665681e-05;4.3700316028476166e-05;2.1760022441051e-05;1.847100351943192e-05;2.738280104546737e-05;2.4352561519628602e-05;3.427123618489013e-05;3.550225697329586e-05;4.320229557298619e-05;2.4634514547754785e-05;2.2131733767540176e-05;4.594642478313969e-05;4.155196558390862e-05;4.3328495215789616e-05;2.134940273841678e-05;1.874565619984907e-05;2.762484458384555e-05;2.3016851885652583e-05;2.4254987526072758e-05;0.0005804244556868684;0.0005367765429546761;7.184704522856843e-05;5.854265450595226e-05;2.701171671710384e-06;2.1288530556606925e-05;4.241557526299979e-05;1.6604620683035225e-06;4.841227393277733e-06;3.178779608828764e-05
00:12:23;47;3.6453524118810904e-05;3.683115935444543e-05;0.00015571332784631618;2.570753730941016e-05;3.7598053063964635e-05;6.654970392942646e-05;3.837904968019178e-05;3.203033194732928e-05;2.709714460861919e-05;2.8715683266062282e-05;2.9891249252758907e-05;3.347245455581122e-05;1.9670646267400116e-05;3.485787828791135e-05;6.347254425649722e-05;2.62986792867069e-05;3.9179281539193806e-05;6.484273210303457e-05;3.8341671318483324e-05;3.242859188330955e-05;2.613548039783992e-05;2.786261013423865e-05;3.0573348340112716e-05;3.381284028663789e-05;2.0133680744591033e-05;3.696075379559284e-05;6.540422774505023e-05;2.1128793611584345e-05;2.297643420387396e-05;0.0010709445136628448;0.0005140218083672064;8.275020890099418e-05;4.500277867210415e-05;7.228275443993235e-06;1.500083305515236e-05;5.4089172163275406e-05;2.1112838193471936e-06;5.3599039857011015e-06;2.7945928269716716e-05
00:12:39;48;3.5101718979872615e-05;3.5511886887399695e-05;8.392619352157195e-05;4.934960515676969e-05;3.6040515492562584e-05;4.8917395089760745e-05;3.313769032460682e-05;2.4208415199082495e-05;1.962439006190793e-05;4.648665587451846e-05;3.4759604579386924e-05;3.2342978484352486e-05;2.4500034084243534e-05;1.990295032008114e-05;5.195037846047771e-05;5.050059465972907e-05;3.5729579901237256e-05;4.837025141879869e-05;3.4150485175181345e-05;2.5752505015462483e-05;1.9714753750433167e-05;4.3521273612354947e-05;3.5679285212632125e-05;3.35359200337884e-05;2.524639281154687e-05;1.985870940073635e-05;5.408287292590978e-05;1.9976166825669337e-05;4.2498717416103255e-05;0.0005101969184845099;0.00021908484776656946;6.915091877494011e-05;2.7219601692122007e-05;2.6355294671755402e-06;2.208901195700723e-05;5.575342788741958e-05;2.2669880818134993e-06;4.7422216635491175e-06;3.149997224198471e-05
00:12:55;49;2.6830936057174107e-05;2.768197371068122e-05;9.282577382629356e-05;2.1712486024873876e-05;2.903988217636569e-05;2.719716378216865e-05;3.0567950985145714e-05;1.8984913902448337e-05;2.3831031551356897e-05;2.5486945747585114e-05;3.608748916018488e-05;2.787108335217619e-05;2.9851355515637064e-05;2.5641606452030498e-05;2.5699316311870874e-05;2.25981086282733e-05;2.936041500670629e-05;2.811953801270486e-05;3.145211669590613e-05;2.0427921552692182e-05;2.3318841239058742e-05;2.4968073824921598e-05;3.783165091222087e-05;2.9021039591509777e-05;3.139840481696721e-05;2.6786411523706975e-05;2.690115568931347e-05;2.142524840163725e-05;3.807028492000413e-05;0.00047341959516934056;0.00032288200863573604;8.201622268176996e-05;5.359059474731171e-05;2.694212093666539e-06;2.1024230804413068e-05;6.134959381468574e-05;2.1765476937742173e-06;4.808471563135365e-06;3.045227539004832e-05
00:13:10;50;2.7227961965081704e-05;2.767224828812111e-05;8.272305855324418e-05;2.485177385706679e-05;2.5377388031312297e-05;2.596654115129902e-05;3.0399133774753036e-05;1.931022171804257e-05;2.0652883488413533e-05;5.659112492460074e-05;3.677317416294169e-05;2.8244530808892293e-05;1.772275869623999e-05;1.9680612706710317e-05;2.116539347179531e-05;2.4749165472885465e-05;2.5984352472318555e-05;2.7076282912034165e-05;3.083871183950083e-05;1.9979496237628835e-05;2.0599055322328482e-05;5.543207852140399e-05;3.797514983500749e-05;2.9512401080772847e-05;1.8314337397942502e-05;1.964336441440399e-05;2.196257566216054e-05;1.882444298716037e-05;2.653357012688102e-05;0.00039454260166385264;0.00029082956657639956;7.305342400399193e-05;4.8440509364578304e-05;2.6583761904434133e-06;3.183916125184367e-05;7.174764369353869e-05;1.6228331964710304e-06;5.045248440570259e-06;2.7539325143199116e-05
00:13:26;51;2.9988393792605578e-05;3.069263586923303e-05;0.00012230955830314113;1.8076471006751987e-05;2.4795723695867558e-05;3.936677422250961e-05;3.906862154549758e-05;3.073544872155377e-05;1.616076915860793e-05;3.620123292013101e-05;2.964783915873878e-05;3.9173117531018676e-05;4.531635182109478e-05;2.5765471924253028e-05;1.555289414444484e-05;1.895781033338988e-05;2.5329958301467108e-05;4.043008503467257e-05;4.016174348122794e-05;3.168278032452564e-05;1.6553501603694608e-05;3.59833760786053e-05;3.066629047864382e-05;4.034428903777771e-05;4.5061697786463174e-05;2.677486927611046e-05;1.6365216732635958e-05;2.5401382599177132e-05;4.975720205366436e-05;0.0008533067453991672;0.0003054348576866618;7.368738156333136e-05;3.376327258677976e-05;2.1887405926495444e-06;1.537361546906361e-05;6.979461810381237e-05;2.866161990067939e-06;5.158474493738565e-06;3.098224709957992e-05
00:13:41;52;2.434836842078105e-05;2.4843770812436516e-05;4.600177004121524e-05;1.7026351725038776e-05;2.183467866504171e-05;3.002141917172387e-05;5.516088676348442e-05;1.915423820652119e-05;1.838833469491874e-05;1.3112031492891095e-05;2.6530064481924207e-05;2.9739610219146265e-05;1.3882276561425691e-05;1.6656003801720296e-05;3.0674518573515677e-05;1.8095825574083748e-05;2.2450589451090067e-05;3.1633841013277974e-05;5.522409637821131e-05;1.9697314149232603e-05;1.8211004006141456e-05;1.361215407984984e-05;2.746258288897468e-05;3.011326280793122e-05;1.4406006213696084e-05;1.700788087401645e-05;3.0210685577866904e-05;2.4674161606002873e-05;2.7727613936254554e-05;0.0001532387033727047;0.00011462909956191053;7.726375817057719e-05;3.984606937677159e-05;2.5898300686672866e-06;1.2690485611207825e-05;5.953944245068311e-05;2.1592534361446515e-06;5.432879225142023e-06;3.22299436785167e-05
00:13:57;53;3.405318167376043e-05;3.428920890540592e-05;0.0001787976384051075;1.9035568221490642e-05;2.6787764365498003e-05;3.7268136498947903e-05;8.389754611409279e-05;5.510842478625736e-05;3.408999917424312e-05;1.944056288426633e-05;3.121130485923955e-05;3.516430967145177e-05;1.716807231068949e-05;2.0673186833681196e-05;2.879328972550287e-05;1.987940583914471e-05;2.7331750314698196e-05;3.6733168023682636e-05;8.411470821268762e-05;5.462038719583055e-05;3.3829952072561425e-05;1.9689976869801597e-05;3.197404685470016e-05;3.5032655202335664e-05;1.8041163042929654e-05;2.0717071654157907e-05;2.9506204152277882e-05;2.2016736524427436e-05;3.393952024381255e-05;0.0009332012232011538;0.0008526858066096508;8.527344267813027e-05;0.00010082000174573375;2.7346087340959334e-06;2.560658348539221e-05;5.5259171061965944e-05;1.9241617337432974e-06;5.729100120798417e-06;2.6381304722385844e-05
00:14:13;54;3.0641675555836464e-05;3.089664101083409e-05;0.0001113416921829026;1.56114838086358e-05;3.1898088585855724e-05;2.87762204219565e-05;3.037941323989137e-05;2.0618977589234337e-05;1.68902401805388e-05;3.738102781819014e-05;6.358172419657586e-05;5.1597289009144085e-05;1.7749217590790067e-05;3.3311914927997513e-05;1.9904498534567043e-05;1.629473887147423e-05;3.1617177481603916e-05;2.9345276916386334e-05;3.136300970081835e-05;2.0845615490773675e-05;1.687904530834065e-05;3.605291065561019e-05;6.304149106262793e-05;5.323594284820064e-05;1.764934234104865e-05;3.377873453464878e-05;2.065639473815431e-05;2.0714797777967255e-05;2.7270340457958305e-05;0.0006432342215999924;0.00040805501711482317;6.476507867673183e-05;3.5341434812161156e-05;2.4610297493774113e-06;2.2652707665326352e-05;7.70170116960371e-05;1.4927731840154154e-06;5.50238912991143e-06;2.7593504330529366e-05
00:14:28;55;2.3669578770192278e-05;2.445764753074515e-05;5.594432528351537e-05;1.655393682591983e-05;2.221263867273716e-05;2.275197654843065e-05;3.213406599849639e-05;2.178510663952693e-05;2.4765839934947177e-05;1.6280658732755043e-05;3.5158717229871236e-05;2.501603028483921e-05;2.2257880313635393e-05;1.9546165688666406e-05;2.557192134392236e-05;1.8038599223415722e-05;2.2497446226697308e-05;2.4018038696144514e-05;3.293555122973321e-05;2.2832727741451544e-05;2.4058954468158314e-05;1.6144543765164335e-05;3.69402744731412e-05;2.631121979108304e-05;2.30363423759604e-05;1.9994049465292592e-05;2.668401715640403e-05;2.7027921233628543e-05;3.676921453593951e-05;0.0002406277642593171;0.00012524183207636666;8.461182888436252e-05;4.2223074948927726e-05;2.196531072954329e-06;2.395295926833477e-05;5.5727078128789974e-05;2.281654146077806e-06;5.479241130197026e-06;2.5192803717288203e-05
00:14:44;56;2.5222336890093093e-05;2.6037893999446054e-05;8.0356529676271e-05;3.57000967351372e-05;2.931955124681322e-05;2.4579690659720654e-05;2.8421308446592196e-05;1.5962800166459022e-05;1.940003250214514e-05;1.4804981930183203e-05;2.9347264450827673e-05;3.48841192486692e-05;3.109012590130078e-05;1.9522040247466066e-05;1.963602358046046e-05;3.771917738648179e-05;2.984112919115939e-05;2.6064514794241035e-05;2.9303797879337358e-05;1.642045438103783e-05;1.9718830220812423e-05;1.4417119801473284e-05;2.978757952462994e-05;3.660835836508571e-05;3.153661683553983e-05;2.0573353428022252e-05;2.0463789974488877e-05;2.155483771714693e-05;3.845807544008612e-05;0.00039331581578323495;0.00027661480853195006;8.162671250679581e-05;4.7668152494860955e-05;2.515616735747895e-06;1.4799202854464819e-05;5.4494144045323504e-05;2.3860712598908855e-06;5.1262913006416755e-06;2.5718627445108308e-05
00:15:00;57;2.4792720575367806e-05;2.5462097692991535e-05;5.8644226049439695e-05;3.070522028927123e-05;3.0345286016985153e-05;3.329325310439592e-05;2.8909069576663818e-05;2.02778839337725e-05;1.744711272263802e-05;1.737370398173384e-05;3.131208901084971e-05;2.9314388221089096e-05;1.770072586669936e-05;2.206622040355135e-05;1.876768626826478e-05;3.215454351540089e-05;3.161585024101925e-05;3.405707744443848e-05;2.9937067734817326e-05;2.124626862956874e-05;1.7891787241682367e-05;1.7216962584790985e-05;3.231203599274453e-05;2.9195919788561915e-05;1.8131469891780894e-05;2.1980524839427397e-05;1.9805657711337596e-05;2.0599152142277963e-05;2.6133009685196677e-05;0.00022707013807297182;0.00019476030220816592;7.766657133158668e-05;5.750702712774032e-05;2.1401498880873483e-06;1.710477659088762e-05;4.684732853710695e-05;2.4938349044872143e-06;5.725476795942594e-06;2.568294530882528e-05
00:15:16;58;2.3961730634751305e-05;2.4500888592896607e-05;8.02327822572535e-05;2.3515325396643178e-05;1.9677889954747034e-05;2.3633041551689033e-05;3.180150495877983e-05;1.9338707871115318e-05;2.118849375614735e-05;1.6471758439965097e-05;3.309085949674475e-05;2.6979807438982046e-05;1.4550970875730359e-05;4.228041383540089e-05;1.5011985814277812e-05;2.3711346997676825e-05;2.018867410156475e-05;2.4537123046016697e-05;3.200016943060003e-05;2.017937784537797e-05;2.1228172505588296e-05;1.595330025027786e-05;3.419265526702739e-05;2.7933624539711466e-05;1.560139819186496e-05;4.245246176812739e-05;1.6032351066061453e-05;2.0886089556236324e-05;3.8539825426267835e-05;0.00047679276253470435;0.00020129770299407974;8.722201757229963e-05;3.117993432921162e-05;2.0343418171353352e-06;2.107775300678651e-05;5.282430116588707e-05;1.4494369579459384e-06;5.832139241765618e-06;2.365708248472209e-05
00:15:31;59;3.798775402556616e-05;3.8986927853629015e-05;5.224124092820674e-05;5.427069369933303e-05;5.3391502479950183e-05;3.0209843805034158e-05;3.360773048009171e-05;2.0806156536485272e-05;2.182659427386501e-05;2.907443980601246e-05;3.0760095437575394e-05;3.45288623939475e-05;2.736030102374281e-05;1.808266032877658e-05;0.00010193415262061866;5.611782394168321e-05;5.475627037838744e-05;3.2176313779237265e-05;3.329765949953831e-05;2.103842454536927e-05;2.2354642042736935e-05;2.952150401752884e-05;3.2223457402565896e-05;3.492254935609489e-05;2.9594535613174643e-05;1.807515225295844e-05;0.00010376478470950329;1.8805163678173642e-05;2.1067498822066684e-05;0.00015888601677137136;0.00017065198344703628;8.393760188770923e-05;8.088132202549691e-05;4.131250781777137e-06;1.4765149367569393e-05;4.387474781917325e-05;1.6346766824629085e-06;5.084768776132278e-06;2.3174711079511627e-05
00:15:47;60;2.045817275457425e-05;2.0958058634784685e-05;6.465498581459762e-05;3.0764714505370314e-05;1.9908518537321967e-05;2.4683548115366317e-05;2.920173445824565e-05;2.0613310220276368e-05;1.3089418424463226e-05;1.2527294381796269e-05;2.408543894654775e-05;2.394026145292504e-05;1.6211453650524536e-05;1.6057293443984896e-05;1.441507964340293e-05;3.128535791813791e-05;2.0089084696510212e-05;2.556689043236083e-05;2.9558210486886564e-05;2.0935448757674885e-05;1.3316521900274961e-05;1.2601981181225849e-05;2.477519030688637e-05;2.50486823863901e-05;1.6638536721927003e-05;1.610829730441166e-05;1.557249605049279e-05;2.1814369591152514e-05;4.543785671398314e-05;0.0003377756757697035;0.0001584996032699975;7.909942898738222e-05;2.79923311861659e-05;1.979576318491787e-06;1.763975769352635e-05;4.9097976729086195e-05;1.7076566220256903e-06;4.952574371320798e-06;2.9863022522335842e-05
00:16:03;61;2.3316135339386662e-05;2.379523999779043e-05;5.98967188059373e-05;1.4363201189708393e-05;2.0861746489489715e-05;2.3884090234622075e-05;5.729329137176881e-05;1.9169134297023696e-05;1.6284358233581937e-05;1.8368674326232146e-05;2.7016758396185153e-05;2.807220825605906e-05;1.4567762477213364e-05;1.8842577299499847e-05;2.1069814616742573e-05;1.462393691649077e-05;2.18176934324703e-05;2.4167159988538985e-05;5.7697212284864105e-05;1.908357698763971e-05;1.6872979197419055e-05;1.7904198954701187e-05;2.8110043832050826e-05;2.8716738114193895e-05;1.5254147634734665e-05;1.9011534461725793e-05;2.2283650823622716e-05;2.3000258091338957e-05;4.29245996033574e-05;0.00031904339699128845;0.0001356653814754172;6.99623315749647e-05;2.7420216061196707e-05;2.005759745806986e-06;1.6651746065748433e-05;4.464210833301352e-05;1.846875116772346e-06;6.192765521388748e-06;2.940518709095423e-05
00:16:18;62;2.6949542281975234e-05;2.7198646766689158e-05;0.00012159661375271023;1.574046747133583e-05;2.8739502517603135e-05;3.18595054719398e-05;2.7804945502070538e-05;2.4848247854627267e-05;2.3453105474014922e-05;4.930622644523778e-05;2.435580439520312e-05;4.1014627630498914e-05;1.4957112269216436e-05;2.314132205521508e-05;1.81736322895693e-05;1.6417114123594474e-05;2.9509225148299437e-05;3.2246746637680145e-05;2.8394019277066383e-05;2.4811320340804627e-05;2.3374667140574907e-05;4.746132741919483e-05;2.4997116039990437e-05;4.108837262570381e-05;1.5252894489186716e-05;2.3821999680485186e-05;1.9008951560092008e-05;2.093436137080661e-05;4.157616508691902e-05;0.0008355609144238587;0.0003546088296873215;7.173590846124871e-05;3.995694405587731e-05;1.854720588841315e-06;1.4123598033955658e-05;4.525423581525864e-05;1.3460568194175562e-06;5.401871342110643e-06;2.6805759346906946e-05
00:16:34;63;2.6210803954737376e-05;2.699517265486802e-05;8.575439412641086e-05;5.841741817004152e-05;2.1829035047589556e-05;2.068723486042307e-05;2.7425651495605052e-05;2.4593482807104422e-05;1.7651512209226894e-05;1.988711222690075e-05;2.7441468587725964e-05;3.298522529410713e-05;1.4387986997700285e-05;2.4258701517706786e-05;2.4964810811731944e-05;6.0018854727084405e-05;2.2833330195347037e-05;2.1861812306672653e-05;2.794762311375824e-05;2.552387134447956e-05;1.822667048985796e-05;1.9184325342221315e-05;2.9280127669556385e-05;3.3274068381258616e-05;1.4971060224950957e-05;2.513263985701421e-05;2.5687683140674807e-05;2.0763477056425156e-05;2.7337770847083463e-05;0.00046308479730329007;0.00026808436236152027;8.542267704732689e-05;4.814580681844522e-05;1.8206611987060592e-06;1.642391741461046e-05;6.207830288992077e-05;1.7794053667730044e-06;5.406132965313578e-06;2.8705418247515503e-05
00:16:50;64;2.517864202580065e-05;2.5397480442999167e-05;0.00010640038288714302;1.442413051480881e-05;1.980077650707492e-05;2.408672360264642e-05;2.9281429009002252e-05;1.953980729235189e-05;4.1405957210310426e-05;3.271461986028871e-05;2.658904633469981e-05;3.496050752780568e-05;2.86072508944554e-05;1.4881355720707358e-05;1.5852093410857876e-05;1.466408978362606e-05;2.0450343682465315e-05;2.4496894759896706e-05;2.9724664894769652e-05;2.037472319288203e-05;4.079665169355613e-05;3.130367925142666e-05;2.719152673560967e-05;3.539601880508104e-05;2.8899610006652737e-05;1.5483383011294654e-05;1.5988169977816463e-05;2.0865263648591102e-05;7.430557602742076e-05;0.0006456390085609188;0.0003248258394218886;6.169114788379844e-05;4.523012438389175e-05;1.955291981302327e-06;1.7879073419617292e-05;4.681952787282299e-05;2.9120614379236914e-06;6.076009462360539e-06;2.8605670545179903e-05
00:17:05;65;2.433964990638577e-05;2.4786508312232237e-05;8.387983479284714e-05;2.287827550420926e-05;2.1699402180078405e-05;2.2316917110742907e-05;3.2248850221673244e-05;2.2571238485046376e-05;1.5363960531286384e-05;2.70048160951381e-05;4.2154068216342985e-05;2.5153736333746483e-05;2.338284014704393e-05;1.8748482060263168e-05;1.855320476419241e-05;2.3752285760335176e-05;2.2485194527183047e-05;2.2965283900288618e-05;3.257119570213335e-05;2.3458868413342052e-05;1.5573629729882255e-05;2.7789437877754032e-05;4.211240784685817e-05;2.5869417427950596e-05;2.3494655740446605e-05;1.8495263524343926e-05;1.8870450725144915e-05;2.0251563745888018e-05;6.338411290699502e-05;0.0004944867100383474;0.00020574405818115746;8.251997234897823e-05;2.861664169677204e-05;2.573381332373209e-06;2.51715631483256e-05;4.806194634708763e-05;3.5662950583153255e-06;6.302670913444468e-06;2.5879101796481367e-05
00:17:21;66;2.1833938236878485e-05;2.261877742495028e-05;4.681759894156943e-05;1.7468466344377536e-05;4.8448935046963015e-05;2.029145540596098e-05;2.7194836132015222e-05;2.8420593094128062e-05;1.3440055151389432e-05;1.1757051703269058e-05;2.052822842880563e-05;2.2566634733969046e-05;1.699042976742827e-05;1.8580148786316965e-05;1.6320417052704464e-05;1.8205414205653994e-05;5.0041910647370416e-05;2.1524712332094063e-05;2.822781961980052e-05;2.8161848166734983e-05;1.4280608468917435e-05;1.208245463848344e-05;2.168853841541494e-05;2.354473179343298e-05;1.7430168209332955e-05;1.9112674785498677e-05;1.7124444604656054e-05;2.1682271206980464e-05;3.349896705222545e-05;0.0001893435618441909;0.00010907387705047594;7.747647712571008e-05;3.227697469961561e-05;2.203118653222714e-06;1.216062716702642e-05;4.971282500125097e-05;2.737687143615154e-06;5.276814380401262e-06;2.6367985974118347e-05
00:17:37;67;1.903871786752957e-05;1.9555089422766875e-05;0.0001171029284111411;1.6402731555393242e-05;1.7253166897097056e-05;2.3833322103428145e-05;2.683491684830518e-05;1.6231685974461968e-05;1.310093094275544e-05;1.1153834543490989e-05;2.2142877439664105e-05;3.8085065457690604e-05;1.7059227870804122e-05;1.3273159871248067e-05;1.3093687630058328e-05;1.690165226125229e-05;1.7868523978973782e-05;2.4448685957096026e-05;2.7461961577454865e-05;1.6974983771410445e-05;1.3234998767051987e-05;1.0956506195748549e-05;2.3121970358099846e-05;3.8785144480945886e-05;1.7571611996446117e-05;1.3666314115181205e-05;1.366871323556598e-05;1.940964989634043e-05;4.617142178334068e-05;0.0006320123877957955;0.0005018611871269213;7.737499858588082e-05;3.5005022886087734e-05;3.0960131195298974e-06;1.862893179563052e-05;3.9421803777384156e-05;1.958711247973726e-06;4.873311122705961e-06;2.5421701796102378e-05
00:17:52;68;2.287773572427134e-05;2.3209483158639102e-05;0.00011773304939292243;1.8120915713252956e-05;2.601330905220452e-05;2.3072952675885393e-05;2.5142514990699798e-05;5.260933251220608e-05;1.2489539114116352e-05;1.2469266157469603e-05;2.220283640368011e-05;2.175268662860865e-05;2.5322749827048277e-05;1.589595693861735e-05;1.94407614422041e-05;1.8483613000827533e-05;2.6694412197316467e-05;2.3117757463515324e-05;2.6311339038502296e-05;5.2052744488523614e-05;1.2166427800769305e-05;1.24425384939646e-05;2.3031345289716307e-05;2.255781324677202e-05;2.517730911366223e-05;1.651306716736098e-05;1.99654219337574e-05;1.8653217666461033e-05;5.061628156038775e-05;0.0006851984590984894;0.00043190687616503275;8.86944997494315e-05;2.9699472595048922e-05;3.6157117000009733e-06;1.6866422771039274e-05;5.268748310504339e-05;2.103344516319819e-06;5.924767935576163e-06;2.6830055852237964e-05
00:18:08;69;2.547421579699651e-05;2.5882287468736153e-05;7.379265382242863e-05;1.310919414330349e-05;2.2886160690208353e-05;2.8956265969720167e-05;2.914627396483576e-05;3.0206838883631544e-05;1.714479034831129e-05;2.0099348789286026e-05;2.2858107229239977e-05;2.370711301257312e-05;2.3189355109758996e-05;3.1973006188805314e-05;4.241412809268365e-05;1.3886478122510163e-05;2.3735177946255596e-05;2.8239411693891582e-05;3.0492473699637288e-05;3.106884013263131e-05;1.7416443128401822e-05;1.8848836934691313e-05;2.326051043947021e-05;2.4279157675860177e-05;2.419112106393566e-05;3.195068863613967e-05;4.3218301436377546e-05;2.6969605334394717e-05;7.595739664629043e-05;0.0004520913212601485;0.00012200390224308887;6.573911406170502e-05;2.3451328319802206e-05;3.4940574153858654e-06;1.7415153766694878e-05;6.537493576895783e-05;1.8879979516230891e-06;5.796574339126224e-06;2.533045876192599e-05
00:18:24;70;2.9767417092071728e-05;2.9961389419106956e-05;6.253214218624217e-05;1.610817087990571e-05;2.6150438378119194e-05;2.921714153103494e-05;5.535011753078255e-05;1.6135514472507978e-05;2.4280688984907268e-05;4.024800433781324e-05;4.651247136745372e-05;3.7593755052967026e-05;2.2432216498719466e-05;2.192015965234036e-05;2.126031724132686e-05;1.6531262708322403e-05;2.6678707940788363e-05;2.9725044867840943e-05;5.4835368211593336e-05;1.671421410673581e-05;2.4290203040022156e-05;3.9170192475110156e-05;4.7644157497922575e-05;3.6963867341334745e-05;2.3063668017636666e-05;2.191067737897621e-05;2.2009296842469078e-05;2.849614706580944e-05;8.64874254090126e-05;0.00031824993106481725;9.545385627674631e-05;7.096508291975745e-05;2.9817928019533252e-05;3.047209964723633e-06;2.393837452144631e-05;6.013601890538437e-05;1.771427678167743e-06;6.457036556355011e-06;2.5565267853152917e-05
00:18:39;71;2.1847193380608587e-05;2.2484308310940604e-05;6.023909881508926e-05;1.4748117441146489e-05;1.9474180383192355e-05;2.0431941857685327e-05;2.599640412819843e-05;2.197781645530871e-05;1.6418800381178368e-05;1.418993521892534e-05;4.156184485798969e-05;2.1944598349870663e-05;2.5796233935373245e-05;1.752101019679809e-05;2.21054301890304e-05;1.5421528598979628e-05;1.9786809216499554e-05;2.1486087277906657e-05;2.66969606475212e-05;2.334720600721326e-05;1.6417757182398994e-05;1.3741948788276804e-05;4.308053721155075e-05;2.296916935375532e-05;2.6523045435860234e-05;1.7620236841266197e-05;2.272040763250228e-05;2.2949678714150047e-05;7.565908185471048e-05;0.0003045670020483217;9.36990933045304e-05;9.176954506412178e-05;2.8682363357926762e-05;1.6908213920307018e-06;1.9025882324555816e-05;5.010646028009703e-05;2.824124369876675e-06;5.8963191376816295e-06;2.5998813933067945e-05
00:18:55;72;1.9308746642950197e-05;1.98515303100642e-05;8.344158491739723e-05;1.4370407920435726e-05;1.8247374917088813e-05;2.210396709885613e-05;2.661304504995728e-05;1.58544052469138e-05;1.329408039135222e-05;2.582328787199954e-05;2.2483407545595664e-05;2.0874723839431848e-05;2.3513381254825948e-05;1.4057139063600681e-05;1.4469732224530286e-05;1.5361404713317662e-05;1.9036750110231716e-05;2.2465958564576865e-05;2.7589481599338625e-05;1.6857297401956308e-05;1.385632470062981e-05;2.526282127913459e-05;2.3443527367552506e-05;2.2163784809821708e-05;2.3240660130461868e-05;1.4456387281272696e-05;1.4483958233241434e-05;2.1885577241760367e-05;4.826898080025614e-05;0.00043719358652612893;0.0002676320106340741;7.905878226291733e-05;3.6861281865160395e-05;1.9825887606734574e-06;1.7634164311986327e-05;5.84578440488622e-05;3.473466597061201e-06;5.979913332178957e-06;2.2870822627707516e-05
00:19:11;73;2.0466108385231895e-05;2.118633485132463e-05;5.768198699920337e-05;1.5571577532372512e-05;1.7407460244488572e-05;2.1442767139748494e-05;2.725477281211914e-05;1.7369634454150234e-05;1.1603993027878543e-05;1.1589782288142073e-05;3.221862235136541e-05;2.735228742846051e-05;2.1499969856170704e-05;3.0352769403986134e-05;1.1929656827967186e-05;1.6426995806554422e-05;1.8290073023331677e-05;2.2485646235209865e-05;2.7237976472043798e-05;1.8709595281771853e-05;1.1664049452519976e-05;1.1608994140536922e-05;3.42024353974207e-05;2.708621000065365e-05;2.3287708049620165e-05;3.0516724719642368e-05;1.271960306002245e-05;2.5175096954656806e-05;7.804773902968386e-05;0.00023759787888713113;0.00012244543560111334;8.961398683378333e-05;3.0311284753411597e-05;2.1176454193790146e-06;3.110744920449479e-05;4.160891298836567e-05;1.403503780151171e-06;5.9800750834822625e-06;2.6774835454787306e-05
00:19:26;74;2.369521956263105e-05;2.4199419834686418e-05;6.514632594922355e-05;1.6637369144105335e-05;2.9583390239002423e-05;2.65991143570752e-05;3.374996530748252e-05;1.757581919615735e-05;1.2998421155430151e-05;2.680217403007067e-05;2.405343078428566e-05;2.238079225430118e-05;4.620246196457794e-05;1.5527545732590458e-05;1.2232143067659639e-05;1.7508597391244182e-05;3.0104219644548536e-05;2.7279924048527875e-05;3.404637340557926e-05;1.766858312743053e-05;1.317763368966046e-05;2.5703085145634552e-05;2.4807008553062025e-05;2.392408175724028e-05;4.766497960777606e-05;1.589065028337579e-05;1.261789438840539e-05;2.4721207182017073e-05;3.927054357681013e-05;0.0003191465135457206;0.0001565535700338402;7.718846703523758e-05;4.316045709915899e-05;1.8324648059224525e-06;1.6772694949769543e-05;6.515737797210758e-05;3.7600091318757886e-06;6.633924640173134e-06;2.7558681418049485e-05
00:19:42;75;2.473498630386282e-05;2.515772391660316e-05;0.00012056195632404815;1.552745611764873e-05;4.841797774898541e-05;2.171624632942646e-05;3.281915061589561e-05;1.826112722369544e-05;1.3119467230250269e-05;1.9169180649602037e-05;2.3380747437200128e-05;2.6664762650987292e-05;2.5036549523995497e-05;3.676665716573718e-05;1.59405058998242e-05;1.5787789656130798e-05;4.9581280776853616e-05;2.2910151966255087e-05;3.311334061252154e-05;1.8234298870912782e-05;1.3283027892842405e-05;1.7839119059720395e-05;2.4394968793877766e-05;2.6884301198289812e-05;2.554966035456311e-05;3.800927032311329e-05;1.6305471507609893e-05;2.3991884700563725e-05;2.7957470221457437e-05;0.0007411740092323959;0.0004208045123783759;9.44271700711367e-05;3.177211846871217e-05;1.9654103155868923e-06;1.971996266313275e-05;5.2022326898309634e-05;2.2619063579745482e-06;6.12942180085855e-06;2.4517282780073784e-05
00:19:58;76;2.141580444003921e-05;2.2182871051179836e-05;7.54380899958458e-05;3.956493705717631e-05;1.9333774694339148e-05;2.5530407618455023e-05;2.4501160966265573e-05;1.3809781915018572e-05;1.7575395204971755e-05;2.2774029494082075e-05;1.8853525371686043e-05;2.8536160801774134e-05;1.4910539819239107e-05;1.3781304429921255e-05;1.7818628961663308e-05;4.149466382576848e-05;1.9944420043280337e-05;2.6471454751842856e-05;2.5425088557612176e-05;1.4704662503448428e-05;1.7637850322887373e-05;2.1677978560247434e-05;1.9775339383101445e-05;2.9759514475273724e-05;1.5039226887386611e-05;1.5114634324957858e-05;1.9149611218864854e-05;2.5684764649823613e-05;8.903509840761352e-05;0.00044659519559630244;0.00011734523727821614;7.825279842999201e-05;2.3599380188831245e-05;1.4463437254861043e-06;1.5962721722771367e-05;7.456948930748952e-05;1.6980229016651244e-06;6.26347934056976e-06;2.4804548401388833e-05
00:20:14;77;3.0008910101742003e-05;3.085840624499966e-05;9.28980655053758e-05;4.9843132031086995e-05;3.846631022177214e-05;2.3906373642871998e-05;2.665193332905925e-05;2.607953980383503e-05;4.340634204554176e-05;3.638454599555726e-05;2.0334300269940865e-05;2.8987139180778534e-05;1.3956970347289205e-05;4.018517458865228e-05;1.1905149274970096e-05;5.200814277624794e-05;3.996532417014477e-05;2.4780224647875463e-05;2.68522407502213e-05;2.709782155404896e-05;4.4392623150790454e-05;3.707974320616502e-05;2.1709995502233946e-05;2.960757005376199e-05;1.4204594375354922e-05;4.019961433405575e-05;1.2402966382368607e-05;1.857819447551355e-05;8.899119866893229e-05;0.0006145006798677384;0.00016225772283559616;7.565849828832885e-05;6.057812491515066e-05;1.501465625941313e-06;1.5991907653836744e-05;4.318260688537138e-05;3.084689927903977e-06;6.760630009297807e-06;2.3691066910898755e-05
00:20:29;78;1.7989392424831088e-05;1.8612284903507386e-05;9.316522957494401e-05;1.314605921397639e-05;2.1336170808632975e-05;2.00022050827122e-05;2.4431721667833077e-05;1.4078733050966589e-05;1.312810535900801e-05;9.931407050926696e-06;2.327401485563934e-05;1.7859193196624222e-05;1.93113703814292e-05;2.3362531524381584e-05;1.601118979718566e-05;1.3966684635513819e-05;2.141754955314527e-05;2.0912270872342354e-05;2.5781032249303477e-05;1.4690545769922267e-05;1.3300127302730438e-05;9.978218725025933e-06;2.4803755302026374e-05;1.8588770896563296e-05;1.9853907936441275e-05;2.331151213932376e-05;1.6743037127825224e-05;2.4357069334440747e-05;5.475502668144778e-05;0.0005979562830525134;0.00020645037582110693;9.095061116590708e-05;2.5709059897777114e-05;2.5334192741403415e-06;1.838709239772246e-05;6.362592670030783e-05;2.5815038397920413e-06;5.9802247462698805e-06;2.4696161987903013e-05
00:20:45;79;2.0038713188341717e-05;2.0565144098592227e-05;0.00014842628107120774;2.0979639237659534e-05;1.767458143381811e-05;1.9679287416610432e-05;3.009522206618633e-05;1.5957540544387815e-05;1.3657977578160088e-05;2.8706154567585557e-05;2.8695806352371537e-05;1.9364482027258006e-05;1.2572317028255755e-05;1.647774072921493e-05;1.6603801786242332e-05;2.1782602271753292e-05;1.7754669379773757e-05;2.0404035769641707e-05;3.099127269119372e-05;1.685822218537914e-05;1.4388892447606872e-05;2.8102258338664418e-05;2.9755789323126356e-05;1.985957695506852e-05;1.3126146584425764e-05;1.660868229355171e-05;1.7149572665368418e-05;1.915915098235444e-05;7.210589343385727e-05;0.0008780406614995069;0.0005945009569065965;8.146196924221628e-05;2.273079321396786e-05;1.7860680966193912e-06;3.396457416057746e-05;4.982512212812383e-05;1.0858957141467838e-06;6.031582287009377e-06;2.0422705189516755e-05
00:21:01;80;2.0222066092918052e-05;2.079354080591127e-05;5.230536533345768e-05;2.8616110246172287e-05;1.7433548045821887e-05;2.068373437163535e-05;4.0595799635990595e-05;1.5906131078612486e-05;1.531735627483241e-05;9.15972734041113e-06;2.255938370606972e-05;2.089426931852565e-05;1.5171061659461058e-05;2.307602781828874e-05;1.3251635422115918e-05;2.9640290633807715e-05;1.8285012030694043e-05;2.120603888134967e-05;4.075633936552066e-05;1.717505535993893e-05;1.5165982202671341e-05;9.218412005678527e-06;2.3356758165276384e-05;2.160703343754823e-05;1.628559415552491e-05;2.3386229316466724e-05;1.3439736926844904e-05;4.127651857324597e-05;6.821410618680485e-05;0.00019896161924196627;6.83253704994081e-05;8.231821669990426e-05;5.142446573263073e-05;2.3487244921780776e-06;1.5116172931591826e-05;6.608542531303628e-05;2.5556144544440107e-06;6.135583213740001e-06;2.4902566662541763e-05
00:21:16;81;1.735836597757415e-05;1.8023065422312357e-05;0.00010078984519629301;2.6734131244604047e-05;2.084273061019427e-05;2.3583921342213383e-05;2.1049901354269256e-05;1.2746083993032574e-05;1.2954017758591942e-05;1.116997370202584e-05;1.7680716868281625e-05;2.266713762821837e-05;1.148489806013231e-05;1.4478443609598138e-05;1.290842867521488e-05;2.79979378112468e-05;2.1475812186681536e-05;2.4220779927924888e-05;2.206624501439687e-05;1.3322062484435207e-05;1.3153352644817633e-05;1.1404959566996556e-05;1.831563265654892e-05;2.4246181631416577e-05;1.1840984123271575e-05;1.4942542937988727e-05;1.329028523459668e-05;2.0201877988599848e-05;7.316855214869194e-05;0.0005476852414841064;0.00034824252592728;9.0840103982822e-05;3.500656474684532e-05;1.6486997236019087e-06;2.465052533779938e-05;3.657272891775673e-05;3.090952100902961e-06;6.29800078066447e-06;2.2072369216445515e-05
00:21:32;82;2.1595788870792436e-05;2.2159437816575334e-05;5.824634021302742e-05;1.742268574777096e-05;3.0554278122384524e-05;2.4328088879986932e-05;2.133726477056412e-05;1.5030849845423042e-05;2.8847116497714026e-05;2.4517003637924972e-05;2.2909049290960453e-05;2.7670557048250803e-05;1.4706377248268671e-05;1.4821706744524734e-05;1.7004481506432967e-05;1.8213102037729577e-05;3.245391659059155e-05;2.497203573350621e-05;2.2466692860666337e-05;1.5428173712648516e-05;2.9005298886118056e-05;2.3886659584627813e-05;2.4166021554449373e-05;2.8367907200649653e-05;1.5224040988512201e-05;1.4870625450327414e-05;1.6858772769295152e-05;3.077220345777329e-05;5.592890122724702e-05;0.00025645528377795165;0.00013825623547717195;8.308998753789977e-05;3.428617048006287e-05;1.3901367872449414e-06;1.959713848806153e-05;4.811148918046869e-05;1.1487302865174582e-06;5.899359127348086e-06;2.4020446728581912e-05
00:21:48;83;1.7943792855135143e-05;1.8763003878765503e-05;6.603864315118504e-05;1.8709739154329245e-05;1.4447346377980095e-05;2.8518730785394425e-05;2.3505352792405823e-05;1.8808029322899117e-05;1.4673433288950575e-05;1.0069798682495316e-05;2.013125827008108e-05;2.4982247809517006e-05;1.6822840830276288e-05;1.2134244975279465e-05;1.2522484418298063e-05;1.8777110176127776e-05;1.5420396681016612e-05;3.0297298692432057e-05;2.4698316245789263e-05;1.9399390802840272e-05;1.5100756759756787e-05;1.0233561446327684e-05;2.1504343288753157e-05;2.594332598371555e-05;1.7647304646950806e-05;1.3076329322976114e-05;1.305790331720852e-05;2.0613928603274388e-05;6.237005148888972e-05;0.00030742903200553707;0.0001792877780993652;8.41671113018054e-05;4.586442835062731e-05;1.3602602509550726e-06;1.5530336908861078e-05;4.4226995451815826e-05;2.79282665320619e-06;6.135232085376192e-06;2.2685736614507096e-05
00:22:03;84;1.7267414409357944e-05;1.7858783037440787e-05;0.00011537921360972434;1.0177888968469647e-05;1.8842356647558684e-05;3.158631798007925e-05;1.98081494331022e-05;1.6164666755519814e-05;1.1264569990807807e-05;2.0457080324831622e-05;1.997090460422028e-05;1.9944713645000693e-05;1.060087284798783e-05;1.4155713964731314e-05;1.4235730821548549e-05;1.0750583948685766e-05;2.0245188156705013e-05;3.114635826564096e-05;2.1202372201652814e-05;1.7067808700250934e-05;1.1391463120369597e-05;1.9876017050373314e-05;2.0692131041454835e-05;2.0637400942903213e-05;1.1043946501501257e-05;1.5140961053636797e-05;1.5111158477972097e-05;2.3810286725665353e-05;0.00012505481575673526;0.0007697732809720647;0.00026820124261235813;7.273058341192756e-05;2.5621769773227163e-05;1.3387018314855915e-06;2.1100900594340257e-05;4.620880755882047e-05;2.2639965717128077e-06;6.394248701480624e-06;2.2051928806873883e-05
00:22:19;85;1.6541503060548994e-05;1.6910643571924382e-05;6.982994869920421e-05;1.4308686056613789e-05;1.543086260369364e-05;1.914061755314833e-05;2.051575947348283e-05;1.2070487449152138e-05;1.3292593598764183e-05;2.2926994071329172e-05;1.9277372308062528e-05;2.4821124795111743e-05;1.1226999314379265e-05;1.2463220505248335e-05;1.3023312088219798e-05;1.45434805860152e-05;1.5820310458182092e-05;1.9643682933263656e-05;2.105528982369085e-05;1.2839630540792648e-05;1.3642327412756608e-05;2.1969317245587065e-05;2.0720731575963754e-05;2.418044306655765e-05;1.1506521050135614e-05;1.3172625154144458e-05;1.3833356977648933e-05;2.707229328057959e-05;7.445480159976377e-05;0.0004200825462694438;0.00011687198987758616;7.78969770808244e-05;2.2105427185574193e-05;1.204715159395715e-06;1.693000040075869e-05;5.0570400741006506e-05;2.322938460828955e-06;6.5989316522640275e-06;2.1848362682424673e-05
00:22:35;86;1.7851418745480757e-05;1.8521214942550992e-05;8.722570330264649e-05;1.2740471233159537e-05;1.5801316799659368e-05;2.1726721291253686e-05;2.648591063544617e-05;3.093849741214233e-05;1.4432061023745229e-05;9.187910459926032e-06;2.141596648253984e-05;1.6891085488685515e-05;1.1659881681422037e-05;1.3084240160181212e-05;1.985295478396603e-05;1.3047264612304147e-05;1.657499600282157e-05;2.24213543655815e-05;2.7025932111059717e-05;3.236407410210482e-05;1.4790441778304625e-05;9.777611772226954e-06;2.224435996175066e-05;1.8239006864480216e-05;1.1890272018510725e-05;1.3325430383609941e-05;2.055383006509031e-05;2.760268847270964e-05;0.0001252073798092133;0.0005009808369404962;0.0001407985353124213;0.00011517077072392909;3.158235653825144e-05;2.134218112852969e-06;2.0217439698866672e-05;5.604327355175316e-05;1.1150170883675552e-06;5.979254878291955e-06;1.9876668504604352e-05
00:22:51;87;1.7504613961963596e-05;1.8149336949734995e-05;9.412715999390581e-05;1.1785221898657545e-05;1.895549564294315e-05;2.1353920589914114e-05;2.0517874060291515e-05;1.5968204049375924e-05;1.6889201152604404e-05;1.0019878223617566e-05;3.4003077982705776e-05;1.9760768758849487e-05;1.3413598638449416e-05;1.3996136101726817e-05;1.3391982938189399e-05;1.2426589934495749e-05;1.991270471966967e-05;2.227359281381654e-05;2.1792865505009517e-05;1.6886984281836128e-05;1.66369352053705e-05;1.029030317447076e-05;3.375160149862265e-05;2.0994114654254362e-05;1.4178787566805436e-05;1.4877227316947604e-05;1.377032886242127e-05;2.3621425831935184e-05;6.441373691968922e-05;0.0005116278432095076;0.0003195333848561198;7.011939373703718e-05;4.70666788705727e-05;2.4238983394548772e-06;2.1441084071630015e-05;3.963964389027159e-05;2.2480194661277897e-06;6.020925915030313e-06;2.1369884819492948e-05
00:23:06;88;2.1174254824658917e-05;2.223267587903103e-05;7.087500365013418e-05;3.390573375709623e-05;3.677820973538556e-05;1.8405741768519462e-05;2.1264381195671625e-05;1.5404286579403312e-05;2.2333679815098797e-05;1.8099462323561966e-05;2.056602586202933e-05;1.8951395196092395e-05;1.106670083766465e-05;1.275601661180045e-05;2.455941657460285e-05;3.595511167722053e-05;3.833345878855296e-05;1.9147803293061414e-05;2.239389310558135e-05;1.63875634319118e-05;2.310863739602368e-05;1.7852548267058674e-05;2.1611913797630534e-05;2.082401272362611e-05;1.1715014312081805e-05;1.3434744307486181e-05;2.6027403680329164e-05;1.8535767528997245e-05;0.0001222000146481854;0.0003627359459827104;0.00014917353174876994;8.650761069124633e-05;2.5032368943642862e-05;1.5409280211268587e-06;1.5240656719256007e-05;4.181296556281538e-05;1.8682086971373467e-06;6.385528410625217e-06;1.946651684709733e-05
00:23:22;89;2.574974481913986e-05;2.632220876657351e-05;6.649461389526658e-05;1.5244285403458559e-05;5.2331928261847594e-05;3.013115677287136e-05;2.2503182697939586e-05;1.9069023608153657e-05;1.775049044025226e-05;4.2311717676697796e-05;1.961242200174886e-05;2.9711129196192072e-05;1.2780089482527563e-05;1.4597538410043853e-05;3.2953966142072616e-05;1.6352411807066012e-05;5.236703804303609e-05;3.106644387888174e-05;2.3158027206476087e-05;1.933595791066366e-05;1.838271875869073e-05;4.0783212147910986e-05;2.166094812229305e-05;3.002309967075545e-05;1.3201515500866985e-05;1.5231710688256705e-05;3.430341333609525e-05;2.4432720166643197e-05;7.242755762843159e-05;0.00035357374904169584;0.00012509775495465019;6.810558078817019e-05;3.22724896869666e-05;1.7049670820306918e-06;2.648832522825007e-05;6.556481987080194e-05;1.7994844240824543e-06;7.275432906781314e-06;1.9192484964694876e-05
00:23:37;90;1.7265746735843507e-05;1.7762793274264772e-05;8.55057759986348e-05;1.4558572404026068e-05;1.6233293144616503e-05;2.0488727269129082e-05;2.000971260491207e-05;1.355260562974081e-05;1.7250064234727606e-05;1.2296286452727724e-05;1.8624457577619648e-05;1.7584261299093256e-05;1.0478713638209767e-05;3.359153962698904e-05;1.252071941593158e-05;1.5071189443892475e-05;1.7291812191270084e-05;2.143540030927029e-05;2.1149524423268717e-05;1.3513519742089188e-05;1.711242551704621e-05;1.2386164713991346e-05;1.9612746724259857e-05;1.8109634144325988e-05;1.1099286669527426e-05;3.352853620319503e-05;1.284327268715774e-05;3.395464193485023e-05;8.225475845002409e-05;0.0005016903786473079;0.00017781737913771535;7.930224609711573e-05;3.728342721809206e-05;2.2216347707716506e-06;2.2592112472359232e-05;5.9938648292484834e-05;1.437046964366741e-06;6.736398735132392e-06;2.0840639263397507e-05
00:23:53;91;1.926617725509707e-05;1.9673271190531294e-05;5.669008147732484e-05;1.1591391368364674e-05;1.838569989651908e-05;1.815147262944224e-05;4.860320238332282e-05;2.1914299589360038e-05;1.8336974345732994e-05;1.0933209918174601e-05;1.7401131742644793e-05;2.147352869999705e-05;1.250445134621197e-05;2.0734067260522433e-05;1.1164690368497594e-05;1.1831421241229783e-05;1.9395297305338686e-05;1.8892407245437403e-05;4.805330946176501e-05;2.2081547631157114e-05;1.8593178918055416e-05;1.0751918171656972e-05;1.8658494579390612e-05;2.250114810038535e-05;1.3238983315147114e-05;2.0471902310338366e-05;1.1609638534802016e-05;3.1437464161650376e-05;6.645037301101743e-05;0.0002919210438776145;7.599677774958901e-05;8.285964791394003e-05;2.3268325110224107e-05;1.1985534731434219e-06;1.6793290785272394e-05;6.142077946482064e-05;1.265666975208429e-06;6.872273063033781e-06;2.0796782142384214e-05
00:24:09;92;1.4912546773034178e-05;1.549930713528876e-05;4.985687905294548e-05;1.2411736322028652e-05;2.375493899235566e-05;1.937986516509227e-05;2.5270078472255424e-05;1.0792194754830318e-05;1.0656599946075444e-05;9.661693544609824e-06;1.9000977266097667e-05;1.681309811568161e-05;1.0616861762261207e-05;1.0467096252207078e-05;1.012541579308907e-05;1.3069648105821343e-05;2.4532761109426994e-05;2.0285347954420183e-05;2.637479524367601e-05;1.1365237224720349e-05;1.0602886735036516e-05;9.551227638531842e-06;2.007290814744229e-05;1.7773568622113642e-05;1.120058812352621e-05;1.0661483815102322e-05;1.0501224959959554e-05;3.3774094186968695e-05;9.495452009921467e-05;0.00018284210578532208;6.094798707785366e-05;8.481808267307119e-05;3.385702980763528e-05;1.8165287698315244e-06;2.0421362167860012e-05;5.735733029833468e-05;2.0782737853329934e-06;6.513567577942196e-06;1.8901666405978764e-05
00:24:24;93;2.1302723653930528e-05;2.204695864966658e-05;5.360465990645414e-05;1.2488163584123413e-05;1.7743693826394686e-05;1.6148513288592106e-05;2.9978399033645722e-05;3.311063985930477e-05;1.4668844016796356e-05;1.5678192854357515e-05;3.493000456118848e-05;2.2914005303288253e-05;2.3211359772093683e-05;1.6514505953130705e-05;1.8246354605496023e-05;1.2653974788665e-05;1.9169323342241483e-05;1.6933694576989723e-05;3.057710959574597e-05;3.4367802441068574e-05;1.4850734300401925e-05;1.580080061678847e-05;3.573735382446954e-05;2.3134687672851052e-05;2.5339907505774215e-05;1.7180442492771582e-05;1.8817666271768503e-05;2.3166238644979488e-05;6.708879485573186e-05;0.0002159511406400784;0.00011962016257226419;8.039484739511591e-05;5.476084224938996e-05;1.2156261595600135e-06;1.7107347661961706e-05;3.932527112155119e-05;1.2526534479085516e-06;5.9482688998346e-06;1.74247252290738e-05
00:24:40;94;1.4823370024301271e-05;1.5505953515342677e-05;7.642916681867546e-05;1.0003814181722895e-05;1.7203007699735778e-05;1.8988832023710117e-05;1.973251465740718e-05;1.3396733045567544e-05;9.7841913053933e-06;8.11741508564203e-06;2.4497524926594203e-05;2.1026826676585518e-05;1.040253031577136e-05;1.2105680718703256e-05;1.2621364888978157e-05;1.0370581905958773e-05;1.860017064130641e-05;1.9694249491709066e-05;2.0438975712473805e-05;1.4648834777186562e-05;1.0062588933555784e-05;8.270280719858143e-06;2.5860543039154344e-05;2.1100626085333003e-05;1.1224016298346893e-05;1.2416274272899373e-05;1.3384294855118068e-05;2.2472052136254065e-05;0.00010762902801015856;0.0004416933805961703;0.00014758018393359415;7.560085422350135e-05;2.706890865119625e-05;1.6520560348671534e-06;1.6439722136734006e-05;5.143514827369588e-05;1.560616720629404e-06;6.621686005973248e-06;1.7396365101331215e-05
00:24:55;95;1.4719089901663294e-05;1.5331145122321616e-05;5.2852212339099254e-05;1.3354216494318196e-05;1.8286439862952815e-05;2.4895549553992748e-05;1.754088438846421e-05;1.253152910927404e-05;1.0780640425619739e-05;8.405146141915958e-06;1.5183418606118886e-05;2.018937637677192e-05;1.4004618546049517e-05;1.066706412896937e-05;1.0790190981036961e-05;1.4048101576595918e-05;1.914885820330215e-05;2.5504773671118414e-05;1.8701825382190173e-05;1.3161999798089536e-05;1.0879237270043482e-05;8.502234869652806e-06;1.6375725172571336e-05;2.1122666975649815e-05;1.4178896119027499e-05;1.103133481477396e-05;1.1318081193696596e-05;2.50994911190069e-05;6.633208179229774e-05;0.00022494411092430246;0.0001123811884264173;8.198621248698375e-05;3.6044740348353447e-05;1.1047761879909897e-06;2.1600215416088697e-05;3.418540776090308e-05;5.31394445965929e-06;6.879887568772952e-06;1.8354491578414246e-05
00:25:11;96;1.9101337515663047e-05;1.978454079856224e-05;7.63239874405505e-05;1.268888592291391e-05;1.828332955385163e-05;1.9281570043393582e-05;2.4309543352852746e-05;1.5927155160966322e-05;1.026753075127441e-05;3.007500787465357e-05;2.7254618019738203e-05;1.8582677177712206e-05;1.1176637449559415e-05;9.861611908816444e-06;3.150747532613836e-05;1.3715776316806839e-05;1.9500284457834928e-05;2.021751040242807e-05;2.4982380752210047e-05;1.6534272456542395e-05;1.070857825088521e-05;2.9522362073973305e-05;2.8635344624259993e-05;1.9779682554167556e-05;1.1752108295258029e-05;1.0258617311580875e-05;3.180756566853003e-05;2.468587412502578e-05;0.00010826680609417486;0.00042434820023418954;0.0001417589347636027;8.204018042203092e-05;2.655594873231843e-05;1.398688109363943e-06;1.9897252555484416e-05;5.544117777742336e-05;2.325766490068405e-06;6.710674118823777e-06;2.2458345864099575e-05
00:25:27;97;1.627750902793485e-05;1.6809398472059335e-05;9.964133439521759e-05;1.270114047487296e-05;2.066970203367708e-05;1.6152172734833087e-05;2.16257574291748e-05;1.4604901057747487e-05;1.5230444573562222e-05;1.3751932403171065e-05;2.446995720297516e-05;1.7543197504788953e-05;1.538153318201487e-05;1.3834196092365016e-05;9.365167456239346e-06;1.3339979909975642e-05;2.1715901231248068e-05;1.693102876743069e-05;2.263043594971753e-05;1.5076509849746753e-05;1.5024568520984068e-05;1.382410224737847e-05;2.5051299474663338e-05;1.8506343783169713e-05;1.588247025349027e-05;1.4128888473857807e-05;9.601245380243981e-06;3.0306541980918933e-05;0.00012536556308605465;0.0005216297538346747;0.0002623563435303857;7.899711544030971e-05;6.402592109853376e-05;1.4765073368240257e-06;2.6030021879389332e-05;5.5369415137179344e-05;3.6935529020194146e-06;6.524131235307582e-06;1.9921145281013973e-05
00:25:42;98;1.7821576043595336e-05;1.8405548307552486e-05;6.891692390739697e-05;1.2869583830944396e-05;3.202593105232733e-05;1.5529414562045282e-05;1.956240288724199e-05;2.8160775375919332e-05;1.0676015298310466e-05;1.589432862529479e-05;2.0830649357993604e-05;1.9647320507167684e-05;1.3426888389486438e-05;1.0925782112410202e-05;1.4309812913443858e-05;1.362841122281219e-05;3.303707510699323e-05;1.6575391966881986e-05;2.087132981867836e-05;2.828108715877096e-05;1.0608085988137703e-05;1.615512134972223e-05;2.1847593485244367e-05;2.0660671780896785e-05;1.3815771483136871e-05;1.1420125103333841e-05;1.3965907195988966e-05;3.2176942508643185e-05;5.936586127826333e-05;0.00037645499006413807;0.00014568514616818422;8.092782970007764e-05;3.5474300617604126e-05;2.1190298954499978e-06;1.6398379911738632e-05;5.045242087693359e-05;2.0119331357484444e-06;5.716157636606142e-06;2.0220095095376282e-05
00:25:58;99;1.5315738852192144e-05;1.595178309798939e-05;6.3518129468118e-05;1.5476357233978888e-05;1.5850490515586816e-05;1.546660226381391e-05;1.9961286072471424e-05;1.7077091026284176e-05;1.3522702228773266e-05;1.2357977448635376e-05;1.6201005109905964e-05;1.843024313591906e-05;1.7422926042989026e-05;1.2862370277068955e-05;9.159809511448781e-06;1.611236179018352e-05;1.6703209278407313e-05;1.6369266816156275e-05;2.088063853148878e-05;1.779361363206371e-05;1.3338849120246558e-05;1.3366774533384574e-05;1.7155631569407945e-05;1.935903982703627e-05;1.794790269637884e-05;1.307534123181448e-05;9.318761414438604e-06;2.569391024038222e-05;0.00010360044353884416;0.00030951475903987137;0.00012122330523597215;7.799129813713012e-05;2.8963953642961623e-05;1.5673134748766371e-06;2.3187916534700528e-05;4.57116097614973e-05;2.3093866741977166e-06;6.725993092185759e-06;1.5727664244796598e-05
00:26:14;100;1.5614685897896212e-05;1.6279852999001448e-05;8.185862402149855e-05;1.283718346071923e-05;1.6642965612525337e-05;1.538963583413988e-05;1.9412546126059997e-05;2.4463329114351755e-05;1.1397034063003792e-05;1.0120384953505766e-05;1.7603443989277036e-05;1.9210038256677432e-05;1.2845070109790413e-05;1.3376731685484215e-05;1.4077862190411203e-05;1.3389546461727565e-05;1.7437936019379338e-05;1.6114269058136094e-05;2.0224979921237454e-05;2.5793852901072947e-05;1.1429551302137065e-05;1.0689033543609253e-05;1.8860946050764037e-05;1.9612907037091782e-05;1.3540544859085768e-05;1.376213350352062e-05;1.450252798810042e-05;4.367176067582074e-05;0.00012739548456861758;0.0004541130847780109;0.00012633844372207962;9.340855142378822e-05;3.925681423509541e-05;1.2302147708772704e-06;2.0311959623534863e-05;4.7805163976552674e-05;2.261990986230487e-06;6.472973861369276e-06;2.0037045636005654e-05
00:26:29;101;1.6599178586964378e-05;1.7000160783660433e-05;8.823980226605534e-05;1.3635022774849404e-05;1.4849117153982082e-05;2.8152090434022366e-05;3.13159113522426e-05;1.4515974228856976e-05;1.1331293881059166e-05;8.544299619989653e-06;1.703663470467828e-05;2.3761346354107943e-05;9.397527017411408e-06;1.6161370515471223e-05;1.0489548512540834e-05;1.4379351272555716e-05;1.514593316907066e-05;2.7861951268646465e-05;3.16500854175582e-05;1.4836715061254018e-05;1.124799297330459e-05;8.541199084775834e-06;1.830647993934874e-05;2.4640801619838547e-05;9.978306226475059e-06;1.6518126174076636e-05;1.0894980036189022e-05;3.7538423343756784e-05;0.00010404978683689023;0.0006324975380440473;9.422231060586803e-05;6.630202249607948e-05;2.6526185659400685e-05;4.3815758789325024e-06;1.8497753187073124e-05;4.737009517573665e-05;1.114803476419243e-06;6.264640851805538e-06;2.0112491636654252e-05
00:26:45;102;1.612447787574018e-05;1.6715158024085155e-05;8.112998732054658e-05;1.7329744998371346e-05;1.6368318709809998e-05;1.7415666234073384e-05;1.811370728820417e-05;1.304206391949947e-05;1.5364771414283496e-05;8.546219479654837e-06;2.4898159873549215e-05;1.7449702824023916e-05;1.3077235308210014e-05;2.276036220455973e-05;9.127775646918094e-06;1.8038021406465317e-05;1.702343820685615e-05;1.842902043168993e-05;1.9350965068284333e-05;1.3816580518968167e-05;1.477960613901584e-05;8.729663552256607e-06;2.603610305471458e-05;1.820777040709892e-05;1.3576987246871127e-05;2.3205322105252578e-05;9.388410133028571e-06;3.407821076485098e-05;9.448488342226858e-05;0.00040632851730728253;0.00019047375869312455;9.048398846052968e-05;4.597001959688133e-05;2.344057340847539e-06;2.5096953487495076e-05;5.768843004569544e-05;2.088889803095434e-06;6.9745612577781205e-06;1.7547577666710338e-05
00:27:01;103;1.4538934276618999e-05;1.5295940965522357e-05;6.841398865917109e-05;1.0669960709399426e-05;1.4767791176433837e-05;1.5995241776584574e-05;1.909806280893504e-05;1.435295186589449e-05;1.4427804874049922e-05;7.864895121914826e-06;1.7824480982591755e-05;2.7796118127360554e-05;9.051956694670274e-06;1.2085867620147507e-05;1.053207555301583e-05;1.1030606614601506e-05;1.550909508273147e-05;1.7211901074086753e-05;1.991030782121499e-05;1.5162874844947187e-05;1.4298657489131142e-05;8.089246484469416e-06;1.9242807751122855e-05;2.9013288025729523e-05;9.577842089889093e-06;1.2920331064839346e-05;1.15843268712858e-05;3.205806261135116e-05;6.830656138781837e-05;0.0003773934791273296;0.00016622017796491913;7.047305815905822e-05;2.243082333567208e-05;1.6481794639841992e-06;2.3273968596293035e-05;3.405410843267923e-05;3.0723047488117634e-06;6.447604602020081e-06;1.5589535480115828e-05
00:27:16;104;1.876857771001348e-05;1.924331597445969e-05;4.5714976738307635e-05;1.810207137576857e-05;2.2824256747226585e-05;1.7378775834489797e-05;2.814573941830903e-05;1.927490794948674e-05;1.4818358770505505e-05;1.2241259823171772e-05;1.9746699096727255e-05;1.8551034253794736e-05;2.4137228579816522e-05;1.2917784542568453e-05;1.7084808078493552e-05;1.8596818312911224e-05;2.4016846440691218e-05;1.7817324274064844e-05;2.951778676301901e-05;2.0426791177416378e-05;1.4926433242537683e-05;1.1512374376712913e-05;2.02528491529306e-05;1.870465213777365e-05;2.453082617671786e-05;1.3385221123665165e-05;1.7231862272373164e-05;3.59301577142405e-05;0.00011156601227507518;0.00010625208963916481;6.319025633887353e-05;8.767449685513234e-05;3.765535456072417e-05;1.0312610298825964e-06;1.840780806520214e-05;5.695598662729082e-05;4.764880239313443e-06;6.03628723068513e-06;1.9115130284106995e-05
00:27:32;105;1.309223222924836e-05;1.3700485500452533e-05;5.879750268112166e-05;1.739592897174382e-05;1.3505643418005258e-05;1.5217287040317471e-05;1.8422732568720594e-05;1.2413130512811676e-05;9.977616946473104e-06;9.286459933800405e-06;1.605237640944779e-05;1.5027810576384582e-05;1.0781549445872749e-05;1.036123872534166e-05;8.665008824560903e-06;1.801528102262211e-05;1.4415094667612398e-05;1.572248060302293e-05;1.9422162926897313e-05;1.3089991263101022e-05;1.0215423525885025e-05;9.640188959047354e-06;1.6732302770557183e-05;1.59465722574652e-05;1.1093879614155768e-05;1.0876910736545983e-05;9.235533853606733e-06;2.4149447593723643e-05;9.195276213618187e-05;0.0002812807162293366;0.0001112703414071208;8.495560737898984e-05;3.005687762843518e-05;1.0223685741698607e-06;1.7837033855861164e-05;3.936051432027586e-05;2.799364164897513e-06;6.797717690822988e-06;1.4087281193644455e-05
00:27:47;106;1.4502486671765588e-05;1.502798417438694e-05;9.73888085605452e-05;1.7191159682542175e-05;1.3126445646156009e-05;1.5659699293089282e-05;1.927313780279085e-05;1.2472708726043244e-05;1.9301573704989426e-05;8.725846108862099e-06;1.4947333907984598e-05;1.9748076296495626e-05;8.47205609940974e-06;1.235880433563869e-05;1.275299349404432e-05;1.820612275958963e-05;1.399910131193435e-05;1.63087701412799e-05;2.0277953417117034e-05;1.2818755778103487e-05;1.8762196408646604e-05;8.610705922192324e-06;1.609888677424501e-05;1.9983373206315852e-05;8.933777487844146e-06;1.2890421145774653e-05;1.3445738901121135e-05;2.4401660194887317e-05;9.196358531770334e-05;0.0005970669667265704;0.0002475643086763793;7.39722259711246e-05;3.405685975543129e-05;1.089465637133601e-06;1.7521022049849594e-05;5.6702926004556814e-05;1.829135125387204e-06;6.01794966196337e-06;1.647959760555571e-05
00:28:03;107;1.7890185302152613e-05;1.8204133706189445e-05;0.0001337518846007527;1.0353082372334525e-05;1.6398266282635632e-05;2.3465899532352935e-05;2.5714954792926452e-05;2.4994010694647592e-05;1.1264982239305771e-05;1.779328954334212e-05;1.9156458102222793e-05;2.1066375319895254e-05;1.2653368007032771e-05;2.1407602574186058e-05;1.0413926676474974e-05;1.0523559547989493e-05;1.6657334480775796e-05;2.3326881172222415e-05;2.6695757788971443e-05;2.556121460979221e-05;1.1398259682175216e-05;1.7751763354243836e-05;1.9917761383573023e-05;2.0852401633684294e-05;1.319369238433266e-05;2.1701444502123424e-05;1.0869526762045225e-05;3.828358809671102e-05;9.433048868794407e-05;0.0008501102689371632;0.00038079172822297797;8.348414157385064e-05;5.14007007953681e-05;1.9720631881073267e-06;2.0699429911508228e-05;5.885097546149618e-05;1.070526881892236e-06;6.680000013207948e-06;1.734870343880553e-05
00:28:19;108;1.7340101719427864e-05;1.7821015256841642e-05;0.00012907597354211726;9.924706204664993e-06;1.7309010062986502e-05;3.050439769548451e-05;1.84145188846039e-05;2.1642885422259248e-05;9.47185573223082e-06;1.0603156848209107e-05;1.5431934469037596e-05;3.770791336550742e-05;1.6303584655733257e-05;1.0367650013811478e-05;1.0399600182867372e-05;1.0526390189072486e-05;1.8364493969991463e-05;2.972996100905658e-05;1.925035507202331e-05;2.241692021050744e-05;9.596486610393232e-06;1.1021081424783179e-05;1.6389054784483477e-05;3.765717984963344e-05;1.717327161057693e-05;1.0845657205991991e-05;1.0881326010970537e-05;3.380133701688258e-05;9.25587431592016e-05;0.0009268847402317636;0.00028657444451988124;9.208474103484396e-05;2.6294259812592297e-05;3.6755737080963482e-06;2.1170164675693233e-05;4.0892730632945225e-05;9.700841684668727e-07;6.428623433771348e-06;1.757624011126911e-05
00:28:34;109;1.858168701573959e-05;1.9133852645931647e-05;4.3467957576785934e-05;2.4259249713054487e-05;1.71071283212789e-05;1.914520552500934e-05;2.168407517641216e-05;1.549856245410617e-05;2.27070623127061e-05;2.7193097384848773e-05;2.336285786374116e-05;2.0408542848248214e-05;1.2364155938112988e-05;9.500565411713069e-06;9.749733915240002e-06;2.5510670915352847e-05;1.7743522324894046e-05;1.9774153137220736e-05;2.1915877518546914e-05;1.63184618377042e-05;2.226828308013427e-05;2.7111984976888577e-05;2.467904947548913e-05;2.1700678120442383e-05;1.2618281162539909e-05;9.830474332778102e-06;1.0134788462431672e-05;3.486958874704254e-05;0.000102969701316319;9.044002598838252e-05;6.067472292223379e-05;7.152813300554874e-05;7.029800248498421e-05;1.1936420071953878e-06;2.2689851981301148e-05;4.323999290370768e-05;2.4864134295857385e-06;5.709123760495114e-06;1.5516292374635416e-05
00:28:50;110;1.4245169857283393e-05;1.4752435013581852e-05;8.331092191713408e-05;1.090636122504727e-05;1.376471013323701e-05;1.98431747264749e-05;1.8914322521626755e-05;1.0371945911267424e-05;8.854006354268181e-06;1.1543290894942196e-05;2.010896014584515e-05;2.2009367776056685e-05;1.2640850149575106e-05;9.503620344343165e-06;1.2481424232904912e-05;1.1578301687625788e-05;1.4367941650009384e-05;1.9868255157798787e-05;1.9441100897593864e-05;1.1157989763288945e-05;8.8146734003514e-06;1.1988453479716554e-05;2.079210692419467e-05;2.274541961175796e-05;1.3004007524625794e-05;9.990214914091954e-06;1.3280749625883352e-05;3.374042891088703e-05;8.861171900477623e-05;0.0005304133123549498;0.00014179985568721546;7.726257921936754e-05;2.4070655534646932e-05;3.4102389097809296e-06;1.7071845306287145e-05;5.754931883050131e-05;2.601964922711819e-06;6.296759221496171e-06;1.690238510298881e-05
00:29:05;111;1.4236362929409552e-05;1.4656719480327307e-05;0.00011881398134617988;1.6465659464095303e-05;1.6727900123989706e-05;1.9121651768407652e-05;1.898160766377156e-05;1.3761859362143076e-05;9.94191164303195e-06;9.182091374268255e-06;1.5175380221938378e-05;1.7282806108586225e-05;9.998844962989427e-06;1.0894084024538518e-05;1.3302553822763292e-05;1.7522543778715218e-05;1.727287477317791e-05;1.928109902075471e-05;1.9777147688820392e-05;1.4123487727386109e-05;1.0010312455995495e-05;9.186812314533487e-06;1.5891306305357957e-05;1.7489263226235393e-05;1.0474853625746157e-05;1.124039694263093e-05;1.3610531926973682e-05;3.4071838230914285e-05;0.0001675037925995239;0.000837664254037204;0.00019403131277936437;8.144798008855797e-05;2.613340575060691e-05;1.3970913377604585e-06;1.8380761098240804e-05;4.216296478592095e-05;1.7478161739167272e-06;6.790638082829628e-06;1.4435921189318878e-05
00:29:21;112;1.5544342530078708e-05;1.623825543982646e-05;7.179747507130698e-05;2.0000216349816665e-05;2.3451458473418413e-05;1.9653758262062514e-05;1.8592666260081554e-05;1.1448050179426032e-05;9.13832731054175e-06;2.6317893285594934e-05;1.4521401973090839e-05;1.6095184619757674e-05;9.327274953366524e-06;9.88659373746259e-06;8.099279293622368e-06;2.1083046473755025e-05;2.4364998249508018e-05;1.9768309058132288e-05;1.9596358665867114e-05;1.2744485105296135e-05;9.203224773863198e-06;2.6361869470436638e-05;1.5520101683999004e-05;1.7320282794675152e-05;9.956398105115816e-06;1.0326545634598006e-05;8.613438924989676e-06;4.126756789769654e-05;9.64799938298529e-05;0.0004421970008181077;9.097074466499734e-05;7.41050740812487e-05;2.1294861425394632e-05;1.3268812971226391e-06;1.712137451246884e-05;5.111009314055086e-05;2.595751205278641e-06;6.157417391655033e-06;1.6942940591310183e-05
00:29:36;113;1.8807955378654448e-05;1.9564586665770157e-05;3.953234603395932e-05;1.952494385839352e-05;2.914753643520643e-05;2.528106669398188e-05;3.534967206839858e-05;1.2800176280207284e-05;1.083310972402077e-05;1.1408962575646084e-05;1.5917692119222178e-05;1.832926330213137e-05;1.0676533102453464e-05;1.2309565170327955e-05;2.4116936304804685e-05;2.0399825868330885e-05;3.088208904955536e-05;2.5964015882972134e-05;3.513880730241897e-05;1.3432448449287832e-05;1.0926497596508714e-05;1.1268055010376987e-05;1.700480886570346e-05;2.030481218868392e-05;1.1300579191373788e-05;1.2977452984792947e-05;2.517564073197626e-05;3.377049974133646e-05;7.443828526786649e-05;4.1854672080460914e-05;0.00013745844957490275;6.916451233457893e-05;3.355115493129466e-05;8.885311743726138e-07;1.5778997569240457e-05;4.404750867496811e-05;2.8796800389346254e-06;6.546642227079928e-06;1.400921879247581e-05
00:29:52;114;1.4953488621410377e-05;1.5731555794434228e-05;5.8528394034076336e-05;1.1006169196228008e-05;1.679715490157915e-05;1.3459133463491277e-05;2.0302842634898546e-05;2.0378135682170235e-05;1.0544681225481286e-05;7.100095135502794e-06;2.2450619553637807e-05;1.531529383540105e-05;1.4990412410043064e-05;1.0412955241179134e-05;1.6684365302343064e-05;1.1643738116042268e-05;1.7387774715655412e-05;1.4349089931645814e-05;2.088007744233333e-05;2.1490777392420015e-05;1.0474908719251162e-05;7.861913126120432e-06;2.429956175201599e-05;1.6392030605097312e-05;1.544103461243669e-05;1.1415788644108379e-05;1.714196751672256e-05;3.241381798627495e-05;0.00013028756887898898;0.00026503191915975;7.174053543338917e-05;8.709860333487201e-05;2.259495010504699e-05;1.3728432944153512e-06;2.0447776488655335e-05;4.8784522588887534e-05;2.523779782729516e-06;5.965639441977532e-06;1.4078771913928959e-05
00:30:08;115;1.8005151067706553e-05;1.8889865817913277e-05;5.294935231734292e-05;2.4290160834797543e-05;1.4325820491091111e-05;1.887322995163355e-05;2.0877152637281554e-05;1.1395983521047334e-05;2.1619843834550714e-05;1.0824423445334539e-05;1.6133715964821764e-05;1.4430298818979281e-05;2.5913670190840836e-05;1.1586691586144711e-05;2.5790814374007905e-05;2.590447978416452e-05;1.4817754658273586e-05;2.0378430086059815e-05;2.1727273368797577e-05;1.2160034674695763e-05;2.1516685189419172e-05;1.0967187664172791e-05;1.716849764986214e-05;1.5384584797555108e-05;2.6471151694393115e-05;1.3212930488280798e-05;2.6969372972612463e-05;3.854382352558984e-05;0.00011613414929021365;0.000166404894519698;6.072606442609075e-05;8.258656595805214e-05;7.674917027468132e-05;1.1826516395034719e-06;2.3315141529507944e-05;4.473236231289502e-05;2.9023841314232544e-06;6.854921709817281e-06;1.52600984906425e-05
00:30:23;116;1.550001549591426e-05;1.613889459424425e-05;0.00010193860272758068;2.3087034574199482e-05;1.2779381577843196e-05;2.002489306107691e-05;2.13278503919541e-05;1.0114928737824481e-05;1.0048274006635438e-05;1.1351298448274024e-05;2.4844179011748483e-05;1.8455231113989612e-05;1.0168413904988359e-05;1.0422121089380777e-05;1.3376574516660805e-05;2.2883499673010688e-05;1.3859582637290064e-05;2.040102822032663e-05;2.2756215912522748e-05;1.0789252560761834e-05;1.0636852154295664e-05;1.1680921954992507e-05;2.6490203766380673e-05;1.9110103862715996e-05;1.0777993707109355e-05;1.063240056340229e-05;1.3648673849516693e-05;4.2907271869393996e-05;0.0001241399064243165;0.0006336235296209991;0.0002267193093000341;7.458551153203958e-05;2.9497922015156006e-05;1.8394696219581562e-06;2.0822848238617575e-05;4.323686307269852e-05;2.1395579101086195e-06;6.96710693515979e-06;1.6783936190486182e-05
00:30:39;117;1.4847695900564098e-05;1.554118534841109e-05;9.071354638104086e-05;9.181778620808762e-06;1.1783902475702813e-05;1.7119685090640566e-05;1.9251392651333596e-05;1.1195270467758498e-05;1.2847042708844212e-05;8.66428063129764e-06;3.0006282174290597e-05;1.5017229273439625e-05;9.555702024887193e-06;2.514003579857548e-05;8.409744445714296e-06;9.62344977813677e-06;1.2675124420224442e-05;1.7654482540313473e-05;2.0938602793199906e-05;1.2120810810347969e-05;1.2758668606094737e-05;8.924472476331786e-06;3.143633166703843e-05;1.5527855575322675e-05;1.0185068035004601e-05;2.5803478854845418e-05;8.845873066369493e-06;4.185303384180233e-05;0.00014960936680371648;0.0004782850336561516;0.0002097613546558181;8.111086490287247e-05;3.413715467059231e-05;3.0651527529197757e-06;2.8538313216522106e-05;4.025962422638394e-05;1.371003342763673e-06;6.6887452800476515e-06;1.3882909222899646e-05
00:30:54;118;1.3977927786547959e-05;1.489250737478547e-05;6.858431518749467e-05;9.317050481753727e-06;2.113393995014948e-05;1.3943204339480788e-05;1.9057364849831256e-05;1.3189246024064067e-05;1.1195792107540372e-05;8.047938625824456e-06;1.5426612319205642e-05;1.5391298847785865e-05;2.3167065200688988e-05;1.1037922260729003e-05;6.827694704725218e-06;9.830096886720571e-06;2.28415428634285e-05;1.4767369457676747e-05;2.0537584993079795e-05;1.4277959179926717e-05;1.1801795481696438e-05;8.258066689542162e-06;1.6847655272993252e-05;1.6302942007130212e-05;2.3871988940046792e-05;1.2160243697300895e-05;7.21283819259526e-06;5.405007159932843e-05;0.00011348025520021416;0.00040902941697335297;7.001070165767097e-05;6.796440516951436e-05;1.9418184414683962e-05;1.976569346795846e-06;1.9362775852896443e-05;4.5518076480678073e-05;2.3436077891366066e-06;6.473492085402906e-06;1.3384225680261247e-05
00:31:10;119;1.3002940076748102e-05;1.3762055091262217e-05;5.684995255560551e-05;1.5225827225280723e-05;1.1673898703308664e-05;1.5572891510632044e-05;1.6948800010978133e-05;1.4949864958101568e-05;9.483790199221238e-06;6.003496441793614e-06;1.4341010251490099e-05;1.622127120723152e-05;1.1726584018974377e-05;1.4287682154965545e-05;9.600160436465641e-06;1.5953454000932824e-05;1.2201227025199635e-05;1.643133651392602e-05;1.7857735495258395e-05;1.5591437336815596e-05;9.76183081881653e-06;6.639623504120612e-06;1.578253288036787e-05;1.7383163589030014e-05;1.2175714639656516e-05;1.5130399483093207e-05;1.023620176125359e-05;2.8319221406236804e-05;0.0001467395793825682;0.00020871436691405796;0.00010540132490973046;7.228626375673677e-05;4.469336708138246e-05;2.286526147151321e-06;2.0554954320543366e-05;2.9940639525945064e-05;2.6110182892671824e-06;5.76910827920068e-06;1.4883060654445831e-05
00:31:26;120;1.345865981570362e-05;1.4109532170136212e-05;7.654308671945637e-05;9.320360785057925e-06;1.477835625962598e-05;2.202967087844792e-05;1.991288415710683e-05;9.313006701655075e-06;8.460451076850653e-06;1.217016888752844e-05;1.559064450356635e-05;1.720694505991105e-05;1.085094177581554e-05;1.3051001259095136e-05;8.819482711172357e-06;9.980368707181674e-06;1.5276074101407923e-05;2.2282727364147866e-05;2.060718866865684e-05;1.0560117208472007e-05;8.597050273698486e-06;1.2465502757411833e-05;1.6681825906709514e-05;1.8721310097353587e-05;1.1080588615474386e-05;1.3689006526057042e-05;9.372621823072396e-06;4.025705671371487e-05;0.0001492728234100374;0.00046456707799931907;7.791018709627e-05;6.81996109564625e-05;1.9879901308315112e-05;1.3487371258729973e-06;1.8703528723179727e-05;5.675901937083379e-05;1.94490163631305e-06;6.429902101934424e-06;1.324429419122332e-05
00:31:41;121;1.2799592808350594e-05;1.3451624126210397e-05;4.637342806705433e-05;1.2797731797449655e-05;1.2269878335499387e-05;1.2909207138084804e-05;2.789284218739464e-05;9.92349342771542e-06;9.325097363702381e-06;8.16745027714722e-06;1.2979528742624263e-05;1.4916877000039428e-05;8.55479153084492e-06;1.3742443082972757e-05;1.0115769589576344e-05;1.3231482579946796e-05;1.3019005771500907e-05;1.3667949766570502e-05;2.88534039917735e-05;1.0814054970564306e-05;9.77499681378308e-06;8.141237366302609e-06;1.369122839858829e-05;1.646397637919511e-05;8.999090109855273e-06;1.3936344306715956e-05;1.0826715513850346e-05;2.838940346441446e-05;0.00012237659726994238;0.00016817498522573524;5.2242823437101165e-05;8.435454757408991e-05;2.5648006807629617e-05;1.6425524970646734e-06;1.552194630444495e-05;3.460839065983288e-05;2.3179955878488103e-06;6.508705858587549e-06;1.469518211796042e-05
00:31:57;122;1.2969308135718e-05;1.355128721184837e-05;6.052665521187996e-05;1.221898876867623e-05;1.0376757932109824e-05;1.9768600625721692e-05;2.0335842803960574e-05;1.1305630837005703e-05;8.47741281649984e-06;1.98515353030292e-05;1.328586882142314e-05;1.3251636568673513e-05;1.0438356748662416e-05;8.157773024854784e-06;8.16328921938624e-06;1.2896245273542619e-05;1.1154839411793098e-05;2.0148031419725895e-05;2.1220534661183535e-05;1.2261101225784485e-05;8.585139214487811e-06;1.927792304223094e-05;1.415964166719991e-05;1.43938169354511e-05;1.1156086306004045e-05;8.865455814124796e-06;8.496628965928456e-06;3.0227135470396203e-05;0.00010077244330675569;0.00033529382728620587;8.004520692078306e-05;7.849621589064132e-05;2.281975774759954e-05;2.3807060784257558e-06;1.610397894674878e-05;3.999045386653328e-05;1.4539639574066787e-06;5.827963967392714e-06;1.2908209103670959e-05
00:32:13;123;1.2741840110534627e-05;1.3344294829143041e-05;9.742982620200498e-05;1.4068220342525448e-05;1.2323565901407495e-05;1.543700418370587e-05;1.9075303318965613e-05;1.0736950185022662e-05;9.28553396371192e-06;7.300126667850939e-06;1.6532029679762093e-05;1.4983764301555105e-05;1.4489060840167605e-05;8.511505520594007e-06;1.0159012953052256e-05;1.4443136829937384e-05;1.2905380244083523e-05;1.58625392181927e-05;2.0543603626075437e-05;1.1122490118568634e-05;9.612749924104442e-06;7.612819606233815e-06;1.786717728211005e-05;1.5408242999703498e-05;1.5232738912311128e-05;8.86783686549774e-06;1.0652819024540758e-05;4.58864704478016e-05;0.00012562807461970736;0.0005520434783865641;0.0002247742367161962;9.044520686212754e-05;4.4319359323266745e-05;1.501929065692197e-06;1.7024289419099602e-05;4.463136821383522e-05;2.355929739054026e-06;5.348167075749603e-06;1.5199404554965717e-05
00:32:28;124;1.3957698510838865e-05;1.458763786622167e-05;4.591667757511024e-05;9.092837936980851e-06;1.6071341466851084e-05;1.3745780758643956e-05;1.987676517568492e-05;8.896759664816562e-06;1.0518193004894659e-05;7.293490391837374e-06;1.909382230732862e-05;3.7091189020863815e-05;8.291663813896445e-06;7.784995059590859e-06;9.7355393164507e-06;9.50539484458918e-06;1.684075224274457e-05;1.4645441515773499e-05;2.0935155819792777e-05;9.570803809719443e-06;1.0581243368736218e-05;7.496112975556421e-06;2.017327244198274e-05;3.772030725520358e-05;8.685909650219262e-06;8.537861734261749e-06;1.0359396004718338e-05;3.2541726481846156e-05;0.00010533606517929395;0.00011873340551631258;6.496838593219678e-05;8.339833763867965e-05;4.7947457733496573e-05;1.2266003930750245e-06;1.9723144235227322e-05;5.566299408995359e-05;2.689995140263114e-06;5.8969609949429884e-06;1.287505756603535e-05
00:32:44;125;1.2418252527946937e-05;1.3093959820207026e-05;7.778297234156596e-05;9.043560528968184e-06;1.1463283014217557e-05;1.469856212565901e-05;2.2411396678669668e-05;1.2348055621073813e-05;1.255592293667653e-05;8.335016484360061e-06;1.3661020098900487e-05;1.3304897787623883e-05;1.1744119850670193e-05;9.866811617924172e-06;9.586379834109431e-06;9.98801906001673e-06;1.2217613241577791e-05;1.5133965531230721e-05;2.404197128939065e-05;1.3188022007219658e-05;1.2717265201013394e-05;8.758259706224589e-06;1.4504088839306792e-05;1.3865717777708262e-05;1.1920638285176476e-05;1.0517507465160231e-05;1.0274446545920483e-05;4.314692271323673e-05;0.00012902583678712205;0.00045408777161067893;0.0001226224272556146;8.365921037977462e-05;2.6956503165171286e-05;1.2874558709039296e-06;1.8642916837922218e-05;3.349385738619806e-05;2.3161307310339956e-06;6.270812099156964e-06;1.1885823261978023e-05
00:33:00;126;1.236598358709464e-05;1.288423461314951e-05;7.991478665196574e-05;1.1848201630471067e-05;1.3940033471468185e-05;1.2709816898977392e-05;1.4315651163408141e-05;9.86744771903535e-06;1.546884579087501e-05;6.791737057844991e-06;1.3390990915240764e-05;1.8929241717687134e-05;8.10990018542477e-06;1.578661349619572e-05;7.2333193921797996e-06;1.2566202252556547e-05;1.4155810173247982e-05;1.3430053128058141e-05;1.5130404997624374e-05;1.0841976377320596e-05;1.5141231254151361e-05;6.888536204372295e-06;1.4611821641181773e-05;1.9856235759348985e-05;8.363342779295082e-06;1.5965823692993902e-05;7.659372167375906e-06;3.678830297445462e-05;0.00011020927094770709;0.00047324163394517273;0.00015890771147115493;7.855196166125078e-05;2.4878791661322568e-05;2.1627606517381498e-06;2.0833572436113155e-05;3.195388534696031e-05;2.292332490686526e-06;6.112161435626789e-06;1.3045054801401247e-05
00:33:16;127;1.1072757667369098e-05;1.1734736255698696e-05;6.875216208350543e-05;8.196202214543808e-06;1.439922033083266e-05;1.2731280863482136e-05;1.5703148822477818e-05;1.184873077100044e-05;7.4879254105491615e-06;6.661905735747744e-06;1.585233238575835e-05;1.2983976506316965e-05;9.127265164595014e-06;8.34763259340641e-06;9.533467999357402e-06;8.564598541437867e-06;1.5195836061173373e-05;1.3641077594347504e-05;1.6758158104678415e-05;1.2696808500803382e-05;7.6138464487773e-06;6.6459395649089165e-06;1.680300876522537e-05;1.4104117015656673e-05;9.757025054568658e-06;8.822486385805504e-06;1.0213930716970567e-05;4.272915645988064e-05;0.00013561710551922794;0.00035791757784223014;8.770658778756495e-05;8.783618508868374e-05;2.8175755362278264e-05;1.028003931512527e-06;1.786567247967499e-05;4.506421294775629e-05;2.144119487106133e-06;5.974347259688533e-06;1.2967220836460846e-05
00:33:31;128;1.2011946871191206e-05;1.2814687614058752e-05;4.0510071592919964e-05;9.422616905396808e-06;1.2240704514645337e-05;1.573123355636984e-05;1.8636238085501976e-05;9.42251086852056e-06;8.498248086978451e-06;5.885100757103084e-06;1.3470842861548507e-05;1.3134719811024421e-05;1.6765572065031105e-05;1.0461164051698482e-05;1.0474407286086386e-05;9.902761271002384e-06;1.3377517208499728e-05;1.6444427607974474e-05;1.9620457489417035e-05;1.0363286028683732e-05;8.63156336994438e-06;6.347529443137088e-06;1.4477056354251867e-05;1.430177171987222e-05;1.779082525945917e-05;1.1541595028310312e-05;1.0977456233515021e-05;2.8085607397588812e-05;0.00010061337438053518;0.00012186131605761863;4.5923646421166744e-05;8.3258847602451e-05;3.3184476048163325e-05;1.2674319834334096e-06;1.8901226488792352e-05;3.152503311945634e-05;4.39157059138329e-06;5.832080874959622e-06;1.1276248149490963e-05
00:33:47;129;1.4778343451770194e-05;1.5520277469753453e-05;5.844856505400929e-05;1.342251283179249e-05;2.6579571096166628e-05;1.3506162864793872e-05;1.9449092528651075e-05;1.7975639958029372e-05;9.271275971591628e-06;2.1509564272745056e-05;1.42099095028088e-05;1.4928434698514469e-05;8.331510360322495e-06;9.510871437483233e-06;8.645570873837146e-06;1.4282888664235508e-05;2.738190129162785e-05;1.4464157313249174e-05;2.051081808047779e-05;1.9225744174174814e-05;9.950992080121068e-06;2.141526741219929e-05;1.5447683571311026e-05;1.6086332500809832e-05;8.85090173452929e-06;9.809583832376823e-06;8.817053242902275e-06;3.2619832917574295e-05;6.423410812791337e-05;0.000284070732300422;0.0001377762763453619;8.29255571969791e-05;2.3454911045771836e-05;1.2879049065576748e-06;1.7479113161945475e-05;3.761378422733012e-05;2.3739069799803875e-06;6.312671213401012e-06;1.1233982224874493e-05
00:34:03;130;1.4913492436944994e-05;1.555902907034291e-05;7.463398000569458e-05;9.931560298200152e-06;1.7588287151552734e-05;1.433652114196155e-05;1.4858027890857722e-05;3.0312126940853805e-05;1.0501270899319273e-05;9.4666038418335e-06;2.1473704746003104e-05;1.4231915970567984e-05;1.4639718383012802e-05;9.624884419488147e-06;1.1997282297474241e-05;1.0695849630769484e-05;1.8934715810729946e-05;1.496074475906863e-05;1.611856602917387e-05;3.0369743687020396e-05;1.076057929545825e-05;9.484563749158295e-06;2.2384385835111166e-05;1.5013604096094252e-05;1.5311906051315822e-05;1.0099949974309184e-05;1.2573733168014596e-05;6.424753993781444e-05;8.810553328791639e-05;0.00044626814437882513;8.468152813246666e-05;9.150138362885566e-05;2.1290569881218026e-05;1.0318788454016404e-06;2.792301883130207e-05;4.891715093667139e-05;2.4569424371512613e-06;6.348981777388112e-06;1.2835087993324134e-05
00:34:19;131;1.3060173614576343e-05;1.3672904382865799e-05;8.444417438100602e-05;2.028743053275858e-05;1.3116705299606481e-05;1.281808536710762e-05;1.635121635698314e-05;1.1933564859522118e-05;1.296943829229039e-05;6.3927242689746064e-06;1.2705408912758934e-05;1.2182565319046097e-05;9.220863058797848e-06;1.6274345977184236e-05;1.2469731871078693e-05;2.1098744755248314e-05;1.3606509600310656e-05;1.3389171657809705e-05;1.7500504292934528e-05;1.2616467630104574e-05;1.355240633356631e-05;6.404423094311282e-06;1.3564393560080112e-05;1.2973037077175878e-05;9.751252100268406e-06;1.6668445006203748e-05;1.2949495411231521e-05;3.95556011864116e-05;0.00013804777973614157;0.00041734281130935245;0.00019228709617308382;9.71869967944473e-05;4.679185012943027e-05;1.0748955813497376e-06;1.939158410960811e-05;3.875836215641231e-05;1.376000139801413e-06;6.931547241982578e-06;1.4585568014050891e-05
00:34:35;132;1.5125927899620448e-05;1.5860592680791676e-05;0.00010076392936250355;1.1272026401084903e-05;3.645790375179042e-05;2.223568590150907e-05;1.906955498947644e-05;1.032088527449818e-05;7.143273456542622e-06;1.0342209696806941e-05;1.721940588662495e-05;1.3420821177460725e-05;1.018395683936226e-05;1.4452572509588373e-05;9.392834328345792e-06;1.226872132352997e-05;3.823123531415322e-05;2.1672037867493956e-05;2.0148034815940286e-05;1.0836513336218122e-05;7.576030902437427e-06;1.0713400216226994e-05;1.8538896935602174e-05;1.4303232402901042e-05;1.0973713754917955e-05;1.5136066026513352e-05;9.929223364728202e-06;4.250121454227154e-05;8.838366107789932e-05;0.0006164923398347921;0.0002858288613356995;7.025282410350716e-05;2.7674271828342844e-05;2.50179121851087e-06;1.9942133274383134e-05;3.269912380135901e-05;1.8412236508787677e-06;6.552592667595784e-06;1.4497115014802551e-05
00:34:50;133;1.2406986215296456e-05;1.3042211275539639e-05;5.972622557048976e-05;1.1102913077174684e-05;1.7869391603591627e-05;1.5466147233537825e-05;1.5242553350896577e-05;1.265244351148195e-05;8.070821220875565e-06;6.397032371616908e-06;1.5142588697937175e-05;1.2753352905292559e-05;1.2188367654304825e-05;9.268467484895899e-06;1.2729751654722515e-05;1.1731056670387147e-05;1.8131846710402207e-05;1.6400371776721322e-05;1.6426451848134624e-05;1.302083112161107e-05;8.382891233919462e-06;7.045646950096346e-06;1.6067631021760923e-05;1.3699475466292146e-05;1.2664543318569947e-05;9.983673500087956e-06;1.2952112683706218e-05;3.562369801893068e-05;0.00011705842328728672;0.00025981790582397575;0.00010005931392651128;9.94997926301334e-05;3.051947622580128e-05;1.4122252571432835e-06;1.6991246172666775e-05;3.5710986129930455e-05;3.47503252698702e-06;6.484481673332303e-06;1.006212517317833e-05
00:35:06;134;1.1445251816026444e-05;1.2048211909684682e-05;9.334819467096347e-05;9.176807353128424e-06;1.4622557425912998e-05;1.4721365280417393e-05;1.764430932253576e-05;8.890009030179415e-06;6.8452154968151096e-06;5.2860492083730355e-06;1.3604542558518709e-05;1.2655494977309445e-05;1.2813458628034947e-05;8.287419582586608e-06;1.2795789664530524e-05;9.367725195698779e-06;1.539315721108519e-05;1.5628936125722248e-05;1.8756091500292797e-05;9.504960342129852e-06;7.136275673727578e-06;5.7551273895816985e-06;1.4482149305842563e-05;1.3569719584078875e-05;1.3272259786413375e-05;8.87007316906201e-06;1.284206369815319e-05;4.2425015565009176e-05;0.00015211796126793066;0.0005694056893192941;0.00016461744685427682;8.234682656110667e-05;2.3952525813162027e-05;1.824660562500663e-06;1.9433221488038046e-05;4.1848162283586807e-05;2.3510997915303316e-06;6.4234377005095565e-06;1.3432288844616756e-05
00:35:22;135;1.3763706175754207e-05;1.4405232993535893e-05;6.815879435488914e-05;1.329368361782909e-05;1.173704781688333e-05;1.5069239901001971e-05;2.193688375097157e-05;1.239644577953992e-05;9.284049280143915e-06;6.766587841478998e-06;1.3969114674368525e-05;1.2739968684369076e-05;8.045540324468964e-06;3.215249618258233e-05;7.773412755343854e-06;1.430201193008681e-05;1.2364563253522877e-05;1.6231716506785853e-05;2.2720500239785585e-05;1.2913638715008922e-05;9.552144673980826e-06;6.970433430610626e-06;1.4396765828114209e-05;1.3495009210877285e-05;8.898243667996972e-06;3.312457411544828e-05;7.893190107822619e-06;4.7165551152108354e-05;0.00011299146660723275;0.0003962906332812057;7.899514605198699e-05;7.790327566523287e-05;2.114203552559687e-05;8.665171650240107e-07;1.8932381048852405e-05;4.3932107149444156e-05;1.4504966690509382e-06;7.0228971615131346e-06;1.121302478142132e-05
00:35:38;136;1.5407520720600587e-05;1.5996140363416928e-05;8.728863400169428e-05;9.629223085157305e-06;1.327175488990468e-05;1.3585005855919587e-05;1.4689306040467768e-05;1.0905677512405212e-05;1.406799250247559e-05;2.2173680662908943e-05;1.4706682994807869e-05;1.648442185274813e-05;1.5849211639430326e-05;2.4897568320883774e-05;1.4629717997846372e-05;9.804101358020467e-06;1.3800438450110775e-05;1.4389681232790316e-05;1.6102849051232532e-05;1.1868562351197927e-05;1.4008677893959625e-05;2.191698059746907e-05;1.5790383281743247e-05;1.7139102378160152e-05;1.6343478819180746e-05;2.5464933175119113e-05;1.532448939404368e-05;3.754311876541708e-05;0.00014734493626672725;0.0005533768601457999;0.0001238675240216731;7.236530685518424e-05;1.9410761890311615e-05;8.717676252944582e-07;1.6129464600145483e-05;5.516096169321947e-05;2.3715236354016206e-06;5.839998823222285e-06;1.3181383697934561e-05
00:35:54;137;1.342357248290682e-05;1.4016562263235226e-05;6.63003582848782e-05;8.37498560909725e-06;1.809954568572762e-05;1.393210592161929e-05;1.3912574427944367e-05;8.702293496557187e-06;1.160720733847401e-05;9.187533730813481e-06;1.780665759425078e-05;2.2994644319076294e-05;1.3043188931502217e-05;1.4594428855409866e-05;8.827699949294624e-06;9.13068976808086e-06;1.8565427172355078e-05;1.4962842088388691e-05;1.4790967840401461e-05;9.363997971285002e-06;1.2044219412145359e-05;9.184284860416885e-06;1.8789061086172757e-05;2.3670902574170363e-05;1.328758141046163e-05;1.5104462375036953e-05;9.30430531275018e-06;5.01157672948664e-05;0.0001598628006545964;0.000324118892705196;7.412407405434039e-05;7.957092740757386e-05;2.7196155814444052e-05;2.6759611482990975e-06;2.1612008592041316e-05;3.392552304983233e-05;3.146710476818731e-06;6.462447041667245e-06;1.2793031178862737e-05
00:36:09;138;1.0586553032835996e-05;1.1314910174221467e-05;7.989933057410897e-05;7.0484014707197025e-06;9.932434042267149e-06;1.2034620506927819e-05;1.6114845106006793e-05;9.301791780945802e-06;9.067832134622801e-06;1.0346532501547369e-05;1.6194994041091544e-05;1.1334132579386072e-05;1.0449433218181783e-05;8.8421555301078e-06;6.371460197582027e-06;7.405968330480207e-06;1.0833762218358579e-05;1.3090426934088353e-05;1.7159837211060037e-05;1.0083419626045978e-05;8.93912604774011e-06;1.0552520075467743e-05;1.769665281636098e-05;1.2268938744570353e-05;1.1608996529399588e-05;9.489752566095596e-06;6.649516492445078e-06;4.013457442351911e-05;0.00012867766379222675;0.00039953788322595276;0.0001949337750260794;8.885136632502148e-05;3.393531482385277e-05;9.274031494244189e-07;2.0952649876278864e-05;3.2236770885142864e-05;1.384542499350703e-06;6.751029551915255e-06;1.0468993310543519e-05
00:36:25;139;1.2616042999463223e-05;1.3300488786580324e-05;8.735883962746758e-05;8.60142179445492e-06;1.5894268118059202e-05;1.3225600824284811e-05;1.5242490819260142e-05;8.868350400865149e-06;9.310051105806203e-06;2.0763278738203635e-05;1.3482777199349336e-05;1.2791129206975297e-05;1.05032762666662e-05;1.2384029494166333e-05;1.0325838656848935e-05;9.26130037384345e-06;1.6713536832510358e-05;1.4053151983405976e-05;1.63872384429759e-05;9.823115452847929e-06;9.815543279141302e-06;2.0736970776552775e-05;1.4558735080144391e-05;1.3576999991309543e-05;1.1089908777556715e-05;1.2840363346001567e-05;1.0748996356608276e-05;6.84910330408606e-05;0.00015353149854124986;0.0005528563142902305;0.00011204738505127055;6.894016160231705e-05;2.0132474194314847e-05;1.368868765816557e-06;2.0332822459971365e-05;3.051349753778456e-05;2.9274837142070525e-06;5.9332394976671086e-06;1.1231296833920568e-05
00:36:41;140;1.154635980201006e-05;1.2258888897191309e-05;4.256079947417339e-05;8.46130648116369e-06;2.0296409847343387e-05;1.3080755425417836e-05;1.714634324979546e-05;1.029622195341579e-05;7.742240716817667e-06;6.760751578450584e-06;1.5106901093469622e-05;1.4745915354875581e-05;7.149877238790933e-06;8.848173834508088e-06;8.921417355493718e-06;9.084289886922755e-06;2.0972204236133182e-05;1.3913411714407008e-05;1.8110031489897344e-05;1.1060513428144734e-05;8.077280130283391e-06;6.88358364307452e-06;1.6159129734637356e-05;1.604017567923263e-05;7.6139570214591115e-06;9.433577004160668e-06;9.75851069113882e-06;4.217551487804054e-05;9.843642338748202e-05;0.00012565129704855555;6.126720400895482e-05;7.249585119376116e-05;3.5331106050633625e-05;1.2907302143369735e-06;2.08007697302561e-05;3.3529646816519653e-05;1.4220503915748646e-06;6.49658100888751e-06;1.1832418961077842e-05
00:36:57;141;1.2660551490739635e-05;1.3381283195807946e-05;5.7672763470293136e-05;1.0252247126242185e-05;1.164064160070149e-05;1.6631244316107026e-05;1.4354240353756351e-05;1.422419234002477e-05;1.1510567006212113e-05;7.6203781334398135e-06;2.0223711221557426e-05;2.123454187726152e-05;6.638064993841846e-06;9.577202765146096e-06;8.019582181036226e-06;1.1011503818137292e-05;1.228284293839478e-05;1.7818533326388645e-05;1.550761578384274e-05;1.5100362758593165e-05;1.1597058386818205e-05;7.388366416135001e-06;2.1400332565163703e-05;2.2239487464768117e-05;7.174244711689115e-06;1.044478379679023e-05;8.6102617779379e-06;4.6350511220422936e-05;0.00012687955941643049;0.00026814688757612634;8.356837306164353e-05;7.724166654778547e-05;2.5177330992364566e-05;1.0511687376058363e-06;2.1532638464212692e-05;2.2816739540624492e-05;2.8727639729152377e-06;6.6256794304921e-06;9.80984268289395e-06
00:37:13;142;1.3768563169430143e-05;1.4451468906614376e-05;4.2593434105678986e-05;1.0048882402393453e-05;3.770312745711056e-05;2.1308700217497805e-05;1.3388400859071226e-05;1.0471339608903401e-05;7.790360560281071e-06;7.520391090309886e-06;1.2526735317082553e-05;1.2953283033503091e-05;8.851892937917166e-06;1.5196153732042397e-05;7.4634874164561635e-06;1.0528870530787906e-05;3.9019348830002346e-05;2.2226745133156315e-05;1.4528863210193489e-05;1.1182051663080863e-05;7.850391353667298e-06;7.66597375193761e-06;1.3256332979985525e-05;1.4151907658121178e-05;9.600707840093757e-06;1.549850623885942e-05;7.9079229319085e-06;4.179924981608675e-05;7.003821635241394e-05;0.0001382943270487613;7.514346669593833e-05;8.176060308601968e-05;3.819154184286523e-05;1.050945837462383e-06;1.5839839674389977e-05;2.8087140068047175e-05;3.6523001819086485e-06;8.019764586627798e-06;9.243814077626718e-06
00:37:29;143;1.2089997497355398e-05;1.2740134376213927e-05;7.567040749546497e-05;1.0405022462704624e-05;1.2346414908780513e-05;1.2303430297193204e-05;1.7484942937719758e-05;9.03254674708168e-06;1.0536457757191123e-05;1.7808335535107744e-05;1.2165849777287265e-05;1.212992407640844e-05;1.3443690946892481e-05;8.88193143502101e-06;8.54141973925173e-06;1.1106371736867557e-05;1.2690066094226587e-05;1.3097448733983757e-05;1.8627268725105773e-05;9.999438105618929e-06;1.0649949948672173e-05;1.8127950469637583e-05;1.2865826313747122e-05;1.3021946041233236e-05;1.3887619515335707e-05;9.88780241445793e-06;8.91992133030634e-06;6.457714911479647e-05;0.00013561667084714506;0.000427504911845802;7.5314104738501e-05;8.629358610641536e-05;2.943988223376218e-05;1.2282676639251602e-06;2.0627367870055348e-05;4.716820508351198e-05;2.8132233827971075e-06;6.379780009537994e-06;1.1081741049329649e-05
00:37:45;144;1.709226868420253e-05;1.7850163088421796e-05;8.248080675839205e-05;3.721131944251449e-05;2.1342963898198583e-05;1.9852393735546187e-05;1.6135952861873193e-05;1.0474080229078647e-05;9.497541540135693e-06;1.0543630355383273e-05;2.5595833485361005e-05;2.3438270690431555e-05;1.439236082102401e-05;9.155284780475045e-06;7.467585143543105e-06;3.907455679318791e-05;2.29724073275825e-05;1.9950896808328666e-05;1.6945820731697368e-05;1.1131789362272823e-05;1.0338523095556354e-05;1.0837046173474857e-05;2.643399284927829e-05;2.3692101629283662e-05;1.4867575408038359e-05;9.972225920528562e-06;7.985015104801462e-06;5.0586076002052226e-05;0.0001193054990170589;0.0004904656363632531;0.0001535173181813436;8.121147691734561e-05;3.217306980043729e-05;2.59416431001452e-06;1.657313164045119e-05;2.710192071137282e-05;1.2722048684343983e-06;5.935800618798654e-06;9.033382670142364e-06
00:38:00;145;1.141664311629401e-05;1.1969324146729711e-05;5.3952449805656034e-05;1.3572916738010834e-05;1.2348094802338107e-05;1.2195707963836743e-05;1.441117469560347e-05;8.853182010684888e-06;9.174984504185927e-06;7.14868177776783e-06;1.4086229730930262e-05;1.2756699431096505e-05;7.48963314058735e-06;1.7956675142856554e-05;7.0057339465796016e-06;1.3625112048050394e-05;1.2892587170726177e-05;1.328321906517494e-05;1.5425525551891732e-05;9.40720713204635e-06;9.48008394666028e-06;7.284017708772371e-06;1.48713834393295e-05;1.3669824073974579e-05;7.924854384604075e-06;1.830694451845248e-05;7.46112683269599e-06;4.5492135230609524e-05;0.00012279223378499092;0.00021959435098392748;7.082790465960118e-05;8.238791375136614e-05;3.226285248487919e-05;1.0311932450268435e-06;1.8408850706628477e-05;3.644522683800176e-05;1.611301289499733e-06;6.968575223490392e-06;9.606859469850603e-06
00:38:16;146;1.170096922206457e-05;1.229730290255754e-05;5.134537830359202e-05;1.3446935025998838e-05;1.4958400368217637e-05;1.462644969763005e-05;1.410483737887799e-05;1.0242312118758822e-05;6.201700308526949e-06;1.605247481380316e-05;1.4677476448293254e-05;1.3112408911876049e-05;7.537809692789469e-06;8.320824562702e-06;7.1299976266526634e-06;1.3726994323785877e-05;1.566590653274494e-05;1.5656148022997834e-05;1.4919781866019203e-05;1.0924516170200172e-05;6.415147144932085e-06;1.5924580600744486e-05;1.577097541312584e-05;1.3976517292104301e-05;7.94491059054905e-06;8.977747838107923e-06;7.664406099668011e-06;3.922571817542682e-05;0.0001532089229761903;0.00015754903209768892;7.297037055663692e-05;8.506822048321582e-05;4.0560888212175594e-05;1.341760863010076e-06;1.9297979752872377e-05;2.9540641177648757e-05;1.5754565844052443e-06;6.485857402236237e-06;9.319691361597095e-06
00:38:32;147;1.2775336023971498e-05;1.3356704803760593e-05;9.07427174457451e-05;8.367632565993558e-06;1.048537125052979e-05;1.7317664425707914e-05;1.5540533455164635e-05;1.8708789597936132e-05;7.709993600325436e-06;6.437233318995988e-06;1.1747767014857015e-05;2.6947263203231326e-05;1.2782504181917499e-05;9.276347024664036e-06;7.982929131148095e-06;9.015172531977856e-06;1.0851627157995907e-05;1.77444167381014e-05;1.6625064089094862e-05;1.9966561029821007e-05;8.220990689033333e-06;6.519534972079482e-06;1.2665411143448009e-05;2.6761746338234856e-05;1.3466725479851955e-05;9.945056470176588e-06;8.498147732857835e-06;6.867909516605482e-05;0.00015191120495934628;0.0005951056691219032;9.389428386710133e-05;8.198234399745863e-05;1.7541386767057546e-05;1.6012115977831153e-06;2.176910941243832e-05;3.602558664807162e-05;2.5718056801135235e-06;5.709513775897616e-06;1.2121398355715083e-05
00:38:48;148;1.1831020752982692e-05;1.2510762586961264e-05;8.418935758052152e-05;6.9655597411223304e-06;2.2914230887687896e-05;1.2039586132898835e-05;1.4442476563529413e-05;9.919712934705869e-06;9.735846539626891e-06;1.3448592861080174e-05;1.2324176197544354e-05;1.4964637520103514e-05;7.816174326920459e-06;7.894412671692987e-06;9.506839222436527e-06;7.580749228555426e-06;2.374424755406018e-05;1.3211653810996516e-05;1.5543769084707734e-05;1.0487320835210671e-05;1.000937365599292e-05;1.330330430011853e-05;1.3635910893097826e-05;1.5556438599180437e-05;8.49302521117674e-06;8.363704539447156e-06;1.0199648953328253e-05;6.8369402437206e-05;0.0001354208397551979;0.0005088149384759566;0.00011991927511558644;7.011988995343122e-05;2.5593678749951078e-05;1.071935236812789e-06;1.837627867119387e-05;4.450390509429225e-05;1.390896962448959e-06;6.589834800134928e-06;1.0101415714046163e-05
00:39:04;149;1.0398111960150594e-05;1.1178951158226597e-05;8.221551625534004e-05;7.453004354441749e-06;1.1277356133053797e-05;1.51191197284623e-05;1.235539354576593e-05;1.0466228390142037e-05;1.0040943308808892e-05;5.2934550073370126e-06;1.2139342573582532e-05;1.386048919533261e-05;9.113006764881572e-06;7.918098781090066e-06;9.740902540820365e-06;8.052983785206909e-06;1.1993980668976982e-05;1.585401222183475e-05;1.3747365163091004e-05;1.1249824255277349e-05;1.0087414886607181e-05;5.723924805121747e-06;1.3299634851643497e-05;1.519845006407218e-05;9.960621579771616e-06;8.907263858003993e-06;1.0071933864977997e-05;3.902543649485644e-05;0.00010076698440802321;0.000500395816878059;0.00016567082087882016;8.850500475607845e-05;1.9939077648437627e-05;1.6374601550829059e-06;2.015484253463635e-05;3.3837601155830215e-05;1.5631060812791425e-06;6.464905614007245e-06;8.625138458969836e-06
00:39:19;150;1.1903935622761061e-05;1.2409688886553432e-05;9.558915274467513e-05;1.0818003700437243e-05;1.5499451554293582e-05;1.6338342883221397e-05;1.3166568240695721e-05;1.0688235661859835e-05;6.269631696395353e-06;5.710733306200795e-06;1.0461464774054589e-05;2.0599403304738022e-05;6.307928180924384e-06;1.831719253495769e-05;8.67026820246379e-06;1.1173606138452416e-05;1.6317968413803307e-05;1.6988387892812584e-05;1.4185069699987586e-05;1.1146834499931738e-05;6.560956808819275e-06;5.914587590372252e-06;1.1314535871101323e-05;2.0945852893534342e-05;6.713417014562086e-06;1.8395429154374648e-05;9.259615926336515e-06;6.588477771811285e-05;0.00011365043734704322;0.0006044979184341362;0.00019290724235852103;7.427453373342214e-05;2.4282544114232476e-05;2.2565575702850157e-06;2.0511621399404305e-05;2.961500462611428e-05;2.3573881205958485e-06;6.799816695105507e-06;1.0031990819128596e-05
00:39:35;151;9.70234692038668e-06;1.0424788555771752e-05;7.983541120696008e-05;7.225039031701706e-06;1.610377116957228e-05;1.1514844580708747e-05;1.198631333274782e-05;1.0597771144851073e-05;8.204298449821966e-06;4.819448527371151e-06;1.566674005782819e-05;1.099440006413488e-05;6.062569372906006e-06;7.582075732996558e-06;5.67088778586305e-06;7.770761765388233e-06;1.7226520314948232e-05;1.2275369954295456e-05;1.3212213012087012e-05;1.1329000566939048e-05;8.231918826235806e-06;5.242897175983533e-06;1.6964819270136025e-05;1.1976677042990627e-05;6.8431770413081735e-06;7.98672698105684e-06;6.037377514513548e-06;5.589528502624025e-05;0.00010391325838130624;0.00041134638213896537;0.00019078337556852716;9.288623932641706e-05;3.0690118279958865e-05;1.414776071426777e-06;2.0894031946657285e-05;3.319278429159127e-05;1.6637286156875714e-06;6.767285212933216e-06;8.57766962380985e-06
00:39:51;152;1.1876066262123624e-05;1.2503146029337564e-05;5.59324091880104e-05;7.548577461203752e-06;1.9955986464930735e-05;1.4582695898339312e-05;1.8817892710258505e-05;1.1966057684276166e-05;6.758295296807856e-06;5.627862793163145e-06;1.2217574280916985e-05;1.4125467956205284e-05;1.1241332553621222e-05;8.834363257583597e-06;1.0836685009058494e-05;7.83910010358329e-06;2.069428695835132e-05;1.543850805918035e-05;1.9880265680040806e-05;1.2820945058489156e-05;7.21829909235578e-06;5.904496893441619e-06;1.3180057234007385e-05;1.5213705237444248e-05;1.1488478609367754e-05;9.264778471540783e-06;1.1094828320743038e-05;5.905972940530833e-05;0.00010394007678732271;0.00025055517872172873;6.362770656162794e-05;8.243607530474251e-05;2.0862101366772484e-05;1.1777746194235465e-06;1.772965630261849e-05;5.227985327127572e-05;2.8236167684607607e-06;6.985629489445221e-06;9.711511657398298e-06
00:40:07;153;1.174732770953762e-05;1.2555006303702175e-05;4.305702226199942e-05;1.5375249632980243e-05;2.5431719306952388e-05;1.3956244642217412e-05;1.431083720665976e-05;1.1673322880121553e-05;9.038190526182307e-06;5.611101634237705e-06;1.139460580258277e-05;1.2034596340723427e-05;7.088426942464759e-06;7.590465751212088e-06;7.463168137953537e-06;1.5898426255849308e-05;2.72734431734845e-05;1.4821835733689309e-05;1.51067802510659e-05;1.266233897395874e-05;9.291300885487993e-06;5.7843654021665696e-06;1.2697500948623983e-05;1.3555336604613216e-05;7.668624831136253e-06;8.027236421921885e-06;7.872881396215696e-06;3.109497344139435e-05;9.57627610634379e-05;0.00013080807956035686;6.272874152532762e-05;9.038207048072913e-05;3.4892921197808665e-05;1.6237358047455043e-06;1.855057051394709e-05;3.565816782719375e-05;1.8026133435907588e-06;6.204363649027259e-06;7.175268736434244e-06
00:40:23;154;1.0267339605589273e-05;1.0992641191593595e-05;8.44871631120703e-05;9.636611577238083e-06;1.1017907296336075e-05;1.2257096654169883e-05;1.1901609279360317e-05;1.485024416519371e-05;8.813343268601868e-06;7.391960507938868e-06;1.1385179719396051e-05;1.1206301021037358e-05;8.45031297364523e-06;8.440567382644366e-06;7.85693800121511e-06;1.0061654019052725e-05;1.1502740033139634e-05;1.3084891110384554e-05;1.3518533187725322e-05;1.6169367841663373e-05;9.031828488366933e-06;7.628493901243422e-06;1.2431938477122827e-05;1.1984337878039938e-05;8.996671625292165e-06;9.08184165958038e-06;8.419392209281242e-06;6.305871744937306e-05;0.00014420677747346483;0.0004929206285840242;0.00011624589282724944;7.860492810925687e-05;3.211256620069366e-05;1.969510087328393e-06;1.8406594681776522e-05;4.8321315806704464e-05;1.5632526076429275e-06;6.976394950084266e-06;9.459378567245277e-06
00:40:39;155;1.0535238604089416e-05;1.1244248422441114e-05;6.266791176440645e-05;6.765592815841356e-06;9.762078953847528e-06;1.0597529757980986e-05;1.3057908120117645e-05;8.774176447058256e-06;9.660696235869182e-06;9.590901566592823e-06;1.4895625016916627e-05;1.2196965094155779e-05;9.389609913186673e-06;1.4565924671346279e-05;7.1658509403443365e-06;7.201453443002132e-06;1.0162333119642195e-05;1.1769920472690064e-05;1.4362050714674907e-05;9.689814714299327e-06;1.011263127191894e-05;1.002099626435389e-05;1.6133372142415085e-05;1.2728314180128996e-05;9.711483684602367e-06;1.5121641762895787e-05;7.916965456342375e-06;6.953783967129392e-05;0.00012967629975055325;0.0003004032858945568;6.919461916454888e-05;8.880689917765194e-05;2.0205389367586974e-05;1.4306194075288479e-06;2.035312738885347e-05;3.288865889461183e-05;2.349361651412354e-06;8.033087419362264e-06;9.13575338491697e-06
00:40:54;156;1.1832255765398259e-05;1.2669743089737736e-05;6.004794585178316e-05;9.875672737600574e-06;2.0560061884111747e-05;1.1007132387936219e-05;1.7168598123941013e-05;9.347009990082453e-06;1.0902526971082436e-05;6.124045395885312e-06;1.3790464552440342e-05;1.953649370601728e-05;7.863861879413166e-06;7.5564296818955965e-06;8.25476789953231e-06;1.0767624264443367e-05;2.176073968844839e-05;1.2124103751041649e-05;1.8534124885977518e-05;9.93431786476241e-06;1.0823686536724968e-05;6.41821858912811e-06;1.50219506901487e-05;2.0763927911698546e-05;8.663452360992721e-06;8.546614561607925e-06;8.678153853561756e-06;4.9364112028678174e-05;0.00010813291491987727;0.0002595406885784116;0.00010009121699718338;9.168996799347789e-05;3.3239915919204465e-05;1.2468830924035912e-06;1.9165478776889683e-05;3.978141139664094e-05;4.05130057215684e-06;6.266210971845073e-06;8.005248974628878e-06
00:41:10;157;1.186936934774704e-05;1.262638508268526e-05;7.533318609504224e-05;2.260003524477063e-05;1.1688484128378398e-05;1.4878723568110466e-05;1.3794358604389924e-05;9.732921042691281e-06;9.162175692396927e-06;7.259927872770401e-06;1.637222229724309e-05;1.0968542009043796e-05;8.92756671239619e-06;7.776210502186132e-06;9.271261307281458e-06;2.3793469798748227e-05;1.2223086551911584e-05;1.554558946713481e-05;1.5009068595680197e-05;1.0693539335781818e-05;9.714848717141902e-06;7.366090648811454e-06;1.7441876664208073e-05;1.1930005159597443e-05;9.57012716293021e-06;8.394592447374738e-06;9.834322669650899e-06;4.997739794218493e-05;0.0001517776781529995;0.0004615422670185044;6.454214579330465e-05;7.678454830719677e-05;2.455575288232743e-05;9.516787247594315e-07;2.0427551839969373e-05;3.4590892111451774e-05;2.002968176059102e-06;7.462106540888014e-06;9.383245650861496e-06
00:41:26;158;1.1828946050875608e-05;1.2504344121674577e-05;8.406536988897943e-05;1.279907213555279e-05;1.5130123319874077e-05;1.290395986007876e-05;1.4341610169181381e-05;1.6902709285075574e-05;8.960725142902572e-06;5.473371248272811e-06;1.4589685000807798e-05;1.4112044907351033e-05;1.0259523355154505e-05;8.382008448780777e-06;8.092516187668314e-06;1.3630015191550608e-05;1.6032788325786365e-05;1.373805144230343e-05;1.5605687564592572e-05;1.7042071450777244e-05;9.385881070027355e-06;5.884457193674222e-06;1.5659428155933847e-05;1.4946157580773534e-05;1.0870844901926577e-05;8.842207494759535e-06;8.414535982468162e-06;8.957145761687053e-05;0.00012852590813711005;0.000483966289933465;0.00011015397647166979;8.570773503406691e-05;3.442827108893355e-05;1.1784485837680028e-06;1.849991588758833e-05;3.831303400842274e-05;2.2809851747161965e-06;7.045425064543374e-06;9.112991666598449e-06
00:41:42;159;1.28109426808268e-05;1.340756645294266e-05;0.00013702138101818687;9.540700011195275e-06;1.9406868951612275e-05;1.7405907375301798e-05;2.0167291482535305e-05;9.237405099585514e-06;9.95640901764587e-06;1.3334243756834109e-05;1.2991155755189125e-05;1.729506924939208e-05;7.218164706108093e-06;9.83243523513331e-06;7.345657677601284e-06;1.0238584522246324e-05;2.0079452825265883e-05;1.7694603908999347e-05;2.1113343975713767e-05;1.014464778793958e-05;1.0511200395705623e-05;1.3086090682089533e-05;1.4019251328228407e-05;1.7599902750152056e-05;7.619024443878907e-06;1.0372464888100292e-05;8.412225724896416e-06;7.132152551259502e-05;0.0001106507582908327;0.0009237027472808217;0.0003605821479742968;8.255646351474057e-05;2.0691341041340204e-05;1.3550351553315083e-06;2.7097220981997154e-05;3.0424785343090315e-05;1.5183176599512298e-06;6.61972698795615e-06;7.73650247528858e-06
00:41:57;160;1.1444179734935874e-05;1.2155449290224204e-05;5.800038160302245e-05;9.15042851736623e-06;1.2579593501982345e-05;1.0939787468477004e-05;1.6999797842551992e-05;8.985993700088619e-06;9.101872741400609e-06;1.3607776290830936e-05;1.2280444445748758e-05;1.9801713927398108e-05;6.435716713972604e-06;1.085309064243554e-05;6.593937452301836e-06;9.65451223421525e-06;1.3336813325726257e-05;1.2316851443526353e-05;1.830336599066615e-05;1.0085030162717655e-05;9.445300160614697e-06;1.3526589727801745e-05;1.3378349614891082e-05;2.025720668019789e-05;7.070272889145196e-06;1.1623150155024125e-05;6.8679466661291645e-06;5.957759745503733e-05;0.00014997546014159483;0.00023986105268343258;6.103783748845972e-05;9.651873923216593e-05;2.5053141858609947e-05;1.229346349247079e-06;1.988378878811339e-05;2.4097104469058983e-05;2.3090867502097305e-06;6.957419965819563e-06;9.504004054520148e-06
00:42:13;161;9.673969618585364e-06;1.0463611010603512e-05;6.365000438839148e-05;1.096254278497678e-05;1.4466792483796615e-05;1.1074350405108776e-05;1.2400886989444809e-05;7.985158769036554e-06;7.737295704983312e-06;4.876685091142525e-06;1.284857819169619e-05;1.1911863054401486e-05;6.090293834339698e-06;7.279872309983272e-06;8.453311994313397e-06;1.1421250355506576e-05;1.5392892041572964e-05;1.2154182536793502e-05;1.3962918251021205e-05;8.813918732731865e-06;8.111347246016567e-06;5.341357949919832e-06;1.3730171637770225e-05;1.293326003857906e-05;6.637130107126815e-06;8.068526191972167e-06;8.99637426657505e-06;5.7736924967535254e-05;0.0001595757678436863;0.0002642026711147733;8.700133635193479e-05;8.799508570283394e-05;4.453060337485341e-05;1.2841260408791843e-06;1.7497014371210502e-05;2.708686569486339e-05;2.92478786946281e-06;6.9480444048890694e-06;7.016824923775966e-06
00:42:29;162;9.331340535823074e-06;9.98498141103206e-06;6.128827656287345e-05;6.622321773296459e-06;1.6390375430381194e-05;1.2213002687066034e-05;1.2245845946975722e-05;6.7655900282530146e-06;7.55023509797907e-06;4.247958045443635e-06;1.1093135962622371e-05;1.1104348144835347e-05;7.884572809757628e-06;8.503518766709497e-06;7.355178038181975e-06;7.010340100983924e-06;1.7012764284935414e-05;1.32389368330603e-05;1.3192136037427581e-05;7.799112986101101e-06;7.868034198152231e-06;4.637491197402746e-06;1.2005437211088594e-05;1.2019274367094688e-05;8.318592744551178e-06;8.860464570520716e-06;7.857190410827052e-06;4.625014032225928e-05;0.00017059123891826133;0.0002763474488573394;7.045697417475534e-05;7.963751095327906e-05;1.9304111222382677e-05;1.0567091003496505e-06;2.029622169851442e-05;3.279905905397484e-05;3.127699174654007e-06;7.079784624120875e-06;8.512420654590336e-06
00:42:45;163;1.1190512567664387e-05;1.184542045998166e-05;9.091932050957117e-05;9.063675975731009e-06;1.2072121933215385e-05;2.0401498214927084e-05;1.7327831365967292e-05;1.223203767673133e-05;6.710420297973872e-06;7.855189055499585e-06;1.0509811241893823e-05;1.3134269810744957e-05;6.132920896300737e-06;9.897314539325015e-06;8.949056224464998e-06;9.79325912777324e-06;1.273331782855005e-05;2.0395403812990134e-05;1.831904486193074e-05;1.3810434602764641e-05;6.9291586441977415e-06;8.464214980576109e-06;1.1025465108657585e-05;1.4325369031925956e-05;6.761292268815332e-06;1.021248146594477e-05;9.375601376643917e-06;6.788990246421238e-05;0.00017795093658171696;0.0005453180857835985;0.00011829624486653413;8.711089989559933e-05;2.3560957028026632e-05;1.6312281070379811e-06;2.0061711610439398e-05;3.108003388925183e-05;1.350462363695497e-06;6.415460847500546e-06;1.0365922677241056e-05
00:43:01;164;1.0245103206846744e-05;1.0812092989022236e-05;0.00011107184702452721;8.40453359271268e-06;1.0539309446177082e-05;1.7325814212654223e-05;1.2413841806784893e-05;8.616671744929052e-06;8.550980460597657e-06;5.209346561876125e-06;1.1679362074801247e-05;1.529649378410754e-05;9.277981514540814e-06;8.124294939581102e-06;7.502604798759194e-06;8.835903447360107e-06;1.1361791425597517e-05;1.7747756707729976e-05;1.3623812241970467e-05;9.192735151258073e-06;8.79099473457222e-06;5.673285737499054e-06;1.2344623635588597e-05;1.6012497199662442e-05;9.808767969578967e-06;8.44526557787653e-06;7.907679164303243e-06;5.9042659847927e-05;0.00016557087322154065;0.0007301605347149809;0.00021377175861714788;7.905354012070779e-05;2.0694979101091468e-05;1.723046106997639e-06;1.8465183263666815e-05;2.8883632121809064e-05;1.8924463686847632e-06;6.426666168782937e-06;7.176844640989641e-06
00:43:16;165;1.0226297547433205e-05;1.08838516259507e-05;6.829015590478287e-05;6.3775747336917865e-06;9.335382454299758e-06;1.3716447085698746e-05;1.2295995221930669e-05;9.483350466930254e-06;6.253767044742372e-06;9.845848003403097e-06;1.6855144097731184e-05;1.0817080606593457e-05;7.244923693538009e-06;9.709191220059148e-06;1.0780862789968895e-05;6.896637439205756e-06;1.0398918825155271e-05;1.4592869636636593e-05;1.3438631499354149e-05;1.0309955659747025e-05;6.597061949637291e-06;1.0082042466866035e-05;1.7633402156989867e-05;1.1476118795109891e-05;7.485111957895599e-06;1.016744408843806e-05;1.1528021700599576e-05;6.304623510199269e-05;0.00013216412088043946;0.00036998775839877803;8.913932410845386e-05;7.202722400067338e-05;2.127743949444456e-05;1.5217610433295744e-06;1.8122532268478476e-05;3.682648669342002e-05;1.8043633115170732e-06;6.308012982889924e-06;7.256612572977425e-06
00:43:32;166;9.692132395726235e-06;1.0420501687032719e-05;6.864199661490293e-05;6.379090776094514e-06;1.1059852181719263e-05;1.1471036854454104e-05;1.2266941887162375e-05;1.0191200593887764e-05;6.873527925095728e-06;7.2240598256521276e-06;1.0665544422749917e-05;1.5147929586718915e-05;1.0166861109439651e-05;7.120716159905979e-06;7.73882381950712e-06;6.946353130819883e-06;1.1848208982249887e-05;1.267753162244821e-05;1.3410048394908251e-05;1.0884604109056063e-05;7.161286726219674e-06;7.702348212556967e-06;1.1498577690342901e-05;1.6288511595788967e-05;1.0678411301710242e-05;7.839387808992716e-06;8.110746190900902e-06;5.110690323000515e-05;0.00012194061273063916;0.00029836354012976785;0.00017757833183273036;7.01995140078536e-05;4.512052984169908e-05;1.442139341673533e-06;1.932284611006475e-05;1.9539634978214374e-05;4.074228659453323e-06;7.985339991084418e-06;7.0303385256494584e-06
00:43:48;167;1.201907632910413e-05;1.2504895494203083e-05;0.00010938663616981274;9.237877651845462e-06;1.1248032750705244e-05;3.317817930534065e-05;1.1488682016714723e-05;7.774046318848542e-06;6.218550470681418e-06;9.833996144757087e-06;1.0749367301731251e-05;1.6795381673711578e-05;8.53041294781385e-06;9.872097198059361e-06;9.302288294644644e-06;9.475182915720544e-06;1.2160227522110312e-05;3.285023335074929e-05;1.2641509300332864e-05;8.458268128586358e-06;6.4701848484069566e-06;1.0082833232215158e-05;1.1285107869102657e-05;1.7689357390955144e-05;8.803057754229933e-06;1.0177819206811491e-05;9.964961291304082e-06;6.805156168433445e-05;0.0001702637285762024;0.0007386458625332792;0.00015600252301852533;8.201835748071964e-05;1.8236603111407414e-05;4.037618295010398e-06;1.8607205693838085e-05;4.0933173679815615e-05;1.920862825231502e-06;7.341910982142853e-06;6.580226157246495e-06
00:44:04;168;1.0076659915047127e-05;1.0699859282069639e-05;5.0139901425495604e-05;1.0636408438296547e-05;1.1399226592474902e-05;1.0914490775736464e-05;1.7207486224761354e-05;7.619611752380189e-06;8.188011214826929e-06;6.8321082296243025e-06;1.2040112505541277e-05;1.4619355007219134e-05;7.5101596324471265e-06;8.192800442750261e-06;5.760144820111567e-06;1.1319390776844568e-05;1.1824171854676002e-05;1.1822182720687677e-05;1.7514717242941318e-05;8.403481500333985e-06;8.338984082024869e-06;7.374885879909027e-06;1.3581764678632151e-05;1.531889070583584e-05;7.993990251795562e-06;8.699504207148102e-06;6.206342225630555e-06;4.7032794222237876e-05;0.00015573950295009876;0.00018773440651597022;4.6775528686323695e-05;7.687613510647047e-05;2.1894208654765684e-05;8.392763618787693e-07;1.7257948203905883e-05;2.9744878263156728e-05;2.994154385204275e-06;7.081310368554128e-06;7.708673387380714e-06
00:44:20;169;1.0753297676625483e-05;1.1579371880831292e-05;5.8859984879516815e-05;1.3263790075319031e-05;2.0734101202502973e-05;1.0196227033919637e-05;1.4914160210175645e-05;9.886492736396493e-06;6.844116941548154e-06;6.8888085048063825e-06;1.0909296057868481e-05;1.2513785301719468e-05;6.8497430244204596e-06;7.92885052838053e-06;8.110196779527582e-06;1.430196125741681e-05;2.1854596260582874e-05;1.1244292607765992e-05;1.616106523146346e-05;1.0923839603999078e-05;7.3794169307066e-06;6.858880086136058e-06;1.1801797133753271e-05;1.3750741264986942e-05;7.479763369218157e-06;8.33726103279977e-06;8.858842475207514e-06;4.026483414783564e-05;0.00011795201244558246;0.00030234429600886577;9.14765052221783e-05;7.342404533089291e-05;1.793347842022205e-05;1.5842300859125717e-06;1.752802331269469e-05;2.734342724485689e-05;2.674403437107243e-06;7.1758725350369435e-06;6.61869036301632e-06
00:44:35;170;1.0198872053799526e-05;1.0896944884366291e-05;6.252175497349962e-05;1.1174197069217165e-05;1.384589052639223e-05;1.0476768183826318e-05;1.3149541333942496e-05;7.806324219281826e-06;6.802395828034688e-06;1.2115655043422954e-05;9.762057886901362e-06;1.0847081096120416e-05;5.8976249467884205e-06;8.65073121047999e-06;1.1858193964542352e-05;1.1655921568916124e-05;1.4258676648889285e-05;1.1502543110267813e-05;1.4107588706597025e-05;8.983992676251005e-06;7.0139335203069244e-06;1.2125660506643715e-05;1.053983421311559e-05;1.204457203130005e-05;6.5078716033895034e-06;9.301828551450612e-06;1.2720912254620469e-05;6.123057892442331e-05;0.00015817866015742024;0.00028015685405586086;6.517008977188776e-05;9.329390296142125e-05;2.3029564665738862e-05;9.52012782736982e-07;1.659588265475666e-05;3.4603651382812734e-05;1.864239046319671e-06;7.204881893166397e-06;7.980741385450659e-06
00:44:51;171;1.2202647708777063e-05;1.2921193680269909e-05;5.7286958524901636e-05;9.498757526800587e-06;1.0118335697225946e-05;1.0876200792027516e-05;1.3651538257487449e-05;3.06972093384998e-05;1.3601584334630637e-05;7.130475797367808e-06;1.188053224800776e-05;1.3976162347520669e-05;8.465985767455466e-06;8.519803003537163e-06;8.015183901477485e-06;9.794687920924545e-06;1.0683070194076369e-05;1.2200603037002376e-05;1.4611751391350503e-05;3.259097447190021e-05;1.379814312149162e-05;7.517964503895661e-06;1.3010287999994816e-05;1.4538882526180771e-05;8.724300923974244e-06;9.338594195526905e-06;8.245060164110235e-06;7.45312265766147e-05;0.00014636653826389219;0.00020631865629051787;5.9153800752615116e-05;9.64033913080358e-05;3.497669280209073e-05;1.4467788113952198e-06;1.911031115735213e-05;3.1128572493909996e-05;2.62266550314198e-06;6.9222410190233224e-06;8.462627320230651e-06
00:45:07;172;1.2719952134819902e-05;1.3354076743987978e-05;5.119940509146199e-05;7.137917280756896e-06;1.545258889993048e-05;1.0156794032732044e-05;2.95921614433713e-05;8.037938676026938e-06;7.653670774810838e-06;2.3484029242772728e-05;1.104875044756103e-05;1.7750742057645848e-05;7.0998639820629705e-06;8.88085300813786e-06;6.344112105306397e-06;7.643588243716962e-06;1.655094357501403e-05;1.120383161764085e-05;3.068612533775483e-05;9.136063701727743e-06;7.671570609643454e-06;2.293980034227377e-05;1.1974112164318307e-05;1.8873497572689923e-05;7.363640852878534e-06;9.509928445425696e-06;6.6958149419187514e-06;5.791399160479217e-05;0.0001081792572051737;0.00022062702693914917;6.252172389725915e-05;7.406631712673787e-05;2.0643480067680916e-05;8.58909136504899e-07;1.926392361650567e-05;3.4304949400738685e-05;2.2327014558485336e-06;6.966130624175598e-06;6.8144500229776665e-06
00:45:23;173;9.77371024387966e-06;1.0520641382432195e-05;7.596931996227382e-05;1.4108695495451684e-05;8.876397777286952e-06;1.0929182477329133e-05;1.1823214337105334e-05;1.1830876098754702e-05;6.746410735432433e-06;8.011047513437317e-06;1.0370130899611302e-05;1.4264488555036017e-05;6.5401496271988435e-06;7.630651195840569e-06;6.153274460468145e-06;1.5194607333831278e-05;9.469962951467856e-06;1.1988893997504765e-05;1.2727344641508019e-05;1.2980090579869192e-05;7.195483116839004e-06;8.454121535014334e-06;1.1297131832294856e-05;1.4882545011586664e-05;6.931289941418026e-06;8.349489355997677e-06;6.776732197689439e-06;6.285933928710347e-05;0.00016686937441125403;0.0004149565630455158;8.8458004859213e-05;9.546092128516153e-05;1.5536682321871846e-05;1.0896506671345974e-06;1.812146777324501e-05;3.226573306221555e-05;1.573372416420216e-06;7.175891750669211e-06;7.264838667481599e-06
00:45:39;174;8.91760975463285e-06;9.676773849686113e-06;6.0363284290066604e-05;7.6179804954728585e-06;1.2540359863583655e-05;9.659134815623558e-06;1.1705612770640528e-05;8.606431191796302e-06;6.49736755969405e-06;5.021573543731702e-06;1.4627880648018534e-05;1.1638373676832584e-05;5.689668522344184e-06;6.910824311680906e-06;6.496105857678458e-06;7.876301148101021e-06;1.3594308832499693e-05;1.0917671295805743e-05;1.3046535496880696e-05;9.304617539978781e-06;6.828460950773545e-06;5.356330892119573e-06;1.5428531282217407e-05;1.291492395766103e-05;6.165647138476732e-06;7.661838544318246e-06;7.026113870537463e-06;6.0757897818377065e-05;0.0001475976118597054;0.0002337677736881125;9.327775418952825e-05;8.095221917574456e-05;3.5949969479067146e-05;9.762398037635663e-07;2.5694624797998676e-05;2.8392594374017444e-05;1.7542161150811902e-06;7.666361607259196e-06;7.572148572144196e-06
00:45:54;175;1.0129666636967984e-05;1.0887533110839793e-05;4.230263219186722e-05;7.174379409749773e-06;1.8918098844396397e-05;1.4378188505500846e-05;1.226805104631074e-05;1.2708063006269557e-05;7.4172021620390956e-06;7.066728545042493e-06;1.1648488614406977e-05;9.539606584109027e-06;6.124671960544054e-06;6.5002505203117584e-06;7.812266691654589e-06;7.662825513002242e-06;2.0032661705966036e-05;1.5308213640977718e-05;1.3308145776424186e-05;1.366824795419418e-05;7.777290060794602e-06;7.4804359837223355e-06;1.2916786119281433e-05;1.050886110050082e-05;6.620634601720759e-06;7.248751306270847e-06;8.117539175168819e-06;5.4937178663063184e-05;0.00010086279142061105;0.00011560252127483173;5.0990512812755244e-05;9.928303271782767e-05;2.4747945338661533e-05;1.2620848828293771e-06;1.648731183910604e-05;2.6340607962604585e-05;2.362553238188469e-06;7.534581863681721e-06;7.2204642882458375e-06
00:46:10;176;1.0004009208263266e-05;1.0727271371792937e-05;8.885510111739758e-05;6.631636104582515e-06;1.2053008097206492e-05;2.3193647042386477e-05;1.4041670058614644e-05;7.513413891693042e-06;7.925936399482742e-06;7.71758993487672e-06;1.052820901747964e-05;1.2195782495894036e-05;5.482486849475973e-06;6.629865660750573e-06;6.134861514471947e-06;7.249026134847059e-06;1.2381177315592716e-05;2.410416221474533e-05;1.5385742987251156e-05;8.41654531241953e-06;8.17909988689257e-06;8.106534542554372e-06;1.1628911314674732e-05;1.3123895665627014e-05;5.739912674333119e-06;7.729987604002015e-06;6.682256517257274e-06;6.558158512970442e-05;0.00017675281833911004;0.0005435902486804533;9.817565609488929e-05;8.31236787271789e-05;1.975547553006057e-05;2.3278229651228517e-06;1.8905446786951185e-05;4.206830964136397e-05;1.8200769321902206e-06;7.30935911195136e-06;6.850735469794899e-06
00:46:26;177;8.314934877195025e-06;8.973431289908874e-06;8.082835114619314e-05;6.321919925253186e-06;1.0756322595284473e-05;9.783226439388024e-06;1.1823359098560683e-05;7.173174716515715e-06;6.675153561210643e-06;5.082326961704873e-06;1.0705349363346075e-05;9.851053692696867e-06;7.0181787163195706e-06;8.096798215330058e-06;6.492351895688713e-06;6.6374605760561105e-06;1.1617976074203512e-05;1.0809030610991751e-05;1.321621377566679e-05;7.994168414900085e-06;7.0974935359900665e-06;5.484367010513445e-06;1.1315368444425249e-05;1.0788030309252267e-05;7.326956504964729e-06;8.536751390894569e-06;6.857354123837203e-06;6.175738198681239e-05;0.0001248096990363603;0.0004646901604190334;0.00014800470435957387;9.10051788582092e-05;1.6805587584898884e-05;1.2542675476361562e-06;1.823084071606557e-05;2.6363715536388273e-05;1.7536300194896142e-06;7.422153153033863e-06;7.842894536816383e-06
00:46:42;178;1.0291264752543777e-05;1.1134871254145327e-05;5.4079881380260126e-05;1.3206559718784403e-05;9.913466707251411e-06;1.4820741822967937e-05;1.0968331411282344e-05;8.22662827459908e-06;1.2734496184340184e-05;5.605515791984317e-06;9.938366685250086e-06;1.1846166046971327e-05;9.468973853575914e-06;8.641555744759444e-06;8.124371297733226e-06;1.4073739892617457e-05;1.0686979916085242e-05;1.5972567550157186e-05;1.2369308438516057e-05;9.141512579464941e-06;1.3100656510284317e-05;6.0762570746756186e-06;1.082942342207711e-05;1.2821444399861907e-05;9.898608616051114e-06;9.655700448749048e-06;8.992253449694637e-06;6.301142752786666e-05;0.00010844876002616866;0.0001912798102693676;9.302289892678756e-05;8.250371252609835e-05;4.598026305695727e-05;1.0990584665940141e-06;1.8539934131944587e-05;2.930308683938675e-05;3.205620512217706e-06;7.130582992381357e-06;5.433421287350918e-06
00:46:58;179;9.53882748562633e-06;1.0165935996558836e-05;8.504089703706088e-05;6.384742328048208e-06;9.771870207554333e-06;9.51831587253144e-06;1.2203288025344508e-05;1.074843897441724e-05;6.081014526996982e-06;1.2924602510173083e-05;9.925086377971969e-06;1.4129351045772347e-05;5.858434793282186e-06;1.0461292164491583e-05;6.459489234086649e-06;6.898954687798484e-06;1.0254938750889939e-05;1.061566380013585e-05;1.3211668161441398e-05;1.1372870348962731e-05;6.491578532508287e-06;1.2909651144858614e-05;1.0923534589408841e-05;1.4816817901755943e-05;6.219604062918526e-06;1.109520319949274e-05;7.180743698916535e-06;7.093765445193778e-05;0.00016101518980350695;0.0005085286512041931;0.00011170082529825574;7.554768607357809e-05;2.349916133285344e-05;1.274692439993443e-06;1.830989280188691e-05;3.067642713046312e-05;1.9339889184522e-06;7.197377307923906e-06;9.869217681685982e-06
00:47:13;180;1.0921484944374656e-05;1.160591107438012e-05;0.00012296407914991854;7.24856688675986e-06;8.828015111816967e-06;1.0369751622557095e-05;1.7365136495134887e-05;1.197783812110422e-05;1.4772244805979797e-05;1.335555960676774e-05;1.073558136513694e-05;1.6570233804393617e-05;6.702357168819617e-06;6.80953742944594e-06;6.322993485241568e-06;7.656344062329308e-06;9.807486537594534e-06;1.139973475594299e-05;1.8583661746756833e-05;1.2857254331939209e-05;1.4586073259032432e-05;1.3485417829416073e-05;1.1867785234025626e-05;1.733622312839762e-05;7.225326936361542e-06;7.680723085079219e-06;6.784897835396931e-06;7.206333490910264e-05;0.00012211121689991743;0.0006435984638573474;0.00040766399905014963;0.00010692526726519954;4.846575097652684e-05;1.3901688705033017e-06;2.2791953946763192e-05;3.463542051287822e-05;2.094143554544016e-06;7.255212227166824e-06;6.57401772892333e-06
00:47:29;181;1.0018560741090452e-05;1.0796094781504e-05;6.961968898738385e-05;6.897908394617761e-06;1.426520778641754e-05;1.0899412018907448e-05;1.2575085147080824e-05;7.741565763229698e-06;8.885620355866566e-06;5.112338117770192e-06;1.715337248500956e-05;1.1554179099381269e-05;6.825894691011379e-06;1.1688018010405896e-05;6.624123599540223e-06;7.246447820980853e-06;1.5331985622064558e-05;1.2106164451578007e-05;1.4033085663649666e-05;8.83775410790194e-06;8.836158658480979e-06;5.341850959367445e-06;1.835946655958225e-05;1.2798601807234366e-05;7.301990673930717e-06;1.2259210835290553e-05;7.100416403001781e-06;6.980757821973281e-05;0.0001878951237882099;0.00030138520364080977;8.381627962854456e-05;8.819462916348306e-05;2.833066725998073e-05;1.391376957724406e-06;2.7222425076761152e-05;3.066593542193903e-05;1.8418989723317485e-06;7.871922993000961e-06;7.01322672608854e-06
00:47:45;182;1.0077942416263465e-05;1.0993217834259702e-05;6.617641943221547e-05;1.30486461522785e-05;1.1870159053340888e-05;1.3664961248852334e-05;1.4220037708153912e-05;1.087082162695455e-05;5.640769919197779e-06;5.88070266357735e-06;9.049518714024627e-06;1.112029532635006e-05;8.322186464485268e-06;1.1485063378880898e-05;5.762142975449726e-06;1.3835947149484035e-05;1.2748292290411825e-05;1.4639481769681649e-05;1.5738771138255943e-05;1.2125513939845635e-05;5.965413300122858e-06;6.2019481861803985e-06;1.0099737330994132e-05;1.231839632964693e-05;8.917693160387725e-06;1.2887591742295211e-05;6.439825549737007e-06;4.0768082701332206e-05;7.804529343652481e-05;0.0002864677916763917;0.00021531499043606254;9.758496017936178e-05;2.4708126755650655e-05;1.1355901281183106e-06;2.0206818175995046e-05;1.3428956426385745e-05;4.262875798500641e-06;6.709719689430931e-06;5.483827782831223e-06
00:48:01;183;1.0025207352917029e-05;1.0859781894718644e-05;8.548783116539808e-05;8.054502799836882e-06;1.5919495962438386e-05;1.1419842440251283e-05;1.3532475014182472e-05;1.0050286422566304e-05;9.108657812491442e-06;4.124464458370043e-06;9.767323107403378e-06;1.0772334445231412e-05;6.927079929462045e-06;7.276647258565432e-06;1.3349375038919995e-05;8.711402343475197e-06;1.6867130225479363e-05;1.2105655767737528e-05;1.4917968045769089e-05;1.1221537882112345e-05;9.401414707076295e-06;4.549954882396044e-06;1.0993648036766231e-05;1.1918345690797719e-05;7.804432042104065e-06;7.854064946675148e-06;1.3971825467971157e-05;6.829013957553658e-05;0.00014352530530297507;0.0004609427067495846;0.0001770500348584035;8.028853040296786e-05;3.1033340919845244e-05;1.4828085452108943e-06;1.8939942912202662e-05;2.841532251655869e-05;1.5579337403740419e-06;7.083284127546614e-06;7.24462433357091e-06
00:48:17;184;8.99620880933195e-06;9.627159071689814e-06;9.720961687329161e-05;9.068411778591987e-06;8.946833991077794e-06;1.23692239461868e-05;1.872384182439129e-05;6.47268426041075e-06;6.1768326640984386e-06;5.822918447700493e-06;9.1732822466187e-06;1.174185991588543e-05;6.196274444647543e-06;7.120248353425557e-06;6.142089985869151e-06;9.517220273146794e-06;9.584998034496713e-06;1.31636696188494e-05;1.9633836260093433e-05;7.601460587281934e-06;6.393265505410662e-06;6.1597613348797644e-06;9.985089260986062e-06;1.2681647891855115e-05;6.678069094280694e-06;7.613457464225276e-06;6.51342969244461e-06;9.44077584934049e-05;0.00015568526354560165;0.0006540481580609057;0.00010401505937003826;7.625159909045227e-05;1.620954638325463e-05;1.0405347948311323e-06;1.8039883131539484e-05;3.1299634368017e-05;2.2991993048833884e-06;6.684934922441895e-06;6.533831014129346e-06
00:48:32;185;1.0066477831184205e-05;1.0738868430835972e-05;8.530914957068565e-05;7.913243201394174e-06;8.69729771063083e-06;1.2578982815046981e-05;1.2077180024050449e-05;8.071129501145565e-06;6.467904641286023e-06;1.4493329875232451e-05;1.4546888064873285e-05;1.078297418837854e-05;6.521762596634062e-06;1.0016431229654575e-05;8.630606186892981e-06;8.455262870276922e-06;9.108982213328539e-06;1.356209753494919e-05;1.3194268336243297e-05;9.177018357518194e-06;6.932665839969237e-06;1.4448545750348807e-05;1.5388945398684236e-05;1.1804424652434101e-05;6.902129037290608e-06;1.0918102056672943e-05;8.973975559168633e-06;6.894545998384971e-05;0.00014739998189222987;0.0005145652217337681;0.00012087669752133535;8.48464146214111e-05;1.5517758893263678e-05;1.1418164066138209e-06;2.032911070032879e-05;3.519542235395791e-05;1.5080044442550512e-06;7.460510628347112e-06;5.923395668867502e-06
00:48:48;186;8.682198536679277e-06;9.399305804723969e-06;5.160301559924609e-05;7.085064753392151e-06;1.0336026183469213e-05;9.820088311326716e-06;1.1009211600697778e-05;6.988364214906411e-06;6.125200714473584e-06;7.783953906810707e-06;1.009066036836905e-05;9.443262609532997e-06;5.966954128537467e-06;8.855277473881786e-06;1.0682314887524377e-05;7.396560419428043e-06;1.1128613832740104e-05;1.1174848203131372e-05;1.2112457567772126e-05;7.854481109576756e-06;6.379077920520345e-06;7.896298092982991e-06;1.1202035757032948e-05;1.0846179353807834e-05;6.167518020884938e-06;9.481835748581805e-06;1.1151760069959535e-05;6.745813565168429e-05;0.00012574260783198608;0.00019131984809150852;6.09533393709067e-05;8.188670289449784e-05;2.642741593735169e-05;1.1753349477900874e-06;2.130491897238542e-05;2.7089228750623557e-05;2.190185237614187e-06;7.86187069834222e-06;5.826598806262547e-06
00:49:04;187;8.716656001762534e-06;9.520639144318898e-06;7.746560441173766e-05;6.384941743804844e-06;1.0555523361882086e-05;1.0409079992128186e-05;1.1088597056321056e-05;1.2548659887040065e-05;6.8579146812262275e-06;5.750906486538683e-06;9.828326938077225e-06;1.0471734161011558e-05;7.5449130673245115e-06;6.497782261502297e-06;6.661488864846309e-06;6.7860622591610935e-06;1.1390644488793569e-05;1.1604204315471513e-05;1.2303797040105933e-05;1.338908052413807e-05;7.159653221928629e-06;6.326746231450992e-06;1.0901052870463854e-05;1.164391211158879e-05;8.073499688916969e-06;7.378855950920769e-06;7.290158021222149e-06;8.136459689400145e-05;0.00013561351503775905;0.00039131514029285355;0.0001128892367508232;0.00010540863989247538;3.345732064122783e-05;1.5232048366115305e-06;1.733963984473671e-05;3.510450964508822e-05;1.9102293826580256e-06;6.784159432599301e-06;6.877060290017875e-06
00:49:20;188;9.973088598836842e-06;1.08461003313821e-05;5.8401750167144446e-05;7.575575327610874e-06;2.2251720237549804e-05;9.051399170542398e-06;2.0589953086352413e-05;7.173114191516561e-06;6.845558829127185e-06;4.981178952140846e-06;1.0717196580210178e-05;9.674650917965913e-06;7.391512149013124e-06;7.119811788863279e-06;6.305388233197494e-06;7.906406228611086e-06;2.3766994384954436e-05;1.0261824253218578e-05;2.1575639729684255e-05;8.221350486288614e-06;7.349418520109943e-06;5.782628339239878e-06;1.1574335893541662e-05;1.1135404828207897e-05;7.84161894915985e-06;8.03670425025475e-06;6.700873626281855e-06;9.675439121677995e-05;0.0001194595565378576;0.0002421357181116923;6.133402367507413e-05;9.61036116713545e-05;1.8563499528618768e-05;1.1435320493716194e-06;1.971927822007902e-05;2.897620550624301e-05;2.8705412005805795e-06;7.459512021185375e-06;6.30113226689636e-06
00:49:36;189;9.384210569991906e-06;1.002407524641898e-05;4.996737417846967e-05;7.404804907260789e-06;8.870779148976867e-06;9.209184321951563e-06;1.2474843826220711e-05;8.809033219072468e-06;6.842550454163901e-06;4.9830617324563384e-06;1.0447863650917746e-05;1.5901666122369367e-05;6.319749065397673e-06;1.0142365330135693e-05;1.1204621428491505e-05;8.091435828174337e-06;9.60488982337101e-06;1.0058678843143994e-05;1.312233023528751e-05;9.53108950898816e-06;7.0453566428413176e-06;5.445612786492278e-06;1.1671955597861758e-05;1.6477267412414266e-05;6.623696024206178e-06;1.0617394994519198e-05;1.1999191912441865e-05;6.918577556208025e-05;0.00015310472359752819;0.00016913641556691407;5.4485790725207334e-05;7.390330274893732e-05;1.8289419086349842e-05;1.093415989550338e-06;1.9957313369932734e-05;2.293093801377972e-05;1.867374139998159e-06;8.643895936742945e-06;7.010125404615274e-06
00:49:51;190;9.169814018409026e-06;9.831839979366883e-06;6.685696000621679e-05;7.245442405560838e-06;1.1494528359114817e-05;1.180033707015582e-05;1.1449441564211197e-05;1.2585723405193635e-05;7.532241538851539e-06;4.332661665723043e-06;9.063241936825182e-06;1.4904951688715135e-05;5.096399484730537e-06;7.674688510726149e-06;6.85810706034896e-06;7.749735594856408e-06;1.2170831251762737e-05;1.2564310768366455e-05;1.2648025334829647e-05;1.3526721808881995e-05;7.81275938710609e-06;4.638943135179506e-06;9.982808812390984e-06;1.5651000334792462e-05;5.585135784114547e-06;8.47603362533938e-06;7.175770040795456e-06;6.745806229754683e-05;0.00011415328005124123;0.0003011553191361336;0.00015234833405581834;7.495227222227655e-05;3.647747973461608e-05;1.4861244378091808e-06;1.9944501581237008e-05;1.997952906393245e-05;1.7856236891617017e-06;6.9528315752739055e-06;5.590162229554699e-06
00:50:07;191;8.541474929689809e-06;9.359345669877314e-06;8.036674740653412e-05;6.17671950370829e-06;1.3656961110603499e-05;9.358320486864034e-06;1.2678661364744089e-05;9.96328639566648e-06;5.868503441581135e-06;3.7289350913738417e-06;1.1553807077291367e-05;9.601311155904568e-06;5.539847118737643e-06;6.6890529604987394e-06;7.682290033208325e-06;6.652329053003651e-06;1.4438129186647196e-05;1.0320934495522827e-05;1.4075327087510554e-05;1.1081977557791383e-05;6.322768023915447e-06;4.326016303683083e-06;1.2904682909167973e-05;1.0774373716725953e-05;6.160835327240351e-06;7.190544019516592e-06;8.064226538500648e-06;8.063324477785543e-05;0.00010938069634752637;0.0004366081761631057;0.0001679390920809459;8.593490629243698e-05;1.6287057605685045e-05;1.2297412964426746e-06;2.4399338300627354e-05;2.6628818050217274e-05;2.518461163840497e-06;8.511566469206485e-06;4.329870330520058e-06
00:50:23;192;8.620367729215353e-06;9.349962896567952e-06;9.059600178342288e-05;6.0935798047849365e-06;1.2424655397131284e-05;9.980582892668819e-06;1.2514549118365762e-05;7.138523994466471e-06;6.601188528647257e-06;9.657790132874569e-06;9.648769497645885e-06;8.752235528158343e-06;8.47050109794881e-06;7.140234714274708e-06;5.021798366881698e-06;6.511445963617836e-06;1.2934925691780923e-05;1.1043017233924165e-05;1.4150568916457942e-05;7.946618627355275e-06;6.982114675476531e-06;9.898704795115826e-06;1.0829421603087707e-05;9.932466858842844e-06;8.602321964023264e-06;7.780460415417594e-06;5.587484260610802e-06;6.263031524695617e-05;0.00017454987553168483;0.0005101297443564771;0.00018663346683333974;7.655226533765492e-05;1.9167620346700666e-05;1.32327339284824e-06;2.37927021634863e-05;1.7433717751701095e-05;1.8507414758218368e-06;6.979396466283372e-06;6.108902498120201e-06
00:50:39;193;1.0168526158467598e-05;1.0896137034331885e-05;0.00010519414375832966;9.74671464281197e-06;1.001569347506988e-05;1.05303438373157e-05;1.32288070941203e-05;7.770866241556137e-06;8.588359314064643e-06;5.68163314149863e-06;1.153385684269572e-05;1.458758244930116e-05;1.1195722587877619e-05;1.029942145113306e-05;8.843308981260572e-06;1.0283324869144767e-05;1.0651157941837586e-05;1.1498647502695705e-05;1.4413271286155325e-05;8.814156981488735e-06;8.620509083524251e-06;6.057151034538844e-06;1.318136797129262e-05;1.5142749615261903e-05;1.1468312239437953e-05;1.1058161731001102e-05;9.564829741964187e-06;8.332731890127481e-05;0.00016768021797683102;0.0006975265677116337;0.0001595626609387747;7.299347514505362e-05;1.7955471514094418e-05;1.1425891760911789e-06;2.088660569917582e-05;2.582333157809205e-05;1.3441991253638317e-06;7.535175593249339e-06;6.552111740321348e-06
00:50:55;194;9.124372103935292e-06;9.825677957048321e-06;4.501866566627655e-05;6.107130324683009e-06;1.3124784049719809e-05;1.6585154217419916e-05;1.1026200173670407e-05;6.8619405207667485e-06;6.367213649579898e-06;6.827864734049172e-06;9.748356543003535e-06;8.610598739719224e-06;6.101184581552843e-06;9.946643261442164e-06;8.185390962528965e-06;6.504537395812804e-06;1.3676177988162624e-05;1.7392567177104198e-05;1.2089724252659892e-05;7.737609135065099e-06;6.7545514078039004e-06;7.256180202902318e-06;1.1004301880727982e-05;9.812207730347733e-06;6.6825165118597734e-06;1.046444517266502e-05;8.533313460627798e-06;6.167787252214656e-05;0.00012118362283067567;0.00011428469281123933;5.9711516355362105e-05;8.673473377160057e-05;4.377198116711059e-05;1.1652634449917505e-06;1.9697887906298295e-05;1.5927153668244157e-05;2.5898540188338517e-06;7.736288909487347e-06;5.74312058932844e-06
00:51:11;195;9.299873159239848e-06;1.0097079925626645e-05;7.881530264238587e-05;1.0764517626362455e-05;2.041145203758209e-05;9.859728009396143e-06;1.3073599871208073e-05;7.615581976755886e-06;6.229036736920596e-06;6.1848309949849325e-06;8.914487476116308e-06;9.736114199783556e-06;6.210992578752956e-06;6.965659873065471e-06;5.632472568350977e-06;1.136911042303376e-05;2.1578475845004342e-05;1.1032023877892761e-05;1.4269732961525456e-05;8.627019407775819e-06;6.716606065633123e-06;6.355376808066547e-06;9.960473573899642e-06;1.0826505198956856e-05;6.575206083929331e-06;7.909011919419075e-06;5.945412167535853e-06;6.603158532535862e-05;0.00011881164395168093;0.0004286834919383954;0.0001698117819449499;8.77532419578985e-05;1.6713083470300015e-05;1.3130686619714527e-06;2.252959301743736e-05;2.0420645369956512e-05;1.0792612900072863e-06;7.196143533007148e-06;5.440091247666818e-06
00:51:27;196;9.595389083859697e-06;1.0231741587723505e-05;7.009080067756731e-05;1.7854334845165713e-05;1.1156915206165443e-05;9.584346937107181e-06;1.1937560006200245e-05;1.0219795192576633e-05;5.999852245576097e-06;5.075139679824113e-06;9.214346993696216e-06;1.531734143740819e-05;5.582923869954212e-06;6.3267665747187865e-06;6.875342095081681e-06;1.8458554706417608e-05;1.1990186101661205e-05;1.0672360853668924e-05;1.301738061959475e-05;1.1086087213214664e-05;6.339012111599418e-06;5.331617791243037e-06;1.0054575859267291e-05;1.5774141882249312e-05;5.965311678480674e-06;7.090112761989651e-06;7.0015527387424094e-06;6.245344860066342e-05;0.00012791083606286785;0.0003778547974772313;0.00011672252897795454;7.706009274916379e-05;1.4744050237381822e-05;1.0415646965963188e-06;2.374725342826006e-05;2.537426853481436e-05;1.3255389144701213e-06;7.230916109484057e-06;5.624312341920177e-06
00:51:42;197;9.605489105204221e-06;1.0200388300567099e-05;8.68498907149644e-05;5.6952069781795505e-06;1.1463202901815997e-05;1.3618984196545563e-05;1.1412615849854484e-05;7.29125789046169e-06;5.795492391446157e-06;6.320385242407735e-06;9.716434262104071e-06;2.1245205265979e-05;7.451689033579421e-06;9.487521211972513e-06;5.767870571624846e-06;6.176835938011992e-06;1.188733764322507e-05;1.4652344741736232e-05;1.229745592791926e-05;8.358844689046006e-06;5.965501354176358e-06;6.366236379154209e-06;1.0534511303272734e-05;2.1721056776796908e-05;7.964085277388775e-06;1.0145824817991063e-05;6.334621347481447e-06;6.57385520711037e-05;0.00020952293329031788;0.0005098165109925081;0.00010783363666396268;7.126786265031978e-05;1.710799468744063e-05;2.91875019442763e-06;1.9448298356746116e-05;2.5430494718565253e-05;1.1155513412894447e-06;7.352327690857529e-06;4.6457759220338485e-06
00:51:58;198;1.186867484131488e-05;1.2520173658219702e-05;8.725341857339948e-05;9.849070048579216e-06;1.0789367490427924e-05;1.470561126769677e-05;1.3446239132716444e-05;1.1797430917423215e-05;1.356756341085553e-05;6.675772140983906e-06;1.4645436243137572e-05;1.0114771714339357e-05;2.2456745280795655e-05;8.050873880449672e-06;6.325212674922072e-06;1.0409235937338134e-05;1.1162672066509199e-05;1.521097956816747e-05;1.4131514944892842e-05;1.3033809826866453e-05;1.4174702571352423e-05;7.073978225245027e-06;1.5330353873443664e-05;1.0796291278409949e-05;2.3220666835071293e-05;8.670694569445914e-06;7.02717982423127e-06;8.673426932819444e-05;0.00020633428031747542;0.0004851674611185547;8.546480781348099e-05;8.48019711868144e-05;2.5366725880480185e-05;1.5317653639975023e-06;1.777759982877593e-05;3.847653201533479e-05;1.9414761695305554e-06;6.711707864959467e-06;6.732425993195169e-06
00:52:14;199;8.503114026387431e-06;9.18645905067369e-06;6.13885447521264e-05;5.586902359249796e-06;9.430137654026732e-06;9.269761792102765e-06;1.0786999316730379e-05;6.412181388849479e-06;6.007848763609693e-06;5.3842370532984e-06;1.4525729351465667e-05;8.217487124216984e-06;1.3009516496641606e-05;7.232297052310472e-06;6.174266073279775e-06;6.109730966733268e-06;9.914214842865476e-06;1.028963272721187e-05;1.2064430571811073e-05;7.359528198425254e-06;6.1735850815953024e-06;5.858204983119725e-06;1.5406586660187885e-05;9.210871281492807e-06;1.3115513946656933e-05;8.01495092431812e-06;6.720256601799024e-06;5.921405964563966e-05;0.00016808578473917206;0.0002690745633628081;8.725667555579415e-05;7.295631181637216e-05;2.240771602315396e-05;1.0334249825258926e-06;2.2111137194233844e-05;1.826376382000997e-05;3.728667409410659e-06;7.4118892617556695e-06;5.118543214640888e-06
00:52:30;200;1.1014466110736976e-05;1.1832689099869238e-05;6.92210403123584e-05;1.5174864989314136e-05;1.3358537289191604e-05;1.2224163078464947e-05;1.0170550677525046e-05;1.1386628584504747e-05;7.409285717973159e-06;5.802460414049516e-06;1.5067687729438974e-05;1.0836435609850138e-05;1.6366833773676344e-05;8.225857320228029e-06;6.150284332565289e-06;1.6015915420373146e-05;1.3860892355710981e-05;1.3247042537657279e-05;1.130664156645955e-05;1.2738610615698132e-05;7.69656377732518e-06;5.926273972731963e-06;1.6515803854187503e-05;1.1697532828074593e-05;1.7485281239691796e-05;8.957795320315245e-06;6.5439120405670434e-06;6.102753532407356e-05;0.00019524266138060597;0.00033734145341693454;8.493612023596291e-05;7.891516686060517e-05;1.7347076387204926e-05;1.0260040154927674e-06;1.8566305018449498e-05;2.2547959416581757e-05;1.1192830991630723e-06;7.043778275271212e-06;5.539140317955274e-06
00:52:46;201;8.975337998151645e-06;9.664935060766456e-06;5.763712034425616e-05;7.440727389703997e-06;7.892449606184858e-06;1.2691837546505916e-05;1.0912813172064324e-05;6.955903094892206e-06;5.105784959430986e-06;5.93345129764409e-06;1.2105203768183772e-05;9.988300141246368e-06;6.292587853935898e-06;1.0916855057597662e-05;1.1468138847770991e-05;7.847682366135111e-06;8.467799166800997e-06;1.401533313295244e-05;1.200613009638766e-05;8.334062673798777e-06;5.3985829651272856e-06;5.970061033910002e-06;1.281191290689992e-05;1.0983591212756944e-05;6.732087320392278e-06;1.1065280587796292e-05;1.2346693000824726e-05;5.875823539523679e-05;0.00014996427695935035;0.00023516189757335557;8.797368985598339e-05;8.044084917556661e-05;2.309449985251773e-05;1.2170259528613932e-06;1.9920900921822613e-05;2.277395047110678e-05;8.01982852919737e-07;6.842768665450731e-06;4.69536645490203e-06
00:53:02;202;8.446515893338487e-06;9.112233616593308e-06;8.727527138417104e-05;5.604244245722095e-06;9.085214111854095e-06;1.2080124724372416e-05;1.1953144356172372e-05;7.422321455795679e-06;5.492337663135706e-06;7.89434802683786e-06;9.226282118907585e-06;1.4233747982282033e-05;5.236088260509384e-06;6.374326143285006e-06;6.756008422764188e-06;5.998291927898197e-06;9.684339999429412e-06;1.3424197968100699e-05;1.3008518917673957e-05;8.416623566379805e-06;5.915082605888874e-06;7.914424831821485e-06;1.0103563442809693e-05;1.4848432329017669e-05;5.775457914670726e-06;6.980335646276908e-06;7.2775293591791835e-06;7.99776121541519e-05;0.0001664906142845345;0.0005168208613081589;0.00013228247196632532;7.363395487555373e-05;1.6674907005764575e-05;1.0632617762340006e-06;1.9622753297475555e-05;2.673955079943638e-05;1.7770128666836663e-06;6.893667205321064e-06;5.326589070412602e-06
00:53:17;203;9.461186499622313e-06;1.0220709416991e-05;5.5080421907650094e-05;8.337242830174835e-06;1.1960898764843106e-05;9.115552596225287e-06;1.0722631477671547e-05;1.3056702420819668e-05;1.0953223146259461e-05;5.6692284098728995e-06;8.957566455530303e-06;1.529015989376603e-05;5.530607070495948e-06;6.299093091658134e-06;7.64132828834363e-06;9.031817395985347e-06;1.258169700295069e-05;1.0155621296263821e-05;1.1977966764040698e-05;1.4099169139983501e-05;1.131344393636741e-05;6.135467159926716e-06;9.695149775682153e-06;1.6262625972040388e-05;6.178694156569921e-06;7.1281139574964495e-06;8.088742935244596e-06;8.769921606590074e-05;0.00010311959109121313;0.00021836416482739446;7.790437464278165e-05;9.277922261642428e-05;2.5290702659146034e-05;1.1031864736803502e-06;1.891370914431527e-05;2.1032793042585415e-05;1.458326818274539e-06;6.661183457208785e-06;6.638592052876446e-06
00:53:33;204;7.75050534491067e-06;8.450140463721738e-06;8.840997815905614e-05;9.244591389936183e-06;7.793692975352231e-06;8.961431315800507e-06;1.2544280749502626e-05;6.902754922968122e-06;7.834839138677228e-06;3.885936759121219e-06;9.347693549634847e-06;8.95336837203331e-06;6.9528154382164136e-06;5.83842651735722e-06;4.746230387617991e-06;9.820363773749566e-06;8.361541611382655e-06;1.0088619339650812e-05;1.361814420191347e-05;7.650438080038182e-06;8.262811644283519e-06;4.395758933357303e-06;1.0293399894560682e-05;9.958808887755436e-06;7.353855760558435e-06;6.462367246403798e-06;5.135573186220703e-06;7.039545617917455e-05;0.00015124888244102567;0.0005008119464242702;0.0001722466842739155;8.545691590903494e-05;2.5029275625468467e-05;9.784692676146552e-07;1.7893863819454653e-05;2.245398772712467e-05;1.2752887199822924e-06;7.305321802978239e-06;5.823645718629369e-06
00:53:49;205;1.0711454387226446e-05;1.134505369527342e-05;0.00010146020631149891;1.403826440725776e-05;1.026150985694585e-05;1.0777382325567363e-05;9.83626392522555e-06;8.922127716072158e-06;6.382121835780584e-06;1.1339904613872807e-05;1.0569465348194997e-05;1.5675087629189605e-05;1.3335400621175806e-05;1.2198722535055657e-05;5.201198129159676e-06;1.4450642475257834e-05;1.0595563506723022e-05;1.171889661109853e-05;1.0840531610449056e-05;9.739319760032967e-06;6.774415626900515e-06;1.135966009383946e-05;1.1560309004276928e-05;1.6683671294484595e-05;1.377886263393912e-05;1.3133653334954965e-05;5.505116108952855e-06;9.221908927870072e-05;0.00011493697381980476;0.0006459657289888247;0.00021564519409038375;7.344036930988689e-05;1.3021482444383589e-05;1.7265953732336788e-06;2.1189145507934315e-05;2.331209519525417e-05;2.2161880776097565e-06;7.774029114347225e-06;6.075584537623434e-06
00:54:05;206;1.06046957468338e-05;1.126800053279561e-05;6.53694175501314e-05;7.137564455593871e-06;1.0195506730910479e-05;9.826763934613195e-06;1.281209300171585e-05;1.1250578353706363e-05;9.145570755012242e-06;5.993741929444241e-06;8.178987875014213e-06;8.206825405920881e-06;8.356894806059824e-06;3.0631979780340856e-05;5.519838096419831e-06;7.4445854035637906e-06;1.0692509114292828e-05;1.0838700872446231e-05;1.4271876329697574e-05;1.2404543788681068e-05;9.21310707274677e-06;6.016995177007998e-06;9.273473027906796e-06;9.254846265574525e-06;9.092772070519608e-06;3.0660594578116215e-05;6.051999155750286e-06;7.081613039460346e-05;0.00015418826408975832;0.0002762573577025285;0.00010110894381304296;9.057183991761507e-05;3.4475019025301006e-05;1.2228866570898807e-06;1.7131960051192132e-05;2.4645121679044995e-05;1.1352285267481303e-06;8.190121103285658e-06;4.6901376413664195e-06
00:54:21;207;1.0753009831887539e-05;1.1415273801031628e-05;0.00010384246579934975;7.479752964717983e-06;2.457502001944208e-05;1.1196091362302758e-05;1.3956773491424263e-05;8.9196868829204e-06;5.951367042652836e-06;8.63820487075693e-06;1.2400382683675947e-05;1.0170728672356042e-05;1.0320250421358423e-05;8.110545815559982e-06;7.317309801312501e-06;7.875524422356821e-06;2.4908364381028862e-05;1.2342832057664608e-05;1.5120593276680918e-05;9.547758946621488e-06;6.135976882778547e-06;8.859554048320184e-06;1.3639687086318109e-05;1.0968873337770685e-05;1.0536091239477105e-05;8.781134401712585e-06;8.26689234266188e-06;8.712754639112712e-05;9.949462120542374e-05;0.0006178708068698619;0.0002589834141741875;9.218769880036277e-05;2.3367522548226828e-05;1.83171060982292e-06;2.2240530904001273e-05;2.9902136463556634e-05;2.073904718223457e-06;6.1087608591815804e-06;4.920936048221254e-06
00:54:37;208;9.463414511659804e-06;1.0097930032626912e-05;4.06878548280392e-05;5.675109149323858e-06;1.2192444054128579e-05;1.3187080169659152e-05;1.5869481615027325e-05;7.358198898673023e-06;5.417866653736135e-06;4.48592855936428e-06;1.862329297223782e-05;9.723739308045962e-06;8.357672204407539e-06;6.765241038728866e-06;5.9049160341182665e-06;6.222989202198525e-06;1.270856780679366e-05;1.4168442651714918e-05;1.637834973251624e-05;8.304215699826262e-06;5.747824929982661e-06;4.680250991510501e-06;1.958394006831878e-05;1.0659361820055697e-05;8.69650480299127e-06;7.551288904957076e-06;6.473420390199253e-06;7.692937357065879e-05;0.00010497001023118089;6.939909689319973e-05;5.36500510491745e-05;8.400435572318003e-05;3.356822317558449e-05;1.379886321692856e-06;2.2694123105056686e-05;2.5778354848621918e-05;3.5650470059293403e-06;8.096323515453977e-06;4.219412496737187e-06
00:54:52;209;8.275535398767756e-06;8.82286850021875e-06;4.85445010824737e-05;7.664486291696965e-06;8.114353555945606e-06;1.4985349786591293e-05;1.3074981670125784e-05;7.47585885398714e-06;5.174222732051703e-06;5.081785068871238e-06;9.494364939981056e-06;8.812179430606193e-06;6.399917849493746e-06;6.902236750957772e-06;6.126684512123988e-06;8.188949236740238e-06;8.525213938292272e-06;1.5569030875679034e-05;1.3740965325176816e-05;7.96891208665329e-06;5.601813602914239e-06;5.316798432765689e-06;1.03970675659587e-05;9.903945041675993e-06;6.897636570942314e-06;7.212198742988072e-06;6.55188739960689e-06;8.134952756182304e-05;0.00014237622662376505;8.015158697714422e-05;7.683047691532899e-05;0.00010325482521207926;2.3142965449733163e-05;1.2919785149756332e-06;2.251529230550047e-05;3.6110357050835477e-05;2.3081669865127223e-06;7.44086847686825e-06;5.761740915118191e-06
00:55:08;210;8.36394726374837e-06;9.114036528663298e-06;6.87650988832295e-05;6.198340420643882e-06;8.861171753370524e-06;9.268028085268105e-06;1.2877970429511523e-05;6.346613518362884e-06;4.757839819094753e-06;7.8286049839898e-06;9.112421582554733e-06;1.0382328185378562e-05;8.38892860147408e-06;6.176842151781805e-06;1.0168273827947484e-05;6.654628891680394e-06;9.647548446266711e-06;1.0269652567687813e-05;1.4100220268338041e-05;7.366211254716463e-06;5.113576636648748e-06;8.194380310255205e-06;1.0009008292399812e-05;1.1243579776902739e-05;9.23422081955956e-06;6.89570439837691e-06;1.0639703080564284e-05;7.782308391994302e-05;0.00014785476961767533;0.00034857661372939523;8.749471911364588e-05;8.495786252172588e-05;1.9763933309628468e-05;1.2675394794321173e-06;1.729982579752684e-05;2.666201664573408e-05;1.816691019416837e-06;6.585337848153822e-06;5.078793596476458e-06
00:55:24;211;9.266645773467728e-06;1.0006656880192812e-05;8.435038476383552e-05;6.1368353634350115e-06;1.4028240859044093e-05;1.0828190924107936e-05;1.0662649296994625e-05;9.292190361003867e-06;5.6028254901848e-06;5.630190449614568e-06;9.252073129769913e-06;2.0410219742023568e-05;5.910019517330056e-06;8.374142663828108e-06;5.072167506044294e-06;6.494289128925088e-06;1.523687616917172e-05;1.1999919479421806e-05;1.19018886950091e-05;1.0305850617994651e-05;5.957129789311682e-06;6.044679289113412e-06;1.0377688524869559e-05;2.083251355186435e-05;6.291481331342616e-06;9.141811903956998e-06;5.495750113806036e-06;6.903787211372836e-05;0.00013123022256388087;0.0005260474499404094;0.00012925380643447084;8.007051496381578e-05;1.5100095574606475e-05;1.514676252349395e-06;1.865236354711668e-05;2.720114727012092e-05;1.2373205537331575e-06;7.494636475066356e-06;5.36451147672789e-06
00:55:40;212;8.989697521015346e-06;9.742678633336232e-06;5.26895714938185e-05;6.156695459225148e-06;1.8930404395560302e-05;1.0932566340215999e-05;1.0274080713140227e-05;6.99509219582627e-06;6.855336572832791e-06;4.573913562405158e-06;8.924946010841433e-06;1.1902568740073217e-05;6.297847715007844e-06;7.52716913219522e-06;8.505745814023737e-06;6.606994656401265e-06;1.965888610426145e-05;1.227980561751896e-05;1.1333300490956458e-05;7.846018727636701e-06;7.236418068829682e-06;4.877473015134271e-06;9.591563958807295e-06;1.2811170609559586e-05;7.061312645200354e-06;8.458313603321447e-06;9.150882484575533e-06;7.067408556630442e-05;8.200750067468921e-05;0.00023992895178618089;7.418365438450725e-05;9.650867073650867e-05;1.4754511834498522e-05;1.4739951827173102e-06;1.7693260549831356e-05;2.1278727758931994e-05;1.3666713296915762e-06;7.541152862152477e-06;4.863675259808361e-06
00:55:56;213;8.015896364616475e-06;8.805635187382916e-06;7.064909365037392e-05;1.1681014905077932e-05;7.121748280073089e-06;9.237386574444496e-06;1.1616668033489283e-05;5.885628930971362e-06;7.80000694142948e-06;3.52775763978741e-06;8.455954159103385e-06;9.43739857849447e-06;4.9077135115412185e-06;9.937701271344292e-06;6.581774264834518e-06;1.2532721559435668e-05;8.05444784142494e-06;1.0466888403542829e-05;1.2898413526180533e-05;6.8075334560996414e-06;8.183705763776398e-06;4.007374607543262e-06;9.343501184232565e-06;1.0305311224317248e-05;5.639617956137355e-06;1.0325321103595389e-05;7.102782331147162e-06;6.598003701362542e-05;0.00013225837430561982;0.0003732738840288461;0.00011198704272051834;8.08655673661329e-05;1.8177267705039037e-05;1.7177952729094384e-06;1.914402917376393e-05;3.183262502397635e-05;1.7072185093640548e-06;6.513919467970398e-06;4.331363216721228e-06
00:56:12;214;8.705727131670797e-06;9.39789152895012e-06;9.895942471958373e-05;7.4106674800718375e-06;9.05970419557372e-06;1.3570420097540715e-05;1.1153020442381232e-05;6.830391175650551e-06;5.133861061197691e-06;5.266906412257103e-06;8.378953561367036e-06;1.7629544488654986e-05;5.18928335647605e-06;6.306066588993272e-06;8.539902901687087e-06;7.812144482343257e-06;9.874614188677846e-06;1.426004539236509e-05;1.2313212532199377e-05;7.615658323399508e-06;5.5768561588028885e-06;5.811817103837907e-06;9.153861022160883e-06;1.829222508351012e-05;5.612873516113297e-06;6.842930303454396e-06;9.608456844322478e-06;7.181093735238647e-05;0.00017317891744452488;0.0006030344906885254;0.00019176380859429158;7.832098111061782e-05;1.713963751696561e-05;1.3272713840432323e-06;1.8659986866207848e-05;1.9526190012004875e-05;1.2022665762319443e-06;6.95039167651585e-06;4.598217412689454e-06
00:56:27;215;1.0274740220821018e-05;1.0939640514486281e-05;7.636289239471296e-05;1.0151192427088063e-05;1.2075385125275385e-05;1.041364181601652e-05;1.5556267523596613e-05;9.34711557544109e-06;5.320698422133836e-06;6.0738761065563684e-06;9.310765066252522e-06;8.523882705446795e-06;7.198978959621627e-06;9.927447820246016e-06;1.9397627413168678e-05;1.0547958723530232e-05;1.3291712220271172e-05;1.1300182991305253e-05;1.64177849162311e-05;9.955122274006982e-06;5.632153094171095e-06;6.395015963237169e-06;1.0404587820757334e-05;9.691495310844517e-06;7.67696095448904e-06;1.0354281711661776e-05;1.9608427084930083e-05;8.406473603570751e-05;8.940443334961451e-05;0.0003653052275614903;0.00019631671371592998;9.378977980997117e-05;3.064138641850985e-05;9.890514343644698e-07;2.1444087382235477e-05;1.9266390837500505e-05;3.65493355171398e-06;7.109357200818442e-06;4.368611438699119e-06
00:56:43;216;9.000748792428484e-06;9.706077826540192e-06;9.334794519477713e-05;6.036769238513464e-06;2.0462208338885418e-05;1.4507473774859715e-05;1.1017863374459838e-05;8.29404678755323e-06;6.678048199921188e-06;4.9007651658040565e-06;8.365246534419219e-06;8.122658091994337e-06;8.819254472572622e-06;5.668000119191612e-06;5.136647923817153e-06;6.391100461907534e-06;2.1324521392533008e-05;1.5467056349550574e-05;1.2275356087379403e-05;9.304276139844177e-06;7.040634304585298e-06;5.2864316307644494e-06;9.367789591377442e-06;9.05124790986957e-06;8.877427009355404e-06;6.499025587374168e-06;5.5880633065303125e-06;7.236499138744509e-05;0.00010045933580219517;0.0006024846882969308;0.00019037373614647952;8.219575151789548e-05;1.2933417389187116e-05;1.6457850876334e-06;1.8395959723048912e-05;2.5725817628168724e-05;2.0009099020590614e-06;6.455341183666236e-06;5.139608272615766e-06
00:56:59;217;8.556630060173699e-06;9.283559778896809e-06;6.665700535180224e-05;7.019561839430563e-06;8.874644960728388e-06;9.20615503119393e-06;9.651922072412782e-06;8.066441844014413e-06;1.4148697950133737e-05;3.7350999907527114e-06;1.08655476218835e-05;1.3629474166004291e-05;5.421577362728737e-06;6.199215957216418e-06;5.861218312152129e-06;7.534537267422854e-06;9.537867949975293e-06;1.0465768337792414e-05;1.0639740749762564e-05;9.28902189899199e-06;1.416707090345282e-05;4.139715374434143e-06;1.1528523758943841e-05;1.479202316509548e-05;5.470608196251133e-06;7.176952691869575e-06;6.660883647920763e-06;5.862167082224e-05;0.0001448806459810521;0.0003494336209864899;7.944292930074709e-05;8.903026092878053e-05;2.4855997649924134e-05;1.3028279305882313e-06;2.142254042600995e-05;1.8552859042805702e-05;1.5192715731949899e-06;6.814965059794023e-06;4.0064745200003265e-06
00:57:15;218;7.359391040815601e-06;8.025165001688233e-06;8.096980099240194e-05;6.458249051826732e-06;7.36789174350282e-06;9.26018139453659e-06;1.0858599562947223e-05;7.981096300372057e-06;5.973662542079307e-06;3.7424869162482435e-06;8.648693197570042e-06;8.532737408276345e-06;9.413641923830793e-06;5.489149344516488e-06;4.586300745240186e-06;6.9481096586600815e-06;7.888860072623025e-06;1.0361313809569972e-05;1.202751845303743e-05;8.854601072569125e-06;6.045209277003835e-06;4.0884417558118e-06;9.564805110775396e-06;9.512202861423006e-06;9.67589091453215e-06;6.361811134825708e-06;4.973212903275419e-06;6.938312259143492e-05;0.00014400492931170266;0.0004698115706564745;0.00015437611899145933;6.429203588149178e-05;1.652273326738743e-05;1.028349530768632e-06;1.854224886541416e-05;1.8665760686628825e-05;3.173911394543397e-06;6.986685701339216e-06;4.850145030178243e-06
00:57:31;219;8.08399632228946e-06;8.83125170431309e-06;7.164042670631096e-05;5.5976914310271946e-06;7.4937345922101235e-06;1.0830032070817776e-05;1.0145363432265889e-05;1.6690062023175496e-05;5.999772949329761e-06;4.266092310926823e-06;8.53058240838064e-06;9.79440712065773e-06;5.796010251786625e-06;6.9689392222213344e-06;4.895264770190331e-06;5.998368808981974e-06;8.213681793895837e-06;1.1828029395865432e-05;1.1230557286385019e-05;1.7863341390348298e-05;6.560359800379404e-06;4.822752054701883e-06;9.542798234409169e-06;1.0672053300552335e-05;6.0773586886205496e-06;7.667613081599783e-06;5.498102753543069e-06;9.12742035836152e-05;0.00015379504703324346;0.00036207206618416954;8.383053899768455e-05;8.912526218955258e-05;1.87475627290442e-05;1.3638241134916631e-06;1.765548687184135e-05;2.9119268756647905e-05;1.2998304401114337e-06;6.504775334606937e-06;4.8972542417231925e-06
00:57:46;220;8.164416985065062e-06;8.974158925964361e-06;5.3880826217573035e-05;6.641449658027134e-06;7.760381189376114e-06;1.0308985777514449e-05;1.0884569440670269e-05;6.982937481581075e-06;7.12313560733626e-06;6.786507549220873e-06;1.085712097583589e-05;1.3343677337538587e-05;5.325426912541141e-06;6.563553737686851e-06;5.395254394681036e-06;7.008254433918709e-06;8.650688702305793e-06;1.1772109039295081e-05;1.2051828901038086e-05;8.171782506975387e-06;7.54801468949292e-06;7.15862340338033e-06;1.224340272367758e-05;1.3977728980811478e-05;6.0521640621060855e-06;7.187010649869091e-06;5.868295197960603e-06;5.9446170466098444e-05;0.00012237652894236302;0.00018305656582366978;0.00010348797453839617;9.254064112523961e-05;2.1050703732832228e-05;7.738254379151377e-07;3.2018754305301574e-05;1.9192953587059104e-05;1.834757681892007e-06;6.668859429483975e-06;4.122179540625526e-06
00:58:02;221;7.414115617362685e-06;8.059459796180519e-06;6.222245179652336e-05;5.270282345810012e-06;1.1482566598240076e-05;1.0266700610631316e-05;1.1686573605567736e-05;7.4053699970539295e-06;5.0343574655316426e-06;4.52156856376653e-06;7.715667562474044e-06;9.646314097722097e-06;4.780244764387734e-06;5.946799953642829e-06;5.212939425741132e-06;5.770320176222263e-06;1.2083537328606649e-05;1.1336919946004372e-05;1.25032131937944e-05;8.220612045666321e-06;5.392432993613522e-06;4.897153323465226e-06;8.650652190122924e-06;1.0440775601832857e-05;5.2020653710533686e-06;6.4485781612221e-06;5.767254594813286e-06;7.539986979429264e-05;0.00013564477087863982;0.0003189842795299905;8.011991160142858e-05;6.887540685888464e-05;1.297741279817165e-05;8.039927104059714e-07;1.8229790830242995e-05;2.2785649691157545e-05;1.5677839970152042e-06;6.871681291371853e-06;4.40887157667916e-06
00:58:18;222;7.848527109837795e-06;8.540026112912735e-06;5.775619254859335e-05;5.665785821920818e-06;8.441688396875303e-06;8.416956773580544e-06;1.0348588337452922e-05;6.532838901436704e-06;4.998320597012067e-06;7.629336747976884e-06;1.4438556131711845e-05;8.577383770035464e-06;5.541041130253564e-06;7.062549752134828e-06;6.529275942377601e-06;6.039481040485803e-06;8.993900671238051e-06;9.61206619131535e-06;1.1428529076142638e-05;7.749839365035918e-06;5.379825626986058e-06;7.92572360250567e-06;1.5382259012376034e-05;9.586353360047517e-06;5.838514995577751e-06;7.576505650037309e-06;6.967310173998077e-06;5.938107339674316e-05;0.00016459596774626522;0.00023269532959717902;6.028001402748513e-05;9.352237905137798e-05;1.6152706273848417e-05;8.913604488868771e-07;2.712559721053214e-05;2.4810681593840045e-05;2.2796255846123356e-06;6.715017261934214e-06;4.624558390415715e-06
00:58:34;223;8.693996888873492e-06;9.310387719744562e-06;7.892810692906692e-05;7.66784290236315e-06;1.1584048739233698e-05;8.968756718145828e-06;1.2357379875735122e-05;6.244679954066483e-06;7.006997367139692e-06;1.0940982130785477e-05;9.068977300847274e-06;9.174752684450802e-06;9.491987337381405e-06;6.04921519712062e-06;5.7723390376261046e-06;8.429450196062238e-06;1.1804633513862957e-05;9.956711702342765e-06;1.323195167198627e-05;7.107296455557579e-06;7.514257619352319e-06;1.0772308818375194e-05;9.88864334592304e-06;1.0138791396134884e-05;9.860845457757322e-06;6.696714849510235e-06;6.323044199464825e-06;8.004771843301208e-05;0.0001396457773561223;0.0004738058442260455;9.869332247061186e-05;7.58046480289253e-05;1.199127262810609e-05;9.070057902135827e-07;2.0946328965758126e-05;3.269580687164161e-05;1.7261079370488151e-06;6.019151274275246e-06;4.854299167042429e-06
00:58:50;224;7.487551967373789e-06;8.244130916680177e-06;5.60536557912134e-05;5.4265119144051e-06;7.445617199473211e-06;8.843897295466006e-06;1.130796979447785e-05;7.642575783703167e-06;6.772418739263809e-06;5.3593456867547085e-06;1.0529942544094824e-05;1.0349743157369382e-05;6.177415125369572e-06;5.787215558166798e-06;4.207968172535588e-06;5.986883122745837e-06;8.187499174076763e-06;1.0089577757108727e-05;1.2146170740402628e-05;8.1702674614911e-06;7.245404716902353e-06;5.635924944266363e-06;1.1635312321116924e-05;1.150206465273543e-05;6.917978974147273e-06;6.613227164559214e-06;4.799256942798037e-06;7.133289137093934e-05;0.00015607341563887969;0.0001998980273028329;6.653506540316343e-05;7.603986051642151e-05;4.434467922693834e-05;7.477428112190058e-07;2.0444005031717823e-05;2.4897380555612775e-05;2.2460049259329904e-06;6.51210854840463e-06;3.572688162498301e-06
00:59:06;225;7.714559041522245e-06;8.446874963289091e-06;7.773413295139784e-05;6.070925918583663e-06;1.0396621134909559e-05;8.22024530125728e-06;9.419378580394715e-06;7.99742197669802e-06;6.507489898539958e-06;9.162580099409855e-06;8.43648938926704e-06;8.629909701922275e-06;4.568855097566236e-06;8.3667181239765e-06;4.798070510115725e-06;6.430396867092239e-06;1.1348109891042452e-05;9.440328770474078e-06;1.0623391914767908e-05;8.828260399264142e-06;7.0032503739225195e-06;9.435681407967998e-06;9.336230297914789e-06;9.544955296808474e-06;5.219345122803801e-06;8.988583149287859e-06;5.163962208526651e-06;7.617640043107195e-05;0.00012142303362077261;0.0004450482486421597;0.00013548116172045136;8.646799109345885e-05;1.2984351405702844e-05;1.4501077204277634e-06;1.6077782473901572e-05;2.5054610695867846e-05;1.2950421245394463e-06;7.036371131740764e-06;4.314494356679273e-06
00:59:22;226;7.692599966317589e-06;8.483173921457463e-06;5.479531747328487e-05;6.414475692909346e-06;1.0070875816836633e-05;7.936432990230845e-06;1.5609621990299935e-05;6.001093088640759e-06;4.34642096407019e-06;4.9925955951253665e-06;8.611952824563476e-06;9.386610651579923e-06;5.004979052940102e-06;7.667786336701903e-06;6.268352006021484e-06;6.904803584906334e-06;1.0909426726334171e-05;8.963700577313127e-06;1.6525164120381143e-05;7.212152704136015e-06;4.836352074355229e-06;5.199262440777302e-06;9.6058551771651e-06;1.0547181744509026e-05;5.412576372898773e-06;8.767508124716947e-06;6.914099956219028e-06;8.428450185867237e-05;0.0001731499011792115;0.00018355728697275536;6.168770332902427e-05;7.886909858998496e-05;2.0287159635213828e-05;1.6050004238682615e-06;1.9378160993927895e-05;2.1424973494895396e-05;1.5372570179074373e-06;7.318842696367321e-06;4.443923487589823e-06
00:59:37;227;8.535710213147302e-06;9.287477007115118e-06;6.50833794606983e-05;7.349278329823764e-06;8.497488061400624e-06;8.843202670179421e-06;1.0467377512797652e-05;6.062041148492302e-06;4.9894608641858955e-06;7.0572104462485186e-06;9.277151455933108e-06;1.5285881398147634e-05;5.616244912364333e-06;7.747511078419352e-06;1.1235670927140456e-05;7.612905104492078e-06;9.050849407282805e-06;1.0146068056017128e-05;1.1706353596977512e-05;6.879249391388413e-06;5.269530867758764e-06;7.180299212162522e-06;1.0270626360211224e-05;1.6431200688375497e-05;6.061301899282188e-06;9.020332901302396e-06;1.1821002616774353e-05;7.669884006240079e-05;0.00017881254778611528;0.00029781346576834215;6.38144216486989e-05;9.189855540243485e-05;1.753616620071078e-05;1.010032518715338e-06;1.90017329257651e-05;2.1240514017268426e-05;1.4003443761762748e-06;6.851980734981036e-06;4.9219520867707565e-06
00:59:53;228;8.512440270568401e-06;9.321822485789993e-06;7.249443743824183e-05;7.149528707243875e-06;1.6310655749665866e-05;1.0089394613999048e-05;1.1871926105946137e-05;1.0970989229974748e-05;4.973260308622168e-06;6.973025192409792e-06;7.992949866258476e-06;8.518331631664337e-06;5.79259533527544e-06;5.544239254039564e-06;5.9623836550832205e-06;7.703398129211287e-06;1.7002455622994466e-05;1.126694007924223e-05;1.3358660217369405e-05;1.2443733299456838e-05;5.3039132385320156e-06;7.323627538495156e-06;9.013552652838452e-06;9.445273860100188e-06;6.419372306182492e-06;6.216178278435431e-06;6.364761354314949e-06;6.842547896536617e-05;9.831748120936287e-05;0.00034290903961344725;0.00018669689853236755;9.454484840731807e-05;2.079381166215912e-05;1.2537410513772895e-06;2.231806682005283e-05;2.0168130217864365e-05;2.7518672869997305e-06;7.5864353669402155e-06;4.167450125646398e-06
01:00:09;229;7.63223343886404e-06;8.369506804804506e-06;6.531691647864044e-05;6.7996535739341235e-06;9.923774032668833e-06;9.257303817894973e-06;1.0499885103275698e-05;6.910644264996273e-06;6.063847871990385e-06;5.3467602471551405e-06;1.0965048288498606e-05;8.391408230905158e-06;6.445161456334538e-06;6.132725742185647e-06;4.850585820680532e-06;7.447937208136081e-06;1.03211545356777e-05;1.031893394104407e-05;1.1298500667871388e-05;8.040231322514887e-06;6.483214381752319e-06;5.651524790227075e-06;1.2018589149181335e-05;9.283081643716977e-06;7.2784387991961486e-06;6.87449029918511e-06;5.417981764701006e-06;6.718525489302582e-05;0.000172742159594999;0.000298261276144272;8.655053360684197e-05;8.362993628397207e-05;1.4921392315452673e-05;1.0981270490406981e-06;2.7360786801239333e-05;1.938021815115248e-05;1.6604365942549169e-06;6.520822968018498e-06;4.492053341415763e-06
01:00:25;230;8.287706322107624e-06;8.943544148505794e-06;6.686568546508883e-05;6.9168302227625e-06;7.318059754947047e-06;8.388726313186949e-06;1.0524519813708883e-05;8.585853143601566e-06;5.653877495474675e-06;1.1556285535618827e-05;8.558929683937839e-06;9.977434861499743e-06;5.9552119124491165e-06;5.000251789833886e-06;1.1016492084469188e-05;7.185978137374461e-06;7.949808213761802e-06;9.550277406526242e-06;1.1470190720156328e-05;9.904687747713311e-06;6.126002019783888e-06;1.1729918604700448e-05;9.443166353649539e-06;1.1060685849344413e-05;6.255170463398688e-06;5.550528134957444e-06;1.1096112676925628e-05;8.838124168864581e-05;0.00013796445307337206;0.00031326224597433923;0.00010114824438058845;8.664872668323523e-05;2.0142560751244092e-05;1.0033752197331805e-06;1.847681295587088e-05;2.0417601674634223e-05;2.449214030196112e-06;6.680911624013607e-06;5.8128375251932626e-06
01:00:41;231;9.52072681767194e-06;1.0247268504297355e-05;4.510920531746996e-05;1.1155468320241239e-05;7.432221048537196e-06;1.5262772795278e-05;1.2501875599727184e-05;7.5289957728521335e-06;5.025147776520229e-06;2.1134648432311305e-05;8.252005012562593e-06;8.948115965846558e-06;5.026034397236469e-06;6.312738559444142e-06;5.668694660181989e-06;1.1595353400848638e-05;7.886027992466137e-06;1.623808442028475e-05;1.3379853355010848e-05;8.825953287507932e-06;5.502432653469718e-06;2.1721163084063697e-05;9.17309617312939e-06;1.003345691451959e-05;5.442196937375355e-06;6.989232133491896e-06;6.180367410960099e-06;8.506922006330559e-05;0.00014137823364894378;0.00010097931436684711;5.250632077010545e-05;8.257365198620096e-05;2.6964035109618312e-05;1.0602820379014806e-06;1.9086121737630525e-05;1.7030458692595792e-05;1.813517724418562e-06;7.597238404648225e-06;5.252069267423503e-06
01:00:57;232;7.139028220137789e-06;7.867933129114423e-06;8.080539109362235e-05;5.173400198414542e-06;8.150800733181478e-06;9.39626256979409e-06;9.064208508133023e-06;8.577560351532362e-06;6.27189749089687e-06;3.7748308296543924e-06;8.018251890653325e-06;7.456966754788978e-06;5.606988157325077e-06;8.317007497088918e-06;5.860161736718923e-06;5.4409555058889136e-06;8.650480416506497e-06;1.0506728398744415e-05;1.0236306462513911e-05;9.507978385171774e-06;6.4757056798389155e-06;4.363364985669872e-06;9.177421217620715e-06;8.722122016433211e-06;6.109797391506122e-06;8.757894892357709e-06;6.466439880212052e-06;6.3044787596805e-05;0.00017544318375055604;0.00043031237551263826;0.0001433721504905949;8.868543732209096e-05;1.4271431044125534e-05;1.4629214126587178e-06;1.972580992076101e-05;2.011320204045727e-05;1.2826905458311093e-06;7.529460075556144e-06;4.421243411393095e-06
01:01:13;233;7.387967567172961e-06;8.20449247241206e-06;8.756687534668443e-05;5.03234666931524e-06;7.3218781780197295e-06;1.2495742949945246e-05;9.663557128967362e-06;8.881904456036306e-06;5.8712982961915054e-06;4.800908388411719e-06;7.733835772037104e-06;7.719596412285187e-06;5.396165641516601e-06;7.674418683414139e-06;6.063955763060201e-06;5.462670169666275e-06;8.026901785434589e-06;1.3635400050646505e-05;1.0869292866486888e-05;1.006900252901641e-05;6.2770221673049436e-06;5.153514681711109e-06;8.913027423786153e-06;8.836876906018375e-06;6.023253942508239e-06;8.5841665962487e-06;6.602776992725852e-06;6.93769232429165e-05;0.00014832669682116138;0.0004601867563731575;0.00021697714606995873;8.385076971066291e-05;1.6934919518265096e-05;1.7482861788436068e-06;2.467809737261533e-05;1.7028320334956952e-05;1.0423246938701557e-06;6.668050644345882e-06;3.9842131994590106e-06
01:01:28;234;8.650572984885747e-06;9.380799717372255e-06;5.247694002429574e-05;6.5950817555398604e-06;9.366878866888907e-06;9.388045121092794e-06;1.901998594178167e-05;1.0722725335199357e-05;6.334433598906034e-06;4.1873262925727e-06;8.910530830519292e-06;8.602136180580931e-06;8.065017546889727e-06;7.409887174958385e-06;5.204823458368227e-06;6.992690153230244e-06;1.0057197978542867e-05;1.0472008265815365e-05;1.9786156348967366e-05;1.1926497837187445e-05;6.697068291815194e-06;4.527134605487396e-06;9.973813892521562e-06;9.767020988483292e-06;8.704401525277188e-06;8.02957241876932e-06;5.636031763843457e-06;8.264663597864738e-05;0.00013347929901335;0.00019224840960023454;7.142270899489584e-05;8.069962620053218e-05;1.1670246837458332e-05;1.1565787478725485e-06;1.856142099258709e-05;2.4440048482584592e-05;1.6915250703057388e-06;7.001322524261145e-06;4.705457848819458e-06
01:01:44;235;7.3167420644246954e-06;8.026576289944675e-06;0.00010422723904079098;6.708978889688214e-06;7.452514727193912e-06;9.24712707602153e-06;1.0122965571083983e-05;7.96650238334771e-06;4.994516933526876e-06;4.37546712897782e-06;8.085070918055367e-06;1.1013570880503597e-05;7.659489338865653e-06;5.230892922208403e-06;4.943805546275826e-06;6.986756212611482e-06;8.192229870473966e-06;1.0202243347406163e-05;1.1262845424725232e-05;9.143029593602317e-06;5.301756547413777e-06;4.668956940988693e-06;8.988984253720226e-06;1.1917780687361279e-05;8.28565484707839e-06;6.019339057102231e-06;5.349335340932019e-06;0.00010393252822540005;0.0001449769807553884;0.0006543222294173008;0.00018756634310860068;9.476548471129994e-05;1.1383924551329458e-05;9.881784162985293e-07;1.729312913747384e-05;2.2970576844110186e-05;1.7314550891080483e-06;7.078300021843034e-06;3.7177382113386495e-06
01:02:00;236;9.597949249434185e-06;1.0178055082535507e-05;6.266713457799522e-05;6.77641456773999e-06;9.775277302604867e-06;9.372320737358306e-06;1.6069882168391235e-05;7.519418762636963e-06;4.97100368884224e-06;8.104764542402812e-06;1.3245885424143209e-05;1.2846387649806895e-05;8.132711496567811e-06;6.042357869001142e-06;1.2318962959702937e-05;7.266001559884577e-06;1.0142309920296082e-05;1.038963393765226e-05;1.6554997918193075e-05;8.792672591120716e-06;5.221260967636791e-06;8.34177515145389e-06;1.3975371374830433e-05;1.3502553480941082e-05;8.771489532752835e-06;6.82411494761001e-06;1.2354475685138891e-05;0.00010195857435217796;0.0001764902399704357;0.00026214366453608333;6.315342433095115e-05;8.075656519058435e-05;1.2416272890692322e-05;6.236843335511858e-07;1.8094615595419038e-05;2.0388427083211985e-05;2.04227615332807e-06;7.717607215849489e-06;6.220263283658201e-06
01:02:16;237;7.135397105173524e-06;7.81910628436982e-06;6.641369536123641e-05;8.029244604301766e-06;6.6742326128829435e-06;7.97900244074092e-06;1.016402315330693e-05;6.475603105374458e-06;4.762530565471934e-06;6.498048271907919e-06;8.976919951790437e-06;6.950010229383514e-06;7.937217431348968e-06;6.128556393359862e-06;5.049374517860563e-06;8.328108125641836e-06;7.2277998985060276e-06;9.198868190628385e-06;1.134981449709651e-05;7.373047416957531e-06;5.1949400585726835e-06;6.607079596298856e-06;1.0035005294711585e-05;7.935448184646621e-06;8.346695894827842e-06;6.901967412023289e-06;5.330497126837882e-06;6.92835364971744e-05;0.00015725361367104602;0.0003125080575086516;0.0001055219342098406;7.994587878244691e-05;1.924259210951109e-05;1.0752348798250835e-06;1.9519093189890775e-05;1.7680078342593426e-05;2.616338105633488e-06;7.618321160940011e-06;4.6996658772832e-06
01:02:32;238;7.716709743926293e-06;8.421375408528824e-06;7.079816728265825e-05;6.0469677372054775e-06;8.722191474610305e-06;9.956471588685128e-06;9.278772615382216e-06;6.669262510815667e-06;9.589237627949387e-06;3.4352475810224674e-06;9.392732661953316e-06;7.95377165955942e-06;5.247946814082835e-06;8.7174321760389e-06;7.590479701426809e-06;6.617524308285859e-06;9.20010117762921e-06;1.1136676434195774e-05;1.0425266299523483e-05;7.820910865765527e-06;9.800299664410759e-06;3.855357938765694e-06;1.0622443386625801e-05;9.01809505505091e-06;5.711365253163525e-06;9.001261447867617e-06;7.847198850257986e-06;0.00010413876089370609;0.0001335447681272057;0.0003383241651966809;0.00010843498153581958;8.396376523816597e-05;2.1321268464808243e-05;1.3543818018758279e-06;2.1217781941300393e-05;2.415687889123261e-05;1.5135949565220202e-06;7.228939014955768e-06;4.378721329625895e-06
01:02:48;239;7.436374356860721e-06;8.181711972944949e-06;6.387283233542309e-05;5.0444222423416045e-06;8.021578208621866e-06;1.0340174917835363e-05;9.168039923033369e-06;7.618395652674405e-06;1.1545304517503816e-05;5.12895979780255e-06;7.983622888280644e-06;8.158303372014911e-06;5.4950834986946324e-06;5.853797568213602e-06;4.878807215194766e-06;5.369570746114721e-06;8.720680588213107e-06;1.1705615916186236e-05;1.0364859348026332e-05;8.562131237731937e-06;1.1773990116102762e-05;5.476374542324058e-06;8.957814011006996e-06;9.335964949957398e-06;5.900034256217024e-06;6.519440232088666e-06;5.494064409987592e-06;8.438184924690448e-05;0.00010834824039646005;0.00027315615626263845;0.00013168349931030364;8.16715112705867e-05;3.332921000348564e-05;1.292078866194577e-06;1.838540370193003e-05;2.1472357631341957e-05;1.571499646839159e-06;7.565443439423689e-06;3.616738248968766e-06
01:03:04;240;8.161855630946361e-06;8.981803758511956e-06;8.098819818640021e-05;5.6288565491901075e-06;1.3515899124430772e-05;1.2676703156764482e-05;1.2193740127357119e-05;7.07817937659818e-06;5.711378868511474e-06;3.839800806527581e-06;8.692117110601059e-06;7.4690386950041185e-06;7.599559063335577e-06;8.02889978760132e-06;5.50809163451566e-06;6.105438917328211e-06;1.4775126618576306e-05;1.3323430191777806e-05;1.3709739528454935e-05;7.979064378824787e-06;6.030245395213339e-06;4.263641674789383e-06;9.815574248011527e-06;8.72077995914372e-06;8.504375664760797e-06;8.39159570838276e-06;6.162629148680544e-06;9.686928193350379e-05;0.00010932907630995287;0.0004155860462306358;0.00017888577656563172;9.015475209047465e-05;2.180336681764055e-05;1.9693056727007717e-06;2.2406507096988236e-05;2.361195220286749e-05;1.1695308364513055e-06;5.898837029637096e-06;4.173945450318251e-06
01:03:19;241;7.913271904090958e-06;8.700050968883847e-06;4.2730217000625665e-05;6.09128852569928e-06;7.841646085764028e-06;1.1649495724761685e-05;9.046733418797844e-06;8.048209769255395e-06;4.6990550169373986e-06;4.206998453038967e-06;1.5263065252084246e-05;8.072368178023805e-06;5.267767912703841e-06;8.733843294805865e-06;6.0387880257518525e-06;6.57937834482335e-06;8.662101174218439e-06;1.2710799833430314e-05;1.0016079026563947e-05;9.449672360679421e-06;5.078180418169285e-06;4.51430959332402e-06;1.6130583251743943e-05;8.949776599100787e-06;5.77761604486286e-06;1.004951818801221e-05;6.482593225652486e-06;6.992031371634448e-05;0.00010627049775357585;0.00010610298782360897;5.6060809388030315e-05;8.804875168997125e-05;2.2608571507156813e-05;9.91895773270364e-07;2.700654500770722e-05;2.2000523829450214e-05;3.1415972457170813e-06;7.446553123500072e-06;3.163557149175377e-06
01:03:35;242;7.310610424905338e-06;8.046549541914033e-06;8.174846724717397e-05;7.86010079713926e-06;6.8503763040310295e-06;8.146350242296565e-06;1.156497170546283e-05;6.677815943848228e-06;5.864595592506496e-06;5.09641533435518e-06;8.404727005029144e-06;7.170631377562131e-06;4.838064308772387e-06;1.0951160047961201e-05;4.302114195230512e-06;8.535792656840397e-06;7.163646266316034e-06;9.126606136869899e-06;1.281175643927344e-05;7.762455215003993e-06;6.284281138090868e-06;5.404167222302102e-06;9.513130137321828e-06;8.130561760665415e-06;5.529741478128443e-06;1.1669734093733427e-05;4.626718573720759e-06;7.533907733073671e-05;0.00018591003263384548;0.000435547242844902;0.00012311818891750878;9.577772747989662e-05;1.3492366749595759e-05;9.80094859146515e-07;1.940487836686237e-05;1.8537776975689993e-05;1.4335326283925827e-06;7.395070054708531e-06;4.045618124802303e-06
01:03:51;243;8.465596182686982e-06;9.190415295063448e-06;4.888586470172259e-05;7.708252485759782e-06;2.1447828492620662e-05;8.440825225038266e-06;1.0033046478306254e-05;5.461357337113978e-06;4.763724402904885e-06;3.5920442101978654e-06;1.2837172289695529e-05;7.769082032573557e-06;5.148146617531521e-06;1.0093514557819493e-05;4.2921568159861385e-06;8.065565015374287e-06;2.2695422109181086e-05;9.446879757197627e-06;1.1100858046120265e-05;6.3297997879585e-06;5.2645732063831045e-06;4.095845911884865e-06;1.3850636789840469e-05;8.820666124260633e-06;5.419032167762303e-06;1.0499980725157162e-05;4.695719947944148e-06;6.820863426746342e-05;9.296342155259369e-05;0.0001824556780304585;8.324120727963515e-05;8.535783357632414e-05;1.7958841700194118e-05;8.489131509144569e-07;2.239781757056204e-05;1.968720361091002e-05;1.928506321166884e-06;7.559022367959343e-06;4.0232969924893066e-06
01:04:07;244;7.206541259175868e-06;7.96349314453126e-06;5.060786886407258e-05;5.392048403249109e-06;1.2599957399701948e-05;8.862962472216457e-06;8.802948870693813e-06;5.418822123459677e-06;4.997217766538659e-06;5.3348064955504135e-06;9.696724908601276e-06;8.751180884432456e-06;4.3441661132187e-06;7.785301522486323e-06;4.492355840697697e-06;5.814778162431727e-06;1.3546297125259703e-05;9.986553950396608e-06;1.0021700653609675e-05;6.601211107638996e-06;5.388740784745764e-06;5.636803864404158e-06;1.0630365908628512e-05;9.886287127209229e-06;4.769124174506228e-06;8.312199526376908e-06;4.9678519702221034e-06;8.03965924336877e-05;8.651332687826273e-05;0.00018295213502586433;9.268458294637959e-05;8.904189846695855e-05;1.9437626070014418e-05;1.1713777276047274e-06;2.2159605455763466e-05;1.957613034867858e-05;1.8483975862359612e-06;8.091605097545611e-06;3.421148331875413e-06
01:04:23;245;6.904779471416202e-06;7.613868633540468e-06;5.364148766727142e-05;5.586048723219247e-06;8.538927593933336e-06;8.390446793591558e-06;1.2898764226256596e-05;5.725735650941033e-06;4.767079282107613e-06;4.470492023597475e-06;7.645092241856135e-06;7.924503021621893e-06;5.155637819533674e-06;5.344297039174122e-06;6.410327215307503e-06;6.07253813644933e-06;9.382925851195402e-06;9.621700272977182e-06;1.3726162700250722e-05;6.6986989150803e-06;5.336516896701901e-06;4.696413975867886e-06;8.33425207894857e-06;9.060581806473156e-06;5.628614716546439e-06;6.07850050165567e-06;6.729515508261931e-06;8.370856870787515e-05;0.00012177637430944137;0.00021425624852121607;6.375482802375327e-05;9.032829851794134e-05;1.543980640090638e-05;9.576927765776066e-07;1.727406538202836e-05;2.2950749052764675e-05;1.2079577788016183e-06;7.206083761144185e-06;4.837178774807086e-06
01:04:39;246;8.199455933131297e-06;8.884419452143344e-06;5.102259245585517e-05;5.195159126326519e-06;8.014085417264802e-06;1.2791985974884442e-05;1.1140612544641664e-05;6.234574484474044e-06;1.1993850213281638e-05;6.435857010958753e-06;7.463351242878699e-06;1.2804137981638839e-05;6.2507350219479205e-06;5.3314601738660175e-06;4.7376589684879695e-06;5.69163538312762e-06;8.432067549125073e-06;1.331269086682668e-05;1.2092180458227941e-05;7.450213443122795e-06;1.2464596722243705e-05;6.903908210397621e-06;8.368086128029972e-06;1.3929363468619907e-05;6.678398740059723e-06;6.110903607609371e-06;5.178984801653924e-06;8.428185682850579e-05;0.00013327643611090888;0.00014660340846149253;5.9971952619857054e-05;0.00010080578413118873;3.2731606599861855e-05;1.0650491784279226e-06;1.8175777383120497e-05;2.1358082665007724e-05;2.1765731561876674e-06;8.230060806308543e-06;3.5945215293949525e-06
01:04:54;247;6.812701384846647e-06;7.538040474081512e-06;4.956096714467973e-05;5.6366783014864685e-06;7.4878189228012495e-06;1.0176145458729025e-05;9.572837832003891e-06;6.500908574286706e-06;4.264712538186317e-06;3.403736018208809e-06;1.0668579865838721e-05;9.671279149808305e-06;5.046214391316281e-06;5.080991158802238e-06;4.2425126106334945e-06;6.057866265777354e-06;7.985888144883322e-06;1.1031566603528115e-05;1.0827657868365442e-05;7.5400803267902e-06;4.579851638251817e-06;3.7247836149341494e-06;1.2000488506508859e-05;1.0602607825246736e-05;5.55390247830508e-06;5.789753847434613e-06;4.7620361973586806e-06;7.340039460880944e-05;0.00013079291923682096;0.00014339002090268783;7.152971106036202e-05;8.833495456195681e-05;2.926578270041795e-05;1.0477685796548446e-06;2.5669708529625027e-05;1.8488425700482636e-05;2.8735432119612403e-06;7.055291457848563e-06;2.8830851855295505e-06
01:05:10;248;7.062177879581875e-06;7.76396546837221e-06;6.355026962278172e-05;5.520722715343399e-06;8.457470661421047e-06;7.71038580312093e-06;9.41589091819527e-06;5.893570946824411e-06;4.92469662044021e-06;2.942909341673395e-06;8.311522872294187e-06;7.371376625542325e-06;4.091743533249118e-06;1.3298131137999421e-05;6.80771120316463e-06;5.932407884181055e-06;9.072577805581424e-06;8.949620384751316e-06;1.0343997260700039e-05;6.9496425054884516e-06;5.276839138338191e-06;3.4086294846607023e-06;9.4185753092645e-06;8.350758095350355e-06;4.697982146204088e-06;1.3544213092982432e-05;7.222340332767009e-06;7.797815618787671e-05;0.00016992532039963098;0.00026990814385913057;8.472665777084327e-05;8.877132196556885e-05;1.9755939058718555e-05;1.2237114444549234e-06;1.7719308680309535e-05;1.9611029631892635e-05;2.0080661491448268e-06;7.458372114223126e-06;3.5172082115864333e-06
01:05:26;249;6.496928639359629e-06;7.214141492746606e-06;5.6892423017277704e-05;4.5963611557650355e-06;9.310960940276594e-06;7.99477264673049e-06;8.844517200724443e-06;6.972225743983142e-06;4.823294417119231e-06;3.076890132256629e-06;7.127378873276897e-06;7.701489972785938e-06;5.534742649809294e-06;6.929710055074296e-06;5.050798082157309e-06;4.939228286770507e-06;1.02982204467319e-05;9.11424798618146e-06;1.0012511424226627e-05;7.959034246020646e-06;5.178769648593999e-06;3.613085660802e-06;8.111960533260341e-06;8.663297942607468e-06;5.858327730366691e-06;7.402263961438033e-06;5.418747757832097e-06;5.653048792569853e-05;9.708999923691944e-05;0.0002745076118414243;0.00010831744740334719;8.529074374644527e-05;1.2077921544141032e-05;1.340595782875365e-06;1.667103740376037e-05;1.8040143062903287e-05;2.1756989780425317e-06;7.717099676762498e-06;2.950289605012796e-06
01:05:42;250;6.506906864635973e-06;7.232347049662339e-06;5.880416858873398e-05;5.351846238258159e-06;6.140986414170481e-06;8.84242870698286e-06;8.806140411624339e-06;6.010723131504909e-06;4.890463796349629e-06;4.462596253741356e-06;6.683302577218083e-06;1.2401198900911162e-05;4.707620125801978e-06;5.432617262228363e-06;4.352956612052594e-06;5.796180607543233e-06;6.8595111574550285e-06;1.0186951397061627e-05;9.942697845331225e-06;7.024761348302606e-06;5.2012283049407415e-06;4.9140851474418654e-06;7.513740525563996e-06;1.3317697048017791e-05;5.088151755432902e-06;6.097123263362512e-06;4.846034113154618e-06;8.625335504406089e-05;0.00012536876806107025;0.00026382037216088523;8.014990981133667e-05;8.127052355696391e-05;1.5381237209549767e-05;8.852488239500502e-07;1.95809742817019e-05;2.126533216420771e-05;1.9721566583386163e-06;6.700489530054433e-06;3.0016557626884623e-06
01:05:58;251;7.069619474396983e-06;7.828563820446188e-06;6.83419748325181e-05;8.5745922630503e-06;1.0578571565712412e-05;9.13613522515985e-06;8.639782525289196e-06;7.063037769357421e-06;4.788077082777549e-06;3.3244524925247663e-06;7.67685757032475e-06;8.463418614662094e-06;5.174783313128211e-06;5.706853027153226e-06;5.708869960198047e-06;9.12362156668678e-06;1.1754785525307496e-05;1.017611839415622e-05;9.742192859552165e-06;8.285469353331446e-06;5.1657040981071876e-06;3.6355969383247944e-06;8.59851951058254e-06;9.31760424936317e-06;5.599013688937058e-06;6.354705661417743e-06;6.189430401902911e-06;8.771868012257041e-05;0.00011675403584053878;0.0003684177666422825;0.00010395499175571828;7.398791188457036e-05;9.775870626576262e-06;1.2650043139966986e-06;1.980431743548093e-05;2.5403640299666424e-05;1.535126386652283e-06;7.365910425870788e-06;4.120442256293196e-06
01:06:14;252;7.69022461936815e-06;8.406460098360438e-06;4.9126222555943655e-05;5.217114204728287e-06;1.7777263495459422e-05;1.061208757006811e-05;9.045597333309532e-06;6.254767527671199e-06;5.4642418195850375e-06;5.5877399247415065e-06;6.834563991601912e-06;7.596287174232492e-06;4.861328136485099e-06;5.963758349865471e-06;7.067942826404822e-06;5.638239691748661e-06;1.850674750671657e-05;1.1798533486847802e-05;1.024365685478625e-05;7.3119228424810545e-06;5.72997835868453e-06;5.74816142575343e-06;7.671645124889747e-06;8.599126034179007e-06;5.328730539871156e-06;6.550660560329746e-06;7.75011572334768e-06;7.302225503412447e-05;9.325857490895788e-05;0.00018151683081735299;9.333829609477228e-05;8.37922754440274e-05;1.2040441570801344e-05;8.365428013154891e-07;2.2898013701432e-05;1.6617564092304748e-05;2.1595286645526683e-06;6.924204668177855e-06;3.1101428735051235e-06
01:06:30;253;8.625566605050237e-06;9.362515362526313e-06;7.629643203178295e-05;4.884980509636059e-06;1.8503742082161395e-05;8.553363206880766e-06;9.763702899916057e-06;6.643526504358409e-06;9.556453902477683e-06;8.62251633228859e-06;7.761438964657621e-06;9.082345416350728e-06;7.141940567834126e-06;7.324843132362378e-06;5.667942092073148e-06;5.4285545628991265e-06;1.8861559245907082e-05;1.0028495189199251e-05;1.0895478295378204e-05;7.875589416690224e-06;1.0076191094551085e-05;8.890313326066715e-06;8.572032952600504e-06;9.957255229040395e-06;7.751947842861447e-06;7.809940149244643e-06;6.202823020787405e-06;8.897173661124486e-05;0.00017422866918874306;0.00039333674909097847;0.00010810017134973556;7.625895637469206e-05;2.2106381317923348e-05;7.800027704552979e-07;1.782691724157291e-05;2.0169811678436075e-05;1.8431462932607793e-06;7.845533377356481e-06;4.089109086996069e-06
01:06:45;254;8.383523265820259e-06;9.124358084706348e-06;7.91442956807788e-05;1.1454738736528146e-05;8.046560702594393e-06;7.986599310460075e-06;1.0339402367326949e-05;7.018660012130857e-06;8.171973623531544e-06;4.419353440451604e-06;9.878580250699542e-06;7.877110735163031e-06;9.626982744234427e-06;5.637776404266891e-06;1.0144537490930361e-05;1.2280392638785997e-05;8.63001177773945e-06;9.196899848379698e-06;1.1509227982670278e-05;7.849698969165949e-06;8.339203742264234e-06;4.75790236549396e-06;1.0826132806926846e-05;8.884616726149194e-06;1.0458018107472733e-05;6.247311721151014e-06;1.0512877316856087e-05;7.378840436910654e-05;0.00016115891839013876;0.0004209427765844923;0.00013480993349608344;7.715514855441642e-05;1.5633733995839027e-05;9.87922691332963e-07;2.1528197473273778e-05;3.148512665104409e-05;2.784755769355319e-06;6.700720480437539e-06;2.7559097138251775e-06
01:07:01;255;7.926820386346249e-06;8.6825468683913e-06;8.306079083863799e-05;6.8270387420067315e-06;9.150123403856014e-06;1.3455597530248104e-05;9.718482730327402e-06;6.966874528754633e-06;5.3455308824239145e-06;4.600389652735388e-06;9.348499137150736e-06;9.087785834083206e-06;6.0956044720874365e-06;9.637297776133767e-06;4.888616915882887e-06;7.40929238682965e-06;1.0067173109205271e-05;1.435521750829162e-05;1.1204333652959932e-05;7.982120059405364e-06;5.608783927136411e-06;4.670756120100998e-06;1.0313241315848647e-05;1.0008781482841336e-05;6.542077739417252e-06;1.0551370497189883e-05;5.47741037620124e-06;0.00010282125218787453;0.00011872102363657839;0.0004918041019756963;0.0001348553064787398;8.027408299652474e-05;1.0035961639188928e-05;1.3640664706028252e-06;1.7611678261488337e-05;2.796002422909382e-05;1.7590958809935859e-06;5.724016431074416e-06;3.7988798758000405e-06
01:07:17;256;8.935408321132275e-06;9.544686621712238e-06;0.0001105069804394738;9.405955829968413e-06;8.831100102988579e-06;1.67188177535784e-05;9.205560055327375e-06;6.963366545032944e-06;6.560359192129474e-06;1.1129641688579671e-05;7.5812540258497885e-06;1.3598586466333597e-05;5.0719207494089664e-06;6.267065968240166e-06;5.891267800706146e-06;9.76668819401058e-06;9.377943178715444e-06;1.7625031979392426e-05;1.0327664410938211e-05;7.620479934729114e-06;6.8819881332124574e-06;1.131608343965564e-05;8.52185463326684e-06;1.4169169476132727e-05;5.578204245812e-06;6.868016982157833e-06;6.483111974375788e-06;0.00010261003724336437;0.00013278579714839375;0.0006810178333349165;0.0002471853552205027;8.887835753002724e-05;1.3481465950190929e-05;1.2921932106141478e-06;1.8907322746867345e-05;2.765071055249571e-05;1.2711195408134747e-06;6.50215929494677e-06;4.50141350055246e-06
01:07:33;257;7.3139614129176645e-06;7.992746379639794e-06;5.743869542915961e-05;4.578091375409795e-06;7.406134567521473e-06;7.577726692434536e-06;8.546411033902048e-06;8.325781718680632e-06;4.411115417500934e-06;6.119993831306529e-06;1.1118918310676856e-05;9.133386030994602e-06;7.836706695937581e-06;6.909409031989484e-06;5.80385993648685e-06;4.943329474682989e-06;8.137809742683076e-06;8.5777712021947e-06;9.788243546551446e-06;9.363796656359653e-06;4.893587767490985e-06;6.336772492408894e-06;1.2209526860865078e-05;9.84313533368964e-06;7.958446272086689e-06;7.526980448634691e-06;6.333553727340068e-06;9.599221133373706e-05;0.00011480221220651838;0.00023406006735164723;8.209121535838589e-05;7.781295804519115e-05;1.7316111848481582e-05;1.6673397567922893e-06;2.1218362879282987e-05;3.087431071313872e-05;2.991369170804791e-06;7.329425216613514e-06;3.108761269321901e-06
01:07:49;258;7.276673261199821e-06;8.024477941760295e-06;5.9725660595041635e-05;7.2378036900421314e-06;9.93326589144255e-06;7.64358191996838e-06;9.047368693741605e-06;6.1243807294240264e-06;8.412115323995874e-06;6.694933908913857e-06;8.23168650172916e-06;6.809225715639658e-06;6.018117691297675e-06;6.022929727642825e-06;5.144667282569964e-06;7.772945007419839e-06;1.0434786970649781e-05;8.569006701081083e-06;1.0272153580260664e-05;7.208970255536009e-06;8.876290273372987e-06;7.070542534177237e-06;8.850116811820182e-06;7.939594467378684e-06;6.583285937002857e-06;6.736555699521714e-06;5.979483001835975e-06;7.393113559358296e-05;0.0001150160119824276;0.00029614958273203006;8.346991396974991e-05;8.321804686538287e-05;1.1752175401374215e-05;6.457035441089138e-07;1.9008944754514947e-05;2.130303496997948e-05;1.4229600286121088e-06;7.4740586058491105e-06;3.3163586928875086e-06
01:08:05;259;6.640375214704942e-06;7.355485557795125e-06;4.790264610387714e-05;4.68822203200406e-06;8.073481108216253e-06;9.997824013200072e-06;9.254813422449553e-06;5.866106883962113e-06;4.429323300056157e-06;4.738602230279877e-06;6.6992528418423225e-06;8.020186894890974e-06;6.138252263809818e-06;5.903795625463524e-06;5.874640156313469e-06;5.111314927673931e-06;8.65305201277576e-06;1.1073932346104662e-05;1.0048189721336585e-05;6.920403157443006e-06;4.781343673303011e-06;5.298637956278796e-06;7.6214418405021505e-06;9.054613385643866e-06;6.6811743452006664e-06;6.648703191198756e-06;6.373016901042193e-06;7.112607884060257e-05;0.00017332406044610378;0.00012529111069523475;5.860640407566657e-05;7.615603674407357e-05;2.1053767217969294e-05;1.1948914957001243e-06;1.9623862071749226e-05;1.5987929417703916e-05;2.4490149118175136e-06;7.291669635369561e-06;2.7269276945348433e-06
01:08:21;260;6.692935095677719e-06;7.379301096770627e-06;4.903069824055347e-05;6.435367501596416e-06;9.37326448409563e-06;7.908144954559372e-06;8.39751168513203e-06;5.356006467267931e-06;4.181977978780858e-06;9.682177353521514e-06;6.818603514540717e-06;7.884205838334681e-06;4.957239964136823e-06;4.860881164086612e-06;4.459838332011983e-06;6.965956448697444e-06;1.0012027043466091e-05;9.006479000232456e-06;9.617632327671679e-06;6.29675501910196e-06;4.549887503517196e-06;9.6790813154545e-06;7.609832123365132e-06;8.786118495997552e-06;5.420521223572042e-06;5.51310624152531e-06;5.094213825434997e-06;6.130829402798691e-05;0.00011575156389690486;0.00018032104548163367;8.575231759925914e-05;8.168185393848742e-05;1.4972952738987892e-05;1.083622280727095e-06;1.9042733082298545e-05;1.5460582959300642e-05;2.4999620863549056e-06;7.681622293357586e-06;2.811828501342858e-06
01:08:36;261;6.178300763921967e-06;6.831572487568291e-06;5.6960369144768244e-05;5.217880439803676e-06;6.5556340409500535e-06;8.004715522505732e-06;8.016054578583656e-06;6.2364065614288355e-06;4.944811127994729e-06;3.309324537716727e-06;8.14352735354553e-06;8.680142008963479e-06;5.45339513344991e-06;5.583515959079415e-06;3.9941999451736425e-06;5.526354303997956e-06;7.174315335679596e-06;9.018218228263748e-06;9.123758877361564e-06;7.054419910086317e-06;5.263273657897404e-06;3.5878675888956354e-06;8.96141108557769e-06;9.654264540816407e-06;6.0093467007253005e-06;6.2156865583980295e-06;4.389951072880649e-06;9.360273722873512e-05;0.00013243361147409686;0.00018882356927889067;7.901021308593725e-05;0.00011727699661799101;1.6838378345214476e-05;1.582215268985442e-06;2.1779436360552776e-05;2.0679362244188896e-05;2.035343441660816e-06;6.6368421636721565e-06;2.8257242272934205e-06
01:08:52;262;6.948591891128589e-06;7.698088890570436e-06;6.91864481612736e-05;7.083967108911793e-06;7.658896224298092e-06;8.100784870376545e-06;7.885387611720903e-06;6.376072183203715e-06;7.2661969244724e-06;3.862646670233454e-06;7.340120178737792e-06;6.833751315453314e-06;1.132919859323713e-05;5.462430692013888e-06;4.1836482916385815e-06;7.469213201896114e-06;8.364338319103198e-06;9.12826004147248e-06;9.150075492229168e-06;7.479918461089992e-06;7.4435233842980125e-06;4.084308965836579e-06;8.242383403198858e-06;7.947936548497395e-06;1.1889045202258763e-05;6.274262058111704e-06;4.903798710558154e-06;7.18302250083069e-05;0.00014350907502635204;0.00032932597981586814;0.000134225166528503;8.871589988111835e-05;1.3738265300635465e-05;1.0919934037146728e-06;1.7960858773779825e-05;1.64236695351943e-05;2.240413849743974e-06;7.759220467685725e-06;3.4166103443807852e-06
01:09:08;263;6.485937725322153e-06;7.217123800705561e-06;9.133883728841266e-05;7.233301171280263e-06;8.764778895392118e-06;8.92537033081453e-06;8.002313893226445e-06;6.262212263731147e-06;4.727617466797214e-06;4.659120876417753e-06;7.753251726295606e-06;8.539694641611236e-06;3.873596248124303e-06;5.012080630447971e-06;4.077912514010119e-06;7.444243968891413e-06;9.533045239193229e-06;1.006113287858861e-05;9.240861702351197e-06;7.0844411760545775e-06;5.2221893343536255e-06;5.027757721063033e-06;8.861183008015867e-06;9.639617658223547e-06;4.320943418538782e-06;5.597636388727873e-06;4.572431171715225e-06;8.388923710568817e-05;0.00013631391365009283;0.0005223169123312248;0.00021060227246257467;7.806032983879116e-05;1.3248305664356205e-05;1.0248772028211119e-06;1.914723343311808e-05;1.978562337353183e-05;1.5526297313833431e-06;6.881280505112762e-06;3.243432162257378e-06
01:09:24;264;7.739357557247992e-06;8.433082694875938e-06;6.945724669451521e-05;5.769132077272264e-06;1.849616111051298e-05;7.608353415894891e-06;9.60421105844489e-06;8.866953926333178e-06;4.652856979380328e-06;5.174969584813156e-06;6.6214253803567855e-06;7.89799029441631e-06;4.835080737241139e-06;8.471260609352074e-06;4.8738924182213274e-06;6.0649741453168726e-06;1.9628636241404934e-05;8.656163181167588e-06;1.0975116120916247e-05;9.990917913202356e-06;4.996112353712559e-06;5.442686544852279e-06;7.337555088488904e-06;8.813511716583935e-06;5.131031566864444e-06;8.883687331933598e-06;5.276596550773527e-06;0.00010086327912087883;0.00011118455127885436;0.0003752732240272387;8.809626963961674e-05;8.4417089511285e-05;9.47822699521808e-06;1.012501157840679e-06;1.79563727069799e-05;3.324569427138636e-05;1.536164483494741e-06;6.851025285822339e-06;3.5725618555667376e-06
01:09:40;265;7.201693329441448e-06;7.891649533167431e-06;6.401796861058746e-05;5.813874921691629e-06;1.2386933214258988e-05;7.5207470699596835e-06;1.2501936528120826e-05;8.303227471887196e-06;4.629328427344345e-06;4.210955525930547e-06;6.994226950496341e-06;6.547813141304976e-06;5.4620178915534075e-06;6.440745329557145e-06;5.608511622961549e-06;6.221131363556104e-06;1.3081713151695101e-05;8.597730236113974e-06;1.3942473385754908e-05;9.193124668267437e-06;5.075852972298936e-06;4.556618409015421e-06;7.773353675624601e-06;7.551273403253076e-06;5.722699966157316e-06;6.976946604228505e-06;6.0068732377831e-06;7.720191295534642e-05;9.536642478712093e-05;0.00031051037887238145;0.00013093037362148032;9.09312152310377e-05;1.2413824510481021e-05;1.0679710513333412e-06;2.0145772096268746e-05;1.688657678346863e-05;2.4941267936774583e-06;6.8554729648699965e-06;3.4115736595836217e-06
01:09:56;266;6.9404306121224515e-06;7.628829706258721e-06;5.725627587447878e-05;6.98822750163944e-06;1.3921415459931682e-05;8.789551132017756e-06;8.510197317109073e-06;5.0056539232007875e-06;4.613567410287218e-06;3.3812393822203872e-06;8.248200926304476e-06;7.443584529844636e-06;5.123971676371494e-06;5.747647866498213e-06;5.511908246673287e-06;7.45248347857917e-06;1.4559542423624787e-05;1.0095677835930542e-05;9.810232612939148e-06;5.930689845811259e-06;4.957802318557109e-06;3.7593720351858655e-06;9.247728197391829e-06;8.351589287163342e-06;5.38472520446116e-06;6.348473383511617e-06;5.64763660251997e-06;6.995869029497175e-05;0.00011872229811118357;0.0002473834772779056;9.18563052535959e-05;8.461130453152442e-05;1.5017079256220561e-05;9.57164719302835e-07;2.120252653511714e-05;2.4576361595394347e-05;2.8930724018892826e-06;7.013278031310568e-06;2.883752485329552e-06
01:10:11;267;6.828572689440452e-06;7.573849323975244e-06;5.263498420225072e-05;5.7355154348732125e-06;6.867081865571188e-06;8.236674917389502e-06;1.3587629907037394e-05;6.161992147727088e-06;4.524796506124383e-06;4.268050645027767e-06;7.375104504800137e-06;6.8770941956069525e-06;8.80596014241064e-06;5.393607130537765e-06;4.1093629984087245e-06;6.219984341073484e-06;7.663573814158863e-06;9.419747665203972e-06;1.4466409130030034e-05;7.063122735370932e-06;5.005523548731352e-06;4.559573440767767e-06;8.368170411709866e-06;8.098306784344044e-06;9.366506852713911e-06;5.829325550333619e-06;4.8259447768504275e-06;9.025268717209452e-05;0.0001295463838790701;0.0001987197223114414;6.188785602117609e-05;8.840288328308074e-05;1.2265314338936975e-05;1.122018956091292e-06;1.9958513961075736e-05;1.6920711204360443e-05;2.573999728552441e-06;6.604970622382565e-06;3.364748948746444e-06
01:10:27;268;6.89488325956621e-06;7.5519270766666455e-06;9.12882155131207e-05;6.246986310223044e-06;6.340237108498121e-06;1.2136998912963422e-05;8.047464601449148e-06;5.095004549492511e-06;9.04613493898668e-06;2.9689135416788304e-06;9.136469495791227e-06;6.856846334360708e-06;6.7880186992138905e-06;5.564440091567556e-06;4.511082825589793e-06;6.491657684450672e-06;7.100802755487649e-06;1.3143404108240812e-05;9.208689409459549e-06;6.0881675352315535e-06;9.028498500154893e-06;3.265001771955834e-06;9.843622937975702e-06;7.995640460856382e-06;7.389383812597437e-06;6.305357595620886e-06;4.762895344621155e-06;9.966554189305605e-05;0.00012973579748037006;0.0005397078549924498;0.00018978740331132871;7.677381475578907e-05;1.1315429429470417e-05;1.7241840845196865e-06;1.8018702939360538e-05;1.713597398432075e-05;1.955254932540956e-06;6.934140019167857e-06;2.7044883350745163e-06
01:10:43;269;6.9051904138074285e-06;7.65051183545346e-06;6.950931285009696e-05;7.0173608693577e-06;9.794870869939132e-06;8.123743455712429e-06;9.256627537529932e-06;5.547089306839387e-06;3.980129349010688e-06;4.487608270603067e-06;9.201600874384688e-06;6.649017760131735e-06;7.600539734395087e-06;5.190731046282466e-06;6.0129638047680025e-06;7.55923713457585e-06;1.0714034718298133e-05;9.250315917045014e-06;1.0352987834566296e-05;6.477780199837738e-06;4.370258048892756e-06;4.569863443676592e-06;1.0129146158772218e-05;7.657291744295964e-06;8.151190850415482e-06;5.882806406105696e-06;6.691227139803047e-06;8.795738935448264e-05;0.00011976144931561151;0.00038549881768986565;0.00010018358940387712;7.92429824171891e-05;1.0339140368870074e-05;1.681167798255774e-06;1.755297839711748e-05;1.9618982560514736e-05;2.4898299130824e-06;6.534596220510107e-06;3.2508307617868122e-06
01:10:59;270;7.487314416788525e-06;8.234129053781096e-06;4.796512008230068e-05;1.098918385493293e-05;1.0759659469980223e-05;1.062039708379168e-05;9.19010616939886e-06;6.034153862153537e-06;5.706663914912207e-06;4.5892821615661266e-06;7.778509155736463e-06;8.329294470467051e-06;5.687721185668434e-06;5.9616978337441075e-06;4.201101337031332e-06;1.193408816912848e-05;1.1364900677142919e-05;1.1763684286259238e-05;1.020026978995368e-05;7.214892554046959e-06;6.069172476473577e-06;4.836072050722256e-06;8.540294822546745e-06;9.455883714451109e-06;6.296896644120283e-06;6.414184133950297e-06;4.719205115847378e-06;7.611570584117785e-05;0.0001241423266732045;0.00015689904871628456;6.497848253085265e-05;8.556625760184034e-05;1.6990369433961814e-05;1.0391181152636834e-06;1.71060160917392e-05;2.0401244048135247e-05;2.3683422775198463e-06;7.071168231417459e-06;2.9033614262110383e-06
01:11:15;271;6.008673260928597e-06;6.754714912501727e-06;8.902413497665416e-05;4.235758999791208e-06;6.64135040102048e-06;9.484752488540174e-06;8.488044317997181e-06;5.72851488039367e-06;3.931352044552548e-06;4.60647458957262e-06;7.428012976101234e-06;6.85535454665724e-06;5.525046621102092e-06;4.734192402302349e-06;4.445223141984074e-06;4.766891373647819e-06;7.44061499293061e-06;1.0594108274906116e-05;9.884604815287954e-06;6.725563667438294e-06;4.347901399860003e-06;4.950931255895935e-06;8.239636297477336e-06;7.763264040730501e-06;5.937880227457189e-06;5.4534302158065695e-06;4.951750451588931e-06;7.561345903115031e-05;0.00013686545395497781;0.0004694723768627648;0.00022841143244506511;9.338154135073891e-05;1.4075322810420886e-05;1.4210328886907216e-06;2.018425980261478e-05;1.5114720247778171e-05;2.5643238259602144e-06;7.02463386598266e-06;4.1610626337057395e-06
01:11:31;272;6.99534838782318e-06;7.680170722467871e-06;4.053090808016969e-05;4.564181270180515e-06;6.870524731926832e-06;1.0715097997407694e-05;8.909381875164193e-06;7.648364734597573e-06;8.477926581530358e-06;6.221968729811713e-06;7.00314151590543e-06;8.965901829779712e-06;5.458320569508921e-06;5.115887659844599e-06;3.99348122053828e-06;4.938370866396706e-06;7.654646064502576e-06;1.1674851169958902e-05;1.0051445056151237e-05;8.827959586769679e-06;8.791100448940562e-06;6.42982158291189e-06;8.074601570529645e-06;9.812359598694041e-06;5.669254828199318e-06;5.824337043848089e-06;4.413297796118865e-06;8.469095689160609e-05;0.00010694315202826148;6.523303461768749e-05;5.4649958464510414e-05;8.966857418260681e-05;3.0314069634176827e-05;8.858212167532472e-07;2.2925001420642512e-05;1.8507811535684784e-05;2.7216986058369122e-06;7.531173859389454e-06;2.299644504880305e-06
01:11:47;273;7.740652944479818e-06;8.438927694971679e-06;5.307356150259127e-05;4.94255440599354e-06;7.097708386280291e-06;1.2125918940791342e-05;8.089721028816463e-06;1.0529626329323285e-05;6.15441967643061e-06;3.638025031772362e-06;1.0882910733559212e-05;8.308522177974902e-06;8.679949779377694e-06;7.620355412059481e-06;4.818120783638009e-06;5.240574427250378e-06;7.66434107655313e-06;1.3341097840140396e-05;9.353103727150909e-06;1.1451285145891302e-05;6.593846793765795e-06;4.027335575577851e-06;1.1967698718521366e-05;9.144351391609511e-06;9.104894679349175e-06;8.13838908505181e-06;5.240210655272998e-06;8.297055911791721e-05;0.00013096767846389648;0.00015014340196176914;8.266894450496194e-05;9.56892685452043e-05;3.3720833534589206e-05;7.835930147315557e-07;2.4316989503278708e-05;2.3281530430211628e-05;3.38600737360516e-06;6.483433056129298e-06;2.470498524800747e-06
01:12:02;274;6.311827399811549e-06;7.106126246716359e-06;7.91878075562686e-05;5.7065737870878115e-06;6.236298620298054e-06;8.694507561105267e-06;8.248105284022502e-06;1.0029003908714044e-05;5.674874308490209e-06;4.237021840290047e-06;7.0990164256944475e-06;6.854472678180008e-06;4.290113583170875e-06;4.726818123660078e-06;3.945120841725663e-06;6.334173838672253e-06;6.832421529653874e-06;9.781392478382972e-06;9.675860440703345e-06;1.1209494943291766e-05;6.087074400310012e-06;4.745443401922865e-06;8.014497331104497e-06;7.894280430793768e-06;4.69401696804359e-06;5.455882144447002e-06;4.548974481645306e-06;8.681923491817486e-05;0.00014936202272461952;0.00037852937348470443;0.00016336172945879347;8.961027931921632e-05;2.7424605986164907e-05;1.6055441405136922e-06;1.9853876152598834e-05;2.223193493142845e-05;1.2908727480690845e-06;7.379557472913268e-06;2.7846593380258606e-06
01:12:18;275;6.807976529511382e-06;7.6070220955766155e-06;5.599808713883759e-05;4.9515391576836585e-06;8.398058306304598e-06;8.645620958056746e-06;8.747460973588453e-06;6.8396114430284305e-06;1.0613340448111847e-05;3.2933621501030075e-06;7.040065558072683e-06;7.783165302235126e-06;5.033536579707681e-06;5.887910581234027e-06;4.462044859820935e-06;5.464654209333011e-06;9.160808030507805e-06;9.754654617804763e-06;1.0245540095961069e-05;7.893966016172847e-06;1.084218671236112e-05;3.725544756947139e-06;8.158354911399869e-06;8.91676798553679e-06;5.541975641088218e-06;6.692310330723972e-06;4.887498844370004e-06;7.278270729983515e-05;0.00011524274187631302;0.00016458599835549525;0.00012808967380156087;8.760441851335037e-05;4.988596183581554e-05;1.1611860146727969e-06;2.569556026755281e-05;1.4532770617887188e-05;1.8167993005592426e-06;8.056177630090877e-06;2.5230501529180885e-06
01:12:34;276;7.098337356772142e-06;7.77594015191794e-06;4.91314309760935e-05;5.028376107092796e-06;1.0425897979938657e-05;6.7402610077558416e-06;1.02017526870668e-05;5.823796659143454e-06;5.184188271879396e-06;3.260440530248523e-06;6.579281273001346e-06;9.875017877515223e-06;7.710160202572586e-06;6.030394691562564e-06;8.320479008329006e-06;5.284540676153552e-06;1.1225232235200209e-05;7.881360805278078e-06;1.115679685737425e-05;6.823021855860686e-06;5.498665100449101e-06;3.5900043171808003e-06;7.542799796536638e-06;1.0898489983469805e-05;8.052403521830882e-06;6.6569003201602985e-06;8.701062488168496e-06;8.680505787466966e-05;0.00010100550555402436;0.00018510831388964262;7.715459808206471e-05;7.736341084835695e-05;1.1176426475889412e-05;1.076375340896574e-06;1.65023788614154e-05;2.071105357729782e-05;2.365251957061127e-06;7.273442031677398e-06;3.0353572201260233e-06
01:12:50;277;6.794552560181315e-06;7.517415206511711e-06;4.5207523823410615e-05;4.415956733535867e-06;6.1237959769755435e-06;7.2502318963849825e-06;1.09389851966119e-05;5.8851895381260215e-06;7.163407107733312e-06;3.1588513983135416e-06;7.078185605797154e-06;1.133200658772053e-05;5.773707568127148e-06;6.491072620659369e-06;5.9232384040021975e-06;4.8617024086651545e-06;6.652442843454692e-06;8.47116314593844e-06;1.1746940960815837e-05;7.004128407590796e-06;7.54926443307018e-06;3.4561327325557417e-06;8.05475937789807e-06;1.2381304541237643e-05;6.474978754685932e-06;7.270585804609611e-06;6.285577404049013e-06;7.777289382270307e-05;0.00014258382215368148;9.808339072463165e-05;5.388307261025724e-05;9.073923150429973e-05;3.266835123741745e-05;1.052815446465901e-06;1.8354264295172845e-05;1.5027492837453324e-05;2.304998298397391e-06;6.72128305038757e-06;3.298669900059771e-06
01:13:06;278;5.893410077688217e-06;6.638523936538759e-06;6.006844772112064e-05;4.671874905361826e-06;7.288370427263854e-06;7.541314720330402e-06;7.413929459041603e-06;4.897781688904181e-06;5.51485088803619e-06;4.466283792581294e-06;6.8711107959726094e-06;8.91982908965164e-06;3.9786041386688256e-06;4.839373270600205e-06;4.3175958142879525e-06;5.142041970165211e-06;7.834217987830833e-06;8.619491456809993e-06;8.729541950512462e-06;5.959613863984786e-06;5.928140831489559e-06;4.814497479349518e-06;7.879620596535851e-06;1.0003951334925383e-05;4.4150186493172006e-06;5.624199637835934e-06;4.711949316780318e-06;8.059173993096778e-05;0.00015189472276015643;0.00021636734390391787;0.00011271875713424689;8.292737555253192e-05;2.4182427039513614e-05;1.1047030532049165e-06;2.613657896885459e-05;1.2890038939382142e-05;2.2392108950081814e-06;7.126181146329466e-06;2.6422933293338643e-06
01:13:22;279;6.310241870850901e-06;7.043068095138356e-06;6.335088637330615e-05;4.486222375406483e-06;6.989889844145512e-06;7.588167549825315e-06;1.0726694072295892e-05;7.506353636120945e-06;3.7899632329444186e-06;4.725627161018441e-06;7.78084463930058e-06;8.773989643435181e-06;4.558819356439224e-06;4.840504897755822e-06;3.955823927658354e-06;4.934391444282793e-06;7.710630010870208e-06;8.615933847401802e-06;1.217042436225331e-05;8.61485638399498e-06;4.2238991624534596e-06;4.7561198508573615e-06;8.910747896198366e-06;9.679931551971417e-06;4.949512193762311e-06;5.532217934344345e-06;4.418150312999444e-06;9.778020918233098e-05;0.00013415504700772096;0.000313256403327147;7.52136699380927e-05;7.5976857501692e-05;1.0654468714936216e-05;1.519604504393463e-06;1.8111575053736332e-05;2.0382126313462845e-05;2.0402303563014226e-06;6.931845744851749e-06;4.188598835008278e-06
01:13:38;280;8.027135188952302e-06;8.746203254500134e-06;3.94336139101021e-05;9.552398037338993e-06;1.539170787106576e-05;1.3842664954986297e-05;1.2007067178258653e-05;5.202612868838617e-06;4.12044191259882e-06;3.688035524004621e-06;7.138677403226914e-06;8.214465110385886e-06;6.814247590757429e-06;5.725324918482887e-06;4.627975881794038e-06;1.0046146858085309e-05;1.6679646262362646e-05;1.4653852488237722e-05;1.2950000128984346e-05;6.116861842673632e-06;4.5010380480435525e-06;3.97952347652157e-06;8.050260591137228e-06;9.304781818898362e-06;7.189701257549489e-06;6.5087455069157e-06;4.97387643434517e-06;7.569144213334411e-05;0.00010497540182390267;7.651385410750106e-05;5.937715250637305e-05;8.677357692302838e-05;2.022631983855993e-05;9.65737406709072e-07;2.016267795782325e-05;1.4677598194439294e-05;3.865516724036503e-06;6.801948339821483e-06;3.17214096568639e-06
01:13:54;281;7.228123472848645e-06;7.950510061613087e-06;4.751995766056924e-05;4.836307927550107e-06;5.7998891523812866e-06;7.87336740095477e-06;1.0938472634982396e-05;5.911077249656025e-06;4.379450550247426e-06;6.571450650224878e-06;1.1871728211396906e-05;8.993968182577108e-06;6.512629069729573e-06;8.304309560003276e-06;4.744828898915123e-06;5.309417215530514e-06;6.480814159036941e-06;8.808815863043883e-06;1.2083398624908333e-05;7.009213893266123e-06;4.79280105295563e-06;6.782871429394721e-06;1.3050517610062791e-05;9.939952161414712e-06;6.902057155549542e-06;9.144159476714845e-06;5.102099484120808e-06;8.134726709547877e-05;0.00011557690716385001;0.00011913743516628901;7.148854531809346e-05;0.00010792776329837138;2.44779383207899e-05;9.880611704087968e-07;2.04614620859653e-05;1.6270228562723024e-05;2.32101004751135e-06;7.561601928052901e-06;2.681271769296885e-06
01:14:09;282;6.118024231227537e-06;6.844136460361519e-06;7.450367810508277e-05;6.089863798373265e-06;9.047775777885777e-06;7.7543050807094e-06;8.344995766084264e-06;6.656037977589594e-06;4.61509224888604e-06;3.0575090249517314e-06;6.519506634752113e-06;6.578023219945677e-06;4.52784209156479e-06;5.275927861380193e-06;4.949409370428012e-06;6.374052369394605e-06;9.8830423149029e-06;8.854302317950332e-06;9.727102673124033e-06;7.719712777566489e-06;4.921121510765088e-06;3.319845837964588e-06;7.425974925791718e-06;7.5650918052481675e-06;4.955875977119129e-06;5.952869678712656e-06;5.430643125381019e-06;0.00010873866319797671;0.00012119766895608207;0.0004048632012083183;0.00011611118694111394;8.625221093028446e-05;8.471613539471453e-06;1.1645735334963156e-06;1.7331816050309508e-05;1.8972869809195726e-05;1.3996203935072875e-06;7.301207437252488e-06;2.2395052639849033e-06
01:14:25;283;6.746390168772947e-06;7.497172128187e-06;5.9631320736604694e-05;4.857323044469488e-06;1.0314173677401909e-05;6.950058139342342e-06;8.402445747502828e-06;6.618188720608487e-06;5.5181793918925655e-06;3.824737819871612e-06;7.821939944883319e-06;7.710632970579148e-06;6.5238903465699005e-06;7.503161579723962e-06;4.911948951822544e-06;5.183770300863205e-06;1.1188937306438743e-05;8.18249817930797e-06;9.830798953311088e-06;7.799242407772794e-06;5.970107326039063e-06;3.978846363472396e-06;8.64705654886983e-06;8.648685672619937e-06;7.052060090809622e-06;7.91674671998845e-06;5.567312879825698e-06;7.131937679110442e-05;0.0001331583669931039;0.0002514927792024457;0.0001054937448006243;7.491995632639605e-05;2.2752609995978898e-05;1.1728762129095145e-06;1.8708888529080466e-05;2.2686544695343943e-05;2.6862895439963787e-06;8.268225405740015e-06;2.9161903425325923e-06
01:14:41;284;7.846178803561088e-06;8.614643648579197e-06;6.071718083466895e-05;5.038387736920992e-06;1.2013457189203274e-05;7.629334720992244e-06;9.200093992815669e-06;6.938801132863856e-06;6.088417497031949e-06;3.243556639599309e-06;1.1172462602101776e-05;9.929364736649404e-06;4.78249643136182e-06;4.673507061105718e-06;1.3444262913770382e-05;5.271862081124571e-06;1.2769580441468125e-05;8.838496249822289e-06;1.0360564806145288e-05;7.966832619118416e-06;6.385420296213898e-06;3.6493492235088443e-06;1.2113989179875095e-05;1.107206161336014e-05;5.36250506022181e-06;5.486943190233065e-06;1.4098115501884088e-05;7.744821839940051e-05;0.00011993718900275919;0.0002940516345091219;0.00010904714038839873;7.609742317682298e-05;8.839828146981629e-06;9.960645323206796e-07;1.9740907528573867e-05;1.1568755063515344e-05;1.5222666308693058e-06;6.833329983991477e-06;2.5234126532716662e-06
01:14:57;285;6.443551590962215e-06;7.133603348041946e-06;6.784118586832724e-05;5.537813272837866e-06;8.067668866053943e-06;7.168069942699938e-06;8.379921918074986e-06;5.462596801402759e-06;4.764897438876274e-06;3.429812553241101e-06;8.721696650711278e-06;6.735244841525979e-06;5.406452300152606e-06;5.3030487734417875e-06;8.345393728151604e-06;5.974159291868034e-06;8.50759106239671e-06;8.351361464496843e-06;9.307330516623804e-06;6.655140114047224e-06;4.956640015987869e-06;3.7988259383739572e-06;9.767644838529456e-06;7.674119244049645e-06;5.99527557145088e-06;5.739911399313648e-06;8.875239717769856e-06;8.495998933927387e-05;0.0001332754826094244;0.00032780941179214013;0.00011241137673001157;9.015755977631562e-05;1.146966812407933e-05;1.1162506918175672e-06;2.0221745193122282e-05;2.0460168415863236e-05;2.1729514277536944e-06;7.559934843346603e-06;2.479691476778826e-06
01:15:13;286;6.71767319847628e-06;7.496398896514217e-06;6.201180354553857e-05;4.966265713658334e-06;9.107720111826852e-06;9.105313226469166e-06;8.186436517767312e-06;4.939606335276701e-06;5.192865784406112e-06;3.9785581147165e-06;1.1435307882188475e-05;8.011565953516062e-06;3.785784583437197e-06;7.743423595420815e-06;4.159228826885262e-06;5.549074730764385e-06;9.857455178105369e-06;1.0481106597534897e-05;9.437292105815952e-06;5.974576624736718e-06;5.540536653537442e-06;4.459074745359949e-06;1.2072585193407899e-05;9.21680944147623e-06;4.168041025682042e-06;8.605675178887971e-06;4.594556486741176e-06;5.2601541403900464e-05;0.0001267151298285518;0.00026027532062542565;0.00015637051147766515;8.933388370256498e-05;1.8803345156244653e-05;1.3875178938932257e-06;1.6196709787488213e-05;1.0054534082760697e-05;1.7093842987646915e-06;8.683297135560434e-06;2.0104671536428512e-06
01:15:29;287;7.09232169074622e-06;7.818527344941778e-06;4.987633524887553e-05;5.494654502704386e-06;1.6806074903932064e-05;6.934046417293096e-06;9.09816404582774e-06;5.751720982322633e-06;4.966051036735632e-06;5.973408370284584e-06;6.592702119819065e-06;6.428094382277488e-06;5.869180831361766e-06;6.360565277545178e-06;4.833195375717671e-06;6.131964284255055e-06;1.768957301027501e-05;7.994971705948391e-06;1.0151218380605879e-05;6.657172342542415e-06;5.396706052999457e-06;6.011395547645833e-06;7.471968193742582e-06;7.68953536920245e-06;6.174873392352955e-06;7.013543444936889e-06;5.439403355323313e-06;8.155076923262556e-05;0.00011762990762504905;0.00018470357461399192;6.976405261598459e-05;8.161530283176472e-05;1.4696666825673383e-05;8.922416014070735e-07;1.583868529835669e-05;1.903975372233768e-05;3.0576402790031974e-06;7.367716915130471e-06;2.359711425181901e-06
01:15:44;288;6.481741201143492e-06;7.177860620858949e-06;6.350296672448288e-05;4.210221908803905e-06;1.1165990932356221e-05;6.680695695073589e-06;8.534430023778647e-06;5.310945415973575e-06;4.4719155302433675e-06;3.811546473512935e-06;6.674330840248579e-06;1.2046415225664862e-05;5.078202834725558e-06;5.470702106435965e-06;4.325495533146812e-06;4.567036967273452e-06;1.1656202769711544e-05;7.865702098316905e-06;9.935680143918276e-06;6.6126522487817816e-06;4.913527771097069e-06;4.247260866450924e-06;7.386709857880156e-06;1.2746267933650841e-05;5.387113606623563e-06;5.962774047233486e-06;4.853397616829216e-06;7.748409652390636e-05;8.995266598927376e-05;0.0003059969780156828;0.00015225522545876167;7.448800959119326e-05;1.081807253706271e-05;9.546038274988314e-07;2.2451227224845607e-05;1.5007855830955204e-05;2.2252548194144323e-06;7.478061627856559e-06;2.923549247343647e-06
01:16:00;289;6.008215270273095e-06;6.774837275551812e-06;7.138918800918652e-05;4.4540753501626735e-06;6.827380819241956e-06;6.738183208328379e-06;8.246469303943824e-06;6.139549205838338e-06;4.801089238978565e-06;6.3287822704503265e-06;6.439170082149882e-06;7.139621124126321e-06;3.683504230361285e-06;5.074857851768271e-06;6.2258988167746505e-06;4.738764409576337e-06;7.782979491245978e-06;7.842643794268767e-06;9.489636467370025e-06;7.090100846457799e-06;5.193628469355702e-06;6.641581985834968e-06;7.470421880060701e-06;8.150970778600983e-06;4.1372993996159075e-06;5.8186179339367e-06;6.941400183850304e-06;7.644416895705355e-05;0.00012074809073030564;0.0003448056821484422;0.00015779827973838432;8.402176271988687e-05;1.9282262087075793e-05;1.1193805735884185e-06;1.7811079150026386e-05;2.2274224865375622e-05;2.1906002104144553e-06;7.292504816211737e-06;2.8822201134734475e-06
01:16:16;290;7.221654764774402e-06;7.9625881915467e-06;5.801097005446679e-05;5.279825872344707e-06;1.0840541043741972e-05;7.144442924620555e-06;1.0365442063625158e-05;9.76825197408392e-06;5.144380694039279e-06;5.610108083945161e-06;6.686602074136193e-06;7.669209507616353e-06;5.2654453574648e-06;6.9079630452248155e-06;5.977642567439096e-06;5.661351756719375e-06;1.1815968534818562e-05;8.197493651648614e-06;1.1508078341073168e-05;1.092572862449466e-05;5.607216355454949e-06;5.793076764037531e-06;7.631971590243769e-06;8.695996205495226e-06;5.3724934994395974e-06;7.656372481160591e-06;6.685307130858666e-06;9.0385001674786e-05;0.00015345450434519383;0.00024073810127521822;6.54038338699275e-05;8.469446636865103e-05;1.545427353633987e-05;1.02440449863618e-06;1.6872141975477785e-05;1.7378537584918565e-05;1.6656935203245195e-06;6.330024009618303e-06;2.7306579945097015e-06
01:16:32;291;5.602018488688869e-06;6.3443388205973575e-06;6.78147664137197e-05;4.5598321325648135e-06;6.13490826656909e-06;7.422765750416974e-06;7.771300708725448e-06;7.707269721828942e-06;4.046758994326958e-06;3.113786266566039e-06;6.21055115698513e-06;7.089826316334066e-06;4.951471504325995e-06;4.818588236138959e-06;3.397160963203305e-06;4.850793333435497e-06;6.71058891776174e-06;8.48539796986844e-06;9.054121216615408e-06;8.884208259414778e-06;4.542567570682923e-06;3.529324787819008e-06;7.180079920326074e-06;8.066490478040002e-06;5.486246831009616e-06;5.3530728259426685e-06;3.989172697240779e-06;8.459696737683818e-05;0.00011751953259506341;0.00031460888440212523;0.00013868393855809993;9.7469646333479e-05;1.6076984362751314e-05;1.0241715252601471e-06;1.73920419550271e-05;1.5441638386764245e-05;1.220715492334909e-06;7.5923002183662535e-06;2.1503757585266323e-06
01:16:48;292;5.907831407434762e-06;6.656536916585837e-06;5.082093220926235e-05;7.445335375616031e-06;6.123752171369936e-06;7.417550424871809e-06;9.180257886240186e-06;4.969960359540499e-06;4.04693496717941e-06;3.0079682583112284e-06;6.354999313693745e-06;6.469801255222634e-06;6.355560469663922e-06;4.689307052723796e-06;4.832547621059678e-06;8.17778441217607e-06;6.7092461639604845e-06;8.55048443278249e-06;1.0210119991733094e-05;6.154607677395873e-06;4.409840495917464e-06;3.4538011896420127e-06;7.2034125061023425e-06;7.468650679423067e-06;6.681213459229138e-06;5.3062444432633795e-06;5.553035266472497e-06;8.065680069055578e-05;0.00011843877513134037;0.0001772786755215409;8.812405181390667e-05;8.392600083976505e-05;1.4346071217798256e-05;9.657374639179008e-07;1.8295357989954416e-05;1.5163563243180161e-05;3.593152638752452e-06;6.712505102660572e-06;2.350494857775871e-06
01:17:18;293;6.770098144153797e-06;7.470861770412693e-06;7.260846467997468e-05;1.2695832831416903e-05;7.162939053531855e-06;7.418845048593167e-06;8.399140417674806e-06;9.527954177392736e-06;4.475273964420591e-06;3.863128878930669e-06;6.574188966949763e-06;7.160584219951199e-06;4.491181486669533e-06;5.466816785603225e-06;4.005289962805136e-06;1.3337414064245664e-05;7.748246752029605e-06;8.282704152694765e-06;9.525815930598433e-06;1.0351781585558445e-05;4.917593143338447e-06;4.285148139111882e-06;7.237371489823033e-06;8.279461153621544e-06;5.177806695175167e-06;6.0193635846777004e-06;4.487632294731617e-06;5.335280172336027e-05;0.00011806058168270675;0.0003213463395327522;0.0002103117332842721;9.964808488880437e-05;1.821498568248182e-05;8.667176150630273e-07;2.1786518904799478e-05;1.5782207970223924e-05;2.3519025453819866e-06;7.582169971659162e-06;1.997532358190889e-06
01:17:34;294;6.382110169960759e-06;7.082202132493611e-06;6.973711028386285e-05;5.296437074455505e-06;7.21345906837004e-06;7.13668855083101e-06;7.692797616052552e-06;4.784229011017322e-06;6.636313856424956e-06;6.803358091192732e-06;7.550694249403023e-06;7.827911706473598e-06;7.418189982450423e-06;4.63858776875916e-06;3.5866532675560787e-06;5.826120821991567e-06;7.909695093847496e-06;8.2880296931647e-06;8.826956511970647e-06;5.842293566148109e-06;6.81547239937457e-06;7.282054184543085e-06;8.218570258842319e-06;8.836569813405432e-06;7.683150008371648e-06;5.271749525398931e-06;4.1857611743384775e-06;8.632898532951942e-05;0.00011425075966875569;0.00035637712843698816;0.00012974954990612833;9.106499375389331e-05;1.3303642162073455e-05;6.958663082719819e-07;1.957040501771717e-05;1.3114606187293385e-05;2.6831366360209337e-06;7.839931913897216e-06;1.866318085795063e-06
01:17:49;295;8.744737434860575e-06;9.43617590253987e-06;6.778887039405377e-05;5.497763418172884e-06;8.723211285593441e-06;7.907357303079978e-06;1.1412346528965662e-05;5.962757676382001e-06;6.210841886203608e-06;1.0824397326752495e-05;5.897594641817767e-06;2.4878322285169155e-05;5.791606212956037e-06;7.134470864917313e-06;4.696176135480941e-06;5.9204700207800085e-06;9.391511481180139e-06;9.262345009096574e-06;1.2504711868374055e-05;6.932936342689319e-06;6.485003435540697e-06;1.0625088099361533e-05;6.775313067919342e-06;2.5421559050439008e-05;6.322102656587406e-06;8.218854424129962e-06;5.3742117277671484e-06;0.00010564713116433468;0.00013505703292425618;0.0003366967577964908;9.093608131577406e-05;8.617688353923962e-05;1.074699586063532e-05;8.215707243442844e-07;1.971981380978837e-05;1.605417847389326e-05;1.970824910102747e-06;7.047606011628254e-06;2.5915681981574477e-06
01:18:10;296;6.505278932422698e-06;7.217613557846171e-06;5.791984478720796e-05;4.64166082119794e-06;6.992567740837785e-06;7.252979461792496e-06;7.646154322380674e-06;6.9412693894125e-06;6.645849802760557e-06;3.092020941831596e-06;6.31975454239027e-06;6.368568276051499e-06;4.2929360961416956e-06;1.4003612874220876e-05;3.86597096896873e-06;4.989299950581501e-06;7.713933629492192e-06;8.378354236868556e-06;8.884050439058839e-06;7.972198540001851e-06;6.988722499862646e-06;3.3659699364404875e-06;7.306514828686184e-06;7.309713659703414e-06;4.8539306325311155e-06;1.4496602466063945e-05;4.352069660128592e-06;9.529297732206913e-05;0.0001302639680303878;0.00023132885494609435;8.696534134827222e-05;8.682321245530837e-05;1.8832716877904846e-05;7.54658676171371e-07;1.5787088905204396e-05;1.6341339499311674e-05;2.2710806081111215e-06;7.425423336588989e-06;2.9514754410714135e-06
01:18:25;297;6.066859699222443e-06;6.7256153819977915e-06;4.9756191250117064e-05;4.961463943363821e-06;7.197148223331789e-06;6.9045034439728745e-06;8.247089831250129e-06;6.026242136091366e-06;6.104387667833904e-06;6.639456018834008e-06;6.637852618108685e-06;5.791857807418472e-06;4.116289244328962e-06;5.898985767577807e-06;4.277037831134191e-06;5.406699341896271e-06;7.598974149649494e-06;8.095070261103352e-06;9.202380181394098e-06;7.128406345652331e-06;6.570078206015198e-06;6.973050481467942e-06;7.39690752117342e-06;6.719850129621026e-06;4.518346471902273e-06;6.326501908363211e-06;4.771117801283253e-06;8.122137336501512e-05;0.0001246447149163785;0.00016250596924520844;7.74066167126486e-05;8.472336746396339e-05;2.152932191249771e-05;7.765475104552312e-07;1.591063636940674e-05;1.5973425529559388e-05;1.234005402080859e-06;7.642193424835108e-06;3.506123149355759e-06
01:18:41;298;6.83454129751288e-06;7.515801175768617e-06;9.775680959336098e-05;5.015582703745994e-06;5.576532331342708e-06;1.27724979819277e-05;1.0563691501824286e-05;6.386185399972791e-06;4.6355466309933036e-06;3.1958997615594793e-06;7.835135488934695e-06;6.706965555219375e-06;4.577184178990799e-06;1.0456071509229952e-05;4.293200651711066e-06;5.484590877165806e-06;6.249288657549002e-06;1.386813675731279e-05;1.168187945144313e-05;7.260031766178789e-06;4.963503258721497e-06;3.5164202106990404e-06;8.618785366568865e-06;7.592751208454801e-06;4.908553212115731e-06;1.1138272649204047e-05;4.907398599957387e-06;0.00010447381662121314;0.00011563757697970917;0.0006148571149731241;0.00019862164379101958;7.59636964931736e-05;1.0263031576452255e-05;1.2671312758562878e-06;1.84710625239759e-05;2.1674017990974094e-05;1.4147201710902854e-06;7.722039205003742e-06;2.715863518739221e-06
01:18:57;299;5.1708536255225885e-06;5.885454063186616e-06;6.328560309506005e-05;4.83882759735624e-06;5.6169917912866785e-06;6.421571251797269e-06;7.643723530489668e-06;4.454142515829641e-06;3.764423900840732e-06;3.002821184755982e-06;5.952959659600248e-06;6.564754633715935e-06;5.190461842633195e-06;5.177795816021816e-06;3.421767833280207e-06;5.303266561895725e-06;6.213242354706266e-06;7.57641287869958e-06;9.020097152216881e-06;5.3867845278396495e-06;4.1705981074519975e-06;3.46702078291579e-06;6.863711687516645e-06;7.467004177416601e-06;5.550862089323714e-06;5.729475704563672e-06;3.876970819724596e-06;8.075135630233093e-05;0.00012247044357624476;0.0002760860548033025;0.00012909019508810181;8.752840557383121e-05;1.1524518991774914e-05;1.6802017058763794e-06;2.4208646559799392e-05;1.3312109318133925e-05;2.122919675116222e-06;8.645662740786984e-06;2.0067228054215685e-06
01:19:13;300;6.459233667044373e-06;7.201134469395111e-06;6.214986828133171e-05;4.88710445558447e-06;5.563152256113116e-06;8.917727178925361e-06;7.541997031911375e-06;5.287750412722144e-06;3.999252611983841e-06;3.861046775875045e-06;7.792437292602534e-06;1.414939322847369e-05;4.4306317370512716e-06;6.716124057055078e-06;4.364185400295252e-06;5.547735476790842e-06;6.139128264651303e-06;1.0077201491358095e-05;8.785083583127662e-06;6.152812933509313e-06;4.385545702162641e-06;4.141394264237695e-06;8.978022672440429e-06;1.4905735837071663e-05;4.862039126053304e-06;7.666566362567658e-06;4.772345809088401e-06;7.623161577373855e-05;0.00013242329902044586;0.0002574612165813821;0.00013561742305009155;8.511439693357447e-05;1.3721402295312897e-05;8.254254718766033e-07;2.2667639034728432e-05;1.0038365220715036e-05;2.023824741143483e-06;7.557184047846097e-06;2.116627205125384e-06
01:19:29;301;6.852113731202859e-06;7.5631125145252866e-06;7.001381615442195e-05;7.721628225063817e-06;5.983170911928358e-06;7.314017291290301e-06;8.264307926321056e-06;8.426239306787279e-06;5.674816212901264e-06;6.5052262627964614e-06;8.796008115490912e-06;8.530539998022588e-06;3.888611083236913e-06;5.8900915504978e-06;5.2307061731679285e-06;8.249463157478168e-06;6.697723009996411e-06;8.318862058596223e-06;9.504247632148805e-06;9.568964644499886e-06;6.189696463640953e-06;6.675898343410499e-06;9.636800797712176e-06;9.306611785557581e-06;4.229119710970148e-06;6.5403348827790585e-06;5.839624619407983e-06;9.623097371019236e-05;0.0001366212600551381;0.00038068850457872284;9.023679300872074e-05;8.083900860673921e-05;9.669453304600677e-06;8.299279461498311e-07;1.6692456419973094e-05;1.6859235362140085e-05;1.22971092559066e-06;7.1518812136529654e-06;3.116588721443057e-06
01:19:45;302;6.09723447747063e-06;6.838523715279873e-06;7.894813842732245e-05;4.649734370138441e-06;6.059323365483558e-06;9.628972367569201e-06;7.328344198950535e-06;6.272202355394153e-06;4.2374457400740084e-06;3.6038350144903832e-06;6.787140604041559e-06;7.884377037147384e-06;4.660153784641352e-06;6.516836649145768e-06;5.5384463224909686e-06;4.947724107031591e-06;6.631641133912748e-06;1.0697419608582497e-05;8.69784020600307e-06;7.364852432216093e-06;4.583595034978028e-06;3.9199845398602345e-06;7.730259871026693e-06;8.669231042807076e-06;5.010463929707678e-06;7.829195712037279e-06;5.980075100155716e-06;7.581722788435669e-05;0.00017638935665661014;0.000401408167498145;0.00014847002379291772;8.419577147002046e-05;9.22339549831172e-06;1.1536183218537327e-06;2.3169824793691568e-05;1.3836435125234457e-05;2.7627821939540294e-06;7.698449989257717e-06;3.252607903516043e-06
01:20:00;303;7.1414570812903966e-06;7.800674505037759e-06;6.377907014925458e-05;4.721937823536461e-06;9.005551923735311e-06;9.34131441128598e-06;1.0324948002510775e-05;9.236968979435419e-06;5.339310950541238e-06;4.795042593289364e-06;9.503943118070104e-06;9.995680841903074e-06;3.909880204004552e-06;4.8575922507025515e-06;4.665311553964102e-06;5.029590056437883e-06;9.73373990642427e-06;1.0366761354724744e-05;1.1556368284616354e-05;1.0297395160878181e-05;5.934997368138836e-06;5.05093603236144e-06;1.0209002677491966e-05;1.0600751442947097e-05;4.410176157025374e-06;5.378635999281696e-06;5.0397370053280056e-06;9.36589818013965e-05;0.0001416770897208468;0.00029985129562144975;8.856091888420975e-05;8.442230716496358e-05;1.0961571611661283e-05;1.6736190088008896e-06;1.7146340217324583e-05;1.605894416730262e-05;1.4272764157830633e-06;7.181704072692817e-06;2.72879310462332e-06
01:20:16;304;6.235684134542845e-06;6.961297988053485e-06;6.183909041716059e-05;4.770962725331174e-06;6.459018801504871e-06;6.750195889925305e-06;7.0130969573059785e-06;5.24908900184135e-06;5.2068734855869146e-06;7.794578880681126e-06;6.30319329498651e-06;6.9459747206482545e-06;3.9100485267340446e-06;9.421058275000343e-06;5.004117159111067e-06;5.065719716196925e-06;7.00958296966988e-06;7.931883166886017e-06;8.24089574041265e-06;6.375573099220777e-06;5.603592594697942e-06;8.336079915778423e-06;7.340571347079196e-06;7.676410238178228e-06;4.421465838518836e-06;1.0052297690165261e-05;5.48150156255015e-06;8.57418924660116e-05;9.517381765974597e-05;0.0002847144901074633;0.00012557026220378316;8.604831911399438e-05;1.1656221606248588e-05;8.771239178982817e-07;2.079942269762523e-05;1.8741133802197816e-05;2.616396306001083e-06;7.93302414138229e-06;2.1969809835752913e-06
01:20:32;305;6.420478495204986e-06;7.149237567721718e-06;8.250273450444922e-05;6.5863157655857405e-06;5.9694196297951665e-06;1.08190369206537e-05;9.255411580578642e-06;5.913920796145207e-06;4.090671277106656e-06;3.8128497899172298e-06;6.568781420216138e-06;9.682507447776475e-06;4.36656198358905e-06;5.443187689670801e-06;4.5370757177920495e-06;7.218195720799739e-06;6.736343154063687e-06;1.1605634800973717e-05;1.0728643079760964e-05;6.891054583688913e-06;4.389724579918429e-06;4.3238576381554594e-06;7.503336781132642e-06;1.0729286938690568e-05;4.710109714082298e-06;6.10056523454878e-06;4.854096056953518e-06;4.749348383997045e-05;0.00011837756565230974;0.00045030047019588147;0.00024191237380336312;7.42044451928808e-05;1.031505161264457e-05;1.9904921287884294e-06;2.0828878508766836e-05;1.2929860815066937e-05;2.3280426979817643e-06;7.281008125712049e-06;2.071141480024621e-06
01:20:48;306;6.6766338765556945e-06;7.344395300283913e-06;5.357827314650303e-05;8.55806548310573e-06;7.693173023555614e-06;7.2039462020773666e-06;9.50322594532467e-06;5.75496891935307e-06;5.41575602723428e-06;3.5601356011095606e-06;8.389560611796945e-06;9.508593069282059e-06;4.605692262965084e-06;5.412058760095368e-06;4.514428968992558e-06;9.048569793350584e-06;8.146154753756238e-06;8.263511316255074e-06;1.0248286113742726e-05;6.765222808467172e-06;5.881252330059224e-06;3.999558697891004e-06;8.878971009006462e-06;1.0403654719487384e-05;5.124533172535468e-06;6.213711573384243e-06;5.15931545474883e-06;7.52528536428947e-05;0.00015443525659328093;0.00023007503841366396;5.7268666722024826e-05;7.392296931339367e-05;9.865259242089014e-06;6.46464630988374e-07;1.5091686078891038e-05;1.4938962207915592e-05;1.6004830067266068e-06;7.48642833960439e-06;2.3552095665632016e-06
01:21:04;307;7.090232579478404e-06;7.882727182916398e-06;7.122581159619885e-05;5.745903896842657e-06;9.98847029814504e-06;6.691102899222559e-06;8.835498221706281e-06;1.2175581853765296e-05;4.57004472438753e-06;3.063635033742881e-06;6.37634584034107e-06;6.730781681664087e-06;4.726574588367137e-06;1.2464895037438014e-05;3.7139550289308234e-06;6.263643874401076e-06;1.0732670178393026e-05;7.783415979627282e-06;1.0252081032192535e-05;1.3218274598560278e-05;5.062685466304796e-06;3.403707082034549e-06;7.207941029886155e-06;7.861955331279631e-06;5.116017352025388e-06;1.342331389320021e-05;4.267016352002164e-06;7.456046399178314e-05;0.00013856982853616362;0.0003299428726547403;0.0001498362927049932;0.00010412110597522034;1.1935594210160926e-05;1.6842425178397625e-06;1.788921826869698e-05;1.384652080760016e-05;2.81090411666004e-06;7.847545378633015e-06;1.6651499918949203e-06
01:21:20;308;5.99016043297111e-06;6.714200152819563e-06;7.634963582838319e-05;1.0380671449054676e-05;6.889318583411998e-06;1.015361707084656e-05;7.390588053950027e-06;5.414198228172816e-06;3.7283499639525788e-06;3.2682689401688303e-06;6.049314377259469e-06;5.929351445065446e-06;3.5926405538591863e-06;4.994097311210184e-06;4.091507515175346e-06;1.1278006390563825e-05;7.497934958233669e-06;1.1101582257179882e-05;8.528495734797708e-06;6.528047419400352e-06;4.137404308102869e-06;3.588649345642174e-06;6.7663505675066325e-06;6.831338425077383e-06;3.957177983189652e-06;5.7174705068950684e-06;4.637942380167594e-06;7.30048324625215e-05;0.00015101173851443826;0.0003774097965371329;0.00015510710158143245;9.525166727514802e-05;1.4740826325057099e-05;1.3185659760822755e-06;1.6482943469476324e-05;1.9202170288748414e-05;2.2879977481605956e-06;7.703164574791697e-06;2.674825187608678e-06
01:21:35;309;5.272045104153346e-06;6.019995389924358e-06;5.520759949343857e-05;4.07302804364659e-06;6.074677846483341e-06;6.723599522150504e-06;6.990145914704209e-06;5.313028841930583e-06;5.472800306837268e-06;3.207483360447647e-06;6.688125347280178e-06;5.564856226411311e-06;3.9325003710773254e-06;5.191093678873089e-06;4.0332002529649715e-06;4.642768092857802e-06;6.724169176052357e-06;7.892410613300243e-06;8.168811199297285e-06;6.1824776401385575e-06;5.754881676348535e-06;3.6895825118496956e-06;7.543993669508991e-06;6.662433550652939e-06;4.3708545076063996e-06;5.983173348542113e-06;4.624387196300528e-06;6.428503745786424e-05;0.00010121307436460182;0.00021953405276123032;0.00011851887266813028;9.594105482340152e-05;1.5873030007136897e-05;1.06769452409336e-06;1.9307524243475535e-05;1.3680138553599784e-05;2.4403347733261267e-06;8.334744398281736e-06;2.295635346121106e-06
01:21:51;310;6.0271138286277e-06;6.7456357837842536e-06;4.167129773992596e-05;4.893055505176975e-06;6.1148021889581825e-06;6.3595727281489705e-06;7.2852875874218626e-06;5.467262652623297e-06;5.518290855377472e-06;6.151593544697934e-06;9.52799170826004e-06;6.093486660383653e-06;4.9635159265128754e-06;6.052127896858585e-06;3.898376989300542e-06;5.206822552166539e-06;6.746044831904524e-06;7.482184668609804e-06;8.307983045620237e-06;6.751192134438094e-06;5.813182603641151e-06;6.474798110618014e-06;1.0640466261744983e-05;7.062202470640127e-06;5.348259661976827e-06;6.6838886112559005e-06;4.430602581998778e-06;8.271606140572507e-05;0.00010250988404824428;0.00010828572540848371;6.109543278023775e-05;7.600179940264786e-05;1.0571393950599075e-05;8.061566249171292e-07;2.7906998349561082e-05;1.7564998862491912e-05;2.201415781982752e-06;7.581446694813013e-06;2.8142595694077245e-06
01:22:07;311;6.068508329545611e-06;6.776916979094805e-06;5.122495760670977e-05;4.05276951457009e-06;9.631505299978471e-06;7.224375371544573e-06;9.383928998700371e-06;6.833886908969527e-06;6.041117743907617e-06;2.8778181460479986e-06;6.357717256574605e-06;8.482659363292813e-06;3.6254056603659346e-06;5.071131209823741e-06;3.2397827097438183e-06;4.393865730912982e-06;1.0419055504112467e-05;8.302764244139257e-06;1.0531354637120635e-05;7.81169557187609e-06;6.265072129338742e-06;3.1784114192224837e-06;7.2635844741012946e-06;9.434744346366688e-06;4.174184863862863e-06;5.824326055079826e-06;3.7239428244982815e-06;8.179802513211513e-05;9.892366234397916e-05;0.00019812772177210482;8.192922274336056e-05;8.313653296210797e-05;1.204577588106405e-05;1.1299414846897661e-06;1.9051254083122683e-05;2.7284148377998146e-05;1.680790053238417e-06;7.2299833831649705e-06;2.3624330635718144e-06
01:22:23;312;5.562542695387989e-06;6.27057441398634e-06;6.41763842947843e-05;5.332066042352711e-06;6.313429931736891e-06;7.08663950761816e-06;8.710034311414978e-06;4.7848066053936895e-06;3.6723427754090854e-06;4.176807015648427e-06;6.083011172108854e-06;7.398512728684636e-06;3.506217971152833e-06;5.43027734778434e-06;4.256365167391736e-06;5.709766652170735e-06;6.834371733815185e-06;8.258747020360566e-06;9.727275995183972e-06;5.8041294358167475e-06;4.0085986492607546e-06;4.710965545718519e-06;6.995846946020846e-06;8.33926534613954e-06;3.963494297254961e-06;6.221875517301761e-06;4.672553983899762e-06;6.577772456785559e-05;0.0001774712009156522;0.00026864451688656834;0.00010603565367867428;8.458754482557418e-05;1.669363881195913e-05;1.2477393104376844e-06;2.0398679972874194e-05;1.907832886005657e-05;1.790884924021842e-06;6.702702844199095e-06;1.6879959395383836e-06
01:22:39;313;7.072128593289438e-06;7.727397483973572e-06;4.7174040913214744e-05;5.6426186390012845e-06;7.00107500958583e-06;1.1694042405126352e-05;1.0168985245942705e-05;6.139764668233738e-06;5.199317636145844e-06;4.089177944457199e-06;1.3430617917849345e-05;6.796572798541754e-06;4.853581417986096e-06;6.056248969796033e-06;3.7935384931131466e-06;6.0347333399914545e-06;7.610893630320604e-06;1.2411478173471781e-05;1.1128693511383535e-05;7.233493749792407e-06;5.545738140081315e-06;4.351111674392847e-06;1.4388238670579983e-05;7.731640570328417e-06;5.272475676330158e-06;6.9407634080424126e-06;4.079506358916833e-06;7.134617396765433e-05;9.870603702870298e-05;0.000154077223323892;8.028806481040729e-05;8.050748468733255e-05;2.3134574255572262e-05;6.31797968671419e-07;2.2219814344360633e-05;2.366326876338301e-05;1.9604977994969918e-06;7.328223944153662e-06;2.225330064949818e-06
01:22:55;314;5.9860245387581434e-06;6.693296274787354e-06;6.560958896942338e-05;4.4567453572467874e-06;9.197638247955679e-06;6.511571945886565e-06;9.257191188474032e-06;4.740340833238448e-06;5.746860704647361e-06;4.4455328355881685e-06;6.515959685189769e-06;5.803312926776595e-06;3.824660084074015e-06;6.675164523270186e-06;4.657314441335426e-06;4.7744689294908124e-06;9.988634016586222e-06;7.626181004410153e-06;1.0335363013042827e-05;5.640427547451175e-06;6.026790740029758e-06;4.8491011437110065e-06;7.4242507195512066e-06;6.854100481373452e-06;4.206391026797709e-06;7.480681849497332e-06;5.113163515949354e-06;7.129895171940486e-05;0.00016722390427934344;0.00030270305957752936;9.317844440271692e-05;8.825122835839303e-05;1.1800783059979706e-05;6.158137443416241e-07;1.7805478097784103e-05;2.126378865670902e-05;2.4934964717775736e-06;8.536436937076328e-06;2.1436823280245785e-06
01:23:11;315;7.455515380818476e-06;8.184258281807725e-06;6.675657324522406e-05;8.172145248669887e-06;6.374146969599017e-06;7.28620957346493e-06;9.82575923364431e-06;6.309024010936975e-06;6.977625765746222e-06;6.355907543144988e-06;1.0220672345310918e-05;7.106021018640521e-06;1.1645055231859011e-05;5.1561829660070915e-06;4.03743234562109e-06;8.820756434782002e-06;7.108971295807189e-06;8.294085615443116e-06;1.1156975981780133e-05;7.547266940940672e-06;7.212904004322636e-06;6.540206419530581e-06;1.1188954155115909e-05;7.886003326739573e-06;1.2010756949212585e-05;5.794036819161537e-06;4.650177976444969e-06;8.162264598549261e-05;0.00016423585878579824;0.00033076369283434017;8.086309537101424e-05;7.076080555264123e-05;1.1106465816481215e-05;1.0514255614888336e-06;2.4754538282041404e-05;2.2449756327245503e-05;2.7017142549299703e-06;7.969891397216604e-06;2.7989887739988454e-06
01:23:26;316;6.373785803310222e-06;7.164818340197023e-06;6.705529878204944e-05;6.4349390759782015e-06;8.738990058790561e-06;7.653038442159952e-06;8.977405405568623e-06;6.097403347963977e-06;4.15802366081731e-06;2.7812683803706375e-06;1.0413625020078143e-05;6.0933184371301445e-06;4.596078288055981e-06;5.793701061856444e-06;4.747636554275852e-06;6.72383968569331e-06;9.494454423451938e-06;8.919254774303261e-06;1.0366319910172944e-05;7.213725842155304e-06;4.688472075296103e-06;3.2079431640582535e-06;1.1427747589941991e-05;6.99157382331566e-06;5.210965568200859e-06;6.377780278807556e-06;5.355740290436683e-06;9.668462196086132e-05;8.964041909429726e-05;0.0002998520421579847;0.00015431867752237422;9.284355345458084e-05;1.0089194159411325e-05;8.381809170164208e-07;2.7607982682976965e-05;2.1564355426530342e-05;1.4312935989460916e-06;7.535147217196029e-06;2.2581171924179165e-06
01:23:42;317;6.289487053834364e-06;7.0207913463664116e-06;5.987730143845033e-05;4.798005510312206e-06;6.922021239187291e-06;6.79295008736021e-06;9.28662689793989e-06;6.158077128630297e-06;3.978783302988569e-06;3.3551503949266506e-06;1.1735781757625897e-05;7.1324992070096664e-06;6.653223289470651e-06;4.825230655117449e-06;3.835493532313515e-06;5.040350049368291e-06;7.4177679852243584e-06;7.849173643874945e-06;1.0543785927300725e-05;7.2237984384144835e-06;4.326077579449541e-06;3.8204065351490934e-06;1.286375028272071e-05;7.990111970673152e-06;7.3612236692382265e-06;5.485885197496044e-06;4.327162690095042e-06;8.286095207619582e-05;0.00012100959116175649;0.0002628029548609239;0.00010844784345538446;8.574393757216735e-05;9.267780260591653e-06;1.1005765403180203e-06;2.108137200216804e-05;1.5423524297784487e-05;1.2318986748202704e-06;7.354065228131344e-06;2.203121131162149e-06
01:23:58;318;6.301760022092202e-06;7.012039877505991e-06;6.316508809265079e-05;4.777629855048169e-06;8.628026929035183e-06;6.492784607171519e-06;7.017975268878858e-06;5.573380788800622e-06;4.609323255522213e-06;6.002979297970899e-06;5.971941088877099e-06;5.898391363052207e-06;4.281059585376955e-06;1.3172979175832014e-05;3.1946472465384867e-06;5.2142551328271815e-06;9.107608582757788e-06;7.692934870439924e-06;8.251390048642378e-06;6.543347123475035e-06;5.013412554703043e-06;6.291547580548456e-06;6.907215409435455e-06;6.883014613109319e-06;4.673437644346968e-06;1.3945324548031646e-05;3.620988401294947e-06;8.230351872123665e-05;0.00018284345575429636;0.00022707557547061276;0.00010717495214459646;8.25729613537386e-05;2.1801321665850237e-05;9.635420967656625e-07;2.503708127222019e-05;1.4883888255578641e-05;1.51682527053045e-06;9.647085538220424e-06;2.1608495681629212e-06
01:24:14;319;7.037702711830786e-06;7.697050529679495e-06;7.861081834865991e-05;4.117619058325255e-06;1.4684944488217091e-05;9.767231386671359e-06;9.272710658143007e-06;5.844078184289649e-06;4.459016164627304e-06;2.910077320773429e-06;6.088244664293928e-06;1.2703458028537087e-05;4.78720547776716e-06;4.3053529323473905e-06;5.512492217201787e-06;4.351329222071733e-06;1.539636207470019e-05;1.0699436459134044e-05;1.0388095711565671e-05;6.8732728081319884e-06;4.783556917147185e-06;3.3655527431619703e-06;6.80908566854542e-06;1.3550831042692475e-05;5.207058943079009e-06;4.989310234203556e-06;5.9507116262305125e-06;9.371834101872861e-05;0.00011638215475542154;0.0004351336885149152;0.00016379719844157364;7.763781412646294e-05;9.198810691081549e-06;1.262129737927784e-06;1.7760820917688122e-05;1.653050935846358e-05;2.256418613457288e-06;7.037415563925608e-06;2.61451844427321e-06
01:24:30;320;6.121880139305218e-06;6.829617091228366e-06;6.839228284321825e-05;4.094258257031862e-06;5.67221946955566e-06;7.784235143824183e-06;1.0257479066860304e-05;5.869006206441182e-06;5.923348170904836e-06;4.963586915061248e-06;6.908014324448107e-06;6.920660622194481e-06;3.5249528984593326e-06;7.504758852018188e-06;4.040040051510697e-06;4.48165521931192e-06;6.310633384428117e-06;8.98816697487366e-06;1.1644918542308144e-05;6.706791017550822e-06;6.3584921411382285e-06;5.455697560194759e-06;7.638460408975046e-06;7.782052980934467e-06;3.934263419598464e-06;8.163075706968673e-06;4.491194655961811e-06;9.734679209270841e-05;0.00013568902232717793;0.0003071772779194347;0.00013173059045592503;9.241413824208114e-05;9.865706362500519e-06;1.2163477761607535e-06;2.024211939955945e-05;1.3687235436262375e-05;2.1498082779712347e-06;7.727497977264495e-06;1.460857851573007e-06
01:24:46;321;5.47079889333769e-06;6.2619154430396085e-06;6.584924926021105e-05;3.693480843674541e-06;5.706156270238435e-06;8.716404816508119e-06;7.095920254455863e-06;4.850707774037036e-06;3.940442564566059e-06;5.974141625841867e-06;6.448396276423099e-06;5.540588169594685e-06;3.7318431031446213e-06;6.3706099359835244e-06;3.580893489124099e-06;4.116290627487477e-06;6.494050573645479e-06;1.0036676399125365e-05;8.34728824642459e-06;5.944172137707385e-06;4.186287665279336e-06;6.28372591172247e-06;7.262638329065558e-06;6.639132612989773e-06;4.201919067252421e-06;7.450242961406534e-06;4.180560010147157e-06;8.794340185313701e-05;0.00012798775835153246;0.00032541500945896114;0.00010539758577067382;8.850750204120494e-05;9.95429815960487e-06;1.1811467015805813e-06;1.6571863933427257e-05;1.4559625051682632e-05;2.515599149924963e-06;7.396424391313392e-06;2.7607762594894926e-06
01:25:01;322;6.281523055080966e-06;6.952584879146815e-06;6.257167626148501e-05;4.381677872735488e-06;7.487457875366875e-06;6.44670427295647e-06;8.280803984012602e-06;6.98611870801487e-06;4.1196111824474846e-06;3.2718991464458274e-06;8.547660014941853e-06;6.1073326520499904e-06;5.019101041044265e-06;8.484628733575825e-06;6.2452795290823815e-06;4.827829467172659e-06;8.10176973147141e-06;7.454005074727826e-06;9.619023693389114e-06;8.014520500194211e-06;4.514103302081142e-06;3.614522515645264e-06;9.264748026493457e-06;6.853166482121392e-06;5.581257776416178e-06;8.800544187176421e-06;6.7855251651237754e-06;8.345528594830454e-05;0.0001401696626560507;0.0002669891151371201;0.00011028264970299083;8.84501841542387e-05;1.0918349042392365e-05;1.000072203057948e-06;1.9547744571028264e-05;1.793844392784619e-05;3.0097772464711657e-06;7.810723446320604e-06;1.2881071019987556e-06
01:25:17;323;7.119991958600994e-06;7.76552069279965e-06;5.935522838131131e-05;6.154153917298737e-06;8.535598405372143e-06;8.71645026217555e-06;9.206208455933309e-06;5.3577618185262175e-06;4.0404404299078e-06;1.0746956581380635e-05;6.572003982473586e-06;7.4959218397649154e-06;6.140753697536638e-06;7.80997242409078e-06;4.663679726684739e-06;6.576047153545535e-06;9.014744453544395e-06;9.685744719752598e-06;1.0558985650277464e-05;6.313717302516666e-06;4.489597354452748e-06;1.1028603348907531e-05;7.495559150845997e-06;8.037835569563026e-06;6.4434815054551976e-06;8.464418200835294e-06;5.077511562526121e-06;9.219227585233564e-05;0.00013652664426979974;0.0002457556628882458;9.266759259741736e-05;8.376482082886078e-05;1.2388695039674981e-05;8.315162900534301e-07;1.9178731083134815e-05;1.7270265227383762e-05;2.0064814293101213e-06;7.106499188186243e-06;2.5735558813330912e-06
01:25:33;324;5.776621483862114e-06;6.4156034234575954e-06;6.478845637524668e-05;4.57618223589665e-06;8.942374885185183e-06;6.554285997979874e-06;8.382015744762777e-06;5.992625630956251e-06;5.4402130997227065e-06;3.073854600511471e-06;7.140775330392237e-06;6.197318735119821e-06;4.762751220642837e-06;4.722547127820255e-06;3.5345114587864206e-06;4.88319306332184e-06;9.281472281329599e-06;7.669442605024241e-06;9.600770796698523e-06;6.854551728896626e-06;5.861444986041096e-06;3.4049817388590837e-06;7.960148287807736e-06;7.0749225541695075e-06;5.1125037955472765e-06;5.3562546816442305e-06;3.927552643865885e-06;9.914672003094989e-05;0.0001259595086430606;0.00026632145674848476;0.00010365585827153983;0.0001055955678060384;1.881042647276015e-05;8.085387175036891e-07;1.9398696075150918e-05;2.650160395996248e-05;2.0348142798727592e-06;7.171571483988002e-06;2.0567140136488e-06
01:25:49;325;6.235689761395364e-06;6.951151095287244e-06;6.279824993088398e-05;4.6748843991069444e-06;5.572604875810199e-06;9.594662340749561e-06;8.037034457427952e-06;6.3717117894606705e-06;4.799831480475157e-06;3.0923493385353655e-06;7.170711613339749e-06;1.061074772417731e-05;4.21685868833389e-06;7.1358853746387885e-06;3.550993520400942e-06;5.193797934697602e-06;6.402827561424037e-06;1.0749932641109681e-05;9.325034205153027e-06;7.141004516597604e-06;5.091773524511638e-06;3.4554661506493325e-06;7.997031227919078e-06;1.1380240675286667e-05;4.838822132448593e-06;7.76010784659464e-06;4.077772496490484e-06;7.620333265326298e-05;0.00011408886290363864;0.0002911419306048873;0.0001333544092213484;8.29319959604157e-05;1.2735585043726402e-05;2.1766241684012578e-06;1.6877197776096408e-05;1.2027639949612201e-05;2.329512538293593e-06;7.3881848757734174e-06;2.3237234751512233e-06
01:26:05;326;5.5285477568066774e-06;6.244677093445141e-06;6.665747148345366e-05;4.396670214325902e-06;6.1489453877718665e-06;7.887914971537281e-06;7.402450863997439e-06;5.243417210400801e-06;3.893497179774386e-06;2.733357443415488e-06;5.776849533522078e-06;9.49885525872415e-06;3.5622732707064517e-06;4.792147595431763e-06;5.006192258476134e-06;4.7896435578969674e-06;6.884628966204966e-06;8.910985913264338e-06;8.65824910150981e-06;6.265882966890555e-06;4.22731652547612e-06;3.168560624544625e-06;6.747452010165921e-06;1.0317376425610988e-05;3.9419234976949045e-06;5.533575602707451e-06;5.4905276182223675e-06;8.9064116516392e-05;0.00013712264586642807;0.0003245247180728168;0.00011550315370300663;7.380297780745521e-05;1.1865570787959667e-05;1.0003649916861974e-06;1.8581770274281208e-05;1.720201076713726e-05;2.009960824281271e-06;7.498541065655382e-06;1.7138271243436814e-06
01:26:21;327;5.110885199661135e-06;5.88487607930364e-06;5.344171961452229e-05;4.165018605561954e-06;6.343396215736551e-06;5.840148857122978e-06;6.5928116712980644e-06;5.771367108180088e-06;3.834598759249792e-06;3.701368256256191e-06;6.1201797362545305e-06;5.800642456870781e-06;3.811352268456858e-06;4.645747506773742e-06;4.703989130984031e-06;4.499420831190854e-06;7.064146659472556e-06;6.9224737890641635e-06;8.002446733532647e-06;6.819424027215271e-06;4.088569441960374e-06;4.103364658534057e-06;7.276289182565178e-06;6.850937627203603e-06;4.378168042318135e-06;5.466841074952685e-06;5.146428828636631e-06;7.766972969986091e-05;0.0001321732822835675;0.0001748186183821316;9.479926765303763e-05;9.493160676275334e-05;1.4170862460892488e-05;9.428182965085666e-07;2.3048249376040597e-05;1.7469289689970595e-05;2.2942398958115444e-06;7.2182072958996046e-06;1.7644635777929161e-06
01:26:36;328;5.443827776280779e-06;6.145086065115248e-06;6.032910107194104e-05;4.360533100499321e-06;6.043382511997854e-06;6.249971403607643e-06;8.013588671186188e-06;7.401594596052002e-06;3.6486460059331254e-06;4.218483041026647e-06;6.475916675958098e-06;5.732763071687362e-06;4.5573429594143855e-06;5.2119187498337025e-06;3.4117908924713447e-06;4.6968226814885695e-06;6.628575175466411e-06;7.435123089762092e-06;9.204397066483419e-06;8.609602613018346e-06;3.97981994301287e-06;4.366939861086658e-06;7.457584402639245e-06;6.6717571147059565e-06;4.911756132980971e-06;5.9195908444870595e-06;3.859062313564163e-06;9.368726347192279e-05;0.00014624335155583078;0.00024021471693376026;8.368121873442913e-05;0.00010027472672527472;1.2012837569501126e-05;7.858762845009451e-07;1.639678043705892e-05;1.9570334510901825e-05;2.473999237229174e-06;6.6165496954286915e-06;1.9915577074543376e-06
01:26:52;329;6.4928882388606075e-06;7.176840375030201e-06;6.678676920744718e-05;6.863394410704483e-06;7.4761466867750475e-06;8.454398352145374e-06;8.061428360406353e-06;5.18155198295486e-06;4.4761405707628334e-06;2.9957522142157442e-06;6.977152228738635e-06;1.0032613529114604e-05;4.354802001025539e-06;9.399773011993643e-06;3.641503389091709e-06;7.123442099074527e-06;8.31542410530427e-06;9.278671406051056e-06;9.223929328648329e-06;5.982622836579795e-06;4.766780705987129e-06;3.389781254612254e-06;8.0028839414509e-06;1.1014626798447651e-05;4.84051491507153e-06;1.0094204166698891e-05;4.089201782542521e-06;7.569532396584602e-05;0.0001031609139702973;0.00029392904364222895;0.00017879859209078748;9.021845789082652e-05;1.4594067070341253e-05;1.1347247429011703e-06;1.8855556814401195e-05;1.3702229934411033e-05;1.9271291107504886e-06;6.633938177713219e-06;2.7912530788615156e-06
01:27:08;330;6.422212433289008e-06;7.066426584244738e-06;6.043486101821571e-05;4.059630632789115e-06;5.8944544686054e-06;7.872480559647308e-06;7.381081568331121e-06;8.880994083814254e-06;6.581269755915028e-06;3.1766555661505436e-06;5.971299564387002e-06;9.844483903458984e-06;4.296919735418731e-06;8.829116904575006e-06;4.278160497376988e-06;4.344820020297805e-06;6.603028505426814e-06;8.780571338147752e-06;8.582260652244109e-06;9.882561485776737e-06;6.816387218649755e-06;3.507140883777561e-06;6.898695815673623e-06;1.0473213023942662e-05;4.856947581876877e-06;9.234697481127724e-06;4.816793431087671e-06;8.685902806554505e-05;0.00012011157096476427;0.00020991204862811397;0.00013553941483357158;9.799418553755716e-05;2.918713850588842e-05;6.74706351147957e-07;1.6776595982453157e-05;1.5927692698547233e-05;1.9613191471744645e-06;7.796302044190289e-06;2.47832945963497e-06
01:27:24;331;6.963233567282921e-06;7.66074963739581e-06;5.879417702257244e-05;4.228150171314837e-06;8.290813831670427e-06;7.475584814771579e-06;1.3899444158870335e-05;6.246340266035201e-06;4.278741675472537e-06;9.49073339869115e-06;5.9138422685769205e-06;7.86516442665495e-06;4.43736880807354e-06;6.1422050375948736e-06;5.290411737942949e-06;4.642568029926742e-06;9.349174934534777e-06;8.550229699434152e-06;1.4615903108025595e-05;7.377225716205615e-06;4.645072893461336e-06;9.640556222218003e-06;6.752599905597936e-06;9.01884804758843e-06;4.798067214358502e-06;6.787915930245514e-06;5.7508307265057345e-06;8.16231362610578e-05;0.00011312441984271486;0.00025837575936286787;0.00010220592570542651;8.744983309523052e-05;1.045349904904016e-05;6.148729750747646e-07;1.813258623849954e-05;2.399898656119114e-05;1.8897290333894425e-06;5.569451240651246e-06;2.0919249057254734e-06
01:27:40;332;5.127016112670514e-06;5.8067029086383695e-06;7.958340809099329e-05;3.852560519975028e-06;5.92528767190908e-06;7.935965343945513e-06;7.181966504338726e-06;5.0288037788897615e-06;4.676137955073045e-06;2.569451236828451e-06;7.123484384666509e-06;5.856712237123867e-06;3.6569199563468207e-06;4.242921103913101e-06;3.4739808132400185e-06;4.259118700074511e-06;6.407657375474846e-06;8.899113277326666e-06;8.329824704790703e-06;6.080274901354573e-06;5.014465280429606e-06;2.952671715769312e-06;8.070101045367537e-06;6.880581248522135e-06;3.976004840112608e-06;4.854229844775407e-06;3.956389857102053e-06;9.580404043609727e-05;0.00015489145008993786;0.0004167442894914426;0.00014077041619588358;8.114204274251115e-05;8.644541855551746e-06;9.227222904503155e-07;2.1484866670961816e-05;2.2834568160672317e-05;1.889338027705795e-06;7.788610988797988e-06;2.084010141906908e-06
01:27:56;333;6.1561476259312675e-06;6.920661212173895e-06;7.367928008903676e-05;4.375996418882654e-06;7.895743775324346e-06;7.221582291353198e-06;8.128252971382402e-06;5.790491632043623e-06;3.547420880197065e-06;4.711998298616167e-06;5.447150516020698e-06;5.67130614728936e-06;6.409878130013298e-06;4.696815763467881e-06;9.977132944785891e-06;4.758650355810621e-06;8.602386336676744e-06;8.44053194576858e-06;9.350631144921931e-06;7.020010286131638e-06;4.017246513435163e-06;5.133192650036211e-06;6.325260499901951e-06;6.6253351639105965e-06;6.856321582561094e-06;5.389400243236391e-06;1.0528965880946054e-05;9.341103943942367e-05;0.00014180059683310985;0.00038592088637120554;0.00011833954095759462;8.618545378744346e-05;9.552602148649369e-06;5.206450842486341e-07;1.667866849216395e-05;2.1136203034118403e-05;1.8720403358080202e-06;7.139813848716901e-06;1.5938707359585636e-06
01:28:11;334;6.845957300201504e-06;7.555726191455932e-06;8.956952924498036e-05;4.171737768969437e-06;1.0993559536002936e-05;1.2432240308416196e-05;7.2016393049394045e-06;5.817500204714903e-06;4.13143173490353e-06;7.293274509575812e-06;7.2950995947900825e-06;5.654305325851862e-06;4.086099109007984e-06;4.798050303572216e-06;8.276547764554918e-06;4.566970335273956e-06;1.168849882295818e-05;1.33060291980517e-05;8.48542476542437e-06;6.774409556886825e-06;4.463632090915734e-06;7.691028701939806e-06;8.132863116126045e-06;6.624530646771331e-06;4.468883991096304e-06;5.5198594382781715e-06;8.946580847701694e-06;9.793927342885207e-05;0.0001898194180552397;0.00046923227688183157;0.00014771432113875162;0.00010627356490599869;1.2138207448222544e-05;6.226170978700976e-07;1.6500662712598067e-05;2.3377552421169894e-05;1.2493323374900608e-06;7.562417630236066e-06;2.4047068815041103e-06
01:28:27;335;6.223126260610198e-06;6.984495295127308e-06;6.274502698760666e-05;4.762498767392613e-06;7.4854038410101316e-06;6.530388049955346e-06;7.194611055441865e-06;4.699790608888386e-06;4.19083564005198e-06;3.3303078520351517e-06;9.048498854595396e-06;6.0687911927330296e-06;1.1000266125387787e-05;6.117904785440942e-06;4.248216978197661e-06;5.296333230507105e-06;8.074365890519679e-06;7.742333701007507e-06;8.627231838107935e-06;5.640976767125134e-06;4.644809681089607e-06;3.7803529396483155e-06;9.921101191369566e-06;6.887328893327909e-06;1.158646395933944e-05;6.8038742725387045e-06;4.808770248744139e-06;9.426669044177685e-05;9.93112238345662e-05;0.00030837455759057667;0.00011321396961008715;8.107378859626296e-05;9.526379651758168e-06;1.2156422674410172e-06;1.6572621836796143e-05;1.5547378988379144e-05;3.639153161304031e-06;7.031554031816997e-06;3.167363840514558e-06
01:28:43;336;5.538980676466178e-06;6.241943307791592e-06;7.6360430617157e-05;6.28699891759187e-06;6.707008602482099e-06;7.329966306651221e-06;7.333034742177088e-06;5.456104542712513e-06;3.6743200417597355e-06;3.8814285684519625e-06;6.466211786460008e-06;6.521999852990038e-06;3.7321994806983514e-06;4.804592209821252e-06;4.273901385364422e-06;6.879299390571829e-06;7.270354384258375e-06;8.361285922489249e-06;8.613994476588772e-06;6.394537301356293e-06;4.0824623490923935e-06;4.000498010203886e-06;7.429518938829748e-06;7.378521164769787e-06;4.085089113698503e-06;5.555321151888753e-06;4.852436073702801e-06;8.393494883027313e-05;0.00014377637575302806;0.00039540840387068264;0.00015174988543623758;8.61707758406548e-05;1.0798291275816972e-05;9.269771920097152e-07;1.6875942539539883e-05;1.513160229041074e-05;2.435393044803511e-06;7.368373329221203e-06;1.7481980032058897e-06
01:28:59;337;6.212794062967284e-06;6.869703853065207e-06;5.960928848493e-05;8.542080581460967e-06;7.714185752082482e-06;9.701087418792751e-06;9.266578591006112e-06;5.61571993949108e-06;3.987980449467314e-06;3.218328449476489e-06;5.797726941445737e-06;5.898349171024558e-06;3.8378442465226605e-06;4.672761089417256e-06;6.300884051765624e-06;9.224356641494477e-06;8.063514104821789e-06;1.0634087267377093e-05;1.0208775205959498e-05;6.668497520232576e-06;4.270938832840191e-06;3.6111074090904713e-06;6.611143869087778e-06;6.96043886669434e-06;4.262259185279733e-06;5.1921652276534954e-06;6.7291599677872325e-06;7.610310335561213e-05;0.00016200957547229635;0.00025818552554332454;8.171662707442891e-05;7.611662051456421e-05;1.0987000233007476e-05;1.1415295468680686e-06;2.060102651843047e-05;1.6923296901112566e-05;1.915696298565704e-06;7.47300297349294e-06;2.1384573874566207e-06
01:29:15;338;5.2460500363984215e-06;5.95555079426164e-06;6.378557345782558e-05;5.064538070859664e-06;6.292287772360148e-06;6.0414586552068075e-06;7.537601777972792e-06;4.913481915154576e-06;3.846938549207318e-06;5.453286240837811e-06;5.4947536221241284e-06;5.421932456460933e-06;4.231339396037532e-06;4.853341905172473e-06;3.801638111059188e-06;5.501603683586825e-06;6.887506831936904e-06;7.090134279022532e-06;8.702804567706786e-06;5.850327921461364e-06;4.106213381580542e-06;5.745293797593183e-06;6.484610358262516e-06;6.330836214734127e-06;4.854994683769234e-06;5.471670232785798e-06;4.44061179280917e-06;8.935313536777443e-05;0.00015648340744832086;0.00028786301136879503;9.606795498396734e-05;7.783250516114403e-05;8.89513085926455e-06;5.587888192400633e-07;1.860830691684641e-05;1.7380312445373894e-05;2.0872690441856627e-06;7.717131813319868e-06;2.5799272656749287e-06
01:29:31;339;7.4423447070547475e-06;8.22297304786176e-06;5.9055100081601667e-05;9.450168688958497e-06;5.622292934891572e-06;6.741605166641048e-06;8.00588017181202e-06;6.277245664033547e-06;3.513842649576821e-06;1.5795556767531334e-05;6.814834159288549e-06;5.810951503739468e-06;5.837757274917976e-06;6.845525520175628e-06;8.592473512824096e-06;9.992615053341047e-06;6.306546339733877e-06;7.811663221494925e-06;9.271734390633263e-06;7.4242820683369395e-06;3.848461755630604e-06;1.5803708927567733e-05;7.9167592255406e-06;6.7374528757509435e-06;6.07851088313475e-06;7.737653717574372e-06;9.74628514535353e-06;8.008347185065174e-05;0.00010933759774686714;0.00025369718941841156;0.00012632043353137762;7.60666956953703e-05;1.1274366577947728e-05;5.683007754776571e-07;2.2892870925546613e-05;1.7039225144250083e-05;2.5169111107997506e-06;6.917299523385489e-06;1.9468386791344025e-06
01:29:46;340;6.859928271813425e-06;7.530560369444554e-06;7.539850787581389e-05;9.893610179677704e-06;6.385677558930845e-06;7.7021329047966e-06;1.4876855590015028e-05;4.735217146389914e-06;3.972539549837703e-06;7.5067094630040545e-06;6.384452733114316e-06;7.948763679104848e-06;3.854751850243784e-06;4.8716577806957995e-06;4.186768677850626e-06;1.029064649720809e-05;6.970124363588299e-06;8.83816000157223e-06;1.619924743080665e-05;5.707013758494006e-06;4.376595272701764e-06;7.666399496193214e-06;7.120113728381546e-06;8.688362269615165e-06;4.271627297304251e-06;5.483443523696189e-06;4.7549884279357646e-06;8.954969582846309e-05;0.0001590962035042177;0.00036972326415966026;0.0001399976356090809;8.779134213858874e-05;9.963535674552343e-06;1.1253433785337833e-06;1.9663426021588576e-05;1.6047113516204677e-05;2.1202111859331866e-06;7.2917188619216715e-06;2.4126046310218725e-06
01:30:02;341;5.311132045190706e-06;6.036376661644612e-06;6.159016338192198e-05;4.449576892152539e-06;8.31243777358023e-06;6.619078943776396e-06;6.754059629798803e-06;5.8566946195397085e-06;4.116743977468993e-06;4.4370842836695026e-06;5.092898664571521e-06;5.574539089730541e-06;3.6775785797648166e-06;4.853240842095374e-06;3.9896493049049946e-06;4.906897600771508e-06;8.829157114989726e-06;7.68372913200115e-06;8.032564679363336e-06;6.75329113884017e-06;4.490989415242876e-06;4.897187533129863e-06;6.057408669060155e-06;6.571794149093403e-06;4.271998540953294e-06;5.406739083360962e-06;4.534761993581233e-06;8.78848032828483e-05;0.00013074036481988053;0.0002742333798293359;0.0001031796646844004;8.259355321575276e-05;1.272951384470539e-05;8.421463215716832e-07;1.7936044378108832e-05;1.6777197989210485e-05;2.309036919119642e-06;7.698205823534888e-06;2.158049474594744e-06
01:30:18;342;5.421567865679125e-06;6.080909442280705e-06;6.344045247013687e-05;4.1922676791857194e-06;7.184446787469121e-06;7.547186225309588e-06;6.631297474771455e-06;4.667846297934375e-06;3.299269037042181e-06;2.7692958147246767e-06;6.7378585594145655e-06;7.520058283396545e-06;3.63965913811755e-06;7.1053688276120655e-06;3.7642584176983913e-06;4.5207584863891485e-06;7.920946562172745e-06;8.544338539604148e-06;7.977414969889051e-06;5.590307453047311e-06;3.6458417802166395e-06;3.065813727309571e-06;7.696711811978631e-06;8.152626269062999e-06;3.991972642877586e-06;7.685049821921445e-06;4.179129648405308e-06;8.133398270240971e-05;0.00014333090323568684;0.0002578089108229902;0.00012391503643757946;8.323397865394969e-05;1.5957622016094285e-05;1.3270575094812251e-06;2.6115374085328032e-05;1.5892431992452572e-05;1.6798681420731301e-06;7.316056365994432e-06;3.3742076776028643e-06
01:30:34;343;5.207371674874718e-06;5.8953893315021235e-06;5.157241362084954e-05;4.901529952018212e-06;5.377341463098549e-06;6.0560866776365234e-06;7.596328104077863e-06;5.244491526148274e-06;3.6782636947598557e-06;3.6264112051043185e-06;5.658344878867183e-06;7.924148410735784e-06;3.6124105458864877e-06;4.354432373141683e-06;4.4586696797663e-06;5.195477123828523e-06;5.917221239507876e-06;7.332862395155125e-06;8.818864875760067e-06;6.153137401500466e-06;4.101166291835812e-06;4.138250020171458e-06;6.597098294887589e-06;8.650299824245238e-06;4.078210622537881e-06;4.875369258910194e-06;4.886712830842884e-06;8.702759846077591e-05;0.00012279636276083553;0.00017875404533304492;7.116591342168435e-05;0.0001016391188117565;1.1745958638324513e-05;7.757715127000772e-07;1.8358790948677274e-05;1.585725370633451e-05;1.2191266638764802e-06;7.602343363932768e-06;1.92667982825173e-06
01:30:50;344;6.409459853206169e-06;7.137769300036009e-06;6.668865344562252e-05;4.6556938151163445e-06;6.114275032134938e-06;1.0846521596037787e-05;1.2161737227632909e-05;5.409402854054819e-06;7.70912210932486e-06;3.792346788761785e-06;5.480560776114564e-06;7.0800886769523625e-06;4.392959063504907e-06;4.967806797847888e-06;4.303001654387179e-06;5.066748282750936e-06;6.859773874785338e-06;1.1852916768590678e-05;1.3585700315483728e-05;6.264468584625239e-06;8.170858230106561e-06;4.181841183098289e-06;6.550167286092536e-06;7.990278949295362e-06;4.794579497891253e-06;5.597559858778126e-06;4.738336256311033e-06;6.28672014179681e-05;0.00010318570350746825;0.0002075412211600064;0.0002374782443720628;0.0001069996288501686;3.0982619127475744e-05;6.984342590376415e-07;2.7797096303277566e-05;1.066781755308443e-05;2.5714995136228704e-06;7.787654325909751e-06;1.6867209573880696e-06
01:31:06;345;5.388412842225162e-06;6.07282910567835e-06;5.283568117895492e-05;5.268618372285387e-06;6.4852514870236435e-06;6.373903746944879e-06;7.44183526277001e-06;5.910051734952566e-06;4.715797534451192e-06;3.1774512579054526e-06;6.9119295705956e-06;6.789295982462756e-06;3.6938417026536028e-06;4.110897212618945e-06;3.782078237015505e-06;5.7325974415141874e-06;6.951528075084833e-06;7.279046845332796e-06;8.553976437689948e-06;7.156629376540762e-06;5.034384144040169e-06;3.386010980302902e-06;7.8771514968657e-06;7.516478162179288e-06;4.108652210331307e-06;4.868745388850147e-06;4.408746563748986e-06;7.48981424126118e-05;0.00014955401486415246;0.00016361106949165213;7.758487444637963e-05;9.213146113631008e-05;2.3303581040928137e-05;7.577260021996093e-07;2.0531188553868347e-05;1.8782181462361326e-05;2.665232858978248e-06;8.725059829807726e-06;1.483642048209574e-06
01:31:21;346;5.746317839339099e-06;6.466759645309715e-06;6.325357242799723e-05;7.926419800438369e-06;6.056007721481778e-06;5.6645530441621554e-06;7.668279164621792e-06;4.481794729116473e-06;3.6864930196985184e-06;3.241732151240936e-06;9.942952381759472e-06;5.406267985689923e-06;6.527240581406928e-06;4.426155831021623e-06;3.927915994562557e-06;8.367088256922147e-06;6.853595896015427e-06;6.706058223854494e-06;8.903956469008404e-06;5.2718615832050035e-06;3.9830059144657714e-06;3.590035291807321e-06;1.0989756867298016e-05;6.483999206604402e-06;6.882750191915518e-06;5.2110078884859695e-06;4.357997832939182e-06;9.949467168679693e-05;0.0001148147163723779;0.0002502560481732399;0.00014373362525895908;8.31306055992552e-05;1.4844310234204959e-05;1.052305517287204e-06;2.6223721530611496e-05;1.400379473034824e-05;2.486316940539166e-06;7.702201054426436e-06;1.3005520379200659e-06
01:31:37;347;5.4690010309534705e-06;6.2085851316658565e-06;6.0736096676528825e-05;3.937301725058391e-06;5.367992184413982e-06;7.795951255864317e-06;8.640306836711757e-06;4.8304093008317235e-06;3.739833330614188e-06;6.125550776594289e-06;5.657410348515089e-06;5.91887268571027e-06;3.6581615981261124e-06;6.893409287752919e-06;3.0628112684444826e-06;4.442452017187113e-06;6.084539937903541e-06;8.901586308546697e-06;9.760097673048982e-06;6.015867999354392e-06;4.12779123404176e-06;6.4075136494086366e-06;6.641020712478063e-06;6.918308476018911e-06;4.022471704404238e-06;7.568272676623185e-06;3.6130975446742265e-06;8.678823116935834e-05;0.00015439024505191232;0.00025622392005026105;9.513461264767322e-05;7.444784464408512e-05;9.39581719608694e-06;8.637087136294399e-07;2.1907310056597424e-05;1.9578888084628783e-05;1.9461151063495504e-06;6.7670646361478335e-06;1.3894027616157819e-06
01:31:53;348;5.8309049309328165e-06;6.492384848489921e-06;6.2985125590507e-05;4.323718764192625e-06;7.1469174291006645e-06;6.221600344247236e-06;1.2921630645802328e-05;4.841121033262073e-06;5.645160892116379e-06;2.5253017193320333e-06;7.271324816119059e-06;5.9374291865310624e-06;4.079189561165012e-06;4.3860162196293375e-06;4.671446592784502e-06;4.771921135503776e-06;7.763338060935375e-06;7.158848209747944e-06;1.3554206712866243e-05;5.881284726490753e-06;5.975176429297168e-06;3.0199185005850396e-06;8.456030178721552e-06;6.583560846167207e-06;4.380039287372964e-06;5.171495763246225e-06;5.192795570801076e-06;9.300438241384066e-05;0.00011951241849032638;0.000297082694918645;9.998039821322548e-05;7.883346578533407e-05;1.1891941159116233e-05;8.678560704944402e-07;1.7373700805726616e-05;2.4553913509027026e-05;2.942147502286489e-06;7.787952887965695e-06;1.9906353300958127e-06
01:32:09;349;5.696515047630286e-06;6.3628512686556886e-06;5.739530302095411e-05;5.028014514801333e-06;6.350717733027977e-06;6.511300879000456e-06;6.4708286347778e-06;5.949723326701608e-06;4.586656885408047e-06;2.528618591119363e-06;6.824848639362037e-06;1.1598091379415688e-05;3.925542695914043e-06;4.581157310794155e-06;4.002678221194277e-06;5.216968290795516e-06;6.8674758443228686e-06;7.5407244677782865e-06;7.779462049268349e-06;6.907990126232498e-06;4.983132360486039e-06;2.8918255790663753e-06;7.923092549459351e-06;1.2153326995850208e-05;4.424298842561164e-06;5.231649302464875e-06;4.4342665360896785e-06;9.925043010333294e-05;0.00013828251899589006;0.00020473583833017557;9.790749747458289e-05;8.086954082598193e-05;1.0795833600907812e-05;1.2670891044087283e-06;2.7378854973509753e-05;1.6206579647921408e-05;1.3851263055446747e-06;8.32569489578324e-06;2.338631993410558e-06
01:32:25;350;5.7668157273321246e-06;6.461596501450705e-06;4.344115548589525e-05;4.170068927904098e-06;5.1872785194523825e-06;6.790447471225682e-06;1.0287709871709632e-05;3.993597509254311e-06;4.105348027588269e-06;4.0437876953221386e-06;9.512932256231208e-06;6.5893087627893525e-06;3.886165064415081e-06;4.862808854578692e-06;5.7723338671358056e-06;4.559130824809817e-06;5.9548339023318545e-06;7.899696489011713e-06;1.1409990005217245e-05;4.945478233625918e-06;4.537845321649485e-06;4.4617775405571635e-06;1.0213588413097557e-05;7.544260796161716e-06;4.341860967772995e-06;5.6034100222710045e-06;6.06728333221764e-06;8.206073115284562e-05;0.00013292058016023043;9.79049504101537e-05;6.320155192716786e-05;8.708609891746595e-05;1.315038178405452e-05;7.31497069296774e-07;2.2041651015525608e-05;8.759436493779701e-06;2.9486436426003195e-06;8.542784663454778e-06;1.945558594167608e-06
01:32:41;351;5.5912298358087105e-06;6.283982248199128e-06;6.363924362431154e-05;4.072348680494997e-06;6.900327310109912e-06;6.174802767524377e-06;6.734339150165686e-06;7.171350481691909e-06;4.7134271325562205e-06;3.504341336709031e-06;5.9260504398588925e-06;8.171848027674597e-06;3.422478446747267e-06;5.197333094806502e-06;5.106109282141088e-06;4.460091160373988e-06;7.5401084520504075e-06;7.249037382648624e-06;8.08918596277768e-06;8.177497414791002e-06;5.0591302198559395e-06;3.872261387083268e-06;6.848348146123971e-06;9.020914649802681e-06;3.7232811584682983e-06;5.796036236771917e-06;5.5718935786726544e-06;9.312738906580577e-05;0.0001232728747112206;0.00025674321098449434;0.00013271887265577212;8.781956956845975e-05;1.6754257476339707e-05;8.802598675704898e-07;2.2183639915300054e-05;1.9315016397927165e-05;2.1921504577500664e-06;6.534130173357432e-06;2.1295522177408964e-06
01:32:56;352;5.36020219176304e-06;6.080575651968859e-06;5.081153891210797e-05;6.534636690505832e-06;6.765247576367983e-06;7.504434239277461e-06;6.621138357910571e-06;5.289447514009928e-06;3.1832829344612503e-06;4.105916931865491e-06;5.58067877937612e-06;5.542959886316691e-06;4.792695562759842e-06;4.397117595932411e-06;4.004868604826325e-06;7.082675158961115e-06;7.526639923457015e-06;8.465404455738636e-06;7.981627214012175e-06;6.440104401963829e-06;3.519363777349663e-06;4.25191137908976e-06;6.388178053960393e-06;6.437308687204274e-06;5.201162688927415e-06;5.155357030162122e-06;4.517172728695566e-06;8.145093722159074e-05;0.00010124381901556916;0.00020048445438703623;8.662644597678832e-05;8.38974188410585e-05;9.702692608159201e-06;7.236157311971722e-07;1.7687905646243385e-05;1.622873620123172e-05;2.2387972400910694e-06;7.96305809679541e-06;1.4905859795346104e-06
01:33:12;353;6.2227868136749915e-06;6.997976740847984e-06;6.39675373404936e-05;4.294869517483914e-06;8.35925770494648e-06;7.232576550755064e-06;6.997000404851406e-06;6.4134114381240375e-06;3.886206943803927e-06;4.862163680159752e-06;1.0601979211473504e-05;6.671815047099017e-06;4.046640355490829e-06;7.945104599116348e-06;3.3624142264831005e-06;4.638948787861766e-06;8.923306544418182e-06;8.47919229756049e-06;8.17289536008744e-06;7.632901370131169e-06;4.243519428304284e-06;5.0812911375700586e-06;1.1788199364811497e-05;7.71301642135434e-06;4.468340003895028e-06;8.907798042233895e-06;3.926309617885567e-06;0.00010060511440019609;0.00014993141605871568;0.000255060071424153;9.975510233549057e-05;8.835645269034171e-05;1.2806080786303334e-05;1.1252899287716906e-06;2.498429032812271e-05;2.3965235364262688e-05;1.7388426538884368e-06;7.376199128108173e-06;1.906352987569294e-06
01:33:28;354;4.845280424800339e-06;5.575311580644124e-06;8.614679938475994e-05;3.8467118356906705e-06;5.72290116613255e-06;7.277278009612783e-06;6.67815340901515e-06;4.277176118899268e-06;3.3801539290385047e-06;2.4208662623627997e-06;5.899767558048552e-06;6.565919841767192e-06;3.4378143510916845e-06;5.030784280147703e-06;3.6058365350558317e-06;4.1789340178218455e-06;6.3196352924403726e-06;8.442651839767321e-06;7.87049450795903e-06;5.225435505145711e-06;3.711930080326171e-06;2.8329183713807814e-06;6.889880895167014e-06;7.66687795084745e-06;3.919979045476103e-06;5.680335072634367e-06;4.164664492063936e-06;8.178086168973106e-05;0.00015623817329437484;0.00042420475040632493;0.00021561234353353613;8.381809897645658e-05;1.0668378771690013e-05;1.211930827111915e-06;2.8591394453819205e-05;1.960893922191663e-05;2.133295069902335e-06;8.17268189873703e-06;1.7207444735180885e-06
01:33:44;355;5.411025555381664e-06;6.116731733124618e-06;4.786341499915945e-05;4.4050148860270095e-06;4.9736793195491335e-06;7.983663436370783e-06;8.445042681805923e-06;5.405385240015386e-06;3.4111121045363935e-06;3.887596621994631e-06;6.627632874511846e-06;7.128831588235326e-06;5.324228275069035e-06;4.347399300027891e-06;2.992718678288239e-06;5.027118982358348e-06;5.661458999384195e-06;8.842879329285661e-06;9.523168287908252e-06;6.282313313908784e-06;3.7545120725369515e-06;4.324628414768178e-06;7.700681422486728e-06;8.197551174310355e-06;5.624561792294255e-06;5.0506287526688906e-06;3.4112768049983312e-06;8.60822818543202e-05;0.00010985467579197617;0.00013067700942181028;7.672102930876318e-05;9.805336933201275e-05;1.8340289223398588e-05;6.71125935413824e-07;1.8312343168966903e-05;2.201787020411204e-05;3.4174261931754224e-06;8.470641532207376e-06;1.742918023756899e-06
01:34:00;356;5.3399094555443716e-06;6.045982773466216e-06;5.719008634055925e-05;4.5084079180216205e-06;5.437979204391365e-06;6.508698412233116e-06;7.3075531468382655e-06;4.884125040405252e-06;3.0424861863826376e-06;4.006894694183219e-06;6.266324507852129e-06;6.390668009327204e-06;6.8387418149417165e-06;4.613314617591351e-06;4.273718034333094e-06;4.821054186391802e-06;6.074470553657296e-06;7.637005718249924e-06;8.683506609797198e-06;5.7706886654838705e-06;3.362502238930194e-06;4.2582649291921085e-06;7.435269547190556e-06;7.218159790002723e-06;7.0351666498119146e-06;5.409957364900958e-06;4.845745013282587e-06;6.21827970435219e-05;0.00011442459815370773;0.00021189515565994086;0.00014623996968980292;8.463847771021101e-05;9.105240719488759e-06;1.1246599656357947e-06;3.089937588999838e-05;1.3765652008257385e-05;2.2766868023953513e-06;7.98923075585388e-06;1.7391916878968559e-06
01:34:16;357;5.648017231604544e-06;6.335918845286846e-06;5.7054725682815013e-05;4.63286593863834e-06;5.79042552411641e-06;6.941550954567529e-06;6.510270487390037e-06;5.402142039075257e-06;3.5609048380665214e-06;7.127517869000919e-06;6.9056022727987845e-06;5.856463832998315e-06;3.3759782812513674e-06;4.3450559090920455e-06;7.327427184445799e-06;4.911265495127138e-06;6.49146890385895e-06;8.070470639837897e-06;7.84961961287507e-06;6.4870348581545055e-06;4.016749644391364e-06;7.228451514043927e-06;7.625351568267318e-06;6.609725811427733e-06;3.7309827480903204e-06;5.024423240062293e-06;7.985480403442147e-06;7.932462454100138e-05;0.0001133134405536424;0.00021441929617885256;0.00012429519084291505;8.970953206047005e-05;1.4855923497934604e-05;9.85476277414136e-07;2.1803977802709194e-05;1.4979586358474767e-05;1.794810932558865e-06;7.333471636118571e-06;1.841377511688585e-06
01:34:31;358;5.289286768572765e-06;5.965751387509355e-06;7.099933133534066e-05;4.0542142469038565e-06;7.0244093622177805e-06;7.945201176084993e-06;6.941714031230814e-06;5.180515448379517e-06;6.504182590496364e-06;3.204386456704097e-06;5.608953086070042e-06;5.278488649648497e-06;3.738595355558387e-06;5.123209590542708e-06;2.8675691707230104e-06;4.429504761452635e-06;7.436686223339661e-06;9.169214392179267e-06;8.308497629663687e-06;6.202652434406941e-06;6.6621279172609265e-06;3.513813749986518e-06;6.579089637818493e-06;6.095865161644068e-06;4.2543140640605724e-06;5.626757479436906e-06;3.3104905596010673e-06;9.204833160130614e-05;0.00014437684772849758;0.00030761170764895333;0.00014639991159492972;8.833028490215973e-05;1.6169992111108267e-05;2.262666126441048e-06;2.2898790093464354e-05;2.033854077392222e-05;2.0352953578182946e-06;7.176349208576092e-06;2.3432588769113795e-06
01:34:47;359;5.543710255618738e-06;6.272341631267432e-06;8.048571245368581e-05;5.234442216561774e-06;5.782654775546544e-06;6.744378051915977e-06;7.362922040308397e-06;6.175896439747868e-06;6.351032036762532e-06;2.8145901795087722e-06;5.412703492362942e-06;6.315443136370194e-06;3.7720188897209668e-06;6.747709253250957e-06;3.810730716031168e-06;5.578087283642093e-06;6.500718369997104e-06;7.934053543597e-06;8.845768580970258e-06;7.236754771827092e-06;6.567040315266114e-06;3.233407922011735e-06;6.286823938491487e-06;7.039408950432413e-06;4.145925032976784e-06;7.637204880320727e-06;4.262904278934739e-06;9.414349200046361e-05;0.00014420494039907918;0.00041574808163098525;0.00016675244487293736;8.691049599794417e-05;9.779118522936437e-06;6.765388484759815e-07;1.8680024162153893e-05;1.755402544310586e-05;2.035493381376027e-06;7.225603642830115e-06;2.118290541941924e-06
01:35:03;360;5.247111212595841e-06;5.975788766752171e-06;5.7201993589630924e-05;4.075374764767048e-06;5.112715394969572e-06;7.716457308762612e-06;7.598463617662012e-06;4.796160159127215e-06;3.5624605224559116e-06;3.367269963628804e-06;9.77023314551285e-06;5.574944018346431e-06;3.280308508056929e-06;5.085106393339216e-06;3.025838993505917e-06;4.466771744336245e-06;5.6917354620825884e-06;8.847888774296366e-06;8.815969551183634e-06;5.857431878085444e-06;3.8621892354979225e-06;3.7171020629770445e-06;1.0847500273979953e-05;6.517747285411305e-06;3.694392564537776e-06;5.858918369465501e-06;3.531815921149568e-06;7.738500825359612e-05;0.00016102850794857818;0.00022138723996402356;8.838184662788682e-05;6.994114569179863e-05;9.303003507537575e-06;1.032987186331244e-06;2.9675505980071748e-05;1.6370492970960095e-05;2.0678025320932712e-06;7.542166921334518e-06;2.308215491359179e-06
01:35:19;361;5.594199075692979e-06;6.293715758354527e-06;4.9552663600011166e-05;4.388799699742404e-06;7.244648008124117e-06;6.192941087784282e-06;7.64594982559753e-06;8.018579944035764e-06;6.481601436418445e-06;3.6889599732894207e-06;5.94532118146741e-06;6.255462001160016e-06;3.5703321687402028e-06;4.428688699159073e-06;3.269102965704333e-06;4.8560657548098135e-06;7.861915008429087e-06;7.3505979332677975e-06;8.846849049163372e-06;9.170996610366643e-06;6.886079687964285e-06;3.912173773458079e-06;6.84592057237014e-06;7.144696702440181e-06;3.971082778546968e-06;5.003522565408575e-06;3.674686937140709e-06;9.895055901747544e-05;0.00014580761405977167;0.00011240262639542357;6.684445656161702e-05;9.590253571101027e-05;1.5626482879471952e-05;9.548007585973356e-07;2.3459533501393826e-05;2.227183297810672e-05;2.2726751728055923e-06;7.997252495512096e-06;2.1415936689483998e-06
01:35:35;362;5.566673020237803e-06;6.205806441150482e-06;5.12041472178715e-05;6.013227395775609e-06;5.674247920821203e-06;6.116628811851528e-06;1.1960207260131028e-05;4.978124427749848e-06;5.870000261865016e-06;2.7101560498010713e-06;4.983263787394776e-06;6.046208990604575e-06;4.697553616882612e-06;4.169753567075738e-06;3.580702303390188e-06;6.559767630105968e-06;6.280355361773621e-06;7.3187897548531155e-06;1.2637931900780465e-05;5.774935527968617e-06;6.002966727787161e-06;3.1616374026501184e-06;5.762237706912396e-06;7.003747168134476e-06;5.108722528152439e-06;4.80773075098482e-06;4.050853355773695e-06;8.260612377326214e-05;0.00011938811974342393;0.00018744294245232404;8.872439536007667e-05;7.558176231545744e-05;1.1237610090481502e-05;6.393087129024876e-07;2.7611602792020987e-05;9.917417821516474e-06;2.870386641776944e-06;7.529174999854125e-06;9.009219113612341e-07
01:35:51;363;5.355478731675331e-06;5.981475877416426e-06;6.228629237234285e-05;4.265823429767062e-06;6.4503871412698155e-06;6.046115172802564e-06;8.028868301514855e-06;6.837009239161902e-06;3.613607902443825e-06;2.624152665669561e-06;5.556679308036585e-06;5.375113641938676e-06;4.306296487238177e-06;5.823937654076355e-06;5.337752091479202e-06;4.575731704962776e-06;6.819809221246654e-06;7.131067878283749e-06;9.070994208373065e-06;7.700565910903307e-06;4.02029445755448e-06;2.99826310074883e-06;6.529665819171793e-06;6.308899565173985e-06;4.615362510626658e-06;6.408245383946577e-06;5.598808727398458e-06;8.677730400652372e-05;0.00012194610513558668;0.0002791804891482989;0.0001151148935230849;8.367910514906507e-05;1.0362971893591864e-05;7.074971996569362e-07;1.695812989453116e-05;2.074599319640786e-05;1.9059540068151037e-06;7.549788629831447e-06;2.5072766847206216e-06
01:36:06;364;6.050052208066021e-06;6.8121961289128916e-06;5.3221683335960297e-05;6.660510023434344e-06;1.7168121105596995e-05;6.5413973260319835e-06;6.586999314802969e-06;4.438812062478416e-06;3.558703956488526e-06;2.7995283156718127e-06;5.142411038731738e-06;5.259726748040418e-06;6.085367735215124e-06;4.639825849427449e-06;3.7192212059202556e-06;7.1517227792632e-06;1.808625714872931e-05;7.671826511519796e-06;7.67016121520826e-06;5.511622360625298e-06;3.928910856198923e-06;3.151316676952705e-06;6.1222363519500735e-06;6.2207437518805776e-06;6.729499983532749e-06;5.282733734676657e-06;4.219320325768122e-06;7.517191010041708e-05;8.441363215991333e-05;0.00022184473364872647;0.00011316979706861924;8.485717760845656e-05;9.06018706182511e-06;8.51282544945295e-07;2.090224248333461e-05;1.731448079914259e-05;1.58499685747712e-06;7.147967524416047e-06;2.34179217424997e-06
01:36:22;365;5.797305670346924e-06;6.54898839675758e-06;6.809463640197248e-05;3.860788557054982e-06;9.941498340346946e-06;1.0402170265680608e-05;6.8048696177734e-06;5.309938089549281e-06;3.6225309643291648e-06;3.6538538727174084e-06;5.849986528648866e-06;5.617730068443259e-06;3.3198385646991047e-06;5.606778007851497e-06;5.5776831515495155e-06;4.202771753073107e-06;1.0953010927021498e-05;1.134109066996747e-05;8.00358664123393e-06;6.4743997922327065e-06;4.000088639731064e-06;3.942254001161974e-06;6.711103565124441e-06;6.549346766451556e-06;3.745844383680562e-06;6.454707899356896e-06;6.2096540038015246e-06;9.427478675863082e-05;0.0001069283652084855;0.0003581548882731626;0.00011862879563817929;8.153275678283643e-05;1.0781802569665862e-05;1.552090596732797e-06;1.5448092075876497e-05;1.9344682542068034e-05;1.7049946348380773e-06;6.419417984626947e-06;2.364963758567009e-06
01:36:38;366;5.236091491863962e-06;5.990896435049981e-06;7.279369106713037e-05;4.367146469584006e-06;6.757473534594024e-06;7.3755629049866336e-06;6.848943274659095e-06;4.905390859087013e-06;4.207537256465085e-06;3.3764980171016843e-06;5.870432799910801e-06;5.848046790904701e-06;4.738631848123408e-06;4.486728115179775e-06;4.050704345362729e-06;4.961236662651734e-06;7.411530647534418e-06;8.457590462932807e-06;8.121226517088665e-06;5.898817982620418e-06;4.573336746379706e-06;3.7686792700673946e-06;6.848735752043202e-06;6.8510338609531235e-06;5.03635674019129e-06;5.301001108450634e-06;4.661209010309097e-06;8.679232681317631e-05;0.00010684756050262684;0.0004072753021372898;0.0001272565958158761;8.479458340389097e-05;1.0471699874221037e-05;1.5454915591042344e-06;1.4898079050050131e-05;2.3129572806190953e-05;1.7420789698754016e-06;7.568259570576399e-06;1.2027423026861084e-06
01:36:54;367;5.917335813747244e-06;6.669476769724197e-06;5.951728148105922e-05;5.140922053150441e-06;6.9063044518005965e-06;6.349948045037866e-06;6.970966550829354e-06;5.512889615356574e-06;3.893172524401094e-06;2.913252942639908e-06;5.234878465901457e-06;5.916217699499591e-06;9.15718860868124e-06;1.0092428093406108e-05;2.9198590247858647e-06;5.517828778373527e-06;7.663765826910555e-06;7.447776452069395e-06;8.213110423996482e-06;6.365574416675004e-06;4.2284672578912425e-06;3.3229482452745424e-06;6.119738516852383e-06;6.953918632979931e-06;9.920134450308242e-06;1.0822348290103151e-05;3.4581082413924262e-06;7.870247601728247e-05;8.683789493732383e-05;0.00023332412546451012;0.00015133251673773464;9.869701761894814e-05;1.496093098490043e-05;7.937083302916178e-07;2.0517366062209798e-05;1.8612305734209058e-05;1.1714776280583037e-06;7.82855857682905e-06;1.428999680413061e-06
01:37:10;368;5.324100537894662e-06;5.983457896623413e-06;7.79735531581424e-05;3.970352142410795e-06;5.44271926340333e-06;1.112314030910449e-05;6.430363008937754e-06;4.574601016377693e-06;4.227928470677191e-06;2.6299988475515916e-06;5.386405918143695e-06;8.266383123224262e-06;3.924968982715882e-06;4.269605358395913e-06;3.6427379979512993e-06;4.450993746783602e-06;5.972112822297576e-06;1.2053802090087651e-05;7.605125730047872e-06;5.478245142673782e-06;4.542154547840555e-06;2.977942793084459e-06;6.340457465613108e-06;8.978749122699028e-06;4.227260056216471e-06;4.906705835540528e-06;4.267943855274662e-06;8.935010545250184e-05;0.00012188340358960081;0.00042019546894360405;0.00015838664460157464;8.243121249250787e-05;9.862664901919613e-06;1.2221562911057238e-06;2.2452645806912475e-05;1.8733324030478503e-05;1.926906733156392e-06;7.267506035265774e-06;1.9705990190810362e-06
01:37:26;369;5.871131871903014e-06;6.595778698663454e-06;7.643285741160427e-05;4.406390252272145e-06;6.711529793015168e-06;6.780467763175838e-06;6.96806363526486e-06;7.992118528027897e-06;6.820062830118187e-06;2.847011521241298e-06;7.2217039550020505e-06;6.706100787244974e-06;6.512234200783951e-06;4.568415551631233e-06;2.919481882751091e-06;4.869359441681233e-06;7.074723818064579e-06;7.971199350702338e-06;8.326595797129063e-06;8.99150095795483e-06;7.233058945127561e-06;3.3134951127642954e-06;8.050177395397199e-06;7.613046732388549e-06;7.076582554689111e-06;5.242620214699809e-06;3.386982658826761e-06;0.00010103176854884009;0.00011814542635942677;0.0003966445157190733;0.00016124403872919588;7.986798911941281e-05;1.271889438685101e-05;6.698938202578882e-07;1.7671646980886665e-05;1.8473882666597935e-05;2.136912325393448e-06;6.484328259347217e-06;2.104992023968501e-06
01:37:42;370;4.883877219247717e-06;5.606260079338991e-06;7.177271914179425e-05;3.7996594231386056e-06;5.663536319195311e-06;7.105583313657152e-06;6.742729245249021e-06;4.0442134405793695e-06;3.532534454206174e-06;3.01346361763034e-06;6.6701040676197074e-06;6.223798412721945e-06;4.0615903093313674e-06;4.865734799156226e-06;2.8835773234254187e-06;4.352017266326216e-06;6.234895287969819e-06;8.255567766504608e-06;7.793206252613402e-06;5.055824160564631e-06;3.857605721822427e-06;3.4456053443343853e-06;7.647976152712325e-06;7.1152756943406474e-06;4.506603217342223e-06;5.643800624413784e-06;3.366741966486568e-06;9.735762038921356e-05;0.00015110409162858075;0.0003491668425657897;0.00011216716648037182;8.630842979569541e-05;8.5041553564406e-06;2.8429592069789746e-06;1.9025044757242297e-05;2.2690832072562857e-05;2.3404906026288706e-06;8.106373138322505e-06;1.6586237077040519e-06
01:37:57;371;5.364968827657115e-06;6.030162573632522e-06;8.562870439073759e-05;4.0776831940935274e-06;5.966147097973879e-06;1.0042927048526838e-05;8.206455582637773e-06;5.595186044421945e-06;5.67237232086303e-06;2.330926569659265e-06;5.366204848720392e-06;5.69040032710239e-06;3.2675614112646785e-06;4.358965032480455e-06;3.8047947078209434e-06;4.53123722383933e-06;6.613814122507001e-06;1.0801961736111089e-05;9.594735032967233e-06;6.614864024770581e-06;5.839950673258569e-06;2.564377054332459e-06;6.076416757193179e-06;6.75766548024685e-06;3.6616532966784493e-06;5.071267328794075e-06;4.2340066044479376e-06;8.060405133141999e-05;0.0001281523446567323;0.0004211287431305926;0.00024075421170904508;0.00010015542078523651;1.2496104904660095e-05;1.2875365467404525e-06;1.8267217427397426e-05;1.3493500284552378e-05;1.999284715937662e-06;7.16363896224153e-06;2.0423982342951896e-06
01:38:13;372;4.813516715723216e-06;5.4891134546962835e-06;5.537774322959774e-05;3.63223303264962e-06;7.0135565902841215e-06;6.713283732877202e-06;6.641064560336025e-06;4.195595163090295e-06;4.440975752634751e-06;2.9198675548514075e-06;5.295525967790644e-06;5.995007390230905e-06;3.4346368685721598e-06;3.921622861921295e-06;3.5588293301393814e-06;3.951218153631515e-06;7.67569205971638e-06;7.78107719097649e-06;7.88357935067048e-06;5.083401234353719e-06;4.663932362676906e-06;3.158331977990397e-06;6.192224369626757e-06;6.8785398070758674e-06;3.8460190025253275e-06;4.640327161620076e-06;4.115016154864401e-06;7.628722792788034e-05;0.00011593283762734178;0.00019360998748979542;0.00010982454411885854;8.909672858840368e-05;1.499907295578945e-05;6.995644710811519e-07;2.7694369358698462e-05;2.4095170854579917e-05;3.0761927169929684e-06;7.941246683707306e-06;1.2759759620436156e-06
01:38:29;373;5.633342268460885e-06;6.310956318366497e-06;5.536074708061353e-05;3.850387746175763e-06;6.294096912672455e-06;6.176102356001613e-06;6.98799153976314e-06;4.103715307285876e-06;3.208567091370831e-06;4.883961651749112e-06;6.153002481503543e-06;5.05584359638595e-06;9.146431140552833e-06;7.401715607939381e-06;4.338289787853e-06;4.1814354203837225e-06;7.015449377428888e-06;7.292385212570514e-06;8.111555324589223e-06;5.1088684732705955e-06;3.5936857042128672e-06;5.250461273607459e-06;6.9527670198515845e-06;6.054258386639855e-06;9.356649421027249e-06;8.122394198916125e-06;4.691564434992122e-06;7.881041254363131e-05;0.00011270709381999994;0.0002093748225900886;0.00011206702511836776;9.084398796960462e-05;1.1362370262209889e-05;1.2169242723964378e-06;2.0098662137021383e-05;1.5192608528426238e-05;2.9010680067235426e-06;8.206639690049568e-06;1.5473500288432238e-06
01:38:45;374;5.848344082954265e-06;6.620338987161205e-06;7.145570576781424e-05;4.638925547856781e-06;7.645469705411498e-06;6.144793061935161e-06;6.172333423845347e-06;9.224799909966144e-06;4.652513014362243e-06;4.921636601293048e-06;7.058043819215114e-06;7.539611978948167e-06;4.149619825452336e-06;4.307945082034208e-06;3.724435199520764e-06;5.034663704291349e-06;8.375056409079927e-06;7.196262870394681e-06;7.468899788870624e-06;1.0247426249821452e-05;5.04428763760407e-06;5.315520189769007e-06;8.233596901523533e-06;8.708803168793807e-06;4.691406269258447e-06;4.973115385871983e-06;4.155027140826215e-06;9.153659643657226e-05;0.00015965650328978562;0.0003066780426301255;0.00013721018365822686;9.818241958874214e-05;1.1560190749896978e-05;7.692261326117917e-07;2.2945209194157383e-05;1.6673470213382202e-05;1.777957660599784e-06;8.545210540809252e-06;1.9334591188610394e-06
01:39:01;375;6.050338406928611e-06;6.7690214080680045e-06;4.677416516979401e-05;5.369823231081806e-06;8.256120699586104e-06;7.695001709283712e-06;7.826710772979533e-06;5.628477430393146e-06;3.3183574002554845e-06;7.539124230439918e-06;5.179014543443827e-06;5.718086023746722e-06;4.975328395253407e-06;8.197669340277839e-06;2.900345190681719e-06;5.775370948557091e-06;8.972472843669482e-06;8.711668675759132e-06;8.866806511613952e-06;6.661488718052595e-06;3.747671437654217e-06;7.843238321745243e-06;6.033838745460793e-06;6.60530021884335e-06;5.459150281263025e-06;9.144736033036519e-06;3.406512566666779e-06;8.45015097747241e-05;9.847778357402965e-05;0.00011306620350821973;8.849987467739276e-05;0.00011063941566573112;1.542399604058655e-05;8.767432898799473e-07;1.9504570060703366e-05;1.826069961030592e-05;3.362839655671017e-06;7.258669489323523e-06;1.4176766909605643e-06
01:39:17;376;5.609661763954095e-06;6.305972920593296e-06;4.7865317718759745e-05;6.433637683691338e-06;6.138860413461668e-06;7.0297466847209345e-06;8.122448454111526e-06;5.1167963115843085e-06;5.322948594707358e-06;4.036085434513191e-06;5.671782329130792e-06;5.674557562749462e-06;3.516636558196431e-06;7.033619783734159e-06;3.21881958016816e-06;7.211129136924717e-06;6.686022504565491e-06;8.07193234748733e-06;9.05083692187769e-06;6.0749086163854415e-06;5.646933989081372e-06;4.4766496396536975e-06;6.5573423243325965e-06;6.476350379187674e-06;3.7945977090180063e-06;7.799229571233649e-06;3.825740073991739e-06;9.361464688599975e-05;0.00010823874348962974;0.00016121568070530208;6.534226764007557e-05;8.616564904577012e-05;9.550504691029513e-06;8.808719573733178e-07;1.931585402558361e-05;1.9799334865697777e-05;2.255232139438846e-06;6.7052469031811365e-06;1.2997802760355335e-06
01:39:32;377;5.183388663257657e-06;5.860688718171389e-06;7.180499913054304e-05;3.672158845285429e-06;6.407734899612065e-06;6.09772420580932e-06;7.220173496979111e-06;4.606275149592937e-06;3.988210354451254e-06;5.29379504725243e-06;7.141633417973026e-06;6.031267688267793e-06;4.3882483809134305e-06;3.962497507165546e-06;3.390943251766678e-06;4.01591127159964e-06;6.93612024475396e-06;7.16051943504393e-06;8.49545109257967e-06;5.487893433751254e-06;4.301634843141994e-06;5.634168295543958e-06;8.26649883366153e-06;6.934952528388726e-06;4.6146060009925375e-06;4.630082221871207e-06;3.8504249028225295e-06;8.936160012185584e-05;0.00011134457838594887;0.00030058157409072685;0.00019421755918562586;8.623689499562387e-05;2.3178940684619772e-05;6.209474072106717e-07;2.2928225674536626e-05;1.974018637816455e-05;4.060126638541805e-06;7.5951108756983305e-06;1.7942451279635042e-06
01:39:48;378;6.512199777572195e-06;7.1908097358769e-06;4.015140834976641e-05;9.1941403817166e-06;5.526455156128081e-06;1.130950316185032e-05;6.438344762216275e-06;5.64780355751602e-06;5.247425424282813e-06;4.288730991352065e-06;8.159737369985784e-06;1.0402497239361061e-05;3.75502954467906e-06;4.474290432457647e-06;3.7024373604956717e-06;9.725389282962918e-06;6.070004551877935e-06;1.199431091341075e-05;7.725745392604097e-06;6.643505380049612e-06;5.452168752411506e-06;4.577709864573576e-06;9.301366015831804e-06;1.1517251878794462e-05;4.150423471481743e-06;5.091955141393509e-06;4.0398831803445955e-06;7.682145549397872e-05;0.00010059801574682815;8.06302806064182e-05;5.8481456205784756e-05;9.178328874821953e-05;1.6087083179985415e-05;5.815588564890411e-07;2.3204240943436803e-05;2.059548656514188e-05;3.606717453806349e-06;7.532699961952867e-06;1.8946164351553035e-06
01:40:04;379;4.6736136434850035e-06;5.365604949152448e-06;4.823392983377491e-05;4.424852182438599e-06;5.70385298911705e-06;6.54599561755731e-06;6.851480665401058e-06;4.103145081237678e-06;3.4046883437807454e-06;2.3409994731402795e-06;5.317194022454301e-06;6.501058901229519e-06;3.6356819793132384e-06;4.1689933024971735e-06;3.0854193708245763e-06;4.8587021554547254e-06;6.413552046645156e-06;7.643945018917062e-06;8.000507736878831e-06;5.061341489290729e-06;3.708789200814702e-06;2.7703479377756777e-06;6.124632415741894e-06;7.3825551133935895e-06;4.0930277418162486e-06;4.719052732312614e-06;3.610804060947804e-06;8.298878766015634e-05;0.00010451449049861014;0.00015251453997781279;8.527471575087035e-05;8.930970543590263e-05;1.3905374086420964e-05;5.69665907805316e-07;2.1653402395805015e-05;1.395875398332637e-05;3.728464810529944e-06;7.938250641934558e-06;2.4510068561245136e-06
01:40:20;380;5.0725525300973375e-06;5.735568087218297e-06;7.025636619176685e-05;3.639058802013489e-06;6.776596756387996e-06;6.777871770421743e-06;7.007025071200959e-06;4.573372644306966e-06;3.730430780602877e-06;2.659015634423864e-06;7.488204861839552e-06;5.237261679527902e-06;5.378943787351628e-06;4.3911573945494675e-06;3.211689468394432e-06;4.124119111767431e-06;7.464325916990225e-06;7.951129272085013e-06;7.986538145780309e-06;5.495659040575504e-06;3.9893469820411536e-06;3.034035732030767e-06;8.207771759172622e-06;6.02074987909873e-06;5.745931586509098e-06;5.033504938965743e-06;3.773702675533957e-06;9.429527202226859e-05;0.00012385825603215443;0.000355493279322867;0.0001382313654198986;7.84340111091646e-05;9.35658379965963e-06;6.96891846667261e-07;1.7114719608413387e-05;1.408966720529015e-05;2.119422485186424e-06;7.897165578111681e-06;1.489759871520358e-06
01:40:36;381;5.060627586317423e-06;5.759031415736093e-06;4.2104875013408026e-05;4.837043631896036e-06;6.400263550819897e-06;6.53920543637231e-06;6.033456834586559e-06;4.220266238454749e-06;5.040889785590252e-06;3.498830673914261e-06;4.686644245375439e-06;7.700964651746744e-06;3.7579939612700484e-06;4.756022972946477e-06;3.255947223188762e-06;5.139347502888627e-06;7.043701535172958e-06;7.73949706186452e-06;7.4054259982139105e-06;5.079933210173651e-06;5.332621815830839e-06;3.850780142530784e-06;5.527013992740407e-06;8.443281330983154e-06;4.170052586197949e-06;5.552832601695835e-06;3.823887197276109e-06;7.509433814971444e-05;9.07894386512171e-05;0.00012396967299384525;6.957379187671976e-05;9.130477495860474e-05;1.0371980758796633e-05;1.424697888196795e-06;1.921048287844216e-05;1.2338417761952848e-05;2.7027128579445903e-06;7.332545979020942e-06;1.1456454064410779e-06
01:40:52;382;5.168847181380443e-06;5.902829660136618e-06;6.545621760702584e-05;4.251565331388334e-06;4.945101829437445e-06;7.0727112745058465e-06;7.898856482184287e-06;6.040247899751318e-06;3.4616773459041705e-06;3.2951031685839056e-06;5.1095647157369095e-06;6.481802204144122e-06;3.9108971636119865e-06;6.29764054464617e-06;3.2609964225504098e-06;4.635460999440822e-06;5.607598734657793e-06;8.190091999564128e-06;9.098885221888689e-06;7.041072790401168e-06;3.884232664341088e-06;3.678891233258709e-06;5.949862745321205e-06;7.4775790622718695e-06;4.380327559777504e-06;7.099824553641824e-06;3.7901264920348485e-06;9.582932173445756e-05;0.00010784890656741566;0.00031372456308063624;0.00012179660453835022;8.994593517422873e-05;9.042224198149314e-06;7.326964469117941e-07;1.9311248216556415e-05;1.593017837856686e-05;2.1532890210084696e-06;7.757777415398104e-06;1.4018665126306598e-06
01:41:08;383;5.7358446906877445e-06;6.4605700215538435e-06;5.0545163133476784e-05;6.5981999781492755e-06;5.734409753508564e-06;6.313025322542258e-06;7.3985729575166594e-06;5.262323515124607e-06;5.5959977274255834e-06;3.420625636316934e-06;5.598220008289962e-06;6.222922299963846e-06;3.2897601473665232e-06;6.685497177436807e-06;6.71057986843173e-06;7.01096544766694e-06;6.470327109495941e-06;7.3186823567683155e-06;8.670830700080106e-06;6.274745304882011e-06;6.101843681893955e-06;3.711534186780377e-06;6.490900196246302e-06;7.052035194831234e-06;3.7063107557986756e-06;7.343223163083673e-06;7.375440458694172e-06;8.283195369165723e-05;0.00012489312168016537;0.00017430185520932092;8.058408919127322e-05;7.91194301849273e-05;1.0814601174577372e-05;6.64463781407078e-07;2.1701562368197624e-05;1.8880978540806614e-05;2.879490447510606e-06;7.859894067183405e-06;2.0105172646947563e-06
01:41:23;384;5.59306410058918e-06;6.2822287942207705e-06;4.9416392975703217e-05;5.088719840335381e-06;5.061993858907437e-06;5.844450989672174e-06;1.3540810268285565e-05;4.155672639621406e-06;3.831141784745156e-06;2.5150871262011068e-06;6.4778799077978215e-06;6.704352702255082e-06;5.095747427413306e-06;4.656848413795635e-06;4.144062641809786e-06;5.67718782090369e-06;5.745845291003897e-06;7.045751000895265e-06;1.4371277814726582e-05;5.243332964974924e-06;4.107169815994629e-06;2.9171608304428053e-06;7.506565763626124e-06;7.511085244269579e-06;5.433213803521136e-06;5.158240997567375e-06;4.669912350782166e-06;0.0001141641099483799;9.231981020346962e-05;0.00017081611118774763;7.219367814276863e-05;7.932719455792776e-05;8.474461638093714e-06;6.431192626132034e-07;2.0151575588931312e-05;2.3212908395853222e-05;2.3146791423654515e-06;7.584555869916738e-06;1.7945117703714045e-06
01:41:39;385;6.019765502881827e-06;6.712276542743836e-06;8.074476535554897e-05;4.822905230254677e-06;7.812684156182183e-06;6.480945696874972e-06;7.442251747394576e-06;4.5075923280018575e-06;4.66134766567579e-06;5.465568853098417e-06;5.3826150925508705e-06;8.48360223250986e-06;6.333360798875405e-06;4.3329113539931026e-06;6.5113989784683986e-06;5.256014645378336e-06;8.281998073966228e-06;7.5526299664074304e-06;8.8404675565632e-06;5.565853765387423e-06;4.981855549367883e-06;5.814894128762498e-06;6.354978498315683e-06;9.223532236353981e-06;6.70542227119687e-06;5.057735092399341e-06;6.911935358828809e-06;0.00010278456132746317;0.00011023491660927538;0.00044473342343859864;0.00016386492718836092;7.907801220171423e-05;8.599782979911427e-06;8.048076785406192e-07;2.8477717318615875e-05;1.8466232863275363e-05;2.4974317778339446e-06;7.966993876065157e-06;1.4283770069329648e-06
01:41:55;386;5.226280182442493e-06;5.974819987962211e-06;7.84814109254204e-05;3.813157527590957e-06;4.678757158351552e-06;8.422067858630685e-06;6.877628779539629e-06;4.588044362208166e-06;3.215236253885998e-06;2.3271882145792233e-06;6.25536670026153e-06;7.642717544730328e-06;3.1115747066611346e-06;5.946416607762537e-06;5.837204398062568e-06;4.236690439846583e-06;5.307918661833067e-06;9.549462620155662e-06;8.212844396796214e-06;5.678566919955244e-06;3.5726858111703697e-06;2.6222706359292233e-06;7.384204671993009e-06;8.25454550021611e-06;3.5769407756411457e-06;6.606710352962527e-06;6.6949976832192185e-06;8.480809663189246e-05;0.00013204982136454525;0.00036127579323627326;0.00020774964589162143;8.532110429853406e-05;1.019418828224689e-05;7.4294711546206e-07;3.030825067875919e-05;1.7322026486457956e-05;2.3950879423351576e-06;8.310260735077753e-06;1.299708441839539e-06
01:42:11;387;5.155933907536275e-06;5.866362111583275e-06;4.0654932174618e-05;4.344703429834143e-06;6.813837232949089e-06;6.037780794281906e-06;9.235282455222205e-06;4.86209525053415e-06;3.939836128291125e-06;2.9772029454281066e-06;5.530311737283517e-06;5.6552122952201565e-06;4.768218286957645e-06;4.3340804848862096e-06;3.3726440807800952e-06;4.933802368018233e-06;7.704186643848839e-06;6.978238345738324e-06;9.774153372573097e-06;5.803256847604091e-06;4.281519347352537e-06;3.4039022492362177e-06;6.559923349414021e-06;6.642604240610874e-06;5.2408938958988185e-06;5.122271253455864e-06;3.951591849462476e-06;8.07478062846364e-05;9.112304153506337e-05;9.69017072945129e-05;7.079560893039435e-05;7.840455242887233e-05;1.1543688041384358e-05;1.0984107033953557e-06;2.4834228257871012e-05;2.049328473390858e-05;1.9891360105157792e-06;8.105966208563161e-06;1.8217556662983078e-06
01:42:27;388;5.892174876655852e-06;6.5201481240503105e-06;5.5463281197200217e-05;4.883387738307089e-06;5.636222529016198e-06;6.04388832767003e-06;1.0491070338115481e-05;5.225513414783026e-06;4.053564770794599e-06;3.6667753160266803e-06;5.7439254354883156e-06;4.840274244925653e-06;1.0323087110464257e-05;4.702271658113039e-06;5.096115982377631e-06;5.381384892332997e-06;6.263475767544934e-06;7.0572460871620865e-06;1.1328740865907623e-05;6.288023055449115e-06;4.334315257196229e-06;3.74384055386962e-06;6.696723653764325e-06;5.819953195919258e-06;1.073937203762375e-05;5.195058448303895e-06;5.3936420948658345e-06;0.00011085410130644777;0.0001261547880521802;0.00018082610160204438;8.761903377793985e-05;9.56964561489849e-05;9.702217311163745e-06;1.594384946780997e-06;2.3743948089009884e-05;1.7172436824351557e-05;2.926383264402505e-06;7.476214986064824e-06;1.79330805703217e-06
01:42:43;389;5.599231050852764e-06;6.226102909116705e-06;5.919484047979397e-05;5.186756307360631e-06;7.198532348953987e-06;7.5035067387768155e-06;6.3353309546311145e-06;4.644541235811837e-06;3.19719594395322e-06;2.7344981999148517e-06;5.6007567085135754e-06;8.84497154952545e-06;3.411294494720158e-06;7.409658220971303e-06;5.123727836191123e-06;5.614689293503909e-06;7.650158427686275e-06;8.632574515069813e-06;7.3803306159915555e-06;5.5699511973170384e-06;3.539835112941189e-06;3.080003136945586e-06;6.425262734962958e-06;9.671711147428694e-06;3.7765145251900253e-06;8.021235161426307e-06;5.35096680461628e-06;9.114015557230411e-05;0.00011138171812315909;0.00023791414798026594;0.00010586090989945703;9.920152684549797e-05;1.2995329671273746e-05;8.560055178337528e-07;1.882552572998098e-05;1.8979430822073375e-05;3.0097579897184876e-06;8.263005768846215e-06;1.9105718371169225e-06
01:42:58;390;5.699103483762387e-06;6.470837767745804e-06;5.874777754803958e-05;3.5516438565898833e-06;5.819310222224513e-06;5.537605879301179e-06;7.884828430090609e-06;7.981984436159193e-06;8.772221426508766e-06;2.5574804745076563e-06;5.5693650780467996e-06;5.865901857501657e-06;4.507236641450938e-06;6.229120164972941e-06;4.112541508954399e-06;3.925382570799494e-06;6.536469426683203e-06;6.676080875543368e-06;9.22759871380411e-06;9.088258236802119e-06;9.02082687205137e-06;3.0273368344141193e-06;6.599507241268919e-06;6.806114096077722e-06;4.926648602168491e-06;7.050776972230583e-06;4.765051342105778e-06;9.224484258801715e-05;0.00012353810207910298;0.00020389807330500908;0.00011539081846559508;8.9972601015034e-05;1.5774325219177596e-05;1.1759516090320377e-06;2.638740532806626e-05;2.4635604900160388e-05;2.3795834963487056e-06;8.144015639716954e-06;1.4320069312147807e-06
01:43:14;391;5.40219122639614e-06;6.137636958129993e-06;0.0001017232682983599;4.249458781463938e-06;8.434432069619065e-06;6.619567764558227e-06;6.866503853912449e-06;3.9036820379837165e-06;5.1985389426725055e-06;2.7900113614774047e-06;8.955313232144652e-06;5.472740690363893e-06;4.1628806331769654e-06;4.5778844485704955e-06;3.5952790541865003e-06;4.70039140342538e-06;9.248108337395692e-06;7.627936473091964e-06;8.271283126926886e-06;4.789663460288938e-06;5.37436032365942e-06;3.1135936976020677e-06;1.0185605362171891e-05;6.29877637107665e-06;4.576169787837955e-06;5.393288134494273e-06;4.072465298456417e-06;6.925343741546548e-05;0.000129967263240386;0.0005184568081350145;0.00034161063041138185;9.156122716573906e-05;9.089893218789064e-06;8.477206602942105e-07;3.187462079588548e-05;1.5328060691216958e-05;2.5816889129617837e-06;8.680510995040784e-06;1.4273579381436638e-06
01:43:30;392;4.615909456359449e-06;5.392034439220096e-06;5.405615749655957e-05;4.30711658016104e-06;5.752394358828703e-06;5.572480975566598e-06;6.079537291854691e-06;6.098384668847117e-06;3.2325087563446107e-06;3.083740274043769e-06;5.894458302629408e-06;4.9959725307050204e-06;3.6853904829699373e-06;3.8142887746062115e-06;2.874638679337884e-06;4.793086524922371e-06;6.652323768724307e-06;6.7593495708634585e-06;7.28917354501414e-06;7.168637843785257e-06;3.6049100747766694e-06;3.4568596778557595e-06;6.834788558690785e-06;6.053280866915055e-06;4.08067270240557e-06;4.529971437466285e-06;3.481356701786929e-06;7.817373273065642e-05;0.00010566786386964512;0.00016833522903902305;0.00013834258312243563;8.574956792725231e-05;1.488649019940243e-05;7.501914632453548e-07;3.292480092150301e-05;1.2083841804963731e-05;2.3275293825811724e-06;8.162037712105383e-06;1.2700217859011338e-06
01:43:46;393;5.4998556884491086e-06;6.266729277613885e-06;5.804162475230526e-05;3.632732197641789e-06;1.3457547457821049e-05;6.215508988948283e-06;6.658923872748801e-06;4.261739718943018e-06;3.2175053582247672e-06;5.312076387169058e-06;7.201194523919309e-06;5.295539731003435e-06;3.3852963101049287e-06;4.470541769178866e-06;2.889660143329758e-06;4.249455373552982e-06;1.4536444700464511e-05;7.1829895838348e-06;7.801358410515719e-06;5.2995552334921945e-06;3.4727328816591614e-06;5.9002774769742015e-06;8.251153228885886e-06;6.160058258996564e-06;3.89721066301119e-06;5.1195562736199775e-06;3.3299565696819905e-06;7.923340304751425e-05;0.00014122498210356496;0.00020502581884219152;0.00010977337222248877;9.115361003325462e-05;1.2408816585374074e-05;9.717416361183015e-07;2.6867624329564913e-05;1.7253086776939227e-05;2.1628445701183724e-06;8.952476115548281e-06;1.4717207649858805e-06
01:44:02;394;5.010765247251666e-06;5.7067511965836766e-06;4.9097572666792385e-05;3.53976276589275e-06;8.420227284230721e-06;6.757118478488295e-06;7.82705997631245e-06;4.2763826987817826e-06;4.605878588909656e-06;3.458164784187933e-06;5.648955991785246e-06;5.378697188327599e-06;3.099083189184171e-06;3.993261586611073e-06;3.124588670708952e-06;4.009497126412786e-06;9.20765784675369e-06;7.887722271725924e-06;9.011171975624719e-06;5.046999949396955e-06;4.948767415458584e-06;3.6988633382861735e-06;6.5473141033560494e-06;6.408577709281198e-06;3.543798365620815e-06;4.497599245698001e-06;3.673043344941659e-06;8.969386927245648e-05;0.00011198688530604921;0.00017074645746102451;6.798693600591966e-05;8.505281131783816e-05;1.0312072749327957e-05;1.0548461670546998e-06;2.0434692602733508e-05;1.952373053931056e-05;2.2493161548544036e-06;8.413964129251045e-06;1.7152902956884141e-06
01:44:18;395;5.975941715777563e-06;6.737381065963573e-06;6.526006584288909e-05;6.683686509296132e-06;7.86952689421386e-06;6.84464927564415e-06;6.773694817819763e-06;6.680925731346448e-06;4.739899147600888e-06;4.619780328467145e-06;5.629572262093192e-06;7.970087689621799e-06;5.404654106397092e-06;4.456667692987924e-06;4.0381544269249305e-06;7.0745292380050595e-06;8.446085780921254e-06;8.062707688104983e-06;8.044168668986252e-06;7.698098267575937e-06;5.173003286691261e-06;5.0041663696533705e-06;6.846518490304714e-06;8.764376248051765e-06;6.0098507852856105e-06;5.150282671406152e-06;4.574783030035132e-06;0.00010539453109614439;0.00013339878055405093;0.00027113151221259236;0.00012052466592979559;8.96413632124471e-05;1.5448152734954884e-05;4.911482205202431e-07;1.8370962899922318e-05;1.6152073325547867e-05;2.8825818117315374e-06;7.691190862584695e-06;1.993827254377383e-06
01:44:33;396;5.0940195279736145e-06;5.887249451778281e-06;8.189992948176415e-05;3.537433601960319e-06;5.968714096708667e-06;1.0877811774889778e-05;6.474773206315893e-06;4.428648867102228e-06;3.15947918187605e-06;2.4983581375824895e-06;5.984284101468905e-06;5.218119709256412e-06;3.2328724899535e-06;5.6763242804307046e-06;4.0714131550601e-06;3.899479386032171e-06;6.742594537114845e-06;1.2079120753259292e-05;7.79673521293849e-06;5.42351582410021e-06;3.5306788239596026e-06;2.949279477537788e-06;6.9970871111222606e-06;6.228826845748515e-06;3.7593753968624846e-06;6.546378912550804e-06;4.693919462152746e-06;0.00010052363911164514;0.00012928356727876192;0.00041108741677366726;0.00019061034094988353;8.895623372850021e-05;1.1267465149147553e-05;1.4480434066839046e-06;1.829710133166904e-05;1.933999209360746e-05;1.7723932042062731e-06;7.817799467338652e-06;2.3951612860590813e-06
01:44:49;397;4.674783096060185e-06;5.428690840318855e-06;5.487421187965754e-05;3.7864506185834235e-06;5.813106917687802e-06;5.820289706677655e-06;7.275806258245542e-06;4.620081063419238e-06;3.5963870976212835e-06;2.383746411573704e-06;4.885507380627339e-06;6.219553667883495e-06;3.3931924190837166e-06;5.243213825940012e-06;3.0600600227485715e-06;4.252116485974822e-06;6.4956281065964435e-06;7.005916779258147e-06;8.644498491407773e-06;5.514553285011752e-06;3.9276340882529845e-06;2.864325128766838e-06;5.720183339632703e-06;7.023182390668486e-06;3.8117200462313373e-06;6.121707192966214e-06;3.762823026487309e-06;7.171769831658495e-05;0.00012358566165747195;0.00019056760481270257;0.00012117488041045152;9.087626957421674e-05;1.2939302459936392e-05;8.409454172491293e-07;2.2320734073540892e-05;1.3936180794832222e-05;2.00320205538653e-06;6.967750498529943e-06;1.560312484987789e-06
01:45:05;398;5.3746473401939845e-06;6.097757215707421e-06;6.576349883848278e-05;5.4412473767099945e-06;6.219926486911669e-06;6.505060050055921e-06;6.325087201795234e-06;6.227853390328164e-06;4.596761505094481e-06;3.1940387840863464e-06;5.957259466656111e-06;6.01781964671876e-06;4.463399281365551e-06;5.843449121427242e-06;3.7038637708390483e-06;5.962876031522292e-06;6.803207310716786e-06;7.4729758966032595e-06;7.583975183237433e-06;7.42477354373178e-06;4.974865711303693e-06;3.4851007475354673e-06;6.780547422910981e-06;6.834040407197847e-06;4.883084749986043e-06;6.746768026977971e-06;4.220869940685519e-06;7.78874707967664e-05;0.00014722906612359311;0.00028177139426873923;0.00013189746910719367;8.326115299322074e-05;1.1886821340062507e-05;1.4637587340912605e-06;2.2760300565456654e-05;1.9989175322017905e-05;2.2851550180109723e-06;7.06655643405592e-06;1.663665358584751e-06
01:45:21;399;4.9055003692253445e-06;5.601049423016257e-06;5.858330840676917e-05;5.1938593427730044e-06;5.7114953435834854e-06;5.696237851990108e-06;6.255876102882625e-06;5.297058760592418e-06;3.836170934690131e-06;2.895320750181699e-06;4.614383437290764e-06;5.7687170024290815e-06;4.8908507537248624e-06;5.416464512625845e-06;3.2895676892766543e-06;5.704490293490242e-06;6.222267990168906e-06;6.752267986082154e-06;7.522357901518861e-06;6.300534306331118e-06;4.2062773917666475e-06;3.3675510829060025e-06;5.436979422426438e-06;6.5676790338237636e-06;5.358160032750375e-06;5.9347142936692045e-06;3.839311680570097e-06;0.00010325613353354342;0.00011866892506523139;0.0002439338448520898;9.496640301926181e-05;8.3301371773539e-05;8.627171611414877e-06;6.883610193559569e-07;1.7855941046611852e-05;2.064087424080189e-05;1.5709860789983278e-06;8.433091830891916e-06;1.056596809489677e-06
01:45:37;400;5.943642040439169e-06;6.641832850952677e-06;4.860199113241532e-05;3.7995185741899396e-06;5.977773337339055e-06;6.291368614277169e-06;9.140660703172381e-06;4.326856918171726e-06;3.4577124636634626e-06;3.461857331546722e-06;7.220710916300277e-06;5.2674833306489495e-06;7.2388020361751675e-06;7.63621014825007e-06;7.504748491013205e-06;4.137033070210121e-06;6.517399066944586e-06;7.308000453743757e-06;9.866849256779253e-06;5.323704677905454e-06;3.755270015488672e-06;3.763812916491312e-06;8.52648063416002e-06;6.199525574353359e-06;7.547003924282993e-06;8.719028433524382e-06;8.037885047801692e-06;8.274893436160525e-05;0.0001586089777725503;0.00013654782076445306;6.389767204890157e-05;7.455020153762593e-05;1.309625718051608e-05;6.629992029479054e-07;2.3732471032080523e-05;1.7204548108145066e-05;3.2254307321613726e-06;7.461332877786605e-06;1.4872479702103054e-06
01:45:53;401;5.223604845318939e-06;5.9456354542414336e-06;5.886842069539723e-05;4.863915369539158e-06;5.240658391934196e-06;6.260821168007686e-06;6.438514696908855e-06;7.10237065055191e-06;7.167969485522008e-06;3.937310699536118e-06;5.231289370173768e-06;5.226535377418755e-06;3.4180050376293862e-06;4.293983729556058e-06;3.50188223857179e-06;5.22936067993007e-06;5.808628536295698e-06;7.397761104976216e-06;7.684986134267138e-06;8.410404668982757e-06;7.483047836644743e-06;4.356808203795746e-06;6.166923959668404e-06;6.100772426651918e-06;3.7718690449926013e-06;4.956388281669528e-06;3.980673475009006e-06;9.812795096589188e-05;0.00013154650841506083;0.0002124623064946545;0.00010764623060228654;9.125235728685624e-05;1.2145018282504228e-05;7.550785117932673e-07;2.3900502232823497e-05;1.636522734921465e-05;2.2841274913880272e-06;7.831311106159431e-06;2.1044296061338034e-06
01:46:09;402;4.859411482982523e-06;5.625992844791573e-06;5.4249093762728384e-05;3.5227177372315115e-06;7.451483997106772e-06;6.064282054296655e-06;7.115033776534057e-06;5.757508655209036e-06;3.4467930538023044e-06;2.7586973617003836e-06;5.108946129181194e-06;5.20566165688892e-06;3.1957076839329477e-06;5.393402575296332e-06;3.2927011155627706e-06;4.103642966790947e-06;8.134264296327447e-06;7.101472771024373e-06;8.230151016056269e-06;6.848414401086106e-06;3.874151636547957e-06;3.2144688576190213e-06;6.104417387845549e-06;6.123772419425821e-06;3.7272879920617673e-06;6.26943815002016e-06;3.7804300927170597e-06;8.357740633335466e-05;0.0001630534920319189;0.00015448629390374337;8.559321470213128e-05;9.405475756315711e-05;1.8169836861917124e-05;7.359257982689259e-07;2.2770173921300458e-05;1.6505182990290562e-05;2.612742533785675e-06;7.757564161696665e-06;1.6725343511756571e-06
01:46:24;403;5.927795097126033e-06;6.679531296971549e-06;5.201940116190718e-05;5.323887775238683e-06;9.933027585098195e-06;6.246792338515661e-06;6.544898264076499e-06;4.968728841864783e-06;3.931810668075545e-06;4.699793751102148e-06;6.436583359071722e-06;7.543772328427229e-06;3.960571167512099e-06;4.601716366827511e-06;6.941956683109202e-06;6.0433129345002745e-06;1.0659437480804811e-05;7.423128616072155e-06;7.941507733391252e-06;6.1481421774179935e-06;4.282809163381484e-06;4.8377635122753554e-06;7.1793702036187295e-06;8.173714895401875e-06;4.492860450192916e-06;5.30973690004004e-06;7.662589798454502e-06;8.232013081375766e-05;8.424004448901659e-05;0.00019216293421313424;0.00012904532755654905;7.97823733171709e-05;1.1385354207995486e-05;1.0096113323704512e-06;1.8995591148613232e-05;1.395223084919782e-05;2.2271821740131006e-06;7.2800151707560925e-06;1.8320186703116778e-06
01:46:40;404;5.239499027450992e-06;5.892012941791408e-06;7.724238400308254e-05;3.824851566621006e-06;4.505327936822244e-06;8.989281710114483e-06;6.356832871484192e-06;4.01599533329421e-06;3.9637629847468565e-06;2.5239545343422067e-06;6.260116518577971e-06;1.0417811456810775e-05;2.8828318051924127e-06;4.607831176496223e-06;4.525388617857764e-06;4.097885899866498e-06;5.149503386988565e-06;9.897007796006377e-06;7.4149680367094035e-06;4.853885462879692e-06;4.250678141690077e-06;2.95899898694326e-06;6.958033529510338e-06;1.1265349948638387e-05;3.3652796918420193e-06;5.296007507643515e-06;5.196555334114697e-06;9.711475467313439e-05;0.00012552062646314525;0.00042920694257084273;0.00014658395770049997;7.491383433263281e-05;8.321937629983552e-06;1.181120887772224e-06;1.9430851207348373e-05;1.425617913257687e-05;1.8856172167705691e-06;7.001900157394643e-06;1.4908860648890378e-06
01:46:56;405;4.7996535818904045e-06;5.5810863021271205e-06;5.833057065517903e-05;4.2888469167223775e-06;5.487810560564102e-06;5.384690812348936e-06;5.69068770546592e-06;5.7785399510250235e-06;3.2277791037154717e-06;2.5436948557197328e-06;5.864780919492577e-06;5.393454270510099e-06;3.4212967721910816e-06;7.533263886472241e-06;2.980995569824462e-06;4.786008776712071e-06;6.346031580195111e-06;6.4504617650435405e-06;7.0231927404879395e-06;6.594487213308789e-06;3.644456152086823e-06;2.9569782480140494e-06;6.8149186034456245e-06;6.278664415408975e-06;4.02020461904935e-06;8.473627703891378e-06;3.5840023285138295e-06;8.219577518048672e-05;9.296095318087627e-05;0.0002317629067481525;0.00014147459396025223;9.414653330346708e-05;1.2178469988148252e-05;8.147277087643797e-07;1.8432006167276294e-05;1.4770080678510299e-05;2.264647149666444e-06;7.63285103979201e-06;1.3333027567557849e-06
01:47:12;406;4.913123398544237e-06;5.678828851551206e-06;6.518846539869837e-05;3.4655685652105395e-06;6.789845968378152e-06;6.718221209728819e-06;6.333142283730033e-06;4.101497437277017e-06;3.4280626138961554e-06;4.3083103974081185e-06;5.818809983666866e-06;5.245355554512281e-06;3.7636277628972823e-06;5.0024654124120555e-06;3.9825717036928214e-06;3.932928189275531e-06;7.379132863275981e-06;7.98104448694164e-06;7.685363119821023e-06;5.208294313186205e-06;3.868340719478349e-06;4.450154637186044e-06;6.89361940192013e-06;6.050059618004686e-06;4.118236879951871e-06;5.680812341491714e-06;4.897957644890441e-06;8.4725444051854e-05;0.00012780741967621128;0.00029389582367313563;0.00011958481607126475;8.640750061517258e-05;1.047352468438531e-05;8.975725601709648e-07;1.666746557045599e-05;2.879297594024843e-05;2.324460548073763e-06;9.081375843447126e-06;1.6032055499604814e-06
01:47:28;407;5.468489657222232e-06;6.2004870196227486e-06;7.27462592751126e-05;3.8340609513909385e-06;9.246502199547733e-06;5.770861781813479e-06;6.438337045076216e-06;4.118519211650871e-06;3.488314185385765e-06;2.9857796211209897e-06;6.702903663063415e-06;8.240337397002019e-06;6.562362922321344e-06;3.7561675922342435e-06;4.4777273683652394e-06;4.3090955260376625e-06;1.004047120244926e-05;6.798706883411704e-06;7.77325204822612e-06;4.9598365473650145e-06;3.8088732270796156e-06;3.2939965565881584e-06;7.988209336538522e-06;8.811378001719507e-06;6.9010308454633995e-06;4.5139235214575615e-06;5.207069051134049e-06;9.44239371458154e-05;0.00013390760589363255;0.0003001765459983922;0.00017116433303689222;9.121103391558133e-05;1.3007636188203452e-05;6.644728222225008e-07;3.409374186238047e-05;2.123920643527708e-05;3.7772987807981757e-06;7.683217429351544e-06;1.6060817928040742e-06
01:47:44;408;5.119774651260204e-06;5.764092448667794e-06;5.1601488831696986e-05;4.939049815597875e-06;6.314092931735228e-06;5.619817283207919e-06;6.851175903286523e-06;4.977678850114454e-06;3.888644113461933e-06;4.784448558871966e-06;4.863168653395695e-06;5.2474278304388955e-06;6.418304701130947e-06;4.408027246812067e-06;3.125458123097825e-06;5.498137153165461e-06;6.845677800604019e-06;6.6899276733445595e-06;7.692876081393156e-06;6.150051690325844e-06;4.167142237690049e-06;4.835438426486194e-06;5.714615706639524e-06;5.953452575593911e-06;7.03612837426164e-06;4.923164595633743e-06;3.662494852701629e-06;7.6450320673576e-05;0.00012571220843124483;0.00018648834791494553;8.240608138288492e-05;8.498764701472507e-05;9.951790852629554e-06;8.641967837432812e-07;2.0060016269350106e-05;1.8581459692581002e-05;3.4724949602553403e-06;7.948653809429564e-06;2.294648194998446e-06
01:48:00;409;4.630947090850606e-06;5.3320732782779064e-06;7.457044618352509e-05;3.304024120318807e-06;5.512301232034712e-06;6.197763476737092e-06;7.4559204618780806e-06;4.546109425069227e-06;3.589159907138847e-06;2.918147616316379e-06;4.930010449816729e-06;5.3412078948802195e-06;5.023133611039364e-06;3.7276654296647393e-06;3.0259196992106623e-06;3.801311814767578e-06;6.078934745081698e-06;7.285027400433171e-06;8.727036471054241e-06;5.571383942165257e-06;3.961965030842443e-06;3.381577298684153e-06;5.770140104905755e-06;6.138032916434112e-06;5.363044980600258e-06;4.318348851772003e-06;3.5880744730369586e-06;7.808854854599155e-05;0.0001368158913394968;0.00034343362763141166;0.000186038130435103;9.439815511873868e-05;9.241838092084542e-06;1.1547717766542347e-06;2.115265995101866e-05;1.3051454919685063e-05;2.3075153003342946e-06;7.748436047603487e-06;1.4143250441789581e-06
01:48:15;410;5.686885475985161e-06;6.3942859095375385e-06;5.541144638621272e-05;3.4797273104978577e-06;5.609646185304613e-06;7.39391105755968e-06;8.740288139625301e-06;5.369512580182862e-06;4.195073910554211e-06;2.517944906960617e-06;8.98724175936071e-06;1.0438017830758575e-05;3.411624722201881e-06;4.802732454320139e-06;3.2969030153202023e-06;4.019107788586046e-06;6.223182158982691e-06;8.366687538161582e-06;9.422366158013332e-06;6.372392714252737e-06;4.442492414869499e-06;2.7897635140728693e-06;1.017729525727513e-05;1.1633546876774872e-05;3.899911076541109e-06;5.478580475672844e-06;3.9061028963237446e-06;9.184842887382769e-05;0.0001307600948702227;0.00015811833796759622;0.00010278175028437547;0.0001084957233876706;1.5527292671278613e-05;7.246782243311081e-07;2.50610734852872e-05;1.926030279585078e-05;2.712067974522624e-06;7.852909438991224e-06;1.794696660598245e-06
01:48:31;411;4.573317647330296e-06;5.290990470078939e-06;5.883763126514604e-05;3.3590112277114383e-06;5.980046058663323e-06;5.827241488211919e-06;5.754376438783414e-06;3.7419834707205526e-06;4.922678160697429e-06;2.2913365199560656e-06;6.438530664741972e-06;5.372005819737069e-06;3.861989839845395e-06;4.5513689825456405e-06;2.7792414023508627e-06;3.8113392125938567e-06;6.697579911366419e-06;7.06969536000957e-06;6.872059893333854e-06;4.648842271227652e-06;5.168221530513182e-06;2.676546073474393e-06;7.459179702396519e-06;6.431231466632209e-06;4.295594719016801e-06;5.171691408220427e-06;3.1899023638346344e-06;9.615062852308286e-05;0.00013583670411830047;0.00023253102643983807;9.762541881487303e-05;9.103682679497805e-05;1.085002263984596e-05;1.203714650673735e-06;1.755397320897772e-05;1.2425595152232856e-05;2.3739444046135106e-06;6.878742993970013e-06;1.58497744036628e-06
01:48:47;412;4.710040831861823e-06;5.447018447969789e-06;6.634478430256637e-05;3.4370747608844257e-06;4.95681488162218e-06;6.213413706616806e-06;5.8776080132231945e-06;4.335707741437938e-06;3.7756628240065932e-06;6.54853425982341e-06;4.323265306799778e-06;5.5347637419474305e-06;3.112449408184468e-06;4.730568433137188e-06;3.674625038999321e-06;3.9359780646320155e-06;5.611257004406807e-06;7.216351956300013e-06;7.118019565024053e-06;5.065201019280284e-06;4.1808414728540256e-06;7.150755019337558e-06;5.264060567967561e-06;6.534951871454044e-06;3.604737193073342e-06;5.4956767800394105e-06;4.186389344484476e-06;7.465830046675436e-05;0.0001471831388751212;0.00026034972941355435;0.00015203676083777175;9.48743831113218e-05;1.3309136468526848e-05;1.3867343031227954e-06;2.6698838420853517e-05;1.2440282357299564e-05;2.68759825716872e-06;9.251469567789525e-06;1.2610395515120876e-06
01:49:03;413;5.026238266158213e-06;5.728449311011244e-06;5.646462341198626e-05;3.3331834075056577e-06;4.7681900661380246e-06;5.979693762531662e-06;5.702069166088367e-06;5.438039132857594e-06;3.3278953509675477e-06;4.149477484040951e-06;6.0809564769473665e-06;5.943004208833455e-06;6.190992282222913e-06;4.2995528963403595e-06;5.101803127677778e-06;3.871210419905005e-06;5.404036168720613e-06;7.148495563952462e-06;7.063785993016643e-06;6.3350724913912995e-06;3.669501834453133e-06;4.33919679444098e-06;7.097866469111862e-06;6.69059420056616e-06;6.561060114177916e-06;4.983077205100857e-06;5.577492767678208e-06;7.668283488426999e-05;0.00012349448460472243;0.00020906067526093057;0.00012014484245418888;7.601332224501815e-05;8.9123174419491e-06;1.0584333820112216e-06;3.360214933529139e-05;1.582998576225372e-05;2.1874054694848944e-06;8.85133160306903e-06;1.737698500645755e-06
01:49:19;414;5.061664123476558e-06;5.799719572310039e-06;8.446073841200597e-05;4.842057942317462e-06;6.015244012305939e-06;7.52796713531335e-06;7.430642783907098e-06;4.8985203055064055e-06;3.3564494857009985e-06;2.6240906611266466e-06;4.905724428541899e-06;6.673813132351825e-06;4.800637942604556e-06;4.790708078158704e-06;2.8741117529565683e-06;5.427327211311675e-06;6.895499667090134e-06;8.313366016651183e-06;8.719105038305972e-06;6.054316056087131e-06;3.718002003667227e-06;2.9036061775940063e-06;5.837193534313849e-06;7.503117644716175e-06;5.259840198833226e-06;5.480074677610832e-06;3.4851848556483465e-06;8.137814726471487e-05;0.0001054333247142237;0.0004685767410862787;0.00022437629894868737;6.596967789917313e-05;8.09490162509457e-06;8.488287925126217e-07;2.2862543939236984e-05;2.329829936888694e-05;1.5271716039021273e-06;8.709281131553357e-06;2.453644569807119e-06
01:49:35;415;5.130615541950399e-06;5.871977550611254e-06;6.974168373129114e-05;4.562025992204223e-06;4.973573835927296e-06;6.0356708011320075e-06;6.048707962300816e-06;4.54178708960998e-06;5.556318934648888e-06;5.002676350103612e-06;4.859366200093973e-06;5.876615747075158e-06;4.701239984941904e-06;5.145389897426805e-06;4.2640118871743615e-06;4.996653957807465e-06;5.624242291986187e-06;7.193457338273012e-06;7.319366328443675e-06;5.6273773374920854e-06;5.797463256984182e-06;5.487110344422289e-06;5.646501420737359e-06;6.797085173770305e-06;4.990532785040493e-06;6.089039478739105e-06;4.894899477590173e-06;9.147522573800193e-05;0.00010124968317775912;0.00032865848610845195;0.00016400540378272508;8.741971109267245e-05;1.073280403014385e-05;1.0004741924997716e-06;1.8060490167857143e-05;2.2790631445839895e-05;1.7946456584561414e-06;7.797041730971499e-06;1.915607650114724e-06
01:49:51;416;5.214987226054291e-06;5.947356517544559e-06;6.157660826801851e-05;3.855732926312654e-06;4.929886231443768e-06;5.433007864041883e-06;7.978423229233881e-06;4.366594565203224e-06;3.42347494062458e-06;3.0125592512707624e-06;4.842981139189946e-06;6.197046549451877e-06;6.1098818920609945e-06;7.07918105711449e-06;5.351075266123541e-06;4.498107089119325e-06;5.710705149967792e-06;6.614585057417848e-06;9.099778172996963e-06;5.4193591454983295e-06;3.6160973402591574e-06;3.4514257823168837e-06;5.736127754568736e-06;6.861706965479888e-06;6.40018669965005e-06;8.050226985883629e-06;5.909969694343251e-06;8.425836585831667e-05;0.00011448276474007161;0.0002563353558607157;0.00012973420694728104;9.28799307372956e-05;1.061414535370528e-05;4.86111281236537e-07;2.1482824283067148e-05;1.7159811839881297e-05;2.3543321850022377e-06;8.007696758636049e-06;1.1237533710129963e-06
01:50:06;417;4.6983814301752735e-06;5.405092866291127e-06;7.462013183727138e-05;4.209042929465506e-06;5.315050928671057e-06;5.4415677055239735e-06;5.9083790227212125e-06;3.96857376310839e-06;4.204452833727663e-06;3.895717280564461e-06;5.777201696588463e-06;5.9987123774166404e-06;3.7014765339258493e-06;4.5025178326728686e-06;3.4578823479721037e-06;4.790800950346077e-06;6.037334753871826e-06;6.599103016924346e-06;7.083240769686741e-06;4.9281954108917925e-06;4.5135674111096e-06;4.2247037932795624e-06;6.815586834530718e-06;6.631472727729234e-06;4.053345120857695e-06;5.166015542479588e-06;4.017746214576388e-06;9.723798608760863e-05;0.0001351601970104031;0.00032606277252927456;0.0001850397721413828;8.068506038100432e-05;1.5309917192894522e-05;9.43943176423383e-07;2.5747196245697613e-05;1.721894249242656e-05;3.0878951181391616e-06;7.795364008243755e-06;1.1525356637579376e-06
01:50:22;418;4.870852145379765e-06;5.570736574773497e-06;6.047304519944421e-05;3.7038592446818215e-06;5.670143805955067e-06;7.332182795623381e-06;6.608891226601475e-06;5.857143365711243e-06;3.3351616807276616e-06;2.4748474502057536e-06;4.713829942462863e-06;5.214814600988533e-06;2.8765437272552803e-06;7.828535319150246e-06;2.8342708880463814e-06;4.128830374910752e-06;6.347892527237146e-06;8.238099781010533e-06;7.747883483728091e-06;6.838739772078204e-06;3.81740170280553e-06;2.8341539443973962e-06;5.557656895459182e-06;6.085612804908342e-06;3.3186168472719697e-06;8.517665397057154e-06;3.416283865463592e-06;7.91789694969521e-05;0.00010085959062077629;0.00026467991721897805;0.00013947223121995615;7.529265484381432e-05;9.097084876680108e-06;1.5067883976993922e-06;2.4434339641687516e-05;2.075384960980971e-05;2.0968388708783517e-06;6.9235494150083645e-06;1.3807281810901478e-06
01:50:38;419;5.310768775695413e-06;5.994434225532489e-06;5.652234969960454e-05;3.835358611875057e-06;1.2165197984162743e-05;7.788797777731237e-06;6.0745555207378485e-06;5.410647748181997e-06;4.086028965521006e-06;2.4095883040783663e-06;5.329323549251409e-06;5.402522534710257e-06;3.6718677375414575e-06;4.3738341436752846e-06;3.1815005615049525e-06;4.308524230970151e-06;1.2838029738016797e-05;8.656386341234666e-06;7.271847377374291e-06;6.27571222151035e-06;4.3186988906672e-06;2.913578589845823e-06;6.027418973495008e-06;6.305182633016706e-06;4.257006056130056e-06;5.08365024594425e-06;3.6771734208235137e-06;6.805556533035132e-05;7.168340901530287e-05;0.00020479846750467098;0.0001580543820581646;0.00011009902507416008;1.3761931155176872e-05;9.775882184210124e-07;1.9551606428225588e-05;1.822181162791401e-05;2.908851319147492e-06;9.022627611733137e-06;1.1329310519865154e-06
01:50:54;420;5.104996030266565e-06;5.848391589972403e-06;5.732155514508703e-05;4.2145246633202245e-06;1.1045043807717486e-05;7.338885254817094e-06;5.835308524059325e-06;3.7848649712528144e-06;3.351128972378154e-06;2.9004326102078824e-06;6.260515540968857e-06;5.100015441880404e-06;4.513925202267253e-06;3.886444884864721e-06;3.028860750572707e-06;4.6528667133293025e-06;1.1727834641498725e-05;8.46193627613859e-06;7.036520049881847e-06;4.717339670260347e-06;3.870132346330852e-06;3.296026062355539e-06;7.179355530821294e-06;6.239482474161896e-06;4.897549791201504e-06;4.605597824374394e-06;3.4960558227621847e-06;7.712352232015685e-05;7.284562172536707e-05;0.00019836995192516334;0.00017458173993237908;9.685899520089057e-05;1.3165340903581075e-05;7.264358281897319e-07;2.6707212745474375e-05;1.5720326878934455e-05;2.1702487484379256e-06;8.270240151739385e-06;1.3190253807303082e-06
01:51:10;421;4.613820902544706e-06;5.329597593405611e-06;6.477978772827227e-05;4.388837551968808e-06;4.746741703213915e-06;5.200244247822122e-06;7.336775066913891e-06;4.196829215950195e-06;3.014124618419797e-06;2.7709696479179384e-06;5.293162185247204e-06;5.1070994764111015e-06;4.022380147264667e-06;6.176994967885011e-06;3.111690173246922e-06;4.903518784782205e-06;5.392694703592106e-06;6.257599372613093e-06;8.454224164008245e-06;5.216439362063479e-06;3.454296098667167e-06;3.1126151690864676e-06;6.1973849692031195e-06;6.194451949525075e-06;4.438297923161947e-06;6.856477906280183e-06;3.477168544882664e-06;8.025234513902057e-05;0.0001313341310911193;0.00028931208821983526;0.00012296290855790969;8.978170106543159e-05;1.0456949018871815e-05;6.928215661460687e-07;1.70477933515029e-05;2.4283921903206987e-05;2.2264583024493043e-06;7.563494294588213e-06;1.4428402291855776e-06
01:51:26;422;4.952475445014153e-06;5.638998106716619e-06;8.471000777352909e-05;3.160516128404693e-06;5.6149106261474655e-06;8.654409887237142e-06;6.5549619808858885e-06;4.522777972743535e-06;3.617402911679981e-06;2.9716356065149925e-06;6.989129679688879e-06;5.171332508718313e-06;3.762189523955199e-06;5.26267045650932e-06;3.1477662235152533e-06;3.6157264218408144e-06;6.1084112668958126e-06;9.553007329705458e-06;7.605283492840856e-06;5.528338576794662e-06;4.082664570634296e-06;3.355276201350362e-06;8.197325757775409e-06;6.019046478988596e-06;3.975707423832537e-06;5.9346954072634045e-06;3.692492699181319e-06;8.724462308595408e-05;0.00015357103706084856;0.000476088351776596;0.00014846103565348688;8.43659738618262e-05;8.475780631380103e-06;1.309411187145676e-06;2.1326087568360622e-05;2.5440837540126107e-05;1.2563600985300409e-06;7.616681850281153e-06;1.3639129678132775e-06
01:51:41;423;4.487422390362574e-06;5.158410733455167e-06;5.162577643361567e-05;3.283663485443743e-06;5.606341336707808e-06;5.687147492171686e-06;6.166063788206409e-06;4.798708467519801e-06;3.774381335798115e-06;2.691570689318145e-06;5.187879246193461e-06;4.922704743393069e-06;3.595676483185302e-06;4.582193202005349e-06;3.552736486414884e-06;3.7318161647115494e-06;6.253298421096922e-06;6.642504564596596e-06;7.302044748571404e-06;5.74669686010324e-06;4.112428035148673e-06;3.0088816154464533e-06;6.016590132391304e-06;5.861415050425928e-06;4.086667757614514e-06;5.221445456910157e-06;3.9171383841215785e-06;8.01255139897855e-05;0.00010897325276380006;0.00016913667477242212;0.00010320662807976707;9.500114575754691e-05;1.3120100294788708e-05;4.3450268573702357e-07;2.025612362716265e-05;1.8437116216191472e-05;1.619750357671514e-06;7.674045962807622e-06;1.5244626957074015e-06
01:51:57;424;4.734548711062623e-06;5.435006659342745e-06;5.2686456135182315e-05;3.3205867880006035e-06;5.460576277856304e-06;5.871154996516349e-06;6.211419643681831e-06;5.029548348225242e-06;3.5627499634927062e-06;2.993602138058226e-06;5.794274245054319e-06;5.779266795064524e-06;3.651848692695384e-06;5.979709178079289e-06;3.159845667707631e-06;3.857300253923912e-06;6.056988401919798e-06;6.794528336642911e-06;7.292390249329147e-06;5.95300665264415e-06;3.949829513520036e-06;3.2706810411064344e-06;6.828175881747495e-06;6.622626412386529e-06;4.0643539325427336e-06;6.7631405865448626e-06;3.76705666820018e-06;6.686380185796382e-05;0.00011674487585936806;0.0001739571366850375;0.00010688396532435398;9.840604780988763e-05;9.513343077260062e-06;6.703582522102622e-07;2.7783150991979046e-05;1.8464151822380847e-05;3.1363309143056676e-06;8.524029314295786e-06;1.2902817131453024e-06
01:52:13;425;5.1958735751094825e-06;5.906947086558933e-06;4.808365595459263e-05;7.909987397363755e-06;5.933893283970416e-06;6.482685752086002e-06;7.493455924131612e-06;4.086950862746232e-06;6.233707460203484e-06;2.1492104701986197e-06;4.471254329855996e-06;4.987060150214844e-06;3.96951279232641e-06;4.677820169521593e-06;3.954942490028398e-06;8.480007820736905e-06;6.585700939007138e-06;7.521463165958957e-06;8.404154304795916e-06;5.0599654784917545e-06;6.701113401896127e-06;2.6871471163758542e-06;5.281278010696479e-06;6.139166685046158e-06;4.390987488143684e-06;5.331222975563591e-06;4.301155904958929e-06;9.415686654254883e-05;0.00011416651679217948;0.0001181610372506129;8.910313656429412e-05;9.558177117192592e-05;1.5543001794850574e-05;8.659244771364655e-07;2.348731944161502e-05;1.3907205691552301e-05;2.478739972095348e-06;8.130650313457781e-06;1.421701442842992e-06
01:52:29;426;4.823761670991189e-06;5.560370390170808e-06;5.052146758495676e-05;3.5874045126020477e-06;5.328880604661311e-06;7.237124125677755e-06;7.001044673932649e-06;6.120160917530174e-06;3.5599349653187513e-06;2.1120602634897265e-06;6.3813501773262775e-06;4.962413947721829e-06;3.658316234026157e-06;4.992249074575739e-06;2.9441988406052713e-06;4.054494077455631e-06;6.110207196579262e-06;8.32048345739766e-06;7.95398587981737e-06;7.208411992721693e-06;4.021418771451034e-06;2.5215612601031455e-06;7.262743133939198e-06;5.885056947867085e-06;4.2671467119500355e-06;5.696689096929489e-06;3.4222439569331773e-06;8.636558513793508e-05;0.00013448354579931654;0.00014766523658569483;8.008024898547566e-05;9.102595427125162e-05;1.1495376071958621e-05;5.555525405113044e-07;2.326443031204676e-05;1.944883823610635e-05;2.369603352859903e-06;8.465230745621259e-06;1.0380089807031132e-06
01:52:45;427;4.841357482183122e-06;5.568534371504248e-06;7.296606042640934e-05;3.635870968339687e-06;4.9817301847357696e-06;7.0751318219854715e-06;6.815452178701972e-06;3.923454622361595e-06;3.524128835701907e-06;4.485107596995487e-06;4.926505866365005e-06;4.717401176438071e-06;4.270395828469149e-06;5.277026183782916e-06;4.464082671841073e-06;4.284485261381679e-06;5.665174645009411e-06;7.990692015309947e-06;7.958600252993475e-06;4.851869366402868e-06;3.897679733464555e-06;4.8682260616191385e-06;5.789311775446595e-06;5.701267637165604e-06;4.671292445672856e-06;6.0589746865418095e-06;5.084836071615381e-06;9.89063366754208e-05;0.00012732759227791047;0.0003706790862969013;0.00012382067811218038;8.353546741685314e-05;1.0052819228158904e-05;8.97168475968827e-07;2.145049864444448e-05;2.8058090848310545e-05;2.520231092747358e-06;7.3135415552488545e-06;1.03121449276709e-06
01:53:01;428;4.933901327578124e-06;5.662483838736817e-06;6.172483122056294e-05;4.668263832224346e-06;5.985969386430994e-06;6.10585485170325e-06;6.2729310851171825e-06;3.759928868292532e-06;3.030905886996555e-06;4.037951664834984e-06;4.5864981168945595e-06;1.0356466611163093e-05;3.3253426394708185e-06;4.527455420021521e-06;2.549245801120037e-06;5.150680981157016e-06;6.771298915196042e-06;7.003568769021835e-06;7.505488098748957e-06;4.9018018861589335e-06;3.4235914524829185e-06;4.45587282609014e-06;5.310935588153647e-06;1.14556851258385e-05;3.663349567616507e-06;5.261357238873931e-06;3.046173471283268e-06;8.539837047973258e-05;9.120857023087795e-05;0.00025186188569714847;0.00015996167288252064;8.053500405663167e-05;1.05824983238592e-05;1.0750391798860655e-06;2.291370345644505e-05;2.6054668226848622e-05;2.2554445727678336e-06;7.797885704340646e-06;1.0532318356966214e-06
01:53:16;429;4.635119991421148e-06;5.3529024223245895e-06;5.2584191758832056e-05;4.697045139581943e-06;6.708625683738877e-06;5.579586848305305e-06;7.1432833221055345e-06;3.9276476506699964e-06;2.9558966949268366e-06;2.4184646576295355e-06;5.357549434395733e-06;5.6852320608026154e-06;3.524491771565088e-06;3.893194897776973e-06;3.7304198146676466e-06;5.073617359490136e-06;7.418749401961266e-06;6.708608187964964e-06;8.262969568252778e-06;4.927594931405686e-06;3.3064580514902343e-06;2.8475574441196115e-06;6.319047989114851e-06;6.755996966166083e-06;3.9071752164804645e-06;4.614918288662242e-06;4.0921338466755e-06;8.16895407453845e-05;0.00011804078109989328;0.00016520482246590908;0.00011697285453743902;8.079466794094206e-05;1.355038468697439e-05;6.330093716837319e-07;2.3775107239639605e-05;1.9456452680504367e-05;2.3115335199160517e-06;7.49389880661465e-06;1.0872480110837882e-06
01:53:32;430;4.5553639031419895e-06;5.280101349047913e-06;8.2578970485607e-05;4.380456825714418e-06;5.102155825589059e-06;6.802618723999e-06;7.302886203319758e-06;5.154968485046848e-06;2.9222258117946676e-06;2.3523260869689526e-06;4.933561607729913e-06;4.470630724284774e-06;2.9321285189741855e-06;4.626693885386017e-06;3.6837122811500027e-06;4.7951721804749955e-06;5.8083351465443865e-06;7.882950319958294e-06;8.77353975830616e-06;6.026151324960343e-06;3.242816152538304e-06;2.8404027558235035e-06;5.806181578216499e-06;5.40811056971161e-06;3.354904084183464e-06;5.232706400097932e-06;4.189943946228227e-06;9.568271421899152e-05;0.00011419378744282782;0.00039166613495281936;0.00022275157212516762;9.700045403503327e-05;1.2349381035704533e-05;9.963054046295742e-07;2.012037141417349e-05;2.4644327403740207e-05;1.991046924788562e-06;8.06806800093727e-06;1.48348286847094e-06
01:53:48;431;5.28191431796317e-06;6.011753543180596e-06;7.993049427309141e-05;3.899593118719932e-06;4.6110335105709055e-06;6.084001869895288e-06;6.670176852710793e-06;6.3634252375715565e-06;3.780832521081059e-06;7.178101180600875e-06;5.486722136344662e-06;7.69782462516456e-06;3.5063298065422672e-06;3.921894342860035e-06;4.183034737824766e-06;4.449238689676925e-06;5.353548816902396e-06;7.2130061555440135e-06;7.78989029824999e-06;7.378036075984894e-06;4.28368915131211e-06;7.639685193254668e-06;6.39636153762326e-06;8.307474655350833e-06;3.892738254474848e-06;4.54398205656156e-06;4.893389799851516e-06;8.605803385820948e-05;0.00013112257310301468;0.00039234983162271037;0.0001978967227500382;9.325439321610415e-05;6.796127723398354e-06;5.677824838319621e-07;2.0744159502489297e-05;1.8075336409150996e-05;2.5355892655766645e-06;7.584519089031191e-06;2.1808622535411985e-06
01:54:04;432;4.255347854612265e-06;4.995219794032385e-06;6.120313877649881e-05;3.89272601030267e-06;4.539413391119689e-06;5.354393957707709e-06;6.481394449828961e-06;4.213309996649948e-06;4.021649567223759e-06;2.738117182361903e-06;4.644439772247014e-06;5.363920327542101e-06;3.3771360986892516e-06;3.752774395399621e-06;2.684897367705668e-06;4.420968788151727e-06;5.156419679742267e-06;6.524875009779839e-06;7.733448996929572e-06;5.303181409015198e-06;4.436472075132217e-06;3.173399949434808e-06;5.726369716837867e-06;6.142295827470938e-06;3.7953675070604753e-06;4.317674619748767e-06;3.2121621948538666e-06;6.588948683171193e-05;0.00012917449718064945;0.00026099587363250036;0.00012756319394550573;8.051035631425746e-05;1.0978486945021584e-05;4.754654180100406e-07;2.8424963450727866e-05;1.8406917969360895e-05;2.5958290151442003e-06;7.928041095527263e-06;1.4945535195690142e-06
01:54:20;433;5.210881924581785e-06;5.99246492198244e-06;6.849553941223882e-05;5.029342936456839e-06;6.612813952503157e-06;5.258936822501297e-06;6.029603169240132e-06;6.026608857209484e-06;4.997098868515919e-06;3.911797656060272e-06;5.242414280944145e-06;4.9927506838349185e-06;3.024363354823963e-06;4.78158010543759e-06;6.623270488988324e-06;5.764860810514516e-06;7.231007692075476e-06;6.4373815100996674e-06;7.32213020801052e-06;7.032424137614265e-06;5.392997067408228e-06;4.325879014594406e-06;6.278022058872518e-06;5.847535830289877e-06;3.420280477315183e-06;5.504077923628929e-06;7.35298016180319e-06;8.23351416901672e-05;0.0001716221465642613;0.0002978864183130121;0.00012442223321577952;8.620259221457373e-05;9.876162788984415e-06;7.966010699478777e-07;2.0951730785165664e-05;1.6733145184057587e-05;2.235564278987815e-06;7.4446511081710195e-06;1.4400857337576727e-06
01:54:36;434;4.871916004198986e-06;5.606282074144405e-06;8.673416251166745e-05;5.0102021330903055e-06;5.583045423791915e-06;7.871732356854658e-06;6.251859325345777e-06;5.02037588422478e-06;4.1262562895383326e-06;2.193820320719262e-06;6.327734273851733e-06;5.905407489075804e-06;2.8659806250239872e-06;3.994260166577264e-06;3.3123157826250607e-06;5.5955739511934745e-06;6.1736682543101505e-06;8.830914368123167e-06;7.4128164197657186e-06;6.196720669667908e-06;4.443178432907937e-06;2.544726462877441e-06;7.33911830265461e-06;6.794902064133497e-06;3.3013501061886236e-06;4.724691121691073e-06;3.917723397880533e-06;8.013271482271901e-05;0.00015083400396478605;0.00046807760978768054;0.00018607091695173276;8.259823434984732e-05;1.0319049044139058e-05;1.4204207027851618e-06;2.3419361860122962e-05;2.7010517821179237e-05;2.1482105587267297e-06;7.700737605646211e-06;1.0781726706442724e-06
01:54:51;435;4.792341095920123e-06;5.479601728853318e-06;5.855506811002553e-05;3.966316432139778e-06;5.88490592563899e-06;4.973242268588055e-06;6.768196793803906e-06;3.6692965007422242e-06;4.070079788350127e-06;2.9815914493721865e-06;5.605280355263693e-06;6.067646515814121e-06;3.459167277306754e-06;5.838434662760764e-06;4.22393324277111e-06;4.606846220978488e-06;6.4755280146539605e-06;6.073737149793637e-06;7.740418995921043e-06;4.672418546899188e-06;4.423450720043801e-06;3.4145272800604383e-06;6.232901923104242e-06;6.723596061995442e-06;3.967617272746217e-06;6.490318329741956e-06;4.933858454484225e-06;7.221441797522851e-05;0.00013871606419397364;0.0002465148002917762;9.314080734450388e-05;9.295714729273801e-05;9.21378554936577e-06;5.956021578832774e-07;1.7031151525915313e-05;1.9862784180370576e-05;2.280377282697626e-06;8.35391777946073e-06;1.779961746392991e-06
01:55:07;436;4.240298864679269e-06;5.002033037582598e-06;6.924139132766156e-05;3.399421442845158e-06;4.170090727355231e-06;5.365205326316155e-06;6.580891098324897e-06;4.803603792877001e-06;3.0497259852844327e-06;2.5086773750066467e-06;4.602177414431646e-06;5.787101473425144e-06;3.0216612357298285e-06;4.148551440475888e-06;3.446477414731868e-06;3.8349687944406196e-06;4.850647837308396e-06;6.505363565257896e-06;7.961447138342596e-06;5.979049420383939e-06;3.3862762505503018e-06;3.0660360383230508e-06;5.600333089447142e-06;6.476818541585411e-06;3.459093391087018e-06;4.83704486179727e-06;4.067315943803472e-06;7.745581074622303e-05;0.00011246959985410031;0.00030533827995039137;0.00019195119723098555;8.580196319237567e-05;8.066929487936756e-06;7.306994825861903e-07;2.6708777173363532e-05;1.1883542806463737e-05;2.015306508345003e-06;7.27422407726912e-06;1.20036542189818e-06
01:55:23;437;4.746502456369357e-06;5.4998929931283365e-06;6.0746863960173095e-05;5.612104367972134e-06;4.791784367277139e-06;5.713989788153578e-06;5.866404997011511e-06;4.985919869294651e-06;3.791623669581089e-06;2.6724935641456424e-06;5.0949652781184795e-06;6.2794796401083825e-06;5.549426180483476e-06;3.9511528697744325e-06;2.6486830676217013e-06;6.284539653325403e-06;5.540923537041578e-06;6.746948058000409e-06;7.29514210975082e-06;6.08406065722089e-06;4.097359449219709e-06;2.981711445557531e-06;5.961336648420289e-06;7.286767039302136e-06;5.87958723809618e-06;4.702614375409085e-06;3.1377237332257026e-06;7.108447876888131e-05;0.00011902760182289627;0.0002163079284103061;0.00016242350687435512;8.140448156997665e-05;9.759761400190031e-06;1.107340398164456e-06;3.6283849350963894e-05;1.9692333162119255e-05;2.845043545366241e-06;7.755700838892435e-06;1.2703413799652982e-06
01:55:39;438;4.692727754021772e-06;5.365663456140732e-06;4.437319264723685e-05;3.724101022390352e-06;5.428032887651439e-06;6.534390308520312e-06;5.635450513029706e-06;4.018855774551804e-06;3.8077065434420505e-06;2.4521152224692018e-06;4.823744216831859e-06;4.772760848032414e-06;4.3953433716901395e-06;5.986865903069698e-06;4.7333645647866396e-06;4.1631489256349e-06;5.872633374001222e-06;7.578354143333854e-06;6.837031971280098e-06;5.103579485277598e-06;4.223920170054182e-06;2.9909823841172754e-06;5.566219989546719e-06;5.714487741310613e-06;4.656168616575202e-06;6.6937098358433595e-06;4.98772279178975e-06;8.478616680215074e-05;0.00011307588324066162;0.00011975377515095075;6.828423687447183e-05;8.460898725380526e-05;1.454370939158928e-05;2.8977939696412284e-07;1.8679174382758862e-05;1.6142423204674984e-05;2.860652046790183e-06;7.93131672432766e-06;1.5222072976967927e-06
01:55:55;439;4.450767346433147e-06;5.1918060664688765e-06;6.68699461595114e-05;3.6564544100382466e-06;4.987861668258699e-06;5.531911369548549e-06;5.700914871650556e-06;6.08896616650544e-06;3.289311509552755e-06;2.517940315724135e-06;4.806096446879399e-06;5.0892571366034645e-06;3.878917485393303e-06;4.081306203703021e-06;3.7802686652099737e-06;4.155929445914808e-06;5.7151214634036995e-06;6.702528112270292e-06;6.900512306844886e-06;7.118944371472072e-06;3.6677078633492553e-06;2.9096580431231114e-06;5.696490271601979e-06;5.999162222227064e-06;4.26195614509888e-06;4.874877685658328e-06;4.298782756979816e-06;9.278591509764226e-05;0.00012902942065138486;0.0002950360008815998;0.00012761222617949786;9.468014466368512e-05;8.105759199896197e-06;1.058451082779127e-06;2.0774988095920366e-05;2.2018146087655697e-05;2.2672468090503755e-06;7.4443081113945584e-06;1.6267470536304978e-06
01:56:11;440;5.5701659449751295e-06;6.241377072507896e-06;8.068723458353602e-05;5.062779128776769e-06;4.816177956001866e-06;7.374786684847963e-06;5.88411539904531e-06;4.290450186966217e-06;3.0704211688714622e-06;2.667297504159323e-06;5.024915347656195e-06;1.7300158934186914e-05;2.741587696904317e-06;5.0837343630922245e-06;3.5255648766446317e-06;5.411774469117702e-06;5.535828757827035e-06;8.42921815403108e-06;7.05086970615239e-06;5.3028814139147065e-06;3.439240511892698e-06;3.0404852280678572e-06;6.041005713374448e-06;1.7732142704160282e-05;3.103097101244847e-06;5.776425329218633e-06;4.033553949152001e-06;0.00010458437955633036;0.00013638989278303738;0.0004235204541732075;0.00015387087058481985;8.919995120718473e-05;1.040105714656739e-05;1.439594238646693e-06;2.1006396531012678e-05;1.7134028853667152e-05;1.8062651292035204e-06;7.37195846853142e-06;1.5219663302233575e-06
01:56:26;441;4.899076049401753e-06;5.6292486055720965e-06;7.634247221867425e-05;5.9384099015150324e-06;5.5665463992614726e-06;5.4261757278921285e-06;8.471067578790842e-06;3.843732817769436e-06;3.1317142556795052e-06;5.372401869475528e-06;4.447239087697468e-06;4.9719743926020366e-06;3.5420404387309645e-06;4.8505690344313734e-06;3.2270392212167693e-06;6.456113468733678e-06;6.122184081908051e-06;6.53298623466428e-06;9.976289640713109e-06;4.9648922499670065e-06;3.5655747009099564e-06;5.817669069051302e-06;5.262772970990561e-06;5.814048301567997e-06;3.842083083615267e-06;5.502176247917512e-06;3.694192291501927e-06;7.289292827278624e-05;0.0001239756722130425;0.00037502755039560073;0.00018731037989475467;9.48543515162837e-05;9.299791465340281e-06;6.637231194018417e-07;2.119930510051397e-05;1.8759600102080043e-05;2.577387976756572e-06;8.023905655743653e-06;1.5250709117866057e-06
01:56:42;442;4.447731522881006e-06;5.166301480706272e-06;6.685851343105562e-05;3.4169002521945333e-06;4.522475471123823e-06;4.843501906619125e-06;5.231779179255951e-06;5.211419779594838e-06;3.649701120716548e-06;3.0162531868524214e-06;4.6259652393132455e-06;6.095585747025532e-06;5.312992377846306e-06;3.770444466704765e-06;3.675757637014695e-06;3.9318380879217616e-06;5.2409697466056875e-06;5.958755367183711e-06;6.5235392383651226e-06;6.257944286966149e-06;4.021230023958012e-06;3.5378445801730384e-06;5.503962176037389e-06;6.989383282301258e-06;5.470671653653616e-06;4.395368003177374e-06;4.164109775127697e-06;8.34253484091766e-05;0.00012218664235709572;0.00028189198238343414;0.0001623161627588978;9.333040760448002e-05;1.0746997254439628e-05;6.921825944165171e-07;2.021124954245557e-05;1.595699349344526e-05;3.1809765125383793e-06;7.327780344467751e-06;1.0354379178202403e-06
01:56:58;443;5.311583400668951e-06;6.048553005493426e-06;5.616193890634961e-05;3.486274610573694e-06;6.974401481714536e-06;6.835012087626844e-06;6.3928707932218875e-06;3.872227674021773e-06;3.085511191194066e-06;5.828785178801416e-06;7.083560031550075e-06;9.420945555792638e-06;3.180078914866158e-06;4.105849134945898e-06;3.4734822331537108e-06;4.0711343249140666e-06;7.618053529503287e-06;7.830638130340222e-06;7.63238613562632e-06;4.955931493711858e-06;3.42353545236136e-06;6.2246134906603444e-06;8.094267891062338e-06;1.032735014022468e-05;3.4924504504914105e-06;4.743335210473042e-06;4.168938776101756e-06;8.139286308733402e-05;9.817249196482117e-05;0.00020827307401695386;0.00012515342511692015;8.583127246185952e-05;8.339019738428846e-06;1.3451843477919806e-06;2.9739660051050394e-05;2.568729763117277e-05;1.89129049614906e-06;7.273192379915092e-06;8.444955837983218e-07
01:57:14;444;4.262806726596967e-06;4.985321158781954e-06;5.7780559588650136e-05;3.1849553578731293e-06;4.7915562837049075e-06;6.608595977685251e-06;5.67278570041584e-06;3.704304235796485e-06;3.1025370358473867e-06;2.5271139479214484e-06;5.7171360326306475e-06;5.456930198216076e-06;2.998011189283354e-06;4.1813659573170465e-06;3.2083868919195102e-06;3.7608326433828436e-06;5.570307391131285e-06;7.69060908526085e-06;6.847405995957368e-06;4.668536630676119e-06;3.547122118325666e-06;3.016047894043713e-06;6.5724037609424496e-06;6.309897479454028e-06;3.32029674874447e-06;4.8825270225072154e-06;3.637864999371784e-06;9.256521137405374e-05;0.00014134274810818047;0.00022112274726036418;9.684209663004295e-05;7.81375379746933e-05;1.2102904546601343e-05;4.869596266181296e-07;2.1222272187142424e-05;1.810621318897233e-05;2.264468085717085e-06;8.119076513429784e-06;1.054479567985837e-06
01:57:30;445;4.919523536014739e-06;5.631917966765505e-06;5.3463856168238966e-05;3.6785633128679573e-06;1.0484487245579741e-05;6.815509726204089e-06;7.479733029149636e-06;5.470127005418652e-06;3.229754699806232e-06;2.3900710078547407e-06;4.869229282565936e-06;4.8482332999164805e-06;2.9542600078581347e-06;4.389823706480394e-06;2.4244883468133533e-06;4.161974160685727e-06;1.1208794442413645e-05;7.829285481466862e-06;8.50428970599889e-06;6.4679208800861245e-06;3.6509164670814576e-06;2.7601142343157817e-06;5.73884678683671e-06;5.818824253961056e-06;3.4102770415083335e-06;5.133892419864792e-06;2.8978777770215498e-06;9.136000661121912e-05;0.00012113821183756435;0.00017706044203297158;9.173998780920987e-05;9.083715337997476e-05;1.3810070485485026e-05;3.698574908951717e-07;1.8251461621454975e-05;2.5640758970255176e-05;1.7965148968862596e-06;7.823997994157209e-06;1.7378108887944021e-06
01:57:46;446;4.304898530901627e-06;5.000270891597913e-06;4.966171521913049e-05;3.364456358280098e-06;4.869608186262233e-06;5.463676689420151e-06;7.686157111017813e-06;3.4458287778704744e-06;5.022640002814362e-06;2.317585504194788e-06;4.500483328229166e-06;4.484932004283399e-06;2.8519248864711244e-06;4.9278461976856844e-06;2.7236414489418723e-06;3.8186082770440826e-06;5.457686973363419e-06;6.464813159715349e-06;8.73765938068354e-06;4.399614623897706e-06;5.25754950691016e-06;2.723162258951538e-06;5.329871932696699e-06;5.3890959625738404e-06;3.2748622213804557e-06;5.708573921823055e-06;3.4417513130461837e-06;9.180077708900192e-05;0.00010834534336723746;0.00013585891720046425;9.742095598326373e-05;8.177710159638154e-05;2.0011687305630356e-05;3.9449398418829604e-07;3.046084504817242e-05;1.9463927282105267e-05;2.131875436505703e-06;7.1223132360733875e-06;1.1523451005416957e-06
01:58:02;447;4.622332610247006e-06;5.383071403471897e-06;6.0692758363109426e-05;3.1062886170345068e-06;5.886803148381535e-06;7.581695338775386e-06;5.148469170344263e-06;4.742048592182806e-06;4.667357124464967e-06;2.4098939249806892e-06;4.876145026987512e-06;5.149039580810598e-06;3.490808376582777e-06;3.7373642207683133e-06;4.672076351332842e-06;3.526604768346341e-06;6.581045350754675e-06;8.769973301471659e-06;6.4411129769032875e-06;5.719214840023078e-06;5.036912792588104e-06;2.826015279251921e-06;5.774054498148491e-06;6.190220649185431e-06;4.0060586406634915e-06;4.501789126612793e-06;5.223852322390634e-06;7.477968450743814e-05;0.00010479654055991362;0.00022544623548684728;0.0001677148362267971;9.362278896203326e-05;8.889919646784267e-06;6.895477538960382e-07;2.8397097196593655e-05;1.2196061365425675e-05;2.2133083898079524e-06;8.625196154860575e-06;9.418841069156207e-07
01:58:17;448;4.623176340988845e-06;5.280657343881771e-06;7.685277848522465e-05;3.5247905623753635e-06;6.532551101269167e-06;5.597220273691826e-06;6.746633573584404e-06;3.937898938165642e-06;3.339119100170313e-06;2.432464336136904e-06;4.984302914320696e-06;4.726241211727711e-06;6.385140986124456e-06;4.472421258389597e-06;2.799330146594705e-06;4.005979891661798e-06;7.24360036575847e-06;6.580955391367338e-06;8.014980065564498e-06;4.753628940583255e-06;3.7498147453852307e-06;2.8104821372444003e-06;5.64473031795675e-06;5.568118625934069e-06;6.681560940890023e-06;5.061413831535441e-06;3.252620852240225e-06;7.599855476462054e-05;0.00014451437162145856;0.0003225802000021797;0.00021127271272456072;8.967240697394382e-05;1.5194897316760597e-05;7.552724445470952e-07;2.709651418566913e-05;2.2794625996039133e-05;2.8732932116811095e-06;7.990617822594249e-06;1.489874758641053e-06
01:58:33;449;5.372067759362215e-06;6.1188494857814e-06;4.991342511574763e-05;3.6561149246691373e-06;5.004517458864009e-06;5.983861845945429e-06;8.385985713682038e-06;8.97319385825571e-06;6.792834467846247e-06;2.062181889170037e-06;6.887286583631439e-06;5.7441989786158585e-06;3.1600409070878497e-06;4.721278387232918e-06;3.093316037902386e-06;4.14313184235284e-06;5.789206607926333e-06;7.1333034594329235e-06;9.171244568555082e-06;1.0192539557004849e-05;7.186263787786364e-06;2.4543394432195e-06;8.069854923437387e-06;6.728114765538993e-06;3.6524505428789345e-06;5.419018473535116e-06;3.4867237595387417e-06;0.00010458916305487659;0.00010930402850339479;0.0001485161000185438;7.896088514644891e-05;9.484057084401066e-05;8.909463427208265e-06;8.607518860224319e-07;2.2159300503406974e-05;2.0963457147816234e-05;2.103343894533085e-06;6.694072159975366e-06;1.0599648027343278e-06
01:58:49;450;4.629328126978552e-06;5.370290216864927e-06;5.8377626580329404e-05;3.166607361780972e-06;9.686774855698456e-06;5.345666764678857e-06;5.71782267626149e-06;3.85052522133833e-06;3.1284628864046806e-06;2.578996527769949e-06;5.0708701909808376e-06;5.679367215546708e-06;2.615223126541237e-06;5.496096953872996e-06;3.215522007044507e-06;3.5711575233280995e-06;1.0394743985440833e-05;6.504640168714104e-06;6.915029192136496e-06;4.939960925046854e-06;3.4182989948827594e-06;2.97986729106878e-06;5.993814036490313e-06;6.614702577948426e-06;3.134288932944654e-06;6.2925795159744555e-06;3.6843972954752815e-06;8.121813289457342e-05;0.00011062785798240677;0.00024931781498672203;0.00012268117818163495;7.69313081679629e-05;8.333883717460667e-06;5.318010756892112e-07;2.6531267172984885e-05;1.2593568322216214e-05;1.8492413928905302e-06;8.33548456961317e-06;1.5799804997982032e-06
01:59:05;451;4.7399565226349045e-06;5.43697117365487e-06;6.0059838582022435e-05;3.655992686772565e-06;7.200670392716223e-06;7.33344729459356e-06;6.805912561767193e-06;4.435433905734178e-06;3.3283247198312438e-06;2.02446457464589e-06;5.886627187640608e-06;5.453300042807479e-06;3.4435385799401854e-06;4.439720995851427e-06;2.8720435211485293e-06;4.122225523651305e-06;7.904530401544975e-06;8.371699515942343e-06;7.919413747004e-06;5.222620878077025e-06;3.707174175671546e-06;2.407941422783943e-06;6.892755750356363e-06;6.27929664086521e-06;3.7769865788435756e-06;5.2531936173089646e-06;3.3858144805188067e-06;9.762437193780365e-05;8.983169674249211e-05;0.0002446870212192445;0.0001285748410222158;8.2225231738231e-05;8.89274580344788e-06;9.319539932529652e-07;2.910638570852948e-05;2.8568138531835842e-05;1.6662611837886755e-06;7.500209807552185e-06;1.109205295874873e-06
01:59:21;452;4.276101431408754e-06;4.968669692303431e-06;6.683333777839716e-05;3.1481068983974967e-06;4.784484090045928e-06;5.414585252080687e-06;6.87968452501247e-06;3.776902803761831e-06;3.3973771073967574e-06;3.1384106665396674e-06;5.333293116714024e-06;5.542279525175528e-06;2.8341122103693226e-06;4.24472134209385e-06;2.8192577657454816e-06;3.5876945891882486e-06;5.529880340124887e-06;6.479846496968324e-06;8.273743701523283e-06;4.7322525656627366e-06;3.7346092416486546e-06;3.460521761150596e-06;6.329870515562302e-06;6.126882534415559e-06;3.244359809689775e-06;4.803157653326178e-06;3.321215030431447e-06;7.432157070670143e-05;0.00011296270071382773;0.0002740778415689862;0.00018601778410345642;8.545333609613685e-05;7.275009990606761e-06;9.583472144469242e-07;3.082788301792048e-05;1.7937751972118313e-05;1.609679454524162e-06;9.146557206265242e-06;1.4115912957756842e-06
01:59:36;453;4.941587201818203e-06;5.596967075459211e-06;8.039103489341785e-05;3.6715262121072616e-06;5.401231178516562e-06;6.707387352442786e-06;6.314158734129065e-06;4.444581748782897e-06;2.991976144334723e-06;2.7462424397581033e-06;4.257410607651351e-06;9.968106382338895e-06;4.628656608218762e-06;4.052919370616854e-06;4.114847828937875e-06;4.085768817080689e-06;6.1490985888068985e-06;7.69647201046103e-06;7.472144048572577e-06;5.3051598449281855e-06;3.399929143217631e-06;3.165974870666381e-06;5.041377035819165e-06;1.0545133832986526e-05;5.141387036122909e-06;4.591058040538963e-06;4.570099621606126e-06;7.090909018986703e-05;0.00011508726561082007;0.0003579448415037988;0.0002609957604900027;0.00010337623875323083;9.957850086249177e-06;5.669157825628668e-07;2.5567693358239846e-05;9.333801819449304e-06;2.330548261972187e-06;7.1417007353128275e-06;1.4807121295084545e-06
01:59:52;454;3.979874465704308e-06;4.6934152192943085e-06;6.276033435743348e-05;3.1490914017046574e-06;4.431352087537603e-06;5.053627435555344e-06;6.048336186317081e-06;3.5054151164812e-06;2.9569916479036094e-06;3.4850617774266497e-06;4.546373926540458e-06;4.705104723450921e-06;3.054398310518216e-06;3.544956477050867e-06;3.2777829249203645e-06;3.6115376720381045e-06;5.11297156076062e-06;6.057443886076518e-06;7.10643447331953e-06;4.529357876798471e-06;3.355953918810572e-06;3.875606966221888e-06;5.543731078110404e-06;5.7100003721620565e-06;3.4698551080279536e-06;4.188244771239049e-06;3.759843121781758e-06;8.738654719267506e-05;0.0001392260660765277;0.0002464823369205225;0.00011676440735116977;9.054249008518198e-05;8.322323185423145e-06;8.788117109506807e-07;3.252568861915126e-05;1.932616620001835e-05;1.6013419396398404e-06;8.856022479663521e-06;1.211810528277916e-06
02:00:08;455;4.207175243984486e-06;4.870859851784005e-06;6.479110887797636e-05;3.0453203637199007e-06;4.5567068276206806e-06;5.921078706450089e-06;5.781760487751213e-06;4.346953096953402e-06;3.3714682055445295e-06;3.1276980764519378e-06;4.550096184436308e-06;6.651672602296023e-06;3.0165366300203478e-06;3.522439953294245e-06;2.59437015579713e-06;3.4436626535778807e-06;5.2236267763390385e-06;6.9974101544302575e-06;6.949203872887043e-06;5.331950208678388e-06;3.818419434572183e-06;3.2674076358408815e-06;5.435749359623768e-06;7.243768406417214e-06;3.4241664661173753e-06;4.118485154736569e-06;3.196466516645252e-06;9.393403763974889e-05;0.0001156514313516758;0.0002501601163250983;0.00016101423976191444;8.703826750218565e-05;1.563496114243135e-05;8.035684404805692e-07;2.4923297847371687e-05;1.741444630021758e-05;1.832108002321582e-06;8.027879170616072e-06;1.058953051654422e-06
02:00:24;456;4.803660922127826e-06;5.5156705963747325e-06;6.635186594704897e-05;3.296271633181711e-06;5.842163593621825e-06;5.794169690628595e-06;5.593611960366926e-06;5.006790069408205e-06;3.366930554804526e-06;2.6676954168116462e-06;6.139046654464085e-06;4.88069984718529e-06;5.0316461448687084e-06;5.335004640727448e-06;4.689899189326173e-06;3.6300517663969717e-06;6.424632132782076e-06;6.881129777440625e-06;6.790430308936703e-06;5.984962557750471e-06;3.694023574478453e-06;2.909849206821203e-06;7.499341019773723e-06;5.713435565310279e-06;5.314298531157885e-06;5.926413318257236e-06;5.4194774603976976e-06;8.482161508624721e-05;0.00016083521017657286;0.0002953397753836637;0.00010694425061985213;8.227018814668921e-05;7.420680308401488e-06;5.795646977480896e-07;2.3404008117126076e-05;2.3208991808143028e-05;2.2848072738372613e-06;7.458021583449717e-06;1.6552781628566104e-06
02:00:40;457;5.015428086416953e-06;5.741547491059556e-06;4.67628014553445e-05;3.815002621365693e-06;4.390041814355589e-06;7.618336469309125e-06;5.3367478304008644e-06;4.351405968479454e-06;2.9592652767847354e-06;2.7776704861860355e-06;7.572947902706966e-06;6.56323696481629e-06;7.2455357456843474e-06;4.24365006294765e-06;3.3112938944348325e-06;4.232890216970398e-06;5.07956798185349e-06;8.697365795146479e-06;6.488351558961963e-06;5.2539758806095145e-06;3.2976896778287666e-06;3.08811946478606e-06;8.58597721599847e-06;7.409125413963736e-06;7.881688326984037e-06;4.920467491973784e-06;3.963348012515366e-06;7.162013460471658e-05;9.984022489573483e-05;0.00015021740978453607;9.334433928689442e-05;7.999150236756938e-05;1.1856775906994384e-05;5.275992949485309e-07;2.826579648807002e-05;1.4509348853363415e-05;1.6547190263480338e-06;8.112609378242043e-06;1.213157576716243e-06
02:00:56;458;4.5540094953237675e-06;5.346040745303359e-06;5.460425695568419e-05;3.5139119349219588e-06;5.348584758283178e-06;5.326879134964264e-06;5.524131918768014e-06;6.949172033123639e-06;5.232369679995165e-06;2.7484639186781123e-06;4.910953436233388e-06;4.658193813869812e-06;2.7779176284522835e-06;4.9611399071316305e-06;2.6963940357272906e-06;4.0127520496523026e-06;6.116707884792026e-06;6.536614721339959e-06;6.8836186557423906e-06;7.818761476508232e-06;5.644782777956527e-06;3.1964799072278466e-06;5.8280690862812675e-06;5.678951892369247e-06;3.1706708033554972e-06;5.874652386041759e-06;3.3904255323123617e-06;7.904075422927473e-05;0.00012088577803280953;0.00015708401935894299;0.00012762243778002158;9.625554514824534e-05;2.042329818437334e-05;9.018930966978868e-07;2.5936803674611036e-05;1.631149900254005e-05;2.1762593149376865e-06;7.345699085690491e-06;1.2670965600655556e-06
02:01:11;459;5.1792720919314146e-06;5.802151935301792e-06;6.467762458162236e-05;6.030449341019241e-06;4.430131423563663e-06;5.731525268453714e-06;7.493013053502554e-06;4.841691922698808e-06;5.041013530483372e-06;3.458750195301457e-06;4.659548419994053e-06;7.164950860333812e-06;4.5647166276358515e-06;4.255137155436986e-06;4.4803356806384764e-06;6.411246848857226e-06;5.050004586026469e-06;6.7866616650980745e-06;8.601839068386987e-06;5.9774700885906054e-06;5.1967161060111964e-06;3.610164208399925e-06;5.31328212477829e-06;7.949764555137968e-06;4.933581674523811e-06;4.9404885010494295e-06;4.854602659893144e-06;9.789729891721317e-05;0.00011958357839592933;0.00026870036180499;0.00013084367932122626;9.280710369584998e-05;9.48299143512589e-06;1.0951714983661356e-06;2.1547020115800375e-05;2.299324345762661e-05;2.237665920874479e-06;7.3586827865645004e-06;1.5846976299015893e-06
02:01:27;460;4.536291582853251e-06;5.22131200295341e-06;6.189694783000007e-05;3.865644909304613e-06;5.5180226603759115e-06;5.201244368697127e-06;6.04220160450485e-06;4.309249916900626e-06;4.318159474598298e-06;2.2307810100970342e-06;7.930489921002184e-06;4.721798774844708e-06;2.636491569063537e-06;4.33815456058927e-06;3.3232585696651995e-06;4.234109506865888e-06;5.979186175576201e-06;6.3234269298017e-06;7.162361144546134e-06;5.162499145269608e-06;4.747816368578668e-06;2.5740496024395093e-06;8.99247879139774e-06;5.59346167277379e-06;3.0024801873556105e-06;4.999854561763733e-06;3.884018617928989e-06;7.860629885488925e-05;0.0001312896368793907;0.00022820023753566696;0.00014066176738365327;8.948208522054492e-05;8.451874383126304e-06;9.893160909630652e-07;3.521763292026457e-05;1.9442816072173794e-05;1.90221895138874e-06;7.246913655236126e-06;1.272576012702926e-06
02:01:43;461;5.320062728292834e-06;6.037130978130117e-06;6.630731196025765e-05;3.916412097414547e-06;6.294183294321763e-06;7.271455788200725e-06;5.961859565866751e-06;3.4789962177357707e-06;2.779076503145461e-06;5.7135215908746515e-06;4.738048634645896e-06;6.737362597355266e-06;6.16004160860293e-06;4.04376558710789e-06;6.7460274783699825e-06;4.320005933849746e-06;7.004598368830902e-06;8.277284519817265e-06;7.145093570239002e-06;4.447255950932991e-06;3.1571517200961664e-06;6.1526476069439355e-06;5.684319902787978e-06;7.691528728311731e-06;6.420945801092106e-06;4.6848416401143705e-06;7.459895776932333e-06;9.930245762415324e-05;0.00014550491906328066;0.0002924182039093394;0.00011079969166971072;8.647561343906607e-05;8.945020747076439e-06;6.686562793583287e-07;1.8286582310173436e-05;2.2777838814555476e-05;2.409588927314504e-06;6.772947151731125e-06;1.3262235873323165e-06
02:01:59;462;5.003449601304055e-06;5.74048867229412e-06;6.347371751912632e-05;4.853696490866613e-06;4.809014249606104e-06;5.172768127372572e-06;6.104058858369399e-06;1.1405064004644704e-05;2.7162726124110104e-06;2.9614574684250723e-06;5.018098796615401e-06;5.502650206197628e-06;2.826715262184042e-06;5.20186415639304e-06;3.4697334224373124e-06;5.2317258727086905e-06;5.519379429424129e-06;6.322967508338801e-06;7.378034141869579e-06;1.2618700842538118e-05;3.0691373562540666e-06;3.320760437061467e-06;5.806925573664028e-06;6.5397724408941505e-06;3.2240741232651747e-06;5.984067390468399e-06;3.870317071612336e-06;6.636149761563095e-05;0.00013057858251492967;0.00023311668084922483;0.00015581616204105107;0.00010942152940527429;1.0745003801641108e-05;9.768138993157275e-07;2.3531605655764028e-05;1.941579143385466e-05;2.780329856898048e-06;8.198174323478445e-06;7.42438832453107e-07
02:02:15;463;4.638707225849843e-06;5.342654397201288e-06;7.15993606191108e-05;3.729459458024952e-06;4.941068481398051e-06;5.7576239733882835e-06;6.496242453382902e-06;5.212077532558045e-06;3.550727382905062e-06;2.4044551542539754e-06;4.843496865964363e-06;7.560176648915083e-06;3.584725029623118e-06;4.414292612735111e-06;3.1701391716154603e-06;4.10140458808212e-06;5.572570354978538e-06;6.982978430653619e-06;7.871267935345863e-06;6.18153104035547e-06;3.91689600522263e-06;2.8130977878828175e-06;5.755721476701563e-06;8.186649717537898e-06;4.068561065075381e-06;5.0992413596045656e-06;3.561931266573728e-06;0.00010665688384110702;0.00014517392665853594;0.00033592207122461616;0.00012494909241415192;8.372805402508888e-05;8.397353410823863e-06;1.0367049924065403e-06;2.287134665920233e-05;1.858645268999089e-05;2.0063083939414763e-06;8.2495196454451e-06;1.6146134740190704e-06
02:02:31;464;4.167308040789211e-06;4.917976696825589e-06;5.3929690066697304e-05;3.3503258617496488e-06;4.380834339976693e-06;6.619336247772687e-06;5.627629824609605e-06;4.243781228813697e-06;2.8153590742748107e-06;2.487999172099106e-06;5.323727412848649e-06;5.208991934195368e-06;3.4433227839126732e-06;3.6446225069849705e-06;2.8617643002800977e-06;3.846215911006409e-06;5.016670099935197e-06;7.720049186992824e-06;6.8086398722341615e-06;5.4138472161774855e-06;3.2062280714727204e-06;2.764695209464927e-06;6.151528131213817e-06;6.311843248389593e-06;3.916722237049783e-06;4.424223956033806e-06;3.4350552849428836e-06;8.569344070207963e-05;0.00013051995708206367;0.00015335694795900697;0.00011061056713532145;9.789167669023076e-05;1.0882577368879545e-05;5.914628454503461e-07;2.964556319210693e-05;1.61315384151192e-05;2.4307140219773145e-06;8.259806036849008e-06;1.1420293512827653e-06
02:02:46;465;4.416506869311186e-06;5.12701615639056e-06;7.334397792956554e-05;3.2402873609333422e-06;4.55096482745241e-06;5.0693088976639835e-06;7.337408991826454e-06;3.893585689499187e-06;2.788044652520098e-06;3.436831841179872e-06;5.006466060628802e-06;7.72158073335628e-06;3.0805388383211865e-06;3.988974163992122e-06;2.884088603009745e-06;3.654505261220959e-06;5.410344041178454e-06;6.252821825726158e-06;8.61740412041906e-06;4.8989889687100345e-06;3.1839515083413083e-06;3.807520261609999e-06;5.883644321271921e-06;8.398158581856685e-06;3.481281832528457e-06;4.6327603355120455e-06;3.302811415214589e-06;0.00010013149911649634;0.00014747064273730053;0.00034848822776780287;0.0001330649655534574;8.913195543311535e-05;7.449683895214715e-06;5.527382402825706e-07;2.43794827599123e-05;1.9464479068359766e-05;1.9703927928573874e-06;6.657640561114404e-06;1.3660272288728992e-06
02:03:02;466;4.135901663007954e-06;4.885316885992313e-06;6.0790934466902444e-05;3.7973864922042306e-06;6.012192753181787e-06;5.601542158602384e-06;5.813937389702191e-06;3.845475543006284e-06;2.8195697996189684e-06;2.6464314589444173e-06;4.497542444167638e-06;4.631595084832312e-06;3.00134028983414e-06;4.1613052297732755e-06;2.80249958690087e-06;4.152922901073309e-06;6.9044381925317495e-06;6.779364596269848e-06;6.899886263650105e-06;4.838700078835245e-06;3.16565287500418e-06;3.1746605177259086e-06;5.448168175911333e-06;5.579666264301396e-06;3.529139449492044e-06;4.851182562630083e-06;3.3000190002514752e-06;0.00010447270781487545;0.00010360907091074906;0.00024375911387903204;0.0001174310113413356;9.774547727151363e-05;9.21565503828534e-06;6.151348774603566e-07;2.015350855586901e-05;2.2000868474645707e-05;2.044212034803862e-06;7.424809243147325e-06;1.0196441611117852e-06
02:03:18;467;4.63126706374727e-06;5.349534281385441e-06;6.604578974795695e-05;2.975455228951515e-06;5.449334037747762e-06;5.138698819835823e-06;5.1721561039709165e-06;5.059131243712045e-06;3.220923082187193e-06;3.0936587050495685e-06;8.054537582841641e-06;6.344581602555556e-06;3.008811335030776e-06;3.811248167971051e-06;4.2466670104475535e-06;3.5223599176869e-06;6.274013345848542e-06;6.2170571035943496e-06;6.481752970552107e-06;5.9442865412039064e-06;3.5794928350432073e-06;3.562490457590707e-06;8.679119063448456e-06;7.121452470044782e-06;3.4753005377440995e-06;4.6622473798344825e-06;4.674837163857095e-06;7.105485162102533e-05;0.00011190109441609907;0.0002773204658585834;0.00018131160903287196;9.591127711889894e-05;9.621354396137589e-06;9.033333810064753e-07;2.113571841857259e-05;1.2174275287630493e-05;2.2659161074298716e-06;7.81477759333772e-06;1.1348037438898511e-06
02:03:34;468;4.56763921328409e-06;5.2666609342021375e-06;7.239056011445424e-05;3.3817017956814444e-06;6.29767186924565e-06;6.878846369124341e-06;5.543930039728841e-06;3.8173148259349174e-06;3.020576090180653e-06;4.323750553228675e-06;4.343847064996515e-06;4.849639347396946e-06;2.8859911286619164e-06;6.078319673525295e-06;3.390079991434773e-06;3.7750407408324625e-06;6.693465837986279e-06;7.970708166000424e-06;6.692730931729473e-06;4.821157770930779e-06;3.3522018012965555e-06;4.653393210026456e-06;5.130658889897802e-06;5.662507992153074e-06;3.28203398428833e-06;6.9387827904934e-06;4.227246793711453e-06;8.649916516534528e-05;0.00013476884924277014;0.0003262473033961184;0.00016900538174349886;9.145744746779973e-05;9.029746781376649e-06;6.176032384159171e-07;2.3387993184728024e-05;1.7238010914366124e-05;2.0370588088044094e-06;7.539904017584527e-06;8.582574126430141e-07
02:03:50;469;4.685845065663133e-06;5.411810405671013e-06;5.6379312043430134e-05;3.529225293422397e-06;7.043753017783998e-06;5.4625496384827246e-06;6.224645079297178e-06;3.750805027377427e-06;3.3877777974437735e-06;3.1043038759357633e-06;4.817904710498831e-06;6.561499203689374e-06;3.702845164387337e-06;5.5138520412935e-06;3.130978144224886e-06;3.98519390831938e-06;7.770067567653775e-06;6.551071795842336e-06;7.277760508984528e-06;4.758509617261817e-06;3.801307845801775e-06;3.536674152592586e-06;5.507029331793207e-06;7.724747279731858e-06;3.989232384269656e-06;6.31096818209169e-06;3.729160457451259e-06;8.31846956595124e-05;9.851685438744188e-05;0.00020303700798921266;0.0001316931580640554;8.832730663817969e-05;8.879513988740232e-06;5.590504470276675e-07;2.8492626410431556e-05;2.1444174486177565e-05;2.661861739955261e-06;8.733671821773984e-06;1.0218228886532427e-06
02:04:06;470;4.275186178081082e-06;4.97774411237112e-06;8.185112250259716e-05;4.340353610904851e-06;4.865948638930397e-06;4.886335392871967e-06;5.520110219753798e-06;3.367894598679558e-06;3.5771012427687765e-06;3.1657563503983965e-06;4.711680930181604e-06;6.052864122645991e-06;4.076911560831191e-06;3.6913521286924773e-06;3.04592351438063e-06;4.81201758518608e-06;5.576269505938767e-06;6.001976598896892e-06;6.727132672437355e-06;4.349024090481203e-06;3.961372287817597e-06;3.5942762526500227e-06;5.485495530822995e-06;6.856779383626785e-06;4.364100268964039e-06;4.43293265561806e-06;3.5715506581692365e-06;7.565848825510387e-05;0.00011567764094586752;0.00042774799170047285;0.0002208993277396253;8.353196454738255e-05;8.736376422645081e-06;1.0410636073619254e-06;2.0201524058070524e-05;1.6491211759174257e-05;2.978187626442631e-06;8.055727811047542e-06;1.193965557971837e-06
02:04:21;471;4.459305484710347e-06;5.182356151727859e-06;5.0588742425039324e-05;7.286645574114655e-06;4.7682315573121574e-06;5.026262928127649e-06;5.570175914858634e-06;4.305782385991754e-06;2.867052937202433e-06;3.0094338089012043e-06;5.331650903560682e-06;5.339057481214902e-06;2.9875649660837666e-06;3.9130880622260315e-06;3.106717555050926e-06;7.804485000023409e-06;5.342801058978244e-06;6.081083170159483e-06;6.775249414802809e-06;5.485421763895127e-06;3.2294286912946505e-06;3.327376707372273e-06;6.20448359837564e-06;6.274454859475888e-06;3.404890646920591e-06;4.595138773455099e-06;3.66345862927073e-06;7.294241477354386e-05;0.00012115907891776987;0.00016627219701094225;9.799119063657904e-05;7.429901281640605e-05;1.0518821974675716e-05;1.0352516733407156e-06;3.245520662784814e-05;1.8646055378731888e-05;2.5765729564239935e-06;7.597192186944084e-06;1.5719141472662643e-06
02:04:37;472;4.794341566981654e-06;5.4493789608801034e-06;4.8970515560689674e-05;3.3258882453747094e-06;4.959693852542428e-06;5.474534868584029e-06;8.827981168544532e-06;3.8648528182250175e-06;3.8127521148370844e-06;2.1422038900744478e-06;4.825302633096581e-06;6.295743536681315e-06;6.274967498337054e-06;4.258924315598216e-06;3.469251851775177e-06;3.7281680792884915e-06;5.5104444930328074e-06;6.673202258614857e-06;9.574097061253085e-06;4.875910814076587e-06;4.174259357523049e-06;2.412959811638907e-06;5.8400313419848385e-06;7.189527377128878e-06;6.584670527560395e-06;4.8493634523443296e-06;3.9799105240801304e-06;9.733298316739901e-05;0.00011089945780884907;0.00016664453198764068;6.830358291035016e-05;8.694095413931877e-05;8.203297855709487e-06;7.827501276923395e-07;1.9039346731785528e-05;1.766807173807244e-05;3.183842356481802e-06;7.571798560452113e-06;1.0755693445245843e-06
02:04:53;473;4.714830118566417e-06;5.400219264099834e-06;6.52608486281067e-05;3.6172788468811423e-06;5.005969052456811e-06;6.3907943990541716e-06;5.492869856576538e-06;5.993933557329518e-06;3.539065364160427e-06;3.013124777886198e-06;4.8366383370276624e-06;4.576027587562108e-06;3.7763814693518456e-06;6.853297503474985e-06;3.4825788925794332e-06;4.017475251352659e-06;5.572218498533011e-06;7.335060200614551e-06;6.803547254508608e-06;6.696446214708068e-06;3.964015311080575e-06;3.447054798269602e-06;5.7783552884883865e-06;5.3565533009900774e-06;4.205894413909063e-06;7.724003134620645e-06;3.902006152271451e-06;8.300220217617079e-05;0.00012868390807485404;0.00024724729261633695;0.00015531096820426289;0.00010078654373645635;1.1080333665121038e-05;1.0982908943965636e-06;2.6896198653863526e-05;1.8024028050547408e-05;1.615719227384881e-06;8.377385779493897e-06;1.0073124583920326e-06
02:05:09;474;5.066284636902972e-06;5.782891778985283e-06;8.305200290386076e-05;6.494168763476244e-06;6.471718705340508e-06;5.803604252205022e-06;6.455827835145039e-06;6.6764216477756895e-06;2.7172776938432332e-06;3.168633527036749e-06;5.999491227532355e-06;6.288213316839698e-06;3.3651788452392464e-06;4.345941022811737e-06;3.0089369664148595e-06;7.193550682362151e-06;6.978757799607834e-06;6.804047067897598e-06;7.96095195877155e-06;7.642220890386542e-06;3.105366958256058e-06;3.546643906874918e-06;6.945875081984486e-06;7.033888729167785e-06;3.7065514725672753e-06;5.054397413776407e-06;3.422447760017291e-06;8.358498321176043e-05;0.00011105259807248125;0.0004120950867818166;0.0002345861123067736;8.394827277923518e-05;7.951479076459197e-06;6.275580635212727e-07;2.984991663061369e-05;2.1805605997658475e-05;2.2750545074645047e-06;7.253262270018338e-06;1.5941051485267308e-06
02:05:25;475;4.768563874919933e-06;5.42316031240699e-06;5.191500116300712e-05;3.252546955646484e-06;5.588950204779311e-06;7.050773173553828e-06;5.413593114799266e-06;3.7096745410474856e-06;4.646763040612583e-06;4.9145728230438514e-06;4.303928516368284e-06;5.968843460379958e-06;2.9105689842106646e-06;4.377604538580664e-06;5.084945342045702e-06;3.590425905390993e-06;6.278355417462196e-06;8.138932767169421e-06;6.631198696399961e-06;4.646458520152079e-06;4.957063826128156e-06;5.250354025186345e-06;5.195283050323015e-06;6.889358816426719e-06;3.2962516055289875e-06;4.932384837059233e-06;5.271854969221381e-06;7.750079615845e-05;8.853948332686902e-05;0.00013660997730064988;0.00014249685468830308;0.00010885285552770454;2.14261346568246e-05;6.743337936732209e-07;2.5030169114332685e-05;1.1743774674547115e-05;2.144041208618849e-06;7.194701679463621e-06;7.668918266488954e-07
02:05:41;476;4.023348788512687e-06;4.712963627868323e-06;5.0985332673415996e-05;3.3202016418633984e-06;4.519300280750568e-06;5.822017997884772e-06;6.768281283794667e-06;3.892655906864465e-06;2.6599358092289034e-06;2.276275461454702e-06;4.758744431721983e-06;4.5271286930931804e-06;2.9103320752131947e-06;3.363747431706088e-06;3.461562840165946e-06;3.824260668611542e-06;5.185511350024586e-06;6.9150866831386095e-06;7.783340445516669e-06;4.770827983313349e-06;3.0493937200372797e-06;2.756450356495798e-06;5.356357405617018e-06;5.521997064545447e-06;3.3949030308530715e-06;4.072915017683114e-06;3.924517991033065e-06;9.191171030931646e-05;0.00013261287852916204;0.00015697587961963536;7.109053093676904e-05;9.661180338899606e-05;9.113237918666451e-06;4.920798950480261e-07;2.0668471195961734e-05;2.2385286629368952e-05;1.5516716828297972e-06;7.1519204470127515e-06;1.2585215282253492e-06
02:05:57;477;4.391874171328812e-06;5.152313872402581e-06;5.8444668287482534e-05;3.190167605799326e-06;4.448626867770145e-06;4.520935511529635e-06;5.651891208138047e-06;5.199169248015778e-06;3.3874826782015983e-06;2.9631110540571304e-06;4.645124696041463e-06;4.541969380317761e-06;3.333000392044286e-06;7.870823344675996e-06;2.950186234620198e-06;3.745180809438594e-06;5.115039970451683e-06;5.720966854927541e-06;6.887546800775269e-06;6.238937116962271e-06;3.802202837516832e-06;3.4031012333637395e-06;5.529662133350156e-06;5.514746083497789e-06;3.7760087626695534e-06;8.621370576477176e-06;3.473002220168463e-06;8.772775054185875e-05;0.00012752464535919177;0.00022026164622379222;0.00011184393885239266;9.186388046736124e-05;7.892680367392853e-06;7.313483049384854e-07;2.4261898448876505e-05;1.9019924108216644e-05;2.0967164945949844e-06;6.450175774233281e-06;1.661414506940994e-06
02:06:12;478;4.110926750526418e-06;4.7805440231116605e-06;4.8411824901749685e-05;3.7281270970559244e-06;4.442123857922359e-06;4.94940591912816e-06;6.057539858969366e-06;3.4658535676160538e-06;3.0515013252402863e-06;2.54228173866202e-06;4.435669335187888e-06;5.590812849282594e-06;3.5169565378755476e-06;4.9659992914609e-06;2.584847896290977e-06;4.310912166872612e-06;5.1289991599240905e-06;6.088069876798876e-06;7.0958274337971476e-06;4.388622914166838e-06;3.4181821823765376e-06;2.776402197923744e-06;5.112441287933564e-06;6.300130234528377e-06;3.957447182108785e-06;5.651887033907977e-06;3.1376047016675342e-06;7.282236896928968e-05;0.00012537466834907507;0.00014170864819456982;9.072813559452381e-05;9.372444314079988e-05;8.173518934602303e-06;8.406407680913938e-07;2.013478586349627e-05;1.6749059046091836e-05;2.1113645511980487e-06;7.856434787072931e-06;7.17830622185112e-07
02:06:28;479;4.433442585332676e-06;5.136372571622458e-06;4.9154551353903916e-05;3.292586318663511e-06;5.5525072597943525e-06;5.840121492507354e-06;6.252045140668501e-06;5.9329143249959255e-06;3.2032507003262625e-06;2.1263816611332747e-06;5.229792085453317e-06;5.333417116110633e-06;3.3644160924692104e-06;4.2107964207166955e-06;2.8630805626115508e-06;3.7335585032831407e-06;6.278763452474443e-06;6.918367673762665e-06;7.256564458657522e-06;6.810486514881678e-06;3.4867612459746378e-06;2.6068145476943478e-06;6.22385763724392e-06;6.193389127256063e-06;3.644584763559912e-06;4.995440358010156e-06;3.487881186525625e-06;7.323353710658061e-05;0.00012686072225540204;0.00017575899747261441;7.988076184711339e-05;7.463148612735709e-05;8.037742216904285e-06;1.093641879584172e-06;2.246029079300084e-05;1.772749214643782e-05;2.4234322590992864e-06;6.8168686408381625e-06;9.296435019148385e-07
02:06:44;480;4.667143742344913e-06;5.3879662233687015e-06;4.6634525934482374e-05;3.4500121715423533e-06;5.889174101916049e-06;6.169049447441404e-06;5.573234745461584e-06;3.587919964041155e-06;6.240592504011292e-06;2.555905120276753e-06;4.308511419798771e-06;6.4909974035742835e-06;2.9712776365380993e-06;3.845908930473612e-06;4.923139771891143e-06;4.008519255553956e-06;6.652894108246752e-06;7.307241080352584e-06;6.812329335348928e-06;4.481784925920243e-06;6.5656671336864175e-06;2.9747815808979244e-06;5.093052740322273e-06;7.289344345816614e-06;3.3872361142774807e-06;4.534597412456133e-06;5.548145304889163e-06;5.75302863349467e-05;9.910750047044361e-05;0.00015002978619230232;9.83264544598604e-05;9.473820546763456e-05;1.0550069447240966e-05;7.845034143098151e-07;2.3195215302074228e-05;1.393912026780965e-05;2.673577403436683e-06;7.857933679839997e-06;8.816587738895351e-07
02:07:00;481;4.416908122806262e-06;5.132209135129564e-06;4.3182738628814634e-05;3.916650322692434e-06;5.95700969538174e-06;7.967645285847622e-06;6.6748671372351964e-06;4.123851275491833e-06;2.438687102923609e-06;2.325088498461076e-06;4.515161971338247e-06;5.934260178848532e-06;2.5333912535462457e-06;3.823586205310324e-06;2.792696723733198e-06;4.434241594060927e-06;6.8890444190746845e-06;9.054714235942442e-06;7.693318815355166e-06;5.189111481188233e-06;2.825262626335839e-06;2.633790690847663e-06;5.36193103954834e-06;6.729134550864095e-06;2.9694407517069257e-06;4.42028602529844e-06;3.3862314593753133e-06;8.777160734737747e-05;9.335709978875404e-05;9.561940174006538e-05;8.346727417743427e-05;8.782115551750103e-05;1.0237295783550197e-05;6.751142860264458e-07;2.6899323342876225e-05;2.0590984215866014e-05;2.0312057286918507e-06;8.124750972568945e-06;1.5976506450636143e-06
02:07:16;482;5.875893502992437e-06;6.681654880755755e-06;6.359429789881971e-05;3.894722434823321e-06;4.640195404319187e-06;6.652372268883317e-06;8.865764295313221e-06;4.0700110646567244e-06;3.90815022509695e-06;7.1336631087927e-06;1.5222289522140189e-05;5.015936605381264e-06;3.979540514009727e-06;4.253034129158612e-06;2.875040734938817e-06;4.484602229666374e-06;5.338552167399306e-06;7.724987156081302e-06;1.0453537706319977e-05;5.179244623567557e-06;4.26649349040567e-06;7.446962842861259e-06;1.6472309768307496e-05;5.938736818924427e-06;4.421334292774075e-06;5.0597791356912115e-06;3.3933163108543605e-06;8.487466304508031e-05;9.70074191737108e-05;0.00021491700216823127;0.00019555399857462718;9.117560375731466e-05;8.999000621031578e-06;5.31461775452952e-07;4.4504524127153983e-05;1.412713182894016e-05;2.45773502829607e-06;8.183645822413152e-06;7.993888635847124e-07
02:07:32;483;4.779675740448655e-06;5.447415315768611e-06;4.9822025276274114e-05;4.806634442709103e-06;6.727763608115435e-06;5.658533834788799e-06;8.472490726128193e-06;4.947696380435735e-06;2.9831967537060935e-06;2.75834891138128e-06;5.431554939473347e-06;6.095669795510875e-06;3.1931575114960897e-06;3.4147691504348256e-06;2.866291031431636e-06;5.335999184111804e-06;7.143244302720701e-06;6.623551282153798e-06;9.372322323013324e-06;5.901805007863603e-06;3.3020777408050373e-06;3.099094269715881e-06;6.315176324854212e-06;7.121746323177888e-06;3.5914375138982226e-06;4.199076525028316e-06;3.3634511455487352e-06;9.708990158970009e-05;0.00011824195416679052;0.0001431671204373195;8.014942545833669e-05;9.32431079842817e-05;8.836829433689594e-06;6.008328876835377e-07;2.6211319394940373e-05;1.8017067687669018e-05;2.172118566787868e-06;9.138540773747824e-06;9.960849343426503e-07
02:07:48;484;4.501982946759529e-06;5.28523533151351e-06;6.460006453471343e-05;4.697945915601374e-06;5.388527440172456e-06;5.873231219184887e-06;6.601295866462661e-06;4.982851873982306e-06;2.9845944587688935e-06;2.3610491564276326e-06;5.734953163350941e-06;5.966047493124258e-06;3.2638547050499835e-06;3.4685077326654126e-06;2.700934512328052e-06;5.286528175353931e-06;6.213468755567756e-06;7.075515608034315e-06;8.179198308034411e-06;5.995037257935685e-06;3.4356300309095957e-06;2.6248166728070333e-06;6.592144023970026e-06;6.86416805238659e-06;3.6807269116022176e-06;4.136905556750415e-06;3.3386829756314517e-06;7.580047572952528e-05;0.0001112761609923396;0.00027494578491042893;0.00015552943029586728;9.108374854942044e-05;8.131614174642419e-06;1.0854699471358376e-06;2.619362770607012e-05;1.997172457836445e-05;2.186827150402097e-06;7.5243476764941944e-06;1.4715627058707632e-06
02:08:04;485;4.264808600980401e-06;4.946882833066894e-06;4.429446458444027e-05;3.1446360072674326e-06;6.605389977856e-06;6.843976278955469e-06;6.3139596035584456e-06;4.97200115196444e-06;2.7295305104631367e-06;2.3797925555028727e-06;4.313962522156151e-06;4.666240973576081e-06;3.2279961333420655e-06;3.3490845752417253e-06;2.6311310612279404e-06;3.6843349806974714e-06;7.125294158396184e-06;7.839192699354004e-06;7.348825897967304e-06;6.079041806423206e-06;3.0961995711365916e-06;2.8040771978132534e-06;5.104552598558131e-06;5.6622859430510425e-06;3.5392979814879498e-06;3.978562258625855e-06;3.100926950468466e-06;6.724699269293094e-05;9.984271978427276e-05;0.00012307389162950164;9.213202673163667e-05;8.423681766982453e-05;7.261509604111015e-06;9.121269238218309e-07;2.7315525670873386e-05;1.9203265290600376e-05;2.6841632524590857e-06;6.687627844736504e-06;9.369079185145238e-07
02:08:19;486;5.108955212501149e-06;5.758497674740951e-06;7.137229984560246e-05;5.47880095231273e-06;4.666649381267586e-06;4.979588402226847e-06;7.158826710580839e-06;3.845798323515675e-06;4.824089907822843e-06;5.870470269090075e-06;5.078439760033214e-06;7.294678130552835e-06;2.8286437341116444e-06;3.8470778740418154e-06;5.434397085224418e-06;6.102310022424142e-06;5.376620426627769e-06;6.079889875694835e-06;8.132377307804205e-06;4.907779125633054e-06;5.13256266090081e-06;6.210504430276194e-06;5.773358228147624e-06;7.99562977141549e-06;3.209717087423697e-06;4.326402332377325e-06;5.854819276844611e-06;9.429341310107657e-05;0.0001405838108309058;0.00032723586499436476;0.0001402629357569182;8.983120860952164e-05;9.349802455723286e-06;6.720024007303194e-07;1.7055559437150246e-05;2.5879600275823295e-05;1.1324525271571712e-06;7.961896341975642e-06;2.209051415882463e-06
02:08:35;487;4.378291124076193e-06;5.094177393840266e-06;5.9318931150388366e-05;4.240523341924142e-06;4.3571155042731e-06;4.941547009968355e-06;6.941385125520066e-06;5.622753132751189e-06;3.1305753394858273e-06;2.1808868546231834e-06;4.515630993492695e-06;7.1902854598833566e-06;2.86182879317597e-06;3.6853437173078873e-06;2.8716163964694696e-06;4.906331060404147e-06;5.069708693761502e-06;6.010240613134936e-06;7.897270647902853e-06;6.6522784148714255e-06;3.4750488494761226e-06;2.521137645676908e-06;5.361305451100911e-06;8.184625470146531e-06;3.2628175499149056e-06;4.429623545490093e-06;3.359738906211429e-06;8.509096525649961e-05;0.00013432715150585138;0.00020837908716796744;0.00010996350432744878;9.588131719455296e-05;8.083699693006092e-06;7.471685394439943e-07;2.9757632578696944e-05;2.7183604808218966e-05;2.13199908472581e-06;9.05085976958798e-06;1.2301838786604232e-06
02:08:51;488;4.760524544102716e-06;5.492085487667627e-06;5.034180848007213e-05;5.5029219506831275e-06;4.701515631275945e-06;6.158756068363015e-06;6.907148429294549e-06;4.343685851893042e-06;2.754437334379583e-06;4.401746846773656e-06;5.3649962416877566e-06;5.582205073941602e-06;3.9580952185309055e-06;4.393926056778241e-06;3.0568580101944773e-06;6.115181732535417e-06;5.485506338267948e-06;7.194079127565359e-06;8.037451325320415e-06;5.611532660450509e-06;3.192875968274672e-06;4.553347430028456e-06;6.38254547844047e-06;6.450680014990489e-06;4.1696008465115035e-06;5.1620180571101436e-06;3.5502046189264282e-06;8.806265032010323e-05;0.00010810679325410423;0.00017156064929976477;9.124048453540286e-05;8.383300241277604e-05;9.766942558974236e-06;6.05472293728595e-07;2.190957348067219e-05;1.797389948224774e-05;2.066741825314498e-06;7.740272420733816e-06;1.2352198770433724e-06
02:09:07;489;4.411362852220112e-06;5.133088535918041e-06;6.348957564199895e-05;3.6595546728725803e-06;5.672847488566194e-06;5.8491797273967965e-06;5.769760842029696e-06;5.032970522607498e-06;5.69354532070127e-06;2.4865017437359813e-06;4.295711196856576e-06;4.433193796868099e-06;3.5957944481362407e-06;3.817485472785103e-06;2.6298073012172423e-06;4.149268954302276e-06;6.195156517226022e-06;6.908341807111011e-06;7.033171860263182e-06;6.015504089225919e-06;6.0139823232665425e-06;2.9034439752580558e-06;5.29464556523094e-06;5.267324781868146e-06;4.046138192740118e-06;4.59648318794763e-06;3.173599051064506e-06;8.311254352099399e-05;0.00012331486825549148;0.00024539396761257584;0.00015693685511036863;9.235895024447348e-05;1.0826560101534882e-05;1.0744924693617315e-06;2.264106085056311e-05;1.664199895338399e-05;1.4894643404691535e-06;6.947358346832127e-06;1.1367878979389838e-06
02:09:23;490;3.866384829429783e-06;4.579748971841985e-06;5.505186852337065e-05;2.9273208691000203e-06;4.356530424006038e-06;4.761349368594252e-06;5.103242013859699e-06;3.3267066670687613e-06;2.8911474379808313e-06;5.087443334484863e-06;4.169626400273398e-06;4.6384938750582645e-06;2.6605403567520565e-06;3.7161793916854178e-06;2.7580362520686985e-06;3.416750639155021e-06;5.01194088002781e-06;5.864394336329704e-06;6.276078693190357e-06;4.35442786188623e-06;3.2899508089974894e-06;5.38357423315977e-06;5.026082069175745e-06;5.677043464523114e-06;3.0064030020587813e-06;4.415235592585051e-06;3.2351041296305417e-06;8.396815256059086e-05;0.00011103791770463123;0.00017825819642367186;0.00012419461615715267;9.629231452547845e-05;9.540959608069249e-06;5.6206568923686e-07;2.7819204532149893e-05;1.8745671802229583e-05;2.058321192272508e-06;6.9694935838702095e-06;1.1755085010945598e-06
02:09:39;491;4.532831867591498e-06;5.221814308818386e-06;5.535848106897625e-05;5.510389120838061e-06;4.14679792241786e-06;4.768119194021768e-06;8.57848738049101e-06;7.519965281749757e-06;2.502100511104676e-06;2.287009664637584e-06;4.3418494884277114e-06;4.802151258138048e-06;2.8723183337252647e-06;4.490683966099337e-06;2.5741085350522947e-06;6.0829829491715054e-06;4.824902695953467e-06;6.003543698562116e-06;9.391812276405716e-06;8.35133516973863e-06;2.845589227070354e-06;2.692844768256392e-06;4.989639736075194e-06;5.860582272753508e-06;3.341470286199459e-06;5.196224564418957e-06;3.080841607594335e-06;7.385132739133666e-05;0.00012513557835272616;0.00020397192068270876;0.00010456145012850584;8.726699471494633e-05;8.21879801650608e-06;6.021093952834729e-07;2.290722651153462e-05;2.6265583794268875e-05;1.8569829666365317e-06;8.988233764054118e-06;6.755671092074676e-07
02:09:54;492;4.2120213301834815e-06;4.969879838323392e-06;7.957651209679994e-05;3.7295944918272736e-06;4.401229483813102e-06;6.800662450633478e-06;6.378299899074074e-06;3.5443453366600477e-06;3.037136991194829e-06;2.3840233861382e-06;4.440635059020017e-06;4.3879257228111745e-06;3.5010059560908697e-06;4.1849502391177005e-06;3.7544451347444734e-06;4.349833845849446e-06;5.100169881741381e-06;7.825341261978573e-06;7.961575284994818e-06;4.638706162881181e-06;3.4389777197305458e-06;2.701215420748218e-06;5.2336853847999564e-06;5.204080480325501e-06;3.971165499392612e-06;4.856684602635118e-06;4.357120777841155e-06;8.255390337062132e-05;0.00014088636881399614;0.0003837232094901765;0.0001901960911796583;9.600546243462431e-05;8.822620060196188e-06;2.1999768678024732e-06;2.4288366243305118e-05;1.549640406071611e-05;1.630708364424415e-06;8.234585854470384e-06;8.804484216080391e-07
02:10:10;493;4.612466145268647e-06;5.315706426078082e-06;6.997413253823195e-05;3.565712826255921e-06;8.239196565088234e-06;5.640861511063184e-06;6.4669332337659436e-06;4.166553077505403e-06;2.8279804108163633e-06;2.499881033654364e-06;4.28434949222895e-06;4.7212577724503095e-06;6.235500953718801e-06;4.0590194407224605e-06;2.6423456660686706e-06;4.0245536039739955e-06;8.90480162559447e-06;6.687976766915188e-06;7.589160897531414e-06;5.093831639068055e-06;3.2095875204055418e-06;2.9655126412118207e-06;5.027894309322722e-06;5.704672391022795e-06;6.745999610446441e-06;4.636241708541565e-06;3.198242805848179e-06;9.202345591878543e-05;0.00010885896352535464;0.0003255367611168187;0.00016789911589569042;8.767219790751778e-05;9.135539707605916e-06;6.193098774222242e-07;2.532170487226095e-05;1.3348980776161606e-05;1.3488272136284354e-06;6.8760722817593064e-06;1.048661365777922e-06
02:10:26;494;4.557170580777768e-06;5.2538961300123895e-06;9.059721429635658e-05;3.22845475912588e-06;5.636262048434239e-06;5.399355435480919e-06;7.559674965048916e-06;4.315010054318174e-06;2.870357365125642e-06;4.027824199100265e-06;4.7921023551757776e-06;7.590357111165634e-06;3.355343037111683e-06;3.6191815973231978e-06;2.292122418817206e-06;3.6328172807517623e-06;6.393620504793576e-06;6.5763784053310295e-06;8.906840096792219e-06;5.369804831630811e-06;3.2875903838706834e-06;4.447280048225366e-06;5.404055181764916e-06;8.271683448503055e-06;3.7342049842053814e-06;4.2176610505417625e-06;2.8048155117970435e-06;8.345367352553121e-05;0.00014753285404649254;0.0004293662857319517;0.0002729870792457641;9.069063686760892e-05;1.0287990377530604e-05;7.563595175057495e-07;2.8634349756260657e-05;1.2238018284601e-05;2.7602390981814794e-06;7.6275176158084416e-06;8.315674890421831e-07
02:10:42;495;5.2163305051584015e-06;5.942564614456444e-06;5.1812524703593736e-05;4.0649964587141145e-06;4.1033520203499885e-06;5.004021437377498e-06;7.493306742131526e-06;3.1342799347426493e-06;3.2446593465351725e-06;4.173120810206528e-06;1.1689002681821007e-05;4.950851709524655e-06;4.168988824786042e-06;7.4862561841758755e-06;3.083127974499369e-06;4.5461456178185745e-06;4.827875005227e-06;6.221881449164357e-06;8.711911959835561e-06;4.14927873137032e-06;3.5905670324897488e-06;4.5612518038702734e-06;1.2131755940134997e-05;6.037076592649468e-06;4.6317861918546036e-06;8.224674539759909e-06;3.676568310397612e-06;6.263789262673842e-05;9.686191726875486e-05;0.00015511725166254887;0.00015073714768207934;9.488678463091243e-05;1.2245111431833201e-05;1.0212299953389012e-06;2.4586806556861546e-05;1.0680371979813267e-05;2.642017253987066e-06;9.819272436950145e-06;5.144929173067975e-07
02:10:58;496;4.413156224297216e-06;5.129147062182744e-06;6.922367309248623e-05;3.0230991355492423e-06;7.652764334150932e-06;5.077007486420371e-06;7.153940779083066e-06;3.4483079381818595e-06;3.010780065986813e-06;3.372234821244743e-06;4.01491929674142e-06;4.314097212637142e-06;2.640029943828443e-06;4.868883818302678e-06;4.38180785716275e-06;3.430360018544981e-06;8.258285578437918e-06;6.310822369368331e-06;8.171288628327141e-06;4.52745340640555e-06;3.3755198164496356e-06;3.882111816236357e-06;4.8039317398088545e-06;5.226681285513465e-06;3.12340247276126e-06;5.6632364772621596e-06;4.776669365577318e-06;9.276005444197344e-05;0.00011330444772141583;0.0003084186716404538;0.00015803127339514744;9.124269229045716e-05;8.2135269874258e-06;8.494437705146838e-07;3.06465320531345e-05;1.654941231666868e-05;1.7153793832494292e-06;8.182253216966676e-06;7.703898924275682e-07
02:11:14;497;4.4066434567598245e-06;5.061352296735682e-06;7.049710785580634e-05;3.5359548947026682e-06;4.43985331796429e-06;5.214523961879794e-06;5.2501250723030974e-06;3.81513336510476e-06;3.173211854249044e-06;4.068958888129001e-06;4.4612086857010915e-06;6.4813068990138785e-06;3.0468389655298593e-06;3.5989136332080887e-06;5.793690094952291e-06;3.9422344786855114e-06;5.039992951815638e-06;6.323774402828141e-06;6.3571803216694245e-06;4.678469351830832e-06;3.4739260178256802e-06;4.521514218923366e-06;5.287135700545829e-06;7.35736935157432e-06;3.4447721824292358e-06;4.208817555783891e-06;6.101038580490689e-06;9.014047594089574e-05;0.0001372778353402331;0.0003028226830561662;0.00016154988436372432;9.474306472679662e-05;1.0105115536344047e-05;6.417126282949744e-07;2.2350424559160687e-05;1.5020341936490785e-05;2.626058383134854e-06;7.45794293450519e-06;1.2297548639293941e-06
02:11:29;498;4.869389652707344e-06;5.5879189443934405e-06;5.450161299775798e-05;5.298894522034268e-06;6.773905329993113e-06;5.361684900668189e-06;5.286930693157191e-06;5.627058083167537e-06;3.552186156855183e-06;4.497256588061176e-06;5.591813208835364e-06;5.19666230306112e-06;3.653833391000076e-06;4.831598318847083e-06;2.760850401951519e-06;5.8034749191058755e-06;7.623205316191115e-06;6.498084481975212e-06;6.574369653887366e-06;6.795784066767576e-06;3.810324233775565e-06;4.72191314495635e-06;6.207279595193679e-06;5.959839430183417e-06;4.147308460762614e-06;5.557194069147448e-06;3.356247514349451e-06;8.466926179546914e-05;8.396784705577671e-05;0.00020403510530767275;0.00012491095732401715;9.74314298839413e-05;7.344621091166963e-06;4.294042257877461e-07;1.926714252579403e-05;2.166621331374069e-05;2.012256702938512e-06;7.63158975160491e-06;6.535269951860442e-07
02:11:45;499;4.373158057094625e-06;5.039735259731371e-06;7.931990737065693e-05;3.5392485445000106e-06;4.6908669524079665e-06;6.0814045800777254e-06;5.841246326228471e-06;3.8067153786352552e-06;2.80206655793465e-06;3.4001796303781164e-06;4.338528998524473e-06;8.72310454980152e-06;2.5467129791678644e-06;4.013573139293282e-06;2.6942470638340925e-06;4.0233912438418e-06;5.3760088144660094e-06;7.275718244387992e-06;7.005413327890351e-06;4.711365536307692e-06;3.182100985950571e-06;3.6557952355480345e-06;5.141963770889745e-06;9.23367583651915e-06;2.949353762532259e-06;4.645851418047906e-06;3.2761838596504473e-06;0.00011187244719988135;0.0001221937145442926;0.0003770052364459734;0.00019108160545145298;9.224018867017189e-05;7.513356678523636e-06;5.405605014825827e-07;2.396281857010033e-05;1.576875026774221e-05;1.6286185854723421e-06;6.8867396139891906e-06;1.1448519188005233e-06
02:12:01;500;4.520199327890333e-06;5.315999041607638e-06;6.522889644610613e-05;3.1472715956614263e-06;6.750853230612237e-06;5.720836194262285e-06;7.349781542648708e-06;4.617585832730501e-06;2.810304043779607e-06;2.3012250241937306e-06;5.999333340414833e-06;4.483084702335625e-06;2.804992520760214e-06;3.7941463197910252e-06;4.462975645289837e-06;3.620954793163198e-06;7.5325645676584135e-06;6.9575734460734485e-06;8.874854399978119e-06;5.5518782481826e-06;3.1441319235247784e-06;2.66265265831344e-06;7.2181132215714745e-06;5.439207497366175e-06;3.2061778348421123e-06;4.4952457928842175e-06;5.0886326795379425e-06;9.890266071072251e-05;0.00011654345350184083;0.00029036756418564577;0.00012921658390075758;7.564427259058237e-05;8.50725284720017e-06;7.071669989662411e-07;3.193775236609902e-05;2.0243788759059724e-05;1.560329871255277e-06;8.239034108157506e-06;8.768975129864228e-07
02:12:17;501;4.344503034820429e-06;5.011942224122828e-06;5.524787809365019e-05;5.771305590035974e-06;6.50991622725366e-06;8.379402570762357e-06;5.469952583648695e-06;3.551560428376051e-06;2.915086898334287e-06;1.95054586979185e-06;4.536028393302289e-06;4.3939150296394436e-06;2.8271911000581955e-06;3.4523214599795953e-06;2.3768084433131973e-06;6.206743220693308e-06;7.178934843471359e-06;9.237112627039395e-06;6.587894565395972e-06;4.557619261884357e-06;3.285449306704207e-06;2.3139214207834743e-06;5.2948048045137405e-06;5.430258955970249e-06;3.158919169068155e-06;4.056830131866022e-06;2.834816876812407e-06;7.683180988700583e-05;0.00013249873385529458;0.0001888755187731517;0.00010270752686191083;8.953954997944785e-05;1.2214439849974753e-05;4.813301375981999e-07;2.2758872380640513e-05;2.5026405474889932e-05;1.9808451416383756e-06;9.204739903437613e-06;8.547648788119382e-07
02:12:33;502;4.557446866600272e-06;5.255850265723582e-06;6.251836916615947e-05;3.3103795748249096e-06;5.800114501009933e-06;5.06601410744555e-06;5.298839165587569e-06;6.098303607871003e-06;3.1910597207872695e-06;2.0722295297885425e-06;8.090074835497386e-06;4.6115382242558924e-06;3.172773619265389e-06;5.079905689794631e-06;2.898127970819463e-06;3.753048594826626e-06;6.374058134324629e-06;6.105518797441987e-06;6.475510049255453e-06;7.024098315152422e-06;3.50376683831822e-06;2.420135547829806e-06;9.142945105573929e-06;5.452226888118725e-06;3.573547079627766e-06;5.73900368330721e-06;3.506342340234035e-06;8.035033934610473e-05;0.00011739390685591635;0.00025231179642674304;0.00013654908884180346;8.148543403869147e-05;7.194039454756414e-06;8.690100166889631e-07;3.4793249627171856e-05;2.784411388829012e-05;1.8600330038464103e-06;8.369501243707909e-06;1.1999172501931373e-06
02:12:49;503;4.393339260388984e-06;5.101484510282429e-06;7.613241122221079e-05;3.623950389068527e-06;6.161037363677286e-06;5.153030650265319e-06;5.221837045351921e-06;6.414149393598543e-06;4.468070061653345e-06;3.063172795495203e-06;4.623571048447482e-06;4.490344375279227e-06;3.374425708231725e-06;3.461177071334925e-06;2.6653033900329732e-06;4.230695715624636e-06;6.719225145584632e-06;6.200959289137383e-06;6.296264122214826e-06;7.69754344702638e-06;4.75297702715706e-06;3.3678176238556513e-06;5.4219494813878555e-06;5.368864140685138e-06;3.750627514174211e-06;4.118965393842435e-06;3.291923370610836e-06;9.443109176018322e-05;0.0001536660836272179;0.00034042466170558413;0.00016641164324289603;8.892408937063762e-05;1.0746836867172997e-05;6.186931387857438e-07;2.5841885329131216e-05;2.078294433617321e-05;2.023649496172865e-06;8.633007476956136e-06;1.084348315618628e-06
02:13:04;504;4.344148499833202e-06;5.056041918348306e-06;7.800142895351472e-05;3.0932809036634334e-06;5.220528517278146e-06;5.13948230559694e-06;5.353951311868534e-06;5.311273873396451e-06;2.7119129929980606e-06;4.05763775581456e-06;4.046397372806351e-06;6.201404434333116e-06;4.231403601971031e-06;3.957971296486562e-06;2.8045358678628998e-06;3.7283013994113654e-06;5.983022547988634e-06;6.20901893761342e-06;6.542405669820198e-06;6.497330792925926e-06;3.0448434331389498e-06;4.392544958965475e-06;4.888462482788011e-06;6.902126800969775e-06;4.568409961773542e-06;4.659621369303094e-06;3.256412522700251e-06;9.377420166318063e-05;0.00013190964757622993;0.00036145371596354493;0.0001808175728871457;9.772895799341068e-05;7.531651869764771e-06;5.624908401045707e-07;2.8122516079083012e-05;2.2778540802525193e-05;2.3617322572318844e-06;8.010490411347544e-06;9.656290986077836e-07
02:13:20;505;4.120695279784638e-06;4.815977430138723e-06;5.767199474231643e-05;2.9696947304490675e-06;6.115442356634627e-06;4.83683270276329e-06;4.98697413094233e-06;4.073669551665014e-06;2.6262166733010357e-06;2.143098585382187e-06;6.568012213780218e-06;4.686121780718043e-06;3.4982388628696466e-06;4.508915293981048e-06;2.435124716174383e-06;3.45411609786528e-06;6.645015236233432e-06;6.022631370359693e-06;6.29100567712618e-06;5.023871061652405e-06;2.980109413812575e-06;2.47561206666847e-06;7.475559120589596e-06;5.497800786911342e-06;3.829348790670245e-06;5.12043831079183e-06;2.9762194992167965e-06;7.543121491993146e-05;0.0001506662170199968;0.00019118161720051765;0.00011857551175975462;7.909521898867396e-05;9.531197588291361e-06;1.478554805430247e-06;3.906351342829903e-05;1.5197075151719778e-05;2.631556463686949e-06;8.194681581731497e-06;1.0175779997638394e-06
02:13:36;506;4.151293252102112e-06;4.883531035582426e-06;5.950673365403176e-05;3.075604249502817e-06;5.02615036071771e-06;5.941532800141596e-06;5.018353949282073e-06;4.335149621746061e-06;2.9757644574730917e-06;1.9316748967248354e-06;5.044178252301311e-06;4.892027875639955e-06;2.7297187238675944e-06;3.3093574741178084e-06;5.536004751020713e-06;3.618191938216966e-06;5.745243642989788e-06;7.046338436615585e-06;6.204161228554226e-06;5.41113174130018e-06;3.3965449796297332e-06;2.414778438395831e-06;5.6502817009275045e-06;5.830067637569162e-06;3.2487908103138567e-06;4.025090804502782e-06;6.011749159761511e-06;7.876070050972284e-05;0.00011770102359312106;0.000219739777148665;0.0001289739270473974;0.0001026899532041295;9.036736296551205e-06;9.66153043914399e-07;2.8250013618828652e-05;1.7756376502948685e-05;1.3806436980504384e-06;7.755200953980698e-06;1.0702982310712998e-06
02:13:52;507;4.055339817005626e-06;4.746129342251313e-06;5.9540988795328266e-05;3.468749949578606e-06;5.4068927794823844e-06;4.760448940417787e-06;7.342640674065396e-06;3.324776674902678e-06;3.0710321616631764e-06;2.120070381230541e-06;4.435035481652573e-06;4.370317621167756e-06;3.026330307000855e-06;4.181166248300046e-06;3.1566150110765276e-06;3.978540212013781e-06;6.065366405201081e-06;5.87388385150617e-06;8.363919836414471e-06;4.241244268305769e-06;3.462626970839308e-06;2.506102310989367e-06;5.246179398454842e-06;5.292950969374896e-06;3.420281743700211e-06;4.853957045293388e-06;3.6484976256280237e-06;8.790737180569056e-05;0.00012469844047149708;0.00023405797358491318;0.00011360065698995351;8.994401856477689e-05;8.726951235799504e-06;1.1613207927553262e-06;2.1499948494679427e-05;2.1943561489898098e-05;1.8935481053180402e-06;8.394591960616067e-06;6.634820480414723e-07
02:14:08;508;4.735607534071691e-06;5.510324695887327e-06;5.984612750243267e-05;5.8637409074564895e-06;5.177913219643994e-06;5.007977838483219e-06;7.709851940066157e-06;3.718110690765674e-06;2.9487619064900112e-06;8.301024096627172e-06;4.07777701028067e-06;4.105113937992076e-06;2.8026984103232424e-06;4.303153418241188e-06;2.8111651414778036e-06;6.6026976162879405e-06;5.892405175772286e-06;6.184577280611295e-06;8.74372858273586e-06;4.703581179789661e-06;3.2403203522911018e-06;8.77858127739584e-06;4.986155107860524e-06;5.09994986461169e-06;3.3141790671707677e-06;5.119672159362611e-06;3.4580462892612375e-06;9.542705160691445e-05;0.00013194475816398265;0.00022923669500275648;0.00010271200421203513;8.207901104878152e-05;1.009798011789944e-05;4.860028200418064e-07;3.42453102167168e-05;2.092696651737928e-05;1.8408870129722368e-06;8.42538575088206e-06;7.31477558830334e-07
02:14:24;509;4.582052706713181e-06;5.350523874940221e-06;6.108965221869086e-05;3.3155315630750692e-06;6.18741516882954e-06;5.4349837803613354e-06;5.687056261714154e-06;4.13960574005304e-06;3.5187711857014907e-06;4.076522326166489e-06;4.519410830865085e-06;5.1609014581091825e-06;4.6532783470483574e-06;5.7197037047661645e-06;2.571450306505922e-06;3.8922477259906304e-06;6.9951241222284645e-06;6.53053259640406e-06;6.882172012318492e-06;5.245876706529872e-06;3.896147856571991e-06;4.337494414634236e-06;5.384081627590039e-06;6.033459434363493e-06;5.254288594245091e-06;6.593020552367007e-06;3.1618389060941476e-06;7.501019103217658e-05;0.00013163343631349565;0.00022970854657816493;0.0001457228703258251;8.058347907253797e-05;1.3863811167936946e-05;4.407171271625918e-07;2.3502402045779718e-05;2.1075716775220894e-05;2.9888746097665356e-06;7.725655798194184e-06;8.201257780291117e-07
02:14:40;510;4.496180816266298e-06;5.23939190569291e-06;7.096211800379325e-05;3.024134679240443e-06;8.239596587729507e-06;5.851424530851029e-06;5.517997658637858e-06;8.404425904147542e-06;2.6746783256082938e-06;2.222898492105168e-06;4.392221180376572e-06;4.410426944384033e-06;2.4792482249806498e-06;4.322964641933037e-06;2.414150742909142e-06;3.5670381944500944e-06;8.895776600299161e-06;6.849790598964687e-06;6.731814958388723e-06;9.398892042197617e-06;3.102092974482799e-06;2.6732992507818325e-06;5.254133122457748e-06;5.479640071538183e-06;2.9116911307454168e-06;4.990406215613261e-06;3.0181257167171253e-06;9.320015876108421e-05;0.00010353866456237827;0.00031223261725097837;0.00017395191005325881;0.0001067224535619369;7.967096194323012e-06;4.4481405433046446e-07;2.3974691863134845e-05;1.8623931304308487e-05;1.9363142499314905e-06;7.998674809298623e-06;9.54089380555405e-07
02:14:55;511;4.313814316506378e-06;5.079378907690694e-06;7.2389137254745e-05;3.285943985434611e-06;5.439819349881893e-06;5.552836437126209e-06;8.277324334797372e-06;3.7393836284396995e-06;2.4072596265447355e-06;2.2722125373969053e-06;4.0851496149488495e-06;5.3950475857272355e-06;3.265376904789977e-06;4.4066501171290504e-06;3.6387659511789976e-06;3.7174487013406272e-06;6.250080389955782e-06;6.667886051978206e-06;9.666579461725033e-06;4.728781444595647e-06;2.776424420102834e-06;2.671359761964745e-06;4.979090984801864e-06;6.315608360740884e-06;3.749426437197938e-06;5.144361141360662e-06;4.2854977736273145e-06;5.818243148869325e-05;0.00011605329007424611;0.00030951220683693697;0.00023667792530353374;7.849852439830564e-05;7.68345559360725e-06;1.1163490617341436e-06;3.395904515132768e-05;1.6889373410296106e-05;2.472585537265077e-06;7.201492241519864e-06;4.229679594744223e-07
02:15:11;512;5.8518185820265565e-06;6.489242699715277e-06;8.648078078034848e-05;4.097036826325703e-06;7.373557747572787e-06;6.8600288239457026e-06;6.195316066220419e-06;1.0372134374653735e-05;7.856797307939898e-06;2.9239136952438374e-06;4.82651717219214e-06;8.338419070370987e-06;2.9914525825347482e-06;5.3445966046374656e-06;3.0420507430244985e-06;4.465030824691514e-06;7.745793666373761e-06;7.87614316081251e-06;7.337055275099915e-06;1.1733635749840665e-05;8.103048941525749e-06;3.080566950267917e-06;5.660830791822275e-06;8.878234784557968e-06;3.4016727395398068e-06;5.907936205219329e-06;3.680961427401403e-06;0.00011270568122133124;0.00016042571602300796;0.00044249421876149073;0.00016964075020042677;8.192457623663135e-05;8.915442654652659e-06;7.586065444089551e-07;2.544825477958925e-05;2.5578729595871086e-05;1.8276726306783702e-06;6.575387997057933e-06;1.474332719035608e-06
02:15:27;513;4.153132436422104e-06;4.893879237517721e-06;5.350533735900696e-05;3.1098849517392906e-06;4.6796056519905384e-06;4.958228054231416e-06;4.848049044558035e-06;4.0229184187526554e-06;3.838778468111638e-06;2.4282905652322544e-06;5.051025426926582e-06;4.701733072532864e-06;5.694889305503508e-06;4.064264462755318e-06;2.4399201487506677e-06;3.696395464706982e-06;5.329380264465957e-06;6.088014092538403e-06;6.045232849034239e-06;4.996724909906794e-06;4.169205341515661e-06;2.8059493019951978e-06;5.975516735735612e-06;5.628273644520683e-06;6.3005904187004395e-06;4.7501520776113236e-06;2.941114009641014e-06;8.704012998852208e-05;0.000124751517196375;0.00013516918849873548;0.00011734875863714082;9.599869315116228e-05;2.1184679554232085e-05;9.65284522996461e-07;2.948906692426926e-05;1.8253987202404702e-05;2.7626291731952545e-06;8.302608941656935e-06;7.975045173931446e-07
02:15:43;514;4.466630743009277e-06;5.185951867812797e-06;6.510356024147096e-05;3.2600173167842494e-06;6.63145939809469e-06;4.688278222692526e-06;7.06677540727376e-06;3.510839630490895e-06;4.419568077325535e-06;3.4478496127638376e-06;4.337371768253268e-06;4.12079138650318e-06;3.451383743812254e-06;4.373963714695864e-06;4.291268702807181e-06;3.693212066318205e-06;7.211445767719437e-06;5.742363155265213e-06;8.14891338933781e-06;4.636501635507591e-06;4.782888631377284e-06;3.933330214715193e-06;5.172839993537298e-06;4.934866183248232e-06;3.965620632548456e-06;4.988979189644702e-06;5.02046021763449e-06;8.796605264679738e-05;0.00014975178603378672;0.0002491025704101273;0.0001392904252372638;9.088525255237636e-05;1.0163173254334449e-05;8.562912986018579e-07;2.6563005524703192e-05;1.6413244275700762e-05;1.9104362538027556e-06;7.542505151263755e-06;7.979802588931955e-07
02:15:59;515;4.466473827074486e-06;5.171464969943015e-06;5.653361121501812e-05;2.993930741142363e-06;5.451695149296463e-06;5.003886306682985e-06;8.025087642496684e-06;3.628479067430135e-06;3.5111115388856846e-06;2.382856050576653e-06;3.977993865786092e-06;6.742549447900294e-06;4.572580183906635e-06;3.6886102505336154e-06;3.618903888315892e-06;3.4642649074779497e-06;6.238561144516408e-06;6.1271437838904945e-06;9.429033945730513e-06;4.643082326155412e-06;3.864044183040888e-06;2.6280346809229903e-06;4.8306793860895514e-06;7.503545561973359e-06;4.719984325433122e-06;4.340899807440236e-06;4.268303856878436e-06;8.071228010415662e-05;0.00011199277558668877;0.00019102719836550558;0.00013647442407962275;8.459362305058116e-05;8.853895279797896e-06;7.727022057436564e-07;3.2513557925246075e-05;2.109327682004968e-05;1.8527513497659883e-06;7.426364861873532e-06;1.0904849511857502e-06
02:16:15;516;4.142337246548777e-06;4.86012474619754e-06;8.808826580190697e-05;3.2188452228480586e-06;4.258348019577212e-06;5.7075646557274755e-06;5.49718943141577e-06;3.1912715647437877e-06;3.411338124950899e-06;2.880111512029967e-06;4.443548033285858e-06;4.506000963547504e-06;3.8092397007199512e-06;6.196165372138942e-06;2.588422681526481e-06;3.686750707994996e-06;4.902805041546102e-06;6.774578668216547e-06;6.7084974023002155e-06;4.15570807029936e-06;3.871299239545817e-06;3.222935146644702e-06;5.1809176304370246e-06;5.438470268444102e-06;4.251849454300975e-06;6.964185449530156e-06;3.1634982993245667e-06;8.209009584109841e-05;0.00012219859526539886;0.00043224964226737096;0.0002627293553015739;9.511975368186007e-05;7.96459250332162e-06;9.742119763710283e-07;2.228153418927137e-05;2.03958883182192e-05;2.849877498893162e-06;7.800666574965345e-06;4.0497620453966275e-07
02:16:31;517;4.280101852251826e-06;4.98467392666314e-06;8.401466766873269e-05;4.72514943956009e-06;4.7155729406127156e-06;7.251126905704165e-06;6.161785446969568e-06;4.30597218455246e-06;3.462055139054469e-06;1.9239873235609264e-06;4.132000020362625e-06;4.93331476195377e-06;2.80380352599898e-06;4.611995431699515e-06;2.334457259742997e-06;5.407851098932008e-06;5.365362557301834e-06;8.413851648146181e-06;7.108426249447526e-06;5.125833329749426e-06;3.6056845296622635e-06;2.288988032231356e-06;4.892300374862477e-06;5.955049996546107e-06;3.221591704966124e-06;5.4424815458977595e-06;2.9886644447690776e-06;7.258242385623004e-05;0.0001301125236389076;0.00045665142970762433;0.0001986250954946214;8.529180112135797e-05;1.34860499171759e-05;1.258283609525443e-06;2.0003900404457145e-05;1.777936853352463e-05;2.0864948752543475e-06;9.018815908058544e-06;1.2798249580546456e-06
02:16:47;518;5.147514917909617e-06;5.8664656903659575e-06;5.9720468871876015e-05;4.595597165681718e-06;1.136630688591822e-05;5.028939181851332e-06;5.374796125259061e-06;4.6443442346086075e-06;3.0517525670151455e-06;2.170484321566009e-06;4.399039135708191e-06;5.445261922819679e-06;6.8666627028464555e-06;4.350902717220606e-06;4.476090408867993e-06;5.010684919651322e-06;1.2090878706520108e-05;6.028606822504036e-06;6.51424811391585e-06;5.520423175329586e-06;3.423691265209216e-06;2.6349323103273444e-06;5.227207989437259e-06;6.514434609258226e-06;7.416892337540601e-06;5.154386697172356e-06;4.8611996163932025e-06;8.391769363050778e-05;9.29617420502868e-05;0.00021466028980648066;0.00016964523549598955;8.657414866038338e-05;1.235578343483374e-05;8.842617762376405e-07;2.468340371426355e-05;1.8215164966932937e-05;2.8252778040102066e-06;8.914685354689273e-06;1.007939767896518e-06
02:17:03;519;4.902027042548567e-06;5.611617066451684e-06;5.307663770969745e-05;3.8104431180453378e-06;6.400583708134698e-06;5.244336022255683e-06;6.976677376581041e-06;4.554019842117896e-06;4.402151293189408e-06;2.6806064613279803e-06;4.942584583550962e-06;6.467523069501753e-06;5.593412171252381e-06;4.578499076434252e-06;3.1734859817979877e-06;4.323675986735815e-06;7.125054472004494e-06;6.3606407187578466e-06;8.052838030046506e-06;5.637564869705128e-06;4.729392960339455e-06;2.9733465551175813e-06;5.790133757186652e-06;7.343096403698688e-06;6.053114107032078e-06;5.235861618541692e-06;3.7146842778038493e-06;6.61110835323861e-05;0.0001544163016021063;0.0001973383722177611;8.772310964275493e-05;7.915641840038095e-05;8.1496908104194e-06;9.741635591305678e-07;1.7256511286913746e-05;1.5613219248852984e-05;2.4972992348010088e-06;6.7690258830905155e-06;9.14457097771713e-07
02:17:18;520;3.923190675436672e-06;4.666268782612066e-06;6.165107020176989e-05;5.5224150249893516e-06;4.200868865857708e-06;4.522446896001756e-06;5.545447004868203e-06;5.793496925189277e-06;2.55591100090607e-06;1.9515917006077386e-06;4.182353716686293e-06;4.103559390632551e-06;2.62924010280779e-06;3.6264227116979764e-06;2.4445332071304e-06;6.171659612236102e-06;4.881471409998419e-06;5.66385220517526e-06;6.789524843641837e-06;6.784370224856583e-06;2.9586034373361272e-06;2.3943435487897753e-06;4.965401771348493e-06;5.102386340476636e-06;2.9717165046038854e-06;4.3074235006165914e-06;3.0044706193885887e-06;9.01999964493115e-05;0.00010134967852466475;0.00024588619981782576;0.00013632364519338953;9.838267406461583e-05;6.641716306651795e-06;9.257117004420235e-07;2.5498093916489517e-05;2.517618994231234e-05;1.7266010047410689e-06;6.867352891190197e-06;8.349826096042588e-07
02:17:34;521;4.469211518521764e-06;5.2090644767534436e-06;6.80966169842114e-05;5.7353207516541715e-06;4.164670278780394e-06;5.263748895988453e-06;5.448602796902109e-06;6.305946008599118e-06;3.370830682378958e-06;2.5484577491529206e-06;5.045356189402707e-06;5.468890174013681e-06;3.1197506404497104e-06;3.5848800718244176e-06;3.5740822390550875e-06;6.203169004372365e-06;4.919789967349475e-06;6.4210074222362985e-06;6.514921401906611e-06;7.346452231921589e-06;3.8242450690505175e-06;2.899546816364289e-06;5.9975271234421436e-06;6.345941096984875e-06;3.620501438835842e-06;4.227041751584716e-06;4.188629070166469e-06;8.818986983508804e-05;0.00012689518355923855;0.0002784910428329295;0.0001476583385742153;0.00010308968302247895;9.071911269633405e-06;6.027592548788364e-07;2.4282735963197915e-05;2.786565381370589e-05;1.6727424688574457e-06;8.290866661513297e-06;1.048616554799431e-06
02:17:50;522;5.018162424102519e-06;5.750566403168958e-06;5.836149297376057e-05;5.838202646334491e-06;4.621828427531227e-06;6.075965038250657e-06;5.48468604997445e-06;1.0575326612638491e-05;3.1481383286094653e-06;2.2304221047875217e-06;4.587034212022445e-06;4.498551368021191e-06;3.3766302679987863e-06;6.679113267954955e-06;3.102049012165315e-06;6.323098256836625e-06;5.26022268164939e-06;7.2362166387784214e-06;6.694679282363607e-06;1.1613439267110359e-05;3.556392320079576e-06;2.624356277091108e-06;5.5640087719185905e-06;5.478084265724888e-06;3.725976138055189e-06;7.3872036214024885e-06;3.543117375706567e-06;0.00010692176538895034;0.0001445642202145825;0.00015047069778400624;0.00010195037166361202;0.000108575340975599;1.1969433689248676e-05;8.144388401276044e-07;3.874183499560874e-05;2.326223301483544e-05;2.2730544731333465e-06;9.409038438317027e-06;1.385486207105554e-06
02:18:06;523;4.218834325603831e-06;4.929951581841665e-06;6.709871055248289e-05;3.716992631100621e-06;4.880672437999258e-06;7.449349188251827e-06;5.307156752045537e-06;4.724145841870288e-06;3.5799332971981297e-06;2.9639337478086376e-06;4.3013920968090504e-06;4.759618587257819e-06;2.760511631000833e-06;3.5725550878011476e-06;2.6097488457953557e-06;4.105715808829608e-06;5.655567784869382e-06;8.436985866220439e-06;6.477016224288249e-06;5.8630619668856756e-06;3.949468970824478e-06;3.275702932667259e-06;5.270428544785709e-06;5.726923714237158e-06;3.079920135480532e-06;4.195746579988494e-06;3.12287911036705e-06;8.250842760031604e-05;0.00011297677515021035;0.0002879517050789129;0.00016391534006331737;8.085216369049354e-05;7.822300060935862e-06;5.241212932070617e-07;2.8737768758771105e-05;2.86348737272567e-05;1.466388808511385e-06;8.675285025057868e-06;1.119377372804332e-06
02:18:22;524;4.730510410863334e-06;5.458264891048996e-06;6.13369111628567e-05;6.718739412421697e-06;7.0526547207547e-06;7.1213474774496755e-06;5.237097476977355e-06;4.7513457666070735e-06;3.491291938863903e-06;3.4794453408179296e-06;4.773509994555008e-06;4.804641164923851e-06;3.021280551962491e-06;3.772686936995032e-06;2.542082468082185e-06;7.289118465899874e-06;7.671428780276638e-06;8.385396753671753e-06;6.5556858927162534e-06;5.7293654053059e-06;3.88958768136162e-06;3.817718294745255e-06;5.602228493674524e-06;5.716731047408457e-06;3.401113680917626e-06;4.2989720441255486e-06;3.1418303737891735e-06;7.531231232898856e-05;0.00012112973950276561;0.0002253860994321693;0.00015593523002485198;9.614120993904598e-05;8.890508782471089e-06;7.218738180518031e-07;2.718196066608133e-05;1.4005721781156111e-05;1.5815704088530668e-06;9.078278567033507e-06;6.784287028122812e-07
02:18:38;525;4.304833492341231e-06;5.01385839130837e-06;4.2708967285299945e-05;3.2972766358082852e-06;5.4746117967852115e-06;7.453553603976491e-06;5.490507919667855e-06;3.3504596632447847e-06;3.3498696303333664e-06;2.4598088286253983e-06;5.309737735876235e-06;4.613346206222053e-06;4.8121108558906265e-06;3.674605661529995e-06;2.372111667657929e-06;3.7289893199054927e-06;6.156389863923623e-06;8.359401409173107e-06;6.8083738795716665e-06;4.285070331264516e-06;3.766639174155219e-06;2.846501113512941e-06;6.212323356360489e-06;5.499342956060405e-06;5.279613762030738e-06;4.325210842511343e-06;2.8984430006362977e-06;8.132135098501548e-05;9.606954231747025e-05;0.00010057386885815232;8.403848410860764e-05;8.835177466079193e-05;1.2915602055873264e-05;4.521149339285276e-07;2.4530468098566108e-05;1.2538350858592242e-05;2.544304869676422e-06;8.498245179011705e-06;6.735004979133866e-07
02:18:54;526;4.864385057988908e-06;5.5942324378739165e-06;5.873319018502953e-05;7.629929438156648e-06;5.726570359082023e-06;5.488718455575798e-06;4.92779735271721e-06;3.7702146928482576e-06;3.432813055067899e-06;2.243301204109891e-06;5.3617684646925765e-06;4.131231245419929e-06;6.338524621376316e-06;6.319356478263154e-06;3.002393502623849e-06;8.030878366816633e-06;6.438150343962627e-06;6.701301788181601e-06;6.235500412786459e-06;4.674743042668052e-06;3.7297126430565164e-06;2.6546085432010277e-06;6.190257719728972e-06;5.097680105457504e-06;6.903831913577845e-06;6.977406750984646e-06;3.4967153762316896e-06;8.683774347062802e-05;0.00010550869318218844;0.00020977402681975966;0.00014772386607469508;8.452366707365592e-05;9.574305154658476e-06;1.3015765975209097e-06;3.060264505721711e-05;1.72645767173633e-05;2.3029984320474555e-06;8.89386181233217e-06;4.903218282879132e-07
02:19:09;527;4.726452125034732e-06;5.472417100624821e-06;8.435913054764375e-05;3.2711974809726287e-06;5.953651849986065e-06;6.305045459630389e-06;8.170008172214693e-06;4.949855177213439e-06;2.857639326463031e-06;3.0029160602977485e-06;4.155901429860685e-06;4.66177394287115e-06;3.0239187267320422e-06;7.476056788262171e-06;2.8894591277215587e-06;3.889407650339182e-06;6.515070363323652e-06;7.39526975146735e-06;9.573544180575137e-06;5.892890696279348e-06;3.2592114264475585e-06;3.5063521921339216e-06;5.0936760118607315e-06;5.381300174052786e-06;3.388054722828328e-06;8.359596392173317e-06;3.4146302688228226e-06;8.571600245222885e-05;0.00012466210612933676;0.00036534746364620083;0.0002778452243061283;8.632204040751169e-05;1.1075471004296768e-05;6.818208213248317e-07;3.319591401117264e-05;1.7486207252336907e-05;1.7629538634224451e-06;7.523349783694611e-06;6.910128940703806e-07
02:19:25;528;4.488703465971804e-06;5.166147258035069e-06;7.386671716371467e-05;3.2143166366955196e-06;5.2195295675067594e-06;5.022205059581418e-06;5.708092673599325e-06;3.385343549085333e-06;2.9099305063340353e-06;4.711159459153629e-06;4.278383709855792e-06;5.361297811196602e-06;7.935463445301655e-06;3.348944803088278e-06;2.7697724127180705e-06;3.6699409261191134e-06;5.729054749545993e-06;6.070390566181439e-06;6.976834460077999e-06;4.307663912301525e-06;3.263139925492615e-06;4.856582778083515e-06;5.196503773536106e-06;6.049539674850051e-06;8.385775966912028e-06;4.0369103530044605e-06;3.4514279697092044e-06;8.30903228393796e-05;0.00013403767373504878;0.0003287474718246658;0.0001865269506724378;8.53614298359279e-05;7.623722668130823e-06;7.494451736426428e-07;2.6474303955727488e-05;2.2057669249882836e-05;3.049477586989191e-06;8.094814611585781e-06;5.873238111570506e-07
02:19:41;529;4.0788408548890365e-06;4.772843947395376e-06;6.969089338908643e-05;3.7959022679052108e-06;4.828863008363917e-06;5.012578801003284e-06;5.673275327663677e-06;4.194312779759457e-06;2.7552367001248967e-06;2.2882042305383266e-06;4.396718009305997e-06;4.836738764491987e-06;2.553128349382725e-06;4.496736853744985e-06;4.1143935050058644e-06;4.245455316558486e-06;5.351591607329363e-06;6.101966276599088e-06;6.7693815449447245e-06;5.156843974850457e-06;3.1329755722277072e-06;2.732840089898857e-06;5.288389784369958e-06;5.70092339629913e-06;2.8981129058662144e-06;5.1077364804757365e-06;4.787908532698911e-06;7.385459137789579e-05;0.00016502113679307676;0.0002896372481802602;0.00015631941971858888;7.748783118889332e-05;8.328501219725403e-06;1.1375503980840104e-06;2.935107345162894e-05;2.380385667989867e-05;2.1449870768727767e-06;8.234793355692755e-06;9.697312284199032e-07
02:19:57;530;4.194382798255509e-06;4.9439281898645e-06;6.0769369955800675e-05;3.0387218091282815e-06;4.93581961920468e-06;6.321053406113916e-06;6.345429009710105e-06;3.2713523250293974e-06;2.6812110201552226e-06;3.5236348617088837e-06;4.740566576541286e-06;5.137136668377128e-06;2.619942877272892e-06;5.389897837140077e-06;2.3278258031470242e-06;3.5313228987502906e-06;5.750124348449827e-06;7.383841288565581e-06;7.719528846653794e-06;4.3319791351493645e-06;3.116162628706477e-06;4.015755240012552e-06;5.655859620420887e-06;5.954332992368558e-06;3.0055430877699203e-06;6.025000235654894e-06;2.8376861685420767e-06;7.462210071790888e-05;0.00010165248859222776;0.00020206126970471084;0.00018116746272786;9.380260050949348e-05;1.0253821583386242e-05;5.025977273190038e-07;3.8410425215039726e-05;1.5341512715850117e-05;2.0255711003403102e-06;8.766084676497082e-06;6.265041989745228e-07
02:20:13;531;4.13761048276032e-06;4.8797879698432104e-06;5.549062128646249e-05;3.5618047184791313e-06;5.434641517416077e-06;4.581598277168681e-06;5.619751869674743e-06;6.797788409264947e-06;2.5864802175590285e-06;1.9632031942733037e-06;5.287920781814716e-06;4.347041463277761e-06;2.9597605681885852e-06;3.4173392682907373e-06;3.093993694621004e-06;4.041851338391823e-06;6.214821856310319e-06;5.731102851026248e-06;6.7549805943242605e-06;7.882990354994058e-06;2.9764786965723584e-06;2.3775471531792656e-06;6.198543343100626e-06;5.256486739325956e-06;3.3740998851153794e-06;3.998587331646181e-06;3.7499637787559665e-06;9.740230861961143e-05;9.424067015003017e-05;0.00020153067572686355;9.424623084164526e-05;0.00011951495356359757;7.720458970930896e-06;4.834196538910209e-07;1.7076514204229432e-05;2.3619886413209393e-05;2.004603710296378e-06;7.134872333833997e-06;9.128612494108621e-07
02:20:29;532;4.328342080064183e-06;5.0583174625795505e-06;5.898697157637268e-05;5.2117377177554856e-06;4.6539000693583565e-06;4.833111390858201e-06;6.311044321643584e-06;3.7576151286280246e-06;4.321063803173915e-06;2.403823397707909e-06;4.959747322821138e-06;4.966836906044653e-06;3.434329606800578e-06;4.243791193529618e-06;2.84310233666929e-06;5.8699035630697725e-06;5.522784197672058e-06;5.965096781575902e-06;7.72652897985263e-06;4.753708011937501e-06;4.681134407315145e-06;2.7160383107129055e-06;5.924627326818108e-06;5.709693469506868e-06;3.822869645393693e-06;4.764394606342959e-06;3.2430287325341044e-06;6.783084137740426e-05;0.00011747144078431615;0.0001697736570551436;0.000180529096764904;9.650570995490496e-05;1.4241407056987961e-05;4.917589333726851e-07;3.7111947296809027e-05;1.2200616620478165e-05;2.743493675413966e-06;7.999173524863823e-06;9.44515871873542e-07
02:20:45;533;3.5488227913498864e-06;4.304833924558082e-06;5.2931860325287856e-05;3.084149886266697e-06;4.093089056699352e-06;4.425606009177003e-06;5.372869651086955e-06;3.430355033483646e-06;2.3865251969371313e-06;2.0440354046126106e-06;4.327907960414863e-06;4.126913233290256e-06;2.3522067887814626e-06;3.598791359622892e-06;3.343422955866386e-06;3.5507520915646787e-06;4.856121760687667e-06;5.5518797217942685e-06;6.632002145746396e-06;4.406611953780594e-06;2.812987033877694e-06;2.455972892825736e-06;5.270482662598613e-06;5.189991031640395e-06;2.8160833150500768e-06;4.195429275707191e-06;3.919691527146283e-06;6.790374106838655e-05;0.000117870059992868;0.0001620580727963609;0.00012654693707619805;9.357660842989177e-05;8.953662875599611e-06;7.091980532615173e-07;2.8067464414098802e-05;1.851569681752802e-05;1.5345577987843452e-06;8.751382000198546e-06;6.949425802781947e-07
02:21:00;534;4.482120038512056e-06;5.244886969067702e-06;6.188567858929942e-05;4.868550285989799e-06;6.01221173597692e-06;5.025259688615981e-06;5.700172290219867e-06;3.6250258533114406e-06;3.3449628670144773e-06;5.3526597421890445e-06;4.2530109622356864e-06;5.000378847148051e-06;2.9099419368673227e-06;4.034495729014638e-06;3.6587687454282434e-06;5.468114971946203e-06;6.693777311140158e-06;6.170432542707134e-06;6.978440748603537e-06;4.5170598822769995e-06;3.765278549934332e-06;5.87245962597541e-06;5.249190168417298e-06;5.8761227972101116e-06;3.350082947748243e-06;4.7178738631246925e-06;4.279808392104453e-06;7.334747436582528e-05;0.000114428630785211;0.00021927398624485206;0.0001605926194753568;9.681603199926694e-05;8.992442738903903e-06;6.670680595685839e-07;3.647866030935182e-05;2.0363826001497125e-05;1.9014637216826598e-06;9.043857031272472e-06;7.220823388042947e-07
02:21:16;535;4.204676887230686e-06;4.990235555840028e-06;5.128451303060225e-05;3.0143554060915987e-06;4.843936226512307e-06;5.267471038905569e-06;5.318578021470702e-06;3.2637748355248486e-06;2.8225483077257896e-06;2.2616847053766067e-06;6.313053021435942e-06;4.889400384526383e-06;4.2859133139475345e-06;4.295998795488355e-06;3.879406782400255e-06;3.469236550895575e-06;5.465689709345048e-06;6.370747835521625e-06;6.707432573962194e-06;4.252730806473653e-06;3.196966973300272e-06;2.6084307154621768e-06;7.479527533788211e-06;5.8931432249664795e-06;4.797313508040329e-06;5.161447490214023e-06;4.480158073028743e-06;7.449261359464503e-05;9.287816199074043e-05;0.00013337876270511925;0.0001374860983802306;8.329015906297946e-05;1.1824436624098341e-05;7.569708581657832e-07;5.120118754867602e-05;1.8660534795590148e-05;2.59662878293705e-06;7.370201454389906e-06;1.4784005696549364e-06
02:21:32;536;3.971198284799274e-06;4.68971806001235e-06;6.570908759512887e-05;3.23780276060988e-06;4.339285563436203e-06;5.293995854057957e-06;5.0275088641688566e-06;3.715929449557817e-06;3.4115950667318824e-06;2.832768488306411e-06;5.051360953442244e-06;5.933735045134241e-06;2.407394669551815e-06;3.889247214061697e-06;2.5137539534370035e-06;3.531818518677949e-06;5.061708812902481e-06;6.361432583559425e-06;6.258336201472623e-06;4.744992632172225e-06;3.7945986875882547e-06;3.2248788951205193e-06;5.998466346532444e-06;6.72175897479859e-06;2.872014053099508e-06;4.598010845475534e-06;3.108598280683693e-06;8.588073015026781e-05;0.00012359923227886534;0.00024510126552496113;0.00016792548610783305;9.130945502888908e-05;7.733226188325958e-06;9.031325023233932e-07;4.032630874875911e-05;1.608295501512628e-05;1.6725676604429996e-06;7.152774497829756e-06;8.219174379222319e-07
02:21:48;537;4.220876669271754e-06;4.890904263079335e-06;5.1402034049316155e-05;4.258698318437837e-06;5.520280597566667e-06;4.456573922017139e-06;5.442428212179803e-06;4.905517334402083e-06;4.0284026658293275e-06;2.291498817444645e-06;4.4683492416456e-06;4.5593652670690554e-06;2.608961667957291e-06;4.275829197294715e-06;3.8346130534317915e-06;4.757981448360797e-06;6.116673516829261e-06;5.630306549380604e-06;6.575986821811552e-06;5.779978267392961e-06;4.484304364395248e-06;2.6096711726955917e-06;5.1296699928547865e-06;5.432071420612754e-06;3.0443955616831345e-06;4.977083876780588e-06;4.152725808390768e-06;8.850871227535588e-05;0.00011598655937962689;0.00015396192847102027;9.194072255195214e-05;9.349532136140603e-05;1.0068327349030106e-05;4.1190684408095367e-07;3.352616793783696e-05;1.8294757350517045e-05;1.9728602850978874e-06;7.647660216100433e-06;1.0094845697690005e-06
02:22:04;538;4.252893063171438e-06;5.011644646666481e-06;5.799247632978024e-05;6.372544337228771e-06;4.710107133250445e-06;4.7473879763903035e-06;5.00863065866497e-06;4.763274593826012e-06;4.248823362473786e-06;2.1340475535389847e-06;4.30377265106782e-06;5.086593447213193e-06;2.778133096499728e-06;4.076848728183015e-06;2.8045515548701485e-06;7.149735659978329e-06;5.5651751902391704e-06;5.994403958930324e-06;6.225115140307624e-06;5.67737662308152e-06;4.6252401526671055e-06;2.528292925432387e-06;5.093077483758827e-06;5.908768821715471e-06;3.099115635646003e-06;4.790618743443909e-06;3.4828136806395433e-06;7.082258154024487e-05;0.00010006361066326952;0.0001841604634638308;0.00017414080673794802;8.184407134722629e-05;1.4081714784567438e-05;5.820482366866547e-07;3.7074776230795465e-05;2.1911963455613932e-05;2.4206238231235375e-06;8.046084417266418e-06;7.60971256789895e-07
02:22:20;539;3.984721956840076e-06;4.696368337078374e-06;5.5481856046318114e-05;3.1704062554250743e-06;4.056404874058279e-06;6.447940011417524e-06;4.97367066093995e-06;4.611838088147186e-06;2.7503352983354095e-06;2.5371925774079913e-06;4.579411810241978e-06;5.990299577586132e-06;2.6353561437340223e-06;3.645299915821066e-06;2.4185066605559253e-06;3.717563628660046e-06;4.861323595487423e-06;7.439521636391689e-06;6.171182239765436e-06;5.538015689644108e-06;3.120617969826422e-06;2.9119180065012926e-06;5.48767727621775e-06;6.845592521084988e-06;3.178018074276558e-06;4.286794793660181e-06;2.798192738311305e-06;6.875177715086636e-05;0.00011465297166923661;0.00014922018507091902;0.0001515612800430399;0.00010540013963524217;1.5942920583056404e-05;9.218390354985903e-07;3.187266976913083e-05;1.5721839825422388e-05;2.465082079542762e-06;8.697432288412518e-06;5.741354054497306e-07
02:22:35;540;4.472863792479777e-06;5.151573296194628e-06;7.553078347883109e-05;3.0134433498832633e-06;4.365965080536811e-06;4.790923473375518e-06;9.667459967100843e-06;3.3543595873456153e-06;4.221804166542659e-06;2.24694976709698e-06;4.860625709439277e-06;6.009749908871114e-06;4.061511518862269e-06;3.8193671727526635e-06;3.2622039248505788e-06;3.452598329653184e-06;4.90464562569252e-06;5.905445614419627e-06;1.0972586591655088e-05;4.273600218686072e-06;4.5237425298712225e-06;2.5912769272888657e-06;5.692698271594031e-06;6.769577581347025e-06;4.540549286813777e-06;4.477794866172097e-06;3.7143621123309287e-06;7.56999521455454e-05;0.00013037094662106416;0.0002700283483726141;0.00025601777792866375;9.25728242449158e-05;2.2526475122521293e-05;7.11297820915747e-07;3.160133475510658e-05;1.5908319540078094e-05;2.088748210936424e-06;8.168314744617448e-06;6.750622389944956e-07
02:22:51;541;3.989964712241607e-06;4.684948986392509e-06;5.063751646243646e-05;2.8499971058693063e-06;5.469812692640827e-06;4.573554772881814e-06;4.912453359328207e-06;6.477151775253663e-06;2.608005563428409e-06;2.0974479313777423e-06;5.0703878639136626e-06;4.103655701793617e-06;2.532595848107762e-06;4.815252920115592e-06;2.369259435752724e-06;3.307554068876787e-06;6.0878420311071955e-06;5.687689056835149e-06;6.175746075544488e-06;7.430901802498612e-06;3.0024249959935815e-06;2.4208480520232854e-06;5.9500150453896835e-06;4.982097621744092e-06;2.9233536460645765e-06;5.403607140498382e-06;2.847306384726927e-06;8.660347670042808e-05;0.00014455142957633935;0.00013494714579817256;7.609961272609557e-05;0.00010766598682367834;1.1902022021278847e-05;5.779582919431491e-07;1.9944820205824595e-05;1.438711486415425e-05;1.7592742737293485e-06;8.670741766075566e-06;5.406145015179182e-07
02:23:07;542;5.084854729437376e-06;5.83572271444851e-06;7.286580658922243e-05;4.7746027521162144e-06;4.9375781688742e-06;5.970044189754472e-06;9.501135333519786e-06;5.587848184324622e-06;3.696567524645967e-06;5.789432332163487e-06;4.735291623541633e-06;4.539364613975749e-06;3.865085964414241e-06;4.604576716360498e-06;3.0167274559612554e-06;5.170220959636153e-06;5.702998152306072e-06;7.132292230841203e-06;1.0867525413197677e-05;6.718910480564853e-06;4.062320932703935e-06;6.232948716031019e-06;5.608559624444659e-06;5.361169268660058e-06;4.278399720084353e-06;5.346202652629161e-06;3.5471224133358145e-06;7.302791747406049e-05;0.00011754488312914627;0.0002608563259129287;0.0002519821796424312;9.333247366633197e-05;1.5251733811453102e-05;9.065768035385224e-07;3.357746635870773e-05;1.7141702125155787e-05;2.7971622305110066e-06;7.4914646324841825e-06;4.79793283920319e-07
02:23:23;543;3.992627635537619e-06;4.641990880706624e-06;6.553785194147389e-05;2.9547950082657466e-06;4.580919724358782e-06;5.377081949960298e-06;5.3647573181401435e-06;3.741611414233923e-06;3.4722619895303937e-06;2.9840131760297792e-06;5.148555427648592e-06;5.485420774740326e-06;2.826967006667887e-06;3.3542046702967294e-06;2.620941695432386e-06;3.3294524592183503e-06;5.2174430211265115e-06;6.349004424804132e-06;6.5806854844238475e-06;4.7767401090109336e-06;3.7546954767486004e-06;3.325482343595318e-06;5.812605408370669e-06;6.141237828977623e-06;3.1974380455054253e-06;3.940193169634042e-06;3.2789108687050233e-06;8.665931252408266e-05;9.976491152624973e-05;0.0002950279336936172;0.00015946310225230923;8.690216021610652e-05;6.699736676271511e-06;6.20234303353057e-07;1.9610403578640867e-05;2.0857728762609856e-05;1.3790378966361028e-06;8.080334334074368e-06;1.3893275337356322e-06
02:23:39;544;4.329643440053649e-06;5.0194482205773095e-06;5.4305002548809006e-05;2.777439634242414e-06;5.264857934667527e-06;4.511941019751992e-06;6.171720516463934e-06;4.654641750337615e-06;3.176490947448036e-06;4.632057682227045e-06;4.179788876709526e-06;7.326046513676167e-06;2.5904368865716587e-06;3.740780206646315e-06;2.9295174904898533e-06;3.295964052661394e-06;5.873837962317799e-06;5.748648972476536e-06;7.330742144266061e-06;5.712802830421884e-06;3.6119855895442843e-06;4.926143694457913e-06;5.006477153926161e-06;7.934367820066828e-06;3.0650224928223586e-06;4.3196756606345e-06;3.40770822696891e-06;8.363408958911676e-05;0.00012711788808572323;0.0001733106924385008;0.00011234046049243836;8.703949626816527e-05;8.669269083117112e-06;9.085882584341421e-07;3.217131838248547e-05;1.5124379076694535e-05;2.271128401117716e-06;8.33855423852234e-06;7.341662713926589e-07
02:23:55;545;4.720283131314835e-06;5.4153213833287045e-06;5.4799025496292884e-05;3.9749954183967224e-06;8.75519444385666e-06;7.685863274466762e-06;5.980073710725781e-06;3.950446287345502e-06;4.0565650168260125e-06;3.743936790166138e-06;4.455098075662921e-06;4.930578227722228e-06;2.580428010903998e-06;4.041586488993816e-06;2.488630059037756e-06;4.51762095416356e-06;9.576835290766823e-06;8.663804289391941e-06;7.321754108926154e-06;5.020514110951865e-06;4.311883662634086e-06;3.884296021008399e-06;5.282410708637547e-06;5.765585507981109e-06;2.9616580832225736e-06;4.610193354316915e-06;3.0672977621904892e-06;7.132966937512133e-05;8.6630849062148e-05;0.00014982896172094145;0.00017180140724202156;9.482949161660575e-05;1.9109392325442837e-05;6.046151472201711e-07;3.408664200436277e-05;1.7969967299482822e-05;2.6630415712581103e-06;8.03967047070885e-06;6.945981202008341e-07
02:24:11;546;4.243009781261393e-06;5.004341571143817e-06;6.0534944233936205e-05;7.194301699991518e-06;4.1958588949145534e-06;5.019074815234862e-06;5.510773742142564e-06;3.7819974807653334e-06;2.8470784624413557e-06;2.1781070754688483e-06;4.463130835251729e-06;4.699135216864906e-06;3.103038194073416e-06;5.403038678121096e-06;2.5205803522771415e-06;8.127572827210247e-06;4.9375469822009595e-06;6.210286738689918e-06;6.68947502704156e-06;4.751555689847608e-06;3.2001625282657785e-06;2.639680546157182e-06;5.124230330946812e-06;5.754876084107378e-06;3.5598827736653737e-06;6.125465115704323e-06;2.931362313908802e-06;7.222436517020941e-05;0.00010732344187806736;0.00020585947574427714;0.00017984423579292148;9.528866681294282e-05;9.541937841541406e-06;6.761595380323986e-07;2.9421954144426414e-05;1.5904669060254735e-05;2.227356594293368e-06;7.519242863268243e-06;5.878253669995844e-07
02:24:26;547;3.7301526547976622e-06;4.468161538584987e-06;6.972445756901108e-05;2.9659836526201904e-06;4.373331220235017e-06;5.555131280552607e-06;5.078387425008011e-06;3.1675239979217e-06;2.3574733631903655e-06;2.2043146089859276e-06;4.143396148363494e-06;3.937910950859512e-06;4.42492414975959e-06;3.805095356377499e-06;2.7483585062720355e-06;3.4173182962437254e-06;5.1923111123305486e-06;6.765970795905686e-06;6.22271146093675e-06;4.194859839923152e-06;2.7964371329174735e-06;2.6661585675528725e-06;4.966569306390416e-06;4.800436142972955e-06;4.875463492347e-06;4.499692205989717e-06;3.2200079034092724e-06;7.727039136541567e-05;0.00011746666858462861;0.0002705764233744494;0.00020861373652950423;9.608606502775366e-05;9.892588869834269e-06;7.782368001644267e-07;3.020938045968711e-05;1.5786130960710207e-05;1.532082506425455e-06;7.691416972978763e-06;7.903693765812307e-07
02:24:42;548;4.373404135807587e-06;5.05842909441975e-06;6.440648914962076e-05;3.4616508191637703e-06;4.806480756191046e-06;5.131070967869598e-06;5.245496827848745e-06;4.18454863874858e-06;4.236569045639788e-06;2.1450657653364726e-06;4.0240977525549875e-06;7.018526435910065e-06;3.2650642963457957e-06;6.433250194377975e-06;2.529026536635115e-06;3.829009505974268e-06;5.497520098426229e-06;6.330585266150132e-06;6.285376411476216e-06;5.142937399358732e-06;4.595377371906924e-06;2.6237273845300146e-06;4.910068971380669e-06;7.623784929105741e-06;3.681744282161323e-06;7.054615500375711e-06;3.1264008940306206e-06;8.575980576523546e-05;0.00013921384084286166;0.0002608857695182492;0.0001231022679114037;9.340385337337506e-05;1.2006390804954736e-05;9.624177852481325e-07;3.0911995916414925e-05;1.6381103584267233e-05;1.604566887469583e-06;7.798196757903641e-06;8.476606480658733e-07
02:24:58;549;5.0865954021746385e-06;5.776569196314085e-06;8.005137105551288e-05;4.107820296765525e-06;5.271880099335456e-06;4.962187072395223e-06;6.00801550150591e-06;4.650900180859129e-06;3.403254795228153e-06;1.289587013724775e-05;5.621797329718509e-06;4.45347953908543e-06;2.6034365955980703e-06;4.026356602470184e-06;3.034144907846067e-06;4.551502783376432e-06;5.8600440130663355e-06;6.001790687818518e-06;7.2336537575406685e-06;5.7012777999054515e-06;3.7660946602528973e-06;1.3426219394907232e-05;6.578280653793857e-06;5.174026722946835e-06;2.9171604059160065e-06;4.604387039405624e-06;3.5043907948558532e-06;0.00011249098410663477;0.0001397268292537145;0.0003638767500792957;0.00018020875438093988;8.482296507165242e-05;9.547282933745826e-06;6.721367980207424e-07;2.9310186287668274e-05;2.869228314985076e-05;1.6584474678594034e-06;8.019921290001802e-06;1.5899118467706164e-06
02:25:14;550;3.88810372310321e-06;4.585718687837781e-06;5.775619869122382e-05;2.7965613076991698e-06;4.298312737011594e-06;4.8049033622987736e-06;4.762524154115639e-06;3.303434036700475e-06;2.6402705473251653e-06;2.756054395450488e-06;4.6805707812195996e-06;6.307816234593392e-06;2.6203590542647506e-06;4.865627389317627e-06;2.8208092120704267e-06;3.269656745723745e-06;5.072771854648187e-06;5.936907376088106e-06;5.960582475842175e-06;4.2066120930122695e-06;3.0496297468640546e-06;3.0966515252450472e-06;5.431130237503808e-06;7.144822537939726e-06;3.0223137052497446e-06;5.49528150097817e-06;3.342262762607443e-06;7.281690039237085e-05;8.645484410964936e-05;0.00020473395981366994;0.00016637785413702277;0.00010074823620141248;1.0519687834924416e-05;6.240232106586765e-07;2.1879232769775085e-05;1.7165354515167384e-05;2.2788259237090392e-06;8.689998641379051e-06;7.854667449468298e-07
02:25:30;551;4.610770703421125e-06;5.345443598712393e-06;7.719176598374677e-05;4.289600908500481e-06;4.632342556411893e-06;7.084751055556766e-06;5.284101474439302e-06;4.476543072229333e-06;3.3771772552623505e-06;5.0372030454649454e-06;5.084269227043333e-06;4.412180708871202e-06;4.8199195532561134e-06;3.853713499908777e-06;2.9774443009697196e-06;4.852200575016146e-06;5.467297808225547e-06;8.07903229485154e-06;6.399877862879547e-06;5.607862824864599e-06;3.854118058600911e-06;5.538486505694108e-06;5.898189962138105e-06;5.230311104771571e-06;5.258219315220242e-06;4.373100847272015e-06;3.586624085142784e-06;9.629420018242636e-05;0.00011728100134099838;0.00037184150892639986;0.00018645864154687947;9.211434192356348e-05;7.955464174409168e-06;9.401580468142417e-07;2.154104100084091e-05;2.2428141832708704e-05;1.1719161824393884e-06;7.530211461900387e-06;7.445651855808974e-07
02:25:46;552;3.890122878531925e-06;4.585193713680809e-06;6.244971538283436e-05;3.4201766506601996e-06;3.852283574639676e-06;4.33867914686268e-06;6.148984265117654e-06;4.112826689480058e-06;2.6477930955660543e-06;3.7326669215722386e-06;4.921329140730987e-06;4.8436076410302515e-06;2.357137019066096e-06;3.920201233853504e-06;2.385787679253843e-06;3.788162616671533e-06;4.550964987071053e-06;5.487029295780511e-06;7.299600044081925e-06;5.062349514503959e-06;3.0823053544114787e-06;4.012145563471757e-06;5.6541214436510005e-06;5.766844996966789e-06;2.772034935321555e-06;4.60528207141475e-06;2.94148189593066e-06;8.797154233711024e-05;0.00011602065140981955;0.00021028492816608753;0.00016656699573247487;9.761882080969776e-05;1.2770000629913781e-05;6.755749607417496e-07;2.9505288398610297e-05;1.6669928687882047e-05;2.476571136494093e-06;8.096122542068996e-06;7.401597831114584e-07
02:26:02;553;4.104230551214207e-06;4.787610370978563e-06;4.90112910860819e-05;2.8707098653768526e-06;9.10665469045956e-06;4.720967565480743e-06;5.182788784969199e-06;5.604773549676296e-06;2.91041904467513e-06;2.106681221550585e-06;3.6929764749257545e-06;3.852774694673206e-06;3.039223862799645e-06;3.4367201764821815e-06;2.7260751009288757e-06;3.3875992070119814e-06;9.73369823660056e-06;5.855292755181317e-06;6.290391825765439e-06;6.409380059175177e-06;3.2238714412196253e-06;2.5507638556403815e-06;4.507785016484595e-06;4.775847214026541e-06;3.517439844921383e-06;4.0374548093438265e-06;3.1617978406814737e-06;6.918813326496806e-05;0.00010132576170095511;0.00012591926204922764;0.00014103228235519316;8.104716845566612e-05;1.3904068681838562e-05;9.07739380035787e-07;2.8764861897551943e-05;1.415278153230935e-05;2.2946652607091597e-06;9.084696051328564e-06;5.140724031992472e-07
02:26:18;554;4.343198509040101e-06;5.128959821400091e-06;7.068829847931678e-05;3.0158257042374585e-06;4.584708619536183e-06;4.657812082859374e-06;7.88111657034175e-06;3.877216190288508e-06;3.1174322656242608e-06;1.9204724528230277e-06;5.716225111675819e-06;4.662639684935047e-06;2.9960922510629087e-06;3.3062785643845802e-06;6.382560961849425e-06;3.5937144972033624e-06;5.160116113730982e-06;5.787262516950929e-06;9.304280658536207e-06;4.9526016666760955e-06;3.4855945700598303e-06;2.2447427490585107e-06;6.772500608095942e-06;5.5228906776277125e-06;3.554694548187445e-06;4.008901326794986e-06;7.160215868162031e-06;8.985674309528813e-05;0.0001280773255939729;0.0002948442667226777;0.00017631387894648896;9.37369816648416e-05;8.012314811077957e-06;5.353094925983338e-07;3.1249365887194774e-05;1.547200879748436e-05;1.8151253492187094e-06;7.817755573504765e-06;5.28505817453291e-07
02:26:33;555;4.1534965908660775e-06;4.892609997367327e-06;6.415461348023369e-05;4.146043028573455e-06;5.026469506801008e-06;5.474053619603968e-06;4.811669050752698e-06;3.7071552098795606e-06;2.8577773376009024e-06;2.6764662471766667e-06;3.983185339703513e-06;4.811239351809604e-06;4.087290071972595e-06;5.877068081487509e-06;2.383540479090517e-06;4.655117611981018e-06;5.757248141268479e-06;6.635429970836274e-06;6.080174397872805e-06;4.766495749208843e-06;3.2194991864700936e-06;3.1331401447183636e-06;4.854448889091145e-06;5.547540277929548e-06;4.4570364612418074e-06;6.771906313749437e-06;2.8332814410900993e-06;7.540182183594642e-05;0.00013207457257023743;0.00022990077560996105;0.00016936057187617623;9.516426791831454e-05;9.937599322728955e-06;9.110954115630891e-07;3.0460072301295718e-05;1.660942275633368e-05;2.230426670327378e-06;7.239303561806185e-06;5.654319281135327e-07
02:26:49;556;4.639739169027218e-06;5.303008101345998e-06;6.60118674347191e-05;3.321431865220926e-06;4.470534176706761e-06;5.563228239615435e-06;4.898586025864853e-06;6.239964038973705e-06;4.383650227943938e-06;2.0875125611946093e-06;6.964077237305653e-06;7.008409665458388e-06;2.709493287430834e-06;4.300261066670817e-06;3.7297197569588745e-06;3.7121438000684962e-06;5.193145783824214e-06;6.820346554170239e-06;6.0778775668605025e-06;7.1826655043935985e-06;4.751259185940387e-06;2.473454644500692e-06;7.619946539111707e-06;7.587688270189263e-06;3.0524980413155147e-06;4.8142516092573e-06;4.350817331974616e-06;8.438591709293978e-05;0.00013384106832454578;0.00025107590672894986;0.00016201777666644646;0.00010152396567457894;1.264867017344615e-05;6.190021366722196e-07;1.8256152324642414e-05;1.784918334633612e-05;1.8608522068379916e-06;7.5228526962631595e-06;5.410618449702442e-07
02:27:05;557;3.973553271146619e-06;4.696091637706098e-06;6.268821967352044e-05;3.6274742526129247e-06;5.0526723043085235e-06;4.350059712524254e-06;5.238513155864604e-06;6.2867032365364715e-06;2.9101655990873807e-06;2.3240738976940376e-06;4.233814321191238e-06;4.788765003124499e-06;2.43125445674831e-06;3.869751544336643e-06;2.569390347676145e-06;4.23825851232576e-06;5.607550154401238e-06;5.5626741057126254e-06;6.477026562595112e-06;7.338120494866036e-06;3.2615283829082856e-06;2.540975945613596e-06;5.0447619016751235e-06;5.723900628680307e-06;2.8623541616473665e-06;4.542417460884913e-06;3.1535294718058233e-06;9.071428861449848e-05;0.00011584896594843061;0.0002379966206578062;0.00014133823099425185;0.00010165306200266332;8.435673231081746e-06;8.021065736054782e-07;2.4975071865298306e-05;2.0005766542421564e-05;1.7156864353699376e-06;8.126282508031184e-06;6.468807087866186e-07
02:27:21;558;4.401436175850325e-06;5.085410031847747e-06;8.870834552262403e-05;4.588978635472978e-06;7.219464116949646e-06;5.356137167405512e-06;6.875538718082391e-06;3.446997396849838e-06;2.6643679569686314e-06;3.235286047791936e-06;4.3467155450762425e-06;5.387549795056078e-06;2.7686489377484493e-06;3.530799350832064e-06;3.3967485268959763e-06;5.16180850204767e-06;7.736808348005369e-06;6.340947291829263e-06;8.137179088695535e-06;4.4124269117697e-06;2.9532900858220837e-06;3.477787516468324e-06;5.291421708718673e-06;6.126171490882083e-06;3.170952434434012e-06;4.15359052199107e-06;4.062534681227739e-06;7.386025303219555e-05;0.00017234669749148482;0.0004134099162919475;0.00023934907363913326;8.86183718859953e-05;9.019309195339396e-06;5.036901733857555e-07;3.410526947826882e-05;2.3038087955790243e-05;1.555971935899232e-06;7.4662452746283116e-06;1.2272599174204314e-06
02:27:37;559;4.089221438877385e-06;4.776931038139981e-06;5.7942383364899974e-05;3.0761448704649554e-06;5.950627929639619e-06;5.813787821425236e-06;4.7257058277885085e-06;4.37637840924119e-06;3.251955610976283e-06;2.0384126110687104e-06;4.4771555904271114e-06;5.163786761903049e-06;2.337719123895516e-06;4.000893817458394e-06;3.8580872344146595e-06;3.610558425424631e-06;6.760576490728742e-06;7.050921086846745e-06;6.009675272955203e-06;5.261033622814523e-06;3.5798831219571056e-06;2.40508387821448e-06;5.157653063927487e-06;5.949666369297465e-06;2.7565150097686882e-06;4.61748892650829e-06;4.164115704112145e-06;8.99098197875535e-05;0.00010884282695889338;0.00019321640946749557;0.00013644337057366833;0.00010849828253048171;1.0341059851720945e-05;7.54315440583899e-07;2.216026309106507e-05;1.4710725037130361e-05;1.6164996955772053e-06;8.21072603039419e-06;6.04301914235318e-07
02:27:53;560;4.032158760416203e-06;4.732031339710973e-06;5.005290935774401e-05;3.066902563504796e-06;4.264034830922273e-06;4.688481134965369e-06;5.532700882326935e-06;4.147434395110591e-06;2.8735894841828853e-06;1.9143309473370418e-06;6.836654581767541e-06;5.0816464439213345e-06;2.5609722220048585e-06;4.306674990769724e-06;3.112481019907808e-06;3.5253922881485227e-06;5.052857006053791e-06;5.799213881743261e-06;6.614379695816705e-06;5.165303511741421e-06;3.2284754458683153e-06;2.1830676914011943e-06;7.8799138740394e-06;6.044723157842034e-06;2.9236642946291137e-06;4.79977235574805e-06;3.567610552993215e-06;8.70485908396463e-05;0.0001032903156812189;0.0001377038081026967;9.685568063402495e-05;9.652410848153155e-05;1.144558176322502e-05;7.312927544022446e-07;2.726100466566226e-05;2.9402240864238115e-05;1.5519916754369749e-06;7.837311908761778e-06;9.82984922083127e-07
02:28:09;561;4.377076637302418e-06;5.107788218060417e-06;5.221388838808955e-05;3.903672607466743e-06;4.2919038614803124e-06;5.151950721230233e-06;5.6968560254621146e-06;3.2299146749504746e-06;3.318203524959141e-06;4.617640648841746e-06;5.358237604724536e-06;4.020755371153035e-06;3.852926221787294e-06;4.371354697370449e-06;4.711501949957024e-06;4.3124525083978275e-06;4.985456549732163e-06;6.245438467149027e-06;6.829747183508493e-06;4.325969443119833e-06;3.7387635759991607e-06;4.958393084294423e-06;6.09757839926335e-06;4.982957951925309e-06;4.328472130774698e-06;5.045278068699858e-06;5.442949262182589e-06;6.381735506188165e-05;0.0001252481355191054;0.00017319326895835516;0.00010075099457060977;9.778871342275773e-05;9.28301258997152e-06;7.084581053273909e-07;2.3423728435162473e-05;2.061897971333581e-05;2.2800455851836684e-06;8.585880604160724e-06;8.680880912231285e-07
02:28:24;562;4.205193297740999e-06;4.926500532977265e-06;5.3761009311646136e-05;3.7621848217771583e-06;7.795509649032407e-06;5.787170592761661e-06;4.93021387594116e-06;3.5388811067026507e-06;2.5738555102996297e-06;1.8018078159992064e-06;3.994207883550871e-06;7.348976172817277e-06;2.6220784063597917e-06;3.6245718798061883e-06;2.6828600780959277e-06;4.2433184601957435e-06;8.571924550042126e-06;6.889779641927747e-06;6.14751430084307e-06;4.510933695776577e-06;2.994242675102421e-06;2.1713571707355015e-06;4.866604153385542e-06;8.183964912203447e-06;3.0900564251503137e-06;4.315863306365378e-06;3.13244517276215e-06;7.962937662533283e-05;9.129762622881887e-05;0.0001878217582065715;0.00013828291420420717;8.636170832960569e-05;8.927959600409538e-06;9.429645700086335e-07;2.581317414146418e-05;1.5674780009253133e-05;1.6394341090977676e-06;7.885255122222669e-06;8.551605927615314e-07
02:28:40;563;4.496788756953989e-06;5.2856060484615065e-06;7.656862019415798e-05;4.470663087891518e-06;5.271928192420526e-06;5.869860605013276e-06;4.997571920739574e-06;4.321946082797012e-06;3.560451260527357e-06;5.090008550241847e-06;4.719186111143162e-06;4.258776327309926e-06;3.9741188059978905e-06;4.252373426151156e-06;3.174579068146696e-06;5.007559003630215e-06;6.033070170631134e-06;7.036495482012308e-06;6.151599267514605e-06;5.449416169574738e-06;3.937913699609211e-06;5.568892156934222e-06;5.773828068505523e-06;5.224529064158744e-06;4.399551532019992e-06;5.044373481240067e-06;3.800042447978682e-06;6.793067113521291e-05;0.0001388240877638269;0.0003632940060051011;0.00019940446213566538;8.686168869019334e-05;9.681229338958324e-06;1.523884384384983e-06;2.5178737383212042e-05;1.4609797576718303e-05;2.066742886978521e-06;8.591451892772078e-06;8.56683136871839e-07
02:28:56;564;4.089594958274616e-06;4.788156056287035e-06;7.23850472780367e-05;2.6486707871824096e-06;7.868291527172873e-06;5.115778399042173e-06;5.939244795366056e-06;3.38573839687616e-06;2.527457223874566e-06;2.1534744862479598e-06;5.47884208950739e-06;4.748965362208227e-06;2.9666489060079213e-06;3.704832820326167e-06;2.5371930814088728e-06;3.19124677257087e-06;8.462867460562111e-06;6.288301507613395e-06;6.966703518006812e-06;4.384902580038871e-06;2.923878063299952e-06;2.6379171323483953e-06;6.229866001008247e-06;5.574833183552844e-06;3.4068704039034143e-06;4.421690829087909e-06;2.9687935181490374e-06;8.75485983853626e-05;0.00011793417633792398;0.00031706611095730385;0.00018406238161203733;0.00010089157676717579;8.870374600864988e-06;6.681029993226935e-07;2.381952224322258e-05;1.774164277748099e-05;1.5229424375710026e-06;7.801269962954173e-06;6.938682552207795e-07
02:29:12;565;4.751425726887894e-06;5.491982536321164e-06;4.7609906091420506e-05;4.976791389504404e-06;4.7755045816767385e-06;7.552930012815812e-06;5.207382817153737e-06;3.6888287062517766e-06;3.02559048037665e-06;4.279647688030443e-06;3.879618539638262e-06;4.3747317878161205e-06;3.6282090763703225e-06;9.350435723314893e-06;2.277436167410294e-06;5.606319374939769e-06;5.425367589850794e-06;8.52712913266386e-06;6.518095293773236e-06;4.772171020612163e-06;3.3364234770741385e-06;4.489962126586484e-06;4.797995712532945e-06;5.462374376661558e-06;4.047549285282509e-06;1.0204710438129155e-05;2.715690775806286e-06;6.225025947935228e-05;0.00011056499551122648;0.000129717445959199;0.00011039057775941876;9.644303399443979e-05;8.369545603102832e-06;6.301206541242122e-07;2.469161081912075e-05;1.7609359231465684e-05;1.475930862865111e-06;8.672510786515265e-06;5.034824362160421e-07
02:29:28;566;4.1081662422599985e-06;4.8446356945360205e-06;4.866555234218174e-05;3.1447682434692195e-06;4.007171137939994e-06;5.572392747152125e-06;5.578719363796836e-06;3.860586499532753e-06;2.3660197842965336e-06;2.3482394349017e-06;3.6729064215085767e-06;9.642838984353313e-06;2.6613926682663513e-06;3.647222004006649e-06;2.7957360199014727e-06;3.7526333845919365e-06;4.847249706069272e-06;6.752793967590853e-06;6.7378842180039985e-06;4.713747065453171e-06;2.7234241387408406e-06;2.752818627586633e-06;4.520814241868145e-06;1.039215494759596e-05;3.1181954026106736e-06;4.382974713182561e-06;3.4409361151004685e-06;8.339831985603352e-05;0.00011032709498681009;0.00011981029761576047;0.00010340296322218493;0.00010779244702642635;1.0072378947514865e-05;6.183890233906032e-07;2.930476748856286e-05;8.948576992802596e-06;1.6105925643982023e-06;7.780705299677223e-06;9.200950826191223e-07
02:29:44;567;4.020511137267394e-06;4.725874428982888e-06;5.0708104553893e-05;3.1200584281844033e-06;4.380285932112119e-06;5.2273630602299326e-06;4.565810582461567e-06;3.379958283518518e-06;2.5221615679204103e-06;2.5080235257490813e-06;3.940929670033132e-06;5.7799974500353945e-06;4.198370306276254e-06;3.475767807388634e-06;5.147405267277608e-06;3.671958634358701e-06;5.119299954412206e-06;6.370058467319158e-06;5.824227590765767e-06;4.226387496785293e-06;2.919536275183856e-06;2.9347592852543672e-06;4.8908721861222105e-06;6.594157351668677e-06;4.5076854469617856e-06;4.114397954622348e-06;5.5371503975361e-06;7.072654269001677e-05;0.0001025114246311901;0.00014923870509246328;0.00012712889240587945;9.282653827634127e-05;1.1493665539696769e-05;5.922319306319583e-07;2.7879975321020943e-05;1.417338735596546e-05;2.883110696366861e-06;8.24822955659069e-06;7.945511505525574e-07
02:30:00;568;4.376895912372447e-06;5.124195053489345e-06;4.5871966792003505e-05;4.390835411785784e-06;3.8211990559230715e-06;5.00893883170761e-06;6.107562625342925e-06;3.877782963260498e-06;2.7844438680414316e-06;3.2976838373534956e-06;5.86234410445999e-06;4.755847009621758e-06;2.7074617006532393e-06;4.834284165543647e-06;5.07436551735261e-06;5.056975897453332e-06;4.481078749334681e-06;6.031021631672415e-06;7.241371079118513e-06;5.028555042832822e-06;3.1217185131003758e-06;3.825861363456849e-06;6.792418216834069e-06;5.893875368201407e-06;3.2225639044347327e-06;5.396507665150411e-06;5.39839127185e-06;8.075012145411677e-05;0.00012658824710546336;0.00010260713591711433;7.564902991747747e-05;9.478122137211279e-05;1.123080330158854e-05;5.901200816340969e-07;2.6894019492114537e-05;2.0904027264649612e-05;2.2911288079728906e-06;7.419359346380466e-06;7.583874434170263e-07
02:30:15;569;4.160643525223535e-06;4.863907288611849e-06;6.48441021697901e-05;3.2959698345148456e-06;4.338516409322065e-06;4.508374787351696e-06;5.317811584213607e-06;3.5850397109142436e-06;3.339701269795951e-06;2.492280513844879e-06;6.5995421982217355e-06;5.299761635445645e-06;2.372610818277756e-06;5.271396933181904e-06;3.5067148373777646e-06;3.829634144632927e-06;5.040343397968748e-06;5.603210920641306e-06;6.4638007194234085e-06;4.2958760464507236e-06;3.6408863033551526e-06;2.9279000604150544e-06;7.301117207882985e-06;6.339867180526475e-06;2.8569710798077308e-06;5.9767718758399795e-06;4.090507393846542e-06;8.444410347348696e-05;0.0001340852098998516;0.000271987437509792;0.00013143999537800275;9.32402162514233e-05;7.045283228707108e-06;6.749210182496708e-07;2.082976786174306e-05;2.3659201008489884e-05;2.2476878754073287e-06;7.857312120410072e-06;6.1809041191726e-07
02:30:31;570;3.862540287129108e-06;4.588520915845786e-06;5.627605439929531e-05;3.890541343309906e-06;4.872651490860459e-06;5.12844648655046e-06;5.740070491810911e-06;3.3480127266924145e-06;2.5857685148622522e-06;2.37974205254752e-06;4.590672635564695e-06;4.040660307034407e-06;2.505919982066406e-06;4.7195792366752896e-06;2.5484167498681454e-06;4.493913760183481e-06;5.728673173346383e-06;6.094077601614394e-06;6.971221956760767e-06;4.187471176919644e-06;3.0047458983949296e-06;2.8297335454307e-06;5.4516596857773704e-06;4.961633947781984e-06;2.991700235909349e-06;5.333149886874834e-06;3.014268764108917e-06;6.411118777341938e-05;0.000139283205483123;0.00016713007989721938;0.000132227889931201;9.829541603892483e-05;1.0709547492827924e-05;6.418529818471827e-07;3.3275871916102865e-05;1.7374704749601013e-05;2.3166830541145717e-06;9.45836184563329e-06;4.878516275293724e-07
02:30:47;571;4.340526259224734e-06;5.054645187763388e-06;7.490497156263934e-05;3.775351975770553e-06;7.371052895812434e-06;5.0291237023714075e-06;4.940367998978507e-06;3.2345126087821283e-06;5.063783724779114e-06;2.4366544689836576e-06;4.340647448747797e-06;7.016594042593996e-06;2.2609561718602644e-06;3.434791857805728e-06;3.182476504871478e-06;4.293873111743744e-06;7.986664899409e-06;6.208808593938453e-06;6.1349244362323196e-06;4.30906071196199e-06;5.437465895600418e-06;2.7526716161147203e-06;5.351507694930534e-06;7.69570367163949e-06;2.741733262926665e-06;4.0410281737330235e-06;3.7022979989770545e-06;8.373393822023743e-05;0.00016935385895968942;0.00029417911191134314;0.0001939324974779916;9.372447086649361e-05;1.3412169200718315e-05;6.392850046150844e-07;2.8216697441500734e-05;1.1830483512717098e-05;1.766396740542039e-06;7.420263526257904e-06;6.504858895655966e-07
02:31:03;572;3.6836377142115206e-06;4.439674765745633e-06;5.88521821950818e-05;2.5894271522149253e-06;4.1600540508955994e-06;4.600195655190088e-06;5.318986903610969e-06;3.427261165614678e-06;2.840522566897748e-06;1.729258952516814e-06;4.611079751723227e-06;4.3398710890843715e-06;4.069644559931166e-06;3.920689791734524e-06;2.5966596980902583e-06;3.187572828428989e-06;4.960097532050354e-06;5.726482272563507e-06;6.6435110931729755e-06;4.341922747215316e-06;3.172739601596513e-06;2.1960301761351683e-06;5.444981715173307e-06;5.3721654021040805e-06;4.4902366241757006e-06;4.532903285738179e-06;3.207451667077305e-06;7.851061762915812e-05;0.00011289072451902449;0.00018703675536909574;0.00016551289792434925;8.650400765077999e-05;1.1792031909870417e-05;9.007695107931436e-07;3.683407158873598e-05;1.497489696351938e-05;2.622635426162711e-06;7.984311207748506e-06;6.624666417438079e-07
02:31:19;573;3.7679034457353695e-06;4.469498518821776e-06;8.227897158760501e-05;3.209304031415172e-06;4.959608676554953e-06;5.567650308467943e-06;5.733214444283228e-06;3.6083302028735242e-06;2.5647254619862925e-06;2.5221688113383967e-06;3.945067102571122e-06;4.675468111902216e-06;2.709789298646373e-06;3.466338399507859e-06;2.2531751604695027e-06;3.6155730367106197e-06;5.595745779494711e-06;6.640495254792261e-06;7.097246999606634e-06;4.5089648412175835e-06;2.9749712091041698e-06;2.9887479038596305e-06;4.868021923230808e-06;5.336806380806662e-06;3.1083011464621057e-06;4.113284946090315e-06;2.7858211193302803e-06;7.225811408637385e-05;0.0001248466610020058;0.00037989925611637285;0.00026378724453448503;8.664740092962279e-05;7.866589514229283e-06;1.4919149951490985e-06;2.824263621757429e-05;1.3283082618848081e-05;1.8823052717816697e-06;6.676883704716179e-06;4.6557006010113866e-07
02:31:35;574;4.390051340149884e-06;5.069084245060597e-06;7.87350620263684e-05;2.798174350166443e-06;4.472346457294986e-06;6.045090172273666e-06;5.894928831780404e-06;5.108082937642745e-06;3.1825825819579863e-06;2.4182233592543154e-06;4.084853584112642e-06;5.014932339458317e-06;3.6067535942924618e-06;7.672345452776467e-06;2.382300735994456e-06;3.3445435436285925e-06;5.133043795110639e-06;7.163852140227483e-06;7.11927267603423e-06;5.826065034852945e-06;3.484721129915428e-06;2.768491660528433e-06;4.84931628525834e-06;6.044321000007574e-06;3.9333422885451735e-06;8.254257023463076e-06;2.907782751392489e-06;8.308745002694737e-05;0.00013675976038898466;0.00039308178514661833;0.0001853528580381253;7.525814657427612e-05;8.230881743257473e-06;6.871113244582069e-07;2.6492618188117256e-05;2.6301050597190166e-05;1.333541280227627e-06;7.503306309008585e-06;7.322346992094687e-07
02:31:50;575;4.403314566949555e-06;5.125640580191902e-06;6.435020676081099e-05;3.1978239224305196e-06;4.841372738181607e-06;4.507390876540285e-06;5.908521231390296e-06;4.105535515593188e-06;6.01767672007854e-06;2.3765615883322964e-06;4.671055884712545e-06;5.297669164602584e-06;5.368439562467777e-06;3.7741598943470804e-06;2.7735658613439993e-06;3.7704146334478157e-06;5.427248226301863e-06;5.711877243995815e-06;6.955791486919374e-06;5.0530526164902195e-06;6.1827652505691065e-06;2.8746687127140024e-06;5.5881026853483815e-06;6.3443167739852824e-06;5.838484357694522e-06;4.406013719249764e-06;3.3549493876687596e-06;8.851446220742048e-05;0.00011420264677016743;0.00023694349419130508;0.00017097263789743773;8.5563185332965e-05;1.2901340308046983e-05;6.951566750542963e-07;3.1507684596963694e-05;2.0998610004024812e-05;2.1062178495192025e-06;6.923330269267758e-06;8.737150275592802e-07
02:32:06;576;3.3517185626537453e-06;4.1123230115358e-06;6.815074656511321e-05;2.846666104939676e-06;4.15493421809546e-06;4.317612169689834e-06;5.316290812826e-06;3.2298961388283427e-06;2.654358630913769e-06;1.7400437424667943e-06;3.983907198801262e-06;3.6403842975248195e-06;2.9634833023095553e-06;3.018304385578445e-06;2.354740871624017e-06;3.406017699374768e-06;4.916631726850534e-06;5.511910995676461e-06;6.58557687932478e-06;4.2396857455209605e-06;3.030386868788269e-06;2.177023014765733e-06;4.941078089624297e-06;4.6142184699051485e-06;3.334935900632364e-06;3.723425992621408e-06;2.8669828608040984e-06;6.830353364801354e-05;0.00015307331736523044;0.0002677357778875144;0.00017041849421634022;9.101148138088859e-05;8.435083982117403e-06;6.248800954677582e-07;3.0050730080119595e-05;1.7424757734857706e-05;1.6294131943938407e-06;8.649680560181018e-06;4.5180863623402975e-07
02:32:22;577;3.554981642395205e-06;4.29363503135852e-06;6.211389665554625e-05;3.0708834392550504e-06;4.149444721561353e-06;4.437864960687483e-06;4.975577664626226e-06;3.1715193697126862e-06;2.3552338783099973e-06;2.064231268664426e-06;5.316072111970595e-06;4.667496421523703e-06;2.732199757912471e-06;3.4094479590281295e-06;2.3098071113154943e-06;3.4503107950582442e-06;4.757550874573202e-06;5.598476822273415e-06;6.3938085111635415e-06;4.235003068141493e-06;2.740163544146952e-06;2.506054348095513e-06;6.37742056789671e-06;5.468756646361634e-06;3.2524282393947204e-06;4.011632533628115e-06;2.732012966347772e-06;7.840740270023165e-05;0.00013504078453574668;0.00022005251379510692;0.00014608760355765385;9.684119179478049e-05;8.584611574695535e-06;6.00484749688837e-07;3.672991691083971e-05;1.196761977711107e-05;1.3759333546818752e-06;8.938093429146049e-06;7.406036868721993e-07
02:32:38;578;4.480654199506324e-06;5.232422983128713e-06;5.960811825329283e-05;5.599860336890185e-06;5.633868796130835e-06;4.657220807305603e-06;6.696273452178048e-06;3.529404412525785e-06;3.097561268332201e-06;5.650080207495669e-06;4.166008712628995e-06;4.2858088446254525e-06;4.084463110842762e-06;3.912340178531664e-06;2.45495845123274e-06;6.205860676967445e-06;6.274310134692394e-06;5.863646222252688e-06;7.999369786318046e-06;4.525776639235994e-06;3.3734585129054666e-06;6.102494252664206e-06;5.083334757774203e-06;5.174316704971163e-06;4.514696128572274e-06;4.628906887048771e-06;3.0429023411935433e-06;7.4422486438189e-05;0.0001249300961368715;0.00020650179133445157;0.00015593207800530118;8.780566012883405e-05;9.100018721632576e-06;5.709885582758564e-07;3.336424466831105e-05;1.245541437325104e-05;1.9645178426320485e-06;7.612381659695503e-06;6.377411720684998e-07
02:32:54;579;3.8635170175832005e-06;4.588558193615968e-06;6.870064039666735e-05;2.7916650621891264e-06;5.475856023971139e-06;7.558348940183247e-06;4.921809652038498e-06;4.3808758686158065e-06;2.715709962201758e-06;1.8797821294698607e-06;3.846480858594635e-06;4.015206984836988e-06;2.7719319263365025e-06;3.196209994045644e-06;2.8083253678090614e-06;3.275224775901319e-06;6.20679321124228e-06;8.787097831833606e-06;6.100304474358969e-06;5.325151937252981e-06;3.0477958342642156e-06;2.317309610900131e-06;4.723066571317805e-06;5.01232177986269e-06;3.1677483148202175e-06;3.8247330532520875e-06;3.2751491194694263e-06;8.514042872739854e-05;0.0001137134680140635;0.0003114227937690285;0.00016297906541689583;7.6839159019829e-05;8.401916766953879e-06;6.715968128007405e-07;3.34012707004698e-05;2.2390849818513707e-05;1.9054328089712048e-06;7.119679018533364e-06;4.2202388655034836e-07
02:33:10;580;4.524588334543399e-06;5.234305251489579e-06;6.04060894718837e-05;3.6107089135968677e-06;4.990530508114881e-06;5.529491834915296e-06;5.850872554124077e-06;3.882044874165496e-06;2.994506743741516e-06;5.255877704774486e-06;4.587781355460472e-06;4.0498136777826365e-06;6.725564794539775e-06;3.700189076350956e-06;3.117675975807608e-06;4.203648474305991e-06;5.69796537415123e-06;6.7668762612005526e-06;7.069848523522385e-06;4.760350221555269e-06;3.3280455011352597e-06;5.441857593677348e-06;5.448205724227407e-06;4.964775492145593e-06;7.099081315147165e-06;4.365054449788405e-06;3.6659521644156207e-06;7.758830403229537e-05;0.00012332079211427216;0.00021149409845043458;0.00014767350093386066;9.183195267250021e-05;1.069502762495308e-05;5.957027747440132e-07;3.1670894314053876e-05;1.9241237849124166e-05;1.880625699264378e-06;8.11281728919975e-06;7.681199079024749e-07
02:33:26;581;4.346047566434146e-06;5.1169051195894914e-06;5.054775273492498e-05;3.2656328130542533e-06;3.984591940761365e-06;5.608178426541599e-06;5.262593133956918e-06;3.7163359481501796e-06;3.642942738418304e-06;5.396705522868346e-06;6.594029851925143e-06;4.517897504673453e-06;2.9658708458865393e-06;3.6380128658273425e-06;3.559777480949771e-06;3.74189167653444e-06;4.712198017530889e-06;6.758922327092858e-06;6.607389037480395e-06;4.6354592552832606e-06;3.926482522614076e-06;5.7419866532401576e-06;7.676297886801081e-06;5.498691423988792e-06;3.45298147444334e-06;4.391070208989328e-06;4.259489083157364e-06;6.906556582506111e-05;0.00011384407159216862;0.00015436473509112758;0.00010887506377487929;9.250340005332747e-05;9.951068333162605e-06;5.081460024849887e-07;3.521670301837372e-05;1.1807019916621651e-05;2.6313663689066313e-06;7.3992621283571035e-06;4.066307146289766e-07
02:33:41;582;4.1588585714629804e-06;4.898357198001151e-06;7.19356312271263e-05;3.0982462303990648e-06;6.027762952049381e-06;4.499729356798422e-06;4.984584109347555e-06;3.3741310774876805e-06;3.12077460972272e-06;5.004084089806198e-06;4.9639187202708195e-06;4.608983676490652e-06;3.6628972763191374e-06;4.161367625437668e-06;2.3998213481878463e-06;3.526109652094546e-06;6.6334489301995365e-06;5.67286458101103e-06;6.230467015829842e-06;4.365624648281609e-06;3.5629979541952225e-06;5.387929970219133e-06;5.97166850823243e-06;5.4172753175695525e-06;4.300149749102689e-06;4.781871021931911e-06;2.9298771248906197e-06;7.125854675942883e-05;0.000108108986476624;0.0003051181491670385;0.00023158048785927083;8.096831727387551e-05;8.431716674399552e-06;5.076572634420227e-07;3.145467223291437e-05;1.5426209676664372e-05;1.4632227841482912e-06;8.371302768831651e-06;5.383057888778863e-07
02:33:57;583;4.0576216048552025e-06;4.741652924455098e-06;7.269197056965683e-05;3.2873110123303335e-06;4.271147707997485e-06;6.887459027831772e-06;5.983011009453259e-06;5.431283108430824e-06;2.53021541399531e-06;2.0309505554488343e-06;3.969396907812304e-06;4.454378869796343e-06;3.465398346946813e-06;3.964709193837734e-06;2.4161964193454692e-06;3.7478801263942047e-06;4.936134108085085e-06;7.981154017733953e-06;7.041130048273311e-06;6.342394243214976e-06;2.86288286012758e-06;2.455311087205585e-06;4.769369312109834e-06;5.321123531941822e-06;3.827076446939344e-06;4.705456811141722e-06;2.9099206712308393e-06;0.00010289152093444593;0.00012007225089424331;0.0003217849856546244;0.00015849464123183067;0.00010558376441396834;9.242005411353547e-06;5.547694083524986e-07;2.3756981161641745e-05;2.0812014509049164e-05;9.80564529901505e-07;7.3849777877299455e-06;7.451708987409493e-07
02:34:13;584;3.8442054397917635e-06;4.581909367136431e-06;4.7632218725400965e-05;2.681755291207692e-06;4.356473909051704e-06;4.546433264610269e-06;5.085763256509133e-06;3.3626678135334487e-06;2.6127126335560225e-06;2.2999101866619496e-06;4.476339031485437e-06;5.738615570294314e-06;3.0327300769269785e-06;4.5503331827360815e-06;3.386729610774999e-06;3.1187871713824924e-06;5.087158644781521e-06;5.698238513254689e-06;6.239719829253876e-06;4.494307053322746e-06;3.06650412013265e-06;2.75251665519861e-06;5.279059920051427e-06;6.655612023793385e-06;3.437356510886862e-06;5.290801007366191e-06;3.862849009145734e-06;6.172977218515614e-05;0.00012089605694013439;0.0001345658968743443;0.00010032816167771423;9.201499409201086e-05;9.437337964531984e-06;8.075960744415079e-07;3.062925252041956e-05;1.0261559905588838e-05;1.5027224727146146e-06;8.579725546005061e-06;8.335484517500394e-07
02:34:29;585;4.047437734300274e-06;4.759706503654907e-06;7.37197402905369e-05;3.8181102155476765e-06;4.768443122380652e-06;5.5040575374996274e-06;5.3043286359607835e-06;3.759212561440315e-06;2.62184923484974e-06;2.2112929812901814e-06;4.170742772722426e-06;4.448352315348942e-06;4.82535456763406e-06;4.654811531617559e-06;2.482695582854562e-06;4.477838611140364e-06;5.3821613446531576e-06;6.491217178175052e-06;6.456537638642439e-06;4.624924978215168e-06;3.01926228144975e-06;2.634568116701314e-06;4.969448285965548e-06;5.212988408177957e-06;5.411473092506272e-06;5.396251130081556e-06;3.0398052239192274e-06;8.895053958931407e-05;0.00012772300584856948;0.0003298288662902535;0.0001790476588362675;9.716695625145534e-05;1.1000976809224188e-05;8.082673772307266e-07;1.852034245360326e-05;2.1781595213401225e-05;1.5476625074626728e-06;7.623816704017222e-06;6.371956056431726e-07
02:34:45;586;3.7063800949578183e-06;4.380304085604126e-06;6.757832478139984e-05;2.808360222191068e-06;5.026137875835895e-06;4.954006682696259e-06;4.824431724418074e-06;4.659883103386164e-06;3.4922952586346025e-06;1.7273146122320782e-06;3.958948912696769e-06;3.7233173396151127e-06;2.8332005023269278e-06;3.2760564325167767e-06;3.1926073292125197e-06;3.2614800516115148e-06;5.591294021668764e-06;6.070715808394347e-06;6.058753063405652e-06;5.574554575968584e-06;3.7781323752352377e-06;2.1116241504951407e-06;4.783023089807609e-06;4.594680937851633e-06;3.180239782753383e-06;3.977557477085185e-06;3.581591789077697e-06;7.293269053148392e-05;0.0001405281766413348;0.0002602084990614444;0.0001718868286351095;0.00010086302899763147;1.0035229939351701e-05;5.787807233349142e-07;2.763374524898821e-05;1.656709876136343e-05;1.6043123827619174e-06;7.539720125009397e-06;5.617863289846201e-07
02:35:01;587;3.417515536341398e-06;4.167438543005073e-06;5.6039210599990704e-05;2.9744623661090683e-06;3.881501260042083e-06;4.522089395467529e-06;4.784241799171696e-06;3.157440446634816e-06;2.6944432420996445e-06;2.334003679862271e-06;3.820707511824718e-06;4.291702259835843e-06;2.458820645918019e-06;3.709808662286853e-06;2.3809641813699045e-06;3.465916224625669e-06;4.6881489053496034e-06;5.61371186300169e-06;6.050147867772236e-06;4.212474703055267e-06;3.094516012257787e-06;2.792712317513397e-06;4.662786108659745e-06;5.287273022733206e-06;2.948652596802e-06;4.421315374708649e-06;2.7716059186119147e-06;7.590086391393604e-05;0.0001179508772924226;0.00017127962179036557;0.0001386150412257373;9.513123841599929e-05;1.5120657641096764e-05;6.865603707026704e-07;2.759253075867412e-05;1.8596522401661473e-05;1.7584269717466116e-06;9.34087305264429e-06;4.973133649016136e-07
02:35:16;588;4.9848000029132065e-06;5.722957816539713e-06;6.553991290124838e-05;5.782088101566077e-06;4.149135277293164e-06;5.165953354949434e-06;4.955002326506081e-06;5.053355045444877e-06;3.1093173769844187e-06;4.928839798685141e-06;6.238719973274763e-06;7.563714756419028e-06;2.5859736971576486e-06;3.9350687640907465e-06;6.35042979850327e-06;6.2988093488940324e-06;4.9377198322446605e-06;6.363406636053328e-06;6.183777086450011e-06;6.506009128050992e-06;3.4414062576638857e-06;5.224437803848605e-06;7.3314791170329805e-06;8.222345283534598e-06;2.9479736949839737e-06;4.54293277885605e-06;6.67519487228386e-06;0.00010550374917794804;0.00014009300863167232;0.00022186785143657583;0.00015520972944702168;9.345018012272767e-05;1.0069290462848286e-05;5.861246032467743e-07;3.7891021412030223e-05;1.1451712372808235e-05;1.3184650335848943e-06;8.048650136372341e-06;9.891719781440058e-07
02:35:32;589;3.790690128175294e-06;4.567730632550569e-06;6.941002411094661e-05;2.8232453918132126e-06;4.209931018098442e-06;4.628136273574703e-06;5.945426770378762e-06;4.410573964073385e-06;3.3591949233559926e-06;1.9985514601634176e-06;3.7140382386527646e-06;4.802739747072399e-06;2.847190224677185e-06;3.103252222625873e-06;3.6459998152725928e-06;3.3176295504791264e-06;4.987297131000433e-06;5.912441390102709e-06;7.374200115147595e-06;5.4707353988708785e-06;3.7282561175121787e-06;2.301472458775952e-06;4.6278331422088945e-06;5.852105940431113e-06;3.3428712361490376e-06;3.763200740212585e-06;4.134722573752109e-06;7.955548606839545e-05;0.0001083278464285875;0.00025300516391289703;0.00022172331367106252;0.00010341789596894106;1.0226863797026937e-05;6.470466081742639e-07;3.080877457828524e-05;1.4070016231479979e-05;1.6255629799886607e-06;8.886517660516994e-06;6.258014260039123e-07
02:35:48;590;4.340538307122767e-06;5.0568706810045575e-06;7.973240654376002e-05;3.8488860806363725e-06;3.7789130312210712e-06;7.570440211359462e-06;6.445281712462826e-06;8.05763735039539e-06;2.5688546934077294e-06;1.8346892319730623e-06;4.0209079469636064e-06;4.437791996022869e-06;3.0697230275287457e-06;3.02464152762189e-06;3.428691193428015e-06;4.350423230075821e-06;4.373081981013249e-06;8.702897393729323e-06;7.840192251300138e-06;9.040528662877431e-06;2.999320637299425e-06;2.2617188770836255e-06;4.939998214329627e-06;5.335689219107367e-06;3.323834893239155e-06;3.6680986035714307e-06;3.846663057168981e-06;9.952536946082704e-05;0.0001311325117313875;0.00033487824606675366;0.0002208660048856509;0.00010770116769321416;8.97189548401321e-06;7.037947499237878e-07;2.89538212513037e-05;1.4212944619069621e-05;1.5007857466971482e-06;7.815301797912731e-06;5.270350383670379e-07
02:36:04;591;4.2804102665560215e-06;4.97012619626166e-06;4.40642208981233e-05;3.0406230642008514e-06;3.996846559576025e-06;6.556841674539142e-06;5.773695662014688e-06;5.42553512807651e-06;3.04186607910398e-06;4.231678346723232e-06;4.274611114851723e-06;4.2188499882265455e-06;4.00063721593049e-06;3.761528930112945e-06;3.042207769577875e-06;3.5303170450995685e-06;4.6716150917964575e-06;7.5858347372559365e-06;6.936441941088791e-06;6.581846673149892e-06;3.3884324768476726e-06;4.517183308766844e-06;5.035750239620006e-06;4.937381960719248e-06;4.292097507539991e-06;4.4407656182959765e-06;3.7238461230497453e-06;7.60082106876523e-05;0.00010065387325666617;8.152742343500778e-05;8.316333706357549e-05;0.00011750873854666018;1.6566785686854966e-05;4.916657489382773e-07;2.7638981469269957e-05;1.4462446108000006e-05;2.447858082862895e-06;7.667350304681163e-06;6.339803873100674e-07
02:36:20;592;4.06698963508554e-06;4.7466408409203304e-06;5.655367349046395e-05;2.8672680525623018e-06;5.818475385539883e-06;6.0187057668253434e-06;6.030808693809191e-06;3.2043971636142032e-06;3.6968874074328926e-06;2.6685814943664097e-06;3.6465814290600273e-06;5.450445745806705e-06;2.878081608673452e-06;3.6944229351702647e-06;2.8292182742039142e-06;3.299199228928921e-06;6.500508426384679e-06;7.0782232485933355e-06;7.343771007002989e-06;4.0657569115865044e-06;4.027687478073743e-06;2.960151947044773e-06;4.483580006550094e-06;6.117037697503626e-06;3.260009398678748e-06;4.297554274280283e-06;3.5262089424370197e-06;8.071176255790746e-05;0.00011686680793593186;0.0001605398681610744;0.00014853863882782043;0.00010283786705599073;1.1628659487389114e-05;6.593718847762198e-07;3.396760893951755e-05;1.2062047201303607e-05;2.044068444776011e-06;8.296959657789212e-06;4.904217312906245e-07
02:36:36;593;4.501801924370532e-06;5.23894673681787e-06;7.403553563522832e-05;2.701691672803783e-06;7.45811397545088e-06;5.137837788024316e-06;5.863088025586711e-06;4.411549051558888e-06;2.721194666932547e-06;7.696721585081047e-06;4.1315805083415436e-06;3.976210679985053e-06;2.7194560741476566e-06;3.7921306347176267e-06;3.4120465777220943e-06;3.1694331177784045e-06;8.097904160249642e-06;6.218240603722066e-06;7.1336531572676076e-06;5.591516246337811e-06;3.103226920100934e-06;8.047111143379787e-06;4.920312817433379e-06;4.972568891803981e-06;3.1997852412259126e-06;4.396122932708358e-06;4.017483736132345e-06;7.156328188237274e-05;0.00011109875357003486;0.0003165966321049938;0.00022297788915090353;9.714927564277392e-05;9.12077988648207e-06;4.944981182155348e-07;3.032304219481986e-05;1.944827271413534e-05;1.8752099223521144e-06;7.106798941518888e-06;6.719934941371493e-07
02:36:51;594;4.092633767721116e-06;4.865556196749868e-06;5.951300509651703e-05;3.0415195499955416e-06;4.971458271799375e-06;5.100268532358272e-06;4.717633331743152e-06;5.933864978854589e-06;2.665522774462788e-06;4.583280632110907e-06;4.629549355751227e-06;5.120407352747365e-06;2.322029928013659e-06;3.6468967831059342e-06;2.3791719162860856e-06;3.727356356706233e-06;5.732132361612734e-06;6.335990798981607e-06;5.905346358614926e-06;7.2393912098879254e-06;3.0600206633907067e-06;4.973847082994003e-06;5.3157221234961314e-06;5.997849044272502e-06;2.75881621844378e-06;4.405566904074188e-06;2.934633600857581e-06;8.305763325335153e-05;0.0001507282457882497;0.00019005520082687402;0.00011506152927872668;0.00011539508567170481;1.0887172924001572e-05;7.482286731205679e-07;2.419407891532863e-05;1.2726557918594853e-05;1.4148227592544286e-06;9.01763575634226e-06;8.698693926553254e-07
02:37:07;595;4.194679464381517e-06;4.94952020652576e-06;6.460963070716587e-05;3.4129526101429004e-06;7.179228239935624e-06;4.828030531004143e-06;4.958456001831606e-06;4.466718157044883e-06;3.850812237648039e-06;2.2248756555078652e-06;3.6027278185392997e-06;6.927423849586748e-06;2.846224986444409e-06;3.85343991091893e-06;2.185261828783909e-06;3.9521604016551426e-06;7.774855504654233e-06;5.96790349949446e-06;6.185277706657571e-06;5.4780005979686206e-06;4.173599943643712e-06;2.68913726131359e-06;4.550720318605537e-06;8.225121913296156e-06;3.1896571211786345e-06;4.529311034943182e-06;2.6784952573323125e-06;6.48510782055362e-05;9.201373422219471e-05;0.00022334345455649258;0.00023113660184977456;9.363441182193802e-05;1.0532343774134265e-05;7.325049405660014e-07;3.0657506016494725e-05;1.8638953444615428e-05;1.6958211588191662e-06;7.65429169389692e-06;4.2486680152802923e-07
02:37:23;596;4.169259735029775e-06;4.899481238473665e-06;5.90889585301092e-05;4.008517263090735e-06;4.613359933100273e-06;5.143924452449317e-06;7.2733818647918724e-06;5.716292695271105e-06;4.474205888530233e-06;1.803195143989068e-06;3.976598412174843e-06;4.398996661724265e-06;2.3833037534615187e-06;3.64586921428802e-06;2.593469899442818e-06;4.61151176474416e-06;5.288189266691548e-06;6.2904547132946596e-06;8.241461492167517e-06;6.916799912123448e-06;4.888512174009612e-06;2.1337121028455507e-06;4.8129575393259185e-06;5.346457547153777e-06;2.8259692965237473e-06;4.238504493226669e-06;3.199242608193172e-06;7.669612920645886e-05;0.00013906052907546005;0.00020634757165060243;0.00012374996791382356;0.00010129705683078884;8.494674190105677e-06;5.965814136707246e-07;2.2001198906588057e-05;2.1139059485041464e-05;1.2264356245828466e-06;7.982901929204073e-06;4.7539613498374204e-07
02:37:39;597;3.935905490819054e-06;4.680661662906125e-06;5.7993916071912085e-05;2.7718447910274335e-06;3.878236732646201e-06;5.59176359841858e-06;4.6613208317064e-06;6.08351010100705e-06;2.4815077711469837e-06;1.9562424394724656e-06;3.9219625491491365e-06;6.976015993390402e-06;2.367075974421792e-06;3.5583945035000397e-06;2.98298908031246e-06;3.3221113633633743e-06;4.572293466734191e-06;6.75626946919888e-06;6.0685180547415825e-06;7.109598743538092e-06;2.958076845660096e-06;2.3771878106713358e-06;4.7708968717807125e-06;7.805775486660792e-06;2.8087777254653172e-06;4.3212463694970535e-06;3.2971854579955107e-06;7.08699240597529e-05;0.00012639502439668653;0.0001983226916581187;0.00013570627961273057;0.00010072976819779217;7.479436421661698e-06;7.470935304480641e-07;3.379902191613527e-05;1.2194205995403671e-05;1.6020989724753106e-06;7.635946805056422e-06;4.455012966839621e-07
02:37:55;598;3.957713089293562e-06;4.685752340760068e-06;5.0910995218842414e-05;2.852480493264021e-06;5.950410563312661e-06;4.263020667461991e-06;5.19994489649052e-06;3.6866544516168562e-06;4.268881814342959e-06;2.0456804144783094e-06;4.771837579459708e-06;4.507814661345512e-06;2.3743054538207597e-06;3.674301918721312e-06;3.897222700030315e-06;3.4513504396031e-06;6.628555840069555e-06;5.485552569955905e-06;6.377340509337771e-06;4.712725084101305e-06;4.469081964492068e-06;2.391403743878314e-06;5.758550989550621e-06;5.3887230553553744e-06;2.8560260917874062e-06;4.223745123983716e-06;4.485970640716108e-06;6.98017876255375e-05;0.00012620173843587798;0.0001566396812967199;0.00011089812939480614;8.535536977656328e-05;9.915000545544652e-06;6.426081936501297e-07;2.674622362585498e-05;1.499767750915031e-05;1.1858916066317076e-06;8.063953559446336e-06;4.838810563260161e-07
02:38:11;599;3.849878196924485e-06;4.541423118386279e-06;4.3407231842607564e-05;2.6876234098047935e-06;4.436841323754689e-06;5.615173322517173e-06;5.011016817491054e-06;3.464201792979793e-06;2.8419811641811066e-06;2.740545694218161e-06;4.793880280699754e-06;4.847491589708077e-06;3.838257929348029e-06;3.38226512655834e-06;2.5392585173927333e-06;3.2146825859957903e-06;5.1955858976679675e-06;6.648922909001077e-06;6.102200506022568e-06;4.406487776094176e-06;3.1976386408938265e-06;3.1399508252779694e-06;5.649778606450035e-06;5.723043458705364e-06;4.241063969615586e-06;4.046593815047932e-06;2.9311267706108557e-06;6.844249865558118e-05;9.980828714968235e-05;0.00011570989415762817;8.700384542919344e-05;8.641503442235153e-05;1.0347954623073071e-05;6.469815488499762e-07;2.840852753943365e-05;1.27880199683938e-05;2.539787553330926e-06;8.0721830844284e-06;7.037679793444031e-07
02:38:27;600;3.658681005188927e-06;4.3557156027706205e-06;5.15400613113086e-05;2.7947625049762337e-06;5.258409639194187e-06;4.773959425108387e-06;7.077827152489714e-06;3.123813141088631e-06;2.5832697870113592e-06;1.6747233163078528e-06;3.892450553877325e-06;3.7764968209589e-06;2.3376183889599713e-06;4.043925887809895e-06;2.5669144040240224e-06;3.3563247350546684e-06;5.920027479653901e-06;5.8271737002599635e-06;8.142268039660802e-06;4.011371937492727e-06;3.024173007430317e-06;2.138496434246365e-06;4.720038092111995e-06;4.655969972571003e-06;2.742860657880429e-06;4.661429076367301e-06;3.068452526890666e-06;8.178640670465302e-05;9.979369181134053e-05;0.0001672354817785485;0.00011756741261486897;9.31324971763373e-05;8.99116025562429e-06;1.1936124380194675e-06;2.5354365695753683e-05;1.3207419484617673e-05;1.4401985864472865e-06;8.181766774030832e-06;5.967224154618234e-07
