{
    "phase_name": "Chiolite",
    "total_entries": 102,
    "phase_parameters": {
        "ESU": {
            "min": 0.06549,
            "max": 0.32753,
            "avg": 0.23064750117088512,
            "std": 0.03494083721538457,
            "range": [
                0.17823624534780827,
                0.283058756993962
            ]
        },
        "SF": {
            "min": 0.0,
            "max": 0.001766218,
            "avg": 0.0009674015812948921,
            "std": 0.0004302349166642803,
            "range": [
                0.0003220492062984717,
                0.0016127539562913124
            ]
        },
        "A": {
            "min": 7.02,
            "max": 7.06,
            "avg": 7.0349262004633015,
            "std": 0.008986753268325846,
            "range": [
                7.021446070560812,
                7.048406330365791
            ]
        },
        "B": {
            "min": 7.02,
            "max": 7.06,
            "avg": 7.0349262004633015,
            "std": 0.008986753268325846,
            "range": [
                7.021446070560812,
                7.048406330365791
            ]
        },
        "C": {
            "min": 10.36,
            "max": 10.403,
            "avg": 10.387463487755749,
            "std": 0.00777922139217518,
            "range": [
                10.375794655667486,
                10.399132319844012
            ]
        },
        "Alpha": {
            "min": 90.0,
            "max": 90.0,
            "avg": 90.0,
            "std": 0.0,
            "range": [
                90.0,
                90.0
            ]
        },
        "Beta": {
            "min": 90.0,
            "max": 90.0,
            "avg": 90.0,
            "std": 0.0,
            "range": [
                90.0,
                90.0
            ]
        },
        "Gamma": {
            "min": 90.0,
            "max": 90.0,
            "avg": 90.0,
            "std": 0.0,
            "range": [
                90.0,
                90.0
            ]
        },
        "NA": {
            "min": 80.0,
            "max": 349.9999,
            "avg": 147.45689824989117,
            "std": 50.24545092790674,
            "range": [
                80.0,
                222.82507464175126
            ]
        },
        "NB": {
            "min": 0.0,
            "max": 0.0,
            "avg": 0.0,
            "std": 0.0,
            "range": [
                0.0,
                0.0
            ]
        },
        "NC": {
            "min": 1001.0,
            "max": 1001.0,
            "avg": 1001.0,
            "std": 0.0,
            "range": [
                1001.0,
                1001.0
            ]
        },
        "P1": {
            "min": 14.0,
            "max": 14.0,
            "avg": 14.0,
            "std": 0.0,
            "range": [
                14.0,
                14.0
            ]
        },
        "P2": {
            "min": 0.0,
            "max": 0.0,
            "avg": 0.0,
            "std": 0.0,
            "range": [
                0.0,
                0.0
            ]
        },
        "P3": {
            "min": 0.0,
            "max": 0.0,
            "avg": 0.0,
            "std": 0.0,
            "range": [
                0.0,
                0.0
            ]
        },
        "U": {
            "min": 0.0,
            "max": 0.0,
            "avg": 0.0,
            "std": 0.0,
            "range": [
                0.0,
                0.0
            ]
        },
        "V": {
            "min": 0.0,
            "max": 0.0,
            "avg": 0.0,
            "std": 0.0,
            "range": [
                0.0,
                0.0
            ]
        },
        "W": {
            "min": 0.0011,
            "max": 0.4,
            "avg": 0.38726419899799447,
            "std": 0.03707498667802263,
            "range": [
                0.3316517189809605,
                0.4
            ]
        },
        "Z": {
            "min": 0.0,
            "max": 0.0,
            "avg": 0.0,
            "std": 0.0,
            "range": [
                0.0,
                0.0
            ]
        },
        "hh": {
            "min": 0.93,
            "max": 1.0,
            "avg": 0.9795610764126413,
            "std": 0.014884557322792862,
            "range": [
                0.9572342404284521,
                1.0
            ]
        },
        "kk": {
            "min": 1.0,
            "max": 1.0,
            "avg": 1.0,
            "std": 0.0,
            "range": [
                1.0,
                1.0
            ]
        },
        "ll": {
            "min": 1.0,
            "max": 1.0,
            "avg": 1.0,
            "std": 0.0,
            "range": [
                1.0,
                1.0
            ]
        },
        "hk": {
            "min": 0.0,
            "max": 0.0,
            "avg": 0.0,
            "std": 0.0,
            "range": [
                0.0,
                0.0
            ]
        },
        "hl": {
            "min": 0.0,
            "max": 0.0,
            "avg": 0.0,
            "std": 0.0,
            "range": [
                0.0,
                0.0
            ]
        },
        "kl": {
            "min": 0.0,
            "max": 0.0,
            "avg": 0.0,
            "std": 0.0,
            "range": [
                0.0,
                0.0
            ]
        },
        "s1": {
            "min": 0.0,
            "max": 0.0,
            "avg": 0.0,
            "std": 0.0,
            "range": [
                0.0,
                0.0
            ]
        },
        "s2": {
            "min": 0.0,
            "max": 0.0,
            "avg": 0.0,
            "std": 0.0,
            "range": [
                0.0,
                0.0
            ]
        },
        "s3": {
            "min": 0.0,
            "max": 0.0,
            "avg": 0.0,
            "std": 0.0,
            "range": [
                0.0,
                0.0
            ]
        },
        "s4": {
            "min": 0.0,
            "max": 0.0,
            "avg": 0.0,
            "std": 0.0,
            "range": [
                0.0,
                0.0
            ]
        },
        "s5": {
            "min": 0.0,
            "max": 0.0,
            "avg": 0.0,
            "std": 0.0,
            "range": [
                0.0,
                0.0
            ]
        },
        "s6": {
            "min": 0.0,
            "max": 0.0,
            "avg": 0.0,
            "std": 0.0,
            "range": [
                0.0,
                0.0
            ]
        }
    },
    "atom_parameters": {
        "Na1 (Na+1)": {
            "X": {
                "min": 0.0,
                "max": 0.0,
                "avg": 0.0,
                "std": 0.0,
                "range": [
                    0.0,
                    0.0
                ]
            },
            "Y": {
                "min": 0.0,
                "max": 0.0,
                "avg": 0.0,
                "std": 0.0,
                "range": [
                    0.0,
                    0.0
                ]
            },
            "Z": {
                "min": 0.5,
                "max": 0.5,
                "avg": 0.5,
                "std": 0.0,
                "range": [
                    0.5,
                    0.5
                ]
            },
            "B": {
                "min": 1.55,
                "max": 1.55,
                "avg": 1.55,
                "std": 0.0,