{
    "phase_name": "Cryolite",
    "total_entries": 102,
    "phase_parameters": {
        "ESU": {
            "min": 0.14396,
            "max": 0.42674,
            "avg": 0.2823584302230041,
            "std": 0.04989597341732159,
            "range": [
                0.20751447009702173,
                0.3572023903489865
            ]
        },
        "SF": {
            "min": 0.001456769,
            "max": 0.01311193,
            "avg": 0.008372542488757583,
            "std": 0.0025576626592224198,
            "range": [
                0.004536048499923954,
                0.012209036477591213
            ]
        },
        "A": {
            "min": 5.40454,
            "max": 5.42938,
            "avg": 5.411469474429228,
            "std": 0.003582636290545304,
            "range": [
                5.40609551999341,
                5.416843428865046
            ]
        },
        "B": {
            "min": 5.57789,
            "max": 5.59873,
            "avg": 5.59101354693488,
            "std": 0.0029390461501527664,
            "range": [
                5.5866049777096505,
                5.595422116160109
            ]
        },
        "C": {
            "min": 9.44199,
            "max": 9.49499,
            "avg": 9.461215202439398,
            "std": 0.006776852134859438,
            "range": [
                9.45104992423711,
                9.471380480641686
            ]
        },
        "Alpha": {
            "min": 90.0,
            "max": 90.0,
            "avg": 90.0,
            "std": 0.0,
            "range": [
                90.0,
                90.0
            ]
        },
        "Beta": {
            "min": 124.7158,
            "max": 124.7753,
            "avg": 124.74706891026266,
            "std": 0.011139457128213872,
            "range": [
                124.73035972457033,
                124.76377809595498
            ]
        },
        "Gamma": {
            "min": 90.0,
            "max": 90.0,
            "avg": 90.0,
            "std": 0.0,
            "range": [
                90.0,
                90.0
            ]
        },
        "NA": {
            "min": 89.2849,
            "max": 386.438,
            "avg": 184.88010744295124,
            "std": 41.040508271496094,
            "range": [
                123.3193450357071,
                246.44086985019538
            ]
        },
        "NB": {
            "min": 0.0,
            "max": 0.0,
            "avg": 0.0,
            "std": 0.0,
            "range": [
                0.0,
                0.0
            ]
        },
        "NC": {
            "min": 1001.0,
            "max": 1001.0,
            "avg": 1001.0,
            "std": 0.0,
            "range": [
                1001.0,
                1001.0
            ]
        },
        "P1": {
            "min": 14.0,
            "max": 14.0,
            "avg": 14.0,
            "std": 0.0,
            "range": [
                14.0,
                14.0
            ]
        },
        "P2": {
            "min": 0.0,
            "max": 0.0,
            "avg": 0.0,
            "std": 0.0,
            "range": [
                0.0,
                0.0
            ]
        },
        "P3": {
            "min": 0.0,
            "max": 0.0,
            "avg": 0.0,
            "std": 0.0,
            "range": [
                0.0,
                0.0
            ]
        },
        "U": {
            "min": 0.0,
            "max": 0.0,
            "avg": 0.0,
            "std": 0.0,
            "range": [
                0.0,
                0.0
            ]
        },
        "V": {
            "min": 0.0,
            "max": 0.0,
            "avg": 0.0,
            "std": 0.0,
            "range": [
                0.0,
                0.0
            ]
        },
        "W": {
            "min": 0.2152,
            "max": 0.4,
            "avg": 0.352362743584354,
            "std": 0.05057158628516213,
            "range": [
                0.27650536415661076,
                0.4
            ]
        },
        "Z": {
            "min": 0.0,
            "max": 0.0,
            "avg": 0.0,
            "std": 0.0,
            "range": [
                0.0,
                0.0
            ]
        },
        "hh": {
            "min": 0.95,
            "max": 1.1,
            "avg": 1.0095039824334735,
            "std": 0.020693298128597878,
            "range": [
                0.9784640352405767,
                1.0405439296263703
            ]
        },
        "kk": {
            "min": 1.0,
            "max": 1.0,
            "avg": 1.0,
            "std": 0.0,
            "range": [
                1.0,
                1.0
            ]
        },
        "ll": {
            "min": 1.0,
            "max": 1.0,
            "avg": 1.0,
            "std": 0.0,
            "range": [
                1.0,
                1.0
            ]
        },
        "hk": {
            "min": 0.0,
            "max": 0.0,
            "avg": 0.0,
            "std": 0.0,
            "range": [
                0.0,
                0.0
            ]
        },
        "hl": {
            "min": 0.0,
            "max": 0.0,
            "avg": 0.0,
            "std": 0.0,
            "range": [
                0.0,
                0.0
            ]
        },
        "kl": {
            "min": 0.0,
            "max": 0.0,
            "avg": 0.0,
            "std": 0.0,
            "range": [
                0.0,
                0.0
            ]
        },
        "s1": {
            "min": 0.0,
            "max": 0.0,
            "avg": 0.0,
            "std": 0.0,
            "range": [
                0.0,
                0.0
            ]
        },
        "s2": {
            "min": 0.0,
            "max": 0.0,
            "avg": 0.0,
            "std": 0.0,
            "range": [
                0.0,
                0.0
            ]
        },
        "s3": {
            "min": 0.0,
            "max": 0.0,
            "avg": 0.0,
            "std": 0.0,
            "range": [
                0.0,
                0.0
            ]
        },
        "s4": {
            "min": 0.0,
            "max": 0.0,
            "avg": 0.0,
            "std": 0.0,
            "range": [
                0.0,
                0.0
            ]
        },
        "s5": {
            "min": 0.0,
            "max": 0.0,
            "avg": 0.0,
            "std": 0.0,
            "range": [
                0.0,
                0.0
            ]
        },
        "s6": {
            "min": 0.0,
            "max": 0.0,
            "avg": 0.0,
            "std": 0.0,
            "range": [
                0.0,
                0.0
            ]
        }
    },
    "atom_parameters": {
        "Na1 (Na+1)": {
            "X": {
                "min": 0.5,
                "max": 0.5,
                "avg": 0.5,
                "std": 0.0,
                "range": [
                    0.5,
                    0.5
                ]
            },
            "Y": {
                "min": 0.0,
                "max": 0.0,
                "avg": 0.0,
                "std": 0.0,
                "range": [
                    0.0,
                    0.0
                ]
            },
            "Z": {
                "min": 0.5,
                "max": 0.5,
                "avg": 0.5,
                "std": 0.0,
                "range": [
                    0.5,
                    0.5
                ]
            },
            "B": {
                "min": 1.75,
                "max": 1.75,
                "avg": 1.75,
                "std": 0.0,