{
    "phase_name": "gamma-Al2O3",
    "total_entries": 102,
    "phase_parameters": {
        "ESU": {
            "min": 0.06633,
            "max": 0.1952,
            "avg": 0.13115388542855183,
            "std": 0.025391158786703668,
            "range": [
                0.09306714724849632,
                0.16924062360860734
            ]
        },
        "SF": {
            "min": 0.0,
            "max": 0.000108679,
            "avg": 5.110635471883982e-05,
            "std": 2.4651125382505768e-05,
            "range": [
                1.4129666645081172e-05,
                8.808304279259846e-05
            ]
        },
        "A": {
            "min": 7.9,
            "max": 7.937,
            "avg": 7.916679429761391,
            "std": 0.011973845046648173,
            "range": [
                7.9,
                7.934640197331364
            ]
        },
        "B": {
            "min": 7.9,
            "max": 7.937,
            "avg": 7.916679429761391,
            "std": 0.011973845046648173,
            "range": [
                7.9,
                7.934640197331364
            ]
        },
        "C": {
            "min": 7.9,
            "max": 7.937,
            "avg": 7.916679429761391,
            "std": 0.011973845046648173,
            "range": [
                7.9,
                7.934640197331364
            ]
        },
        "Alpha": {
            "min": 90.0,
            "max": 90.0,
            "avg": 90.0,
            "std": 0.0,
            "range": [
                90.0,
                90.0
            ]
        },
        "Beta": {
            "min": 90.0,
            "max": 90.0,
            "avg": 90.0,
            "std": 0.0,
            "range": [
                90.0,
                90.0
            ]
        },
        "Gamma": {
            "min": 90.0,
            "max": 90.0,
            "avg": 90.0,
            "std": 0.0,
            "range": [
                90.0,
                90.0
            ]
        },
        "NA": {
            "min": 45.0,
            "max": 265.1641,
            "avg": 53.22751383573686,
            "std": 32.81699015575178,
            "range": [
                45.0,
                102.45299906936452
            ]
        },
        "NB": {
            "min": 0.0,
            "max": 0.0,
            "avg": 0.0,
            "std": 0.0,
            "range": [
                0.0,
                0.0
            ]
        },
        "NC": {
            "min": 1001.0,
            "max": 1001.0,
            "avg": 1001.0,
            "std": 0.0,
            "range": [
                1001.0,
                1001.0
            ]
        },
        "P1": {
            "min": 14.0,
            "max": 14.0,
            "avg": 14.0,
            "std": 0.0,
            "range": [
                14.0,
                14.0
            ]
        },
        "P2": {
            "min": 0.0,
            "max": 0.0,
            "avg": 0.0,
            "std": 0.0,
            "range": [
                0.0,
                0.0
            ]
        },
        "P3": {
            "min": 0.0,
            "max": 0.0,
            "avg": 0.0,
            "std": 0.0,
            "range": [
                0.0,
                0.0
            ]
        },
        "U": {
            "min": 0.0,
            "max": 0.0,
            "avg": 0.0,
            "std": 0.0,
            "range": [
                0.0,
                0.0
            ]
        },
        "V": {
            "min": 0.0,
            "max": 0.0,
            "avg": 0.0,
            "std": 0.0,
            "range": [
                0.0,
                0.0
            ]
        },
        "W": {
            "min": 0.001,
            "max": 0.35,
            "avg": 0.2356621513944223,
            "std": 0.13208917659664532,
            "range": [
                0.03752838649945431,
                0.35
            ]
        },
        "Z": {
            "min": 0.0,
            "max": 0.0,
            "avg": 0.0,
            "std": 0.0,
            "range": [
                0.0,
                0.0
            ]
        },
        "hh": {
            "min": 1.0,
            "max": 1.0,
            "avg": 1.0,
            "std": 0.0,
            "range": [
                1.0,
                1.0
            ]
        },
        "kk": {
            "min": 1.0,
            "max": 1.0,
            "avg": 1.0,
            "std": 0.0,
            "range": [
                1.0,
                1.0
            ]
        },
        "ll": {
            "min": 1.0,
            "max": 1.0,
            "avg": 1.0,
            "std": 0.0,
            "range": [
                1.0,
                1.0
            ]
        },
        "hk": {
            "min": 0.0,
            "max": 0.0,
            "avg": 0.0,
            "std": 0.0,
            "range": [
                0.0,
                0.0
            ]
        },
        "hl": {
            "min": 0.0,
            "max": 0.0,
            "avg": 0.0,
            "std": 0.0,
            "range": [
                0.0,
                0.0
            ]
        },
        "kl": {
            "min": 0.0,
            "max": 0.0,
            "avg": 0.0,
            "std": 0.0,
            "range": [
                0.0,
                0.0
            ]
        },
        "s1": {
            "min": 0.0,
            "max": 0.0,
            "avg": 0.0,
            "std": 0.0,
            "range": [
                0.0,
                0.0
            ]
        },
        "s2": {
            "min": 0.0,
            "max": 0.0,
            "avg": 0.0,
            "std": 0.0,
            "range": [
                0.0,
                0.0
            ]
        },
        "s3": {
            "min": 0.0,
            "max": 0.0,
            "avg": 0.0,
            "std": 0.0,
            "range": [
                0.0,
                0.0
            ]
        },
        "s4": {
            "min": 0.0,
            "max": 0.0,
            "avg": 0.0,
            "std": 0.0,
            "range": [
                0.0,
                0.0
            ]
        },
        "s5": {
            "min": 0.0,
            "max": 0.0,
            "avg": 0.0,
            "std": 0.0,
            "range": [
                0.0,
                0.0
            ]
        },
        "s6": {
            "min": 0.0,
            "max": 0.0,
            "avg": 0.0,
            "std": 0.0,
            "range": [
                0.0,
                0.0
            ]
        }
    },
    "atom_parameters": {
        "O1 (O)": {
            "X": {
                "min": 0.2547,
                "max": 0.2547,
                "avg": 0.2547,
                "std": 0.0,
                "range": [
                    0.2547,
                    0.2547
                ]
            },
            "Y": {
                "min": 0.2547,
                "max": 0.2547,
                "avg": 0.2547,
                "std": 0.0,
                "range": [
                    0.2547,
                    0.2547
                ]
            },
            "Z": {
                "min": 0.2547,
                "max": 0.2547,
                "avg": 0.2547,
                "std": 0.0,
                "range": [
                    0.2547,
                    0.2547
                ]
            },
            "B": {
                "min": 1.0,
                "max": 1.0,
                "avg": 1.0,
                "std": 0.0,
                "range": [
                    1.0,
                    1.0
                ]
            },
            "N": {
                "min": 1.0,