{
    "phase_name": "Neighborite",
    "total_entries": 102,
    "phase_parameters": {
        "ESU": {
            "min": 0.03827,
            "max": 0.21739,
            "avg": 0.11645257311030809,
            "std": 0.024214158815204365,
            "range": [
                0.08013133488750154,
                0.15277381133311463
            ]
        },
        "SF": {
            "min": 0.0,
            "max": 0.001310493,
            "avg": 0.0005524294047610178,
            "std": 0.0005368408534519357,
            "range": [
                0.0,
                0.001310493
            ]
        },
        "A": {
            "min": 5.488,
            "max": 5.5,
            "avg": 5.49395332377156,
            "std": 0.004080522263131583,
            "range": [
                5.488,
                5.5
            ]
        },
        "B": {
            "min": 7.665,
            "max": 7.69,
            "avg": 7.676235489326826,
            "std": 0.009591430503681043,
            "range": [
                7.665,
                7.69
            ]
        },
        "C": {
            "min": 5.36,
            "max": 5.387,
            "avg": 5.370936742912491,
            "std": 0.008853744158969478,
            "range": [
                5.36,
                5.384217359150945
            ]
        },
        "Alpha": {
            "min": 90.0,
            "max": 90.0,
            "avg": 90.0,
            "std": 0.0,
            "range": [
                90.0,
                90.0
            ]
        },
        "Beta": {
            "min": 90.0,
            "max": 90.0,
            "avg": 90.0,
            "std": 0.0,
            "range": [
                90.0,
                90.0
            ]
        },
        "Gamma": {
            "min": 90.0,
            "max": 90.0,
            "avg": 90.0,
            "std": 0.0,
            "range": [
                90.0,
                90.0
            ]
        },
        "NA": {
            "min": 100.0,
            "max": 350.0,
            "avg": 242.17031011064336,
            "std": 88.32788612715684,
            "range": [
                109.67848091990808,
                350.0
            ]
        },
        "NB": {
            "min": 0.0,
            "max": 0.0,
            "avg": 0.0,
            "std": 0.0,
            "range": [
                0.0,
                0.0
            ]
        },
        "NC": {
            "min": 1001.0,
            "max": 1001.0,
            "avg": 1001.0,
            "std": 0.0,
            "range": [
                1001.0,
                1001.0
            ]
        },
        "P1": {
            "min": 14.0,
            "max": 14.0,
            "avg": 14.0,
            "std": 0.0,
            "range": [
                14.0,
                14.0
            ]
        },
        "P2": {
            "min": 0.0,
            "max": 0.0,
            "avg": 0.0,
            "std": 0.0,
            "range": [
                0.0,
                0.0
            ]
        },
        "P3": {
            "min": 0.0,
            "max": 0.0,
            "avg": 0.0,
            "std": 0.0,
            "range": [
                0.0,
                0.0
            ]
        },
        "U": {
            "min": 0.0,
            "max": 0.0,
            "avg": 0.0,
            "std": 0.0,
            "range": [
                0.0,
                0.0
            ]
        },
        "V": {
            "min": 0.0,
            "max": 0.0,
            "avg": 0.0,
            "std": 0.0,
            "range": [
                0.0,
                0.0
            ]
        },
        "W": {
            "min": 0.001,
            "max": 0.3,
            "avg": 0.1940215810453377,
            "std": 0.09080279799973115,
            "range": [
                0.057817384045740966,
                0.3
            ]
        },
        "Z": {
            "min": 0.0,
            "max": 0.0,
            "avg": 0.0,
            "std": 0.0,
            "range": [
                0.0,
                0.0
            ]
        },
        "hh": {
            "min": 1.0,
            "max": 1.0,
            "avg": 1.0,
            "std": 0.0,
            "range": [
                1.0,
                1.0
            ]
        },
        "kk": {
            "min": 1.0,
            "max": 1.0,
            "avg": 1.0,
            "std": 0.0,
            "range": [
                1.0,
                1.0
            ]
        },
        "ll": {
            "min": 1.0,
            "max": 1.0,
            "avg": 1.0,
            "std": 0.0,
            "range": [
                1.0,
                1.0
            ]
        },
        "hk": {
            "min": 0.0,
            "max": 0.0,
            "avg": 0.0,
            "std": 0.0,
            "range": [
                0.0,
                0.0
            ]
        },
        "hl": {
            "min": 0.0,
            "max": 0.0,
            "avg": 0.0,
            "std": 0.0,
            "range": [
                0.0,
                0.0
            ]
        },
        "kl": {
            "min": 0.0,
            "max": 0.0,
            "avg": 0.0,
            "std": 0.0,
            "range": [
                0.0,
                0.0
            ]
        },
        "s1": {
            "min": 0.0,
            "max": 0.0,
            "avg": 0.0,
            "std": 0.0,
            "range": [
                0.0,
                0.0
            ]
        },
        "s2": {
            "min": 0.0,
            "max": 0.0,
            "avg": 0.0,
            "std": 0.0,
            "range": [
                0.0,
                0.0
            ]
        },
        "s3": {
            "min": 0.0,
            "max": 0.0,
            "avg": 0.0,
            "std": 0.0,
            "range": [
                0.0,
                0.0
            ]
        },
        "s4": {
            "min": 0.0,
            "max": 0.0,
            "avg": 0.0,
            "std": 0.0,
            "range": [
                0.0,
                0.0
            ]
        },
        "s5": {
            "min": 0.0,
            "max": 0.0,
            "avg": 0.0,
            "std": 0.0,
            "range": [
                0.0,
                0.0
            ]
        },
        "s6": {
            "min": 0.0,
            "max": 0.0,
            "avg": 0.0,
            "std": 0.0,
            "range": [
                0.0,
                0.0
            ]
        }
    },
    "atom_parameters": {
        "Na1 (Na+1)": {
            "X": {
                "min": 0.03975,
                "max": 0.03975,
                "avg": 0.03975,
                "std": 0.0,
                "range": [
                    0.03975,
                    0.03975
                ]
            },
            "Y": {
                "min": 0.25,
                "max": 0.25,
                "avg": 0.25,
                "std": 0.0,
                "range": [
                    0.25,
                    0.25
                ]
            },
            "Z": {
                "min": 0.488,
                "max": 0.488,
                "avg": 0.488,
                "std": 0.0,
                "range": [
                    0.488,
                    0.488
                ]
            },
            "B": {
                "min": 1.76232,
                "max": 1.76232,
                "avg": 1.76232,
                "std": 0.0,
                "range": [
                    1.76232,
                    1.76232
                ]
            },
            "N": {
                "min": 1.0,
                "max": 1.0,